<?xml version='1.0' encoding='UTF-8'?>
<gpx version="1.1" creator="https://www.komoot.de" xmlns="http://www.topografix.com/GPX/1/1" xmlns:xsi="http://www.w3.org/2001/XMLSchema-instance" xsi:schemaLocation="http://www.topografix.com/GPX/1/1 http://www.topografix.com/GPX/1/1/gpx.xsd">
  <metadata>
    <name>Tag 10</name>
    <author>
      <link href="https://www.komoot.de">
        <text>komoot</text>
        <type>text/html</type>
      </link>
    </author>
  </metadata>
  <trk>
    <name>Tag 10</name>
    <trkseg>
      <trkpt lat="48.566881" lon="15.343011">
        <ele>611.114069</ele>
        <time>2026-05-10T07:54:43.588Z</time>
      </trkpt>
      <trkpt lat="48.566777" lon="15.342996">
        <ele>611.114069</ele>
        <time>2026-05-10T07:54:49.000Z</time>
      </trkpt>
      <trkpt lat="48.566684" lon="15.342801">
        <ele>611.114069</ele>
        <time>2026-05-10T07:55:13.999Z</time>
      </trkpt>
      <trkpt lat="48.566582" lon="15.342791">
        <ele>611.114069</ele>
        <time>2026-05-10T07:55:17.999Z</time>
      </trkpt>
      <trkpt lat="48.566496" lon="15.342732">
        <ele>611.114069</ele>
        <time>2026-05-10T07:55:20.999Z</time>
      </trkpt>
      <trkpt lat="48.566466" lon="15.342557">
        <ele>611.114069</ele>
        <time>2026-05-10T07:55:23.999Z</time>
      </trkpt>
      <trkpt lat="48.566444" lon="15.342356">
        <ele>611.114069</ele>
        <time>2026-05-10T07:55:26.999Z</time>
      </trkpt>
      <trkpt lat="48.566444" lon="15.342195">
        <ele>611.114069</ele>
        <time>2026-05-10T07:55:28.999Z</time>
      </trkpt>
      <trkpt lat="48.566467" lon="15.342036">
        <ele>610.923071</ele>
        <time>2026-05-10T07:55:30.999Z</time>
      </trkpt>
      <trkpt lat="48.566452" lon="15.341877">
        <ele>610.236518</ele>
        <time>2026-05-10T07:55:32.999Z</time>
      </trkpt>
      <trkpt lat="48.566461" lon="15.341720">
        <ele>609.562873</ele>
        <time>2026-05-10T07:55:34.999Z</time>
      </trkpt>
      <trkpt lat="48.566461" lon="15.341545">
        <ele>608.814796</ele>
        <time>2026-05-10T07:55:36.999Z</time>
      </trkpt>
      <trkpt lat="48.566465" lon="15.341367">
        <ele>608.053456</ele>
        <time>2026-05-10T07:55:38.999Z</time>
      </trkpt>
      <trkpt lat="48.566508" lon="15.341168">
        <ele>607.158585</ele>
        <time>2026-05-10T07:55:40.999Z</time>
      </trkpt>
      <trkpt lat="48.566533" lon="15.340951">
        <ele>606.217017</ele>
        <time>2026-05-10T07:55:42.999Z</time>
      </trkpt>
      <trkpt lat="48.566528" lon="15.340726">
        <ele>605.254663</ele>
        <time>2026-05-10T07:55:44.999Z</time>
      </trkpt>
      <trkpt lat="48.566543" lon="15.340486">
        <ele>604.224165</ele>
        <time>2026-05-10T07:55:46.999Z</time>
      </trkpt>
      <trkpt lat="48.566601" lon="15.340262">
        <ele>603.195939</ele>
        <time>2026-05-10T07:55:48.999Z</time>
      </trkpt>
      <trkpt lat="48.566646" lon="15.340050">
        <ele>602.244220</ele>
        <time>2026-05-10T07:55:50.999Z</time>
      </trkpt>
      <trkpt lat="48.566617" lon="15.339822">
        <ele>601.251746</ele>
        <time>2026-05-10T07:55:52.999Z</time>
      </trkpt>
      <trkpt lat="48.566560" lon="15.339629">
        <ele>600.348290</ele>
        <time>2026-05-10T07:55:54.999Z</time>
      </trkpt>
      <trkpt lat="48.566566" lon="15.339489">
        <ele>599.748576</ele>
        <time>2026-05-10T07:55:56.999Z</time>
      </trkpt>
      <trkpt lat="48.566704" lon="15.339516">
        <ele>599.286986</ele>
        <time>2026-05-10T07:55:58.999Z</time>
      </trkpt>
      <trkpt lat="48.566825" lon="15.339513">
        <ele>599.034721</ele>
        <time>2026-05-10T07:56:00.999Z</time>
      </trkpt>
      <trkpt lat="48.566957" lon="15.339522">
        <ele>598.759279</ele>
        <time>2026-05-10T07:56:02.999Z</time>
      </trkpt>
      <trkpt lat="48.567086" lon="15.339530">
        <ele>598.490145</ele>
        <time>2026-05-10T07:56:04.999Z</time>
      </trkpt>
      <trkpt lat="48.567221" lon="15.339540">
        <ele>598.208391</ele>
        <time>2026-05-10T07:56:06.999Z</time>
      </trkpt>
      <trkpt lat="48.567352" lon="15.339539">
        <ele>597.935311</ele>
        <time>2026-05-10T07:56:08.999Z</time>
      </trkpt>
      <trkpt lat="48.567485" lon="15.339538">
        <ele>597.658061</ele>
        <time>2026-05-10T07:56:10.999Z</time>
      </trkpt>
      <trkpt lat="48.567612" lon="15.339516">
        <ele>597.391588</ele>
        <time>2026-05-10T07:56:12.999Z</time>
      </trkpt>
      <trkpt lat="48.567742" lon="15.339509">
        <ele>597.120424</ele>
        <time>2026-05-10T07:56:14.999Z</time>
      </trkpt>
      <trkpt lat="48.567872" lon="15.339463">
        <ele>596.842101</ele>
        <time>2026-05-10T07:56:16.999Z</time>
      </trkpt>
      <trkpt lat="48.567997" lon="15.339462">
        <ele>596.581528</ele>
        <time>2026-05-10T07:56:18.999Z</time>
      </trkpt>
      <trkpt lat="48.568122" lon="15.339422">
        <ele>596.315180</ele>
        <time>2026-05-10T07:56:20.998Z</time>
      </trkpt>
      <trkpt lat="48.568247" lon="15.339402">
        <ele>596.053154</ele>
        <time>2026-05-10T07:56:22.998Z</time>
      </trkpt>
      <trkpt lat="48.568382" lon="15.339376">
        <ele>595.769462</ele>
        <time>2026-05-10T07:56:24.998Z</time>
      </trkpt>
      <trkpt lat="48.568510" lon="15.339360">
        <ele>595.579813</ele>
        <time>2026-05-10T07:56:26.998Z</time>
      </trkpt>
      <trkpt lat="48.568640" lon="15.339358">
        <ele>595.395452</ele>
        <time>2026-05-10T07:56:28.998Z</time>
      </trkpt>
      <trkpt lat="48.568708" lon="15.339485">
        <ele>595.242152</ele>
        <time>2026-05-10T07:56:30.998Z</time>
      </trkpt>
      <trkpt lat="48.568720" lon="15.339640">
        <ele>595.095712</ele>
        <time>2026-05-10T07:56:32.998Z</time>
      </trkpt>
      <trkpt lat="48.568743" lon="15.339821">
        <ele>594.922762</ele>
        <time>2026-05-10T07:56:35.998Z</time>
      </trkpt>
      <trkpt lat="48.568755" lon="15.339974">
        <ele>594.778186</ele>
        <time>2026-05-10T07:56:38.998Z</time>
      </trkpt>
      <trkpt lat="48.568835" lon="15.340090">
        <ele>594.620964</ele>
        <time>2026-05-10T07:56:41.998Z</time>
      </trkpt>
      <trkpt lat="48.568958" lon="15.340038">
        <ele>594.439843</ele>
        <time>2026-05-10T07:56:44.998Z</time>
      </trkpt>
      <trkpt lat="48.569087" lon="15.340031">
        <ele>594.256792</ele>
        <time>2026-05-10T07:56:47.998Z</time>
      </trkpt>
      <trkpt lat="48.569182" lon="15.340019">
        <ele>594.121605</ele>
        <time>2026-05-10T07:56:49.998Z</time>
      </trkpt>
      <trkpt lat="48.569289" lon="15.339978">
        <ele>593.965068</ele>
        <time>2026-05-10T07:56:51.998Z</time>
      </trkpt>
      <trkpt lat="48.569408" lon="15.339958">
        <ele>593.795276</ele>
        <time>2026-05-10T07:56:53.998Z</time>
      </trkpt>
      <trkpt lat="48.569518" lon="15.339915">
        <ele>593.634153</ele>
        <time>2026-05-10T07:56:56.000Z</time>
      </trkpt>
      <trkpt lat="48.569638" lon="15.339796">
        <ele>593.430617</ele>
        <time>2026-05-10T07:56:58.000Z</time>
      </trkpt>
      <trkpt lat="48.569685" lon="15.339674">
        <ele>593.298149</ele>
        <time>2026-05-10T07:57:00.000Z</time>
      </trkpt>
      <trkpt lat="48.569805" lon="15.339826">
        <ele>593.237379</ele>
        <time>2026-05-10T07:57:01.000Z</time>
      </trkpt>
      <trkpt lat="48.569901" lon="15.339868">
        <ele>593.287361</ele>
        <time>2026-05-10T07:57:03.000Z</time>
      </trkpt>
      <trkpt lat="48.570025" lon="15.339874">
        <ele>593.349407</ele>
        <time>2026-05-10T07:57:06.000Z</time>
      </trkpt>
      <trkpt lat="48.570135" lon="15.339848">
        <ele>593.405089</ele>
        <time>2026-05-10T07:57:09.000Z</time>
      </trkpt>
      <trkpt lat="48.570246" lon="15.339802">
        <ele>593.462651</ele>
        <time>2026-05-10T07:57:12.999Z</time>
      </trkpt>
      <trkpt lat="48.570340" lon="15.339869">
        <ele>593.514628</ele>
        <time>2026-05-10T07:57:36.999Z</time>
      </trkpt>
      <trkpt lat="48.570417" lon="15.339952">
        <ele>593.561928</ele>
        <time>2026-05-10T07:59:57.999Z</time>
      </trkpt>
      <trkpt lat="48.570408" lon="15.339771">
        <ele>593.621995</ele>
        <time>2026-05-10T07:59:59.999Z</time>
      </trkpt>
      <trkpt lat="48.570472" lon="15.340061">
        <ele>593.723160</ele>
        <time>2026-05-10T08:00:00.999Z</time>
      </trkpt>
      <trkpt lat="48.570509" lon="15.340206">
        <ele>593.774588</ele>
        <time>2026-05-10T08:00:03.999Z</time>
      </trkpt>
      <trkpt lat="48.570559" lon="15.340335">
        <ele>593.824062</ele>
        <time>2026-05-10T08:00:06.999Z</time>
      </trkpt>
      <trkpt lat="48.570604" lon="15.340462">
        <ele>593.871736</ele>
        <time>2026-05-10T08:00:09.999Z</time>
      </trkpt>
      <trkpt lat="48.570639" lon="15.340616">
        <ele>593.925620</ele>
        <time>2026-05-10T08:00:12.999Z</time>
      </trkpt>
      <trkpt lat="48.570668" lon="15.340790">
        <ele>593.984999</ele>
        <time>2026-05-10T08:00:15.999Z</time>
      </trkpt>
      <trkpt lat="48.570700" lon="15.340959">
        <ele>594.043170</ele>
        <time>2026-05-10T08:00:18.999Z</time>
      </trkpt>
      <trkpt lat="48.570741" lon="15.341114">
        <ele>594.114107</ele>
        <time>2026-05-10T08:00:21.998Z</time>
      </trkpt>
      <trkpt lat="48.570770" lon="15.341258">
        <ele>594.384180</ele>
        <time>2026-05-10T08:00:24.998Z</time>
      </trkpt>
      <trkpt lat="48.570797" lon="15.341392">
        <ele>594.635509</ele>
        <time>2026-05-10T08:00:27.998Z</time>
      </trkpt>
      <trkpt lat="48.570822" lon="15.341530">
        <ele>594.892228</ele>
        <time>2026-05-10T08:00:30.998Z</time>
      </trkpt>
      <trkpt lat="48.570856" lon="15.341696">
        <ele>595.204015</ele>
        <time>2026-05-10T08:00:34.998Z</time>
      </trkpt>
      <trkpt lat="48.570878" lon="15.341859">
        <ele>595.502499</ele>
        <time>2026-05-10T08:00:38.998Z</time>
      </trkpt>
      <trkpt lat="48.570892" lon="15.342019">
        <ele>595.792077</ele>
        <time>2026-05-10T08:00:42.998Z</time>
      </trkpt>
      <trkpt lat="48.570901" lon="15.342194">
        <ele>596.107017</ele>
        <time>2026-05-10T08:00:46.998Z</time>
      </trkpt>
      <trkpt lat="48.570887" lon="15.342369">
        <ele>596.423296</ele>
        <time>2026-05-10T08:00:50.998Z</time>
      </trkpt>
      <trkpt lat="48.570874" lon="15.342540">
        <ele>596.732130</ele>
        <time>2026-05-10T08:00:54.998Z</time>
      </trkpt>
      <trkpt lat="48.570855" lon="15.342718">
        <ele>597.055634</ele>
        <time>2026-05-10T08:00:58.998Z</time>
      </trkpt>
      <trkpt lat="48.570833" lon="15.342892">
        <ele>597.373481</ele>
        <time>2026-05-10T08:01:02.998Z</time>
      </trkpt>
      <trkpt lat="48.570811" lon="15.343070">
        <ele>597.698381</ele>
        <time>2026-05-10T08:01:06.999Z</time>
      </trkpt>
      <trkpt lat="48.570808" lon="15.343217">
        <ele>597.962260</ele>
        <time>2026-05-10T08:01:09.999Z</time>
      </trkpt>
      <trkpt lat="48.570802" lon="15.343374">
        <ele>598.244427</ele>
        <time>2026-05-10T08:01:12.999Z</time>
      </trkpt>
      <trkpt lat="48.570803" lon="15.343541">
        <ele>598.544078</ele>
        <time>2026-05-10T08:01:15.999Z</time>
      </trkpt>
      <trkpt lat="48.570798" lon="15.343711">
        <ele>598.849401</ele>
        <time>2026-05-10T08:01:18.999Z</time>
      </trkpt>
      <trkpt lat="48.570803" lon="15.343882">
        <ele>598.926793</ele>
        <time>2026-05-10T08:01:21.999Z</time>
      </trkpt>
      <trkpt lat="48.570808" lon="15.344057">
        <ele>598.849679</ele>
        <time>2026-05-10T08:01:24.999Z</time>
      </trkpt>
      <trkpt lat="48.570812" lon="15.344227">
        <ele>598.774791</ele>
        <time>2026-05-10T08:01:27.999Z</time>
      </trkpt>
      <trkpt lat="48.570825" lon="15.344400">
        <ele>598.698139</ele>
        <time>2026-05-10T08:01:30.999Z</time>
      </trkpt>
      <trkpt lat="48.570826" lon="15.344573">
        <ele>598.621974</ele>
        <time>2026-05-10T08:01:33.999Z</time>
      </trkpt>
      <trkpt lat="48.570839" lon="15.344750">
        <ele>598.543573</ele>
        <time>2026-05-10T08:01:36.999Z</time>
      </trkpt>
      <trkpt lat="48.570846" lon="15.344945">
        <ele>598.457599</ele>
        <time>2026-05-10T08:01:39.999Z</time>
      </trkpt>
      <trkpt lat="48.570860" lon="15.345118">
        <ele>598.380870</ele>
        <time>2026-05-10T08:01:42.999Z</time>
      </trkpt>
      <trkpt lat="48.570859" lon="15.345280">
        <ele>598.309548</ele>
        <time>2026-05-10T08:01:45.999Z</time>
      </trkpt>
      <trkpt lat="48.570874" lon="15.345444">
        <ele>598.236661</ele>
        <time>2026-05-10T08:01:48.999Z</time>
      </trkpt>
      <trkpt lat="48.570884" lon="15.345624">
        <ele>598.157139</ele>
        <time>2026-05-10T08:01:51.999Z</time>
      </trkpt>
      <trkpt lat="48.570901" lon="15.345827">
        <ele>598.067057</ele>
        <time>2026-05-10T08:01:54.999Z</time>
      </trkpt>
      <trkpt lat="48.570912" lon="15.345971">
        <ele>598.003241</ele>
        <time>2026-05-10T08:01:56.999Z</time>
      </trkpt>
      <trkpt lat="48.570925" lon="15.346125">
        <ele>597.934895</ele>
        <time>2026-05-10T08:01:58.999Z</time>
      </trkpt>
      <trkpt lat="48.570945" lon="15.346288">
        <ele>597.861912</ele>
        <time>2026-05-10T08:02:00.999Z</time>
      </trkpt>
      <trkpt lat="48.570972" lon="15.346462">
        <ele>597.783232</ele>
        <time>2026-05-10T08:02:02.999Z</time>
      </trkpt>
      <trkpt lat="48.571000" lon="15.346650">
        <ele>597.101180</ele>
        <time>2026-05-10T08:02:04.999Z</time>
      </trkpt>
      <trkpt lat="48.571030" lon="15.346851">
        <ele>596.306658</ele>
        <time>2026-05-10T08:02:06.999Z</time>
      </trkpt>
      <trkpt lat="48.571060" lon="15.347061">
        <ele>595.478248</ele>
        <time>2026-05-10T08:02:08.999Z</time>
      </trkpt>
      <trkpt lat="48.571092" lon="15.347268">
        <ele>594.658569</ele>
        <time>2026-05-10T08:02:10.999Z</time>
      </trkpt>
      <trkpt lat="48.571121" lon="15.347479">
        <ele>593.827596</ele>
        <time>2026-05-10T08:02:12.999Z</time>
      </trkpt>
      <trkpt lat="48.571153" lon="15.347684">
        <ele>593.015426</ele>
        <time>2026-05-10T08:02:14.999Z</time>
      </trkpt>
      <trkpt lat="48.571186" lon="15.347898">
        <ele>592.168139</ele>
        <time>2026-05-10T08:02:16.999Z</time>
      </trkpt>
      <trkpt lat="48.571221" lon="15.348110">
        <ele>591.325616</ele>
        <time>2026-05-10T08:02:18.999Z</time>
      </trkpt>
      <trkpt lat="48.571253" lon="15.348337">
        <ele>590.430671</ele>
        <time>2026-05-10T08:02:20.999Z</time>
      </trkpt>
      <trkpt lat="48.571290" lon="15.348566">
        <ele>589.521715</ele>
        <time>2026-05-10T08:02:22.998Z</time>
      </trkpt>
      <trkpt lat="48.571332" lon="15.348813">
        <ele>588.538351</ele>
        <time>2026-05-10T08:02:24.998Z</time>
      </trkpt>
      <trkpt lat="48.571373" lon="15.349079">
        <ele>587.485210</ele>
        <time>2026-05-10T08:02:26.998Z</time>
      </trkpt>
      <trkpt lat="48.571393" lon="15.349213">
        <ele>586.892325</ele>
        <time>2026-05-10T08:02:27.998Z</time>
      </trkpt>
      <trkpt lat="48.571414" lon="15.349349">
        <ele>586.253229</ele>
        <time>2026-05-10T08:02:28.998Z</time>
      </trkpt>
      <trkpt lat="48.571435" lon="15.349490">
        <ele>585.591829</ele>
        <time>2026-05-10T08:02:29.998Z</time>
      </trkpt>
      <trkpt lat="48.571454" lon="15.349629">
        <ele>584.942296</ele>
        <time>2026-05-10T08:02:30.998Z</time>
      </trkpt>
      <trkpt lat="48.571465" lon="15.349769">
        <ele>584.297116</ele>
        <time>2026-05-10T08:02:31.998Z</time>
      </trkpt>
      <trkpt lat="48.571470" lon="15.349917">
        <ele>583.618945</ele>
        <time>2026-05-10T08:02:32.998Z</time>
      </trkpt>
      <trkpt lat="48.571468" lon="15.350071">
        <ele>582.914062</ele>
        <time>2026-05-10T08:02:33.998Z</time>
      </trkpt>
      <trkpt lat="48.571463" lon="15.350227">
        <ele>582.199326</ele>
        <time>2026-05-10T08:02:34.998Z</time>
      </trkpt>
      <trkpt lat="48.571449" lon="15.350371">
        <ele>581.533267</ele>
        <time>2026-05-10T08:02:35.998Z</time>
      </trkpt>
      <trkpt lat="48.571427" lon="15.350520">
        <ele>580.834632</ele>
        <time>2026-05-10T08:02:36.998Z</time>
      </trkpt>
      <trkpt lat="48.571400" lon="15.350672">
        <ele>580.114408</ele>
        <time>2026-05-10T08:02:37.998Z</time>
      </trkpt>
      <trkpt lat="48.571348" lon="15.350818">
        <ele>579.355629</ele>
        <time>2026-05-10T08:02:38.998Z</time>
      </trkpt>
      <trkpt lat="48.571323" lon="15.350979">
        <ele>578.598830</ele>
        <time>2026-05-10T08:02:39.998Z</time>
      </trkpt>
      <trkpt lat="48.571281" lon="15.351134">
        <ele>577.832333</ele>
        <time>2026-05-10T08:02:40.998Z</time>
      </trkpt>
      <trkpt lat="48.571230" lon="15.351286">
        <ele>577.052418</ele>
        <time>2026-05-10T08:02:41.998Z</time>
      </trkpt>
      <trkpt lat="48.571186" lon="15.351449">
        <ele>576.246797</ele>
        <time>2026-05-10T08:02:42.998Z</time>
      </trkpt>
      <trkpt lat="48.571129" lon="15.351608">
        <ele>575.419237</ele>
        <time>2026-05-10T08:02:43.998Z</time>
      </trkpt>
      <trkpt lat="48.571087" lon="15.351766">
        <ele>574.727320</ele>
        <time>2026-05-10T08:02:44.998Z</time>
      </trkpt>
      <trkpt lat="48.571040" lon="15.351919">
        <ele>574.269892</ele>
        <time>2026-05-10T08:02:45.998Z</time>
      </trkpt>
      <trkpt lat="48.570998" lon="15.352062">
        <ele>573.845627</ele>
        <time>2026-05-10T08:02:46.998Z</time>
      </trkpt>
      <trkpt lat="48.570961" lon="15.352211">
        <ele>573.414060</ele>
        <time>2026-05-10T08:02:47.998Z</time>
      </trkpt>
      <trkpt lat="48.570933" lon="15.352357">
        <ele>573.001850</ele>
        <time>2026-05-10T08:02:48.998Z</time>
      </trkpt>
      <trkpt lat="48.570906" lon="15.352493">
        <ele>572.616810</ele>
        <time>2026-05-10T08:02:49.998Z</time>
      </trkpt>
      <trkpt lat="48.570863" lon="15.352741">
        <ele>571.921589</ele>
        <time>2026-05-10T08:02:51.998Z</time>
      </trkpt>
      <trkpt lat="48.570828" lon="15.352974">
        <ele>571.273672</ele>
        <time>2026-05-10T08:02:53.998Z</time>
      </trkpt>
      <trkpt lat="48.570794" lon="15.353203">
        <ele>570.637238</ele>
        <time>2026-05-10T08:02:55.998Z</time>
      </trkpt>
      <trkpt lat="48.570757" lon="15.353427">
        <ele>570.011163</ele>
        <time>2026-05-10T08:02:57.998Z</time>
      </trkpt>
      <trkpt lat="48.570729" lon="15.353658">
        <ele>569.374322</ele>
        <time>2026-05-10T08:02:59.998Z</time>
      </trkpt>
      <trkpt lat="48.570713" lon="15.353903">
        <ele>568.706711</ele>
        <time>2026-05-10T08:03:01.998Z</time>
      </trkpt>
      <trkpt lat="48.570703" lon="15.354146">
        <ele>568.046479</ele>
        <time>2026-05-10T08:03:03.998Z</time>
      </trkpt>
      <trkpt lat="48.570705" lon="15.354391">
        <ele>567.273673</ele>
        <time>2026-05-10T08:03:05.998Z</time>
      </trkpt>
      <trkpt lat="48.570700" lon="15.354657">
        <ele>565.777979</ele>
        <time>2026-05-10T08:03:07.998Z</time>
      </trkpt>
      <trkpt lat="48.570710" lon="15.354884">
        <ele>564.499270</ele>
        <time>2026-05-10T08:03:09.998Z</time>
      </trkpt>
      <trkpt lat="48.570713" lon="15.355053">
        <ele>563.549040</ele>
        <time>2026-05-10T08:03:10.998Z</time>
      </trkpt>
      <trkpt lat="48.570722" lon="15.355199">
        <ele>562.724874</ele>
        <time>2026-05-10T08:03:11.998Z</time>
      </trkpt>
      <trkpt lat="48.570733" lon="15.355344">
        <ele>561.904543</ele>
        <time>2026-05-10T08:03:12.999Z</time>
      </trkpt>
      <trkpt lat="48.570740" lon="15.355492">
        <ele>561.070566</ele>
        <time>2026-05-10T08:03:13.999Z</time>
      </trkpt>
      <trkpt lat="48.570747" lon="15.355644">
        <ele>560.214163</ele>
        <time>2026-05-10T08:03:14.999Z</time>
      </trkpt>
      <trkpt lat="48.570758" lon="15.355804">
        <ele>559.310020</ele>
        <time>2026-05-10T08:03:15.998Z</time>
      </trkpt>
      <trkpt lat="48.570767" lon="15.355959">
        <ele>558.435475</ele>
        <time>2026-05-10T08:03:16.998Z</time>
      </trkpt>
      <trkpt lat="48.570775" lon="15.356117">
        <ele>557.544819</ele>
        <time>2026-05-10T08:03:17.998Z</time>
      </trkpt>
      <trkpt lat="48.570778" lon="15.356285">
        <ele>556.600209</ele>
        <time>2026-05-10T08:03:18.998Z</time>
      </trkpt>
      <trkpt lat="48.570777" lon="15.356461">
        <ele>555.610941</ele>
        <time>2026-05-10T08:03:19.998Z</time>
      </trkpt>
      <trkpt lat="48.570776" lon="15.356632">
        <ele>554.649776</ele>
        <time>2026-05-10T08:03:20.998Z</time>
      </trkpt>
      <trkpt lat="48.570772" lon="15.356814">
        <ele>553.626257</ele>
        <time>2026-05-10T08:03:21.998Z</time>
      </trkpt>
      <trkpt lat="48.570766" lon="15.356996">
        <ele>552.602033</ele>
        <time>2026-05-10T08:03:22.998Z</time>
      </trkpt>
      <trkpt lat="48.570759" lon="15.357179">
        <ele>552.258186</ele>
        <time>2026-05-10T08:03:23.998Z</time>
      </trkpt>
      <trkpt lat="48.570732" lon="15.357382">
        <ele>552.356214</ele>
        <time>2026-05-10T08:03:24.998Z</time>
      </trkpt>
      <trkpt lat="48.570717" lon="15.357567">
        <ele>552.444454</ele>
        <time>2026-05-10T08:03:25.998Z</time>
      </trkpt>
      <trkpt lat="48.570730" lon="15.357731">
        <ele>552.522652</ele>
        <time>2026-05-10T08:03:26.998Z</time>
      </trkpt>
      <trkpt lat="48.570747" lon="15.357901">
        <ele>552.604049</ele>
        <time>2026-05-10T08:03:27.999Z</time>
      </trkpt>
      <trkpt lat="48.570770" lon="15.358062">
        <ele>552.682027</ele>
        <time>2026-05-10T08:03:28.999Z</time>
      </trkpt>
      <trkpt lat="48.570805" lon="15.358214">
        <ele>552.758221</ele>
        <time>2026-05-10T08:03:29.999Z</time>
      </trkpt>
      <trkpt lat="48.570849" lon="15.358348">
        <ele>552.829042</ele>
        <time>2026-05-10T08:03:30.999Z</time>
      </trkpt>
      <trkpt lat="48.570884" lon="15.358480">
        <ele>552.896365</ele>
        <time>2026-05-10T08:03:31.999Z</time>
      </trkpt>
      <trkpt lat="48.570928" lon="15.358601">
        <ele>552.961730</ele>
        <time>2026-05-10T08:03:32.999Z</time>
      </trkpt>
      <trkpt lat="48.570980" lon="15.358718">
        <ele>553.028456</ele>
        <time>2026-05-10T08:03:33.999Z</time>
      </trkpt>
      <trkpt lat="48.571053" lon="15.358951">
        <ele>553.150505</ele>
        <time>2026-05-10T08:03:35.999Z</time>
      </trkpt>
      <trkpt lat="48.571123" lon="15.359140">
        <ele>553.253046</ele>
        <time>2026-05-10T08:03:37.999Z</time>
      </trkpt>
      <trkpt lat="48.571201" lon="15.359317">
        <ele>553.353725</ele>
        <time>2026-05-10T08:03:39.999Z</time>
      </trkpt>
      <trkpt lat="48.571250" lon="15.359474">
        <ele>553.435906</ele>
        <time>2026-05-10T08:03:41.999Z</time>
      </trkpt>
      <trkpt lat="48.571295" lon="15.359627">
        <ele>553.668331</ele>
        <time>2026-05-10T08:03:43.999Z</time>
      </trkpt>
      <trkpt lat="48.571341" lon="15.359759">
        <ele>554.200808</ele>
        <time>2026-05-10T08:03:45.999Z</time>
      </trkpt>
      <trkpt lat="48.571403" lon="15.359924">
        <ele>554.878056</ele>
        <time>2026-05-10T08:03:48.999Z</time>
      </trkpt>
      <trkpt lat="48.571467" lon="15.360064">
        <ele>555.485395</ele>
        <time>2026-05-10T08:03:51.999Z</time>
      </trkpt>
      <trkpt lat="48.571520" lon="15.360190">
        <ele>556.018287</ele>
        <time>2026-05-10T08:03:54.999Z</time>
      </trkpt>
      <trkpt lat="48.571584" lon="15.360316">
        <ele>556.585226</ele>
        <time>2026-05-10T08:03:57.999Z</time>
      </trkpt>
      <trkpt lat="48.571624" lon="15.360487">
        <ele>557.232569</ele>
        <time>2026-05-10T08:04:01.999Z</time>
      </trkpt>
      <trkpt lat="48.571678" lon="15.360641">
        <ele>557.854629</ele>
        <time>2026-05-10T08:04:05.999Z</time>
      </trkpt>
      <trkpt lat="48.571712" lon="15.360776">
        <ele>558.370187</ele>
        <time>2026-05-10T08:04:09.999Z</time>
      </trkpt>
      <trkpt lat="48.571746" lon="15.360907">
        <ele>558.872428</ele>
        <time>2026-05-10T08:04:13.999Z</time>
      </trkpt>
      <trkpt lat="48.571773" lon="15.361045">
        <ele>559.386052</ele>
        <time>2026-05-10T08:04:17.999Z</time>
      </trkpt>
      <trkpt lat="48.571802" lon="15.361207">
        <ele>559.985040</ele>
        <time>2026-05-10T08:04:21.999Z</time>
      </trkpt>
      <trkpt lat="48.571843" lon="15.361351">
        <ele>560.544560</ele>
        <time>2026-05-10T08:04:25.999Z</time>
      </trkpt>
      <trkpt lat="48.571863" lon="15.361495">
        <ele>561.069717</ele>
        <time>2026-05-10T08:04:29.998Z</time>
      </trkpt>
      <trkpt lat="48.571880" lon="15.361663">
        <ele>561.676304</ele>
        <time>2026-05-10T08:04:34.998Z</time>
      </trkpt>
      <trkpt lat="48.571902" lon="15.361806">
        <ele>562.200305</ele>
        <time>2026-05-10T08:04:38.998Z</time>
      </trkpt>
      <trkpt lat="48.571921" lon="15.361943">
        <ele>562.699902</ele>
        <time>2026-05-10T08:04:42.998Z</time>
      </trkpt>
      <trkpt lat="48.571919" lon="15.362111">
        <ele>563.183388</ele>
        <time>2026-05-10T08:04:46.998Z</time>
      </trkpt>
      <trkpt lat="48.571923" lon="15.362252">
        <ele>563.134135</ele>
        <time>2026-05-10T08:04:50.998Z</time>
      </trkpt>
      <trkpt lat="48.571923" lon="15.362408">
        <ele>563.079692</ele>
        <time>2026-05-10T08:04:54.998Z</time>
      </trkpt>
      <trkpt lat="48.571917" lon="15.362545">
        <ele>563.031775</ele>
        <time>2026-05-10T08:04:57.998Z</time>
      </trkpt>
      <trkpt lat="48.571906" lon="15.362720">
        <ele>562.970425</ele>
        <time>2026-05-10T08:05:00.998Z</time>
      </trkpt>
      <trkpt lat="48.571889" lon="15.362894">
        <ele>562.909042</ele>
        <time>2026-05-10T08:05:03.998Z</time>
      </trkpt>
      <trkpt lat="48.571864" lon="15.363085">
        <ele>562.841092</ele>
        <time>2026-05-10T08:05:06.998Z</time>
      </trkpt>
      <trkpt lat="48.571841" lon="15.363234">
        <ele>562.787695</ele>
        <time>2026-05-10T08:05:08.998Z</time>
      </trkpt>
      <trkpt lat="48.571813" lon="15.363394">
        <ele>562.729936</ele>
        <time>2026-05-10T08:05:10.998Z</time>
      </trkpt>
      <trkpt lat="48.571776" lon="15.363567">
        <ele>562.666484</ele>
        <time>2026-05-10T08:05:12.998Z</time>
      </trkpt>
      <trkpt lat="48.571735" lon="15.363742">
        <ele>562.601694</ele>
        <time>2026-05-10T08:05:14.998Z</time>
      </trkpt>
      <trkpt lat="48.571685" lon="15.363922">
        <ele>562.533564</ele>
        <time>2026-05-10T08:05:16.998Z</time>
      </trkpt>
      <trkpt lat="48.571626" lon="15.364101">
        <ele>562.463772</ele>
        <time>2026-05-10T08:05:18.999Z</time>
      </trkpt>
      <trkpt lat="48.571542" lon="15.364250">
        <ele>562.395456</ele>
        <time>2026-05-10T08:05:20.999Z</time>
      </trkpt>
      <trkpt lat="48.571422" lon="15.364344">
        <ele>562.324167</ele>
        <time>2026-05-10T08:05:22.999Z</time>
      </trkpt>
      <trkpt lat="48.571280" lon="15.364376">
        <ele>562.248443</ele>
        <time>2026-05-10T08:05:24.999Z</time>
      </trkpt>
      <trkpt lat="48.571135" lon="15.364340">
        <ele>561.749913</ele>
        <time>2026-05-10T08:05:26.999Z</time>
      </trkpt>
      <trkpt lat="48.570998" lon="15.364308">
        <ele>561.261511</ele>
        <time>2026-05-10T08:05:28.999Z</time>
      </trkpt>
      <trkpt lat="48.570849" lon="15.364335">
        <ele>560.732803</ele>
        <time>2026-05-10T08:05:30.999Z</time>
      </trkpt>
      <trkpt lat="48.570722" lon="15.364441">
        <ele>560.221661</ele>
        <time>2026-05-10T08:05:32.999Z</time>
      </trkpt>
      <trkpt lat="48.570655" lon="15.364574">
        <ele>559.831975</ele>
        <time>2026-05-10T08:05:33.999Z</time>
      </trkpt>
      <trkpt lat="48.570653" lon="15.364755">
        <ele>559.409960</ele>
        <time>2026-05-10T08:05:34.999Z</time>
      </trkpt>
      <trkpt lat="48.570646" lon="15.365027">
        <ele>558.775381</ele>
        <time>2026-05-10T08:05:36.999Z</time>
      </trkpt>
      <trkpt lat="48.570614" lon="15.365263">
        <ele>558.213773</ele>
        <time>2026-05-10T08:05:38.999Z</time>
      </trkpt>
      <trkpt lat="48.570608" lon="15.365532">
        <ele>557.586310</ele>
        <time>2026-05-10T08:05:40.999Z</time>
      </trkpt>
      <trkpt lat="48.570569" lon="15.365656">
        <ele>557.266242</ele>
        <time>2026-05-10T08:05:41.999Z</time>
      </trkpt>
      <trkpt lat="48.570468" lon="15.365910">
        <ele>556.575409</ele>
        <time>2026-05-10T08:05:43.999Z</time>
      </trkpt>
      <trkpt lat="48.570363" lon="15.366121">
        <ele>555.959934</ele>
        <time>2026-05-10T08:05:45.999Z</time>
      </trkpt>
      <trkpt lat="48.570285" lon="15.366219">
        <ele>555.069268</ele>
        <time>2026-05-10T08:05:46.999Z</time>
      </trkpt>
      <trkpt lat="48.570225" lon="15.366349">
        <ele>554.055005</ele>
        <time>2026-05-10T08:05:47.999Z</time>
      </trkpt>
      <trkpt lat="48.570174" lon="15.366474">
        <ele>553.115275</ele>
        <time>2026-05-10T08:05:48.999Z</time>
      </trkpt>
      <trkpt lat="48.570056" lon="15.366662">
        <ele>551.457098</ele>
        <time>2026-05-10T08:05:50.999Z</time>
      </trkpt>
      <trkpt lat="48.569994" lon="15.366831">
        <ele>550.220541</ele>
        <time>2026-05-10T08:05:51.999Z</time>
      </trkpt>
      <trkpt lat="48.569939" lon="15.366974">
        <ele>549.162102</ele>
        <time>2026-05-10T08:05:52.999Z</time>
      </trkpt>
      <trkpt lat="48.569886" lon="15.367118">
        <ele>548.107661</ele>
        <time>2026-05-10T08:05:53.999Z</time>
      </trkpt>
      <trkpt lat="48.569830" lon="15.367247">
        <ele>547.120371</ele>
        <time>2026-05-10T08:05:54.999Z</time>
      </trkpt>
      <trkpt lat="48.569783" lon="15.367379">
        <ele>546.161148</ele>
        <time>2026-05-10T08:05:55.999Z</time>
      </trkpt>
      <trkpt lat="48.569742" lon="15.367506">
        <ele>545.256881</ele>
        <time>2026-05-10T08:05:56.999Z</time>
      </trkpt>
      <trkpt lat="48.569707" lon="15.367641">
        <ele>544.329042</ele>
        <time>2026-05-10T08:05:57.999Z</time>
      </trkpt>
      <trkpt lat="48.569662" lon="15.367799">
        <ele>543.228284</ele>
        <time>2026-05-10T08:05:58.999Z</time>
      </trkpt>
      <trkpt lat="48.569610" lon="15.367943">
        <ele>542.178505</ele>
        <time>2026-05-10T08:05:59.999Z</time>
      </trkpt>
      <trkpt lat="48.569574" lon="15.368080">
        <ele>541.235209</ele>
        <time>2026-05-10T08:06:00.999Z</time>
      </trkpt>
      <trkpt lat="48.569536" lon="15.368221">
        <ele>540.260948</ele>
        <time>2026-05-10T08:06:01.999Z</time>
      </trkpt>
      <trkpt lat="48.569488" lon="15.368369">
        <ele>539.206215</ele>
        <time>2026-05-10T08:06:02.999Z</time>
      </trkpt>
      <trkpt lat="48.569435" lon="15.368504">
        <ele>538.384687</ele>
        <time>2026-05-10T08:06:03.999Z</time>
      </trkpt>
      <trkpt lat="48.569381" lon="15.368630">
        <ele>537.987083</ele>
        <time>2026-05-10T08:06:04.999Z</time>
      </trkpt>
      <trkpt lat="48.569307" lon="15.368722">
        <ele>537.603538</ele>
        <time>2026-05-10T08:06:05.999Z</time>
      </trkpt>
      <trkpt lat="48.569250" lon="15.368833">
        <ele>537.231402</ele>
        <time>2026-05-10T08:06:06.999Z</time>
      </trkpt>
      <trkpt lat="48.569163" lon="15.368936">
        <ele>536.789037</ele>
        <time>2026-05-10T08:06:07.999Z</time>
      </trkpt>
      <trkpt lat="48.569067" lon="15.369014">
        <ele>536.352768</ele>
        <time>2026-05-10T08:06:08.999Z</time>
      </trkpt>
      <trkpt lat="48.568981" lon="15.369101">
        <ele>535.938534</ele>
        <time>2026-05-10T08:06:09.999Z</time>
      </trkpt>
      <trkpt lat="48.568889" lon="15.369185">
        <ele>535.508300</ele>
        <time>2026-05-10T08:06:10.999Z</time>
      </trkpt>
      <trkpt lat="48.568796" lon="15.369252">
        <ele>535.095920</ele>
        <time>2026-05-10T08:06:11.999Z</time>
      </trkpt>
      <trkpt lat="48.568701" lon="15.369287">
        <ele>534.704532</ele>
        <time>2026-05-10T08:06:12.999Z</time>
      </trkpt>
      <trkpt lat="48.568557" lon="15.369215">
        <ele>534.097424</ele>
        <time>2026-05-10T08:06:14.999Z</time>
      </trkpt>
      <trkpt lat="48.568424" lon="15.369092">
        <ele>533.473300</ele>
        <time>2026-05-10T08:06:16.999Z</time>
      </trkpt>
      <trkpt lat="48.568351" lon="15.368923">
        <ele>532.938752</ele>
        <time>2026-05-10T08:06:18.999Z</time>
      </trkpt>
      <trkpt lat="48.568252" lon="15.368762">
        <ele>532.356629</ele>
        <time>2026-05-10T08:06:20.999Z</time>
      </trkpt>
      <trkpt lat="48.568132" lon="15.368649">
        <ele>531.790693</ele>
        <time>2026-05-10T08:06:22.999Z</time>
      </trkpt>
      <trkpt lat="48.567994" lon="15.368595">
        <ele>531.356990</ele>
        <time>2026-05-10T08:06:24.999Z</time>
      </trkpt>
      <trkpt lat="48.567870" lon="15.368522">
        <ele>531.596063</ele>
        <time>2026-05-10T08:06:26.999Z</time>
      </trkpt>
      <trkpt lat="48.567743" lon="15.368475">
        <ele>531.830961</ele>
        <time>2026-05-10T08:06:28.999Z</time>
      </trkpt>
      <trkpt lat="48.567619" lon="15.368452">
        <ele>532.055400</ele>
        <time>2026-05-10T08:06:30.999Z</time>
      </trkpt>
      <trkpt lat="48.567496" lon="15.368454">
        <ele>532.276382</ele>
        <time>2026-05-10T08:06:32.998Z</time>
      </trkpt>
      <trkpt lat="48.567384" lon="15.368496">
        <ele>532.483694</ele>
        <time>2026-05-10T08:06:34.998Z</time>
      </trkpt>
      <trkpt lat="48.567288" lon="15.368548">
        <ele>532.666903</ele>
        <time>2026-05-10T08:06:36.998Z</time>
      </trkpt>
      <trkpt lat="48.567191" lon="15.368605">
        <ele>532.853875</ele>
        <time>2026-05-10T08:06:38.998Z</time>
      </trkpt>
      <trkpt lat="48.567092" lon="15.368701">
        <ele>533.065197</ele>
        <time>2026-05-10T08:06:40.998Z</time>
      </trkpt>
      <trkpt lat="48.567006" lon="15.368809">
        <ele>533.266082</ele>
        <time>2026-05-10T08:06:42.998Z</time>
      </trkpt>
      <trkpt lat="48.566948" lon="15.368915">
        <ele>533.429597</ele>
        <time>2026-05-10T08:06:44.998Z</time>
      </trkpt>
      <trkpt lat="48.566849" lon="15.369027">
        <ele>533.651769</ele>
        <time>2026-05-10T08:06:46.998Z</time>
      </trkpt>
      <trkpt lat="48.566769" lon="15.369153">
        <ele>533.859359</ele>
        <time>2026-05-10T08:06:48.998Z</time>
      </trkpt>
      <trkpt lat="48.566697" lon="15.369257">
        <ele>534.038293</ele>
        <time>2026-05-10T08:06:50.998Z</time>
      </trkpt>
      <trkpt lat="48.566620" lon="15.369369">
        <ele>534.230293</ele>
        <time>2026-05-10T08:06:52.998Z</time>
      </trkpt>
      <trkpt lat="48.566546" lon="15.369470">
        <ele>534.409432</ele>
        <time>2026-05-10T08:06:54.998Z</time>
      </trkpt>
      <trkpt lat="48.566489" lon="15.369576">
        <ele>534.559348</ele>
        <time>2026-05-10T08:06:56.998Z</time>
      </trkpt>
      <trkpt lat="48.566413" lon="15.369676">
        <ele>534.653461</ele>
        <time>2026-05-10T08:06:58.998Z</time>
      </trkpt>
      <trkpt lat="48.566339" lon="15.369769">
        <ele>534.743347</ele>
        <time>2026-05-10T08:07:00.998Z</time>
      </trkpt>
      <trkpt lat="48.566267" lon="15.369851">
        <ele>534.827546</ele>
        <time>2026-05-10T08:07:02.998Z</time>
      </trkpt>
      <trkpt lat="48.566158" lon="15.369988">
        <ele>534.959951</ele>
        <time>2026-05-10T08:07:05.998Z</time>
      </trkpt>
      <trkpt lat="48.566044" lon="15.370102">
        <ele>535.087618</ele>
        <time>2026-05-10T08:07:08.998Z</time>
      </trkpt>
      <trkpt lat="48.565940" lon="15.370207">
        <ele>535.204427</ele>
        <time>2026-05-10T08:07:11.998Z</time>
      </trkpt>
      <trkpt lat="48.565869" lon="15.370302">
        <ele>535.292992</ele>
        <time>2026-05-10T08:07:13.998Z</time>
      </trkpt>
      <trkpt lat="48.565801" lon="15.370396">
        <ele>535.379061</ele>
        <time>2026-05-10T08:07:15.998Z</time>
      </trkpt>
      <trkpt lat="48.565720" lon="15.370495">
        <ele>535.476354</ele>
        <time>2026-05-10T08:07:17.998Z</time>
      </trkpt>
      <trkpt lat="48.565636" lon="15.370583">
        <ele>535.571811</ele>
        <time>2026-05-10T08:07:19.998Z</time>
      </trkpt>
      <trkpt lat="48.565554" lon="15.370686">
        <ele>535.671393</ele>
        <time>2026-05-10T08:07:21.998Z</time>
      </trkpt>
      <trkpt lat="48.565474" lon="15.370802">
        <ele>535.774938</ele>
        <time>2026-05-10T08:07:23.998Z</time>
      </trkpt>
      <trkpt lat="48.565366" lon="15.370929">
        <ele>535.902742</ele>
        <time>2026-05-10T08:07:27.999Z</time>
      </trkpt>
      <trkpt lat="48.565271" lon="15.371066">
        <ele>536.025381</ele>
        <time>2026-05-10T08:07:30.999Z</time>
      </trkpt>
      <trkpt lat="48.565192" lon="15.371190">
        <ele>536.131759</ele>
        <time>2026-05-10T08:07:32.999Z</time>
      </trkpt>
      <trkpt lat="48.565126" lon="15.371308">
        <ele>536.226213</ele>
        <time>2026-05-10T08:07:35.999Z</time>
      </trkpt>
      <trkpt lat="48.565069" lon="15.371417">
        <ele>536.257432</ele>
        <time>2026-05-10T08:07:37.999Z</time>
      </trkpt>
      <trkpt lat="48.565003" lon="15.371557">
        <ele>536.296060</ele>
        <time>2026-05-10T08:07:39.999Z</time>
      </trkpt>
      <trkpt lat="48.564932" lon="15.371693">
        <ele>536.334988</ele>
        <time>2026-05-10T08:07:43.999Z</time>
      </trkpt>
      <trkpt lat="48.564831" lon="15.371879">
        <ele>536.389057</ele>
        <time>2026-05-10T08:07:46.999Z</time>
      </trkpt>
      <trkpt lat="48.564754" lon="15.371992">
        <ele>536.425506</ele>
        <time>2026-05-10T08:07:48.999Z</time>
      </trkpt>
      <trkpt lat="48.564667" lon="15.372145">
        <ele>536.470838</ele>
        <time>2026-05-10T08:07:51.999Z</time>
      </trkpt>
      <trkpt lat="48.564607" lon="15.372252">
        <ele>536.502355</ele>
        <time>2026-05-10T08:07:53.999Z</time>
      </trkpt>
      <trkpt lat="48.564525" lon="15.372398">
        <ele>536.545389</ele>
        <time>2026-05-10T08:07:56.999Z</time>
      </trkpt>
      <trkpt lat="48.564446" lon="15.372553">
        <ele>536.589354</ele>
        <time>2026-05-10T08:07:58.999Z</time>
      </trkpt>
      <trkpt lat="48.564365" lon="15.372692">
        <ele>536.630975</ele>
        <time>2026-05-10T08:08:01.999Z</time>
      </trkpt>
      <trkpt lat="48.564304" lon="15.372810">
        <ele>536.664625</ele>
        <time>2026-05-10T08:08:03.999Z</time>
      </trkpt>
      <trkpt lat="48.564251" lon="15.372927">
        <ele>536.696488</ele>
        <time>2026-05-10T08:08:05.999Z</time>
      </trkpt>
      <trkpt lat="48.564166" lon="15.373067">
        <ele>536.739184</ele>
        <time>2026-05-10T08:08:08.999Z</time>
      </trkpt>
      <trkpt lat="48.564094" lon="15.373235">
        <ele>536.784164</ele>
        <time>2026-05-10T08:08:11.999Z</time>
      </trkpt>
      <trkpt lat="48.564043" lon="15.373375">
        <ele>536.820077</ele>
        <time>2026-05-10T08:08:13.999Z</time>
      </trkpt>
      <trkpt lat="48.563984" lon="15.373539">
        <ele>536.906863</ele>
        <time>2026-05-10T08:08:16.999Z</time>
      </trkpt>
      <trkpt lat="48.563939" lon="15.373679">
        <ele>537.003048</ele>
        <time>2026-05-10T08:08:18.999Z</time>
      </trkpt>
      <trkpt lat="48.563885" lon="15.373803">
        <ele>537.094783</ele>
        <time>2026-05-10T08:08:20.999Z</time>
      </trkpt>
      <trkpt lat="48.563821" lon="15.374000">
        <ele>537.230408</ele>
        <time>2026-05-10T08:08:23.999Z</time>
      </trkpt>
      <trkpt lat="48.563769" lon="15.374186">
        <ele>537.355192</ele>
        <time>2026-05-10T08:08:26.999Z</time>
      </trkpt>
      <trkpt lat="48.563711" lon="15.374299">
        <ele>537.443569</ele>
        <time>2026-05-10T08:08:28.999Z</time>
      </trkpt>
      <trkpt lat="48.563661" lon="15.374420">
        <ele>537.531728</ele>
        <time>2026-05-10T08:08:30.999Z</time>
      </trkpt>
      <trkpt lat="48.563604" lon="15.374539">
        <ele>537.622512</ele>
        <time>2026-05-10T08:08:32.999Z</time>
      </trkpt>
      <trkpt lat="48.563530" lon="15.374684">
        <ele>537.735673</ele>
        <time>2026-05-10T08:08:36.999Z</time>
      </trkpt>
      <trkpt lat="48.563450" lon="15.374826">
        <ele>537.850922</ele>
        <time>2026-05-10T08:08:39.998Z</time>
      </trkpt>
      <trkpt lat="48.563383" lon="15.374943">
        <ele>537.946541</ele>
        <time>2026-05-10T08:08:41.998Z</time>
      </trkpt>
      <trkpt lat="48.563279" lon="15.375042">
        <ele>538.061325</ele>
        <time>2026-05-10T08:08:43.998Z</time>
      </trkpt>
      <trkpt lat="48.563199" lon="15.375105">
        <ele>538.145569</ele>
        <time>2026-05-10T08:08:45.998Z</time>
      </trkpt>
      <trkpt lat="48.563111" lon="15.375166">
        <ele>538.235982</ele>
        <time>2026-05-10T08:08:47.998Z</time>
      </trkpt>
      <trkpt lat="48.563007" lon="15.375235">
        <ele>538.342050</ele>
        <time>2026-05-10T08:08:50.998Z</time>
      </trkpt>
      <trkpt lat="48.562920" lon="15.375279">
        <ele>538.427724</ele>
        <time>2026-05-10T08:08:53.998Z</time>
      </trkpt>
      <trkpt lat="48.562833" lon="15.375322">
        <ele>538.513204</ele>
        <time>2026-05-10T08:08:55.998Z</time>
      </trkpt>
      <trkpt lat="48.562710" lon="15.375397">
        <ele>538.796606</ele>
        <time>2026-05-10T08:08:57.998Z</time>
      </trkpt>
      <trkpt lat="48.562619" lon="15.375421">
        <ele>538.996594</ele>
        <time>2026-05-10T08:08:59.998Z</time>
      </trkpt>
      <trkpt lat="48.562529" lon="15.375457">
        <ele>539.198151</ele>
        <time>2026-05-10T08:09:01.998Z</time>
      </trkpt>
      <trkpt lat="48.562435" lon="15.375488">
        <ele>539.406446</ele>
        <time>2026-05-10T08:09:03.998Z</time>
      </trkpt>
      <trkpt lat="48.562340" lon="15.375531">
        <ele>539.621145</ele>
        <time>2026-05-10T08:09:06.998Z</time>
      </trkpt>
      <trkpt lat="48.562225" lon="15.375573">
        <ele>539.877283</ele>
        <time>2026-05-10T08:09:09.998Z</time>
      </trkpt>
      <trkpt lat="48.562101" lon="15.375619">
        <ele>540.153708</ele>
        <time>2026-05-10T08:09:12.998Z</time>
      </trkpt>
      <trkpt lat="48.561997" lon="15.375632">
        <ele>540.379631</ele>
        <time>2026-05-10T08:09:15.998Z</time>
      </trkpt>
      <trkpt lat="48.561884" lon="15.375685">
        <ele>540.635785</ele>
        <time>2026-05-10T08:09:18.998Z</time>
      </trkpt>
      <trkpt lat="48.561778" lon="15.375716">
        <ele>540.869528</ele>
        <time>2026-05-10T08:09:21.998Z</time>
      </trkpt>
      <trkpt lat="48.561676" lon="15.375802">
        <ele>541.122404</ele>
        <time>2026-05-10T08:09:24.998Z</time>
      </trkpt>
      <trkpt lat="48.561580" lon="15.375890">
        <ele>541.365494</ele>
        <time>2026-05-10T08:09:27.998Z</time>
      </trkpt>
      <trkpt lat="48.561490" lon="15.375981">
        <ele>541.599940</ele>
        <time>2026-05-10T08:09:30.999Z</time>
      </trkpt>
      <trkpt lat="48.561409" lon="15.376088">
        <ele>541.832867</ele>
        <time>2026-05-10T08:09:33.999Z</time>
      </trkpt>
      <trkpt lat="48.561345" lon="15.376186">
        <ele>542.030133</ele>
        <time>2026-05-10T08:09:36.999Z</time>
      </trkpt>
      <trkpt lat="48.561264" lon="15.376291">
        <ele>542.261185</ele>
        <time>2026-05-10T08:09:40.999Z</time>
      </trkpt>
      <trkpt lat="48.561225" lon="15.376414">
        <ele>542.518265</ele>
        <time>2026-05-10T08:09:44.999Z</time>
      </trkpt>
      <trkpt lat="48.561165" lon="15.376519">
        <ele>542.980104</ele>
        <time>2026-05-10T08:09:48.999Z</time>
      </trkpt>
      <trkpt lat="48.561116" lon="15.376671">
        <ele>543.542985</ele>
        <time>2026-05-10T08:09:52.999Z</time>
      </trkpt>
      <trkpt lat="48.561080" lon="15.376819">
        <ele>544.067936</ele>
        <time>2026-05-10T08:09:56.999Z</time>
      </trkpt>
      <trkpt lat="48.561058" lon="15.376967">
        <ele>544.572938</ele>
        <time>2026-05-10T08:10:00.999Z</time>
      </trkpt>
      <trkpt lat="48.561044" lon="15.377108">
        <ele>545.047612</ele>
        <time>2026-05-10T08:10:04.999Z</time>
      </trkpt>
      <trkpt lat="48.561030" lon="15.377272">
        <ele>545.598129</ele>
        <time>2026-05-10T08:10:09.999Z</time>
      </trkpt>
      <trkpt lat="48.561020" lon="15.377410">
        <ele>546.060309</ele>
        <time>2026-05-10T08:10:13.999Z</time>
      </trkpt>
      <trkpt lat="48.561009" lon="15.377573">
        <ele>546.605787</ele>
        <time>2026-05-10T08:10:18.999Z</time>
      </trkpt>
      <trkpt lat="48.561017" lon="15.377734">
        <ele>547.143302</ele>
        <time>2026-05-10T08:10:23.999Z</time>
      </trkpt>
      <trkpt lat="48.561005" lon="15.377903">
        <ele>547.709171</ele>
        <time>2026-05-10T08:10:28.999Z</time>
      </trkpt>
      <trkpt lat="48.561005" lon="15.378064">
        <ele>548.245177</ele>
        <time>2026-05-10T08:10:33.999Z</time>
      </trkpt>
      <trkpt lat="48.561001" lon="15.378211">
        <ele>548.734988</ele>
        <time>2026-05-10T08:10:38.999Z</time>
      </trkpt>
      <trkpt lat="48.560995" lon="15.378357">
        <ele>549.221992</ele>
        <time>2026-05-10T08:10:43.998Z</time>
      </trkpt>
      <trkpt lat="48.560997" lon="15.378515">
        <ele>549.748107</ele>
        <time>2026-05-10T08:10:48.998Z</time>
      </trkpt>
      <trkpt lat="48.561010" lon="15.378681">
        <ele>550.304615</ele>
        <time>2026-05-10T08:10:53.998Z</time>
      </trkpt>
      <trkpt lat="48.561017" lon="15.378838">
        <ele>550.828489</ele>
        <time>2026-05-10T08:10:58.998Z</time>
      </trkpt>
      <trkpt lat="48.561023" lon="15.378994">
        <ele>551.348725</ele>
        <time>2026-05-10T08:11:03.998Z</time>
      </trkpt>
      <trkpt lat="48.561027" lon="15.379162">
        <ele>551.695493</ele>
        <time>2026-05-10T08:11:08.998Z</time>
      </trkpt>
      <trkpt lat="48.561029" lon="15.379310">
        <ele>551.955407</ele>
        <time>2026-05-10T08:11:13.998Z</time>
      </trkpt>
      <trkpt lat="48.561015" lon="15.379457">
        <ele>552.216169</ele>
        <time>2026-05-10T08:11:18.998Z</time>
      </trkpt>
      <trkpt lat="48.561018" lon="15.379616">
        <ele>552.495456</ele>
        <time>2026-05-10T08:11:23.998Z</time>
      </trkpt>
      <trkpt lat="48.561012" lon="15.379775">
        <ele>552.775083</ele>
        <time>2026-05-10T08:11:27.998Z</time>
      </trkpt>
      <trkpt lat="48.561005" lon="15.379938">
        <ele>553.061882</ele>
        <time>2026-05-10T08:11:31.998Z</time>
      </trkpt>
      <trkpt lat="48.560991" lon="15.380105">
        <ele>553.357445</ele>
        <time>2026-05-10T08:11:35.998Z</time>
      </trkpt>
      <trkpt lat="48.560977" lon="15.380244">
        <ele>553.604313</ele>
        <time>2026-05-10T08:11:38.999Z</time>
      </trkpt>
      <trkpt lat="48.560965" lon="15.380393">
        <ele>553.867858</ele>
        <time>2026-05-10T08:11:41.999Z</time>
      </trkpt>
      <trkpt lat="48.560955" lon="15.380553">
        <ele>554.150038</ele>
        <time>2026-05-10T08:11:44.999Z</time>
      </trkpt>
      <trkpt lat="48.560939" lon="15.380715">
        <ele>554.437629</ele>
        <time>2026-05-10T08:11:47.999Z</time>
      </trkpt>
      <trkpt lat="48.560917" lon="15.380877">
        <ele>554.727997</ele>
        <time>2026-05-10T08:11:50.999Z</time>
      </trkpt>
      <trkpt lat="48.560895" lon="15.381047">
        <ele>555.032138</ele>
        <time>2026-05-10T08:11:53.999Z</time>
      </trkpt>
      <trkpt lat="48.560872" lon="15.381207">
        <ele>555.319618</ele>
        <time>2026-05-10T08:11:56.999Z</time>
      </trkpt>
      <trkpt lat="48.560853" lon="15.381371">
        <ele>555.611950</ele>
        <time>2026-05-10T08:11:59.999Z</time>
      </trkpt>
      <trkpt lat="48.560830" lon="15.381526">
        <ele>555.890858</ele>
        <time>2026-05-10T08:12:02.999Z</time>
      </trkpt>
      <trkpt lat="48.560813" lon="15.381680">
        <ele>556.164989</ele>
        <time>2026-05-10T08:12:05.999Z</time>
      </trkpt>
      <trkpt lat="48.560796" lon="15.381831">
        <ele>556.833875</ele>
        <time>2026-05-10T08:12:08.999Z</time>
      </trkpt>
      <trkpt lat="48.560778" lon="15.381981">
        <ele>557.625716</ele>
        <time>2026-05-10T08:12:11.999Z</time>
      </trkpt>
      <trkpt lat="48.560763" lon="15.382131">
        <ele>558.413698</ele>
        <time>2026-05-10T08:12:14.999Z</time>
      </trkpt>
      <trkpt lat="48.560750" lon="15.382277">
        <ele>559.178892</ele>
        <time>2026-05-10T08:12:17.999Z</time>
      </trkpt>
      <trkpt lat="48.560736" lon="15.382438">
        <ele>560.022355</ele>
        <time>2026-05-10T08:12:21.999Z</time>
      </trkpt>
      <trkpt lat="48.560715" lon="15.382599">
        <ele>560.874717</ele>
        <time>2026-05-10T08:12:26.999Z</time>
      </trkpt>
      <trkpt lat="48.560700" lon="15.382762">
        <ele>561.729527</ele>
        <time>2026-05-10T08:12:31.999Z</time>
      </trkpt>
      <trkpt lat="48.560688" lon="15.382912">
        <ele>562.514337</ele>
        <time>2026-05-10T08:12:36.999Z</time>
      </trkpt>
      <trkpt lat="48.560691" lon="15.383069">
        <ele>563.330176</ele>
        <time>2026-05-10T08:12:41.998Z</time>
      </trkpt>
      <trkpt lat="48.560668" lon="15.383215">
        <ele>564.109726</ele>
        <time>2026-05-10T08:12:46.998Z</time>
      </trkpt>
      <trkpt lat="48.560657" lon="15.383364">
        <ele>564.888472</ele>
        <time>2026-05-10T08:12:51.998Z</time>
      </trkpt>
      <trkpt lat="48.560648" lon="15.383515">
        <ele>565.675980</ele>
        <time>2026-05-10T08:12:56.998Z</time>
      </trkpt>
      <trkpt lat="48.560640" lon="15.383661">
        <ele>566.436938</ele>
        <time>2026-05-10T08:13:01.998Z</time>
      </trkpt>
      <trkpt lat="48.560623" lon="15.383802">
        <ele>567.181383</ele>
        <time>2026-05-10T08:13:06.998Z</time>
      </trkpt>
      <trkpt lat="48.560626" lon="15.383951">
        <ele>567.955687</ele>
        <time>2026-05-10T08:13:11.998Z</time>
      </trkpt>
      <trkpt lat="48.560630" lon="15.384087">
        <ele>568.662805</ele>
        <time>2026-05-10T08:13:16.998Z</time>
      </trkpt>
      <trkpt lat="48.560624" lon="15.384225">
        <ele>569.381159</ele>
        <time>2026-05-10T08:13:21.998Z</time>
      </trkpt>
      <trkpt lat="48.560612" lon="15.384365">
        <ele>570.114430</ele>
        <time>2026-05-10T08:13:26.998Z</time>
      </trkpt>
      <trkpt lat="48.560607" lon="15.384522">
        <ele>571.031214</ele>
        <time>2026-05-10T08:13:32.998Z</time>
      </trkpt>
      <trkpt lat="48.560604" lon="15.384681">
        <ele>571.999213</ele>
        <time>2026-05-10T08:13:38.998Z</time>
      </trkpt>
      <trkpt lat="48.560585" lon="15.384837">
        <ele>572.964505</ele>
        <time>2026-05-10T08:13:44.999Z</time>
      </trkpt>
      <trkpt lat="48.560566" lon="15.384997">
        <ele>573.953747</ele>
        <time>2026-05-10T08:13:50.999Z</time>
      </trkpt>
      <trkpt lat="48.560549" lon="15.385134">
        <ele>574.801999</ele>
        <time>2026-05-10T08:13:55.999Z</time>
      </trkpt>
      <trkpt lat="48.560524" lon="15.385271">
        <ele>575.666834</ele>
        <time>2026-05-10T08:14:00.999Z</time>
      </trkpt>
      <trkpt lat="48.560497" lon="15.385421">
        <ele>576.612831</ele>
        <time>2026-05-10T08:14:06.999Z</time>
      </trkpt>
      <trkpt lat="48.560467" lon="15.385575">
        <ele>577.589767</ele>
        <time>2026-05-10T08:14:12.999Z</time>
      </trkpt>
      <trkpt lat="48.560440" lon="15.385732">
        <ele>578.576934</ele>
        <time>2026-05-10T08:14:18.999Z</time>
      </trkpt>
      <trkpt lat="48.560412" lon="15.385864">
        <ele>579.420483</ele>
        <time>2026-05-10T08:14:23.999Z</time>
      </trkpt>
      <trkpt lat="48.560390" lon="15.385997">
        <ele>580.254765</ele>
        <time>2026-05-10T08:14:28.999Z</time>
      </trkpt>
      <trkpt lat="48.560356" lon="15.386123">
        <ele>581.082835</ele>
        <time>2026-05-10T08:14:33.999Z</time>
      </trkpt>
      <trkpt lat="48.560338" lon="15.386259">
        <ele>581.926865</ele>
        <time>2026-05-10T08:14:39.999Z</time>
      </trkpt>
      <trkpt lat="48.560307" lon="15.386393">
        <ele>582.790720</ele>
        <time>2026-05-10T08:14:45.999Z</time>
      </trkpt>
      <trkpt lat="48.560284" lon="15.386525">
        <ele>583.621394</ele>
        <time>2026-05-10T08:14:51.999Z</time>
      </trkpt>
      <trkpt lat="48.560267" lon="15.386683">
        <ele>584.595544</ele>
        <time>2026-05-10T08:14:58.998Z</time>
      </trkpt>
      <trkpt lat="48.560257" lon="15.386829">
        <ele>585.488790</ele>
        <time>2026-05-10T08:15:04.998Z</time>
      </trkpt>
      <trkpt lat="48.560252" lon="15.386971">
        <ele>586.354169</ele>
        <time>2026-05-10T08:15:10.998Z</time>
      </trkpt>
      <trkpt lat="48.560256" lon="15.387109">
        <ele>587.042162</ele>
        <time>2026-05-10T08:15:16.998Z</time>
      </trkpt>
      <trkpt lat="48.560262" lon="15.387256">
        <ele>587.497095</ele>
        <time>2026-05-10T08:15:22.998Z</time>
      </trkpt>
      <trkpt lat="48.560273" lon="15.387408">
        <ele>587.969408</ele>
        <time>2026-05-10T08:15:28.998Z</time>
      </trkpt>
      <trkpt lat="48.560285" lon="15.387556">
        <ele>588.429985</ele>
        <time>2026-05-10T08:15:34.998Z</time>
      </trkpt>
      <trkpt lat="48.560299" lon="15.387694">
        <ele>588.861233</ele>
        <time>2026-05-10T08:15:39.998Z</time>
      </trkpt>
      <trkpt lat="48.560307" lon="15.387839">
        <ele>589.310679</ele>
        <time>2026-05-10T08:15:44.998Z</time>
      </trkpt>
      <trkpt lat="48.560326" lon="15.387994">
        <ele>589.797603</ele>
        <time>2026-05-10T08:15:49.999Z</time>
      </trkpt>
      <trkpt lat="48.560352" lon="15.388146">
        <ele>590.282545</ele>
        <time>2026-05-10T08:15:54.999Z</time>
      </trkpt>
      <trkpt lat="48.560379" lon="15.388306">
        <ele>590.792582</ele>
        <time>2026-05-10T08:15:59.999Z</time>
      </trkpt>
      <trkpt lat="48.560408" lon="15.388465">
        <ele>591.302027</ele>
        <time>2026-05-10T08:16:04.999Z</time>
      </trkpt>
      <trkpt lat="48.560440" lon="15.388627">
        <ele>591.824241</ele>
        <time>2026-05-10T08:16:09.999Z</time>
      </trkpt>
      <trkpt lat="48.560472" lon="15.388773">
        <ele>592.299308</ele>
        <time>2026-05-10T08:16:13.999Z</time>
      </trkpt>
      <trkpt lat="48.560506" lon="15.388921">
        <ele>592.783223</ele>
        <time>2026-05-10T08:16:17.999Z</time>
      </trkpt>
      <trkpt lat="48.560537" lon="15.389069">
        <ele>593.262728</ele>
        <time>2026-05-10T08:16:21.999Z</time>
      </trkpt>
      <trkpt lat="48.560569" lon="15.389210">
        <ele>593.723158</ele>
        <time>2026-05-10T08:16:25.999Z</time>
      </trkpt>
      <trkpt lat="48.560597" lon="15.389359">
        <ele>594.201597</ele>
        <time>2026-05-10T08:16:29.999Z</time>
      </trkpt>
      <trkpt lat="48.560630" lon="15.389499">
        <ele>594.660650</ele>
        <time>2026-05-10T08:16:33.999Z</time>
      </trkpt>
      <trkpt lat="48.560658" lon="15.389640">
        <ele>595.115367</ele>
        <time>2026-05-10T08:16:37.999Z</time>
      </trkpt>
      <trkpt lat="48.560690" lon="15.389792">
        <ele>595.442629</ele>
        <time>2026-05-10T08:16:42.999Z</time>
      </trkpt>
      <trkpt lat="48.560719" lon="15.389934">
        <ele>595.670541</ele>
        <time>2026-05-10T08:16:46.999Z</time>
      </trkpt>
      <trkpt lat="48.560747" lon="15.390077">
        <ele>595.899250</ele>
        <time>2026-05-10T08:16:50.999Z</time>
      </trkpt>
      <trkpt lat="48.560777" lon="15.390217">
        <ele>596.124936</ele>
        <time>2026-05-10T08:16:54.999Z</time>
      </trkpt>
      <trkpt lat="48.560804" lon="15.390356">
        <ele>596.347105</ele>
        <time>2026-05-10T08:16:58.998Z</time>
      </trkpt>
      <trkpt lat="48.560833" lon="15.390499">
        <ele>596.576482</ele>
        <time>2026-05-10T08:17:02.998Z</time>
      </trkpt>
      <trkpt lat="48.560857" lon="15.390646">
        <ele>596.808687</ele>
        <time>2026-05-10T08:17:06.998Z</time>
      </trkpt>
      <trkpt lat="48.560880" lon="15.390790">
        <ele>597.035873</ele>
        <time>2026-05-10T08:17:10.998Z</time>
      </trkpt>
      <trkpt lat="48.560900" lon="15.390935">
        <ele>597.263030</ele>
        <time>2026-05-10T08:17:14.998Z</time>
      </trkpt>
      <trkpt lat="48.560916" lon="15.391090">
        <ele>597.503620</ele>
        <time>2026-05-10T08:17:18.998Z</time>
      </trkpt>
      <trkpt lat="48.560929" lon="15.391250">
        <ele>597.750845</ele>
        <time>2026-05-10T08:17:22.998Z</time>
      </trkpt>
      <trkpt lat="48.560937" lon="15.391422">
        <ele>598.015283</ele>
        <time>2026-05-10T08:17:26.998Z</time>
      </trkpt>
      <trkpt lat="48.560941" lon="15.391598">
        <ele>598.285364</ele>
        <time>2026-05-10T08:17:30.998Z</time>
      </trkpt>
      <trkpt lat="48.560938" lon="15.391747">
        <ele>598.513983</ele>
        <time>2026-05-10T08:17:33.998Z</time>
      </trkpt>
      <trkpt lat="48.560936" lon="15.391898">
        <ele>598.745610</ele>
        <time>2026-05-10T08:17:36.998Z</time>
      </trkpt>
      <trkpt lat="48.560925" lon="15.392047">
        <ele>598.975541</ele>
        <time>2026-05-10T08:17:39.998Z</time>
      </trkpt>
      <trkpt lat="48.560909" lon="15.392205">
        <ele>599.220677</ele>
        <time>2026-05-10T08:17:42.998Z</time>
      </trkpt>
      <trkpt lat="48.560891" lon="15.392373">
        <ele>599.480399</ele>
        <time>2026-05-10T08:17:45.998Z</time>
      </trkpt>
      <trkpt lat="48.560868" lon="15.392545">
        <ele>599.739399</ele>
        <time>2026-05-10T08:17:48.998Z</time>
      </trkpt>
      <trkpt lat="48.560847" lon="15.392707">
        <ele>599.983052</ele>
        <time>2026-05-10T08:17:51.998Z</time>
      </trkpt>
      <trkpt lat="48.560819" lon="15.392865">
        <ele>600.224473</ele>
        <time>2026-05-10T08:17:54.999Z</time>
      </trkpt>
      <trkpt lat="48.560789" lon="15.393022">
        <ele>600.465668</ele>
        <time>2026-05-10T08:17:57.999Z</time>
      </trkpt>
      <trkpt lat="48.560757" lon="15.393175">
        <ele>600.702502</ele>
        <time>2026-05-10T08:18:00.999Z</time>
      </trkpt>
      <trkpt lat="48.560728" lon="15.393323">
        <ele>600.930321</ele>
        <time>2026-05-10T08:18:03.999Z</time>
      </trkpt>
      <trkpt lat="48.560703" lon="15.393477">
        <ele>601.164361</ele>
        <time>2026-05-10T08:18:06.999Z</time>
      </trkpt>
      <trkpt lat="48.560673" lon="15.393636">
        <ele>601.408394</ele>
        <time>2026-05-10T08:18:09.999Z</time>
      </trkpt>
      <trkpt lat="48.560645" lon="15.393787">
        <ele>601.639851</ele>
        <time>2026-05-10T08:18:12.999Z</time>
      </trkpt>
      <trkpt lat="48.560616" lon="15.393948">
        <ele>601.886129</ele>
        <time>2026-05-10T08:18:15.999Z</time>
      </trkpt>
      <trkpt lat="48.560593" lon="15.394109">
        <ele>602.129237</ele>
        <time>2026-05-10T08:18:18.999Z</time>
      </trkpt>
      <trkpt lat="48.560569" lon="15.394265">
        <ele>602.365631</ele>
        <time>2026-05-10T08:18:21.999Z</time>
      </trkpt>
      <trkpt lat="48.560545" lon="15.394412">
        <ele>602.589106</ele>
        <time>2026-05-10T08:18:24.999Z</time>
      </trkpt>
      <trkpt lat="48.560525" lon="15.394548">
        <ele>602.794737</ele>
        <time>2026-05-10T08:18:27.999Z</time>
      </trkpt>
      <trkpt lat="48.560497" lon="15.394710">
        <ele>603.041867</ele>
        <time>2026-05-10T08:18:31.999Z</time>
      </trkpt>
      <trkpt lat="48.560473" lon="15.394854">
        <ele>603.261046</ele>
        <time>2026-05-10T08:18:35.999Z</time>
      </trkpt>
      <trkpt lat="48.560445" lon="15.394988">
        <ele>603.467768</ele>
        <time>2026-05-10T08:18:39.999Z</time>
      </trkpt>
      <trkpt lat="48.560412" lon="15.395119">
        <ele>603.659987</ele>
        <time>2026-05-10T08:18:43.999Z</time>
      </trkpt>
      <trkpt lat="48.560377" lon="15.395252">
        <ele>603.856265</ele>
        <time>2026-05-10T08:18:47.999Z</time>
      </trkpt>
      <trkpt lat="48.560330" lon="15.395402">
        <ele>604.083855</ele>
        <time>2026-05-10T08:18:51.999Z</time>
      </trkpt>
      <trkpt lat="48.560282" lon="15.395539">
        <ele>604.296431</ele>
        <time>2026-05-10T08:18:55.999Z</time>
      </trkpt>
      <trkpt lat="48.560229" lon="15.395682">
        <ele>604.521189</ele>
        <time>2026-05-10T08:19:00.999Z</time>
      </trkpt>
      <trkpt lat="48.560175" lon="15.395796">
        <ele>604.713438</ele>
        <time>2026-05-10T08:19:04.999Z</time>
      </trkpt>
      <trkpt lat="48.560122" lon="15.395917">
        <ele>604.912420</ele>
        <time>2026-05-10T08:19:08.998Z</time>
      </trkpt>
      <trkpt lat="48.560068" lon="15.396031">
        <ele>605.104670</ele>
        <time>2026-05-10T08:19:12.998Z</time>
      </trkpt>
      <trkpt lat="48.560014" lon="15.396142">
        <ele>605.293589</ele>
        <time>2026-05-10T08:19:16.998Z</time>
      </trkpt>
      <trkpt lat="48.559953" lon="15.396270">
        <ele>605.509893</ele>
        <time>2026-05-10T08:19:20.998Z</time>
      </trkpt>
      <trkpt lat="48.559899" lon="15.396398">
        <ele>605.718055</ele>
        <time>2026-05-10T08:19:24.998Z</time>
      </trkpt>
      <trkpt lat="48.559846" lon="15.396549">
        <ele>605.952448</ele>
        <time>2026-05-10T08:19:28.998Z</time>
      </trkpt>
      <trkpt lat="48.559791" lon="15.396704">
        <ele>606.193632</ele>
        <time>2026-05-10T08:19:32.998Z</time>
      </trkpt>
      <trkpt lat="48.559747" lon="15.396844">
        <ele>606.406169</ele>
        <time>2026-05-10T08:19:35.998Z</time>
      </trkpt>
      <trkpt lat="48.559700" lon="15.397002">
        <ele>606.643724</ele>
        <time>2026-05-10T08:19:38.998Z</time>
      </trkpt>
      <trkpt lat="48.559649" lon="15.397173">
        <ele>606.900937</ele>
        <time>2026-05-10T08:19:41.998Z</time>
      </trkpt>
      <trkpt lat="48.559598" lon="15.397344">
        <ele>607.158150</ele>
        <time>2026-05-10T08:19:44.998Z</time>
      </trkpt>
      <trkpt lat="48.559543" lon="15.397506">
        <ele>607.067415</ele>
        <time>2026-05-10T08:19:47.998Z</time>
      </trkpt>
      <trkpt lat="48.559481" lon="15.397679">
        <ele>606.923825</ele>
        <time>2026-05-10T08:19:50.998Z</time>
      </trkpt>
      <trkpt lat="48.559411" lon="15.397843">
        <ele>606.781393</ele>
        <time>2026-05-10T08:19:53.998Z</time>
      </trkpt>
      <trkpt lat="48.559339" lon="15.398007">
        <ele>606.637754</ele>
        <time>2026-05-10T08:19:56.998Z</time>
      </trkpt>
      <trkpt lat="48.559270" lon="15.398151">
        <ele>606.508000</ele>
        <time>2026-05-10T08:19:59.998Z</time>
      </trkpt>
      <trkpt lat="48.559200" lon="15.398274">
        <ele>606.389600</ele>
        <time>2026-05-10T08:20:02.999Z</time>
      </trkpt>
      <trkpt lat="48.559126" lon="15.398374">
        <ele>606.280116</ele>
        <time>2026-05-10T08:20:05.999Z</time>
      </trkpt>
      <trkpt lat="48.559035" lon="15.398527">
        <ele>606.129979</ele>
        <time>2026-05-10T08:20:08.999Z</time>
      </trkpt>
      <trkpt lat="48.558965" lon="15.398617">
        <ele>606.028618</ele>
        <time>2026-05-10T08:20:10.999Z</time>
      </trkpt>
      <trkpt lat="48.558872" lon="15.398703">
        <ele>605.908376</ele>
        <time>2026-05-10T08:20:12.999Z</time>
      </trkpt>
      <trkpt lat="48.558767" lon="15.398750">
        <ele>605.787609</ele>
        <time>2026-05-10T08:20:14.999Z</time>
      </trkpt>
      <trkpt lat="48.558663" lon="15.398836">
        <ele>605.656866</ele>
        <time>2026-05-10T08:20:16.999Z</time>
      </trkpt>
      <trkpt lat="48.558545" lon="15.398891">
        <ele>605.520686</ele>
        <time>2026-05-10T08:20:18.999Z</time>
      </trkpt>
      <trkpt lat="48.558420" lon="15.398956">
        <ele>605.374903</ele>
        <time>2026-05-10T08:20:20.999Z</time>
      </trkpt>
      <trkpt lat="48.558288" lon="15.399024">
        <ele>605.221107</ele>
        <time>2026-05-10T08:20:22.999Z</time>
      </trkpt>
      <trkpt lat="48.558160" lon="15.399090">
        <ele>604.723302</ele>
        <time>2026-05-10T08:20:24.999Z</time>
      </trkpt>
      <trkpt lat="48.558029" lon="15.399152">
        <ele>604.166498</ele>
        <time>2026-05-10T08:20:26.999Z</time>
      </trkpt>
      <trkpt lat="48.557897" lon="15.399221">
        <ele>603.599959</ele>
        <time>2026-05-10T08:20:28.999Z</time>
      </trkpt>
      <trkpt lat="48.557766" lon="15.399281">
        <ele>603.044737</ele>
        <time>2026-05-10T08:20:30.999Z</time>
      </trkpt>
      <trkpt lat="48.557630" lon="15.399355">
        <ele>602.458430</ele>
        <time>2026-05-10T08:20:32.999Z</time>
      </trkpt>
      <trkpt lat="48.557498" lon="15.399422">
        <ele>601.893624</ele>
        <time>2026-05-10T08:20:34.999Z</time>
      </trkpt>
      <trkpt lat="48.557362" lon="15.399513">
        <ele>601.290323</ele>
        <time>2026-05-10T08:20:36.999Z</time>
      </trkpt>
      <trkpt lat="48.557236" lon="15.399638">
        <ele>600.678934</ele>
        <time>2026-05-10T08:20:38.999Z</time>
      </trkpt>
      <trkpt lat="48.557143" lon="15.399815">
        <ele>600.072237</ele>
        <time>2026-05-10T08:20:40.999Z</time>
      </trkpt>
      <trkpt lat="48.557069" lon="15.400028">
        <ele>599.426429</ele>
        <time>2026-05-10T08:20:42.999Z</time>
      </trkpt>
      <trkpt lat="48.557028" lon="15.400281">
        <ele>598.727162</ele>
        <time>2026-05-10T08:20:44.999Z</time>
      </trkpt>
      <trkpt lat="48.556992" lon="15.400530">
        <ele>598.042932</ele>
        <time>2026-05-10T08:20:46.999Z</time>
      </trkpt>
      <trkpt lat="48.556942" lon="15.400796">
        <ele>596.712680</ele>
        <time>2026-05-10T08:20:48.999Z</time>
      </trkpt>
      <trkpt lat="48.556928" lon="15.400933">
        <ele>595.979577</ele>
        <time>2026-05-10T08:20:49.999Z</time>
      </trkpt>
      <trkpt lat="48.556915" lon="15.401070">
        <ele>595.247651</ele>
        <time>2026-05-10T08:20:50.999Z</time>
      </trkpt>
      <trkpt lat="48.556893" lon="15.401207">
        <ele>594.502113</ele>
        <time>2026-05-10T08:20:51.999Z</time>
      </trkpt>
      <trkpt lat="48.556853" lon="15.401341">
        <ele>593.724722</ele>
        <time>2026-05-10T08:20:52.999Z</time>
      </trkpt>
      <trkpt lat="48.556817" lon="15.401478">
        <ele>592.945191</ele>
        <time>2026-05-10T08:20:53.999Z</time>
      </trkpt>
      <trkpt lat="48.556779" lon="15.401625">
        <ele>592.110598</ele>
        <time>2026-05-10T08:20:54.999Z</time>
      </trkpt>
      <trkpt lat="48.556741" lon="15.401765">
        <ele>591.310374</ele>
        <time>2026-05-10T08:20:55.999Z</time>
      </trkpt>
      <trkpt lat="48.556706" lon="15.401913">
        <ele>590.479220</ele>
        <time>2026-05-10T08:20:56.999Z</time>
      </trkpt>
      <trkpt lat="48.556664" lon="15.402069">
        <ele>589.588576</ele>
        <time>2026-05-10T08:20:57.999Z</time>
      </trkpt>
      <trkpt lat="48.556610" lon="15.402200">
        <ele>588.772412</ele>
        <time>2026-05-10T08:20:58.999Z</time>
      </trkpt>
      <trkpt lat="48.556537" lon="15.402337">
        <ele>587.842279</ele>
        <time>2026-05-10T08:20:59.999Z</time>
      </trkpt>
      <trkpt lat="48.556481" lon="15.402470">
        <ele>587.008650</ele>
        <time>2026-05-10T08:21:00.999Z</time>
      </trkpt>
      <trkpt lat="48.556413" lon="15.402615">
        <ele>586.068843</ele>
        <time>2026-05-10T08:21:01.999Z</time>
      </trkpt>
      <trkpt lat="48.556342" lon="15.402755">
        <ele>585.136102</ele>
        <time>2026-05-10T08:21:02.999Z</time>
      </trkpt>
      <trkpt lat="48.556272" lon="15.402878">
        <ele>584.278221</ele>
        <time>2026-05-10T08:21:03.999Z</time>
      </trkpt>
      <trkpt lat="48.556192" lon="15.403018">
        <ele>583.265280</ele>
        <time>2026-05-10T08:21:04.999Z</time>
      </trkpt>
      <trkpt lat="48.556128" lon="15.403135">
        <ele>582.343863</ele>
        <time>2026-05-10T08:21:05.999Z</time>
      </trkpt>
      <trkpt lat="48.556066" lon="15.403251">
        <ele>581.438752</ele>
        <time>2026-05-10T08:21:06.999Z</time>
      </trkpt>
      <trkpt lat="48.556003" lon="15.403372">
        <ele>580.504188</ele>
        <time>2026-05-10T08:21:07.999Z</time>
      </trkpt>
      <trkpt lat="48.555847" lon="15.403542">
        <ele>578.740068</ele>
        <time>2026-05-10T08:21:09.999Z</time>
      </trkpt>
      <trkpt lat="48.555772" lon="15.403632">
        <ele>577.861622</ele>
        <time>2026-05-10T08:21:10.999Z</time>
      </trkpt>
      <trkpt lat="48.555697" lon="15.403742">
        <ele>576.902938</ele>
        <time>2026-05-10T08:21:11.999Z</time>
      </trkpt>
      <trkpt lat="48.555601" lon="15.403803">
        <ele>575.947763</ele>
        <time>2026-05-10T08:21:12.998Z</time>
      </trkpt>
      <trkpt lat="48.555501" lon="15.403874">
        <ele>574.934375</ele>
        <time>2026-05-10T08:21:13.998Z</time>
      </trkpt>
      <trkpt lat="48.555413" lon="15.403934">
        <ele>574.048892</ele>
        <time>2026-05-10T08:21:14.998Z</time>
      </trkpt>
      <trkpt lat="48.555330" lon="15.404007">
        <ele>573.168053</ele>
        <time>2026-05-10T08:21:15.998Z</time>
      </trkpt>
      <trkpt lat="48.555258" lon="15.404115">
        <ele>572.237505</ele>
        <time>2026-05-10T08:21:16.998Z</time>
      </trkpt>
      <trkpt lat="48.555179" lon="15.404214">
        <ele>571.296135</ele>
        <time>2026-05-10T08:21:17.998Z</time>
      </trkpt>
      <trkpt lat="48.555095" lon="15.404368">
        <ele>570.084713</ele>
        <time>2026-05-10T08:21:18.998Z</time>
      </trkpt>
      <trkpt lat="48.555031" lon="15.404543">
        <ele>568.870968</ele>
        <time>2026-05-10T08:21:19.998Z</time>
      </trkpt>
      <trkpt lat="48.554968" lon="15.404681">
        <ele>567.853276</ele>
        <time>2026-05-10T08:21:20.998Z</time>
      </trkpt>
      <trkpt lat="48.554904" lon="15.404831">
        <ele>566.810019</ele>
        <time>2026-05-10T08:21:21.998Z</time>
      </trkpt>
      <trkpt lat="48.554829" lon="15.404976">
        <ele>565.859524</ele>
        <time>2026-05-10T08:21:22.998Z</time>
      </trkpt>
      <trkpt lat="48.554768" lon="15.405149">
        <ele>564.847078</ele>
        <time>2026-05-10T08:21:23.998Z</time>
      </trkpt>
      <trkpt lat="48.554698" lon="15.405307">
        <ele>563.865048</ele>
        <time>2026-05-10T08:21:24.998Z</time>
      </trkpt>
      <trkpt lat="48.554620" lon="15.405482">
        <ele>562.775319</ele>
        <time>2026-05-10T08:21:25.998Z</time>
      </trkpt>
      <trkpt lat="48.554522" lon="15.405626">
        <ele>561.708532</ele>
        <time>2026-05-10T08:21:26.998Z</time>
      </trkpt>
      <trkpt lat="48.554426" lon="15.405773">
        <ele>560.641903</ele>
        <time>2026-05-10T08:21:27.998Z</time>
      </trkpt>
      <trkpt lat="48.554324" lon="15.405913">
        <ele>559.566521</ele>
        <time>2026-05-10T08:21:28.998Z</time>
      </trkpt>
      <trkpt lat="48.554240" lon="15.406063">
        <ele>558.551660</ele>
        <time>2026-05-10T08:21:29.998Z</time>
      </trkpt>
      <trkpt lat="48.554166" lon="15.406230">
        <ele>557.513629</ele>
        <time>2026-05-10T08:21:30.998Z</time>
      </trkpt>
      <trkpt lat="48.554110" lon="15.406404">
        <ele>556.514278</ele>
        <time>2026-05-10T08:21:31.998Z</time>
      </trkpt>
      <trkpt lat="48.554081" lon="15.406581">
        <ele>555.572447</ele>
        <time>2026-05-10T08:21:32.998Z</time>
      </trkpt>
      <trkpt lat="48.554051" lon="15.406748">
        <ele>554.678656</ele>
        <time>2026-05-10T08:21:33.998Z</time>
      </trkpt>
      <trkpt lat="48.554021" lon="15.406899">
        <ele>553.864335</ele>
        <time>2026-05-10T08:21:34.998Z</time>
      </trkpt>
      <trkpt lat="48.553996" lon="15.407075">
        <ele>552.936491</ele>
        <time>2026-05-10T08:21:35.998Z</time>
      </trkpt>
      <trkpt lat="48.553989" lon="15.407240">
        <ele>552.106421</ele>
        <time>2026-05-10T08:21:36.998Z</time>
      </trkpt>
      <trkpt lat="48.553961" lon="15.407410">
        <ele>551.226922</ele>
        <time>2026-05-10T08:21:37.998Z</time>
      </trkpt>
      <trkpt lat="48.553951" lon="15.407580">
        <ele>550.370086</ele>
        <time>2026-05-10T08:21:38.998Z</time>
      </trkpt>
      <trkpt lat="48.553953" lon="15.407732">
        <ele>549.606830</ele>
        <time>2026-05-10T08:21:39.998Z</time>
      </trkpt>
      <trkpt lat="48.553938" lon="15.407904">
        <ele>548.735853</ele>
        <time>2026-05-10T08:21:40.998Z</time>
      </trkpt>
      <trkpt lat="48.553922" lon="15.408079">
        <ele>547.848936</ele>
        <time>2026-05-10T08:21:41.998Z</time>
      </trkpt>
      <trkpt lat="48.553912" lon="15.408258">
        <ele>546.947083</ele>
        <time>2026-05-10T08:21:42.998Z</time>
      </trkpt>
      <trkpt lat="48.553905" lon="15.408436">
        <ele>546.051870</ele>
        <time>2026-05-10T08:21:43.998Z</time>
      </trkpt>
      <trkpt lat="48.553903" lon="15.408611">
        <ele>545.173163</ele>
        <time>2026-05-10T08:21:44.998Z</time>
      </trkpt>
      <trkpt lat="48.553900" lon="15.408792">
        <ele>544.264180</ele>
        <time>2026-05-10T08:21:45.998Z</time>
      </trkpt>
      <trkpt lat="48.553895" lon="15.408950">
        <ele>543.470045</ele>
        <time>2026-05-10T08:21:46.998Z</time>
      </trkpt>
      <trkpt lat="48.553903" lon="15.409140">
        <ele>542.514234</ele>
        <time>2026-05-10T08:21:47.998Z</time>
      </trkpt>
      <trkpt lat="48.553906" lon="15.409316">
        <ele>541.630345</ele>
        <time>2026-05-10T08:21:48.998Z</time>
      </trkpt>
      <trkpt lat="48.553917" lon="15.409492">
        <ele>540.742818</ele>
        <time>2026-05-10T08:21:49.998Z</time>
      </trkpt>
      <trkpt lat="48.553934" lon="15.409663">
        <ele>539.874695</ele>
        <time>2026-05-10T08:21:50.998Z</time>
      </trkpt>
      <trkpt lat="48.553960" lon="15.409832">
        <ele>538.948579</ele>
        <time>2026-05-10T08:21:51.998Z</time>
      </trkpt>
      <trkpt lat="48.553964" lon="15.410002">
        <ele>537.963081</ele>
        <time>2026-05-10T08:21:52.998Z</time>
      </trkpt>
      <trkpt lat="48.553985" lon="15.410165">
        <ele>537.001037</ele>
        <time>2026-05-10T08:21:53.998Z</time>
      </trkpt>
      <trkpt lat="48.553972" lon="15.410335">
        <ele>536.009611</ele>
        <time>2026-05-10T08:21:54.998Z</time>
      </trkpt>
      <trkpt lat="48.553967" lon="15.410506">
        <ele>535.017975</ele>
        <time>2026-05-10T08:21:55.998Z</time>
      </trkpt>
      <trkpt lat="48.553953" lon="15.410663">
        <ele>534.100196</ele>
        <time>2026-05-10T08:21:56.998Z</time>
      </trkpt>
      <trkpt lat="48.553931" lon="15.410820">
        <ele>533.170476</ele>
        <time>2026-05-10T08:21:57.998Z</time>
      </trkpt>
      <trkpt lat="48.553903" lon="15.410975">
        <ele>532.239659</ele>
        <time>2026-05-10T08:21:58.998Z</time>
      </trkpt>
      <trkpt lat="48.553861" lon="15.411134">
        <ele>531.247867</ele>
        <time>2026-05-10T08:21:59.998Z</time>
      </trkpt>
      <trkpt lat="48.553813" lon="15.411292">
        <ele>530.240703</ele>
        <time>2026-05-10T08:22:00.998Z</time>
      </trkpt>
      <trkpt lat="48.553766" lon="15.411443">
        <ele>529.274005</ele>
        <time>2026-05-10T08:22:01.998Z</time>
      </trkpt>
      <trkpt lat="48.553724" lon="15.411589">
        <ele>528.351738</ele>
        <time>2026-05-10T08:22:02.998Z</time>
      </trkpt>
      <trkpt lat="48.553692" lon="15.411757">
        <ele>527.338947</ele>
        <time>2026-05-10T08:22:03.998Z</time>
      </trkpt>
      <trkpt lat="48.553644" lon="15.411918">
        <ele>526.315959</ele>
        <time>2026-05-10T08:22:04.998Z</time>
      </trkpt>
      <trkpt lat="48.553616" lon="15.412093">
        <ele>525.272910</ele>
        <time>2026-05-10T08:22:05.998Z</time>
      </trkpt>
      <trkpt lat="48.553588" lon="15.412250">
        <ele>524.330905</ele>
        <time>2026-05-10T08:22:06.999Z</time>
      </trkpt>
      <trkpt lat="48.553567" lon="15.412411">
        <ele>523.413223</ele>
        <time>2026-05-10T08:22:07.999Z</time>
      </trkpt>
      <trkpt lat="48.553536" lon="15.412570">
        <ele>522.585875</ele>
        <time>2026-05-10T08:22:08.999Z</time>
      </trkpt>
      <trkpt lat="48.553499" lon="15.412748">
        <ele>521.654623</ele>
        <time>2026-05-10T08:22:09.999Z</time>
      </trkpt>
      <trkpt lat="48.553481" lon="15.412932">
        <ele>520.726225</ele>
        <time>2026-05-10T08:22:10.999Z</time>
      </trkpt>
      <trkpt lat="48.553458" lon="15.413107">
        <ele>519.835673</ele>
        <time>2026-05-10T08:22:11.999Z</time>
      </trkpt>
      <trkpt lat="48.553436" lon="15.413265">
        <ele>519.029767</ele>
        <time>2026-05-10T08:22:12.999Z</time>
      </trkpt>
      <trkpt lat="48.553423" lon="15.413427">
        <ele>518.215235</ele>
        <time>2026-05-10T08:22:13.999Z</time>
      </trkpt>
      <trkpt lat="48.553415" lon="15.413584">
        <ele>517.429262</ele>
        <time>2026-05-10T08:22:14.999Z</time>
      </trkpt>
      <trkpt lat="48.553403" lon="15.413750">
        <ele>516.595757</ele>
        <time>2026-05-10T08:22:15.999Z</time>
      </trkpt>
      <trkpt lat="48.553399" lon="15.413897">
        <ele>515.861397</ele>
        <time>2026-05-10T08:22:16.999Z</time>
      </trkpt>
      <trkpt lat="48.553429" lon="15.414120">
        <ele>514.725551</ele>
        <time>2026-05-10T08:22:18.999Z</time>
      </trkpt>
      <trkpt lat="48.553498" lon="15.414356">
        <ele>513.437778</ele>
        <time>2026-05-10T08:22:20.999Z</time>
      </trkpt>
      <trkpt lat="48.553508" lon="15.414563">
        <ele>512.401806</ele>
        <time>2026-05-10T08:22:22.999Z</time>
      </trkpt>
      <trkpt lat="48.553406" lon="15.414733">
        <ele>511.256538</ele>
        <time>2026-05-10T08:22:24.999Z</time>
      </trkpt>
      <trkpt lat="48.553236" lon="15.414717">
        <ele>510.072657</ele>
        <time>2026-05-10T08:22:26.999Z</time>
      </trkpt>
      <trkpt lat="48.553075" lon="15.414701">
        <ele>510.325822</ele>
        <time>2026-05-10T08:22:28.999Z</time>
      </trkpt>
      <trkpt lat="48.552918" lon="15.414668">
        <ele>510.574537</ele>
        <time>2026-05-10T08:22:30.999Z</time>
      </trkpt>
      <trkpt lat="48.552778" lon="15.414606">
        <ele>510.803449</ele>
        <time>2026-05-10T08:22:32.999Z</time>
      </trkpt>
      <trkpt lat="48.552637" lon="15.414566">
        <ele>511.028554</ele>
        <time>2026-05-10T08:22:34.999Z</time>
      </trkpt>
      <trkpt lat="48.552507" lon="15.414501">
        <ele>511.243413</ele>
        <time>2026-05-10T08:22:36.999Z</time>
      </trkpt>
      <trkpt lat="48.552373" lon="15.414443">
        <ele>511.462127</ele>
        <time>2026-05-10T08:22:38.999Z</time>
      </trkpt>
      <trkpt lat="48.552261" lon="15.414379">
        <ele>511.650013</ele>
        <time>2026-05-10T08:22:40.999Z</time>
      </trkpt>
      <trkpt lat="48.552159" lon="15.414303">
        <ele>511.828464</ele>
        <time>2026-05-10T08:22:42.999Z</time>
      </trkpt>
      <trkpt lat="48.552072" lon="15.414221">
        <ele>511.989361</ele>
        <time>2026-05-10T08:22:44.999Z</time>
      </trkpt>
      <trkpt lat="48.552006" lon="15.414118">
        <ele>512.138252</ele>
        <time>2026-05-10T08:22:46.999Z</time>
      </trkpt>
      <trkpt lat="48.551970" lon="15.413988">
        <ele>512.284613</ele>
        <time>2026-05-10T08:22:48.999Z</time>
      </trkpt>
      <trkpt lat="48.551923" lon="15.413817">
        <ele>512.476920</ele>
        <time>2026-05-10T08:22:51.999Z</time>
      </trkpt>
      <trkpt lat="48.551876" lon="15.413651">
        <ele>512.664441</ele>
        <time>2026-05-10T08:22:54.999Z</time>
      </trkpt>
      <trkpt lat="48.551822" lon="15.413529">
        <ele>512.816872</ele>
        <time>2026-05-10T08:22:57.999Z</time>
      </trkpt>
      <trkpt lat="48.551756" lon="15.413418">
        <ele>513.230532</ele>
        <time>2026-05-10T08:23:00.999Z</time>
      </trkpt>
      <trkpt lat="48.551673" lon="15.413321">
        <ele>513.846766</ele>
        <time>2026-05-10T08:23:03.999Z</time>
      </trkpt>
      <trkpt lat="48.551579" lon="15.413251">
        <ele>514.462196</ele>
        <time>2026-05-10T08:23:06.999Z</time>
      </trkpt>
      <trkpt lat="48.551462" lon="15.413231">
        <ele>515.153655</ele>
        <time>2026-05-10T08:23:09.999Z</time>
      </trkpt>
      <trkpt lat="48.551341" lon="15.413227">
        <ele>515.864389</ele>
        <time>2026-05-10T08:23:12.999Z</time>
      </trkpt>
      <trkpt lat="48.551228" lon="15.413246">
        <ele>516.532071</ele>
        <time>2026-05-10T08:23:15.999Z</time>
      </trkpt>
      <trkpt lat="48.551096" lon="15.413237">
        <ele>517.308020</ele>
        <time>2026-05-10T08:23:18.998Z</time>
      </trkpt>
      <trkpt lat="48.550974" lon="15.413229">
        <ele>518.025131</ele>
        <time>2026-05-10T08:23:21.998Z</time>
      </trkpt>
      <trkpt lat="48.550861" lon="15.413196">
        <ele>518.701001</ele>
        <time>2026-05-10T08:23:24.998Z</time>
      </trkpt>
      <trkpt lat="48.550761" lon="15.413094">
        <ele>519.409569</ele>
        <time>2026-05-10T08:23:27.998Z</time>
      </trkpt>
      <trkpt lat="48.550663" lon="15.412987">
        <ele>520.119643</ele>
        <time>2026-05-10T08:23:30.998Z</time>
      </trkpt>
      <trkpt lat="48.550576" lon="15.412910">
        <ele>520.711769</ele>
        <time>2026-05-10T08:23:33.998Z</time>
      </trkpt>
      <trkpt lat="48.550486" lon="15.412826">
        <ele>521.333023</ele>
        <time>2026-05-10T08:23:36.998Z</time>
      </trkpt>
      <trkpt lat="48.550401" lon="15.412717">
        <ele>521.987770</ele>
        <time>2026-05-10T08:23:40.998Z</time>
      </trkpt>
      <trkpt lat="48.550304" lon="15.412645">
        <ele>522.622443</ele>
        <time>2026-05-10T08:23:44.998Z</time>
      </trkpt>
      <trkpt lat="48.550211" lon="15.412582">
        <ele>523.220976</ele>
        <time>2026-05-10T08:23:48.998Z</time>
      </trkpt>
      <trkpt lat="48.550121" lon="15.412528">
        <ele>524.086174</ele>
        <time>2026-05-10T08:23:52.998Z</time>
      </trkpt>
      <trkpt lat="48.550027" lon="15.412483">
        <ele>525.156191</ele>
        <time>2026-05-10T08:23:57.998Z</time>
      </trkpt>
      <trkpt lat="48.549928" lon="15.412455">
        <ele>526.249138</ele>
        <time>2026-05-10T08:24:02.998Z</time>
      </trkpt>
      <trkpt lat="48.549818" lon="15.412468">
        <ele>527.446431</ele>
        <time>2026-05-10T08:24:07.998Z</time>
      </trkpt>
      <trkpt lat="48.549720" lon="15.412494">
        <ele>528.526136</ele>
        <time>2026-05-10T08:24:12.999Z</time>
      </trkpt>
      <trkpt lat="48.549637" lon="15.412615">
        <ele>529.777796</ele>
        <time>2026-05-10T08:24:17.999Z</time>
      </trkpt>
      <trkpt lat="48.549560" lon="15.412710">
        <ele>530.856606</ele>
        <time>2026-05-10T08:24:22.999Z</time>
      </trkpt>
      <trkpt lat="48.549479" lon="15.412822">
        <ele>532.048172</ele>
        <time>2026-05-10T08:24:28.999Z</time>
      </trkpt>
      <trkpt lat="48.549415" lon="15.412952">
        <ele>533.211934</ele>
        <time>2026-05-10T08:24:34.999Z</time>
      </trkpt>
      <trkpt lat="48.549329" lon="15.413034">
        <ele>534.315494</ele>
        <time>2026-05-10T08:24:40.999Z</time>
      </trkpt>
      <trkpt lat="48.549256" lon="15.413115">
        <ele>535.298369</ele>
        <time>2026-05-10T08:24:46.999Z</time>
      </trkpt>
      <trkpt lat="48.549173" lon="15.413203">
        <ele>536.398724</ele>
        <time>2026-05-10T08:24:51.999Z</time>
      </trkpt>
      <trkpt lat="48.549091" lon="15.413291">
        <ele>537.490214</ele>
        <time>2026-05-10T08:24:57.999Z</time>
      </trkpt>
      <trkpt lat="48.549014" lon="15.413373">
        <ele>538.512520</ele>
        <time>2026-05-10T08:25:03.999Z</time>
      </trkpt>
      <trkpt lat="48.548932" lon="15.413482">
        <ele>539.697773</ele>
        <time>2026-05-10T08:25:09.999Z</time>
      </trkpt>
      <trkpt lat="48.548855" lon="15.413578">
        <ele>540.781148</ele>
        <time>2026-05-10T08:25:16.999Z</time>
      </trkpt>
      <trkpt lat="48.548777" lon="15.413675">
        <ele>541.877465</ele>
        <time>2026-05-10T08:25:23.999Z</time>
      </trkpt>
      <trkpt lat="48.548698" lon="15.413757">
        <ele>542.917586</ele>
        <time>2026-05-10T08:25:29.998Z</time>
      </trkpt>
      <trkpt lat="48.548611" lon="15.413857">
        <ele>543.660481</ele>
        <time>2026-05-10T08:25:36.998Z</time>
      </trkpt>
      <trkpt lat="48.548535" lon="15.413971">
        <ele>544.373145</ele>
        <time>2026-05-10T08:25:43.998Z</time>
      </trkpt>
      <trkpt lat="48.548458" lon="15.414047">
        <ele>544.985173</ele>
        <time>2026-05-10T08:25:50.998Z</time>
      </trkpt>
      <trkpt lat="48.548380" lon="15.414156">
        <ele>545.692206</ele>
        <time>2026-05-10T08:25:58.998Z</time>
      </trkpt>
      <trkpt lat="48.548312" lon="15.414267">
        <ele>546.358382</ele>
        <time>2026-05-10T08:26:03.998Z</time>
      </trkpt>
      <trkpt lat="48.548248" lon="15.414374">
        <ele>546.993594</ele>
        <time>2026-05-10T08:26:08.998Z</time>
      </trkpt>
      <trkpt lat="48.548173" lon="15.414516">
        <ele>547.793774</ele>
        <time>2026-05-10T08:26:13.998Z</time>
      </trkpt>
      <trkpt lat="48.548104" lon="15.414616">
        <ele>548.430032</ele>
        <time>2026-05-10T08:26:17.998Z</time>
      </trkpt>
      <trkpt lat="48.548050" lon="15.414743">
        <ele>549.094905</ele>
        <time>2026-05-10T08:26:24.999Z</time>
      </trkpt>
      <trkpt lat="48.547986" lon="15.414876">
        <ele>549.819178</ele>
        <time>2026-05-10T08:26:31.999Z</time>
      </trkpt>
      <trkpt lat="48.547930" lon="15.415007">
        <ele>550.506072</ele>
        <time>2026-05-10T08:26:39.999Z</time>
      </trkpt>
      <trkpt lat="48.547869" lon="15.415132">
        <ele>551.190120</ele>
        <time>2026-05-10T08:26:45.999Z</time>
      </trkpt>
      <trkpt lat="48.547811" lon="15.415245">
        <ele>551.819962</ele>
        <time>2026-05-10T08:26:51.999Z</time>
      </trkpt>
      <trkpt lat="48.547751" lon="15.415353">
        <ele>552.441017</ele>
        <time>2026-05-10T08:26:57.999Z</time>
      </trkpt>
      <trkpt lat="48.547697" lon="15.415473">
        <ele>553.080168</ele>
        <time>2026-05-10T08:27:03.999Z</time>
      </trkpt>
      <trkpt lat="48.547625" lon="15.415565">
        <ele>553.707665</ele>
        <time>2026-05-10T08:27:09.999Z</time>
      </trkpt>
      <trkpt lat="48.547548" lon="15.415672">
        <ele>554.403838</ele>
        <time>2026-05-10T08:27:16.999Z</time>
      </trkpt>
      <trkpt lat="48.547479" lon="15.415760">
        <ele>554.967982</ele>
        <time>2026-05-10T08:27:22.999Z</time>
      </trkpt>
      <trkpt lat="48.547401" lon="15.415851">
        <ele>555.318830</ele>
        <time>2026-05-10T08:27:29.999Z</time>
      </trkpt>
      <trkpt lat="48.547326" lon="15.415938">
        <ele>555.655465</ele>
        <time>2026-05-10T08:27:35.998Z</time>
      </trkpt>
      <trkpt lat="48.547248" lon="15.416027">
        <ele>556.003453</ele>
        <time>2026-05-10T08:27:41.998Z</time>
      </trkpt>
      <trkpt lat="48.547175" lon="15.416109">
        <ele>556.327304</ele>
        <time>2026-05-10T08:27:47.998Z</time>
      </trkpt>
      <trkpt lat="48.547094" lon="15.416196">
        <ele>556.681120</ele>
        <time>2026-05-10T08:27:53.998Z</time>
      </trkpt>
      <trkpt lat="48.547009" lon="15.416286">
        <ele>557.050647</ele>
        <time>2026-05-10T08:28:00.998Z</time>
      </trkpt>
      <trkpt lat="48.546926" lon="15.416376">
        <ele>557.414366</ele>
        <time>2026-05-10T08:28:06.998Z</time>
      </trkpt>
      <trkpt lat="48.546859" lon="15.416477">
        <ele>557.751332</ele>
        <time>2026-05-10T08:28:12.998Z</time>
      </trkpt>
      <trkpt lat="48.546778" lon="15.416566">
        <ele>558.107901</ele>
        <time>2026-05-10T08:28:18.998Z</time>
      </trkpt>
      <trkpt lat="48.546697" lon="15.416657">
        <ele>558.467262</ele>
        <time>2026-05-10T08:28:24.999Z</time>
      </trkpt>
      <trkpt lat="48.546621" lon="15.416733">
        <ele>558.791731</ele>
        <time>2026-05-10T08:28:30.999Z</time>
      </trkpt>
      <trkpt lat="48.546543" lon="15.416821">
        <ele>559.138305</ele>
        <time>2026-05-10T08:28:37.999Z</time>
      </trkpt>
      <trkpt lat="48.546465" lon="15.416919">
        <ele>559.499476</ele>
        <time>2026-05-10T08:28:43.999Z</time>
      </trkpt>
      <trkpt lat="48.546388" lon="15.417026">
        <ele>559.871937</ele>
        <time>2026-05-10T08:28:49.999Z</time>
      </trkpt>
      <trkpt lat="48.546324" lon="15.417129">
        <ele>560.204852</ele>
        <time>2026-05-10T08:28:55.999Z</time>
      </trkpt>
      <trkpt lat="48.546267" lon="15.417240">
        <ele>560.535922</ele>
        <time>2026-05-10T08:29:02.999Z</time>
      </trkpt>
      <trkpt lat="48.546216" lon="15.417368">
        <ele>560.888004</ele>
        <time>2026-05-10T08:29:09.999Z</time>
      </trkpt>
      <trkpt lat="48.546173" lon="15.417491">
        <ele>561.215817</ele>
        <time>2026-05-10T08:29:15.999Z</time>
      </trkpt>
      <trkpt lat="48.546128" lon="15.417632">
        <ele>561.812742</ele>
        <time>2026-05-10T08:29:22.999Z</time>
      </trkpt>
      <trkpt lat="48.546093" lon="15.417775">
        <ele>562.492137</ele>
        <time>2026-05-10T08:29:29.999Z</time>
      </trkpt>
      <trkpt lat="48.546062" lon="15.417926">
        <ele>563.196637</ele>
        <time>2026-05-10T08:29:36.999Z</time>
      </trkpt>
      <trkpt lat="48.546031" lon="15.418055">
        <ele>563.808191</ele>
        <time>2026-05-10T08:29:42.998Z</time>
      </trkpt>
      <trkpt lat="48.546006" lon="15.418207">
        <ele>564.506127</ele>
        <time>2026-05-10T08:29:49.998Z</time>
      </trkpt>
      <trkpt lat="48.545980" lon="15.418341">
        <ele>565.128379</ele>
        <time>2026-05-10T08:29:55.998Z</time>
      </trkpt>
      <trkpt lat="48.545953" lon="15.418471">
        <ele>565.735528</ele>
        <time>2026-05-10T08:30:00.998Z</time>
      </trkpt>
      <trkpt lat="48.545921" lon="15.418602">
        <ele>566.357766</ele>
        <time>2026-05-10T08:30:05.998Z</time>
      </trkpt>
      <trkpt lat="48.545888" lon="15.418733">
        <ele>566.982365</ele>
        <time>2026-05-10T08:30:10.998Z</time>
      </trkpt>
      <trkpt lat="48.545839" lon="15.418881">
        <ele>567.719765</ele>
        <time>2026-05-10T08:30:16.998Z</time>
      </trkpt>
      <trkpt lat="48.545790" lon="15.419021">
        <ele>568.425461</ele>
        <time>2026-05-10T08:30:22.998Z</time>
      </trkpt>
      <trkpt lat="48.545747" lon="15.419142">
        <ele>569.037442</ele>
        <time>2026-05-10T08:30:27.998Z</time>
      </trkpt>
      <trkpt lat="48.545700" lon="15.419278">
        <ele>569.721097</ele>
        <time>2026-05-10T08:30:33.999Z</time>
      </trkpt>
      <trkpt lat="48.545656" lon="15.419398">
        <ele>570.332389</ele>
        <time>2026-05-10T08:30:38.999Z</time>
      </trkpt>
      <trkpt lat="48.545612" lon="15.419530">
        <ele>570.990970</ele>
        <time>2026-05-10T08:30:43.999Z</time>
      </trkpt>
      <trkpt lat="48.545563" lon="15.419670">
        <ele>571.696668</ele>
        <time>2026-05-10T08:30:49.999Z</time>
      </trkpt>
      <trkpt lat="48.545523" lon="15.419817">
        <ele>572.404914</ele>
        <time>2026-05-10T08:30:55.999Z</time>
      </trkpt>
      <trkpt lat="48.545491" lon="15.419960">
        <ele>573.077580</ele>
        <time>2026-05-10T08:31:01.999Z</time>
      </trkpt>
      <trkpt lat="48.545469" lon="15.420099">
        <ele>573.481522</ele>
        <time>2026-05-10T08:31:07.999Z</time>
      </trkpt>
      <trkpt lat="48.545461" lon="15.420246">
        <ele>573.589202</ele>
        <time>2026-05-10T08:31:13.999Z</time>
      </trkpt>
      <trkpt lat="48.545447" lon="15.420402">
        <ele>573.704132</ele>
        <time>2026-05-10T08:31:20.999Z</time>
      </trkpt>
      <trkpt lat="48.545430" lon="15.420872">
        <ele>574.047770</ele>
        <time>2026-05-10T08:32:41.999Z</time>
      </trkpt>
      <trkpt lat="48.545429" lon="15.421029">
        <ele>574.162394</ele>
        <time>2026-05-10T08:32:45.999Z</time>
      </trkpt>
      <trkpt lat="48.545428" lon="15.421196">
        <ele>574.284319</ele>
        <time>2026-05-10T08:32:49.999Z</time>
      </trkpt>
      <trkpt lat="48.545426" lon="15.421335">
        <ele>574.385821</ele>
        <time>2026-05-10T08:32:52.999Z</time>
      </trkpt>
      <trkpt lat="48.545420" lon="15.421489">
        <ele>574.498444</ele>
        <time>2026-05-10T08:32:55.999Z</time>
      </trkpt>
      <trkpt lat="48.545419" lon="15.421644">
        <ele>574.611608</ele>
        <time>2026-05-10T08:32:58.999Z</time>
      </trkpt>
      <trkpt lat="48.545418" lon="15.421806">
        <ele>574.729882</ele>
        <time>2026-05-10T08:33:01.999Z</time>
      </trkpt>
      <trkpt lat="48.545416" lon="15.421971">
        <ele>574.850362</ele>
        <time>2026-05-10T08:33:04.999Z</time>
      </trkpt>
      <trkpt lat="48.545434" lon="15.422137">
        <ele>574.973166</ele>
        <time>2026-05-10T08:33:07.999Z</time>
      </trkpt>
      <trkpt lat="48.545449" lon="15.422313">
        <ele>575.102716</ele>
        <time>2026-05-10T08:33:10.999Z</time>
      </trkpt>
      <trkpt lat="48.545458" lon="15.422452">
        <ele>575.204678</ele>
        <time>2026-05-10T08:33:12.999Z</time>
      </trkpt>
      <trkpt lat="48.545465" lon="15.422652">
        <ele>575.350893</ele>
        <time>2026-05-10T08:33:15.999Z</time>
      </trkpt>
      <trkpt lat="48.545441" lon="15.422796">
        <ele>575.187549</ele>
        <time>2026-05-10T08:33:17.999Z</time>
      </trkpt>
      <trkpt lat="48.545461" lon="15.423005">
        <ele>574.292881</ele>
        <time>2026-05-10T08:33:20.999Z</time>
      </trkpt>
      <trkpt lat="48.545475" lon="15.423151">
        <ele>573.667871</ele>
        <time>2026-05-10T08:33:22.999Z</time>
      </trkpt>
      <trkpt lat="48.545505" lon="15.423290">
        <ele>573.048468</ele>
        <time>2026-05-10T08:33:24.999Z</time>
      </trkpt>
      <trkpt lat="48.545518" lon="15.423438">
        <ele>572.415945</ele>
        <time>2026-05-10T08:33:26.999Z</time>
      </trkpt>
      <trkpt lat="48.545530" lon="15.423602">
        <ele>571.716900</ele>
        <time>2026-05-10T08:33:28.999Z</time>
      </trkpt>
      <trkpt lat="48.545543" lon="15.423788">
        <ele>570.924499</ele>
        <time>2026-05-10T08:33:30.999Z</time>
      </trkpt>
      <trkpt lat="48.545558" lon="15.423986">
        <ele>570.080164</ele>
        <time>2026-05-10T08:33:32.999Z</time>
      </trkpt>
      <trkpt lat="48.545571" lon="15.424179">
        <ele>569.258265</ele>
        <time>2026-05-10T08:33:34.999Z</time>
      </trkpt>
      <trkpt lat="48.545584" lon="15.424387">
        <ele>568.373120</ele>
        <time>2026-05-10T08:33:36.999Z</time>
      </trkpt>
      <trkpt lat="48.545602" lon="15.424606">
        <ele>567.438166</ele>
        <time>2026-05-10T08:33:38.999Z</time>
      </trkpt>
      <trkpt lat="48.545620" lon="15.424841">
        <ele>566.435908</ele>
        <time>2026-05-10T08:33:40.999Z</time>
      </trkpt>
      <trkpt lat="48.545640" lon="15.425094">
        <ele>565.356417</ele>
        <time>2026-05-10T08:33:42.999Z</time>
      </trkpt>
      <trkpt lat="48.545660" lon="15.425229">
        <ele>564.770322</ele>
        <time>2026-05-10T08:33:43.999Z</time>
      </trkpt>
      <trkpt lat="48.545677" lon="15.425367">
        <ele>564.175627</ele>
        <time>2026-05-10T08:33:44.999Z</time>
      </trkpt>
      <trkpt lat="48.545691" lon="15.425508">
        <ele>563.522532</ele>
        <time>2026-05-10T08:33:45.998Z</time>
      </trkpt>
      <trkpt lat="48.545703" lon="15.425653">
        <ele>562.813400</ele>
        <time>2026-05-10T08:33:46.998Z</time>
      </trkpt>
      <trkpt lat="48.545714" lon="15.425804">
        <ele>562.076205</ele>
        <time>2026-05-10T08:33:47.998Z</time>
      </trkpt>
      <trkpt lat="48.545719" lon="15.425954">
        <ele>561.347365</ele>
        <time>2026-05-10T08:33:48.998Z</time>
      </trkpt>
      <trkpt lat="48.545720" lon="15.426104">
        <ele>560.619409</ele>
        <time>2026-05-10T08:33:49.998Z</time>
      </trkpt>
      <trkpt lat="48.545725" lon="15.426261">
        <ele>559.856640</ele>
        <time>2026-05-10T08:33:50.998Z</time>
      </trkpt>
      <trkpt lat="48.545732" lon="15.426423">
        <ele>559.068815</ele>
        <time>2026-05-10T08:33:51.998Z</time>
      </trkpt>
      <trkpt lat="48.545736" lon="15.426591">
        <ele>558.253019</ele>
        <time>2026-05-10T08:33:52.998Z</time>
      </trkpt>
      <trkpt lat="48.545741" lon="15.426753">
        <ele>557.466013</ele>
        <time>2026-05-10T08:33:53.998Z</time>
      </trkpt>
      <trkpt lat="48.545748" lon="15.426917">
        <ele>556.668503</ele>
        <time>2026-05-10T08:33:54.998Z</time>
      </trkpt>
      <trkpt lat="48.545756" lon="15.427084">
        <ele>555.855969</ele>
        <time>2026-05-10T08:33:55.998Z</time>
      </trkpt>
      <trkpt lat="48.545764" lon="15.427250">
        <ele>555.048274</ele>
        <time>2026-05-10T08:33:56.998Z</time>
      </trkpt>
      <trkpt lat="48.545773" lon="15.427417">
        <ele>554.235178</ele>
        <time>2026-05-10T08:33:57.998Z</time>
      </trkpt>
      <trkpt lat="48.545781" lon="15.427585">
        <ele>553.417803</ele>
        <time>2026-05-10T08:33:58.998Z</time>
      </trkpt>
      <trkpt lat="48.545791" lon="15.427755">
        <ele>552.589580</ele>
        <time>2026-05-10T08:33:59.998Z</time>
      </trkpt>
      <trkpt lat="48.545804" lon="15.427927">
        <ele>551.749479</ele>
        <time>2026-05-10T08:34:00.998Z</time>
      </trkpt>
      <trkpt lat="48.545821" lon="15.428101">
        <ele>550.895949</ele>
        <time>2026-05-10T08:34:01.998Z</time>
      </trkpt>
      <trkpt lat="48.545852" lon="15.428265">
        <ele>550.355188</ele>
        <time>2026-05-10T08:34:02.998Z</time>
      </trkpt>
      <trkpt lat="48.545888" lon="15.428426">
        <ele>549.891184</ele>
        <time>2026-05-10T08:34:03.998Z</time>
      </trkpt>
      <trkpt lat="48.545931" lon="15.428581">
        <ele>549.432305</ele>
        <time>2026-05-10T08:34:04.998Z</time>
      </trkpt>
      <trkpt lat="48.545989" lon="15.428725">
        <ele>548.972065</ele>
        <time>2026-05-10T08:34:05.998Z</time>
      </trkpt>
      <trkpt lat="48.546056" lon="15.428862">
        <ele>548.506991</ele>
        <time>2026-05-10T08:34:06.998Z</time>
      </trkpt>
      <trkpt lat="48.546135" lon="15.428979">
        <ele>548.050677</ele>
        <time>2026-05-10T08:34:07.998Z</time>
      </trkpt>
      <trkpt lat="48.546218" lon="15.429078">
        <ele>547.614489</ele>
        <time>2026-05-10T08:34:08.998Z</time>
      </trkpt>
      <trkpt lat="48.546308" lon="15.429164">
        <ele>547.175252</ele>
        <time>2026-05-10T08:34:09.998Z</time>
      </trkpt>
      <trkpt lat="48.546394" lon="15.429255">
        <ele>546.742180</ele>
        <time>2026-05-10T08:34:10.998Z</time>
      </trkpt>
      <trkpt lat="48.546457" lon="15.429374">
        <ele>546.326137</ele>
        <time>2026-05-10T08:34:11.998Z</time>
      </trkpt>
      <trkpt lat="48.546499" lon="15.429525">
        <ele>545.878929</ele>
        <time>2026-05-10T08:34:12.998Z</time>
      </trkpt>
      <trkpt lat="48.546497" lon="15.429693">
        <ele>545.420142</ele>
        <time>2026-05-10T08:34:13.998Z</time>
      </trkpt>
      <trkpt lat="48.546507" lon="15.429857">
        <ele>544.970455</ele>
        <time>2026-05-10T08:34:14.998Z</time>
      </trkpt>
      <trkpt lat="48.546486" lon="15.430017">
        <ele>544.525083</ele>
        <time>2026-05-10T08:34:15.998Z</time>
      </trkpt>
      <trkpt lat="48.546463" lon="15.430175">
        <ele>544.083367</ele>
        <time>2026-05-10T08:34:16.998Z</time>
      </trkpt>
      <trkpt lat="48.546442" lon="15.430324">
        <ele>543.667415</ele>
        <time>2026-05-10T08:34:17.998Z</time>
      </trkpt>
      <trkpt lat="48.546422" lon="15.430474">
        <ele>543.259475</ele>
        <time>2026-05-10T08:34:18.998Z</time>
      </trkpt>
      <trkpt lat="48.546401" lon="15.430627">
        <ele>542.907528</ele>
        <time>2026-05-10T08:34:19.998Z</time>
      </trkpt>
      <trkpt lat="48.546383" lon="15.430774">
        <ele>542.570808</ele>
        <time>2026-05-10T08:34:20.998Z</time>
      </trkpt>
      <trkpt lat="48.546365" lon="15.430920">
        <ele>542.236302</ele>
        <time>2026-05-10T08:34:21.998Z</time>
      </trkpt>
      <trkpt lat="48.546348" lon="15.431065">
        <ele>541.904621</ele>
        <time>2026-05-10T08:34:22.998Z</time>
      </trkpt>
      <trkpt lat="48.546331" lon="15.431208">
        <ele>541.577374</ele>
        <time>2026-05-10T08:34:23.998Z</time>
      </trkpt>
      <trkpt lat="48.546311" lon="15.431344">
        <ele>541.263579</ele>
        <time>2026-05-10T08:34:24.998Z</time>
      </trkpt>
      <trkpt lat="48.546265" lon="15.431602">
        <ele>540.661750</ele>
        <time>2026-05-10T08:34:26.998Z</time>
      </trkpt>
      <trkpt lat="48.546216" lon="15.431850">
        <ele>540.078804</ele>
        <time>2026-05-10T08:34:28.998Z</time>
      </trkpt>
      <trkpt lat="48.546165" lon="15.432088">
        <ele>539.515345</ele>
        <time>2026-05-10T08:34:30.998Z</time>
      </trkpt>
      <trkpt lat="48.546101" lon="15.432317">
        <ele>538.955461</ele>
        <time>2026-05-10T08:34:32.998Z</time>
      </trkpt>
      <trkpt lat="48.545999" lon="15.432508">
        <ele>538.402722</ele>
        <time>2026-05-10T08:34:34.998Z</time>
      </trkpt>
      <trkpt lat="48.545885" lon="15.432698">
        <ele>537.825147</ele>
        <time>2026-05-10T08:34:36.998Z</time>
      </trkpt>
      <trkpt lat="48.545761" lon="15.432886">
        <ele>537.227393</ele>
        <time>2026-05-10T08:34:38.998Z</time>
      </trkpt>
      <trkpt lat="48.545686" lon="15.432975">
        <ele>536.367420</ele>
        <time>2026-05-10T08:34:39.998Z</time>
      </trkpt>
      <trkpt lat="48.545603" lon="15.433064">
        <ele>535.366686</ele>
        <time>2026-05-10T08:34:40.998Z</time>
      </trkpt>
      <trkpt lat="48.545530" lon="15.433171">
        <ele>534.366616</ele>
        <time>2026-05-10T08:34:41.998Z</time>
      </trkpt>
      <trkpt lat="48.545458" lon="15.433289">
        <ele>533.322118</ele>
        <time>2026-05-10T08:34:42.999Z</time>
      </trkpt>
      <trkpt lat="48.545390" lon="15.433419">
        <ele>532.243728</ele>
        <time>2026-05-10T08:34:43.999Z</time>
      </trkpt>
      <trkpt lat="48.545328" lon="15.433560">
        <ele>531.141993</ele>
        <time>2026-05-10T08:34:44.999Z</time>
      </trkpt>
      <trkpt lat="48.545267" lon="15.433711">
        <ele>529.990629</ele>
        <time>2026-05-10T08:34:45.999Z</time>
      </trkpt>
      <trkpt lat="48.545201" lon="15.433867">
        <ele>528.785618</ele>
        <time>2026-05-10T08:34:46.999Z</time>
      </trkpt>
      <trkpt lat="48.545135" lon="15.434021">
        <ele>527.591555</ele>
        <time>2026-05-10T08:34:47.999Z</time>
      </trkpt>
      <trkpt lat="48.545072" lon="15.434169">
        <ele>526.446297</ele>
        <time>2026-05-10T08:34:48.999Z</time>
      </trkpt>
      <trkpt lat="48.545006" lon="15.434323">
        <ele>525.252231</ele>
        <time>2026-05-10T08:34:49.999Z</time>
      </trkpt>
      <trkpt lat="48.544932" lon="15.434478">
        <ele>524.008388</ele>
        <time>2026-05-10T08:34:50.999Z</time>
      </trkpt>
      <trkpt lat="48.544853" lon="15.434628">
        <ele>522.760794</ele>
        <time>2026-05-10T08:34:51.999Z</time>
      </trkpt>
      <trkpt lat="48.544772" lon="15.434771">
        <ele>521.535833</ele>
        <time>2026-05-10T08:34:52.999Z</time>
      </trkpt>
      <trkpt lat="48.544694" lon="15.434913">
        <ele>520.334853</ele>
        <time>2026-05-10T08:34:53.999Z</time>
      </trkpt>
      <trkpt lat="48.544613" lon="15.435054">
        <ele>519.574702</ele>
        <time>2026-05-10T08:34:54.999Z</time>
      </trkpt>
      <trkpt lat="48.544528" lon="15.435201">
        <ele>519.813882</ele>
        <time>2026-05-10T08:34:55.999Z</time>
      </trkpt>
      <trkpt lat="48.544455" lon="15.435351">
        <ele>520.042024</ele>
        <time>2026-05-10T08:34:56.999Z</time>
      </trkpt>
      <trkpt lat="48.544373" lon="15.435512">
        <ele>520.290955</ele>
        <time>2026-05-10T08:34:57.999Z</time>
      </trkpt>
      <trkpt lat="48.544286" lon="15.435650">
        <ele>520.524480</ele>
        <time>2026-05-10T08:34:58.999Z</time>
      </trkpt>
      <trkpt lat="48.544195" lon="15.435781">
        <ele>520.757173</ele>
        <time>2026-05-10T08:34:59.999Z</time>
      </trkpt>
      <trkpt lat="48.544098" lon="15.435905">
        <ele>520.992397</ele>
        <time>2026-05-10T08:35:00.999Z</time>
      </trkpt>
      <trkpt lat="48.543999" lon="15.436009">
        <ele>521.215613</ele>
        <time>2026-05-10T08:35:01.999Z</time>
      </trkpt>
      <trkpt lat="48.543907" lon="15.436104">
        <ele>521.421901</ele>
        <time>2026-05-10T08:35:02.999Z</time>
      </trkpt>
      <trkpt lat="48.543822" lon="15.436201">
        <ele>521.619097</ele>
        <time>2026-05-10T08:35:03.999Z</time>
      </trkpt>
      <trkpt lat="48.543748" lon="15.436316">
        <ele>521.815627</ele>
        <time>2026-05-10T08:35:04.999Z</time>
      </trkpt>
      <trkpt lat="48.543687" lon="15.436417">
        <ele>521.983167</ele>
        <time>2026-05-10T08:35:05.999Z</time>
      </trkpt>
      <trkpt lat="48.543584" lon="15.436642">
        <ele>522.318399</ele>
        <time>2026-05-10T08:35:07.999Z</time>
      </trkpt>
      <trkpt lat="48.543484" lon="15.436824">
        <ele>522.608244</ele>
        <time>2026-05-10T08:35:09.999Z</time>
      </trkpt>
      <trkpt lat="48.543412" lon="15.437003">
        <ele>523.002439</ele>
        <time>2026-05-10T08:35:11.999Z</time>
      </trkpt>
      <trkpt lat="48.543361" lon="15.437145">
        <ele>524.027352</ele>
        <time>2026-05-10T08:35:13.999Z</time>
      </trkpt>
      <trkpt lat="48.543300" lon="15.437251">
        <ele>524.918388</ele>
        <time>2026-05-10T08:35:16.999Z</time>
      </trkpt>
      <trkpt lat="48.543233" lon="15.437358">
        <ele>525.852757</ele>
        <time>2026-05-10T08:35:18.999Z</time>
      </trkpt>
      <trkpt lat="48.543164" lon="15.437477">
        <ele>526.856342</ele>
        <time>2026-05-10T08:35:21.999Z</time>
      </trkpt>
      <trkpt lat="48.543081" lon="15.437551">
        <ele>527.779933</ele>
        <time>2026-05-10T08:35:25.999Z</time>
      </trkpt>
      <trkpt lat="48.542988" lon="15.437635">
        <ele>528.818315</ele>
        <time>2026-05-10T08:35:29.999Z</time>
      </trkpt>
      <trkpt lat="48.542898" lon="15.437706">
        <ele>529.791310</ele>
        <time>2026-05-10T08:35:33.999Z</time>
      </trkpt>
      <trkpt lat="48.542806" lon="15.437776">
        <ele>530.778463</ele>
        <time>2026-05-10T08:35:38.999Z</time>
      </trkpt>
      <trkpt lat="48.542708" lon="15.437857">
        <ele>531.848983</ele>
        <time>2026-05-10T08:35:43.999Z</time>
      </trkpt>
      <trkpt lat="48.542615" lon="15.437939">
        <ele>532.880912</ele>
        <time>2026-05-10T08:35:48.999Z</time>
      </trkpt>
      <trkpt lat="48.542538" lon="15.438028">
        <ele>533.810043</ele>
        <time>2026-05-10T08:35:53.999Z</time>
      </trkpt>
      <trkpt lat="48.542465" lon="15.438163">
        <ele>534.915909</ele>
        <time>2026-05-10T08:35:58.998Z</time>
      </trkpt>
      <trkpt lat="48.542413" lon="15.438298">
        <ele>535.906812</ele>
        <time>2026-05-10T08:36:03.998Z</time>
      </trkpt>
      <trkpt lat="48.542370" lon="15.438449">
        <ele>536.949677</ele>
        <time>2026-05-10T08:36:09.998Z</time>
      </trkpt>
      <trkpt lat="48.542346" lon="15.438601">
        <ele>537.941073</ele>
        <time>2026-05-10T08:36:14.998Z</time>
      </trkpt>
      <trkpt lat="48.542341" lon="15.438758">
        <ele>538.938298</ele>
        <time>2026-05-10T08:36:19.998Z</time>
      </trkpt>
      <trkpt lat="48.542340" lon="15.438894">
        <ele>539.801191</ele>
        <time>2026-05-10T08:36:24.998Z</time>
      </trkpt>
      <trkpt lat="48.542355" lon="15.439053">
        <ele>540.409842</ele>
        <time>2026-05-10T08:36:30.998Z</time>
      </trkpt>
      <trkpt lat="48.542350" lon="15.439200">
        <ele>540.834310</ele>
        <time>2026-05-10T08:36:36.998Z</time>
      </trkpt>
      <trkpt lat="48.542359" lon="15.439336">
        <ele>541.228453</ele>
        <time>2026-05-10T08:36:41.998Z</time>
      </trkpt>
      <trkpt lat="48.542359" lon="15.439491">
        <ele>541.675433</ele>
        <time>2026-05-10T08:36:47.998Z</time>
      </trkpt>
      <trkpt lat="48.542365" lon="15.439646">
        <ele>542.123176</ele>
        <time>2026-05-10T08:36:53.999Z</time>
      </trkpt>
      <trkpt lat="48.542364" lon="15.439787">
        <ele>542.529806</ele>
        <time>2026-05-10T08:36:59.999Z</time>
      </trkpt>
      <trkpt lat="48.542368" lon="15.439929">
        <ele>542.939668</ele>
        <time>2026-05-10T08:37:04.999Z</time>
      </trkpt>
      <trkpt lat="48.542368" lon="15.440086">
        <ele>543.392415</ele>
        <time>2026-05-10T08:37:10.999Z</time>
      </trkpt>
      <trkpt lat="48.542381" lon="15.440221">
        <ele>543.785816</ele>
        <time>2026-05-10T08:37:15.999Z</time>
      </trkpt>
      <trkpt lat="48.542373" lon="15.440366">
        <ele>544.205407</ele>
        <time>2026-05-10T08:37:20.999Z</time>
      </trkpt>
      <trkpt lat="48.542381" lon="15.440512">
        <ele>544.627872</ele>
        <time>2026-05-10T08:37:25.999Z</time>
      </trkpt>
      <trkpt lat="48.542377" lon="15.440655">
        <ele>545.040615</ele>
        <time>2026-05-10T08:37:30.999Z</time>
      </trkpt>
      <trkpt lat="48.542386" lon="15.440815">
        <ele>545.503675</ele>
        <time>2026-05-10T08:37:35.999Z</time>
      </trkpt>
      <trkpt lat="48.542394" lon="15.440969">
        <ele>545.949136</ele>
        <time>2026-05-10T08:37:40.999Z</time>
      </trkpt>
      <trkpt lat="48.542399" lon="15.441133">
        <ele>546.422570</ele>
        <time>2026-05-10T08:37:45.999Z</time>
      </trkpt>
      <trkpt lat="48.542414" lon="15.441283">
        <ele>546.860036</ele>
        <time>2026-05-10T08:37:50.999Z</time>
      </trkpt>
      <trkpt lat="48.542434" lon="15.441432">
        <ele>547.298455</ele>
        <time>2026-05-10T08:37:55.998Z</time>
      </trkpt>
      <trkpt lat="48.542445" lon="15.441583">
        <ele>547.736527</ele>
        <time>2026-05-10T08:38:00.998Z</time>
      </trkpt>
      <trkpt lat="48.542466" lon="15.441744">
        <ele>548.368629</ele>
        <time>2026-05-10T08:38:05.998Z</time>
      </trkpt>
      <trkpt lat="48.542484" lon="15.441906">
        <ele>549.087104</ele>
        <time>2026-05-10T08:38:10.998Z</time>
      </trkpt>
      <trkpt lat="48.542503" lon="15.442071">
        <ele>549.819625</ele>
        <time>2026-05-10T08:38:15.998Z</time>
      </trkpt>
      <trkpt lat="48.542523" lon="15.442223">
        <ele>550.497454</ele>
        <time>2026-05-10T08:38:20.998Z</time>
      </trkpt>
      <trkpt lat="48.542545" lon="15.442374">
        <ele>551.173709</ele>
        <time>2026-05-10T08:38:25.998Z</time>
      </trkpt>
      <trkpt lat="48.542560" lon="15.442509">
        <ele>551.772437</ele>
        <time>2026-05-10T08:38:29.998Z</time>
      </trkpt>
      <trkpt lat="48.542590" lon="15.442667">
        <ele>552.491364</ele>
        <time>2026-05-10T08:38:34.998Z</time>
      </trkpt>
      <trkpt lat="48.542613" lon="15.442827">
        <ele>553.207486</ele>
        <time>2026-05-10T08:38:39.998Z</time>
      </trkpt>
      <trkpt lat="48.542636" lon="15.442977">
        <ele>553.880929</ele>
        <time>2026-05-10T08:38:44.998Z</time>
      </trkpt>
      <trkpt lat="48.542654" lon="15.443124">
        <ele>554.534789</ele>
        <time>2026-05-10T08:38:49.998Z</time>
      </trkpt>
      <trkpt lat="48.542671" lon="15.443258">
        <ele>555.131548</ele>
        <time>2026-05-10T08:38:54.999Z</time>
      </trkpt>
      <trkpt lat="48.542681" lon="15.443411">
        <ele>555.803999</ele>
        <time>2026-05-10T08:39:00.999Z</time>
      </trkpt>
      <trkpt lat="48.542695" lon="15.443547">
        <ele>556.405989</ele>
        <time>2026-05-10T08:39:05.999Z</time>
      </trkpt>
      <trkpt lat="48.542710" lon="15.443690">
        <ele>557.039250</ele>
        <time>2026-05-10T08:39:10.999Z</time>
      </trkpt>
      <trkpt lat="48.542721" lon="15.443850">
        <ele>557.742827</ele>
        <time>2026-05-10T08:39:16.999Z</time>
      </trkpt>
      <trkpt lat="48.542743" lon="15.443985">
        <ele>558.350920</ele>
        <time>2026-05-10T08:39:21.999Z</time>
      </trkpt>
      <trkpt lat="48.542763" lon="15.444119">
        <ele>558.951723</ele>
        <time>2026-05-10T08:39:26.999Z</time>
      </trkpt>
      <trkpt lat="48.542776" lon="15.444261">
        <ele>559.578718</ele>
        <time>2026-05-10T08:39:31.999Z</time>
      </trkpt>
      <trkpt lat="48.542788" lon="15.444407">
        <ele>559.941149</ele>
        <time>2026-05-10T08:39:36.999Z</time>
      </trkpt>
      <trkpt lat="48.542792" lon="15.444555">
        <ele>560.172746</ele>
        <time>2026-05-10T08:39:41.999Z</time>
      </trkpt>
      <trkpt lat="48.542789" lon="15.444702">
        <ele>560.402696</ele>
        <time>2026-05-10T08:39:46.999Z</time>
      </trkpt>
      <trkpt lat="48.542765" lon="15.444861">
        <ele>560.657679</ele>
        <time>2026-05-10T08:39:51.999Z</time>
      </trkpt>
      <trkpt lat="48.542741" lon="15.445010">
        <ele>560.897443</ele>
        <time>2026-05-10T08:39:55.999Z</time>
      </trkpt>
      <trkpt lat="48.542677" lon="15.445156">
        <ele>561.171223</ele>
        <time>2026-05-10T08:39:59.999Z</time>
      </trkpt>
      <trkpt lat="48.542607" lon="15.445262">
        <ele>561.405311</ele>
        <time>2026-05-10T08:40:02.999Z</time>
      </trkpt>
      <trkpt lat="48.542521" lon="15.445351">
        <ele>561.651511</ele>
        <time>2026-05-10T08:40:05.999Z</time>
      </trkpt>
      <trkpt lat="48.542413" lon="15.445412">
        <ele>561.923817</ele>
        <time>2026-05-10T08:40:08.998Z</time>
      </trkpt>
      <trkpt lat="48.542305" lon="15.445480">
        <ele>562.200147</ele>
        <time>2026-05-10T08:40:11.998Z</time>
      </trkpt>
      <trkpt lat="48.542194" lon="15.445543">
        <ele>562.480184</ele>
        <time>2026-05-10T08:40:14.998Z</time>
      </trkpt>
      <trkpt lat="48.542079" lon="15.445601">
        <ele>562.766513</ele>
        <time>2026-05-10T08:40:17.998Z</time>
      </trkpt>
      <trkpt lat="48.541966" lon="15.445661">
        <ele>563.049387</ele>
        <time>2026-05-10T08:40:20.998Z</time>
      </trkpt>
      <trkpt lat="48.541859" lon="15.445721">
        <ele>563.318935</ele>
        <time>2026-05-10T08:40:23.998Z</time>
      </trkpt>
      <trkpt lat="48.541757" lon="15.445769">
        <ele>563.571242</ele>
        <time>2026-05-10T08:40:26.998Z</time>
      </trkpt>
      <trkpt lat="48.541647" lon="15.445837">
        <ele>563.851938</ele>
        <time>2026-05-10T08:40:30.998Z</time>
      </trkpt>
      <trkpt lat="48.541537" lon="15.445910">
        <ele>564.198172</ele>
        <time>2026-05-10T08:40:34.998Z</time>
      </trkpt>
      <trkpt lat="48.541430" lon="15.445973">
        <ele>564.633650</ele>
        <time>2026-05-10T08:40:38.998Z</time>
      </trkpt>
      <trkpt lat="48.541343" lon="15.446030">
        <ele>564.993251</ele>
        <time>2026-05-10T08:40:41.998Z</time>
      </trkpt>
      <trkpt lat="48.541239" lon="15.446108">
        <ele>565.433558</ele>
        <time>2026-05-10T08:40:45.998Z</time>
      </trkpt>
      <trkpt lat="48.541130" lon="15.446164">
        <ele>565.870139</ele>
        <time>2026-05-10T08:40:49.998Z</time>
      </trkpt>
      <trkpt lat="48.541022" lon="15.446234">
        <ele>566.315786</ele>
        <time>2026-05-10T08:40:53.998Z</time>
      </trkpt>
      <trkpt lat="48.540922" lon="15.446301">
        <ele>566.730616</ele>
        <time>2026-05-10T08:40:57.998Z</time>
      </trkpt>
      <trkpt lat="48.540825" lon="15.446368">
        <ele>567.135074</ele>
        <time>2026-05-10T08:41:01.999Z</time>
      </trkpt>
      <trkpt lat="48.540734" lon="15.446425">
        <ele>567.508640</ele>
        <time>2026-05-10T08:41:05.999Z</time>
      </trkpt>
      <trkpt lat="48.540639" lon="15.446480">
        <ele>567.894434</ele>
        <time>2026-05-10T08:41:09.999Z</time>
      </trkpt>
      <trkpt lat="48.540541" lon="15.446541">
        <ele>568.296367</ele>
        <time>2026-05-10T08:41:13.999Z</time>
      </trkpt>
      <trkpt lat="48.540442" lon="15.446599">
        <ele>568.699023</ele>
        <time>2026-05-10T08:41:17.999Z</time>
      </trkpt>
      <trkpt lat="48.540344" lon="15.446636">
        <ele>569.082070</ele>
        <time>2026-05-10T08:41:21.999Z</time>
      </trkpt>
      <trkpt lat="48.540246" lon="15.446666">
        <ele>569.461238</ele>
        <time>2026-05-10T08:41:25.999Z</time>
      </trkpt>
      <trkpt lat="48.540150" lon="15.446699">
        <ele>569.834575</ele>
        <time>2026-05-10T08:41:29.999Z</time>
      </trkpt>
      <trkpt lat="48.540044" lon="15.446719">
        <ele>570.239647</ele>
        <time>2026-05-10T08:41:33.999Z</time>
      </trkpt>
      <trkpt lat="48.539938" lon="15.446749">
        <ele>570.648591</ele>
        <time>2026-05-10T08:41:37.999Z</time>
      </trkpt>
      <trkpt lat="48.539833" lon="15.446777">
        <ele>570.964346</ele>
        <time>2026-05-10T08:41:41.999Z</time>
      </trkpt>
      <trkpt lat="48.539718" lon="15.446798">
        <ele>571.209102</ele>
        <time>2026-05-10T08:41:45.999Z</time>
      </trkpt>
      <trkpt lat="48.539600" lon="15.446825">
        <ele>571.461272</ele>
        <time>2026-05-10T08:41:49.999Z</time>
      </trkpt>
      <trkpt lat="48.539511" lon="15.446846">
        <ele>571.651604</ele>
        <time>2026-05-10T08:41:52.999Z</time>
      </trkpt>
      <trkpt lat="48.539418" lon="15.446868">
        <ele>571.850501</ele>
        <time>2026-05-10T08:41:55.999Z</time>
      </trkpt>
      <trkpt lat="48.539326" lon="15.446896">
        <ele>572.048798</ele>
        <time>2026-05-10T08:41:58.999Z</time>
      </trkpt>
      <trkpt lat="48.539227" lon="15.446917">
        <ele>572.260031</ele>
        <time>2026-05-10T08:42:01.999Z</time>
      </trkpt>
      <trkpt lat="48.539130" lon="15.446931">
        <ele>572.465918</ele>
        <time>2026-05-10T08:42:04.999Z</time>
      </trkpt>
      <trkpt lat="48.539039" lon="15.446959">
        <ele>572.662144</ele>
        <time>2026-05-10T08:42:07.999Z</time>
      </trkpt>
      <trkpt lat="48.538949" lon="15.446976">
        <ele>572.853789</ele>
        <time>2026-05-10T08:42:10.998Z</time>
      </trkpt>
      <trkpt lat="48.538858" lon="15.446985">
        <ele>573.046477</ele>
        <time>2026-05-10T08:42:13.998Z</time>
      </trkpt>
      <trkpt lat="48.538763" lon="15.446997">
        <ele>573.247906</ele>
        <time>2026-05-10T08:42:16.998Z</time>
      </trkpt>
      <trkpt lat="48.538667" lon="15.446999">
        <ele>573.450766</ele>
        <time>2026-05-10T08:42:19.998Z</time>
      </trkpt>
      <trkpt lat="48.538568" lon="15.447001">
        <ele>573.659964</ele>
        <time>2026-05-10T08:42:22.998Z</time>
      </trkpt>
      <trkpt lat="48.538471" lon="15.447005">
        <ele>573.864995</ele>
        <time>2026-05-10T08:42:25.998Z</time>
      </trkpt>
      <trkpt lat="48.538377" lon="15.446988">
        <ele>574.065029</ele>
        <time>2026-05-10T08:42:28.998Z</time>
      </trkpt>
      <trkpt lat="48.538279" lon="15.446986">
        <ele>574.272114</ele>
        <time>2026-05-10T08:42:31.998Z</time>
      </trkpt>
      <trkpt lat="48.538175" lon="15.446983">
        <ele>574.491899</ele>
        <time>2026-05-10T08:42:34.998Z</time>
      </trkpt>
      <trkpt lat="48.538073" lon="15.446982">
        <ele>574.693138</ele>
        <time>2026-05-10T08:42:37.998Z</time>
      </trkpt>
      <trkpt lat="48.537974" lon="15.446977">
        <ele>574.847197</ele>
        <time>2026-05-10T08:42:40.998Z</time>
      </trkpt>
      <trkpt lat="48.537874" lon="15.446972">
        <ele>575.002811</ele>
        <time>2026-05-10T08:42:43.998Z</time>
      </trkpt>
      <trkpt lat="48.537762" lon="15.446972">
        <ele>575.177002</ele>
        <time>2026-05-10T08:42:46.998Z</time>
      </trkpt>
      <trkpt lat="48.537641" lon="15.446956">
        <ele>575.365911</ele>
        <time>2026-05-10T08:42:49.998Z</time>
      </trkpt>
      <trkpt lat="48.537516" lon="15.446924">
        <ele>575.563094</ele>
        <time>2026-05-10T08:42:52.998Z</time>
      </trkpt>
      <trkpt lat="48.537428" lon="15.446894">
        <ele>575.703402</ele>
        <time>2026-05-10T08:42:54.998Z</time>
      </trkpt>
      <trkpt lat="48.537337" lon="15.446857">
        <ele>575.849972</ele>
        <time>2026-05-10T08:42:56.998Z</time>
      </trkpt>
      <trkpt lat="48.537247" lon="15.446812">
        <ele>575.997419</ele>
        <time>2026-05-10T08:42:58.998Z</time>
      </trkpt>
      <trkpt lat="48.537157" lon="15.446774">
        <ele>576.142762</ele>
        <time>2026-05-10T08:43:00.998Z</time>
      </trkpt>
      <trkpt lat="48.537033" lon="15.446710">
        <ele>576.346567</ele>
        <time>2026-05-10T08:43:03.998Z</time>
      </trkpt>
      <trkpt lat="48.536915" lon="15.446669">
        <ele>576.534885</ele>
        <time>2026-05-10T08:43:06.999Z</time>
      </trkpt>
      <trkpt lat="48.536798" lon="15.446651">
        <ele>576.717794</ele>
        <time>2026-05-10T08:43:09.999Z</time>
      </trkpt>
      <trkpt lat="48.536674" lon="15.446654">
        <ele>576.910674</ele>
        <time>2026-05-10T08:43:12.999Z</time>
      </trkpt>
      <trkpt lat="48.536547" lon="15.446678">
        <ele>577.109735</ele>
        <time>2026-05-10T08:43:15.999Z</time>
      </trkpt>
      <trkpt lat="48.536419" lon="15.446716">
        <ele>577.312621</ele>
        <time>2026-05-10T08:43:18.999Z</time>
      </trkpt>
      <trkpt lat="48.536330" lon="15.446747">
        <ele>577.459398</ele>
        <time>2026-05-10T08:43:20.999Z</time>
      </trkpt>
      <trkpt lat="48.536204" lon="15.446792">
        <ele>577.899918</ele>
        <time>2026-05-10T08:43:23.999Z</time>
      </trkpt>
      <trkpt lat="48.536085" lon="15.446846">
        <ele>578.322680</ele>
        <time>2026-05-10T08:43:26.999Z</time>
      </trkpt>
      <trkpt lat="48.535976" lon="15.446885">
        <ele>578.703802</ele>
        <time>2026-05-10T08:43:29.999Z</time>
      </trkpt>
      <trkpt lat="48.535872" lon="15.446933">
        <ele>579.073802</ele>
        <time>2026-05-10T08:43:32.999Z</time>
      </trkpt>
      <trkpt lat="48.535781" lon="15.446980">
        <ele>579.401022</ele>
        <time>2026-05-10T08:43:35.999Z</time>
      </trkpt>
      <trkpt lat="48.535695" lon="15.447030">
        <ele>579.714557</ele>
        <time>2026-05-10T08:43:38.999Z</time>
      </trkpt>
      <trkpt lat="48.535598" lon="15.447119">
        <ele>580.100720</ele>
        <time>2026-05-10T08:43:42.999Z</time>
      </trkpt>
      <trkpt lat="48.535515" lon="15.447210">
        <ele>580.449686</ele>
        <time>2026-05-10T08:43:46.999Z</time>
      </trkpt>
      <trkpt lat="48.535444" lon="15.447295">
        <ele>580.757948</ele>
        <time>2026-05-10T08:43:50.999Z</time>
      </trkpt>
      <trkpt lat="48.535368" lon="15.447404">
        <ele>581.114550</ele>
        <time>2026-05-10T08:43:55.999Z</time>
      </trkpt>
      <trkpt lat="48.535295" lon="15.447527">
        <ele>581.486674</ele>
        <time>2026-05-10T08:44:00.999Z</time>
      </trkpt>
      <trkpt lat="48.535229" lon="15.447664">
        <ele>581.868365</ele>
        <time>2026-05-10T08:44:05.999Z</time>
      </trkpt>
      <trkpt lat="48.535160" lon="15.447797">
        <ele>582.249016</ele>
        <time>2026-05-10T08:44:10.999Z</time>
      </trkpt>
      <trkpt lat="48.535111" lon="15.447915">
        <ele>582.562809</ele>
        <time>2026-05-10T08:44:14.998Z</time>
      </trkpt>
      <trkpt lat="48.535054" lon="15.448036">
        <ele>582.897357</ele>
        <time>2026-05-10T08:44:18.998Z</time>
      </trkpt>
      <trkpt lat="48.534994" lon="15.448167">
        <ele>583.256211</ele>
        <time>2026-05-10T08:44:22.998Z</time>
      </trkpt>
      <trkpt lat="48.534930" lon="15.448305">
        <ele>583.569571</ele>
        <time>2026-05-10T08:44:26.998Z</time>
      </trkpt>
      <trkpt lat="48.534880" lon="15.448419">
        <ele>583.566065</ele>
        <time>2026-05-10T08:44:29.998Z</time>
      </trkpt>
      <trkpt lat="48.534820" lon="15.448527">
        <ele>583.562451</ele>
        <time>2026-05-10T08:44:32.998Z</time>
      </trkpt>
      <trkpt lat="48.534752" lon="15.448639">
        <ele>583.558555</ele>
        <time>2026-05-10T08:44:35.998Z</time>
      </trkpt>
      <trkpt lat="48.534685" lon="15.448762">
        <ele>583.554471</ele>
        <time>2026-05-10T08:44:38.998Z</time>
      </trkpt>
      <trkpt lat="48.534611" lon="15.448886">
        <ele>583.550191</ele>
        <time>2026-05-10T08:44:41.998Z</time>
      </trkpt>
      <trkpt lat="48.534537" lon="15.449014">
        <ele>583.545834</ele>
        <time>2026-05-10T08:44:44.998Z</time>
      </trkpt>
      <trkpt lat="48.534460" lon="15.449135">
        <ele>583.541531</ele>
        <time>2026-05-10T08:44:47.998Z</time>
      </trkpt>
      <trkpt lat="48.534390" lon="15.449249">
        <ele>583.537545</ele>
        <time>2026-05-10T08:44:50.998Z</time>
      </trkpt>
      <trkpt lat="48.534320" lon="15.449359">
        <ele>583.533633</ele>
        <time>2026-05-10T08:44:53.998Z</time>
      </trkpt>
      <trkpt lat="48.534247" lon="15.449468">
        <ele>583.529658</ele>
        <time>2026-05-10T08:44:56.998Z</time>
      </trkpt>
      <trkpt lat="48.534176" lon="15.449586">
        <ele>583.525570</ele>
        <time>2026-05-10T08:44:59.998Z</time>
      </trkpt>
      <trkpt lat="48.534094" lon="15.449712">
        <ele>583.521040</ele>
        <time>2026-05-10T08:45:02.998Z</time>
      </trkpt>
      <trkpt lat="48.534012" lon="15.449841">
        <ele>583.516455</ele>
        <time>2026-05-10T08:45:05.998Z</time>
      </trkpt>
      <trkpt lat="48.533939" lon="15.449982">
        <ele>583.511866</ele>
        <time>2026-05-10T08:45:08.998Z</time>
      </trkpt>
      <trkpt lat="48.533855" lon="15.450114">
        <ele>583.507171</ele>
        <time>2026-05-10T08:45:11.998Z</time>
      </trkpt>
      <trkpt lat="48.533777" lon="15.450246">
        <ele>583.502635</ele>
        <time>2026-05-10T08:45:14.999Z</time>
      </trkpt>
      <trkpt lat="48.533697" lon="15.450380">
        <ele>583.748842</ele>
        <time>2026-05-10T08:45:17.999Z</time>
      </trkpt>
      <trkpt lat="48.533626" lon="15.450512">
        <ele>584.155574</ele>
        <time>2026-05-10T08:45:20.999Z</time>
      </trkpt>
      <trkpt lat="48.533558" lon="15.450632">
        <ele>584.533321</ele>
        <time>2026-05-10T08:45:23.999Z</time>
      </trkpt>
      <trkpt lat="48.533499" lon="15.450742">
        <ele>584.871885</ele>
        <time>2026-05-10T08:45:26.999Z</time>
      </trkpt>
      <trkpt lat="48.533440" lon="15.450855">
        <ele>585.216055</ele>
        <time>2026-05-10T08:45:29.999Z</time>
      </trkpt>
      <trkpt lat="48.533384" lon="15.450976">
        <ele>585.569128</ele>
        <time>2026-05-10T08:45:32.999Z</time>
      </trkpt>
      <trkpt lat="48.533327" lon="15.451096">
        <ele>585.922337</ele>
        <time>2026-05-10T08:45:35.999Z</time>
      </trkpt>
      <trkpt lat="48.533276" lon="15.451216">
        <ele>586.263369</ele>
        <time>2026-05-10T08:45:38.999Z</time>
      </trkpt>
      <trkpt lat="48.533227" lon="15.451333">
        <ele>586.594469</ele>
        <time>2026-05-10T08:45:41.999Z</time>
      </trkpt>
      <trkpt lat="48.533174" lon="15.451485">
        <ele>587.005329</ele>
        <time>2026-05-10T08:45:45.999Z</time>
      </trkpt>
      <trkpt lat="48.533124" lon="15.451625">
        <ele>587.385765</ele>
        <time>2026-05-10T08:45:49.999Z</time>
      </trkpt>
      <trkpt lat="48.533083" lon="15.451763">
        <ele>587.747521</ele>
        <time>2026-05-10T08:45:53.999Z</time>
      </trkpt>
      <trkpt lat="48.533038" lon="15.451904">
        <ele>588.121878</ele>
        <time>2026-05-10T08:45:57.999Z</time>
      </trkpt>
      <trkpt lat="48.532993" lon="15.452045">
        <ele>588.496234</ele>
        <time>2026-05-10T08:46:01.999Z</time>
      </trkpt>
      <trkpt lat="48.532950" lon="15.452188">
        <ele>588.871862</ele>
        <time>2026-05-10T08:46:05.999Z</time>
      </trkpt>
      <trkpt lat="48.532902" lon="15.452339">
        <ele>589.272470</ele>
        <time>2026-05-10T08:46:09.999Z</time>
      </trkpt>
      <trkpt lat="48.532853" lon="15.452485">
        <ele>589.663951</ele>
        <time>2026-05-10T08:46:13.999Z</time>
      </trkpt>
      <trkpt lat="48.532808" lon="15.452647">
        <ele>590.045221</ele>
        <time>2026-05-10T08:46:17.999Z</time>
      </trkpt>
      <trkpt lat="48.532762" lon="15.452801">
        <ele>590.268681</ele>
        <time>2026-05-10T08:46:21.999Z</time>
      </trkpt>
      <trkpt lat="48.532717" lon="15.452959">
        <ele>590.496177</ele>
        <time>2026-05-10T08:46:25.998Z</time>
      </trkpt>
      <trkpt lat="48.532667" lon="15.453104">
        <ele>590.712414</ele>
        <time>2026-05-10T08:46:29.998Z</time>
      </trkpt>
      <trkpt lat="48.532621" lon="15.453265">
        <ele>590.944346</ele>
        <time>2026-05-10T08:46:33.998Z</time>
      </trkpt>
      <trkpt lat="48.532575" lon="15.453431">
        <ele>591.182364</ele>
        <time>2026-05-10T08:46:37.998Z</time>
      </trkpt>
      <trkpt lat="48.532517" lon="15.453593">
        <ele>591.425955</ele>
        <time>2026-05-10T08:46:41.998Z</time>
      </trkpt>
      <trkpt lat="48.532475" lon="15.453730">
        <ele>591.625643</ele>
        <time>2026-05-10T08:46:44.998Z</time>
      </trkpt>
      <trkpt lat="48.532432" lon="15.453870">
        <ele>591.829771</ele>
        <time>2026-05-10T08:46:47.998Z</time>
      </trkpt>
      <trkpt lat="48.532388" lon="15.454012">
        <ele>592.037141</ele>
        <time>2026-05-10T08:46:50.998Z</time>
      </trkpt>
      <trkpt lat="48.532340" lon="15.454156">
        <ele>592.250381</ele>
        <time>2026-05-10T08:46:53.998Z</time>
      </trkpt>
      <trkpt lat="48.532288" lon="15.454308">
        <ele>592.476678</ele>
        <time>2026-05-10T08:46:56.998Z</time>
      </trkpt>
      <trkpt lat="48.532237" lon="15.454457">
        <ele>592.698533</ele>
        <time>2026-05-10T08:46:59.998Z</time>
      </trkpt>
      <trkpt lat="48.532190" lon="15.454606">
        <ele>592.916834</ele>
        <time>2026-05-10T08:47:02.998Z</time>
      </trkpt>
      <trkpt lat="48.532139" lon="15.454744">
        <ele>593.125871</ele>
        <time>2026-05-10T08:47:05.998Z</time>
      </trkpt>
      <trkpt lat="48.532086" lon="15.454892">
        <ele>593.348424</ele>
        <time>2026-05-10T08:47:08.998Z</time>
      </trkpt>
      <trkpt lat="48.532035" lon="15.455047">
        <ele>593.577359</ele>
        <time>2026-05-10T08:47:11.998Z</time>
      </trkpt>
      <trkpt lat="48.531983" lon="15.455198">
        <ele>593.782993</ele>
        <time>2026-05-10T08:47:14.998Z</time>
      </trkpt>
      <trkpt lat="48.531933" lon="15.455369">
        <ele>594.007590</ele>
        <time>2026-05-10T08:47:17.998Z</time>
      </trkpt>
      <trkpt lat="48.531884" lon="15.455529">
        <ele>594.219395</ele>
        <time>2026-05-10T08:47:20.999Z</time>
      </trkpt>
      <trkpt lat="48.531824" lon="15.455698">
        <ele>594.449793</ele>
        <time>2026-05-10T08:47:23.999Z</time>
      </trkpt>
      <trkpt lat="48.531761" lon="15.455851">
        <ele>594.666267</ele>
        <time>2026-05-10T08:47:26.999Z</time>
      </trkpt>
      <trkpt lat="48.531721" lon="15.455997">
        <ele>594.856109</ele>
        <time>2026-05-10T08:47:29.999Z</time>
      </trkpt>
      <trkpt lat="48.531674" lon="15.456144">
        <ele>595.052242</ele>
        <time>2026-05-10T08:47:32.999Z</time>
      </trkpt>
      <trkpt lat="48.531662" lon="15.456313">
        <ele>595.256463</ele>
        <time>2026-05-10T08:47:35.999Z</time>
      </trkpt>
      <trkpt lat="48.531651" lon="15.456456">
        <ele>595.429435</ele>
        <time>2026-05-10T08:47:38.999Z</time>
      </trkpt>
      <trkpt lat="48.531627" lon="15.456626">
        <ele>595.638284</ele>
        <time>2026-05-10T08:47:42.999Z</time>
      </trkpt>
      <trkpt lat="48.531606" lon="15.456768">
        <ele>595.813103</ele>
        <time>2026-05-10T08:47:45.999Z</time>
      </trkpt>
      <trkpt lat="48.531607" lon="15.456940">
        <ele>596.019773</ele>
        <time>2026-05-10T08:47:49.999Z</time>
      </trkpt>
      <trkpt lat="48.531576" lon="15.457111">
        <ele>596.232793</ele>
        <time>2026-05-10T08:47:53.999Z</time>
      </trkpt>
      <trkpt lat="48.531562" lon="15.457287">
        <ele>596.445781</ele>
        <time>2026-05-10T08:47:57.999Z</time>
      </trkpt>
      <trkpt lat="48.531548" lon="15.457459">
        <ele>596.653998</ele>
        <time>2026-05-10T08:48:01.999Z</time>
      </trkpt>
      <trkpt lat="48.531529" lon="15.457633">
        <ele>596.864889</ele>
        <time>2026-05-10T08:48:05.999Z</time>
      </trkpt>
      <trkpt lat="48.531514" lon="15.457782">
        <ele>597.031627</ele>
        <time>2026-05-10T08:48:08.999Z</time>
      </trkpt>
      <trkpt lat="48.531514" lon="15.457935">
        <ele>597.200897</ele>
        <time>2026-05-10T08:48:11.999Z</time>
      </trkpt>
      <trkpt lat="48.531506" lon="15.458084">
        <ele>597.366283</ele>
        <time>2026-05-10T08:48:14.999Z</time>
      </trkpt>
      <trkpt lat="48.531492" lon="15.458242">
        <ele>597.542643</ele>
        <time>2026-05-10T08:48:17.999Z</time>
      </trkpt>
      <trkpt lat="48.531481" lon="15.458407">
        <ele>597.726112</ele>
        <time>2026-05-10T08:48:20.999Z</time>
      </trkpt>
      <trkpt lat="48.531463" lon="15.458573">
        <ele>597.912210</ele>
        <time>2026-05-10T08:48:23.999Z</time>
      </trkpt>
      <trkpt lat="48.531439" lon="15.458730">
        <ele>598.090474</ele>
        <time>2026-05-10T08:48:26.999Z</time>
      </trkpt>
      <trkpt lat="48.531434" lon="15.458896">
        <ele>598.274316</ele>
        <time>2026-05-10T08:48:29.998Z</time>
      </trkpt>
      <trkpt lat="48.531419" lon="15.459060">
        <ele>598.457479</ele>
        <time>2026-05-10T08:48:32.998Z</time>
      </trkpt>
      <trkpt lat="48.531405" lon="15.459222">
        <ele>598.638226</ele>
        <time>2026-05-10T08:48:35.998Z</time>
      </trkpt>
      <trkpt lat="48.531384" lon="15.459392">
        <ele>598.829549</ele>
        <time>2026-05-10T08:48:38.998Z</time>
      </trkpt>
      <trkpt lat="48.531365" lon="15.459553">
        <ele>599.010476</ele>
        <time>2026-05-10T08:48:41.998Z</time>
      </trkpt>
      <trkpt lat="48.531347" lon="15.459707">
        <ele>599.183487</ele>
        <time>2026-05-10T08:48:44.998Z</time>
      </trkpt>
      <trkpt lat="48.531327" lon="15.459860">
        <ele>599.356024</ele>
        <time>2026-05-10T08:48:47.998Z</time>
      </trkpt>
      <trkpt lat="48.531312" lon="15.460012">
        <ele>599.526045</ele>
        <time>2026-05-10T08:48:50.998Z</time>
      </trkpt>
      <trkpt lat="48.531286" lon="15.460160">
        <ele>599.695448</ele>
        <time>2026-05-10T08:48:53.998Z</time>
      </trkpt>
      <trkpt lat="48.531284" lon="15.460319">
        <ele>599.875105</ele>
        <time>2026-05-10T08:48:56.998Z</time>
      </trkpt>
      <trkpt lat="48.531276" lon="15.460463">
        <ele>600.080209</ele>
        <time>2026-05-10T08:48:59.998Z</time>
      </trkpt>
      <trkpt lat="48.531264" lon="15.460600">
        <ele>600.276353</ele>
        <time>2026-05-10T08:49:02.998Z</time>
      </trkpt>
      <trkpt lat="48.531247" lon="15.460764">
        <ele>600.511961</ele>
        <time>2026-05-10T08:49:06.998Z</time>
      </trkpt>
      <trkpt lat="48.531262" lon="15.460932">
        <ele>600.752570</ele>
        <time>2026-05-10T08:49:10.998Z</time>
      </trkpt>
      <trkpt lat="48.531256" lon="15.461093">
        <ele>600.981446</ele>
        <time>2026-05-10T08:49:14.998Z</time>
      </trkpt>
      <trkpt lat="48.531239" lon="15.461250">
        <ele>601.207244</ele>
        <time>2026-05-10T08:49:18.998Z</time>
      </trkpt>
      <trkpt lat="48.531234" lon="15.461411">
        <ele>601.436010</ele>
        <time>2026-05-10T08:49:22.998Z</time>
      </trkpt>
      <trkpt lat="48.531229" lon="15.461581">
        <ele>601.677537</ele>
        <time>2026-05-10T08:49:26.999Z</time>
      </trkpt>
      <trkpt lat="48.531223" lon="15.461757">
        <ele>601.927674</ele>
        <time>2026-05-10T08:49:30.999Z</time>
      </trkpt>
      <trkpt lat="48.531218" lon="15.461920">
        <ele>602.159276</ele>
        <time>2026-05-10T08:49:34.999Z</time>
      </trkpt>
      <trkpt lat="48.531236" lon="15.462093">
        <ele>602.407836</ele>
        <time>2026-05-10T08:49:38.999Z</time>
      </trkpt>
      <trkpt lat="48.531231" lon="15.462269">
        <ele>602.657872</ele>
        <time>2026-05-10T08:49:42.999Z</time>
      </trkpt>
      <trkpt lat="48.531221" lon="15.462437">
        <ele>602.897284</ele>
        <time>2026-05-10T08:49:46.999Z</time>
      </trkpt>
      <trkpt lat="48.531210" lon="15.462593">
        <ele>603.119954</ele>
        <time>2026-05-10T08:49:50.999Z</time>
      </trkpt>
      <trkpt lat="48.531186" lon="15.462737">
        <ele>603.330715</ele>
        <time>2026-05-10T08:49:54.999Z</time>
      </trkpt>
      <trkpt lat="48.531153" lon="15.462893">
        <ele>603.563156</ele>
        <time>2026-05-10T08:49:58.999Z</time>
      </trkpt>
      <trkpt lat="48.531112" lon="15.463039">
        <ele>603.708261</ele>
        <time>2026-05-10T08:50:02.999Z</time>
      </trkpt>
      <trkpt lat="48.531055" lon="15.463182">
        <ele>603.692081</ele>
        <time>2026-05-10T08:50:06.999Z</time>
      </trkpt>
      <trkpt lat="48.530988" lon="15.463317">
        <ele>603.675727</ele>
        <time>2026-05-10T08:50:10.999Z</time>
      </trkpt>
      <trkpt lat="48.530915" lon="15.463442">
        <ele>603.659571</ele>
        <time>2026-05-10T08:50:14.999Z</time>
      </trkpt>
      <trkpt lat="48.530854" lon="15.463552">
        <ele>603.645663</ele>
        <time>2026-05-10T08:50:17.999Z</time>
      </trkpt>
      <trkpt lat="48.530791" lon="15.463663">
        <ele>603.631491</ele>
        <time>2026-05-10T08:50:20.999Z</time>
      </trkpt>
      <trkpt lat="48.530725" lon="15.463780">
        <ele>603.616592</ele>
        <time>2026-05-10T08:50:23.999Z</time>
      </trkpt>
      <trkpt lat="48.530653" lon="15.463895">
        <ele>603.601251</ele>
        <time>2026-05-10T08:50:26.999Z</time>
      </trkpt>
      <trkpt lat="48.530579" lon="15.464007">
        <ele>603.585914</ele>
        <time>2026-05-10T08:50:30.999Z</time>
      </trkpt>
      <trkpt lat="48.530611" lon="15.464228">
        <ele>603.563984</ele>
        <time>2026-05-10T08:50:33.999Z</time>
      </trkpt>
      <trkpt lat="48.530597" lon="15.464366">
        <ele>603.550451</ele>
        <time>2026-05-10T08:50:36.999Z</time>
      </trkpt>
      <trkpt lat="48.530579" lon="15.464505">
        <ele>603.536721</ele>
        <time>2026-05-10T08:50:39.998Z</time>
      </trkpt>
      <trkpt lat="48.530548" lon="15.464648">
        <ele>603.522135</ele>
        <time>2026-05-10T08:50:42.998Z</time>
      </trkpt>
      <trkpt lat="48.530565" lon="15.464800">
        <ele>603.507192</ele>
        <time>2026-05-10T08:50:45.998Z</time>
      </trkpt>
      <trkpt lat="48.530572" lon="15.464959">
        <ele>603.491744</ele>
        <time>2026-05-10T08:50:48.998Z</time>
      </trkpt>
      <trkpt lat="48.530592" lon="15.465121">
        <ele>603.475770</ele>
        <time>2026-05-10T08:50:51.998Z</time>
      </trkpt>
      <trkpt lat="48.530602" lon="15.465271">
        <ele>603.461155</ele>
        <time>2026-05-10T08:50:54.998Z</time>
      </trkpt>
      <trkpt lat="48.530619" lon="15.465433">
        <ele>603.396149</ele>
        <time>2026-05-10T08:50:57.998Z</time>
      </trkpt>
      <trkpt lat="48.530638" lon="15.465595">
        <ele>603.217894</ele>
        <time>2026-05-10T08:51:00.998Z</time>
      </trkpt>
      <trkpt lat="48.530655" lon="15.465757">
        <ele>603.040181</ele>
        <time>2026-05-10T08:51:03.998Z</time>
      </trkpt>
      <trkpt lat="48.530693" lon="15.465912">
        <ele>602.861104</ele>
        <time>2026-05-10T08:51:06.998Z</time>
      </trkpt>
      <trkpt lat="48.530646" lon="15.466064">
        <ele>602.679347</ele>
        <time>2026-05-10T08:51:08.998Z</time>
      </trkpt>
      <trkpt lat="48.530657" lon="15.466199">
        <ele>602.531975</ele>
        <time>2026-05-10T08:51:10.998Z</time>
      </trkpt>
      <trkpt lat="48.530668" lon="15.466341">
        <ele>602.377072</ele>
        <time>2026-05-10T08:51:12.998Z</time>
      </trkpt>
      <trkpt lat="48.530685" lon="15.466488">
        <ele>602.215391</ele>
        <time>2026-05-10T08:51:14.998Z</time>
      </trkpt>
      <trkpt lat="48.530697" lon="15.466632">
        <ele>602.058140</ele>
        <time>2026-05-10T08:51:16.998Z</time>
      </trkpt>
      <trkpt lat="48.530711" lon="15.466778">
        <ele>601.898303</ele>
        <time>2026-05-10T08:51:18.998Z</time>
      </trkpt>
      <trkpt lat="48.530724" lon="15.466925">
        <ele>601.737619</ele>
        <time>2026-05-10T08:51:20.998Z</time>
      </trkpt>
      <trkpt lat="48.530738" lon="15.467071">
        <ele>601.577782</ele>
        <time>2026-05-10T08:51:22.998Z</time>
      </trkpt>
      <trkpt lat="48.530749" lon="15.467221">
        <ele>601.414268</ele>
        <time>2026-05-10T08:51:24.998Z</time>
      </trkpt>
      <trkpt lat="48.530751" lon="15.467377">
        <ele>601.245214</ele>
        <time>2026-05-10T08:51:26.998Z</time>
      </trkpt>
      <trkpt lat="48.530758" lon="15.467529">
        <ele>601.080129</ele>
        <time>2026-05-10T08:51:28.998Z</time>
      </trkpt>
      <trkpt lat="48.530751" lon="15.467684">
        <ele>600.911800</ele>
        <time>2026-05-10T08:51:30.999Z</time>
      </trkpt>
      <trkpt lat="48.530744" lon="15.467840">
        <ele>600.742391</ele>
        <time>2026-05-10T08:51:32.999Z</time>
      </trkpt>
      <trkpt lat="48.530737" lon="15.467997">
        <ele>600.571901</ele>
        <time>2026-05-10T08:51:34.999Z</time>
      </trkpt>
      <trkpt lat="48.530736" lon="15.468161">
        <ele>600.401855</ele>
        <time>2026-05-10T08:51:36.999Z</time>
      </trkpt>
      <trkpt lat="48.530750" lon="15.468326">
        <ele>600.233816</ele>
        <time>2026-05-10T08:51:38.999Z</time>
      </trkpt>
      <trkpt lat="48.530773" lon="15.468491">
        <ele>600.063487</ele>
        <time>2026-05-10T08:51:40.999Z</time>
      </trkpt>
      <trkpt lat="48.530804" lon="15.468646">
        <ele>599.899927</ele>
        <time>2026-05-10T08:51:42.999Z</time>
      </trkpt>
      <trkpt lat="48.530838" lon="15.468797">
        <ele>599.738817</ele>
        <time>2026-05-10T08:51:44.999Z</time>
      </trkpt>
      <trkpt lat="48.530869" lon="15.468951">
        <ele>599.576225</ele>
        <time>2026-05-10T08:51:46.999Z</time>
      </trkpt>
      <trkpt lat="48.530897" lon="15.469108">
        <ele>599.411980</ele>
        <time>2026-05-10T08:51:48.999Z</time>
      </trkpt>
      <trkpt lat="48.530923" lon="15.469266">
        <ele>599.247521</ele>
        <time>2026-05-10T08:51:50.999Z</time>
      </trkpt>
      <trkpt lat="48.530941" lon="15.469431">
        <ele>599.078599</ele>
        <time>2026-05-10T08:51:52.999Z</time>
      </trkpt>
      <trkpt lat="48.530956" lon="15.469596">
        <ele>598.910360</ele>
        <time>2026-05-10T08:51:54.999Z</time>
      </trkpt>
      <trkpt lat="48.530968" lon="15.469764">
        <ele>598.739670</ele>
        <time>2026-05-10T08:51:56.999Z</time>
      </trkpt>
      <trkpt lat="48.530982" lon="15.469934">
        <ele>598.566621</ele>
        <time>2026-05-10T08:51:58.999Z</time>
      </trkpt>
      <trkpt lat="48.530996" lon="15.470106">
        <ele>598.391567</ele>
        <time>2026-05-10T08:52:00.999Z</time>
      </trkpt>
      <trkpt lat="48.531008" lon="15.470275">
        <ele>598.219872</ele>
        <time>2026-05-10T08:52:02.999Z</time>
      </trkpt>
      <trkpt lat="48.531016" lon="15.470441">
        <ele>598.051743</ele>
        <time>2026-05-10T08:52:04.999Z</time>
      </trkpt>
      <trkpt lat="48.531027" lon="15.470602">
        <ele>597.888245</ele>
        <time>2026-05-10T08:52:06.999Z</time>
      </trkpt>
      <trkpt lat="48.531038" lon="15.470758">
        <ele>597.733271</ele>
        <time>2026-05-10T08:52:08.999Z</time>
      </trkpt>
      <trkpt lat="48.531046" lon="15.470911">
        <ele>597.594284</ele>
        <time>2026-05-10T08:52:10.999Z</time>
      </trkpt>
      <trkpt lat="48.531053" lon="15.471061">
        <ele>597.458108</ele>
        <time>2026-05-10T08:52:12.999Z</time>
      </trkpt>
      <trkpt lat="48.531065" lon="15.471210">
        <ele>597.322180</ele>
        <time>2026-05-10T08:52:14.999Z</time>
      </trkpt>
      <trkpt lat="48.531081" lon="15.471358">
        <ele>597.186378</ele>
        <time>2026-05-10T08:52:16.999Z</time>
      </trkpt>
      <trkpt lat="48.531106" lon="15.471502">
        <ele>597.051565</ele>
        <time>2026-05-10T08:52:18.999Z</time>
      </trkpt>
      <trkpt lat="48.531140" lon="15.471641">
        <ele>596.917375</ele>
        <time>2026-05-10T08:52:20.999Z</time>
      </trkpt>
      <trkpt lat="48.531181" lon="15.471772">
        <ele>596.786160</ele>
        <time>2026-05-10T08:52:22.999Z</time>
      </trkpt>
      <trkpt lat="48.531221" lon="15.471909">
        <ele>596.650570</ele>
        <time>2026-05-10T08:52:24.999Z</time>
      </trkpt>
      <trkpt lat="48.531253" lon="15.472057">
        <ele>596.509579</ele>
        <time>2026-05-10T08:52:26.999Z</time>
      </trkpt>
      <trkpt lat="48.531279" lon="15.472205">
        <ele>596.370916</ele>
        <time>2026-05-10T08:52:28.999Z</time>
      </trkpt>
      <trkpt lat="48.531299" lon="15.472354">
        <ele>596.233239</ele>
        <time>2026-05-10T08:52:30.999Z</time>
      </trkpt>
      <trkpt lat="48.531316" lon="15.472498">
        <ele>596.100778</ele>
        <time>2026-05-10T08:52:32.999Z</time>
      </trkpt>
      <trkpt lat="48.531336" lon="15.472642">
        <ele>595.967536</ele>
        <time>2026-05-10T08:52:34.999Z</time>
      </trkpt>
      <trkpt lat="48.531351" lon="15.472787">
        <ele>595.834633</ele>
        <time>2026-05-10T08:52:36.999Z</time>
      </trkpt>
      <trkpt lat="48.531370" lon="15.472930">
        <ele>595.702553</ele>
        <time>2026-05-10T08:52:38.999Z</time>
      </trkpt>
      <trkpt lat="48.531389" lon="15.473072">
        <ele>595.571360</ele>
        <time>2026-05-10T08:52:40.998Z</time>
      </trkpt>
      <trkpt lat="48.531412" lon="15.473266">
        <ele>595.392883</ele>
        <time>2026-05-10T08:52:43.998Z</time>
      </trkpt>
      <trkpt lat="48.531409" lon="15.473464">
        <ele>595.183802</ele>
        <time>2026-05-10T08:52:46.998Z</time>
      </trkpt>
      <trkpt lat="48.531413" lon="15.473600">
        <ele>595.019968</ele>
        <time>2026-05-10T08:52:48.998Z</time>
      </trkpt>
      <trkpt lat="48.531411" lon="15.473743">
        <ele>594.847832</ele>
        <time>2026-05-10T08:52:50.998Z</time>
      </trkpt>
      <trkpt lat="48.531407" lon="15.473892">
        <ele>594.668367</ele>
        <time>2026-05-10T08:52:52.998Z</time>
      </trkpt>
      <trkpt lat="48.531405" lon="15.474049">
        <ele>594.479386</ele>
        <time>2026-05-10T08:52:54.998Z</time>
      </trkpt>
      <trkpt lat="48.531406" lon="15.474213">
        <ele>594.282007</ele>
        <time>2026-05-10T08:52:56.998Z</time>
      </trkpt>
      <trkpt lat="48.531410" lon="15.474374">
        <ele>594.088110</ele>
        <time>2026-05-10T08:52:58.998Z</time>
      </trkpt>
      <trkpt lat="48.531414" lon="15.474547">
        <ele>593.879782</ele>
        <time>2026-05-10T08:53:00.998Z</time>
      </trkpt>
      <trkpt lat="48.531422" lon="15.474726">
        <ele>593.663869</ele>
        <time>2026-05-10T08:53:02.998Z</time>
      </trkpt>
      <trkpt lat="48.531441" lon="15.474908">
        <ele>593.442131</ele>
        <time>2026-05-10T08:53:04.998Z</time>
      </trkpt>
      <trkpt lat="48.531461" lon="15.475080">
        <ele>593.231966</ele>
        <time>2026-05-10T08:53:06.998Z</time>
      </trkpt>
      <trkpt lat="48.531477" lon="15.475250">
        <ele>593.025319</ele>
        <time>2026-05-10T08:53:08.998Z</time>
      </trkpt>
      <trkpt lat="48.531496" lon="15.475419">
        <ele>592.819021</ele>
        <time>2026-05-10T08:53:10.998Z</time>
      </trkpt>
      <trkpt lat="48.531508" lon="15.475593">
        <ele>592.608484</ele>
        <time>2026-05-10T08:53:12.998Z</time>
      </trkpt>
      <trkpt lat="48.531525" lon="15.475771">
        <ele>592.392049</ele>
        <time>2026-05-10T08:53:14.998Z</time>
      </trkpt>
      <trkpt lat="48.531543" lon="15.475947">
        <ele>592.177726</ele>
        <time>2026-05-10T08:53:16.998Z</time>
      </trkpt>
      <trkpt lat="48.531562" lon="15.476121">
        <ele>592.072316</ele>
        <time>2026-05-10T08:53:18.998Z</time>
      </trkpt>
      <trkpt lat="48.531578" lon="15.476300">
        <ele>592.188521</ele>
        <time>2026-05-10T08:53:20.998Z</time>
      </trkpt>
      <trkpt lat="48.531599" lon="15.476479">
        <ele>592.305475</ele>
        <time>2026-05-10T08:53:22.998Z</time>
      </trkpt>
      <trkpt lat="48.531626" lon="15.476649">
        <ele>592.417948</ele>
        <time>2026-05-10T08:53:24.998Z</time>
      </trkpt>
      <trkpt lat="48.531650" lon="15.476809">
        <ele>592.523492</ele>
        <time>2026-05-10T08:53:26.998Z</time>
      </trkpt>
      <trkpt lat="48.531685" lon="15.476958">
        <ele>592.625205</ele>
        <time>2026-05-10T08:53:28.998Z</time>
      </trkpt>
      <trkpt lat="48.531712" lon="15.477108">
        <ele>592.725210</ele>
        <time>2026-05-10T08:53:30.998Z</time>
      </trkpt>
      <trkpt lat="48.531747" lon="15.477253">
        <ele>592.824500</ele>
        <time>2026-05-10T08:53:32.998Z</time>
      </trkpt>
      <trkpt lat="48.531781" lon="15.477398">
        <ele>592.923462</ele>
        <time>2026-05-10T08:53:34.998Z</time>
      </trkpt>
      <trkpt lat="48.531807" lon="15.477541">
        <ele>593.018867</ele>
        <time>2026-05-10T08:53:36.999Z</time>
      </trkpt>
      <trkpt lat="48.531822" lon="15.477687">
        <ele>593.113920</ele>
        <time>2026-05-10T08:53:38.999Z</time>
      </trkpt>
      <trkpt lat="48.531836" lon="15.477826">
        <ele>593.204375</ele>
        <time>2026-05-10T08:53:40.999Z</time>
      </trkpt>
      <trkpt lat="48.531842" lon="15.477962">
        <ele>593.292065</ele>
        <time>2026-05-10T08:53:42.999Z</time>
      </trkpt>
      <trkpt lat="48.531842" lon="15.478145">
        <ele>593.409799</ele>
        <time>2026-05-10T08:53:45.999Z</time>
      </trkpt>
      <trkpt lat="48.531842" lon="15.478299">
        <ele>593.508875</ele>
        <time>2026-05-10T08:53:48.999Z</time>
      </trkpt>
      <trkpt lat="48.531819" lon="15.478461">
        <ele>593.615467</ele>
        <time>2026-05-10T08:53:52.999Z</time>
      </trkpt>
      <trkpt lat="48.531806" lon="15.478600">
        <ele>593.705781</ele>
        <time>2026-05-10T08:53:56.999Z</time>
      </trkpt>
      <trkpt lat="48.531776" lon="15.478738">
        <ele>593.877558</ele>
        <time>2026-05-10T08:54:00.999Z</time>
      </trkpt>
      <trkpt lat="48.531736" lon="15.478881">
        <ele>594.446500</ele>
        <time>2026-05-10T08:54:05.999Z</time>
      </trkpt>
      <trkpt lat="48.531701" lon="15.479016">
        <ele>594.977851</ele>
        <time>2026-05-10T08:54:10.999Z</time>
      </trkpt>
      <trkpt lat="48.531662" lon="15.479151">
        <ele>595.517668</ele>
        <time>2026-05-10T08:54:15.999Z</time>
      </trkpt>
      <trkpt lat="48.531619" lon="15.479274">
        <ele>596.027434</ele>
        <time>2026-05-10T08:54:20.999Z</time>
      </trkpt>
      <trkpt lat="48.531580" lon="15.479398">
        <ele>596.530557</ele>
        <time>2026-05-10T08:54:25.999Z</time>
      </trkpt>
      <trkpt lat="48.531546" lon="15.479526">
        <ele>597.036020</ele>
        <time>2026-05-10T08:54:30.999Z</time>
      </trkpt>
      <trkpt lat="48.531498" lon="15.479655">
        <ele>597.578340</ele>
        <time>2026-05-10T08:54:35.999Z</time>
      </trkpt>
      <trkpt lat="48.531458" lon="15.479793">
        <ele>598.130450</ele>
        <time>2026-05-10T08:54:40.999Z</time>
      </trkpt>
      <trkpt lat="48.531413" lon="15.479926">
        <ele>598.677846</ele>
        <time>2026-05-10T08:54:45.999Z</time>
      </trkpt>
      <trkpt lat="48.531366" lon="15.480064">
        <ele>599.246600</ele>
        <time>2026-05-10T08:54:51.998Z</time>
      </trkpt>
      <trkpt lat="48.531330" lon="15.480189">
        <ele>599.746187</ele>
        <time>2026-05-10T08:54:56.998Z</time>
      </trkpt>
      <trkpt lat="48.531280" lon="15.480323">
        <ele>600.309907</ele>
        <time>2026-05-10T08:55:02.998Z</time>
      </trkpt>
      <trkpt lat="48.531232" lon="15.480463">
        <ele>600.887715</ele>
        <time>2026-05-10T08:55:08.998Z</time>
      </trkpt>
      <trkpt lat="48.531191" lon="15.480590">
        <ele>601.405549</ele>
        <time>2026-05-10T08:55:13.998Z</time>
      </trkpt>
      <trkpt lat="48.531150" lon="15.480717">
        <ele>601.923383</ele>
        <time>2026-05-10T08:55:18.998Z</time>
      </trkpt>
      <trkpt lat="48.531113" lon="15.480850">
        <ele>602.452109</ele>
        <time>2026-05-10T08:55:23.998Z</time>
      </trkpt>
      <trkpt lat="48.531078" lon="15.480990">
        <ele>603.000571</ele>
        <time>2026-05-10T08:55:28.998Z</time>
      </trkpt>
      <trkpt lat="48.531045" lon="15.481131">
        <ele>603.548677</ele>
        <time>2026-05-10T08:55:33.998Z</time>
      </trkpt>
      <trkpt lat="48.531017" lon="15.481272">
        <ele>603.712644</ele>
        <time>2026-05-10T08:55:38.998Z</time>
      </trkpt>
      <trkpt lat="48.530992" lon="15.481416">
        <ele>603.674200</ele>
        <time>2026-05-10T08:55:43.999Z</time>
      </trkpt>
      <trkpt lat="48.530962" lon="15.481561">
        <ele>603.634970</ele>
        <time>2026-05-10T08:55:48.999Z</time>
      </trkpt>
      <trkpt lat="48.530936" lon="15.481713">
        <ele>603.594429</ele>
        <time>2026-05-10T08:55:53.999Z</time>
      </trkpt>
      <trkpt lat="48.530899" lon="15.481849">
        <ele>603.556460</ele>
        <time>2026-05-10T08:55:58.999Z</time>
      </trkpt>
      <trkpt lat="48.530870" lon="15.481998">
        <ele>603.516354</ele>
        <time>2026-05-10T08:56:03.999Z</time>
      </trkpt>
      <trkpt lat="48.530841" lon="15.482143">
        <ele>603.477239</ele>
        <time>2026-05-10T08:56:08.999Z</time>
      </trkpt>
      <trkpt lat="48.530807" lon="15.482287">
        <ele>603.437759</ele>
        <time>2026-05-10T08:56:14.999Z</time>
      </trkpt>
      <trkpt lat="48.530760" lon="15.482511">
        <ele>603.377079</ele>
        <time>2026-05-10T08:57:07.998Z</time>
      </trkpt>
      <trkpt lat="48.530711" lon="15.482664">
        <ele>603.333189</ele>
        <time>2026-05-10T08:57:11.998Z</time>
      </trkpt>
      <trkpt lat="48.530663" lon="15.482796">
        <ele>603.294300</ele>
        <time>2026-05-10T08:57:14.998Z</time>
      </trkpt>
      <trkpt lat="48.530610" lon="15.482952">
        <ele>603.249022</ele>
        <time>2026-05-10T08:57:17.998Z</time>
      </trkpt>
      <trkpt lat="48.530548" lon="15.483124">
        <ele>603.198450</ele>
        <time>2026-05-10T08:57:20.998Z</time>
      </trkpt>
      <trkpt lat="48.530487" lon="15.483238">
        <ele>603.160601</ele>
        <time>2026-05-10T08:57:22.998Z</time>
      </trkpt>
      <trkpt lat="48.530438" lon="15.483370">
        <ele>603.121522</ele>
        <time>2026-05-10T08:57:24.998Z</time>
      </trkpt>
      <trkpt lat="48.530386" lon="15.483508">
        <ele>603.080519</ele>
        <time>2026-05-10T08:57:26.998Z</time>
      </trkpt>
      <trkpt lat="48.530331" lon="15.483657">
        <ele>603.036467</ele>
        <time>2026-05-10T08:57:28.998Z</time>
      </trkpt>
      <trkpt lat="48.530273" lon="15.483817">
        <ele>602.619371</ele>
        <time>2026-05-10T08:57:30.998Z</time>
      </trkpt>
      <trkpt lat="48.530227" lon="15.483992">
        <ele>602.184623</ele>
        <time>2026-05-10T08:57:32.998Z</time>
      </trkpt>
      <trkpt lat="48.530161" lon="15.484159">
        <ele>601.735567</ele>
        <time>2026-05-10T08:57:34.998Z</time>
      </trkpt>
      <trkpt lat="48.530098" lon="15.484329">
        <ele>601.285748</ele>
        <time>2026-05-10T08:57:36.998Z</time>
      </trkpt>
      <trkpt lat="48.530030" lon="15.484500">
        <ele>600.825185</ele>
        <time>2026-05-10T08:57:38.998Z</time>
      </trkpt>
      <trkpt lat="48.529965" lon="15.484676">
        <ele>600.359869</ele>
        <time>2026-05-10T08:57:40.998Z</time>
      </trkpt>
      <trkpt lat="48.529902" lon="15.484832">
        <ele>599.937963</ele>
        <time>2026-05-10T08:57:42.998Z</time>
      </trkpt>
      <trkpt lat="48.529842" lon="15.484960">
        <ele>599.575856</ele>
        <time>2026-05-10T08:57:44.998Z</time>
      </trkpt>
      <trkpt lat="48.529760" lon="15.485098">
        <ele>599.147740</ele>
        <time>2026-05-10T08:57:46.998Z</time>
      </trkpt>
      <trkpt lat="48.529692" lon="15.485206">
        <ele>598.803639</ele>
        <time>2026-05-10T08:57:48.999Z</time>
      </trkpt>
      <trkpt lat="48.529652" lon="15.485328">
        <ele>598.489299</ele>
        <time>2026-05-10T08:57:50.999Z</time>
      </trkpt>
      <trkpt lat="48.529510" lon="15.485335">
        <ele>597.993914</ele>
        <time>2026-05-10T08:57:52.999Z</time>
      </trkpt>
      <trkpt lat="48.529410" lon="15.485295">
        <ele>597.633212</ele>
        <time>2026-05-10T08:57:54.999Z</time>
      </trkpt>
      <trkpt lat="48.529317" lon="15.485295">
        <ele>597.308942</ele>
        <time>2026-05-10T08:57:56.999Z</time>
      </trkpt>
      <trkpt lat="48.529219" lon="15.485261">
        <ele>596.958336</ele>
        <time>2026-05-10T08:57:58.999Z</time>
      </trkpt>
      <trkpt lat="48.529114" lon="15.485238">
        <ele>596.736396</ele>
        <time>2026-05-10T08:58:00.999Z</time>
      </trkpt>
      <trkpt lat="48.529005" lon="15.485217">
        <ele>596.675251</ele>
        <time>2026-05-10T08:58:02.999Z</time>
      </trkpt>
      <trkpt lat="48.528891" lon="15.485197">
        <ele>596.611389</ele>
        <time>2026-05-10T08:58:04.999Z</time>
      </trkpt>
      <trkpt lat="48.528771" lon="15.485184">
        <ele>596.544444</ele>
        <time>2026-05-10T08:58:06.999Z</time>
      </trkpt>
      <trkpt lat="48.528651" lon="15.485175">
        <ele>596.477588</ele>
        <time>2026-05-10T08:58:08.999Z</time>
      </trkpt>
      <trkpt lat="48.528535" lon="15.485165">
        <ele>596.412935</ele>
        <time>2026-05-10T08:58:10.999Z</time>
      </trkpt>
      <trkpt lat="48.528422" lon="15.485169">
        <ele>596.350039</ele>
        <time>2026-05-10T08:58:12.999Z</time>
      </trkpt>
      <trkpt lat="48.528315" lon="15.485160">
        <ele>596.290407</ele>
        <time>2026-05-10T08:58:14.999Z</time>
      </trkpt>
      <trkpt lat="48.528216" lon="15.485149">
        <ele>596.235169</ele>
        <time>2026-05-10T08:58:16.999Z</time>
      </trkpt>
      <trkpt lat="48.528128" lon="15.485102">
        <ele>596.183229</ele>
        <time>2026-05-10T08:58:18.999Z</time>
      </trkpt>
      <trkpt lat="48.528022" lon="15.485048">
        <ele>596.120979</ele>
        <time>2026-05-10T08:58:21.999Z</time>
      </trkpt>
      <trkpt lat="48.527938" lon="15.485200">
        <ele>596.048025</ele>
        <time>2026-05-10T08:58:23.999Z</time>
      </trkpt>
      <trkpt lat="48.527841" lon="15.485261">
        <ele>595.989556</ele>
        <time>2026-05-10T08:58:26.999Z</time>
      </trkpt>
      <trkpt lat="48.527722" lon="15.485316">
        <ele>595.920306</ele>
        <time>2026-05-10T08:58:29.999Z</time>
      </trkpt>
      <trkpt lat="48.527601" lon="15.485367">
        <ele>595.850402</ele>
        <time>2026-05-10T08:58:32.999Z</time>
      </trkpt>
      <trkpt lat="48.527491" lon="15.485380">
        <ele>595.789005</ele>
        <time>2026-05-10T08:58:35.999Z</time>
      </trkpt>
      <trkpt lat="48.527383" lon="15.485440">
        <ele>595.850573</ele>
        <time>2026-05-10T08:58:38.999Z</time>
      </trkpt>
      <trkpt lat="48.527288" lon="15.485446">
        <ele>595.969480</ele>
        <time>2026-05-10T08:58:40.999Z</time>
      </trkpt>
      <trkpt lat="48.527153" lon="15.485487">
        <ele>596.141685</ele>
        <time>2026-05-10T08:58:43.999Z</time>
      </trkpt>
      <trkpt lat="48.527062" lon="15.485510">
        <ele>596.257068</ele>
        <time>2026-05-10T08:58:45.999Z</time>
      </trkpt>
      <trkpt lat="48.526941" lon="15.485548">
        <ele>596.411623</ele>
        <time>2026-05-10T08:58:47.999Z</time>
      </trkpt>
      <trkpt lat="48.526832" lon="15.485610">
        <ele>596.557284</ele>
        <time>2026-05-10T08:58:50.999Z</time>
      </trkpt>
      <trkpt lat="48.526752" lon="15.485675">
        <ele>596.670893</ele>
        <time>2026-05-10T08:58:52.999Z</time>
      </trkpt>
      <trkpt lat="48.526657" lon="15.485785">
        <ele>596.820605</ele>
        <time>2026-05-10T08:58:54.999Z</time>
      </trkpt>
      <trkpt lat="48.526583" lon="15.485878">
        <ele>596.941005</ele>
        <time>2026-05-10T08:58:56.999Z</time>
      </trkpt>
      <trkpt lat="48.526511" lon="15.485967">
        <ele>597.057368</ele>
        <time>2026-05-10T08:58:58.999Z</time>
      </trkpt>
      <trkpt lat="48.526436" lon="15.486060">
        <ele>597.178733</ele>
        <time>2026-05-10T08:59:00.999Z</time>
      </trkpt>
      <trkpt lat="48.526342" lon="15.486176">
        <ele>597.330550</ele>
        <time>2026-05-10T08:59:03.998Z</time>
      </trkpt>
      <trkpt lat="48.526258" lon="15.486267">
        <ele>597.459836</ele>
        <time>2026-05-10T08:59:06.998Z</time>
      </trkpt>
      <trkpt lat="48.526176" lon="15.486352">
        <ele>597.584220</ele>
        <time>2026-05-10T08:59:09.998Z</time>
      </trkpt>
      <trkpt lat="48.526098" lon="15.486424">
        <ele>597.698547</ele>
        <time>2026-05-10T08:59:12.998Z</time>
      </trkpt>
      <trkpt lat="48.526004" lon="15.486491">
        <ele>597.828538</ele>
        <time>2026-05-10T08:59:16.998Z</time>
      </trkpt>
      <trkpt lat="48.525910" lon="15.486563">
        <ele>597.960350</ele>
        <time>2026-05-10T08:59:20.998Z</time>
      </trkpt>
      <trkpt lat="48.525813" lon="15.486607">
        <ele>598.016271</ele>
        <time>2026-05-10T08:59:25.998Z</time>
      </trkpt>
      <trkpt lat="48.525722" lon="15.486618">
        <ele>598.021397</ele>
        <time>2026-05-10T08:59:46.998Z</time>
      </trkpt>
      <trkpt lat="48.525470" lon="15.486700">
        <ele>598.035873</ele>
        <time>2026-05-10T09:12:10.998Z</time>
      </trkpt>
      <trkpt lat="48.525379" lon="15.486737">
        <ele>598.041165</ele>
        <time>2026-05-10T09:12:24.998Z</time>
      </trkpt>
      <trkpt lat="48.525284" lon="15.486760">
        <ele>598.046568</ele>
        <time>2026-05-10T09:12:28.998Z</time>
      </trkpt>
      <trkpt lat="48.525177" lon="15.486783">
        <ele>598.052637</ele>
        <time>2026-05-10T09:12:31.999Z</time>
      </trkpt>
      <trkpt lat="48.525065" lon="15.486804">
        <ele>598.058975</ele>
        <time>2026-05-10T09:12:34.999Z</time>
      </trkpt>
      <trkpt lat="48.524947" lon="15.486852">
        <ele>598.065838</ele>
        <time>2026-05-10T09:12:37.999Z</time>
      </trkpt>
      <trkpt lat="48.524862" lon="15.486922">
        <ele>598.071275</ele>
        <time>2026-05-10T09:12:39.999Z</time>
      </trkpt>
      <trkpt lat="48.524795" lon="15.487038">
        <ele>598.076999</ele>
        <time>2026-05-10T09:12:41.999Z</time>
      </trkpt>
      <trkpt lat="48.524747" lon="15.487176">
        <ele>598.082796</ele>
        <time>2026-05-10T09:12:43.999Z</time>
      </trkpt>
      <trkpt lat="48.524713" lon="15.487331">
        <ele>598.088869</ele>
        <time>2026-05-10T09:12:45.999Z</time>
      </trkpt>
      <trkpt lat="48.524689" lon="15.487494">
        <ele>598.095079</ele>
        <time>2026-05-10T09:12:47.999Z</time>
      </trkpt>
      <trkpt lat="48.524659" lon="15.487667">
        <ele>598.101730</ele>
        <time>2026-05-10T09:12:49.999Z</time>
      </trkpt>
      <trkpt lat="48.524626" lon="15.487841">
        <ele>598.108461</ele>
        <time>2026-05-10T09:12:51.999Z</time>
      </trkpt>
      <trkpt lat="48.524597" lon="15.488020">
        <ele>598.080440</ele>
        <time>2026-05-10T09:12:53.999Z</time>
      </trkpt>
      <trkpt lat="48.524565" lon="15.488197">
        <ele>597.913160</ele>
        <time>2026-05-10T09:12:55.999Z</time>
      </trkpt>
      <trkpt lat="48.524538" lon="15.488374">
        <ele>597.747559</ele>
        <time>2026-05-10T09:12:57.999Z</time>
      </trkpt>
      <trkpt lat="48.524505" lon="15.488556">
        <ele>597.575519</ele>
        <time>2026-05-10T09:12:59.999Z</time>
      </trkpt>
      <trkpt lat="48.524477" lon="15.488751">
        <ele>597.393601</ele>
        <time>2026-05-10T09:13:01.999Z</time>
      </trkpt>
      <trkpt lat="48.524449" lon="15.488939">
        <ele>597.217916</ele>
        <time>2026-05-10T09:13:03.999Z</time>
      </trkpt>
      <trkpt lat="48.524416" lon="15.489119">
        <ele>597.047634</ele>
        <time>2026-05-10T09:13:05.999Z</time>
      </trkpt>
      <trkpt lat="48.524399" lon="15.489309">
        <ele>596.872831</ele>
        <time>2026-05-10T09:13:07.999Z</time>
      </trkpt>
      <trkpt lat="48.524370" lon="15.489509">
        <ele>596.686167</ele>
        <time>2026-05-10T09:13:09.999Z</time>
      </trkpt>
      <trkpt lat="48.524336" lon="15.489708">
        <ele>596.498793</ele>
        <time>2026-05-10T09:13:11.999Z</time>
      </trkpt>
      <trkpt lat="48.524313" lon="15.489911">
        <ele>596.311023</ele>
        <time>2026-05-10T09:13:13.999Z</time>
      </trkpt>
      <trkpt lat="48.524278" lon="15.490101">
        <ele>596.131218</ele>
        <time>2026-05-10T09:13:15.999Z</time>
      </trkpt>
      <trkpt lat="48.524249" lon="15.490298">
        <ele>595.947224</ele>
        <time>2026-05-10T09:13:17.999Z</time>
      </trkpt>
      <trkpt lat="48.524218" lon="15.490482">
        <ele>595.774122</ele>
        <time>2026-05-10T09:13:19.999Z</time>
      </trkpt>
      <trkpt lat="48.524197" lon="15.490650">
        <ele>595.653447</ele>
        <time>2026-05-10T09:13:21.999Z</time>
      </trkpt>
      <trkpt lat="48.524178" lon="15.490810">
        <ele>595.770409</ele>
        <time>2026-05-10T09:13:23.999Z</time>
      </trkpt>
      <trkpt lat="48.524153" lon="15.490964">
        <ele>595.884497</ele>
        <time>2026-05-10T09:13:25.999Z</time>
      </trkpt>
      <trkpt lat="48.524125" lon="15.491094">
        <ele>595.982859</ele>
        <time>2026-05-10T09:13:27.999Z</time>
      </trkpt>
      <trkpt lat="48.524041" lon="15.491215">
        <ele>596.108986</ele>
        <time>2026-05-10T09:13:30.999Z</time>
      </trkpt>
      <trkpt lat="48.523940" lon="15.491169">
        <ele>596.223597</ele>
        <time>2026-05-10T09:13:33.999Z</time>
      </trkpt>
      <trkpt lat="48.523841" lon="15.491137">
        <ele>596.333589</ele>
        <time>2026-05-10T09:13:36.999Z</time>
      </trkpt>
      <trkpt lat="48.523736" lon="15.491089">
        <ele>596.452776</ele>
        <time>2026-05-10T09:13:39.998Z</time>
      </trkpt>
      <trkpt lat="48.523653" lon="15.491142">
        <ele>596.550681</ele>
        <time>2026-05-10T09:13:41.998Z</time>
      </trkpt>
      <trkpt lat="48.523566" lon="15.491226">
        <ele>596.662872</ele>
        <time>2026-05-10T09:13:44.998Z</time>
      </trkpt>
      <trkpt lat="48.523464" lon="15.491281">
        <ele>596.780540</ele>
        <time>2026-05-10T09:13:47.998Z</time>
      </trkpt>
      <trkpt lat="48.523359" lon="15.491321">
        <ele>596.898189</ele>
        <time>2026-05-10T09:13:50.998Z</time>
      </trkpt>
      <trkpt lat="48.523256" lon="15.491347">
        <ele>597.011642</ele>
        <time>2026-05-10T09:13:53.998Z</time>
      </trkpt>
      <trkpt lat="48.523153" lon="15.491367">
        <ele>597.124464</ele>
        <time>2026-05-10T09:13:56.998Z</time>
      </trkpt>
      <trkpt lat="48.523051" lon="15.491391">
        <ele>597.236615</ele>
        <time>2026-05-10T09:13:59.998Z</time>
      </trkpt>
      <trkpt lat="48.522947" lon="15.491407">
        <ele>597.350187</ele>
        <time>2026-05-10T09:14:02.998Z</time>
      </trkpt>
      <trkpt lat="48.522847" lon="15.491445">
        <ele>597.462216</ele>
        <time>2026-05-10T09:14:05.998Z</time>
      </trkpt>
      <trkpt lat="48.522746" lon="15.491474">
        <ele>597.573910</ele>
        <time>2026-05-10T09:14:08.998Z</time>
      </trkpt>
      <trkpt lat="48.522647" lon="15.491510">
        <ele>597.654422</ele>
        <time>2026-05-10T09:14:11.998Z</time>
      </trkpt>
      <trkpt lat="48.522558" lon="15.491543">
        <ele>597.721586</ele>
        <time>2026-05-10T09:14:14.998Z</time>
      </trkpt>
      <trkpt lat="48.522445" lon="15.491580">
        <ele>597.806327</ele>
        <time>2026-05-10T09:14:18.998Z</time>
      </trkpt>
      <trkpt lat="48.522338" lon="15.491629">
        <ele>597.888272</ele>
        <time>2026-05-10T09:14:22.998Z</time>
      </trkpt>
      <trkpt lat="48.522224" lon="15.491654">
        <ele>597.972697</ele>
        <time>2026-05-10T09:14:26.998Z</time>
      </trkpt>
      <trkpt lat="48.522114" lon="15.491670">
        <ele>598.053687</ele>
        <time>2026-05-10T09:14:30.998Z</time>
      </trkpt>
      <trkpt lat="48.522002" lon="15.491676">
        <ele>598.135821</ele>
        <time>2026-05-10T09:14:34.998Z</time>
      </trkpt>
      <trkpt lat="48.521893" lon="15.491676">
        <ele>598.215704</ele>
        <time>2026-05-10T09:14:38.999Z</time>
      </trkpt>
      <trkpt lat="48.521780" lon="15.491675">
        <ele>598.298521</ele>
        <time>2026-05-10T09:14:42.999Z</time>
      </trkpt>
      <trkpt lat="48.521687" lon="15.491678">
        <ele>598.366694</ele>
        <time>2026-05-10T09:14:45.999Z</time>
      </trkpt>
      <trkpt lat="48.521588" lon="15.491693">
        <ele>598.439613</ele>
        <time>2026-05-10T09:14:48.999Z</time>
      </trkpt>
      <trkpt lat="48.521478" lon="15.491725">
        <ele>598.521712</ele>
        <time>2026-05-10T09:14:51.999Z</time>
      </trkpt>
      <trkpt lat="48.521354" lon="15.491751">
        <ele>598.613461</ele>
        <time>2026-05-10T09:14:54.999Z</time>
      </trkpt>
      <trkpt lat="48.521223" lon="15.491811">
        <ele>598.713789</ele>
        <time>2026-05-10T09:14:57.999Z</time>
      </trkpt>
      <trkpt lat="48.521133" lon="15.491846">
        <ele>598.781901</ele>
        <time>2026-05-10T09:14:59.999Z</time>
      </trkpt>
      <trkpt lat="48.521039" lon="15.491876">
        <ele>598.852313</ele>
        <time>2026-05-10T09:15:01.999Z</time>
      </trkpt>
      <trkpt lat="48.520941" lon="15.491881">
        <ele>598.855744</ele>
        <time>2026-05-10T09:15:03.999Z</time>
      </trkpt>
      <trkpt lat="48.520837" lon="15.491892">
        <ele>598.558804</ele>
        <time>2026-05-10T09:15:05.999Z</time>
      </trkpt>
      <trkpt lat="48.520726" lon="15.491907">
        <ele>598.241390</ele>
        <time>2026-05-10T09:15:07.999Z</time>
      </trkpt>
      <trkpt lat="48.520613" lon="15.491928">
        <ele>597.917114</ele>
        <time>2026-05-10T09:15:09.999Z</time>
      </trkpt>
      <trkpt lat="48.520493" lon="15.491945">
        <ele>597.573828</ele>
        <time>2026-05-10T09:15:11.999Z</time>
      </trkpt>
      <trkpt lat="48.520371" lon="15.491969">
        <ele>597.223409</ele>
        <time>2026-05-10T09:15:13.999Z</time>
      </trkpt>
      <trkpt lat="48.520244" lon="15.491983">
        <ele>596.860724</ele>
        <time>2026-05-10T09:15:15.999Z</time>
      </trkpt>
      <trkpt lat="48.520120" lon="15.491996">
        <ele>596.506697</ele>
        <time>2026-05-10T09:15:17.999Z</time>
      </trkpt>
      <trkpt lat="48.519996" lon="15.492016">
        <ele>596.151510</ele>
        <time>2026-05-10T09:15:19.999Z</time>
      </trkpt>
      <trkpt lat="48.519886" lon="15.492027">
        <ele>595.837521</ele>
        <time>2026-05-10T09:15:21.999Z</time>
      </trkpt>
      <trkpt lat="48.519771" lon="15.492041">
        <ele>595.508914</ele>
        <time>2026-05-10T09:15:23.999Z</time>
      </trkpt>
      <trkpt lat="48.519671" lon="15.492094">
        <ele>595.207053</ele>
        <time>2026-05-10T09:15:25.999Z</time>
      </trkpt>
      <trkpt lat="48.519579" lon="15.492154">
        <ele>594.921615</ele>
        <time>2026-05-10T09:15:27.999Z</time>
      </trkpt>
      <trkpt lat="48.519481" lon="15.492208">
        <ele>594.624481</ele>
        <time>2026-05-10T09:15:29.999Z</time>
      </trkpt>
      <trkpt lat="48.519391" lon="15.492275">
        <ele>594.338673</ele>
        <time>2026-05-10T09:15:31.999Z</time>
      </trkpt>
      <trkpt lat="48.519299" lon="15.492339">
        <ele>594.050159</ele>
        <time>2026-05-10T09:15:33.999Z</time>
      </trkpt>
      <trkpt lat="48.519199" lon="15.492399">
        <ele>593.727978</ele>
        <time>2026-05-10T09:15:35.999Z</time>
      </trkpt>
      <trkpt lat="48.519097" lon="15.492456">
        <ele>593.306693</ele>
        <time>2026-05-10T09:15:37.999Z</time>
      </trkpt>
      <trkpt lat="48.518990" lon="15.492523">
        <ele>592.858004</ele>
        <time>2026-05-10T09:15:39.999Z</time>
      </trkpt>
      <trkpt lat="48.518881" lon="15.492606">
        <ele>592.385139</ele>
        <time>2026-05-10T09:15:41.999Z</time>
      </trkpt>
      <trkpt lat="48.518764" lon="15.492693">
        <ele>591.879962</ele>
        <time>2026-05-10T09:15:43.999Z</time>
      </trkpt>
      <trkpt lat="48.518638" lon="15.492764">
        <ele>591.359025</ele>
        <time>2026-05-10T09:15:45.998Z</time>
      </trkpt>
      <trkpt lat="48.518507" lon="15.492829">
        <ele>590.824906</ele>
        <time>2026-05-10T09:15:47.998Z</time>
      </trkpt>
      <trkpt lat="48.518369" lon="15.492900">
        <ele>590.260188</ele>
        <time>2026-05-10T09:15:49.998Z</time>
      </trkpt>
      <trkpt lat="48.518234" lon="15.492962">
        <ele>589.713618</ele>
        <time>2026-05-10T09:15:51.998Z</time>
      </trkpt>
      <trkpt lat="48.518101" lon="15.493029">
        <ele>589.170531</ele>
        <time>2026-05-10T09:15:53.998Z</time>
      </trkpt>
      <trkpt lat="48.517953" lon="15.493035">
        <ele>588.597060</ele>
        <time>2026-05-10T09:15:55.998Z</time>
      </trkpt>
      <trkpt lat="48.517818" lon="15.493042">
        <ele>588.073841</ele>
        <time>2026-05-10T09:15:57.998Z</time>
      </trkpt>
      <trkpt lat="48.517687" lon="15.493024">
        <ele>587.564327</ele>
        <time>2026-05-10T09:15:59.998Z</time>
      </trkpt>
      <trkpt lat="48.517571" lon="15.493002">
        <ele>587.111479</ele>
        <time>2026-05-10T09:16:01.998Z</time>
      </trkpt>
      <trkpt lat="48.517464" lon="15.492949">
        <ele>586.678853</ele>
        <time>2026-05-10T09:16:03.998Z</time>
      </trkpt>
      <trkpt lat="48.517365" lon="15.492882">
        <ele>586.268948</ele>
        <time>2026-05-10T09:16:05.998Z</time>
      </trkpt>
      <trkpt lat="48.517267" lon="15.492789">
        <ele>585.831608</ele>
        <time>2026-05-10T09:16:07.998Z</time>
      </trkpt>
      <trkpt lat="48.517164" lon="15.492693">
        <ele>585.374264</ele>
        <time>2026-05-10T09:16:09.998Z</time>
      </trkpt>
      <trkpt lat="48.517069" lon="15.492583">
        <ele>584.921920</ele>
        <time>2026-05-10T09:16:11.998Z</time>
      </trkpt>
      <trkpt lat="48.516967" lon="15.492472">
        <ele>584.446856</ele>
        <time>2026-05-10T09:16:13.998Z</time>
      </trkpt>
      <trkpt lat="48.516881" lon="15.492351">
        <ele>584.002696</ele>
        <time>2026-05-10T09:16:15.998Z</time>
      </trkpt>
      <trkpt lat="48.516794" lon="15.492256">
        <ele>583.597021</ele>
        <time>2026-05-10T09:16:17.998Z</time>
      </trkpt>
      <trkpt lat="48.516700" lon="15.492179">
        <ele>583.192957</ele>
        <time>2026-05-10T09:16:19.998Z</time>
      </trkpt>
      <trkpt lat="48.516611" lon="15.492103">
        <ele>582.806631</ele>
        <time>2026-05-10T09:16:21.998Z</time>
      </trkpt>
      <trkpt lat="48.516514" lon="15.492023">
        <ele>582.389022</ele>
        <time>2026-05-10T09:16:26.998Z</time>
      </trkpt>
      <trkpt lat="48.516413" lon="15.491996">
        <ele>582.001487</ele>
        <time>2026-05-10T09:16:30.998Z</time>
      </trkpt>
      <trkpt lat="48.516313" lon="15.492120">
        <ele>581.512555</ele>
        <time>2026-05-10T09:16:33.998Z</time>
      </trkpt>
      <trkpt lat="48.516232" lon="15.492202">
        <ele>581.144081</ele>
        <time>2026-05-10T09:16:35.998Z</time>
      </trkpt>
      <trkpt lat="48.516155" lon="15.492284">
        <ele>580.788060</ele>
        <time>2026-05-10T09:16:37.998Z</time>
      </trkpt>
      <trkpt lat="48.516072" lon="15.492376">
        <ele>580.399018</ele>
        <time>2026-05-10T09:16:39.998Z</time>
      </trkpt>
      <trkpt lat="48.515991" lon="15.492460">
        <ele>580.027733</ele>
        <time>2026-05-10T09:16:41.998Z</time>
      </trkpt>
      <trkpt lat="48.515906" lon="15.492529">
        <ele>579.825710</ele>
        <time>2026-05-10T09:16:43.999Z</time>
      </trkpt>
      <trkpt lat="48.515814" lon="15.492587">
        <ele>579.618388</ele>
        <time>2026-05-10T09:16:45.999Z</time>
      </trkpt>
      <trkpt lat="48.515734" lon="15.492652">
        <ele>579.429469</ele>
        <time>2026-05-10T09:16:47.999Z</time>
      </trkpt>
      <trkpt lat="48.515615" lon="15.492739">
        <ele>579.154523</ele>
        <time>2026-05-10T09:16:50.999Z</time>
      </trkpt>
      <trkpt lat="48.515514" lon="15.492869">
        <ele>578.878522</ele>
        <time>2026-05-10T09:16:53.999Z</time>
      </trkpt>
      <trkpt lat="48.515439" lon="15.493034">
        <ele>578.602878</ele>
        <time>2026-05-10T09:16:56.999Z</time>
      </trkpt>
      <trkpt lat="48.515384" lon="15.493219">
        <ele>578.323558</ele>
        <time>2026-05-10T09:16:59.999Z</time>
      </trkpt>
      <trkpt lat="48.515344" lon="15.493353">
        <ele>578.121102</ele>
        <time>2026-05-10T09:17:01.999Z</time>
      </trkpt>
      <trkpt lat="48.515297" lon="15.493502">
        <ele>577.893777</ele>
        <time>2026-05-10T09:17:03.999Z</time>
      </trkpt>
      <trkpt lat="48.515250" lon="15.493654">
        <ele>577.662715</ele>
        <time>2026-05-10T09:17:05.999Z</time>
      </trkpt>
      <trkpt lat="48.515194" lon="15.493800">
        <ele>577.430323</ele>
        <time>2026-05-10T09:17:07.999Z</time>
      </trkpt>
      <trkpt lat="48.515143" lon="15.493952">
        <ele>577.195620</ele>
        <time>2026-05-10T09:17:09.999Z</time>
      </trkpt>
      <trkpt lat="48.515047" lon="15.494063">
        <ele>576.944166</ele>
        <time>2026-05-10T09:17:11.999Z</time>
      </trkpt>
      <trkpt lat="48.514921" lon="15.494137">
        <ele>576.663026</ele>
        <time>2026-05-10T09:17:13.999Z</time>
      </trkpt>
      <trkpt lat="48.514776" lon="15.494187">
        <ele>576.353739</ele>
        <time>2026-05-10T09:17:15.999Z</time>
      </trkpt>
      <trkpt lat="48.514623" lon="15.494245">
        <ele>575.933885</ele>
        <time>2026-05-10T09:17:17.999Z</time>
      </trkpt>
      <trkpt lat="48.514466" lon="15.494294">
        <ele>575.482258</ele>
        <time>2026-05-10T09:17:19.999Z</time>
      </trkpt>
      <trkpt lat="48.514303" lon="15.494337">
        <ele>575.016124</ele>
        <time>2026-05-10T09:17:21.999Z</time>
      </trkpt>
      <trkpt lat="48.514141" lon="15.494389">
        <ele>574.549563</ele>
        <time>2026-05-10T09:17:23.999Z</time>
      </trkpt>
      <trkpt lat="48.513980" lon="15.494433">
        <ele>574.088648</ele>
        <time>2026-05-10T09:17:25.999Z</time>
      </trkpt>
      <trkpt lat="48.513822" lon="15.494483">
        <ele>573.633883</ele>
        <time>2026-05-10T09:17:27.999Z</time>
      </trkpt>
      <trkpt lat="48.513666" lon="15.494535">
        <ele>573.183840</ele>
        <time>2026-05-10T09:17:29.999Z</time>
      </trkpt>
      <trkpt lat="48.513515" lon="15.494577">
        <ele>572.751308</ele>
        <time>2026-05-10T09:17:31.999Z</time>
      </trkpt>
      <trkpt lat="48.513368" lon="15.494618">
        <ele>572.330195</ele>
        <time>2026-05-10T09:17:33.999Z</time>
      </trkpt>
      <trkpt lat="48.513228" lon="15.494677">
        <ele>571.920731</ele>
        <time>2026-05-10T09:17:35.999Z</time>
      </trkpt>
      <trkpt lat="48.513096" lon="15.494757">
        <ele>571.520033</ele>
        <time>2026-05-10T09:17:37.999Z</time>
      </trkpt>
      <trkpt lat="48.513015" lon="15.494867">
        <ele>571.213920</ele>
        <time>2026-05-10T09:17:39.999Z</time>
      </trkpt>
      <trkpt lat="48.512911" lon="15.495012">
        <ele>570.885159</ele>
        <time>2026-05-10T09:17:41.999Z</time>
      </trkpt>
      <trkpt lat="48.512850" lon="15.495165">
        <ele>570.610451</ele>
        <time>2026-05-10T09:17:43.999Z</time>
      </trkpt>
      <trkpt lat="48.512811" lon="15.495340">
        <ele>570.326412</ele>
        <time>2026-05-10T09:17:45.999Z</time>
      </trkpt>
      <trkpt lat="48.512769" lon="15.495511">
        <ele>570.045853</ele>
        <time>2026-05-10T09:17:47.999Z</time>
      </trkpt>
      <trkpt lat="48.512729" lon="15.495692">
        <ele>569.752324</ele>
        <time>2026-05-10T09:17:49.999Z</time>
      </trkpt>
      <trkpt lat="48.512691" lon="15.495876">
        <ele>569.455829</ele>
        <time>2026-05-10T09:17:51.998Z</time>
      </trkpt>
      <trkpt lat="48.512648" lon="15.496057">
        <ele>569.160021</ele>
        <time>2026-05-10T09:17:53.998Z</time>
      </trkpt>
      <trkpt lat="48.512604" lon="15.496242">
        <ele>568.857637</ele>
        <time>2026-05-10T09:17:55.998Z</time>
      </trkpt>
      <trkpt lat="48.512551" lon="15.496421">
        <ele>568.556015</ele>
        <time>2026-05-10T09:17:57.998Z</time>
      </trkpt>
      <trkpt lat="48.512501" lon="15.496602">
        <ele>568.254331</ele>
        <time>2026-05-10T09:17:59.998Z</time>
      </trkpt>
      <trkpt lat="48.512449" lon="15.496787">
        <ele>567.945174</ele>
        <time>2026-05-10T09:18:01.998Z</time>
      </trkpt>
      <trkpt lat="48.512391" lon="15.496975">
        <ele>567.626135</ele>
        <time>2026-05-10T09:18:03.998Z</time>
      </trkpt>
      <trkpt lat="48.512338" lon="15.497164">
        <ele>567.310405</ele>
        <time>2026-05-10T09:18:05.998Z</time>
      </trkpt>
      <trkpt lat="48.512279" lon="15.497353">
        <ele>566.968287</ele>
        <time>2026-05-10T09:18:07.998Z</time>
      </trkpt>
      <trkpt lat="48.512216" lon="15.497546">
        <ele>566.505290</ele>
        <time>2026-05-10T09:18:09.998Z</time>
      </trkpt>
      <trkpt lat="48.512151" lon="15.497732">
        <ele>566.052762</ele>
        <time>2026-05-10T09:18:11.998Z</time>
      </trkpt>
      <trkpt lat="48.512083" lon="15.497915">
        <ele>565.601246</ele>
        <time>2026-05-10T09:18:13.998Z</time>
      </trkpt>
      <trkpt lat="48.512009" lon="15.498083">
        <ele>565.167107</ele>
        <time>2026-05-10T09:18:15.998Z</time>
      </trkpt>
      <trkpt lat="48.511930" lon="15.498242">
        <ele>564.739415</ele>
        <time>2026-05-10T09:18:17.998Z</time>
      </trkpt>
      <trkpt lat="48.511846" lon="15.498395">
        <ele>564.311803</ele>
        <time>2026-05-10T09:18:19.998Z</time>
      </trkpt>
      <trkpt lat="48.511756" lon="15.498540">
        <ele>563.884218</ele>
        <time>2026-05-10T09:18:21.998Z</time>
      </trkpt>
      <trkpt lat="48.511661" lon="15.498677">
        <ele>563.457436</ele>
        <time>2026-05-10T09:18:23.998Z</time>
      </trkpt>
      <trkpt lat="48.511570" lon="15.498817">
        <ele>563.035369</ele>
        <time>2026-05-10T09:18:25.998Z</time>
      </trkpt>
      <trkpt lat="48.511473" lon="15.498963">
        <ele>562.590409</ele>
        <time>2026-05-10T09:18:27.998Z</time>
      </trkpt>
      <trkpt lat="48.511369" lon="15.499118">
        <ele>562.115666</ele>
        <time>2026-05-10T09:18:29.998Z</time>
      </trkpt>
      <trkpt lat="48.511261" lon="15.499263">
        <ele>561.646159</ele>
        <time>2026-05-10T09:18:31.998Z</time>
      </trkpt>
      <trkpt lat="48.511153" lon="15.499414">
        <ele>561.149896</ele>
        <time>2026-05-10T09:18:33.998Z</time>
      </trkpt>
      <trkpt lat="48.511048" lon="15.499581">
        <ele>560.359178</ele>
        <time>2026-05-10T09:18:35.998Z</time>
      </trkpt>
      <trkpt lat="48.510948" lon="15.499769">
        <ele>559.531157</ele>
        <time>2026-05-10T09:18:37.998Z</time>
      </trkpt>
      <trkpt lat="48.510854" lon="15.499968">
        <ele>558.691783</ele>
        <time>2026-05-10T09:18:39.998Z</time>
      </trkpt>
      <trkpt lat="48.510768" lon="15.500173">
        <ele>557.858452</ele>
        <time>2026-05-10T09:18:41.998Z</time>
      </trkpt>
      <trkpt lat="48.510684" lon="15.500383">
        <ele>557.015969</ele>
        <time>2026-05-10T09:18:43.998Z</time>
      </trkpt>
      <trkpt lat="48.510600" lon="15.500584">
        <ele>556.199788</ele>
        <time>2026-05-10T09:18:45.998Z</time>
      </trkpt>
      <trkpt lat="48.510511" lon="15.500787">
        <ele>555.363767</ele>
        <time>2026-05-10T09:18:47.998Z</time>
      </trkpt>
      <trkpt lat="48.510422" lon="15.501001">
        <ele>554.495991</ele>
        <time>2026-05-10T09:18:49.999Z</time>
      </trkpt>
      <trkpt lat="48.510332" lon="15.501222">
        <ele>553.605057</ele>
        <time>2026-05-10T09:18:51.999Z</time>
      </trkpt>
      <trkpt lat="48.510233" lon="15.501444">
        <ele>552.685979</ele>
        <time>2026-05-10T09:18:53.999Z</time>
      </trkpt>
      <trkpt lat="48.510134" lon="15.501659">
        <ele>551.811758</ele>
        <time>2026-05-10T09:18:55.999Z</time>
      </trkpt>
      <trkpt lat="48.510033" lon="15.501869">
        <ele>551.176075</ele>
        <time>2026-05-10T09:18:57.999Z</time>
      </trkpt>
      <trkpt lat="48.509932" lon="15.502069">
        <ele>550.560046</ele>
        <time>2026-05-10T09:18:59.999Z</time>
      </trkpt>
      <trkpt lat="48.509822" lon="15.502269">
        <ele>549.923292</ele>
        <time>2026-05-10T09:19:01.999Z</time>
      </trkpt>
      <trkpt lat="48.509722" lon="15.502461">
        <ele>549.325022</ele>
        <time>2026-05-10T09:19:03.999Z</time>
      </trkpt>
      <trkpt lat="48.509614" lon="15.502644">
        <ele>548.724666</ele>
        <time>2026-05-10T09:19:05.999Z</time>
      </trkpt>
      <trkpt lat="48.509505" lon="15.502825">
        <ele>548.125479</ele>
        <time>2026-05-10T09:19:07.999Z</time>
      </trkpt>
      <trkpt lat="48.509404" lon="15.503006">
        <ele>547.545774</ele>
        <time>2026-05-10T09:19:09.999Z</time>
      </trkpt>
      <trkpt lat="48.509288" lon="15.503170">
        <ele>546.958095</ele>
        <time>2026-05-10T09:19:11.999Z</time>
      </trkpt>
      <trkpt lat="48.509140" lon="15.503283">
        <ele>546.344828</ele>
        <time>2026-05-10T09:19:13.999Z</time>
      </trkpt>
      <trkpt lat="48.508983" lon="15.503369">
        <ele>545.727264</ele>
        <time>2026-05-10T09:19:15.999Z</time>
      </trkpt>
      <trkpt lat="48.508823" lon="15.503472">
        <ele>544.982080</ele>
        <time>2026-05-10T09:19:17.999Z</time>
      </trkpt>
      <trkpt lat="48.508658" lon="15.503516">
        <ele>543.908706</ele>
        <time>2026-05-10T09:19:19.999Z</time>
      </trkpt>
      <trkpt lat="48.508575" lon="15.503569">
        <ele>543.331378</ele>
        <time>2026-05-10T09:19:20.999Z</time>
      </trkpt>
      <trkpt lat="48.508491" lon="15.503627">
        <ele>542.739636</ele>
        <time>2026-05-10T09:19:21.999Z</time>
      </trkpt>
      <trkpt lat="48.508401" lon="15.503690">
        <ele>542.104105</ele>
        <time>2026-05-10T09:19:22.999Z</time>
      </trkpt>
      <trkpt lat="48.508242" lon="15.503770">
        <ele>541.030437</ele>
        <time>2026-05-10T09:19:24.999Z</time>
      </trkpt>
      <trkpt lat="48.508155" lon="15.503843">
        <ele>540.392780</ele>
        <time>2026-05-10T09:19:25.999Z</time>
      </trkpt>
      <trkpt lat="48.508084" lon="15.503932">
        <ele>539.801552</ele>
        <time>2026-05-10T09:19:26.999Z</time>
      </trkpt>
      <trkpt lat="48.508012" lon="15.504017">
        <ele>539.215990</ele>
        <time>2026-05-10T09:19:27.999Z</time>
      </trkpt>
      <trkpt lat="48.507939" lon="15.504101">
        <ele>538.627951</ele>
        <time>2026-05-10T09:19:28.999Z</time>
      </trkpt>
      <trkpt lat="48.507857" lon="15.504189">
        <ele>537.983412</ele>
        <time>2026-05-10T09:19:29.999Z</time>
      </trkpt>
      <trkpt lat="48.507775" lon="15.504265">
        <ele>537.366985</ele>
        <time>2026-05-10T09:19:30.999Z</time>
      </trkpt>
      <trkpt lat="48.507697" lon="15.504367">
        <ele>536.705864</ele>
        <time>2026-05-10T09:19:31.999Z</time>
      </trkpt>
      <trkpt lat="48.507602" lon="15.504453">
        <ele>535.996221</ele>
        <time>2026-05-10T09:19:32.999Z</time>
      </trkpt>
      <trkpt lat="48.507523" lon="15.504538">
        <ele>535.374721</ele>
        <time>2026-05-10T09:19:33.999Z</time>
      </trkpt>
      <trkpt lat="48.507447" lon="15.504620">
        <ele>534.776260</ele>
        <time>2026-05-10T09:19:34.999Z</time>
      </trkpt>
      <trkpt lat="48.507368" lon="15.504698">
        <ele>534.171520</ele>
        <time>2026-05-10T09:19:35.999Z</time>
      </trkpt>
      <trkpt lat="48.507198" lon="15.504828">
        <ele>533.088937</ele>
        <time>2026-05-10T09:19:37.999Z</time>
      </trkpt>
      <trkpt lat="48.507097" lon="15.504900">
        <ele>532.505215</ele>
        <time>2026-05-10T09:19:38.999Z</time>
      </trkpt>
      <trkpt lat="48.507011" lon="15.504966">
        <ele>532.001031</ele>
        <time>2026-05-10T09:19:39.999Z</time>
      </trkpt>
      <trkpt lat="48.506921" lon="15.505035">
        <ele>531.473506</ele>
        <time>2026-05-10T09:19:40.999Z</time>
      </trkpt>
      <trkpt lat="48.506829" lon="15.505107">
        <ele>530.931939</ele>
        <time>2026-05-10T09:19:41.999Z</time>
      </trkpt>
      <trkpt lat="48.506724" lon="15.505155">
        <ele>530.358606</ele>
        <time>2026-05-10T09:19:42.999Z</time>
      </trkpt>
      <trkpt lat="48.506670" lon="15.505269">
        <ele>529.873398</ele>
        <time>2026-05-10T09:19:43.999Z</time>
      </trkpt>
      <trkpt lat="48.506590" lon="15.505343">
        <ele>529.383063</ele>
        <time>2026-05-10T09:19:44.999Z</time>
      </trkpt>
      <trkpt lat="48.506508" lon="15.505444">
        <ele>528.829964</ele>
        <time>2026-05-10T09:19:45.999Z</time>
      </trkpt>
      <trkpt lat="48.506422" lon="15.505553">
        <ele>528.243099</ele>
        <time>2026-05-10T09:19:46.999Z</time>
      </trkpt>
      <trkpt lat="48.506337" lon="15.505648">
        <ele>527.690375</ele>
        <time>2026-05-10T09:19:47.999Z</time>
      </trkpt>
      <trkpt lat="48.506262" lon="15.505765">
        <ele>527.126709</ele>
        <time>2026-05-10T09:19:48.999Z</time>
      </trkpt>
      <trkpt lat="48.506203" lon="15.505891">
        <ele>526.592494</ele>
        <time>2026-05-10T09:19:49.999Z</time>
      </trkpt>
      <trkpt lat="48.506148" lon="15.506033">
        <ele>526.022989</ele>
        <time>2026-05-10T09:19:50.999Z</time>
      </trkpt>
      <trkpt lat="48.506094" lon="15.506174">
        <ele>525.459103</ele>
        <time>2026-05-10T09:19:51.999Z</time>
      </trkpt>
      <trkpt lat="48.506052" lon="15.506315">
        <ele>524.923839</ele>
        <time>2026-05-10T09:19:52.999Z</time>
      </trkpt>
      <trkpt lat="48.506023" lon="15.506464">
        <ele>524.386147</ele>
        <time>2026-05-10T09:19:53.999Z</time>
      </trkpt>
      <trkpt lat="48.505991" lon="15.506606">
        <ele>524.007401</ele>
        <time>2026-05-10T09:19:54.999Z</time>
      </trkpt>
      <trkpt lat="48.505961" lon="15.506741">
        <ele>523.673802</ele>
        <time>2026-05-10T09:19:55.999Z</time>
      </trkpt>
      <trkpt lat="48.505935" lon="15.506875">
        <ele>523.346676</ele>
        <time>2026-05-10T09:19:56.998Z</time>
      </trkpt>
      <trkpt lat="48.505905" lon="15.507014">
        <ele>523.004178</ele>
        <time>2026-05-10T09:19:57.998Z</time>
      </trkpt>
      <trkpt lat="48.505849" lon="15.507276">
        <ele>522.359203</ele>
        <time>2026-05-10T09:19:59.998Z</time>
      </trkpt>
      <trkpt lat="48.505816" lon="15.507407">
        <ele>522.030855</ele>
        <time>2026-05-10T09:20:00.998Z</time>
      </trkpt>
      <trkpt lat="48.505750" lon="15.507651">
        <ele>521.413395</ele>
        <time>2026-05-10T09:20:02.998Z</time>
      </trkpt>
      <trkpt lat="48.505626" lon="15.507846">
        <ele>520.780163</ele>
        <time>2026-05-10T09:20:04.998Z</time>
      </trkpt>
      <trkpt lat="48.505564" lon="15.507958">
        <ele>520.438228</ele>
        <time>2026-05-10T09:20:05.998Z</time>
      </trkpt>
      <trkpt lat="48.505476" lon="15.508004">
        <ele>520.108914</ele>
        <time>2026-05-10T09:20:06.998Z</time>
      </trkpt>
      <trkpt lat="48.505400" lon="15.508082">
        <ele>519.783923</ele>
        <time>2026-05-10T09:20:07.998Z</time>
      </trkpt>
      <trkpt lat="48.505235" lon="15.508163">
        <ele>519.170375</ele>
        <time>2026-05-10T09:20:09.998Z</time>
      </trkpt>
      <trkpt lat="48.505145" lon="15.508200">
        <ele>518.840528</ele>
        <time>2026-05-10T09:20:10.998Z</time>
      </trkpt>
      <trkpt lat="48.504984" lon="15.508306">
        <ele>518.219402</ele>
        <time>2026-05-10T09:20:12.998Z</time>
      </trkpt>
      <trkpt lat="48.504842" lon="15.508455">
        <ele>517.519068</ele>
        <time>2026-05-10T09:20:14.998Z</time>
      </trkpt>
      <trkpt lat="48.504714" lon="15.508636">
        <ele>516.733707</ele>
        <time>2026-05-10T09:20:16.998Z</time>
      </trkpt>
      <trkpt lat="48.504660" lon="15.508745">
        <ele>516.329946</ele>
        <time>2026-05-10T09:20:17.998Z</time>
      </trkpt>
      <trkpt lat="48.504605" lon="15.508854">
        <ele>515.923487</ele>
        <time>2026-05-10T09:20:18.998Z</time>
      </trkpt>
      <trkpt lat="48.504500" lon="15.509083">
        <ele>515.097317</ele>
        <time>2026-05-10T09:20:20.998Z</time>
      </trkpt>
      <trkpt lat="48.504453" lon="15.509210">
        <ele>514.665766</ele>
        <time>2026-05-10T09:20:21.998Z</time>
      </trkpt>
      <trkpt lat="48.504423" lon="15.509348">
        <ele>514.234898</ele>
        <time>2026-05-10T09:20:22.998Z</time>
      </trkpt>
      <trkpt lat="48.504376" lon="15.509471">
        <ele>513.813667</ele>
        <time>2026-05-10T09:20:23.998Z</time>
      </trkpt>
      <trkpt lat="48.504346" lon="15.509603">
        <ele>513.399673</ele>
        <time>2026-05-10T09:20:24.998Z</time>
      </trkpt>
      <trkpt lat="48.504334" lon="15.509743">
        <ele>512.980883</ele>
        <time>2026-05-10T09:20:25.998Z</time>
      </trkpt>
      <trkpt lat="48.504304" lon="15.509881">
        <ele>512.550013</ele>
        <time>2026-05-10T09:20:26.998Z</time>
      </trkpt>
      <trkpt lat="48.504280" lon="15.510021">
        <ele>512.121007</ele>
        <time>2026-05-10T09:20:27.998Z</time>
      </trkpt>
      <trkpt lat="48.504259" lon="15.510167">
        <ele>511.677788</ele>
        <time>2026-05-10T09:20:28.998Z</time>
      </trkpt>
      <trkpt lat="48.504237" lon="15.510322">
        <ele>511.207526</ele>
        <time>2026-05-10T09:20:29.998Z</time>
      </trkpt>
      <trkpt lat="48.504213" lon="15.510462">
        <ele>510.778519</ele>
        <time>2026-05-10T09:20:30.998Z</time>
      </trkpt>
      <trkpt lat="48.504161" lon="15.510685">
        <ele>510.077181</ele>
        <time>2026-05-10T09:20:32.998Z</time>
      </trkpt>
      <trkpt lat="48.504086" lon="15.510808">
        <ele>509.466983</ele>
        <time>2026-05-10T09:20:33.998Z</time>
      </trkpt>
      <trkpt lat="48.504020" lon="15.510923">
        <ele>508.847371</ele>
        <time>2026-05-10T09:20:34.998Z</time>
      </trkpt>
      <trkpt lat="48.503944" lon="15.511029">
        <ele>508.211306</ele>
        <time>2026-05-10T09:20:35.998Z</time>
      </trkpt>
      <trkpt lat="48.503867" lon="15.511128">
        <ele>507.589567</ele>
        <time>2026-05-10T09:20:36.998Z</time>
      </trkpt>
      <trkpt lat="48.503795" lon="15.511212">
        <ele>507.030205</ele>
        <time>2026-05-10T09:20:37.998Z</time>
      </trkpt>
      <trkpt lat="48.503718" lon="15.511302">
        <ele>506.431583</ele>
        <time>2026-05-10T09:20:38.998Z</time>
      </trkpt>
      <trkpt lat="48.503535" lon="15.511488">
        <ele>505.075467</ele>
        <time>2026-05-10T09:20:40.998Z</time>
      </trkpt>
      <trkpt lat="48.503434" lon="15.511574">
        <ele>504.362675</ele>
        <time>2026-05-10T09:20:41.998Z</time>
      </trkpt>
      <trkpt lat="48.503347" lon="15.511667">
        <ele>503.707376</ele>
        <time>2026-05-10T09:20:42.998Z</time>
      </trkpt>
      <trkpt lat="48.503258" lon="15.511749">
        <ele>503.066449</ele>
        <time>2026-05-10T09:20:43.998Z</time>
      </trkpt>
      <trkpt lat="48.503148" lon="15.511833">
        <ele>502.308702</ele>
        <time>2026-05-10T09:20:44.998Z</time>
      </trkpt>
      <trkpt lat="48.503048" lon="15.511911">
        <ele>501.616806</ele>
        <time>2026-05-10T09:20:45.998Z</time>
      </trkpt>
      <trkpt lat="48.502959" lon="15.512001">
        <ele>500.958314</ele>
        <time>2026-05-10T09:20:46.998Z</time>
      </trkpt>
      <trkpt lat="48.502871" lon="15.512095">
        <ele>500.295643</ele>
        <time>2026-05-10T09:20:47.998Z</time>
      </trkpt>
      <trkpt lat="48.502790" lon="15.512199">
        <ele>499.641977</ele>
        <time>2026-05-10T09:20:48.998Z</time>
      </trkpt>
      <trkpt lat="48.502706" lon="15.512287">
        <ele>499.013465</ele>
        <time>2026-05-10T09:20:49.998Z</time>
      </trkpt>
      <trkpt lat="48.502609" lon="15.512414">
        <ele>498.509395</ele>
        <time>2026-05-10T09:20:50.998Z</time>
      </trkpt>
      <trkpt lat="48.502523" lon="15.512552">
        <ele>498.099714</ele>
        <time>2026-05-10T09:20:51.998Z</time>
      </trkpt>
      <trkpt lat="48.502452" lon="15.512694">
        <ele>497.715018</ele>
        <time>2026-05-10T09:20:52.998Z</time>
      </trkpt>
      <trkpt lat="48.502396" lon="15.512852">
        <ele>497.327531</ele>
        <time>2026-05-10T09:20:53.998Z</time>
      </trkpt>
      <trkpt lat="48.502322" lon="15.512998">
        <ele>496.930023</ele>
        <time>2026-05-10T09:20:54.999Z</time>
      </trkpt>
      <trkpt lat="48.502279" lon="15.513143">
        <ele>496.586487</ele>
        <time>2026-05-10T09:20:55.999Z</time>
      </trkpt>
      <trkpt lat="48.502219" lon="15.513284">
        <ele>496.224107</ele>
        <time>2026-05-10T09:20:56.999Z</time>
      </trkpt>
      <trkpt lat="48.502153" lon="15.513400">
        <ele>495.893462</ele>
        <time>2026-05-10T09:20:57.999Z</time>
      </trkpt>
      <trkpt lat="48.502033" lon="15.513601">
        <ele>495.308380</ele>
        <time>2026-05-10T09:20:59.999Z</time>
      </trkpt>
      <trkpt lat="48.501959" lon="15.513683">
        <ele>495.008756</ele>
        <time>2026-05-10T09:21:00.999Z</time>
      </trkpt>
      <trkpt lat="48.501877" lon="15.513750">
        <ele>494.704427</ele>
        <time>2026-05-10T09:21:01.999Z</time>
      </trkpt>
      <trkpt lat="48.501789" lon="15.513796">
        <ele>494.400481</ele>
        <time>2026-05-10T09:21:02.999Z</time>
      </trkpt>
      <trkpt lat="48.501701" lon="15.513826">
        <ele>494.106037</ele>
        <time>2026-05-10T09:21:03.999Z</time>
      </trkpt>
      <trkpt lat="48.501610" lon="15.513821">
        <ele>493.808842</ele>
        <time>2026-05-10T09:21:04.999Z</time>
      </trkpt>
      <trkpt lat="48.501513" lon="15.513796">
        <ele>493.487678</ele>
        <time>2026-05-10T09:21:05.999Z</time>
      </trkpt>
      <trkpt lat="48.501423" lon="15.513765">
        <ele>493.186390</ele>
        <time>2026-05-10T09:21:06.999Z</time>
      </trkpt>
      <trkpt lat="48.501343" lon="15.513685">
        <ele>492.785377</ele>
        <time>2026-05-10T09:21:07.999Z</time>
      </trkpt>
      <trkpt lat="48.501263" lon="15.513593">
        <ele>492.132791</ele>
        <time>2026-05-10T09:21:08.999Z</time>
      </trkpt>
      <trkpt lat="48.501189" lon="15.513480">
        <ele>491.449754</ele>
        <time>2026-05-10T09:21:09.999Z</time>
      </trkpt>
      <trkpt lat="48.501112" lon="15.513373">
        <ele>490.770628</ele>
        <time>2026-05-10T09:21:10.999Z</time>
      </trkpt>
      <trkpt lat="48.501054" lon="15.513248">
        <ele>490.114566</ele>
        <time>2026-05-10T09:21:11.999Z</time>
      </trkpt>
      <trkpt lat="48.500994" lon="15.513128">
        <ele>489.468260</ele>
        <time>2026-05-10T09:21:12.999Z</time>
      </trkpt>
      <trkpt lat="48.500881" lon="15.512897">
        <ele>488.233824</ele>
        <time>2026-05-10T09:21:14.999Z</time>
      </trkpt>
      <trkpt lat="48.500775" lon="15.512834">
        <ele>487.494651</ele>
        <time>2026-05-10T09:21:15.999Z</time>
      </trkpt>
      <trkpt lat="48.500650" lon="15.512789">
        <ele>486.660856</ele>
        <time>2026-05-10T09:21:16.999Z</time>
      </trkpt>
      <trkpt lat="48.500550" lon="15.512767">
        <ele>486.005167</ele>
        <time>2026-05-10T09:21:17.999Z</time>
      </trkpt>
      <trkpt lat="48.500441" lon="15.512768">
        <ele>485.297927</ele>
        <time>2026-05-10T09:21:18.999Z</time>
      </trkpt>
      <trkpt lat="48.500337" lon="15.512798">
        <ele>484.610927</ele>
        <time>2026-05-10T09:21:19.999Z</time>
      </trkpt>
      <trkpt lat="48.500226" lon="15.512811">
        <ele>483.888558</ele>
        <time>2026-05-10T09:21:20.999Z</time>
      </trkpt>
      <trkpt lat="48.500117" lon="15.512839">
        <ele>483.171160</ele>
        <time>2026-05-10T09:21:21.999Z</time>
      </trkpt>
      <trkpt lat="48.500015" lon="15.512832">
        <ele>482.508668</ele>
        <time>2026-05-10T09:21:22.999Z</time>
      </trkpt>
      <trkpt lat="48.499909" lon="15.512856">
        <ele>481.813209</ele>
        <time>2026-05-10T09:21:23.999Z</time>
      </trkpt>
      <trkpt lat="48.499791" lon="15.512878">
        <ele>481.047960</ele>
        <time>2026-05-10T09:21:24.999Z</time>
      </trkpt>
      <trkpt lat="48.499679" lon="15.512905">
        <ele>480.330275</ele>
        <time>2026-05-10T09:21:25.999Z</time>
      </trkpt>
      <trkpt lat="48.499564" lon="15.512890">
        <ele>479.599879</ele>
        <time>2026-05-10T09:21:26.999Z</time>
      </trkpt>
      <trkpt lat="48.499453" lon="15.512885">
        <ele>478.897193</ele>
        <time>2026-05-10T09:21:27.999Z</time>
      </trkpt>
      <trkpt lat="48.499350" lon="15.512879">
        <ele>478.244957</ele>
        <time>2026-05-10T09:21:28.999Z</time>
      </trkpt>
      <trkpt lat="48.499235" lon="15.512894">
        <ele>477.514561</ele>
        <time>2026-05-10T09:21:29.999Z</time>
      </trkpt>
      <trkpt lat="48.499125" lon="15.512876">
        <ele>476.814437</ele>
        <time>2026-05-10T09:21:30.999Z</time>
      </trkpt>
      <trkpt lat="48.499015" lon="15.512877">
        <ele>476.118379</ele>
        <time>2026-05-10T09:21:31.999Z</time>
      </trkpt>
      <trkpt lat="48.498899" lon="15.512916">
        <ele>475.366374</ele>
        <time>2026-05-10T09:21:32.999Z</time>
      </trkpt>
      <trkpt lat="48.498784" lon="15.512945">
        <ele>474.628602</ele>
        <time>2026-05-10T09:21:33.999Z</time>
      </trkpt>
      <trkpt lat="48.498694" lon="15.513011">
        <ele>473.995433</ele>
        <time>2026-05-10T09:21:34.999Z</time>
      </trkpt>
      <trkpt lat="48.498609" lon="15.513072">
        <ele>473.399863</ele>
        <time>2026-05-10T09:21:35.999Z</time>
      </trkpt>
      <trkpt lat="48.498514" lon="15.513142">
        <ele>472.730906</ele>
        <time>2026-05-10T09:21:36.999Z</time>
      </trkpt>
      <trkpt lat="48.498420" lon="15.513222">
        <ele>472.048038</ele>
        <time>2026-05-10T09:21:37.999Z</time>
      </trkpt>
      <trkpt lat="48.498329" lon="15.513307">
        <ele>471.370845</ele>
        <time>2026-05-10T09:21:38.999Z</time>
      </trkpt>
      <trkpt lat="48.498241" lon="15.513384">
        <ele>470.727180</ele>
        <time>2026-05-10T09:21:39.999Z</time>
      </trkpt>
      <trkpt lat="48.498148" lon="15.513458">
        <ele>470.061916</ele>
        <time>2026-05-10T09:21:40.999Z</time>
      </trkpt>
      <trkpt lat="48.498059" lon="15.513524">
        <ele>469.468668</ele>
        <time>2026-05-10T09:21:41.999Z</time>
      </trkpt>
      <trkpt lat="48.497952" lon="15.513529">
        <ele>468.839981</ele>
        <time>2026-05-10T09:21:42.999Z</time>
      </trkpt>
      <trkpt lat="48.497851" lon="15.513520">
        <ele>468.245799</ele>
        <time>2026-05-10T09:21:43.999Z</time>
      </trkpt>
      <trkpt lat="48.497755" lon="15.513478">
        <ele>467.658800</ele>
        <time>2026-05-10T09:21:44.999Z</time>
      </trkpt>
      <trkpt lat="48.497665" lon="15.513404">
        <ele>467.056891</ele>
        <time>2026-05-10T09:21:45.999Z</time>
      </trkpt>
      <trkpt lat="48.497571" lon="15.513355">
        <ele>466.472846</ele>
        <time>2026-05-10T09:21:46.999Z</time>
      </trkpt>
      <trkpt lat="48.497491" lon="15.513274">
        <ele>465.907077</ele>
        <time>2026-05-10T09:21:47.999Z</time>
      </trkpt>
      <trkpt lat="48.497404" lon="15.513200">
        <ele>465.320577</ele>
        <time>2026-05-10T09:21:48.999Z</time>
      </trkpt>
      <trkpt lat="48.497325" lon="15.513121">
        <ele>464.764012</ele>
        <time>2026-05-10T09:21:49.999Z</time>
      </trkpt>
      <trkpt lat="48.497246" lon="15.513047">
        <ele>464.217953</ele>
        <time>2026-05-10T09:21:50.999Z</time>
      </trkpt>
      <trkpt lat="48.497163" lon="15.512973">
        <ele>463.651800</ele>
        <time>2026-05-10T09:21:51.999Z</time>
      </trkpt>
      <trkpt lat="48.497004" lon="15.512884">
        <ele>462.655866</ele>
        <time>2026-05-10T09:21:53.999Z</time>
      </trkpt>
      <trkpt lat="48.496906" lon="15.512867">
        <ele>462.076545</ele>
        <time>2026-05-10T09:21:54.999Z</time>
      </trkpt>
      <trkpt lat="48.496809" lon="15.512879">
        <ele>461.504977</ele>
        <time>2026-05-10T09:21:55.999Z</time>
      </trkpt>
      <trkpt lat="48.496717" lon="15.512921">
        <ele>460.940501</ele>
        <time>2026-05-10T09:21:56.999Z</time>
      </trkpt>
      <trkpt lat="48.496632" lon="15.512994">
        <ele>460.366137</ele>
        <time>2026-05-10T09:21:57.999Z</time>
      </trkpt>
      <trkpt lat="48.496548" lon="15.513069">
        <ele>459.792947</ele>
        <time>2026-05-10T09:21:58.999Z</time>
      </trkpt>
      <trkpt lat="48.496470" lon="15.513165">
        <ele>459.234134</ele>
        <time>2026-05-10T09:21:59.999Z</time>
      </trkpt>
      <trkpt lat="48.496385" lon="15.513245">
        <ele>458.776136</ele>
        <time>2026-05-10T09:22:00.999Z</time>
      </trkpt>
      <trkpt lat="48.496298" lon="15.513318">
        <ele>458.321029</ele>
        <time>2026-05-10T09:22:01.999Z</time>
      </trkpt>
      <trkpt lat="48.496213" lon="15.513387">
        <ele>457.879760</ele>
        <time>2026-05-10T09:22:02.999Z</time>
      </trkpt>
      <trkpt lat="48.496115" lon="15.513417">
        <ele>457.422588</ele>
        <time>2026-05-10T09:22:03.999Z</time>
      </trkpt>
      <trkpt lat="48.496013" lon="15.513447">
        <ele>456.947480</ele>
        <time>2026-05-10T09:22:04.999Z</time>
      </trkpt>
      <trkpt lat="48.495916" lon="15.513449">
        <ele>456.503965</ele>
        <time>2026-05-10T09:22:05.998Z</time>
      </trkpt>
      <trkpt lat="48.495815" lon="15.513445">
        <ele>456.042045</ele>
        <time>2026-05-10T09:22:06.998Z</time>
      </trkpt>
      <trkpt lat="48.495726" lon="15.513409">
        <ele>455.620782</ele>
        <time>2026-05-10T09:22:07.998Z</time>
      </trkpt>
      <trkpt lat="48.495638" lon="15.513354">
        <ele>455.185314</ele>
        <time>2026-05-10T09:22:08.998Z</time>
      </trkpt>
      <trkpt lat="48.495537" lon="15.513291">
        <ele>454.685659</ele>
        <time>2026-05-10T09:22:09.998Z</time>
      </trkpt>
      <trkpt lat="48.495463" lon="15.513171">
        <ele>454.189031</ele>
        <time>2026-05-10T09:22:10.998Z</time>
      </trkpt>
      <trkpt lat="48.495390" lon="15.513062">
        <ele>453.719516</ele>
        <time>2026-05-10T09:22:11.998Z</time>
      </trkpt>
      <trkpt lat="48.495316" lon="15.512943">
        <ele>453.225101</ele>
        <time>2026-05-10T09:22:12.998Z</time>
      </trkpt>
      <trkpt lat="48.495252" lon="15.512808">
        <ele>452.722204</ele>
        <time>2026-05-10T09:22:13.998Z</time>
      </trkpt>
      <trkpt lat="48.495180" lon="15.512699">
        <ele>452.255927</ele>
        <time>2026-05-10T09:22:14.998Z</time>
      </trkpt>
      <trkpt lat="48.495108" lon="15.512581">
        <ele>451.769955</ele>
        <time>2026-05-10T09:22:15.998Z</time>
      </trkpt>
      <trkpt lat="48.495040" lon="15.512453">
        <ele>451.272920</ele>
        <time>2026-05-10T09:22:16.998Z</time>
      </trkpt>
      <trkpt lat="48.494959" lon="15.512339">
        <ele>450.773103</ele>
        <time>2026-05-10T09:22:17.998Z</time>
      </trkpt>
      <trkpt lat="48.494881" lon="15.512225">
        <ele>450.285774</ele>
        <time>2026-05-10T09:22:18.998Z</time>
      </trkpt>
      <trkpt lat="48.494811" lon="15.512107">
        <ele>449.814762</ele>
        <time>2026-05-10T09:22:19.998Z</time>
      </trkpt>
      <trkpt lat="48.494735" lon="15.512005">
        <ele>449.358297</ele>
        <time>2026-05-10T09:22:20.998Z</time>
      </trkpt>
      <trkpt lat="48.494647" lon="15.511908">
        <ele>448.869218</ele>
        <time>2026-05-10T09:22:21.998Z</time>
      </trkpt>
      <trkpt lat="48.494558" lon="15.511824">
        <ele>448.398102</ele>
        <time>2026-05-10T09:22:22.998Z</time>
      </trkpt>
      <trkpt lat="48.494474" lon="15.511740">
        <ele>447.945853</ele>
        <time>2026-05-10T09:22:23.998Z</time>
      </trkpt>
      <trkpt lat="48.494379" lon="15.511661">
        <ele>447.459049</ele>
        <time>2026-05-10T09:22:24.998Z</time>
      </trkpt>
      <trkpt lat="48.494291" lon="15.511586">
        <ele>447.005476</ele>
        <time>2026-05-10T09:22:25.998Z</time>
      </trkpt>
      <trkpt lat="48.494195" lon="15.511516">
        <ele>446.526974</ele>
        <time>2026-05-10T09:22:26.998Z</time>
      </trkpt>
      <trkpt lat="48.494101" lon="15.511453">
        <ele>446.065374</ele>
        <time>2026-05-10T09:22:27.998Z</time>
      </trkpt>
      <trkpt lat="48.494001" lon="15.511405">
        <ele>445.594425</ele>
        <time>2026-05-10T09:22:28.998Z</time>
      </trkpt>
      <trkpt lat="48.493893" lon="15.511362">
        <ele>445.093144</ele>
        <time>2026-05-10T09:22:29.998Z</time>
      </trkpt>
      <trkpt lat="48.493790" lon="15.511348">
        <ele>444.629019</ele>
        <time>2026-05-10T09:22:30.998Z</time>
      </trkpt>
      <trkpt lat="48.493688" lon="15.511336">
        <ele>444.169864</ele>
        <time>2026-05-10T09:22:31.998Z</time>
      </trkpt>
      <trkpt lat="48.493573" lon="15.511305">
        <ele>443.645585</ele>
        <time>2026-05-10T09:22:32.998Z</time>
      </trkpt>
      <trkpt lat="48.493457" lon="15.511286">
        <ele>443.121931</ele>
        <time>2026-05-10T09:22:33.998Z</time>
      </trkpt>
      <trkpt lat="48.493341" lon="15.511279">
        <ele>442.888865</ele>
        <time>2026-05-10T09:22:34.998Z</time>
      </trkpt>
      <trkpt lat="48.493233" lon="15.511280">
        <ele>442.713361</ele>
        <time>2026-05-10T09:22:35.998Z</time>
      </trkpt>
      <trkpt lat="48.493130" lon="15.511316">
        <ele>442.541553</ele>
        <time>2026-05-10T09:22:36.998Z</time>
      </trkpt>
      <trkpt lat="48.493024" lon="15.511306">
        <ele>442.368966</ele>
        <time>2026-05-10T09:22:37.998Z</time>
      </trkpt>
      <trkpt lat="48.492894" lon="15.511265">
        <ele>442.153149</ele>
        <time>2026-05-10T09:22:38.998Z</time>
      </trkpt>
      <trkpt lat="48.492783" lon="15.511216">
        <ele>441.965213</ele>
        <time>2026-05-10T09:22:39.998Z</time>
      </trkpt>
      <trkpt lat="48.492659" lon="15.511210">
        <ele>441.763608</ele>
        <time>2026-05-10T09:22:40.998Z</time>
      </trkpt>
      <trkpt lat="48.492540" lon="15.511190">
        <ele>441.569036</ele>
        <time>2026-05-10T09:22:41.998Z</time>
      </trkpt>
      <trkpt lat="48.492422" lon="15.511155">
        <ele>441.373615</ele>
        <time>2026-05-10T09:22:42.998Z</time>
      </trkpt>
      <trkpt lat="48.492303" lon="15.511126">
        <ele>441.177733</ele>
        <time>2026-05-10T09:22:43.998Z</time>
      </trkpt>
      <trkpt lat="48.492178" lon="15.511149">
        <ele>440.973102</ele>
        <time>2026-05-10T09:22:44.998Z</time>
      </trkpt>
      <trkpt lat="48.492064" lon="15.511094">
        <ele>440.778612</ele>
        <time>2026-05-10T09:22:45.998Z</time>
      </trkpt>
      <trkpt lat="48.491939" lon="15.511059">
        <ele>440.572018</ele>
        <time>2026-05-10T09:22:46.998Z</time>
      </trkpt>
      <trkpt lat="48.491826" lon="15.511025">
        <ele>440.384777</ele>
        <time>2026-05-10T09:22:47.998Z</time>
      </trkpt>
      <trkpt lat="48.491726" lon="15.510929">
        <ele>440.192175</ele>
        <time>2026-05-10T09:22:48.998Z</time>
      </trkpt>
      <trkpt lat="48.491643" lon="15.510863">
        <ele>439.733636</ele>
        <time>2026-05-10T09:22:49.998Z</time>
      </trkpt>
      <trkpt lat="48.491559" lon="15.510770">
        <ele>438.987108</ele>
        <time>2026-05-10T09:22:50.998Z</time>
      </trkpt>
      <trkpt lat="48.491481" lon="15.510660">
        <ele>438.222111</ele>
        <time>2026-05-10T09:22:51.998Z</time>
      </trkpt>
      <trkpt lat="48.491392" lon="15.510552">
        <ele>437.403756</ele>
        <time>2026-05-10T09:22:52.998Z</time>
      </trkpt>
      <trkpt lat="48.491300" lon="15.510473">
        <ele>436.645275</ele>
        <time>2026-05-10T09:22:53.998Z</time>
      </trkpt>
      <trkpt lat="48.491235" lon="15.510362">
        <ele>435.941882</ele>
        <time>2026-05-10T09:22:54.998Z</time>
      </trkpt>
      <trkpt lat="48.491178" lon="15.510227">
        <ele>435.181757</ele>
        <time>2026-05-10T09:22:55.998Z</time>
      </trkpt>
      <trkpt lat="48.491105" lon="15.510133">
        <ele>434.494112</ele>
        <time>2026-05-10T09:22:56.998Z</time>
      </trkpt>
      <trkpt lat="48.491013" lon="15.510044">
        <ele>433.711053</ele>
        <time>2026-05-10T09:22:57.998Z</time>
      </trkpt>
      <trkpt lat="48.490919" lon="15.509985">
        <ele>432.981563</ele>
        <time>2026-05-10T09:22:58.998Z</time>
      </trkpt>
      <trkpt lat="48.490829" lon="15.509918">
        <ele>432.262466</ele>
        <time>2026-05-10T09:22:59.998Z</time>
      </trkpt>
      <trkpt lat="48.490750" lon="15.509838">
        <ele>431.580741</ele>
        <time>2026-05-10T09:23:00.999Z</time>
      </trkpt>
      <trkpt lat="48.490658" lon="15.509784">
        <ele>430.873410</ele>
        <time>2026-05-10T09:23:01.999Z</time>
      </trkpt>
      <trkpt lat="48.490566" lon="15.509718">
        <ele>430.143485</ele>
        <time>2026-05-10T09:23:02.999Z</time>
      </trkpt>
      <trkpt lat="48.490449" lon="15.509677">
        <ele>429.282829</ele>
        <time>2026-05-10T09:23:03.999Z</time>
      </trkpt>
      <trkpt lat="48.490365" lon="15.509589">
        <ele>428.550092</ele>
        <time>2026-05-10T09:23:04.999Z</time>
      </trkpt>
      <trkpt lat="48.490287" lon="15.509479">
        <ele>427.785087</ele>
        <time>2026-05-10T09:23:05.999Z</time>
      </trkpt>
      <trkpt lat="48.490227" lon="15.509359">
        <ele>427.096183</ele>
        <time>2026-05-10T09:23:06.999Z</time>
      </trkpt>
      <trkpt lat="48.490163" lon="15.509238">
        <ele>426.468623</ele>
        <time>2026-05-10T09:23:07.999Z</time>
      </trkpt>
      <trkpt lat="48.490111" lon="15.509088">
        <ele>425.782402</ele>
        <time>2026-05-10T09:23:08.999Z</time>
      </trkpt>
      <trkpt lat="48.490037" lon="15.509001">
        <ele>425.208600</ele>
        <time>2026-05-10T09:23:09.999Z</time>
      </trkpt>
      <trkpt lat="48.489967" lon="15.508876">
        <ele>424.545212</ele>
        <time>2026-05-10T09:23:10.999Z</time>
      </trkpt>
      <trkpt lat="48.489904" lon="15.508766">
        <ele>423.955868</ele>
        <time>2026-05-10T09:23:11.999Z</time>
      </trkpt>
      <trkpt lat="48.489829" lon="15.508660">
        <ele>423.327311</ele>
        <time>2026-05-10T09:23:12.999Z</time>
      </trkpt>
      <trkpt lat="48.489734" lon="15.508572">
        <ele>422.645474</ele>
        <time>2026-05-10T09:23:13.999Z</time>
      </trkpt>
      <trkpt lat="48.489650" lon="15.508482">
        <ele>422.015324</ele>
        <time>2026-05-10T09:23:14.999Z</time>
      </trkpt>
      <trkpt lat="48.489566" lon="15.508389">
        <ele>421.378057</ele>
        <time>2026-05-10T09:23:15.999Z</time>
      </trkpt>
      <trkpt lat="48.489474" lon="15.508312">
        <ele>420.734560</ele>
        <time>2026-05-10T09:23:16.999Z</time>
      </trkpt>
      <trkpt lat="48.489383" lon="15.508228">
        <ele>420.082054</ele>
        <time>2026-05-10T09:23:17.999Z</time>
      </trkpt>
      <trkpt lat="48.489222" lon="15.508132">
        <ele>419.023182</ele>
        <time>2026-05-10T09:23:19.999Z</time>
      </trkpt>
      <trkpt lat="48.489131" lon="15.508059">
        <ele>418.392799</ele>
        <time>2026-05-10T09:23:20.999Z</time>
      </trkpt>
      <trkpt lat="48.488962" lon="15.507936">
        <ele>417.245127</ele>
        <time>2026-05-10T09:23:22.999Z</time>
      </trkpt>
      <trkpt lat="48.488880" lon="15.507870">
        <ele>416.676670</ele>
        <time>2026-05-10T09:23:23.999Z</time>
      </trkpt>
      <trkpt lat="48.488787" lon="15.507824">
        <ele>416.082000</ele>
        <time>2026-05-10T09:23:24.999Z</time>
      </trkpt>
      <trkpt lat="48.488702" lon="15.507773">
        <ele>415.536145</ele>
        <time>2026-05-10T09:23:25.999Z</time>
      </trkpt>
      <trkpt lat="48.488528" lon="15.507695">
        <ele>414.452976</ele>
        <time>2026-05-10T09:23:27.999Z</time>
      </trkpt>
      <trkpt lat="48.488358" lon="15.507638">
        <ele>413.413786</ele>
        <time>2026-05-10T09:23:29.999Z</time>
      </trkpt>
      <trkpt lat="48.488269" lon="15.507614">
        <ele>412.874280</ele>
        <time>2026-05-10T09:23:30.999Z</time>
      </trkpt>
      <trkpt lat="48.488179" lon="15.507598">
        <ele>412.333507</ele>
        <time>2026-05-10T09:23:31.999Z</time>
      </trkpt>
      <trkpt lat="48.488083" lon="15.507598">
        <ele>411.760645</ele>
        <time>2026-05-10T09:23:32.999Z</time>
      </trkpt>
      <trkpt lat="48.487986" lon="15.507602">
        <ele>411.181600</ele>
        <time>2026-05-10T09:23:33.999Z</time>
      </trkpt>
      <trkpt lat="48.487884" lon="15.507600">
        <ele>410.572882</ele>
        <time>2026-05-10T09:23:34.999Z</time>
      </trkpt>
      <trkpt lat="48.487790" lon="15.507614">
        <ele>410.009229</ele>
        <time>2026-05-10T09:23:35.999Z</time>
      </trkpt>
      <trkpt lat="48.487699" lon="15.507606">
        <ele>409.465283</ele>
        <time>2026-05-10T09:23:36.999Z</time>
      </trkpt>
      <trkpt lat="48.487607" lon="15.507578">
        <ele>408.905232</ele>
        <time>2026-05-10T09:23:37.999Z</time>
      </trkpt>
      <trkpt lat="48.487506" lon="15.507577">
        <ele>408.302521</ele>
        <time>2026-05-10T09:23:38.999Z</time>
      </trkpt>
      <trkpt lat="48.487397" lon="15.507590">
        <ele>407.650055</ele>
        <time>2026-05-10T09:23:39.999Z</time>
      </trkpt>
      <trkpt lat="48.487286" lon="15.507601">
        <ele>406.986256</ele>
        <time>2026-05-10T09:23:40.999Z</time>
      </trkpt>
      <trkpt lat="48.487186" lon="15.507588">
        <ele>406.387314</ele>
        <time>2026-05-10T09:23:41.999Z</time>
      </trkpt>
      <trkpt lat="48.487086" lon="15.507560">
        <ele>405.780394</ele>
        <time>2026-05-10T09:23:42.999Z</time>
      </trkpt>
      <trkpt lat="48.486988" lon="15.507528">
        <ele>405.349283</ele>
        <time>2026-05-10T09:23:43.999Z</time>
      </trkpt>
      <trkpt lat="48.486901" lon="15.507440">
        <ele>405.045849</ele>
        <time>2026-05-10T09:23:44.999Z</time>
      </trkpt>
      <trkpt lat="48.486806" lon="15.507361">
        <ele>404.731604</ele>
        <time>2026-05-10T09:23:45.999Z</time>
      </trkpt>
      <trkpt lat="48.486736" lon="15.507263">
        <ele>404.454963</ele>
        <time>2026-05-10T09:23:46.999Z</time>
      </trkpt>
      <trkpt lat="48.486660" lon="15.507160">
        <ele>404.159011</ele>
        <time>2026-05-10T09:23:47.999Z</time>
      </trkpt>
      <trkpt lat="48.486597" lon="15.507059">
        <ele>403.892707</ele>
        <time>2026-05-10T09:23:48.999Z</time>
      </trkpt>
      <trkpt lat="48.486524" lon="15.506970">
        <ele>403.620813</ele>
        <time>2026-05-10T09:23:49.999Z</time>
      </trkpt>
      <trkpt lat="48.486450" lon="15.506875">
        <ele>403.339335</ele>
        <time>2026-05-10T09:23:50.999Z</time>
      </trkpt>
      <trkpt lat="48.486380" lon="15.506779">
        <ele>403.065291</ele>
        <time>2026-05-10T09:23:51.999Z</time>
      </trkpt>
      <trkpt lat="48.486313" lon="15.506672">
        <ele>402.782653</ele>
        <time>2026-05-10T09:23:52.999Z</time>
      </trkpt>
      <trkpt lat="48.486241" lon="15.506584">
        <ele>402.514219</ele>
        <time>2026-05-10T09:23:53.999Z</time>
      </trkpt>
      <trkpt lat="48.486087" lon="15.506441">
        <ele>401.990362</ele>
        <time>2026-05-10T09:23:55.999Z</time>
      </trkpt>
      <trkpt lat="48.485943" lon="15.506292">
        <ele>401.484519</ele>
        <time>2026-05-10T09:23:57.999Z</time>
      </trkpt>
      <trkpt lat="48.485869" lon="15.506213">
        <ele>401.221905</ele>
        <time>2026-05-10T09:23:58.999Z</time>
      </trkpt>
      <trkpt lat="48.485722" lon="15.506070">
        <ele>400.715205</ele>
        <time>2026-05-10T09:24:00.999Z</time>
      </trkpt>
      <trkpt lat="48.485636" lon="15.506025">
        <ele>400.451508</ele>
        <time>2026-05-10T09:24:01.999Z</time>
      </trkpt>
      <trkpt lat="48.485555" lon="15.505963">
        <ele>400.052026</ele>
        <time>2026-05-10T09:24:02.999Z</time>
      </trkpt>
      <trkpt lat="48.485472" lon="15.505910">
        <ele>399.461507</ele>
        <time>2026-05-10T09:24:03.999Z</time>
      </trkpt>
      <trkpt lat="48.485322" lon="15.505852">
        <ele>398.446943</ele>
        <time>2026-05-10T09:24:05.999Z</time>
      </trkpt>
      <trkpt lat="48.485229" lon="15.505826">
        <ele>397.827233</ele>
        <time>2026-05-10T09:24:06.999Z</time>
      </trkpt>
      <trkpt lat="48.485132" lon="15.505798">
        <ele>397.180160</ele>
        <time>2026-05-10T09:24:07.999Z</time>
      </trkpt>
      <trkpt lat="48.484957" lon="15.505755">
        <ele>396.018452</ele>
        <time>2026-05-10T09:24:09.998Z</time>
      </trkpt>
      <trkpt lat="48.484861" lon="15.505740">
        <ele>395.386095</ele>
        <time>2026-05-10T09:24:10.998Z</time>
      </trkpt>
      <trkpt lat="48.484756" lon="15.505761">
        <ele>394.692116</ele>
        <time>2026-05-10T09:24:11.998Z</time>
      </trkpt>
      <trkpt lat="48.484664" lon="15.505754">
        <ele>394.088565</ele>
        <time>2026-05-10T09:24:12.998Z</time>
      </trkpt>
      <trkpt lat="48.484563" lon="15.505786">
        <ele>393.412378</ele>
        <time>2026-05-10T09:24:13.998Z</time>
      </trkpt>
      <trkpt lat="48.484461" lon="15.505834">
        <ele>392.712317</ele>
        <time>2026-05-10T09:24:14.998Z</time>
      </trkpt>
      <trkpt lat="48.484360" lon="15.505865">
        <ele>392.037009</ele>
        <time>2026-05-10T09:24:15.998Z</time>
      </trkpt>
      <trkpt lat="48.484257" lon="15.505912">
        <ele>391.331960</ele>
        <time>2026-05-10T09:24:16.998Z</time>
      </trkpt>
      <trkpt lat="48.484156" lon="15.505978">
        <ele>390.610800</ele>
        <time>2026-05-10T09:24:17.998Z</time>
      </trkpt>
      <trkpt lat="48.484067" lon="15.506075">
        <ele>389.891428</ele>
        <time>2026-05-10T09:24:18.998Z</time>
      </trkpt>
      <trkpt lat="48.483972" lon="15.506175">
        <ele>389.132457</ele>
        <time>2026-05-10T09:24:19.998Z</time>
      </trkpt>
      <trkpt lat="48.483877" lon="15.506255">
        <ele>388.412929</ele>
        <time>2026-05-10T09:24:20.998Z</time>
      </trkpt>
      <trkpt lat="48.483769" lon="15.506375">
        <ele>387.470294</ele>
        <time>2026-05-10T09:24:21.998Z</time>
      </trkpt>
      <trkpt lat="48.483673" lon="15.506440">
        <ele>386.730793</ele>
        <time>2026-05-10T09:24:22.998Z</time>
      </trkpt>
      <trkpt lat="48.483574" lon="15.506476">
        <ele>386.015113</ele>
        <time>2026-05-10T09:24:23.998Z</time>
      </trkpt>
      <trkpt lat="48.483465" lon="15.506475">
        <ele>385.249066</ele>
        <time>2026-05-10T09:24:24.998Z</time>
      </trkpt>
      <trkpt lat="48.483345" lon="15.506479">
        <ele>384.405521</ele>
        <time>2026-05-10T09:24:25.998Z</time>
      </trkpt>
      <trkpt lat="48.483231" lon="15.506486">
        <ele>383.603686</ele>
        <time>2026-05-10T09:24:26.998Z</time>
      </trkpt>
      <trkpt lat="48.483121" lon="15.506520">
        <ele>382.814567</ele>
        <time>2026-05-10T09:24:27.998Z</time>
      </trkpt>
      <trkpt lat="48.483003" lon="15.506532">
        <ele>381.983402</ele>
        <time>2026-05-10T09:24:28.998Z</time>
      </trkpt>
      <trkpt lat="48.482884" lon="15.506530">
        <ele>381.147039</ele>
        <time>2026-05-10T09:24:29.998Z</time>
      </trkpt>
      <trkpt lat="48.482765" lon="15.506538">
        <ele>380.309897</ele>
        <time>2026-05-10T09:24:30.998Z</time>
      </trkpt>
      <trkpt lat="48.482651" lon="15.506556">
        <ele>379.504349</ele>
        <time>2026-05-10T09:24:31.998Z</time>
      </trkpt>
      <trkpt lat="48.482544" lon="15.506577">
        <ele>378.746036</ele>
        <time>2026-05-10T09:24:32.998Z</time>
      </trkpt>
      <trkpt lat="48.482440" lon="15.506618">
        <ele>377.990599</ele>
        <time>2026-05-10T09:24:33.998Z</time>
      </trkpt>
      <trkpt lat="48.482335" lon="15.506663">
        <ele>377.223480</ele>
        <time>2026-05-10T09:24:34.998Z</time>
      </trkpt>
      <trkpt lat="48.482245" lon="15.506744">
        <ele>376.486974</ele>
        <time>2026-05-10T09:24:35.998Z</time>
      </trkpt>
      <trkpt lat="48.482155" lon="15.506854">
        <ele>375.661859</ele>
        <time>2026-05-10T09:24:36.998Z</time>
      </trkpt>
      <trkpt lat="48.482076" lon="15.506971">
        <ele>374.840329</ele>
        <time>2026-05-10T09:24:37.998Z</time>
      </trkpt>
      <trkpt lat="48.481998" lon="15.507104">
        <ele>373.966800</ele>
        <time>2026-05-10T09:24:38.998Z</time>
      </trkpt>
      <trkpt lat="48.481926" lon="15.507237">
        <ele>373.122116</ele>
        <time>2026-05-10T09:24:39.998Z</time>
      </trkpt>
      <trkpt lat="48.481840" lon="15.507376">
        <ele>372.186812</ele>
        <time>2026-05-10T09:24:40.998Z</time>
      </trkpt>
      <trkpt lat="48.481768" lon="15.507508">
        <ele>371.345931</ele>
        <time>2026-05-10T09:24:41.998Z</time>
      </trkpt>
      <trkpt lat="48.481710" lon="15.507675">
        <ele>370.418529</ele>
        <time>2026-05-10T09:24:42.998Z</time>
      </trkpt>
      <trkpt lat="48.481641" lon="15.507831">
        <ele>369.496013</ele>
        <time>2026-05-10T09:24:43.998Z</time>
      </trkpt>
      <trkpt lat="48.481578" lon="15.507968">
        <ele>368.675818</ele>
        <time>2026-05-10T09:24:44.998Z</time>
      </trkpt>
      <trkpt lat="48.481493" lon="15.508116">
        <ele>367.712551</ele>
        <time>2026-05-10T09:24:45.998Z</time>
      </trkpt>
      <trkpt lat="48.481418" lon="15.508247">
        <ele>366.861076</ele>
        <time>2026-05-10T09:24:46.998Z</time>
      </trkpt>
      <trkpt lat="48.481342" lon="15.508361">
        <ele>366.065749</ele>
        <time>2026-05-10T09:24:47.998Z</time>
      </trkpt>
      <trkpt lat="48.481212" lon="15.508449">
        <ele>365.008366</ele>
        <time>2026-05-10T09:24:48.998Z</time>
      </trkpt>
      <trkpt lat="48.481102" lon="15.508558">
        <ele>364.031724</ele>
        <time>2026-05-10T09:24:49.998Z</time>
      </trkpt>
      <trkpt lat="48.481017" lon="15.508664">
        <ele>363.213337</ele>
        <time>2026-05-10T09:24:50.998Z</time>
      </trkpt>
      <trkpt lat="48.480938" lon="15.508769">
        <ele>362.448378</ele>
        <time>2026-05-10T09:24:51.998Z</time>
      </trkpt>
      <trkpt lat="48.480862" lon="15.508904">
        <ele>361.732720</ele>
        <time>2026-05-10T09:24:52.998Z</time>
      </trkpt>
      <trkpt lat="48.480792" lon="15.509056">
        <ele>360.984872</ele>
        <time>2026-05-10T09:24:53.998Z</time>
      </trkpt>
      <trkpt lat="48.480721" lon="15.509254">
        <ele>360.075271</ele>
        <time>2026-05-10T09:24:54.998Z</time>
      </trkpt>
      <trkpt lat="48.480679" lon="15.509420">
        <ele>359.357329</ele>
        <time>2026-05-10T09:24:55.998Z</time>
      </trkpt>
      <trkpt lat="48.480624" lon="15.509593">
        <ele>358.582062</ele>
        <time>2026-05-10T09:24:56.998Z</time>
      </trkpt>
      <trkpt lat="48.480561" lon="15.509759">
        <ele>357.809163</ele>
        <time>2026-05-10T09:24:57.998Z</time>
      </trkpt>
      <trkpt lat="48.480501" lon="15.509946">
        <ele>356.969702</ele>
        <time>2026-05-10T09:24:58.998Z</time>
      </trkpt>
      <trkpt lat="48.480442" lon="15.510104">
        <ele>356.236951</ele>
        <time>2026-05-10T09:24:59.998Z</time>
      </trkpt>
      <trkpt lat="48.480390" lon="15.510258">
        <ele>355.538612</ele>
        <time>2026-05-10T09:25:00.998Z</time>
      </trkpt>
      <trkpt lat="48.480326" lon="15.510423">
        <ele>354.766153</ele>
        <time>2026-05-10T09:25:01.998Z</time>
      </trkpt>
      <trkpt lat="48.480269" lon="15.510606">
        <ele>353.949151</ele>
        <time>2026-05-10T09:25:02.998Z</time>
      </trkpt>
      <trkpt lat="48.480197" lon="15.510776">
        <ele>353.134002</ele>
        <time>2026-05-10T09:25:03.998Z</time>
      </trkpt>
      <trkpt lat="48.480115" lon="15.510932">
        <ele>352.329530</ele>
        <time>2026-05-10T09:25:04.998Z</time>
      </trkpt>
      <trkpt lat="48.480029" lon="15.511054">
        <ele>351.609931</ele>
        <time>2026-05-10T09:25:05.998Z</time>
      </trkpt>
      <trkpt lat="48.479934" lon="15.511198">
        <ele>350.810233</ele>
        <time>2026-05-10T09:25:06.999Z</time>
      </trkpt>
      <trkpt lat="48.479845" lon="15.511343">
        <ele>350.033715</ele>
        <time>2026-05-10T09:25:07.999Z</time>
      </trkpt>
      <trkpt lat="48.479767" lon="15.511482">
        <ele>349.318089</ele>
        <time>2026-05-10T09:25:08.999Z</time>
      </trkpt>
      <trkpt lat="48.479683" lon="15.511622">
        <ele>348.576076</ele>
        <time>2026-05-10T09:25:09.999Z</time>
      </trkpt>
      <trkpt lat="48.479599" lon="15.511754">
        <ele>347.857058</ele>
        <time>2026-05-10T09:25:10.999Z</time>
      </trkpt>
      <trkpt lat="48.479552" lon="15.511934">
        <ele>347.096855</ele>
        <time>2026-05-10T09:25:11.999Z</time>
      </trkpt>
      <trkpt lat="48.479472" lon="15.512074">
        <ele>346.370538</ele>
        <time>2026-05-10T09:25:12.999Z</time>
      </trkpt>
      <trkpt lat="48.479380" lon="15.512203">
        <ele>345.625975</ele>
        <time>2026-05-10T09:25:13.999Z</time>
      </trkpt>
      <trkpt lat="48.479286" lon="15.512336">
        <ele>344.862019</ele>
        <time>2026-05-10T09:25:14.999Z</time>
      </trkpt>
      <trkpt lat="48.479245" lon="15.512466">
        <ele>344.296312</ele>
        <time>2026-05-10T09:25:15.999Z</time>
      </trkpt>
      <trkpt lat="48.479190" lon="15.512631">
        <ele>343.570583</ele>
        <time>2026-05-10T09:25:16.999Z</time>
      </trkpt>
      <trkpt lat="48.479125" lon="15.512787">
        <ele>342.846538</ele>
        <time>2026-05-10T09:25:17.999Z</time>
      </trkpt>
      <trkpt lat="48.479086" lon="15.512947">
        <ele>342.176656</ele>
        <time>2026-05-10T09:25:18.999Z</time>
      </trkpt>
      <trkpt lat="48.479052" lon="15.513098">
        <ele>341.550000</ele>
        <time>2026-05-10T09:25:19.999Z</time>
      </trkpt>
      <trkpt lat="48.478964" lon="15.513211">
        <ele>340.848006</ele>
        <time>2026-05-10T09:25:20.999Z</time>
      </trkpt>
      <trkpt lat="48.478885" lon="15.513331">
        <ele>339.839488</ele>
        <time>2026-05-10T09:25:21.999Z</time>
      </trkpt>
      <trkpt lat="48.478762" lon="15.513403">
        <ele>338.652629</ele>
        <time>2026-05-10T09:25:22.999Z</time>
      </trkpt>
      <trkpt lat="48.478638" lon="15.513462">
        <ele>337.482986</ele>
        <time>2026-05-10T09:25:23.999Z</time>
      </trkpt>
      <trkpt lat="48.478516" lon="15.513511">
        <ele>336.347273</ele>
        <time>2026-05-10T09:25:24.999Z</time>
      </trkpt>
      <trkpt lat="48.478391" lon="15.513559">
        <ele>335.186946</ele>
        <time>2026-05-10T09:25:25.999Z</time>
      </trkpt>
      <trkpt lat="48.478278" lon="15.513596">
        <ele>334.146756</ele>
        <time>2026-05-10T09:25:26.999Z</time>
      </trkpt>
      <trkpt lat="48.478161" lon="15.513639">
        <ele>333.063469</ele>
        <time>2026-05-10T09:25:27.999Z</time>
      </trkpt>
      <trkpt lat="48.478049" lon="15.513669">
        <ele>332.040186</ele>
        <time>2026-05-10T09:25:28.999Z</time>
      </trkpt>
      <trkpt lat="48.477923" lon="15.513727">
        <ele>330.855126</ele>
        <time>2026-05-10T09:25:29.999Z</time>
      </trkpt>
      <trkpt lat="48.477798" lon="15.513768">
        <ele>329.704384</ele>
        <time>2026-05-10T09:25:30.999Z</time>
      </trkpt>
      <trkpt lat="48.477672" lon="15.513803">
        <ele>328.551864</ele>
        <time>2026-05-10T09:25:31.999Z</time>
      </trkpt>
      <trkpt lat="48.477547" lon="15.513820">
        <ele>327.422836</ele>
        <time>2026-05-10T09:25:32.999Z</time>
      </trkpt>
      <trkpt lat="48.477429" lon="15.513830">
        <ele>326.359664</ele>
        <time>2026-05-10T09:25:33.999Z</time>
      </trkpt>
      <trkpt lat="48.477301" lon="15.513833">
        <ele>325.208071</ele>
        <time>2026-05-10T09:25:34.999Z</time>
      </trkpt>
      <trkpt lat="48.477188" lon="15.513811">
        <ele>324.535077</ele>
        <time>2026-05-10T09:25:35.999Z</time>
      </trkpt>
      <trkpt lat="48.477071" lon="15.513790">
        <ele>324.173152</ele>
        <time>2026-05-10T09:25:36.999Z</time>
      </trkpt>
      <trkpt lat="48.476955" lon="15.513756">
        <ele>323.810169</ele>
        <time>2026-05-10T09:25:37.999Z</time>
      </trkpt>
      <trkpt lat="48.476841" lon="15.513745">
        <ele>323.459279</ele>
        <time>2026-05-10T09:25:38.999Z</time>
      </trkpt>
      <trkpt lat="48.476710" lon="15.513809">
        <ele>323.036307</ele>
        <time>2026-05-10T09:25:39.999Z</time>
      </trkpt>
      <trkpt lat="48.476588" lon="15.513840">
        <ele>322.656279</ele>
        <time>2026-05-10T09:25:40.999Z</time>
      </trkpt>
      <trkpt lat="48.476497" lon="15.513813">
        <ele>322.371398</ele>
        <time>2026-05-10T09:25:41.999Z</time>
      </trkpt>
      <trkpt lat="48.476399" lon="15.513749">
        <ele>322.043371</ele>
        <time>2026-05-10T09:25:42.999Z</time>
      </trkpt>
      <trkpt lat="48.476298" lon="15.513700">
        <ele>321.717477</ele>
        <time>2026-05-10T09:25:43.999Z</time>
      </trkpt>
      <trkpt lat="48.476177" lon="15.513665">
        <ele>321.339029</ele>
        <time>2026-05-10T09:25:44.999Z</time>
      </trkpt>
      <trkpt lat="48.476090" lon="15.513597">
        <ele>321.038046</ele>
        <time>2026-05-10T09:25:45.999Z</time>
      </trkpt>
      <trkpt lat="48.475992" lon="15.513560">
        <ele>320.727733</ele>
        <time>2026-05-10T09:25:46.999Z</time>
      </trkpt>
      <trkpt lat="48.475892" lon="15.513553">
        <ele>320.420232</ele>
        <time>2026-05-10T09:25:47.999Z</time>
      </trkpt>
      <trkpt lat="48.475802" lon="15.513533">
        <ele>320.140794</ele>
        <time>2026-05-10T09:25:48.999Z</time>
      </trkpt>
      <trkpt lat="48.475708" lon="15.513509">
        <ele>319.847947</ele>
        <time>2026-05-10T09:25:49.999Z</time>
      </trkpt>
      <trkpt lat="48.475618" lon="15.513469">
        <ele>319.559743</ele>
        <time>2026-05-10T09:25:50.999Z</time>
      </trkpt>
      <trkpt lat="48.475524" lon="15.513453">
        <ele>319.269170</ele>
        <time>2026-05-10T09:25:51.999Z</time>
      </trkpt>
      <trkpt lat="48.475429" lon="15.513461">
        <ele>318.965476</ele>
        <time>2026-05-10T09:25:52.999Z</time>
      </trkpt>
      <trkpt lat="48.475331" lon="15.513466">
        <ele>318.648324</ele>
        <time>2026-05-10T09:25:53.999Z</time>
      </trkpt>
      <trkpt lat="48.475236" lon="15.513471">
        <ele>318.340869</ele>
        <time>2026-05-10T09:25:54.999Z</time>
      </trkpt>
      <trkpt lat="48.475138" lon="15.513488">
        <ele>318.021809</ele>
        <time>2026-05-10T09:25:55.999Z</time>
      </trkpt>
      <trkpt lat="48.475045" lon="15.513485">
        <ele>317.720941</ele>
        <time>2026-05-10T09:25:56.999Z</time>
      </trkpt>
      <trkpt lat="48.474946" lon="15.513492">
        <ele>317.400385</ele>
        <time>2026-05-10T09:25:57.999Z</time>
      </trkpt>
      <trkpt lat="48.474848" lon="15.513506">
        <ele>317.081996</ele>
        <time>2026-05-10T09:25:58.999Z</time>
      </trkpt>
      <trkpt lat="48.474752" lon="15.513508">
        <ele>316.771464</ele>
        <time>2026-05-10T09:25:59.999Z</time>
      </trkpt>
      <trkpt lat="48.474657" lon="15.513508">
        <ele>316.464196</ele>
        <time>2026-05-10T09:26:00.999Z</time>
      </trkpt>
      <trkpt lat="48.474564" lon="15.513510">
        <ele>316.163367</ele>
        <time>2026-05-10T09:26:01.999Z</time>
      </trkpt>
      <trkpt lat="48.474473" lon="15.513503">
        <ele>315.868654</ele>
        <time>2026-05-10T09:26:02.999Z</time>
      </trkpt>
      <trkpt lat="48.474369" lon="15.513503">
        <ele>315.532277</ele>
        <time>2026-05-10T09:26:03.999Z</time>
      </trkpt>
      <trkpt lat="48.474274" lon="15.513516">
        <ele>315.223748</ele>
        <time>2026-05-10T09:26:04.999Z</time>
      </trkpt>
      <trkpt lat="48.474179" lon="15.513514">
        <ele>314.916450</ele>
        <time>2026-05-10T09:26:05.999Z</time>
      </trkpt>
      <trkpt lat="48.474082" lon="15.513507">
        <ele>314.602355</ele>
        <time>2026-05-10T09:26:06.999Z</time>
      </trkpt>
      <trkpt lat="48.473914" lon="15.513494">
        <ele>314.058262</ele>
        <time>2026-05-10T09:26:08.999Z</time>
      </trkpt>
      <trkpt lat="48.473733" lon="15.513492">
        <ele>313.472820</ele>
        <time>2026-05-10T09:26:10.999Z</time>
      </trkpt>
      <trkpt lat="48.473560" lon="15.513490">
        <ele>312.518476</ele>
        <time>2026-05-10T09:26:12.999Z</time>
      </trkpt>
      <trkpt lat="48.473468" lon="15.513504">
        <ele>311.963781</ele>
        <time>2026-05-10T09:26:13.999Z</time>
      </trkpt>
      <trkpt lat="48.473378" lon="15.513520">
        <ele>311.420147</ele>
        <time>2026-05-10T09:26:14.999Z</time>
      </trkpt>
      <trkpt lat="48.473288" lon="15.513543">
        <ele>310.872556</ele>
        <time>2026-05-10T09:26:15.999Z</time>
      </trkpt>
      <trkpt lat="48.473115" lon="15.513586">
        <ele>309.820759</ele>
        <time>2026-05-10T09:26:17.999Z</time>
      </trkpt>
      <trkpt lat="48.472943" lon="15.513628">
        <ele>308.775523</ele>
        <time>2026-05-10T09:26:19.999Z</time>
      </trkpt>
      <trkpt lat="48.472773" lon="15.513668">
        <ele>307.743384</ele>
        <time>2026-05-10T09:26:21.998Z</time>
      </trkpt>
      <trkpt lat="48.472625" lon="15.513694">
        <ele>306.849552</ele>
        <time>2026-05-10T09:26:23.998Z</time>
      </trkpt>
      <trkpt lat="48.472483" lon="15.513727">
        <ele>305.987664</ele>
        <time>2026-05-10T09:26:25.998Z</time>
      </trkpt>
      <trkpt lat="48.472371" lon="15.513739">
        <ele>305.314099</ele>
        <time>2026-05-10T09:26:27.998Z</time>
      </trkpt>
      <trkpt lat="48.472271" lon="15.513683">
        <ele>304.674204</ele>
        <time>2026-05-10T09:26:30.998Z</time>
      </trkpt>
      <trkpt lat="48.472159" lon="15.513636">
        <ele>303.976814</ele>
        <time>2026-05-10T09:26:34.998Z</time>
      </trkpt>
      <trkpt lat="48.472044" lon="15.513733">
        <ele>303.186405</ele>
        <time>2026-05-10T09:26:37.998Z</time>
      </trkpt>
      <trkpt lat="48.471939" lon="15.513845">
        <ele>302.557980</ele>
        <time>2026-05-10T09:26:40.998Z</time>
      </trkpt>
      <trkpt lat="48.471867" lon="15.513928">
        <ele>302.470691</ele>
        <time>2026-05-10T09:26:42.998Z</time>
      </trkpt>
      <trkpt lat="48.471804" lon="15.514029">
        <ele>302.382131</ele>
        <time>2026-05-10T09:26:44.998Z</time>
      </trkpt>
      <trkpt lat="48.471722" lon="15.514137">
        <ele>302.277271</ele>
        <time>2026-05-10T09:26:46.998Z</time>
      </trkpt>
      <trkpt lat="48.471646" lon="15.514243">
        <ele>302.177563</ele>
        <time>2026-05-10T09:26:48.998Z</time>
      </trkpt>
      <trkpt lat="48.471581" lon="15.514366">
        <ele>302.077113</ele>
        <time>2026-05-10T09:26:50.998Z</time>
      </trkpt>
      <trkpt lat="48.471514" lon="15.514475">
        <ele>301.982189</ele>
        <time>2026-05-10T09:26:52.998Z</time>
      </trkpt>
      <trkpt lat="48.471445" lon="15.514593">
        <ele>301.881709</ele>
        <time>2026-05-10T09:26:54.998Z</time>
      </trkpt>
      <trkpt lat="48.471374" lon="15.514701">
        <ele>301.784579</ele>
        <time>2026-05-10T09:26:56.998Z</time>
      </trkpt>
      <trkpt lat="48.471308" lon="15.514811">
        <ele>301.689835</ele>
        <time>2026-05-10T09:26:58.998Z</time>
      </trkpt>
      <trkpt lat="48.471232" lon="15.514932">
        <ele>301.583391</ele>
        <time>2026-05-10T09:27:00.998Z</time>
      </trkpt>
      <trkpt lat="48.471154" lon="15.515062">
        <ele>301.471420</ele>
        <time>2026-05-10T09:27:02.998Z</time>
      </trkpt>
      <trkpt lat="48.471076" lon="15.515190">
        <ele>301.360392</ele>
        <time>2026-05-10T09:27:04.998Z</time>
      </trkpt>
      <trkpt lat="48.471007" lon="15.515316">
        <ele>301.256026</ele>
        <time>2026-05-10T09:27:06.998Z</time>
      </trkpt>
      <trkpt lat="48.470922" lon="15.515456">
        <ele>301.134793</ele>
        <time>2026-05-10T09:27:08.998Z</time>
      </trkpt>
      <trkpt lat="48.470849" lon="15.515611">
        <ele>301.013373</ele>
        <time>2026-05-10T09:27:10.998Z</time>
      </trkpt>
      <trkpt lat="48.470787" lon="15.515777">
        <ele>300.891696</ele>
        <time>2026-05-10T09:27:12.999Z</time>
      </trkpt>
      <trkpt lat="48.470736" lon="15.515962">
        <ele>300.785523</ele>
        <time>2026-05-10T09:27:14.999Z</time>
      </trkpt>
      <trkpt lat="48.470693" lon="15.516150">
        <ele>300.689573</ele>
        <time>2026-05-10T09:27:16.999Z</time>
      </trkpt>
      <trkpt lat="48.470662" lon="15.516346">
        <ele>300.592355</ele>
        <time>2026-05-10T09:27:18.999Z</time>
      </trkpt>
      <trkpt lat="48.470643" lon="15.516550">
        <ele>300.492964</ele>
        <time>2026-05-10T09:27:20.999Z</time>
      </trkpt>
      <trkpt lat="48.470631" lon="15.516747">
        <ele>300.397516</ele>
        <time>2026-05-10T09:27:22.999Z</time>
      </trkpt>
      <trkpt lat="48.470629" lon="15.516946">
        <ele>300.301493</ele>
        <time>2026-05-10T09:27:24.999Z</time>
      </trkpt>
      <trkpt lat="48.470628" lon="15.517154">
        <ele>300.201136</ele>
        <time>2026-05-10T09:27:26.999Z</time>
      </trkpt>
      <trkpt lat="48.470633" lon="15.517358">
        <ele>300.102645</ele>
        <time>2026-05-10T09:27:28.999Z</time>
      </trkpt>
      <trkpt lat="48.470635" lon="15.517552">
        <ele>300.009034</ele>
        <time>2026-05-10T09:27:30.999Z</time>
      </trkpt>
      <trkpt lat="48.470639" lon="15.517751">
        <ele>299.912977</ele>
        <time>2026-05-10T09:27:32.999Z</time>
      </trkpt>
      <trkpt lat="48.470648" lon="15.517939">
        <ele>299.822037</ele>
        <time>2026-05-10T09:27:34.999Z</time>
      </trkpt>
      <trkpt lat="48.470656" lon="15.518130">
        <ele>299.729701</ele>
        <time>2026-05-10T09:27:36.999Z</time>
      </trkpt>
      <trkpt lat="48.470675" lon="15.518315">
        <ele>299.639379</ele>
        <time>2026-05-10T09:27:38.999Z</time>
      </trkpt>
      <trkpt lat="48.470694" lon="15.518503">
        <ele>299.547626</ele>
        <time>2026-05-10T09:27:40.999Z</time>
      </trkpt>
      <trkpt lat="48.470722" lon="15.518688">
        <ele>299.363789</ele>
        <time>2026-05-10T09:27:42.999Z</time>
      </trkpt>
      <trkpt lat="48.470753" lon="15.518879">
        <ele>299.169264</ele>
        <time>2026-05-10T09:27:44.999Z</time>
      </trkpt>
      <trkpt lat="48.470794" lon="15.519081">
        <ele>298.960282</ele>
        <time>2026-05-10T09:27:46.999Z</time>
      </trkpt>
      <trkpt lat="48.470819" lon="15.519290">
        <ele>298.750192</ele>
        <time>2026-05-10T09:27:48.999Z</time>
      </trkpt>
      <trkpt lat="48.470828" lon="15.519513">
        <ele>298.529182</ele>
        <time>2026-05-10T09:27:50.999Z</time>
      </trkpt>
      <trkpt lat="48.470803" lon="15.519740">
        <ele>298.301547</ele>
        <time>2026-05-10T09:27:52.999Z</time>
      </trkpt>
      <trkpt lat="48.470798" lon="15.519961">
        <ele>298.082796</ele>
        <time>2026-05-10T09:27:54.999Z</time>
      </trkpt>
      <trkpt lat="48.470789" lon="15.520150">
        <ele>297.895347</ele>
        <time>2026-05-10T09:27:56.999Z</time>
      </trkpt>
      <trkpt lat="48.470774" lon="15.520348">
        <ele>297.698202</ele>
        <time>2026-05-10T09:27:58.999Z</time>
      </trkpt>
      <trkpt lat="48.470762" lon="15.520540">
        <ele>297.507425</ele>
        <time>2026-05-10T09:28:00.999Z</time>
      </trkpt>
      <trkpt lat="48.470755" lon="15.520716">
        <ele>297.333005</ele>
        <time>2026-05-10T09:28:02.999Z</time>
      </trkpt>
      <trkpt lat="48.470720" lon="15.520900">
        <ele>297.143640</ele>
        <time>2026-05-10T09:28:04.999Z</time>
      </trkpt>
      <trkpt lat="48.470684" lon="15.521045">
        <ele>296.990472</ele>
        <time>2026-05-10T09:28:06.999Z</time>
      </trkpt>
      <trkpt lat="48.470677" lon="15.521215">
        <ele>296.840153</ele>
        <time>2026-05-10T09:28:08.999Z</time>
      </trkpt>
      <trkpt lat="48.470649" lon="15.521370">
        <ele>296.756751</ele>
        <time>2026-05-10T09:28:10.999Z</time>
      </trkpt>
      <trkpt lat="48.470620" lon="15.521529">
        <ele>296.671138</ele>
        <time>2026-05-10T09:28:12.999Z</time>
      </trkpt>
      <trkpt lat="48.470569" lon="15.521713">
        <ele>296.567601</ele>
        <time>2026-05-10T09:28:14.999Z</time>
      </trkpt>
      <trkpt lat="48.470534" lon="15.521854">
        <ele>296.489437</ele>
        <time>2026-05-10T09:28:16.999Z</time>
      </trkpt>
      <trkpt lat="48.470497" lon="15.522013">
        <ele>296.401954</ele>
        <time>2026-05-10T09:28:18.999Z</time>
      </trkpt>
      <trkpt lat="48.470461" lon="15.522174">
        <ele>296.313744</ele>
        <time>2026-05-10T09:28:20.999Z</time>
      </trkpt>
      <trkpt lat="48.470391" lon="15.522351">
        <ele>296.206747</ele>
        <time>2026-05-10T09:28:22.999Z</time>
      </trkpt>
      <trkpt lat="48.470351" lon="15.522511">
        <ele>296.117972</ele>
        <time>2026-05-10T09:28:24.999Z</time>
      </trkpt>
      <trkpt lat="48.470307" lon="15.522648">
        <ele>296.038941</ele>
        <time>2026-05-10T09:28:26.998Z</time>
      </trkpt>
      <trkpt lat="48.470234" lon="15.522806">
        <ele>295.938961</ele>
        <time>2026-05-10T09:28:28.998Z</time>
      </trkpt>
      <trkpt lat="48.470194" lon="15.522969">
        <ele>295.848727</ele>
        <time>2026-05-10T09:28:30.998Z</time>
      </trkpt>
      <trkpt lat="48.470143" lon="15.523116">
        <ele>295.762593</ele>
        <time>2026-05-10T09:28:32.998Z</time>
      </trkpt>
      <trkpt lat="48.470091" lon="15.523273">
        <ele>295.671480</ele>
        <time>2026-05-10T09:28:34.998Z</time>
      </trkpt>
      <trkpt lat="48.470038" lon="15.523436">
        <ele>295.577227</ele>
        <time>2026-05-10T09:28:36.998Z</time>
      </trkpt>
      <trkpt lat="48.469982" lon="15.523602">
        <ele>295.480532</ele>
        <time>2026-05-10T09:28:38.998Z</time>
      </trkpt>
      <trkpt lat="48.469934" lon="15.523749">
        <ele>295.346037</ele>
        <time>2026-05-10T09:28:40.998Z</time>
      </trkpt>
      <trkpt lat="48.469869" lon="15.523892">
        <ele>295.177088</ele>
        <time>2026-05-10T09:28:42.998Z</time>
      </trkpt>
      <trkpt lat="48.469810" lon="15.524040">
        <ele>295.008807</ele>
        <time>2026-05-10T09:28:44.998Z</time>
      </trkpt>
      <trkpt lat="48.469746" lon="15.524174">
        <ele>294.847879</ele>
        <time>2026-05-10T09:28:46.998Z</time>
      </trkpt>
      <trkpt lat="48.469669" lon="15.524315">
        <ele>294.669875</ele>
        <time>2026-05-10T09:28:48.998Z</time>
      </trkpt>
      <trkpt lat="48.469585" lon="15.524458">
        <ele>294.483705</ele>
        <time>2026-05-10T09:28:50.998Z</time>
      </trkpt>
      <trkpt lat="48.469502" lon="15.524605">
        <ele>294.295556</ele>
        <time>2026-05-10T09:28:52.998Z</time>
      </trkpt>
      <trkpt lat="48.469399" lon="15.524694">
        <ele>294.121091</ele>
        <time>2026-05-10T09:28:54.998Z</time>
      </trkpt>
      <trkpt lat="48.469294" lon="15.524802">
        <ele>293.934300</ele>
        <time>2026-05-10T09:28:56.998Z</time>
      </trkpt>
      <trkpt lat="48.469183" lon="15.524909">
        <ele>293.740686</ele>
        <time>2026-05-10T09:28:58.998Z</time>
      </trkpt>
      <trkpt lat="48.469066" lon="15.524942">
        <ele>293.565747</ele>
        <time>2026-05-10T09:29:00.998Z</time>
      </trkpt>
      <trkpt lat="48.468933" lon="15.524956">
        <ele>293.369797</ele>
        <time>2026-05-10T09:29:02.998Z</time>
      </trkpt>
      <trkpt lat="48.468808" lon="15.524942">
        <ele>293.185576</ele>
        <time>2026-05-10T09:29:04.998Z</time>
      </trkpt>
      <trkpt lat="48.468688" lon="15.524874">
        <ele>292.997171</ele>
        <time>2026-05-10T09:29:06.998Z</time>
      </trkpt>
      <trkpt lat="48.468580" lon="15.524779">
        <ele>292.813417</ele>
        <time>2026-05-10T09:29:08.998Z</time>
      </trkpt>
      <trkpt lat="48.468487" lon="15.524652">
        <ele>292.838319</ele>
        <time>2026-05-10T09:29:10.998Z</time>
      </trkpt>
      <trkpt lat="48.468400" lon="15.524509">
        <ele>292.869983</ele>
        <time>2026-05-10T09:29:12.998Z</time>
      </trkpt>
      <trkpt lat="48.468325" lon="15.524377">
        <ele>292.898345</ele>
        <time>2026-05-10T09:29:14.998Z</time>
      </trkpt>
      <trkpt lat="48.468237" lon="15.524222">
        <ele>292.931638</ele>
        <time>2026-05-10T09:29:16.998Z</time>
      </trkpt>
      <trkpt lat="48.468155" lon="15.524118">
        <ele>292.958002</ele>
        <time>2026-05-10T09:29:18.999Z</time>
      </trkpt>
      <trkpt lat="48.468066" lon="15.524005">
        <ele>292.986629</ele>
        <time>2026-05-10T09:29:20.999Z</time>
      </trkpt>
      <trkpt lat="48.467986" lon="15.523891">
        <ele>293.013711</ele>
        <time>2026-05-10T09:29:22.999Z</time>
      </trkpt>
      <trkpt lat="48.467934" lon="15.523762">
        <ele>293.038343</ele>
        <time>2026-05-10T09:29:24.999Z</time>
      </trkpt>
      <trkpt lat="48.467817" lon="15.523680">
        <ele>293.070089</ele>
        <time>2026-05-10T09:29:26.999Z</time>
      </trkpt>
      <trkpt lat="48.467733" lon="15.523571">
        <ele>293.097357</ele>
        <time>2026-05-10T09:29:28.999Z</time>
      </trkpt>
      <trkpt lat="48.467644" lon="15.523508">
        <ele>293.121549</ele>
        <time>2026-05-10T09:29:30.999Z</time>
      </trkpt>
      <trkpt lat="48.467540" lon="15.523372">
        <ele>293.155420</ele>
        <time>2026-05-10T09:29:33.999Z</time>
      </trkpt>
      <trkpt lat="48.467426" lon="15.523278">
        <ele>293.187391</ele>
        <time>2026-05-10T09:29:35.999Z</time>
      </trkpt>
      <trkpt lat="48.467301" lon="15.523178">
        <ele>293.222209</ele>
        <time>2026-05-10T09:29:37.999Z</time>
      </trkpt>
      <trkpt lat="48.467223" lon="15.523097">
        <ele>293.245512</ele>
        <time>2026-05-10T09:29:39.999Z</time>
      </trkpt>
      <trkpt lat="48.467102" lon="15.523058">
        <ele>293.018493</ele>
        <time>2026-05-10T09:29:41.999Z</time>
      </trkpt>
      <trkpt lat="48.466990" lon="15.523025">
        <ele>292.758119</ele>
        <time>2026-05-10T09:29:43.999Z</time>
      </trkpt>
      <trkpt lat="48.466869" lon="15.523057">
        <ele>292.477830</ele>
        <time>2026-05-10T09:29:45.999Z</time>
      </trkpt>
      <trkpt lat="48.466753" lon="15.523084">
        <ele>292.210027</ele>
        <time>2026-05-10T09:29:47.999Z</time>
      </trkpt>
      <trkpt lat="48.466659" lon="15.523197">
        <ele>291.935758</ele>
        <time>2026-05-10T09:29:49.999Z</time>
      </trkpt>
      <trkpt lat="48.466573" lon="15.523313">
        <ele>291.672510</ele>
        <time>2026-05-10T09:29:51.999Z</time>
      </trkpt>
      <trkpt lat="48.466499" lon="15.523466">
        <ele>291.386007</ele>
        <time>2026-05-10T09:29:53.999Z</time>
      </trkpt>
      <trkpt lat="48.466449" lon="15.523649">
        <ele>291.086571</ele>
        <time>2026-05-10T09:29:55.999Z</time>
      </trkpt>
      <trkpt lat="48.466429" lon="15.523841">
        <ele>290.792540</ele>
        <time>2026-05-10T09:29:57.999Z</time>
      </trkpt>
      <trkpt lat="48.466427" lon="15.524040">
        <ele>290.491447</ele>
        <time>2026-05-10T09:29:59.999Z</time>
      </trkpt>
      <trkpt lat="48.466407" lon="15.524223">
        <ele>290.210859</ele>
        <time>2026-05-10T09:30:01.999Z</time>
      </trkpt>
      <trkpt lat="48.466362" lon="15.524398">
        <ele>289.926897</ele>
        <time>2026-05-10T09:30:03.999Z</time>
      </trkpt>
      <trkpt lat="48.466368" lon="15.524576">
        <ele>289.657260</ele>
        <time>2026-05-10T09:30:05.999Z</time>
      </trkpt>
      <trkpt lat="48.466348" lon="15.524751">
        <ele>289.388606</ele>
        <time>2026-05-10T09:30:07.999Z</time>
      </trkpt>
      <trkpt lat="48.466325" lon="15.524925">
        <ele>289.121713</ele>
        <time>2026-05-10T09:30:09.999Z</time>
      </trkpt>
      <trkpt lat="48.466306" lon="15.525093">
        <ele>288.878515</ele>
        <time>2026-05-10T09:30:11.999Z</time>
      </trkpt>
      <trkpt lat="48.466275" lon="15.525262">
        <ele>288.628294</ele>
        <time>2026-05-10T09:30:13.999Z</time>
      </trkpt>
      <trkpt lat="48.466251" lon="15.525422">
        <ele>288.394204</ele>
        <time>2026-05-10T09:30:15.999Z</time>
      </trkpt>
      <trkpt lat="48.466210" lon="15.525591">
        <ele>288.137405</ele>
        <time>2026-05-10T09:30:17.999Z</time>
      </trkpt>
      <trkpt lat="48.466145" lon="15.525736">
        <ele>287.887639</ele>
        <time>2026-05-10T09:30:19.999Z</time>
      </trkpt>
      <trkpt lat="48.466087" lon="15.525878">
        <ele>287.649643</ele>
        <time>2026-05-10T09:30:21.999Z</time>
      </trkpt>
      <trkpt lat="48.466022" lon="15.526009">
        <ele>287.416159</ele>
        <time>2026-05-10T09:30:23.999Z</time>
      </trkpt>
      <trkpt lat="48.465947" lon="15.526138">
        <ele>287.171332</ele>
        <time>2026-05-10T09:30:25.999Z</time>
      </trkpt>
      <trkpt lat="48.465866" lon="15.526275">
        <ele>286.909398</ele>
        <time>2026-05-10T09:30:27.998Z</time>
      </trkpt>
      <trkpt lat="48.465783" lon="15.526459">
        <ele>286.591827</ele>
        <time>2026-05-10T09:30:29.998Z</time>
      </trkpt>
      <trkpt lat="48.465705" lon="15.526569">
        <ele>286.362002</ele>
        <time>2026-05-10T09:30:31.998Z</time>
      </trkpt>
      <trkpt lat="48.465602" lon="15.526741">
        <ele>286.031272</ele>
        <time>2026-05-10T09:30:33.998Z</time>
      </trkpt>
      <trkpt lat="48.465503" lon="15.526873">
        <ele>285.746883</ele>
        <time>2026-05-10T09:30:35.998Z</time>
      </trkpt>
      <trkpt lat="48.465384" lon="15.526980">
        <ele>285.448714</ele>
        <time>2026-05-10T09:30:37.998Z</time>
      </trkpt>
      <trkpt lat="48.465253" lon="15.527044">
        <ele>285.339863</ele>
        <time>2026-05-10T09:30:39.998Z</time>
      </trkpt>
      <trkpt lat="48.465114" lon="15.527067">
        <ele>285.494881</ele>
        <time>2026-05-10T09:30:41.998Z</time>
      </trkpt>
      <trkpt lat="48.464970" lon="15.527075">
        <ele>285.654626</ele>
        <time>2026-05-10T09:30:43.998Z</time>
      </trkpt>
      <trkpt lat="48.464826" lon="15.527059">
        <ele>285.814695</ele>
        <time>2026-05-10T09:30:45.998Z</time>
      </trkpt>
      <trkpt lat="48.464685" lon="15.526979">
        <ele>285.981702</ele>
        <time>2026-05-10T09:30:47.998Z</time>
      </trkpt>
      <trkpt lat="48.464559" lon="15.526865">
        <ele>286.144593</ele>
        <time>2026-05-10T09:30:49.998Z</time>
      </trkpt>
      <trkpt lat="48.464436" lon="15.526799">
        <ele>286.289323</ele>
        <time>2026-05-10T09:30:51.998Z</time>
      </trkpt>
      <trkpt lat="48.464308" lon="15.526690">
        <ele>286.452281</ele>
        <time>2026-05-10T09:30:53.998Z</time>
      </trkpt>
      <trkpt lat="48.464180" lon="15.526587">
        <ele>286.613117</ele>
        <time>2026-05-10T09:30:55.998Z</time>
      </trkpt>
      <trkpt lat="48.464054" lon="15.526518">
        <ele>286.761723</ele>
        <time>2026-05-10T09:30:57.998Z</time>
      </trkpt>
      <trkpt lat="48.463916" lon="15.526456">
        <ele>286.921352</ele>
        <time>2026-05-10T09:30:59.998Z</time>
      </trkpt>
      <trkpt lat="48.463795" lon="15.526392">
        <ele>287.063502</ele>
        <time>2026-05-10T09:31:01.998Z</time>
      </trkpt>
      <trkpt lat="48.463679" lon="15.526369">
        <ele>287.193205</ele>
        <time>2026-05-10T09:31:03.998Z</time>
      </trkpt>
      <trkpt lat="48.463565" lon="15.526356">
        <ele>287.153191</ele>
        <time>2026-05-10T09:31:05.998Z</time>
      </trkpt>
      <trkpt lat="48.463425" lon="15.526331">
        <ele>286.786958</ele>
        <time>2026-05-10T09:31:07.998Z</time>
      </trkpt>
      <trkpt lat="48.463307" lon="15.526340">
        <ele>286.480026</ele>
        <time>2026-05-10T09:31:09.998Z</time>
      </trkpt>
      <trkpt lat="48.463189" lon="15.526371">
        <ele>286.168868</ele>
        <time>2026-05-10T09:31:11.998Z</time>
      </trkpt>
      <trkpt lat="48.463063" lon="15.526430">
        <ele>285.826130</ele>
        <time>2026-05-10T09:31:13.998Z</time>
      </trkpt>
      <trkpt lat="48.462949" lon="15.526514">
        <ele>285.496520</ele>
        <time>2026-05-10T09:31:15.998Z</time>
      </trkpt>
      <trkpt lat="48.462843" lon="15.526628">
        <ele>285.158303</ele>
        <time>2026-05-10T09:31:17.998Z</time>
      </trkpt>
      <trkpt lat="48.462741" lon="15.526755">
        <ele>284.814684</ele>
        <time>2026-05-10T09:31:19.998Z</time>
      </trkpt>
      <trkpt lat="48.462654" lon="15.526907">
        <ele>284.468795</ele>
        <time>2026-05-10T09:31:21.998Z</time>
      </trkpt>
      <trkpt lat="48.462579" lon="15.527067">
        <ele>284.131264</ele>
        <time>2026-05-10T09:31:23.998Z</time>
      </trkpt>
      <trkpt lat="48.462508" lon="15.527223">
        <ele>283.805327</ele>
        <time>2026-05-10T09:31:25.999Z</time>
      </trkpt>
      <trkpt lat="48.462442" lon="15.527390">
        <ele>283.470430</ele>
        <time>2026-05-10T09:31:27.999Z</time>
      </trkpt>
      <trkpt lat="48.462375" lon="15.527559">
        <ele>283.131243</ele>
        <time>2026-05-10T09:31:29.999Z</time>
      </trkpt>
      <trkpt lat="48.462312" lon="15.527729">
        <ele>282.795766</ele>
        <time>2026-05-10T09:31:31.999Z</time>
      </trkpt>
      <trkpt lat="48.462259" lon="15.527903">
        <ele>282.542317</ele>
        <time>2026-05-10T09:31:33.999Z</time>
      </trkpt>
      <trkpt lat="48.462203" lon="15.528074">
        <ele>282.404462</ele>
        <time>2026-05-10T09:31:35.999Z</time>
      </trkpt>
      <trkpt lat="48.462152" lon="15.528247">
        <ele>282.267613</ele>
        <time>2026-05-10T09:31:37.999Z</time>
      </trkpt>
      <trkpt lat="48.462110" lon="15.528421">
        <ele>282.133767</ele>
        <time>2026-05-10T09:31:39.999Z</time>
      </trkpt>
      <trkpt lat="48.462065" lon="15.528598">
        <ele>281.996746</ele>
        <time>2026-05-10T09:31:41.999Z</time>
      </trkpt>
      <trkpt lat="48.462035" lon="15.528781">
        <ele>281.860486</ele>
        <time>2026-05-10T09:31:43.999Z</time>
      </trkpt>
      <trkpt lat="48.461996" lon="15.528960">
        <ele>281.724295</ele>
        <time>2026-05-10T09:31:45.999Z</time>
      </trkpt>
      <trkpt lat="48.461971" lon="15.529138">
        <ele>281.592777</ele>
        <time>2026-05-10T09:31:47.999Z</time>
      </trkpt>
      <trkpt lat="48.461941" lon="15.529317">
        <ele>281.459322</ele>
        <time>2026-05-10T09:31:49.999Z</time>
      </trkpt>
      <trkpt lat="48.461918" lon="15.529504">
        <ele>281.321847</ele>
        <time>2026-05-10T09:31:51.999Z</time>
      </trkpt>
      <trkpt lat="48.461894" lon="15.529690">
        <ele>281.184879</ele>
        <time>2026-05-10T09:31:53.999Z</time>
      </trkpt>
      <trkpt lat="48.461866" lon="15.529880">
        <ele>281.044191</ele>
        <time>2026-05-10T09:31:55.999Z</time>
      </trkpt>
      <trkpt lat="48.461846" lon="15.530071">
        <ele>280.904419</ele>
        <time>2026-05-10T09:31:57.999Z</time>
      </trkpt>
      <trkpt lat="48.461823" lon="15.530254">
        <ele>280.769786</ele>
        <time>2026-05-10T09:31:59.999Z</time>
      </trkpt>
      <trkpt lat="48.461796" lon="15.530439">
        <ele>280.631071</ele>
        <time>2026-05-10T09:32:01.999Z</time>
      </trkpt>
      <trkpt lat="48.461772" lon="15.530628">
        <ele>280.430923</ele>
        <time>2026-05-10T09:32:03.999Z</time>
      </trkpt>
      <trkpt lat="48.461733" lon="15.530816">
        <ele>280.226043</ele>
        <time>2026-05-10T09:32:05.999Z</time>
      </trkpt>
      <trkpt lat="48.461706" lon="15.531008">
        <ele>280.021906</ele>
        <time>2026-05-10T09:32:07.999Z</time>
      </trkpt>
      <trkpt lat="48.461681" lon="15.531198">
        <ele>279.820438</ele>
        <time>2026-05-10T09:32:09.999Z</time>
      </trkpt>
      <trkpt lat="48.461662" lon="15.531390">
        <ele>279.618530</ele>
        <time>2026-05-10T09:32:11.999Z</time>
      </trkpt>
      <trkpt lat="48.461625" lon="15.531576">
        <ele>279.416558</ele>
        <time>2026-05-10T09:32:13.999Z</time>
      </trkpt>
      <trkpt lat="48.461602" lon="15.531758">
        <ele>279.223856</ele>
        <time>2026-05-10T09:32:15.999Z</time>
      </trkpt>
      <trkpt lat="48.461568" lon="15.531936">
        <ele>279.031193</ele>
        <time>2026-05-10T09:32:17.999Z</time>
      </trkpt>
      <trkpt lat="48.461528" lon="15.532114">
        <ele>278.835716</ele>
        <time>2026-05-10T09:32:19.999Z</time>
      </trkpt>
      <trkpt lat="48.461473" lon="15.532283">
        <ele>278.639914</ele>
        <time>2026-05-10T09:32:21.999Z</time>
      </trkpt>
      <trkpt lat="48.461431" lon="15.532464">
        <ele>278.440465</ele>
        <time>2026-05-10T09:32:23.999Z</time>
      </trkpt>
      <trkpt lat="48.461389" lon="15.532626">
        <ele>278.259550</ele>
        <time>2026-05-10T09:32:25.999Z</time>
      </trkpt>
      <trkpt lat="48.461346" lon="15.532779">
        <ele>278.086714</ele>
        <time>2026-05-10T09:32:27.999Z</time>
      </trkpt>
      <trkpt lat="48.461276" lon="15.532959">
        <ele>277.869679</ele>
        <time>2026-05-10T09:32:29.999Z</time>
      </trkpt>
      <trkpt lat="48.461201" lon="15.533131">
        <ele>277.832467</ele>
        <time>2026-05-10T09:32:31.999Z</time>
      </trkpt>
      <trkpt lat="48.461136" lon="15.533312">
        <ele>277.854691</ele>
        <time>2026-05-10T09:32:33.998Z</time>
      </trkpt>
      <trkpt lat="48.461048" lon="15.533462">
        <ele>277.876316</ele>
        <time>2026-05-10T09:32:35.998Z</time>
      </trkpt>
      <trkpt lat="48.460965" lon="15.533626">
        <ele>277.898591</ele>
        <time>2026-05-10T09:32:37.998Z</time>
      </trkpt>
      <trkpt lat="48.460854" lon="15.533749">
        <ele>277.921019</ele>
        <time>2026-05-10T09:32:39.998Z</time>
      </trkpt>
      <trkpt lat="48.460738" lon="15.533862">
        <ele>277.943505</ele>
        <time>2026-05-10T09:32:41.998Z</time>
      </trkpt>
      <trkpt lat="48.460627" lon="15.533959">
        <ele>277.964393</ele>
        <time>2026-05-10T09:32:43.998Z</time>
      </trkpt>
      <trkpt lat="48.460509" lon="15.534054">
        <ele>277.986173</ele>
        <time>2026-05-10T09:32:45.998Z</time>
      </trkpt>
      <trkpt lat="48.460393" lon="15.534139">
        <ele>278.007172</ele>
        <time>2026-05-10T09:32:47.998Z</time>
      </trkpt>
      <trkpt lat="48.460273" lon="15.534209">
        <ele>278.028122</ele>
        <time>2026-05-10T09:32:49.998Z</time>
      </trkpt>
      <trkpt lat="48.460154" lon="15.534288">
        <ele>278.049292</ele>
        <time>2026-05-10T09:32:51.998Z</time>
      </trkpt>
      <trkpt lat="48.460038" lon="15.534370">
        <ele>278.070152</ele>
        <time>2026-05-10T09:32:53.998Z</time>
      </trkpt>
      <trkpt lat="48.459924" lon="15.534437">
        <ele>278.090074</ele>
        <time>2026-05-10T09:32:55.998Z</time>
      </trkpt>
      <trkpt lat="48.459811" lon="15.534530">
        <ele>278.121713</ele>
        <time>2026-05-10T09:32:57.998Z</time>
      </trkpt>
      <trkpt lat="48.459692" lon="15.534596">
        <ele>278.236390</ele>
        <time>2026-05-10T09:32:59.998Z</time>
      </trkpt>
      <trkpt lat="48.459579" lon="15.534665">
        <ele>278.346652</ele>
        <time>2026-05-10T09:33:01.998Z</time>
      </trkpt>
      <trkpt lat="48.459464" lon="15.534721">
        <ele>278.455951</ele>
        <time>2026-05-10T09:33:03.998Z</time>
      </trkpt>
      <trkpt lat="48.459351" lon="15.534765">
        <ele>278.561504</ele>
        <time>2026-05-10T09:33:05.998Z</time>
      </trkpt>
      <trkpt lat="48.459229" lon="15.534836">
        <ele>278.679778</ele>
        <time>2026-05-10T09:33:07.998Z</time>
      </trkpt>
      <trkpt lat="48.459114" lon="15.534899">
        <ele>278.790439</ele>
        <time>2026-05-10T09:33:09.998Z</time>
      </trkpt>
      <trkpt lat="48.458999" lon="15.534949">
        <ele>278.898686</ele>
        <time>2026-05-10T09:33:11.998Z</time>
      </trkpt>
      <trkpt lat="48.458871" lon="15.534988">
        <ele>279.016794</ele>
        <time>2026-05-10T09:33:13.998Z</time>
      </trkpt>
      <trkpt lat="48.458748" lon="15.535020">
        <ele>279.129683</ele>
        <time>2026-05-10T09:33:15.998Z</time>
      </trkpt>
      <trkpt lat="48.458628" lon="15.535054">
        <ele>279.240114</ele>
        <time>2026-05-10T09:33:17.998Z</time>
      </trkpt>
      <trkpt lat="48.458502" lon="15.535066">
        <ele>279.354300</ele>
        <time>2026-05-10T09:33:19.998Z</time>
      </trkpt>
      <trkpt lat="48.458379" lon="15.535082">
        <ele>279.465959</ele>
        <time>2026-05-10T09:33:21.998Z</time>
      </trkpt>
      <trkpt lat="48.458246" lon="15.535085">
        <ele>279.586263</ele>
        <time>2026-05-10T09:33:23.998Z</time>
      </trkpt>
      <trkpt lat="48.458120" lon="15.535095">
        <ele>279.700379</ele>
        <time>2026-05-10T09:33:25.998Z</time>
      </trkpt>
      <trkpt lat="48.458008" lon="15.535104">
        <ele>279.634122</ele>
        <time>2026-05-10T09:33:27.998Z</time>
      </trkpt>
      <trkpt lat="48.457888" lon="15.535115">
        <ele>279.468125</ele>
        <time>2026-05-10T09:33:29.998Z</time>
      </trkpt>
      <trkpt lat="48.457773" lon="15.535127">
        <ele>279.308958</ele>
        <time>2026-05-10T09:33:31.999Z</time>
      </trkpt>
      <trkpt lat="48.457651" lon="15.535139">
        <ele>279.140146</ele>
        <time>2026-05-10T09:33:33.999Z</time>
      </trkpt>
      <trkpt lat="48.457522" lon="15.535153">
        <ele>278.961567</ele>
        <time>2026-05-10T09:33:35.999Z</time>
      </trkpt>
      <trkpt lat="48.457366" lon="15.535171">
        <ele>278.745539</ele>
        <time>2026-05-10T09:33:37.999Z</time>
      </trkpt>
      <trkpt lat="48.457256" lon="15.535172">
        <ele>278.593652</ele>
        <time>2026-05-10T09:33:39.999Z</time>
      </trkpt>
      <trkpt lat="48.457135" lon="15.535169">
        <ele>278.426557</ele>
        <time>2026-05-10T09:33:41.999Z</time>
      </trkpt>
      <trkpt lat="48.457007" lon="15.535192">
        <ele>278.248569</ele>
        <time>2026-05-10T09:33:43.999Z</time>
      </trkpt>
      <trkpt lat="48.456883" lon="15.535179">
        <ele>278.076941</ele>
        <time>2026-05-10T09:33:45.999Z</time>
      </trkpt>
      <trkpt lat="48.456767" lon="15.535191">
        <ele>277.916396</ele>
        <time>2026-05-10T09:33:47.999Z</time>
      </trkpt>
      <trkpt lat="48.456653" lon="15.535191">
        <ele>277.758989</ele>
        <time>2026-05-10T09:33:49.999Z</time>
      </trkpt>
      <trkpt lat="48.456538" lon="15.535196">
        <ele>277.600135</ele>
        <time>2026-05-10T09:33:51.999Z</time>
      </trkpt>
      <trkpt lat="48.456413" lon="15.535190">
        <ele>277.427453</ele>
        <time>2026-05-10T09:33:53.999Z</time>
      </trkpt>
      <trkpt lat="48.456293" lon="15.535180">
        <ele>277.261508</ele>
        <time>2026-05-10T09:33:55.999Z</time>
      </trkpt>
      <trkpt lat="48.456173" lon="15.535180">
        <ele>277.040499</ele>
        <time>2026-05-10T09:33:57.999Z</time>
      </trkpt>
      <trkpt lat="48.456058" lon="15.535165">
        <ele>276.824650</ele>
        <time>2026-05-10T09:33:59.999Z</time>
      </trkpt>
      <trkpt lat="48.455944" lon="15.535162">
        <ele>276.611442</ele>
        <time>2026-05-10T09:34:01.999Z</time>
      </trkpt>
      <trkpt lat="48.455848" lon="15.535170">
        <ele>276.431651</ele>
        <time>2026-05-10T09:34:03.999Z</time>
      </trkpt>
      <trkpt lat="48.455746" lon="15.535177">
        <ele>276.240718</ele>
        <time>2026-05-10T09:34:05.999Z</time>
      </trkpt>
      <trkpt lat="48.455649" lon="15.535198">
        <ele>276.057471</ele>
        <time>2026-05-10T09:34:07.999Z</time>
      </trkpt>
      <trkpt lat="48.455552" lon="15.535231">
        <ele>275.871525</ele>
        <time>2026-05-10T09:34:09.999Z</time>
      </trkpt>
      <trkpt lat="48.455458" lon="15.535280">
        <ele>275.685541</ele>
        <time>2026-05-10T09:34:11.999Z</time>
      </trkpt>
      <trkpt lat="48.455372" lon="15.535364">
        <ele>275.493931</ele>
        <time>2026-05-10T09:34:13.999Z</time>
      </trkpt>
      <trkpt lat="48.455290" lon="15.535458">
        <ele>275.301312</ele>
        <time>2026-05-10T09:34:15.999Z</time>
      </trkpt>
      <trkpt lat="48.455226" lon="15.535572">
        <ele>275.116080</ele>
        <time>2026-05-10T09:34:17.999Z</time>
      </trkpt>
      <trkpt lat="48.455181" lon="15.535720">
        <ele>274.914164</ele>
        <time>2026-05-10T09:34:19.999Z</time>
      </trkpt>
      <trkpt lat="48.455162" lon="15.535887">
        <ele>274.704030</ele>
        <time>2026-05-10T09:34:21.999Z</time>
      </trkpt>
      <trkpt lat="48.455156" lon="15.536059">
        <ele>274.490426</ele>
        <time>2026-05-10T09:34:23.999Z</time>
      </trkpt>
      <trkpt lat="48.455174" lon="15.536236">
        <ele>274.268350</ele>
        <time>2026-05-10T09:34:25.999Z</time>
      </trkpt>
      <trkpt lat="48.455205" lon="15.536414">
        <ele>274.040115</ele>
        <time>2026-05-10T09:34:27.999Z</time>
      </trkpt>
      <trkpt lat="48.455245" lon="15.536600">
        <ele>273.753188</ele>
        <time>2026-05-10T09:34:29.999Z</time>
      </trkpt>
      <trkpt lat="48.455272" lon="15.536799">
        <ele>273.378193</ele>
        <time>2026-05-10T09:34:31.999Z</time>
      </trkpt>
      <trkpt lat="48.455289" lon="15.536999">
        <ele>273.005942</ele>
        <time>2026-05-10T09:34:33.998Z</time>
      </trkpt>
      <trkpt lat="48.455266" lon="15.537202">
        <ele>272.625743</ele>
        <time>2026-05-10T09:34:35.998Z</time>
      </trkpt>
      <trkpt lat="48.455262" lon="15.537422">
        <ele>272.219436</ele>
        <time>2026-05-10T09:34:37.998Z</time>
      </trkpt>
      <trkpt lat="48.455245" lon="15.537629">
        <ele>271.834362</ele>
        <time>2026-05-10T09:34:39.998Z</time>
      </trkpt>
      <trkpt lat="48.455241" lon="15.537842">
        <ele>271.440973</ele>
        <time>2026-05-10T09:34:41.998Z</time>
      </trkpt>
      <trkpt lat="48.455242" lon="15.538045">
        <ele>271.066193</ele>
        <time>2026-05-10T09:34:43.998Z</time>
      </trkpt>
      <trkpt lat="48.455257" lon="15.538247">
        <ele>270.690939</ele>
        <time>2026-05-10T09:34:45.998Z</time>
      </trkpt>
      <trkpt lat="48.455280" lon="15.538439">
        <ele>270.330741</ele>
        <time>2026-05-10T09:34:47.998Z</time>
      </trkpt>
      <trkpt lat="48.455319" lon="15.538619">
        <ele>269.981149</ele>
        <time>2026-05-10T09:34:49.998Z</time>
      </trkpt>
      <trkpt lat="48.455369" lon="15.538789">
        <ele>269.637825</ele>
        <time>2026-05-10T09:34:51.998Z</time>
      </trkpt>
      <trkpt lat="48.455400" lon="15.538958">
        <ele>269.314111</ele>
        <time>2026-05-10T09:34:53.998Z</time>
      </trkpt>
      <trkpt lat="48.455433" lon="15.539116">
        <ele>269.008296</ele>
        <time>2026-05-10T09:34:55.998Z</time>
      </trkpt>
      <trkpt lat="48.455464" lon="15.539267">
        <ele>268.707270</ele>
        <time>2026-05-10T09:34:57.998Z</time>
      </trkpt>
      <trkpt lat="48.455496" lon="15.539421">
        <ele>268.392732</ele>
        <time>2026-05-10T09:34:59.998Z</time>
      </trkpt>
      <trkpt lat="48.455519" lon="15.539582">
        <ele>268.071741</ele>
        <time>2026-05-10T09:35:01.998Z</time>
      </trkpt>
      <trkpt lat="48.455550" lon="15.539756">
        <ele>267.720587</ele>
        <time>2026-05-10T09:35:03.998Z</time>
      </trkpt>
      <trkpt lat="48.455575" lon="15.539919">
        <ele>267.394511</ele>
        <time>2026-05-10T09:35:05.998Z</time>
      </trkpt>
      <trkpt lat="48.455593" lon="15.540086">
        <ele>267.064753</ele>
        <time>2026-05-10T09:35:07.998Z</time>
      </trkpt>
      <trkpt lat="48.455620" lon="15.540259">
        <ele>266.718361</ele>
        <time>2026-05-10T09:35:09.998Z</time>
      </trkpt>
      <trkpt lat="48.455645" lon="15.540427">
        <ele>266.382784</ele>
        <time>2026-05-10T09:35:11.998Z</time>
      </trkpt>
      <trkpt lat="48.455646" lon="15.540604">
        <ele>266.037794</ele>
        <time>2026-05-10T09:35:13.998Z</time>
      </trkpt>
      <trkpt lat="48.455667" lon="15.540784">
        <ele>265.681583</ele>
        <time>2026-05-10T09:35:15.998Z</time>
      </trkpt>
      <trkpt lat="48.455681" lon="15.540960">
        <ele>265.336097</ele>
        <time>2026-05-10T09:35:17.998Z</time>
      </trkpt>
      <trkpt lat="48.455684" lon="15.541134">
        <ele>264.996853</ele>
        <time>2026-05-10T09:35:19.998Z</time>
      </trkpt>
      <trkpt lat="48.455683" lon="15.541312">
        <ele>264.649914</ele>
        <time>2026-05-10T09:35:21.998Z</time>
      </trkpt>
      <trkpt lat="48.455665" lon="15.541495">
        <ele>264.289342</ele>
        <time>2026-05-10T09:35:23.998Z</time>
      </trkpt>
      <trkpt lat="48.455660" lon="15.541677">
        <ele>263.934316</ele>
        <time>2026-05-10T09:35:25.998Z</time>
      </trkpt>
      <trkpt lat="48.455637" lon="15.541855">
        <ele>263.594428</ele>
        <time>2026-05-10T09:35:27.998Z</time>
      </trkpt>
      <trkpt lat="48.455593" lon="15.542022">
        <ele>263.562229</ele>
        <time>2026-05-10T09:35:29.998Z</time>
      </trkpt>
      <trkpt lat="48.455523" lon="15.542170">
        <ele>263.529657</ele>
        <time>2026-05-10T09:35:31.998Z</time>
      </trkpt>
      <trkpt lat="48.455454" lon="15.542310">
        <ele>263.498402</ele>
        <time>2026-05-10T09:35:33.998Z</time>
      </trkpt>
      <trkpt lat="48.455378" lon="15.542432">
        <ele>263.468410</ele>
        <time>2026-05-10T09:35:35.998Z</time>
      </trkpt>
      <trkpt lat="48.455296" lon="15.542540">
        <ele>263.438994</ele>
        <time>2026-05-10T09:35:37.999Z</time>
      </trkpt>
      <trkpt lat="48.455203" lon="15.542635">
        <ele>263.408644</ele>
        <time>2026-05-10T09:35:39.999Z</time>
      </trkpt>
      <trkpt lat="48.455115" lon="15.542743">
        <ele>263.377988</ele>
        <time>2026-05-10T09:35:41.999Z</time>
      </trkpt>
      <trkpt lat="48.455017" lon="15.542795">
        <ele>263.349918</ele>
        <time>2026-05-10T09:35:43.999Z</time>
      </trkpt>
      <trkpt lat="48.454909" lon="15.542880">
        <ele>263.317003</ele>
        <time>2026-05-10T09:35:45.999Z</time>
      </trkpt>
      <trkpt lat="48.454807" lon="15.542966">
        <ele>263.285428</ele>
        <time>2026-05-10T09:35:47.999Z</time>
      </trkpt>
      <trkpt lat="48.454665" lon="15.543018">
        <ele>263.245947</ele>
        <time>2026-05-10T09:35:49.999Z</time>
      </trkpt>
      <trkpt lat="48.454548" lon="15.543055">
        <ele>263.213648</ele>
        <time>2026-05-10T09:35:51.999Z</time>
      </trkpt>
      <trkpt lat="48.454437" lon="15.543087">
        <ele>263.183115</ele>
        <time>2026-05-10T09:35:53.999Z</time>
      </trkpt>
      <trkpt lat="48.454328" lon="15.543120">
        <ele>263.153077</ele>
        <time>2026-05-10T09:35:55.999Z</time>
      </trkpt>
      <trkpt lat="48.454217" lon="15.543160">
        <ele>263.122243</ele>
        <time>2026-05-10T09:35:57.999Z</time>
      </trkpt>
      <trkpt lat="48.454114" lon="15.543227">
        <ele>263.096015</ele>
        <time>2026-05-10T09:35:59.999Z</time>
      </trkpt>
      <trkpt lat="48.454007" lon="15.543276">
        <ele>263.072686</ele>
        <time>2026-05-10T09:36:01.999Z</time>
      </trkpt>
      <trkpt lat="48.453903" lon="15.543332">
        <ele>263.049647</ele>
        <time>2026-05-10T09:36:03.999Z</time>
      </trkpt>
      <trkpt lat="48.453796" lon="15.543393">
        <ele>263.025782</ele>
        <time>2026-05-10T09:36:05.999Z</time>
      </trkpt>
      <trkpt lat="48.453690" lon="15.543449">
        <ele>263.002350</ele>
        <time>2026-05-10T09:36:07.999Z</time>
      </trkpt>
      <trkpt lat="48.453575" lon="15.543518">
        <ele>262.976529</ele>
        <time>2026-05-10T09:36:09.999Z</time>
      </trkpt>
      <trkpt lat="48.453456" lon="15.543562">
        <ele>262.950968</ele>
        <time>2026-05-10T09:36:11.999Z</time>
      </trkpt>
      <trkpt lat="48.453334" lon="15.543603">
        <ele>262.924891</ele>
        <time>2026-05-10T09:36:13.999Z</time>
      </trkpt>
      <trkpt lat="48.453210" lon="15.543637">
        <ele>262.898598</ele>
        <time>2026-05-10T09:36:15.999Z</time>
      </trkpt>
      <trkpt lat="48.453090" lon="15.543669">
        <ele>262.873175</ele>
        <time>2026-05-10T09:36:17.999Z</time>
      </trkpt>
      <trkpt lat="48.452975" lon="15.543694">
        <ele>262.848936</ele>
        <time>2026-05-10T09:36:19.999Z</time>
      </trkpt>
      <trkpt lat="48.452861" lon="15.543725">
        <ele>262.824769</ele>
        <time>2026-05-10T09:36:21.999Z</time>
      </trkpt>
      <trkpt lat="48.452743" lon="15.543749">
        <ele>262.799929</ele>
        <time>2026-05-10T09:36:23.999Z</time>
      </trkpt>
      <trkpt lat="48.452635" lon="15.543791">
        <ele>262.776661</ele>
        <time>2026-05-10T09:36:25.999Z</time>
      </trkpt>
      <trkpt lat="48.452530" lon="15.543830">
        <ele>262.754101</ele>
        <time>2026-05-10T09:36:27.999Z</time>
      </trkpt>
      <trkpt lat="48.452445" lon="15.543891">
        <ele>262.735325</ele>
        <time>2026-05-10T09:36:29.999Z</time>
      </trkpt>
      <trkpt lat="48.452358" lon="15.543946">
        <ele>262.832422</ele>
        <time>2026-05-10T09:36:31.999Z</time>
      </trkpt>
      <trkpt lat="48.452276" lon="15.544021">
        <ele>262.931135</ele>
        <time>2026-05-10T09:36:33.999Z</time>
      </trkpt>
      <trkpt lat="48.452195" lon="15.544113">
        <ele>263.035512</ele>
        <time>2026-05-10T09:36:35.999Z</time>
      </trkpt>
      <trkpt lat="48.452123" lon="15.544213">
        <ele>263.136268</ele>
        <time>2026-05-10T09:36:37.999Z</time>
      </trkpt>
      <trkpt lat="48.452060" lon="15.544329">
        <ele>263.238615</ele>
        <time>2026-05-10T09:36:39.999Z</time>
      </trkpt>
      <trkpt lat="48.452003" lon="15.544458">
        <ele>263.344429</ele>
        <time>2026-05-10T09:36:41.999Z</time>
      </trkpt>
      <trkpt lat="48.451954" lon="15.544597">
        <ele>263.451887</ele>
        <time>2026-05-10T09:36:43.998Z</time>
      </trkpt>
      <trkpt lat="48.451927" lon="15.544755">
        <ele>263.563267</ele>
        <time>2026-05-10T09:36:45.998Z</time>
      </trkpt>
      <trkpt lat="48.451904" lon="15.544922">
        <ele>263.679701</ele>
        <time>2026-05-10T09:36:47.998Z</time>
      </trkpt>
      <trkpt lat="48.451883" lon="15.545084">
        <ele>263.792381</ele>
        <time>2026-05-10T09:36:49.998Z</time>
      </trkpt>
      <trkpt lat="48.451875" lon="15.545232">
        <ele>263.893748</ele>
        <time>2026-05-10T09:36:51.998Z</time>
      </trkpt>
      <trkpt lat="48.451871" lon="15.545373">
        <ele>263.990089</ele>
        <time>2026-05-10T09:36:54.998Z</time>
      </trkpt>
      <trkpt lat="48.451854" lon="15.545516">
        <ele>264.089263</ele>
        <time>2026-05-10T09:36:58.998Z</time>
      </trkpt>
      <trkpt lat="48.451867" lon="15.545874">
        <ele>264.334016</ele>
        <time>2026-05-10T09:39:26.998Z</time>
      </trkpt>
      <trkpt lat="48.451890" lon="15.546046">
        <ele>264.453794</ele>
        <time>2026-05-10T09:39:29.998Z</time>
      </trkpt>
      <trkpt lat="48.451882" lon="15.546188">
        <ele>264.551078</ele>
        <time>2026-05-10T09:39:31.998Z</time>
      </trkpt>
      <trkpt lat="48.451893" lon="15.546336">
        <ele>264.555269</ele>
        <time>2026-05-10T09:39:33.998Z</time>
      </trkpt>
      <trkpt lat="48.451910" lon="15.546491">
        <ele>264.506236</ele>
        <time>2026-05-10T09:39:35.998Z</time>
      </trkpt>
      <trkpt lat="48.451945" lon="15.546646">
        <ele>264.455134</ele>
        <time>2026-05-10T09:39:37.998Z</time>
      </trkpt>
      <trkpt lat="48.451955" lon="15.546819">
        <ele>264.400937</ele>
        <time>2026-05-10T09:39:39.998Z</time>
      </trkpt>
      <trkpt lat="48.451980" lon="15.546977">
        <ele>264.350242</ele>
        <time>2026-05-10T09:39:41.998Z</time>
      </trkpt>
      <trkpt lat="48.452009" lon="15.547139">
        <ele>264.297872</ele>
        <time>2026-05-10T09:39:43.998Z</time>
      </trkpt>
      <trkpt lat="48.452057" lon="15.547289">
        <ele>264.245894</ele>
        <time>2026-05-10T09:39:45.998Z</time>
      </trkpt>
      <trkpt lat="48.452080" lon="15.547469">
        <ele>264.188683</ele>
        <time>2026-05-10T09:39:47.998Z</time>
      </trkpt>
      <trkpt lat="48.452123" lon="15.547617">
        <ele>264.138255</ele>
        <time>2026-05-10T09:39:49.999Z</time>
      </trkpt>
      <trkpt lat="48.452161" lon="15.547779">
        <ele>264.084627</ele>
        <time>2026-05-10T09:39:51.999Z</time>
      </trkpt>
      <trkpt lat="48.452199" lon="15.547936">
        <ele>264.032467</ele>
        <time>2026-05-10T09:39:53.999Z</time>
      </trkpt>
      <trkpt lat="48.452237" lon="15.548123">
        <ele>263.971427</ele>
        <time>2026-05-10T09:39:55.999Z</time>
      </trkpt>
      <trkpt lat="48.452275" lon="15.548259">
        <ele>263.925369</ele>
        <time>2026-05-10T09:39:57.999Z</time>
      </trkpt>
      <trkpt lat="48.452314" lon="15.548416">
        <ele>263.873046</ele>
        <time>2026-05-10T09:39:59.999Z</time>
      </trkpt>
      <trkpt lat="48.452351" lon="15.548574">
        <ele>263.820751</ele>
        <time>2026-05-10T09:40:01.999Z</time>
      </trkpt>
      <trkpt lat="48.452381" lon="15.548735">
        <ele>263.768559</ele>
        <time>2026-05-10T09:40:03.999Z</time>
      </trkpt>
      <trkpt lat="48.452396" lon="15.548909">
        <ele>263.598334</ele>
        <time>2026-05-10T09:40:05.999Z</time>
      </trkpt>
      <trkpt lat="48.452405" lon="15.549081">
        <ele>263.302409</ele>
        <time>2026-05-10T09:40:07.999Z</time>
      </trkpt>
      <trkpt lat="48.452415" lon="15.549252">
        <ele>263.007978</ele>
        <time>2026-05-10T09:40:09.999Z</time>
      </trkpt>
      <trkpt lat="48.452422" lon="15.549425">
        <ele>262.710703</ele>
        <time>2026-05-10T09:40:11.999Z</time>
      </trkpt>
      <trkpt lat="48.452422" lon="15.549599">
        <ele>262.412264</ele>
        <time>2026-05-10T09:40:13.999Z</time>
      </trkpt>
      <trkpt lat="48.452408" lon="15.549771">
        <ele>262.115042</ele>
        <time>2026-05-10T09:40:15.999Z</time>
      </trkpt>
      <trkpt lat="48.452400" lon="15.549945">
        <ele>261.815887</ele>
        <time>2026-05-10T09:40:17.999Z</time>
      </trkpt>
      <trkpt lat="48.452379" lon="15.550122">
        <ele>261.507484</ele>
        <time>2026-05-10T09:40:19.999Z</time>
      </trkpt>
      <trkpt lat="48.452357" lon="15.550294">
        <ele>261.207039</ele>
        <time>2026-05-10T09:40:21.999Z</time>
      </trkpt>
      <trkpt lat="48.452323" lon="15.550459">
        <ele>260.910693</ele>
        <time>2026-05-10T09:40:23.999Z</time>
      </trkpt>
      <trkpt lat="48.452281" lon="15.550621">
        <ele>260.612361</ele>
        <time>2026-05-10T09:40:25.999Z</time>
      </trkpt>
      <trkpt lat="48.452237" lon="15.550778">
        <ele>260.320026</ele>
        <time>2026-05-10T09:40:27.999Z</time>
      </trkpt>
      <trkpt lat="48.452191" lon="15.550933">
        <ele>260.028774</ele>
        <time>2026-05-10T09:40:29.999Z</time>
      </trkpt>
      <trkpt lat="48.452136" lon="15.551082">
        <ele>259.736299</ele>
        <time>2026-05-10T09:40:31.999Z</time>
      </trkpt>
      <trkpt lat="48.452076" lon="15.551233">
        <ele>259.434386</ele>
        <time>2026-05-10T09:40:33.999Z</time>
      </trkpt>
      <trkpt lat="48.452009" lon="15.551378">
        <ele>259.131281</ele>
        <time>2026-05-10T09:40:35.999Z</time>
      </trkpt>
      <trkpt lat="48.451934" lon="15.551514">
        <ele>258.947709</ele>
        <time>2026-05-10T09:40:37.999Z</time>
      </trkpt>
      <trkpt lat="48.451853" lon="15.551636">
        <ele>258.787934</ele>
        <time>2026-05-10T09:40:39.999Z</time>
      </trkpt>
      <trkpt lat="48.451766" lon="15.551748">
        <ele>258.628288</ele>
        <time>2026-05-10T09:40:41.999Z</time>
      </trkpt>
      <trkpt lat="48.451675" lon="15.551854">
        <ele>258.467811</ele>
        <time>2026-05-10T09:40:43.999Z</time>
      </trkpt>
      <trkpt lat="48.451582" lon="15.551960">
        <ele>258.305117</ele>
        <time>2026-05-10T09:40:45.999Z</time>
      </trkpt>
      <trkpt lat="48.451490" lon="15.552070">
        <ele>258.141259</ele>
        <time>2026-05-10T09:40:47.999Z</time>
      </trkpt>
      <trkpt lat="48.451399" lon="15.552180">
        <ele>257.978492</ele>
        <time>2026-05-10T09:40:49.999Z</time>
      </trkpt>
      <trkpt lat="48.451311" lon="15.552264">
        <ele>257.833144</ele>
        <time>2026-05-10T09:40:51.999Z</time>
      </trkpt>
      <trkpt lat="48.451223" lon="15.552388">
        <ele>257.665055</ele>
        <time>2026-05-10T09:40:53.999Z</time>
      </trkpt>
      <trkpt lat="48.451153" lon="15.552504">
        <ele>257.519898</ele>
        <time>2026-05-10T09:40:55.999Z</time>
      </trkpt>
      <trkpt lat="48.451070" lon="15.552627">
        <ele>257.357487</ele>
        <time>2026-05-10T09:40:57.999Z</time>
      </trkpt>
      <trkpt lat="48.450994" lon="15.552755">
        <ele>257.198474</ele>
        <time>2026-05-10T09:40:59.999Z</time>
      </trkpt>
      <trkpt lat="48.450917" lon="15.552889">
        <ele>257.034371</ele>
        <time>2026-05-10T09:41:01.998Z</time>
      </trkpt>
      <trkpt lat="48.450843" lon="15.553019">
        <ele>256.875806</ele>
        <time>2026-05-10T09:41:03.998Z</time>
      </trkpt>
      <trkpt lat="48.450770" lon="15.553155">
        <ele>256.713868</ele>
        <time>2026-05-10T09:41:05.998Z</time>
      </trkpt>
      <trkpt lat="48.450714" lon="15.553305">
        <ele>256.572113</ele>
        <time>2026-05-10T09:41:07.998Z</time>
      </trkpt>
      <trkpt lat="48.450662" lon="15.553458">
        <ele>256.531702</ele>
        <time>2026-05-10T09:41:09.998Z</time>
      </trkpt>
      <trkpt lat="48.450615" lon="15.553609">
        <ele>256.492493</ele>
        <time>2026-05-10T09:41:11.998Z</time>
      </trkpt>
      <trkpt lat="48.450564" lon="15.553762">
        <ele>256.452242</ele>
        <time>2026-05-10T09:41:13.998Z</time>
      </trkpt>
      <trkpt lat="48.450521" lon="15.553921">
        <ele>256.411879</ele>
        <time>2026-05-10T09:41:15.998Z</time>
      </trkpt>
      <trkpt lat="48.450470" lon="15.554073">
        <ele>256.371838</ele>
        <time>2026-05-10T09:41:17.998Z</time>
      </trkpt>
      <trkpt lat="48.450415" lon="15.554224">
        <ele>256.331343</ele>
        <time>2026-05-10T09:41:19.998Z</time>
      </trkpt>
      <trkpt lat="48.450349" lon="15.554364">
        <ele>256.290968</ele>
        <time>2026-05-10T09:41:21.998Z</time>
      </trkpt>
      <trkpt lat="48.450288" lon="15.554524">
        <ele>256.247587</ele>
        <time>2026-05-10T09:41:23.998Z</time>
      </trkpt>
      <trkpt lat="48.450208" lon="15.554661">
        <ele>256.204680</ele>
        <time>2026-05-10T09:41:25.998Z</time>
      </trkpt>
      <trkpt lat="48.450109" lon="15.554774">
        <ele>256.160673</ele>
        <time>2026-05-10T09:41:27.998Z</time>
      </trkpt>
      <trkpt lat="48.450019" lon="15.554892">
        <ele>256.118403</ele>
        <time>2026-05-10T09:41:29.998Z</time>
      </trkpt>
      <trkpt lat="48.449934" lon="15.555025">
        <ele>256.074988</ele>
        <time>2026-05-10T09:41:31.998Z</time>
      </trkpt>
      <trkpt lat="48.449886" lon="15.555197">
        <ele>256.031123</ele>
        <time>2026-05-10T09:41:33.998Z</time>
      </trkpt>
      <trkpt lat="48.449889" lon="15.555383">
        <ele>255.987387</ele>
        <time>2026-05-10T09:41:35.998Z</time>
      </trkpt>
      <trkpt lat="48.449894" lon="15.555574">
        <ele>255.942455</ele>
        <time>2026-05-10T09:41:37.998Z</time>
      </trkpt>
      <trkpt lat="48.449895" lon="15.555768">
        <ele>255.957654</ele>
        <time>2026-05-10T09:41:39.998Z</time>
      </trkpt>
      <trkpt lat="48.449903" lon="15.555965">
        <ele>255.975672</ele>
        <time>2026-05-10T09:41:41.998Z</time>
      </trkpt>
      <trkpt lat="48.449913" lon="15.556159">
        <ele>255.993436</ele>
        <time>2026-05-10T09:41:43.998Z</time>
      </trkpt>
      <trkpt lat="48.449929" lon="15.556350">
        <ele>256.011010</ele>
        <time>2026-05-10T09:41:45.998Z</time>
      </trkpt>
      <trkpt lat="48.449953" lon="15.556540">
        <ele>256.028667</ele>
        <time>2026-05-10T09:41:47.998Z</time>
      </trkpt>
      <trkpt lat="48.449964" lon="15.556726">
        <ele>256.045714</ele>
        <time>2026-05-10T09:41:49.998Z</time>
      </trkpt>
      <trkpt lat="48.449984" lon="15.556906">
        <ele>256.062375</ele>
        <time>2026-05-10T09:41:51.998Z</time>
      </trkpt>
      <trkpt lat="48.450014" lon="15.557069">
        <ele>256.077818</ele>
        <time>2026-05-10T09:41:53.998Z</time>
      </trkpt>
      <trkpt lat="48.450044" lon="15.557228">
        <ele>256.092908</ele>
        <time>2026-05-10T09:41:55.999Z</time>
      </trkpt>
      <trkpt lat="48.450082" lon="15.557370">
        <ele>256.106887</ele>
        <time>2026-05-10T09:41:57.999Z</time>
      </trkpt>
      <trkpt lat="48.450111" lon="15.557525">
        <ele>256.121589</ele>
        <time>2026-05-10T09:41:59.999Z</time>
      </trkpt>
      <trkpt lat="48.450134" lon="15.557676">
        <ele>256.135732</ele>
        <time>2026-05-10T09:42:01.999Z</time>
      </trkpt>
      <trkpt lat="48.450173" lon="15.557827">
        <ele>256.150525</ele>
        <time>2026-05-10T09:42:03.999Z</time>
      </trkpt>
      <trkpt lat="48.450168" lon="15.557984">
        <ele>256.164874</ele>
        <time>2026-05-10T09:42:05.999Z</time>
      </trkpt>
      <trkpt lat="48.450157" lon="15.558124">
        <ele>256.177744</ele>
        <time>2026-05-10T09:42:07.999Z</time>
      </trkpt>
      <trkpt lat="48.450140" lon="15.558268">
        <ele>256.149034</ele>
        <time>2026-05-10T09:42:09.999Z</time>
      </trkpt>
      <trkpt lat="48.450119" lon="15.558402">
        <ele>255.978974</ele>
        <time>2026-05-10T09:42:11.999Z</time>
      </trkpt>
      <trkpt lat="48.450096" lon="15.558534">
        <ele>255.810410</ele>
        <time>2026-05-10T09:42:13.999Z</time>
      </trkpt>
      <trkpt lat="48.450072" lon="15.558665">
        <ele>255.642553</ele>
        <time>2026-05-10T09:42:15.999Z</time>
      </trkpt>
      <trkpt lat="48.450029" lon="15.558850">
        <ele>255.400437</ele>
        <time>2026-05-10T09:42:18.999Z</time>
      </trkpt>
      <trkpt lat="48.449961" lon="15.559019">
        <ele>255.156300</ele>
        <time>2026-05-10T09:42:21.999Z</time>
      </trkpt>
      <trkpt lat="48.449859" lon="15.559147">
        <ele>254.909177</ele>
        <time>2026-05-10T09:42:24.999Z</time>
      </trkpt>
      <trkpt lat="48.449774" lon="15.559252">
        <ele>254.704553</ele>
        <time>2026-05-10T09:42:27.999Z</time>
      </trkpt>
      <trkpt lat="48.449667" lon="15.559362">
        <ele>254.463393</ele>
        <time>2026-05-10T09:42:30.999Z</time>
      </trkpt>
      <trkpt lat="48.449604" lon="15.559466">
        <ele>254.289432</ele>
        <time>2026-05-10T09:42:32.999Z</time>
      </trkpt>
      <trkpt lat="48.449557" lon="15.559601">
        <ele>254.101119</ele>
        <time>2026-05-10T09:42:34.999Z</time>
      </trkpt>
      <trkpt lat="48.449527" lon="15.559744">
        <ele>253.915874</ele>
        <time>2026-05-10T09:42:36.999Z</time>
      </trkpt>
      <trkpt lat="48.449474" lon="15.559866">
        <ele>253.735747</ele>
        <time>2026-05-10T09:42:38.999Z</time>
      </trkpt>
      <trkpt lat="48.449428" lon="15.560006">
        <ele>253.542778</ele>
        <time>2026-05-10T09:42:42.999Z</time>
      </trkpt>
      <trkpt lat="48.449377" lon="15.560152">
        <ele>253.338972</ele>
        <time>2026-05-10T09:42:45.999Z</time>
      </trkpt>
      <trkpt lat="48.449318" lon="15.560329">
        <ele>253.094303</ele>
        <time>2026-05-10T09:42:48.999Z</time>
      </trkpt>
      <trkpt lat="48.449261" lon="15.560511">
        <ele>252.845713</ele>
        <time>2026-05-10T09:42:51.999Z</time>
      </trkpt>
      <trkpt lat="48.449186" lon="15.560687">
        <ele>252.662039</ele>
        <time>2026-05-10T09:42:54.999Z</time>
      </trkpt>
      <trkpt lat="48.449119" lon="15.560791">
        <ele>252.536146</ele>
        <time>2026-05-10T09:42:56.999Z</time>
      </trkpt>
      <trkpt lat="48.449027" lon="15.560884">
        <ele>252.391137</ele>
        <time>2026-05-10T09:42:58.998Z</time>
      </trkpt>
      <trkpt lat="48.448932" lon="15.560979">
        <ele>252.241897</ele>
        <time>2026-05-10T09:43:00.998Z</time>
      </trkpt>
      <trkpt lat="48.448839" lon="15.561095">
        <ele>252.083880</ele>
        <time>2026-05-10T09:43:02.998Z</time>
      </trkpt>
      <trkpt lat="48.448744" lon="15.561201">
        <ele>251.929154</ele>
        <time>2026-05-10T09:43:04.998Z</time>
      </trkpt>
      <trkpt lat="48.448652" lon="15.561322">
        <ele>251.769324</ele>
        <time>2026-05-10T09:43:06.998Z</time>
      </trkpt>
      <trkpt lat="48.448552" lon="15.561428">
        <ele>251.609289</ele>
        <time>2026-05-10T09:43:08.998Z</time>
      </trkpt>
      <trkpt lat="48.448454" lon="15.561537">
        <ele>251.449857</ele>
        <time>2026-05-10T09:43:10.998Z</time>
      </trkpt>
      <trkpt lat="48.448356" lon="15.561638">
        <ele>251.294448</ele>
        <time>2026-05-10T09:43:12.998Z</time>
      </trkpt>
      <trkpt lat="48.448277" lon="15.561733">
        <ele>251.162155</ele>
        <time>2026-05-10T09:43:14.998Z</time>
      </trkpt>
      <trkpt lat="48.448191" lon="15.561826">
        <ele>251.023600</ele>
        <time>2026-05-10T09:43:16.998Z</time>
      </trkpt>
      <trkpt lat="48.448068" lon="15.561809">
        <ele>250.861899</ele>
        <time>2026-05-10T09:43:19.998Z</time>
      </trkpt>
      <trkpt lat="48.447993" lon="15.561732">
        <ele>250.743108</ele>
        <time>2026-05-10T09:43:23.998Z</time>
      </trkpt>
      <trkpt lat="48.447848" lon="15.561927">
        <ele>250.488733</ele>
        <time>2026-05-10T09:43:32.998Z</time>
      </trkpt>
      <trkpt lat="48.447801" lon="15.562080">
        <ele>250.738381</ele>
        <time>2026-05-10T09:43:36.998Z</time>
      </trkpt>
      <trkpt lat="48.447763" lon="15.562255">
        <ele>251.024821</ele>
        <time>2026-05-10T09:43:39.998Z</time>
      </trkpt>
      <trkpt lat="48.447726" lon="15.562440">
        <ele>251.325398</ele>
        <time>2026-05-10T09:43:42.998Z</time>
      </trkpt>
      <trkpt lat="48.447677" lon="15.562622">
        <ele>251.630944</ele>
        <time>2026-05-10T09:43:45.998Z</time>
      </trkpt>
      <trkpt lat="48.447645" lon="15.562754">
        <ele>251.849563</ele>
        <time>2026-05-10T09:43:47.998Z</time>
      </trkpt>
      <trkpt lat="48.447594" lon="15.562923">
        <ele>252.138383</ele>
        <time>2026-05-10T09:43:50.998Z</time>
      </trkpt>
      <trkpt lat="48.447537" lon="15.563038">
        <ele>252.361701</ele>
        <time>2026-05-10T09:43:53.998Z</time>
      </trkpt>
      <trkpt lat="48.447472" lon="15.563141">
        <ele>252.582854</ele>
        <time>2026-05-10T09:43:56.998Z</time>
      </trkpt>
      <trkpt lat="48.447402" lon="15.563283">
        <ele>252.858068</ele>
        <time>2026-05-10T09:44:00.999Z</time>
      </trkpt>
      <trkpt lat="48.447349" lon="15.563393">
        <ele>253.069560</ele>
        <time>2026-05-10T09:44:03.999Z</time>
      </trkpt>
      <trkpt lat="48.447268" lon="15.563314">
        <ele>253.295806</ele>
        <time>2026-05-10T09:44:06.999Z</time>
      </trkpt>
      <trkpt lat="48.447174" lon="15.563235">
        <ele>253.548192</ele>
        <time>2026-05-10T09:44:10.999Z</time>
      </trkpt>
      <trkpt lat="48.447095" lon="15.563152">
        <ele>253.774013</ele>
        <time>2026-05-10T09:44:14.999Z</time>
      </trkpt>
      <trkpt lat="48.447000" lon="15.563109">
        <ele>254.006630</ele>
        <time>2026-05-10T09:44:19.999Z</time>
      </trkpt>
      <trkpt lat="48.446903" lon="15.563057">
        <ele>254.248067</ele>
        <time>2026-05-10T09:44:26.999Z</time>
      </trkpt>
      <trkpt lat="48.446808" lon="15.563057">
        <ele>254.470859</ele>
        <time>2026-05-10T09:44:36.999Z</time>
      </trkpt>
      <trkpt lat="48.446726" lon="15.563135">
        <ele>254.698244</ele>
        <time>2026-05-10T09:44:42.999Z</time>
      </trkpt>
      <trkpt lat="48.446691" lon="15.563280">
        <ele>254.245884</ele>
        <time>2026-05-10T09:44:49.999Z</time>
      </trkpt>
      <trkpt lat="48.446652" lon="15.563405">
        <ele>253.830122</ele>
        <time>2026-05-10T09:44:56.999Z</time>
      </trkpt>
      <trkpt lat="48.446584" lon="15.563517">
        <ele>253.373136</ele>
        <time>2026-05-10T09:45:02.999Z</time>
      </trkpt>
      <trkpt lat="48.446489" lon="15.563566">
        <ele>252.917546</ele>
        <time>2026-05-10T09:45:07.999Z</time>
      </trkpt>
      <trkpt lat="48.446418" lon="15.563667">
        <ele>252.474605</ele>
        <time>2026-05-10T09:45:54.998Z</time>
      </trkpt>
      <trkpt lat="48.446450" lon="15.563830">
        <ele>251.962972</ele>
        <time>2026-05-10T09:45:56.998Z</time>
      </trkpt>
      <trkpt lat="48.446428" lon="15.564077">
        <ele>251.212881</ele>
        <time>2026-05-10T09:45:58.998Z</time>
      </trkpt>
      <trkpt lat="48.446454" lon="15.564346">
        <ele>250.394696</ele>
        <time>2026-05-10T09:46:00.998Z</time>
      </trkpt>
      <trkpt lat="48.446456" lon="15.564484">
        <ele>249.979245</ele>
        <time>2026-05-10T09:46:01.998Z</time>
      </trkpt>
      <trkpt lat="48.446441" lon="15.564740">
        <ele>249.205738</ele>
        <time>2026-05-10T09:46:03.998Z</time>
      </trkpt>
      <trkpt lat="48.446461" lon="15.564993">
        <ele>248.438872</ele>
        <time>2026-05-10T09:46:05.998Z</time>
      </trkpt>
      <trkpt lat="48.446467" lon="15.565224">
        <ele>247.743076</ele>
        <time>2026-05-10T09:46:07.999Z</time>
      </trkpt>
      <trkpt lat="48.446450" lon="15.565451">
        <ele>247.055513</ele>
        <time>2026-05-10T09:46:09.999Z</time>
      </trkpt>
      <trkpt lat="48.446438" lon="15.565678">
        <ele>246.332953</ele>
        <time>2026-05-10T09:46:11.999Z</time>
      </trkpt>
      <trkpt lat="48.446424" lon="15.565905">
        <ele>245.497574</ele>
        <time>2026-05-10T09:46:13.999Z</time>
      </trkpt>
      <trkpt lat="48.446386" lon="15.566109">
        <ele>244.721145</ele>
        <time>2026-05-10T09:46:15.999Z</time>
      </trkpt>
      <trkpt lat="48.446303" lon="15.566249">
        <ele>244.033108</ele>
        <time>2026-05-10T09:46:17.999Z</time>
      </trkpt>
      <trkpt lat="48.446221" lon="15.566369">
        <ele>243.401808</ele>
        <time>2026-05-10T09:46:19.999Z</time>
      </trkpt>
      <trkpt lat="48.446100" lon="15.566387">
        <ele>242.730139</ele>
        <time>2026-05-10T09:46:21.999Z</time>
      </trkpt>
      <trkpt lat="48.445985" lon="15.566379">
        <ele>242.094186</ele>
        <time>2026-05-10T09:46:23.999Z</time>
      </trkpt>
      <trkpt lat="48.445864" lon="15.566341">
        <ele>241.411415</ele>
        <time>2026-05-10T09:46:26.999Z</time>
      </trkpt>
      <trkpt lat="48.445765" lon="15.566306">
        <ele>240.849687</ele>
        <time>2026-05-10T09:46:35.999Z</time>
      </trkpt>
      <trkpt lat="48.445671" lon="15.566428">
        <ele>240.164492</ele>
        <time>2026-05-10T09:46:38.999Z</time>
      </trkpt>
      <trkpt lat="48.445588" lon="15.566592">
        <ele>239.408602</ele>
        <time>2026-05-10T09:46:41.999Z</time>
      </trkpt>
      <trkpt lat="48.445533" lon="15.566726">
        <ele>238.831182</ele>
        <time>2026-05-10T09:46:43.999Z</time>
      </trkpt>
      <trkpt lat="48.445469" lon="15.566870">
        <ele>238.196025</ele>
        <time>2026-05-10T09:46:45.999Z</time>
      </trkpt>
      <trkpt lat="48.445412" lon="15.567027">
        <ele>237.540189</ele>
        <time>2026-05-10T09:46:47.999Z</time>
      </trkpt>
      <trkpt lat="48.445370" lon="15.567208">
        <ele>236.837531</ele>
        <time>2026-05-10T09:46:49.999Z</time>
      </trkpt>
      <trkpt lat="48.445331" lon="15.567391">
        <ele>236.483992</ele>
        <time>2026-05-10T09:46:51.999Z</time>
      </trkpt>
      <trkpt lat="48.445286" lon="15.567575">
        <ele>236.299583</ele>
        <time>2026-05-10T09:46:53.999Z</time>
      </trkpt>
      <trkpt lat="48.445230" lon="15.567750">
        <ele>236.116876</ele>
        <time>2026-05-10T09:46:55.999Z</time>
      </trkpt>
      <trkpt lat="48.445163" lon="15.567913">
        <ele>235.936557</ele>
        <time>2026-05-10T09:46:57.999Z</time>
      </trkpt>
      <trkpt lat="48.445085" lon="15.568069">
        <ele>235.752858</ele>
        <time>2026-05-10T09:46:59.999Z</time>
      </trkpt>
      <trkpt lat="48.445006" lon="15.568224">
        <ele>235.569048</ele>
        <time>2026-05-10T09:47:01.999Z</time>
      </trkpt>
      <trkpt lat="48.444921" lon="15.568370">
        <ele>235.386379</ele>
        <time>2026-05-10T09:47:03.999Z</time>
      </trkpt>
      <trkpt lat="48.444829" lon="15.568505">
        <ele>235.204376</ele>
        <time>2026-05-10T09:47:05.999Z</time>
      </trkpt>
      <trkpt lat="48.444743" lon="15.568644">
        <ele>235.025637</ele>
        <time>2026-05-10T09:47:07.999Z</time>
      </trkpt>
      <trkpt lat="48.444654" lon="15.568779">
        <ele>234.846657</ele>
        <time>2026-05-10T09:47:09.999Z</time>
      </trkpt>
      <trkpt lat="48.444562" lon="15.568899">
        <ele>234.674197</ele>
        <time>2026-05-10T09:47:11.999Z</time>
      </trkpt>
      <trkpt lat="48.444470" lon="15.569025">
        <ele>234.497993</ele>
        <time>2026-05-10T09:47:13.999Z</time>
      </trkpt>
      <trkpt lat="48.444378" lon="15.569144">
        <ele>234.326146</ele>
        <time>2026-05-10T09:47:15.999Z</time>
      </trkpt>
      <trkpt lat="48.444276" lon="15.569251">
        <ele>234.149987</ele>
        <time>2026-05-10T09:47:17.999Z</time>
      </trkpt>
      <trkpt lat="48.444175" lon="15.569346">
        <ele>234.043592</ele>
        <time>2026-05-10T09:47:19.998Z</time>
      </trkpt>
      <trkpt lat="48.444071" lon="15.569443">
        <ele>234.016128</ele>
        <time>2026-05-10T09:47:21.998Z</time>
      </trkpt>
      <trkpt lat="48.443959" lon="15.569505">
        <ele>233.989334</ele>
        <time>2026-05-10T09:47:23.998Z</time>
      </trkpt>
      <trkpt lat="48.443864" lon="15.569586">
        <ele>233.964823</ele>
        <time>2026-05-10T09:47:25.998Z</time>
      </trkpt>
      <trkpt lat="48.443759" lon="15.569667">
        <ele>233.938335</ele>
        <time>2026-05-10T09:47:27.998Z</time>
      </trkpt>
      <trkpt lat="48.443656" lon="15.569731">
        <ele>233.913316</ele>
        <time>2026-05-10T09:47:29.998Z</time>
      </trkpt>
      <trkpt lat="48.443552" lon="15.569787">
        <ele>233.888516</ele>
        <time>2026-05-10T09:47:31.998Z</time>
      </trkpt>
      <trkpt lat="48.443454" lon="15.569862">
        <ele>233.863834</ele>
        <time>2026-05-10T09:47:33.998Z</time>
      </trkpt>
      <trkpt lat="48.443361" lon="15.569956">
        <ele>233.838689</ele>
        <time>2026-05-10T09:47:35.998Z</time>
      </trkpt>
      <trkpt lat="48.443273" lon="15.570052">
        <ele>233.814294</ele>
        <time>2026-05-10T09:47:37.998Z</time>
      </trkpt>
      <trkpt lat="48.443171" lon="15.570127">
        <ele>233.788808</ele>
        <time>2026-05-10T09:47:39.998Z</time>
      </trkpt>
      <trkpt lat="48.443077" lon="15.570219">
        <ele>233.763640</ele>
        <time>2026-05-10T09:47:41.998Z</time>
      </trkpt>
      <trkpt lat="48.442986" lon="15.570324">
        <ele>233.737904</ele>
        <time>2026-05-10T09:47:43.998Z</time>
      </trkpt>
      <trkpt lat="48.442906" lon="15.570440">
        <ele>233.712976</ele>
        <time>2026-05-10T09:47:45.998Z</time>
      </trkpt>
      <trkpt lat="48.442826" lon="15.570555">
        <ele>233.688152</ele>
        <time>2026-05-10T09:47:47.998Z</time>
      </trkpt>
      <trkpt lat="48.442752" lon="15.570681">
        <ele>233.663082</ele>
        <time>2026-05-10T09:47:49.998Z</time>
      </trkpt>
      <trkpt lat="48.442680" lon="15.570804">
        <ele>233.609656</ele>
        <time>2026-05-10T09:47:51.998Z</time>
      </trkpt>
      <trkpt lat="48.442611" lon="15.570928">
        <ele>233.530784</ele>
        <time>2026-05-10T09:47:53.998Z</time>
      </trkpt>
      <trkpt lat="48.442538" lon="15.571055">
        <ele>233.448893</ele>
        <time>2026-05-10T09:47:55.998Z</time>
      </trkpt>
      <trkpt lat="48.442463" lon="15.571182">
        <ele>233.366032</ele>
        <time>2026-05-10T09:47:57.998Z</time>
      </trkpt>
      <trkpt lat="48.442384" lon="15.571317">
        <ele>233.278304</ele>
        <time>2026-05-10T09:47:59.998Z</time>
      </trkpt>
      <trkpt lat="48.442305" lon="15.571443">
        <ele>233.193815</ele>
        <time>2026-05-10T09:48:01.998Z</time>
      </trkpt>
      <trkpt lat="48.442226" lon="15.571575">
        <ele>233.107178</ele>
        <time>2026-05-10T09:48:03.998Z</time>
      </trkpt>
      <trkpt lat="48.442147" lon="15.571696">
        <ele>233.024443</ele>
        <time>2026-05-10T09:48:05.998Z</time>
      </trkpt>
      <trkpt lat="48.442065" lon="15.571813">
        <ele>232.941500</ele>
        <time>2026-05-10T09:48:07.998Z</time>
      </trkpt>
      <trkpt lat="48.441982" lon="15.571930">
        <ele>232.858021</ele>
        <time>2026-05-10T09:48:09.998Z</time>
      </trkpt>
      <trkpt lat="48.441905" lon="15.572043">
        <ele>232.779077</ele>
        <time>2026-05-10T09:48:11.998Z</time>
      </trkpt>
      <trkpt lat="48.441827" lon="15.572158">
        <ele>232.698927</ele>
        <time>2026-05-10T09:48:13.999Z</time>
      </trkpt>
      <trkpt lat="48.441751" lon="15.572286">
        <ele>232.615212</ele>
        <time>2026-05-10T09:48:15.999Z</time>
      </trkpt>
      <trkpt lat="48.441677" lon="15.572413">
        <ele>232.532837</ele>
        <time>2026-05-10T09:48:17.999Z</time>
      </trkpt>
      <trkpt lat="48.441603" lon="15.572545">
        <ele>232.448616</ele>
        <time>2026-05-10T09:48:19.999Z</time>
      </trkpt>
      <trkpt lat="48.441537" lon="15.572677">
        <ele>232.368063</ele>
        <time>2026-05-10T09:48:21.999Z</time>
      </trkpt>
      <trkpt lat="48.441471" lon="15.572816">
        <ele>232.306484</ele>
        <time>2026-05-10T09:48:23.999Z</time>
      </trkpt>
      <trkpt lat="48.441400" lon="15.572956">
        <ele>232.261755</ele>
        <time>2026-05-10T09:48:25.999Z</time>
      </trkpt>
      <trkpt lat="48.441334" lon="15.573090">
        <ele>232.219394</ele>
        <time>2026-05-10T09:48:27.999Z</time>
      </trkpt>
      <trkpt lat="48.441266" lon="15.573226">
        <ele>232.176168</ele>
        <time>2026-05-10T09:48:29.999Z</time>
      </trkpt>
      <trkpt lat="48.441195" lon="15.573362">
        <ele>232.132242</ele>
        <time>2026-05-10T09:48:31.999Z</time>
      </trkpt>
      <trkpt lat="48.441126" lon="15.573493">
        <ele>232.089785</ele>
        <time>2026-05-10T09:48:33.999Z</time>
      </trkpt>
      <trkpt lat="48.441051" lon="15.573622">
        <ele>232.046248</ele>
        <time>2026-05-10T09:48:35.999Z</time>
      </trkpt>
      <trkpt lat="48.440978" lon="15.573750">
        <ele>232.003403</ele>
        <time>2026-05-10T09:48:37.999Z</time>
      </trkpt>
      <trkpt lat="48.440907" lon="15.573879">
        <ele>231.960859</ele>
        <time>2026-05-10T09:48:39.999Z</time>
      </trkpt>
      <trkpt lat="48.440834" lon="15.573996">
        <ele>231.920091</ele>
        <time>2026-05-10T09:48:41.999Z</time>
      </trkpt>
      <trkpt lat="48.440753" lon="15.574096">
        <ele>231.880032</ele>
        <time>2026-05-10T09:48:43.999Z</time>
      </trkpt>
      <trkpt lat="48.440672" lon="15.574210">
        <ele>231.837633</ele>
        <time>2026-05-10T09:48:45.999Z</time>
      </trkpt>
      <trkpt lat="48.440575" lon="15.574307">
        <ele>231.793095</ele>
        <time>2026-05-10T09:48:47.999Z</time>
      </trkpt>
      <trkpt lat="48.440468" lon="15.574396">
        <ele>231.746337</ele>
        <time>2026-05-10T09:48:49.999Z</time>
      </trkpt>
      <trkpt lat="48.440367" lon="15.574483">
        <ele>231.701829</ele>
        <time>2026-05-10T09:48:51.999Z</time>
      </trkpt>
      <trkpt lat="48.440260" lon="15.574563">
        <ele>231.656131</ele>
        <time>2026-05-10T09:48:53.999Z</time>
      </trkpt>
      <trkpt lat="48.440162" lon="15.574632">
        <ele>231.638081</ele>
        <time>2026-05-10T09:48:55.999Z</time>
      </trkpt>
      <trkpt lat="48.440073" lon="15.574721">
        <ele>231.632309</ele>
        <time>2026-05-10T09:48:57.999Z</time>
      </trkpt>
      <trkpt lat="48.440002" lon="15.574840">
        <ele>231.626571</ele>
        <time>2026-05-10T09:48:59.999Z</time>
      </trkpt>
      <trkpt lat="48.439927" lon="15.574952">
        <ele>231.620866</ele>
        <time>2026-05-10T09:49:01.999Z</time>
      </trkpt>
      <trkpt lat="48.439842" lon="15.575061">
        <ele>231.614835</ele>
        <time>2026-05-10T09:49:03.999Z</time>
      </trkpt>
      <trkpt lat="48.439743" lon="15.575151">
        <ele>231.608587</ele>
        <time>2026-05-10T09:49:05.999Z</time>
      </trkpt>
      <trkpt lat="48.439633" lon="15.575213">
        <ele>231.602241</ele>
        <time>2026-05-10T09:49:07.999Z</time>
      </trkpt>
      <trkpt lat="48.439525" lon="15.575278">
        <ele>231.595956</ele>
        <time>2026-05-10T09:49:09.999Z</time>
      </trkpt>
      <trkpt lat="48.439420" lon="15.575348">
        <ele>231.589752</ele>
        <time>2026-05-10T09:49:11.999Z</time>
      </trkpt>
      <trkpt lat="48.439309" lon="15.575401">
        <ele>231.583460</ele>
        <time>2026-05-10T09:49:13.999Z</time>
      </trkpt>
      <trkpt lat="48.439202" lon="15.575453">
        <ele>231.577384</ele>
        <time>2026-05-10T09:49:15.999Z</time>
      </trkpt>
      <trkpt lat="48.439089" lon="15.575503">
        <ele>231.571020</ele>
        <time>2026-05-10T09:49:17.999Z</time>
      </trkpt>
      <trkpt lat="48.438979" lon="15.575549">
        <ele>231.564851</ele>
        <time>2026-05-10T09:49:19.999Z</time>
      </trkpt>
      <trkpt lat="48.438868" lon="15.575628">
        <ele>231.558217</ele>
        <time>2026-05-10T09:49:21.998Z</time>
      </trkpt>
      <trkpt lat="48.438762" lon="15.575713">
        <ele>231.551728</ele>
        <time>2026-05-10T09:49:23.998Z</time>
      </trkpt>
      <trkpt lat="48.438666" lon="15.575820">
        <ele>231.545276</ele>
        <time>2026-05-10T09:49:25.998Z</time>
      </trkpt>
      <trkpt lat="48.438573" lon="15.575928">
        <ele>231.476247</ele>
        <time>2026-05-10T09:49:27.998Z</time>
      </trkpt>
      <trkpt lat="48.438496" lon="15.576066">
        <ele>231.399744</ele>
        <time>2026-05-10T09:49:29.998Z</time>
      </trkpt>
      <trkpt lat="48.438428" lon="15.576211">
        <ele>231.324408</ele>
        <time>2026-05-10T09:49:31.998Z</time>
      </trkpt>
      <trkpt lat="48.438373" lon="15.576369">
        <ele>231.248708</ele>
        <time>2026-05-10T09:49:33.998Z</time>
      </trkpt>
      <trkpt lat="48.438324" lon="15.576541">
        <ele>231.169291</ele>
        <time>2026-05-10T09:49:35.998Z</time>
      </trkpt>
      <trkpt lat="48.438283" lon="15.576721">
        <ele>231.088548</ele>
        <time>2026-05-10T09:49:37.998Z</time>
      </trkpt>
      <trkpt lat="48.438235" lon="15.576908">
        <ele>231.003479</ele>
        <time>2026-05-10T09:49:39.998Z</time>
      </trkpt>
      <trkpt lat="48.438202" lon="15.577085">
        <ele>230.925476</ele>
        <time>2026-05-10T09:49:41.998Z</time>
      </trkpt>
      <trkpt lat="48.438154" lon="15.577260">
        <ele>230.845134</ele>
        <time>2026-05-10T09:49:43.998Z</time>
      </trkpt>
      <trkpt lat="48.438129" lon="15.577444">
        <ele>230.765449</ele>
        <time>2026-05-10T09:49:45.998Z</time>
      </trkpt>
      <trkpt lat="48.438098" lon="15.577630">
        <ele>230.684084</ele>
        <time>2026-05-10T09:49:47.998Z</time>
      </trkpt>
      <trkpt lat="48.438067" lon="15.577812">
        <ele>230.604363</ele>
        <time>2026-05-10T09:49:49.998Z</time>
      </trkpt>
      <trkpt lat="48.438044" lon="15.578002">
        <ele>230.522422</ele>
        <time>2026-05-10T09:49:51.998Z</time>
      </trkpt>
      <trkpt lat="48.438025" lon="15.578188">
        <ele>230.442579</ele>
        <time>2026-05-10T09:49:53.998Z</time>
      </trkpt>
      <trkpt lat="48.438009" lon="15.578366">
        <ele>230.363762</ele>
        <time>2026-05-10T09:49:55.998Z</time>
      </trkpt>
      <trkpt lat="48.437991" lon="15.578544">
        <ele>230.280283</ele>
        <time>2026-05-10T09:49:57.998Z</time>
      </trkpt>
      <trkpt lat="48.437975" lon="15.578727">
        <ele>230.194706</ele>
        <time>2026-05-10T09:49:59.998Z</time>
      </trkpt>
      <trkpt lat="48.437963" lon="15.578909">
        <ele>230.109910</ele>
        <time>2026-05-10T09:50:01.998Z</time>
      </trkpt>
      <trkpt lat="48.437944" lon="15.579089">
        <ele>230.025408</ele>
        <time>2026-05-10T09:50:03.998Z</time>
      </trkpt>
      <trkpt lat="48.437925" lon="15.579265">
        <ele>229.942737</ele>
        <time>2026-05-10T09:50:05.998Z</time>
      </trkpt>
      <trkpt lat="48.437907" lon="15.579441">
        <ele>229.860174</ele>
        <time>2026-05-10T09:50:07.998Z</time>
      </trkpt>
      <trkpt lat="48.437884" lon="15.579609">
        <ele>229.780644</ele>
        <time>2026-05-10T09:50:09.998Z</time>
      </trkpt>
      <trkpt lat="48.437857" lon="15.579781">
        <ele>229.698698</ele>
        <time>2026-05-10T09:50:11.998Z</time>
      </trkpt>
      <trkpt lat="48.437820" lon="15.579948">
        <ele>229.617069</ele>
        <time>2026-05-10T09:50:13.998Z</time>
      </trkpt>
      <trkpt lat="48.437779" lon="15.580101">
        <ele>229.540566</ele>
        <time>2026-05-10T09:50:15.998Z</time>
      </trkpt>
      <trkpt lat="48.437730" lon="15.580248">
        <ele>229.464294</ele>
        <time>2026-05-10T09:50:17.998Z</time>
      </trkpt>
      <trkpt lat="48.437675" lon="15.580396">
        <ele>229.385646</ele>
        <time>2026-05-10T09:50:19.999Z</time>
      </trkpt>
      <trkpt lat="48.437609" lon="15.580537">
        <ele>229.305641</ele>
        <time>2026-05-10T09:50:21.999Z</time>
      </trkpt>
      <trkpt lat="48.437539" lon="15.580675">
        <ele>229.225102</ele>
        <time>2026-05-10T09:50:23.999Z</time>
      </trkpt>
      <trkpt lat="48.437469" lon="15.580800">
        <ele>229.149262</ele>
        <time>2026-05-10T09:50:25.999Z</time>
      </trkpt>
      <trkpt lat="48.437390" lon="15.580915">
        <ele>229.175267</ele>
        <time>2026-05-10T09:50:27.999Z</time>
      </trkpt>
      <trkpt lat="48.437322" lon="15.581034">
        <ele>229.217527</ele>
        <time>2026-05-10T09:50:29.999Z</time>
      </trkpt>
      <trkpt lat="48.437254" lon="15.581163">
        <ele>229.261860</ele>
        <time>2026-05-10T09:50:31.999Z</time>
      </trkpt>
      <trkpt lat="48.437190" lon="15.581285">
        <ele>229.303709</ele>
        <time>2026-05-10T09:50:33.999Z</time>
      </trkpt>
      <trkpt lat="48.437120" lon="15.581402">
        <ele>229.346102</ele>
        <time>2026-05-10T09:50:35.999Z</time>
      </trkpt>
      <trkpt lat="48.437056" lon="15.581522">
        <ele>229.387530</ele>
        <time>2026-05-10T09:50:37.999Z</time>
      </trkpt>
      <trkpt lat="48.436992" lon="15.581635">
        <ele>229.427508</ele>
        <time>2026-05-10T09:50:39.999Z</time>
      </trkpt>
      <trkpt lat="48.436924" lon="15.581748">
        <ele>229.468558</ele>
        <time>2026-05-10T09:50:41.999Z</time>
      </trkpt>
      <trkpt lat="48.436855" lon="15.581876">
        <ele>229.512936</ele>
        <time>2026-05-10T09:50:43.999Z</time>
      </trkpt>
      <trkpt lat="48.436780" lon="15.582006">
        <ele>229.559291</ele>
        <time>2026-05-10T09:50:45.999Z</time>
      </trkpt>
      <trkpt lat="48.436701" lon="15.582121">
        <ele>229.603835</ele>
        <time>2026-05-10T09:50:47.999Z</time>
      </trkpt>
      <trkpt lat="48.436632" lon="15.582238">
        <ele>229.645957</ele>
        <time>2026-05-10T09:50:49.999Z</time>
      </trkpt>
      <trkpt lat="48.436564" lon="15.582360">
        <ele>229.688831</ele>
        <time>2026-05-10T09:50:51.999Z</time>
      </trkpt>
      <trkpt lat="48.436497" lon="15.582482">
        <ele>229.731446</ele>
        <time>2026-05-10T09:50:53.999Z</time>
      </trkpt>
      <trkpt lat="48.436432" lon="15.582605">
        <ele>229.773759</ele>
        <time>2026-05-10T09:50:55.999Z</time>
      </trkpt>
      <trkpt lat="48.436372" lon="15.582728">
        <ele>229.814839</ele>
        <time>2026-05-10T09:50:57.999Z</time>
      </trkpt>
      <trkpt lat="48.436315" lon="15.582858">
        <ele>229.856768</ele>
        <time>2026-05-10T09:50:59.999Z</time>
      </trkpt>
      <trkpt lat="48.436259" lon="15.582983">
        <ele>229.930517</ele>
        <time>2026-05-10T09:51:01.999Z</time>
      </trkpt>
      <trkpt lat="48.436199" lon="15.583101">
        <ele>230.014252</ele>
        <time>2026-05-10T09:51:03.999Z</time>
      </trkpt>
      <trkpt lat="48.436136" lon="15.583220">
        <ele>230.099999</ele>
        <time>2026-05-10T09:51:05.999Z</time>
      </trkpt>
      <trkpt lat="48.436052" lon="15.583384">
        <ele>230.216692</ele>
        <time>2026-05-10T09:51:08.999Z</time>
      </trkpt>
      <trkpt lat="48.435994" lon="15.583501">
        <ele>230.298953</ele>
        <time>2026-05-10T09:51:10.999Z</time>
      </trkpt>
      <trkpt lat="48.435927" lon="15.583663">
        <ele>230.406472</ele>
        <time>2026-05-10T09:51:13.999Z</time>
      </trkpt>
      <trkpt lat="48.435880" lon="15.583782">
        <ele>230.484473</ele>
        <time>2026-05-10T09:51:15.999Z</time>
      </trkpt>
      <trkpt lat="48.435824" lon="15.583952">
        <ele>230.591375</ele>
        <time>2026-05-10T09:51:18.999Z</time>
      </trkpt>
      <trkpt lat="48.435764" lon="15.584119">
        <ele>230.698340</ele>
        <time>2026-05-10T09:51:21.998Z</time>
      </trkpt>
      <trkpt lat="48.435716" lon="15.584284">
        <ele>230.799814</ele>
        <time>2026-05-10T09:51:24.998Z</time>
      </trkpt>
      <trkpt lat="48.435670" lon="15.584438">
        <ele>230.894937</ele>
        <time>2026-05-10T09:51:27.998Z</time>
      </trkpt>
      <trkpt lat="48.435620" lon="15.584598">
        <ele>230.994551</ele>
        <time>2026-05-10T09:51:30.998Z</time>
      </trkpt>
      <trkpt lat="48.435566" lon="15.584762">
        <ele>231.097671</ele>
        <time>2026-05-10T09:51:33.998Z</time>
      </trkpt>
      <trkpt lat="48.435509" lon="15.584913">
        <ele>231.195521</ele>
        <time>2026-05-10T09:51:36.998Z</time>
      </trkpt>
      <trkpt lat="48.435440" lon="15.585061">
        <ele>231.297402</ele>
        <time>2026-05-10T09:51:39.998Z</time>
      </trkpt>
      <trkpt lat="48.435375" lon="15.585207">
        <ele>231.387275</ele>
        <time>2026-05-10T09:51:42.998Z</time>
      </trkpt>
      <trkpt lat="48.435330" lon="15.585374">
        <ele>231.116365</ele>
        <time>2026-05-10T09:51:45.998Z</time>
      </trkpt>
      <trkpt lat="48.435275" lon="15.585549">
        <ele>230.825324</ele>
        <time>2026-05-10T09:51:48.998Z</time>
      </trkpt>
      <trkpt lat="48.435254" lon="15.585683">
        <ele>230.618382</ele>
        <time>2026-05-10T09:51:50.998Z</time>
      </trkpt>
      <trkpt lat="48.435225" lon="15.585828">
        <ele>230.390762</ele>
        <time>2026-05-10T09:51:52.998Z</time>
      </trkpt>
      <trkpt lat="48.435184" lon="15.585968">
        <ele>230.160756</ele>
        <time>2026-05-10T09:51:54.998Z</time>
      </trkpt>
      <trkpt lat="48.435140" lon="15.586113">
        <ele>229.921110</ele>
        <time>2026-05-10T09:51:56.998Z</time>
      </trkpt>
      <trkpt lat="48.435084" lon="15.586252">
        <ele>229.676694</ele>
        <time>2026-05-10T09:51:58.998Z</time>
      </trkpt>
      <trkpt lat="48.435028" lon="15.586388">
        <ele>229.436120</ele>
        <time>2026-05-10T09:52:00.998Z</time>
      </trkpt>
      <trkpt lat="48.434955" lon="15.586519">
        <ele>229.178994</ele>
        <time>2026-05-10T09:52:02.998Z</time>
      </trkpt>
      <trkpt lat="48.434879" lon="15.586649">
        <ele>228.918574</ele>
        <time>2026-05-10T09:52:04.998Z</time>
      </trkpt>
      <trkpt lat="48.434797" lon="15.586783">
        <ele>228.644586</ele>
        <time>2026-05-10T09:52:06.998Z</time>
      </trkpt>
      <trkpt lat="48.434704" lon="15.586900">
        <ele>228.370161</ele>
        <time>2026-05-10T09:52:08.998Z</time>
      </trkpt>
      <trkpt lat="48.434607" lon="15.587016">
        <ele>228.089656</ele>
        <time>2026-05-10T09:52:10.998Z</time>
      </trkpt>
      <trkpt lat="48.434506" lon="15.587131">
        <ele>227.802906</ele>
        <time>2026-05-10T09:52:12.998Z</time>
      </trkpt>
      <trkpt lat="48.434405" lon="15.587251">
        <ele>227.511564</ele>
        <time>2026-05-10T09:52:14.998Z</time>
      </trkpt>
      <trkpt lat="48.434305" lon="15.587367">
        <ele>227.252825</ele>
        <time>2026-05-10T09:52:16.998Z</time>
      </trkpt>
      <trkpt lat="48.434203" lon="15.587477">
        <ele>227.050973</ele>
        <time>2026-05-10T09:52:18.998Z</time>
      </trkpt>
      <trkpt lat="48.434091" lon="15.587571">
        <ele>226.844658</ele>
        <time>2026-05-10T09:52:20.998Z</time>
      </trkpt>
      <trkpt lat="48.433966" lon="15.587654">
        <ele>226.624826</ele>
        <time>2026-05-10T09:52:22.998Z</time>
      </trkpt>
      <trkpt lat="48.433837" lon="15.587725">
        <ele>226.403804</ele>
        <time>2026-05-10T09:52:24.999Z</time>
      </trkpt>
      <trkpt lat="48.433701" lon="15.587775">
        <ele>226.178509</ele>
        <time>2026-05-10T09:52:26.999Z</time>
      </trkpt>
      <trkpt lat="48.433565" lon="15.587811">
        <ele>225.956281</ele>
        <time>2026-05-10T09:52:28.999Z</time>
      </trkpt>
      <trkpt lat="48.433425" lon="15.587825">
        <ele>225.730470</ele>
        <time>2026-05-10T09:52:30.999Z</time>
      </trkpt>
      <trkpt lat="48.433288" lon="15.587839">
        <ele>225.509476</ele>
        <time>2026-05-10T09:52:32.999Z</time>
      </trkpt>
      <trkpt lat="48.433150" lon="15.587844">
        <ele>225.287315</ele>
        <time>2026-05-10T09:52:34.999Z</time>
      </trkpt>
      <trkpt lat="48.433012" lon="15.587859">
        <ele>225.064642</ele>
        <time>2026-05-10T09:52:36.999Z</time>
      </trkpt>
      <trkpt lat="48.432880" lon="15.587899">
        <ele>224.847950</ele>
        <time>2026-05-10T09:52:38.999Z</time>
      </trkpt>
      <trkpt lat="48.432749" lon="15.587960">
        <ele>224.627286</ele>
        <time>2026-05-10T09:52:40.999Z</time>
      </trkpt>
      <trkpt lat="48.432626" lon="15.588034">
        <ele>224.426317</ele>
        <time>2026-05-10T09:52:42.999Z</time>
      </trkpt>
      <trkpt lat="48.432506" lon="15.588102">
        <ele>224.459332</ele>
        <time>2026-05-10T09:52:44.999Z</time>
      </trkpt>
      <trkpt lat="48.432392" lon="15.588160">
        <ele>224.490318</ele>
        <time>2026-05-10T09:52:46.999Z</time>
      </trkpt>
      <trkpt lat="48.432275" lon="15.588229">
        <ele>224.522673</ele>
        <time>2026-05-10T09:52:48.999Z</time>
      </trkpt>
      <trkpt lat="48.432165" lon="15.588253">
        <ele>224.551296</ele>
        <time>2026-05-10T09:52:50.999Z</time>
      </trkpt>
      <trkpt lat="48.432055" lon="15.588254">
        <ele>224.579625</ele>
        <time>2026-05-10T09:52:52.999Z</time>
      </trkpt>
      <trkpt lat="48.431962" lon="15.588207">
        <ele>224.604886</ele>
        <time>2026-05-10T09:52:54.999Z</time>
      </trkpt>
      <trkpt lat="48.431880" lon="15.588143">
        <ele>224.628667</ele>
        <time>2026-05-10T09:52:56.999Z</time>
      </trkpt>
      <trkpt lat="48.431771" lon="15.588026">
        <ele>224.663129</ele>
        <time>2026-05-10T09:52:59.999Z</time>
      </trkpt>
      <trkpt lat="48.431663" lon="15.587901">
        <ele>224.698197</ele>
        <time>2026-05-10T09:53:02.999Z</time>
      </trkpt>
      <trkpt lat="48.431588" lon="15.587812">
        <ele>224.722780</ele>
        <time>2026-05-10T09:53:04.999Z</time>
      </trkpt>
      <trkpt lat="48.431498" lon="15.587740">
        <ele>224.749020</ele>
        <time>2026-05-10T09:53:06.999Z</time>
      </trkpt>
      <trkpt lat="48.431402" lon="15.587696">
        <ele>224.774861</ele>
        <time>2026-05-10T09:53:08.999Z</time>
      </trkpt>
      <trkpt lat="48.431301" lon="15.587666">
        <ele>224.801371</ele>
        <time>2026-05-10T09:53:10.999Z</time>
      </trkpt>
      <trkpt lat="48.431197" lon="15.587679">
        <ele>224.828246</ele>
        <time>2026-05-10T09:53:12.999Z</time>
      </trkpt>
      <trkpt lat="48.431092" lon="15.587733">
        <ele>224.856818</ele>
        <time>2026-05-10T09:53:14.999Z</time>
      </trkpt>
      <trkpt lat="48.430983" lon="15.587795">
        <ele>224.886821</ele>
        <time>2026-05-10T09:53:16.999Z</time>
      </trkpt>
      <trkpt lat="48.430872" lon="15.587859">
        <ele>224.843579</ele>
        <time>2026-05-10T09:53:18.999Z</time>
      </trkpt>
      <trkpt lat="48.430758" lon="15.587937">
        <ele>224.795353</ele>
        <time>2026-05-10T09:53:20.999Z</time>
      </trkpt>
      <trkpt lat="48.430645" lon="15.587993">
        <ele>224.749533</ele>
        <time>2026-05-10T09:53:22.999Z</time>
      </trkpt>
      <trkpt lat="48.430529" lon="15.588072">
        <ele>224.700500</ele>
        <time>2026-05-10T09:53:24.999Z</time>
      </trkpt>
      <trkpt lat="48.430411" lon="15.588159">
        <ele>224.649899</ele>
        <time>2026-05-10T09:53:26.999Z</time>
      </trkpt>
      <trkpt lat="48.430296" lon="15.588248">
        <ele>224.600102</ele>
        <time>2026-05-10T09:53:28.999Z</time>
      </trkpt>
      <trkpt lat="48.430181" lon="15.588349">
        <ele>224.548831</ele>
        <time>2026-05-10T09:53:30.999Z</time>
      </trkpt>
      <trkpt lat="48.430071" lon="15.588455">
        <ele>224.498538</ele>
        <time>2026-05-10T09:53:32.999Z</time>
      </trkpt>
      <trkpt lat="48.429968" lon="15.588563">
        <ele>224.450205</ele>
        <time>2026-05-10T09:53:34.998Z</time>
      </trkpt>
      <trkpt lat="48.429867" lon="15.588683">
        <ele>224.400664</ele>
        <time>2026-05-10T09:53:36.998Z</time>
      </trkpt>
      <trkpt lat="48.429782" lon="15.588827">
        <ele>224.351403</ele>
        <time>2026-05-10T09:53:38.998Z</time>
      </trkpt>
      <trkpt lat="48.429701" lon="15.588974">
        <ele>224.302565</ele>
        <time>2026-05-10T09:53:40.998Z</time>
      </trkpt>
      <trkpt lat="48.429635" lon="15.589139">
        <ele>224.253322</ele>
        <time>2026-05-10T09:53:42.998Z</time>
      </trkpt>
      <trkpt lat="48.429593" lon="15.589310">
        <ele>224.206717</ele>
        <time>2026-05-10T09:53:44.998Z</time>
      </trkpt>
      <trkpt lat="48.429570" lon="15.589501">
        <ele>224.240130</ele>
        <time>2026-05-10T09:53:46.998Z</time>
      </trkpt>
      <trkpt lat="48.429552" lon="15.589681">
        <ele>224.295519</ele>
        <time>2026-05-10T09:53:48.998Z</time>
      </trkpt>
      <trkpt lat="48.429526" lon="15.589855">
        <ele>224.349790</ele>
        <time>2026-05-10T09:53:50.998Z</time>
      </trkpt>
      <trkpt lat="48.429476" lon="15.590037">
        <ele>224.409729</ele>
        <time>2026-05-10T09:53:52.998Z</time>
      </trkpt>
      <trkpt lat="48.429398" lon="15.590194">
        <ele>224.469408</ele>
        <time>2026-05-10T09:53:54.998Z</time>
      </trkpt>
      <trkpt lat="48.429297" lon="15.590323">
        <ele>224.530120</ele>
        <time>2026-05-10T09:53:56.998Z</time>
      </trkpt>
      <trkpt lat="48.429179" lon="15.590406">
        <ele>224.589836</ele>
        <time>2026-05-10T09:53:58.998Z</time>
      </trkpt>
      <trkpt lat="48.429056" lon="15.590432">
        <ele>224.646793</ele>
        <time>2026-05-10T09:54:00.998Z</time>
      </trkpt>
      <trkpt lat="48.428938" lon="15.590397">
        <ele>224.701943</ele>
        <time>2026-05-10T09:54:02.998Z</time>
      </trkpt>
      <trkpt lat="48.428832" lon="15.590354">
        <ele>224.752282</ele>
        <time>2026-05-10T09:54:04.998Z</time>
      </trkpt>
      <trkpt lat="48.428720" lon="15.590291">
        <ele>224.807103</ele>
        <time>2026-05-10T09:54:06.998Z</time>
      </trkpt>
      <trkpt lat="48.428593" lon="15.590191">
        <ele>224.872812</ele>
        <time>2026-05-10T09:54:09.998Z</time>
      </trkpt>
      <trkpt lat="48.428503" lon="15.590118">
        <ele>224.919682</ele>
        <time>2026-05-10T09:54:11.998Z</time>
      </trkpt>
      <trkpt lat="48.428410" lon="15.590066">
        <ele>224.965170</ele>
        <time>2026-05-10T09:54:13.998Z</time>
      </trkpt>
      <trkpt lat="48.428322" lon="15.589979">
        <ele>225.013434</ele>
        <time>2026-05-10T09:54:15.998Z</time>
      </trkpt>
      <trkpt lat="48.428217" lon="15.589897">
        <ele>224.933529</ele>
        <time>2026-05-10T09:54:17.998Z</time>
      </trkpt>
      <trkpt lat="48.428123" lon="15.589797">
        <ele>224.838372</ele>
        <time>2026-05-10T09:54:19.998Z</time>
      </trkpt>
      <trkpt lat="48.428021" lon="15.589691">
        <ele>224.735904</ele>
        <time>2026-05-10T09:54:21.998Z</time>
      </trkpt>
      <trkpt lat="48.427926" lon="15.589563">
        <ele>224.630515</ele>
        <time>2026-05-10T09:54:23.998Z</time>
      </trkpt>
      <trkpt lat="48.427820" lon="15.589450">
        <ele>224.523135</ele>
        <time>2026-05-10T09:54:25.998Z</time>
      </trkpt>
      <trkpt lat="48.427712" lon="15.589353">
        <ele>224.419158</ele>
        <time>2026-05-10T09:54:27.998Z</time>
      </trkpt>
      <trkpt lat="48.427622" lon="15.589273">
        <ele>224.332744</ele>
        <time>2026-05-10T09:54:29.998Z</time>
      </trkpt>
      <trkpt lat="48.427539" lon="15.589191">
        <ele>224.250666</ele>
        <time>2026-05-10T09:54:31.999Z</time>
      </trkpt>
      <trkpt lat="48.427445" lon="15.589086">
        <ele>224.153899</ele>
        <time>2026-05-10T09:54:34.999Z</time>
      </trkpt>
      <trkpt lat="48.427356" lon="15.589255">
        <ele>224.035497</ele>
        <time>2026-05-10T09:54:35.999Z</time>
      </trkpt>
      <trkpt lat="48.427273" lon="15.589351">
        <ele>223.948968</ele>
        <time>2026-05-10T09:54:37.999Z</time>
      </trkpt>
      <trkpt lat="48.427190" lon="15.589434">
        <ele>223.866588</ele>
        <time>2026-05-10T09:54:39.999Z</time>
      </trkpt>
      <trkpt lat="48.427115" lon="15.589511">
        <ele>223.791535</ele>
        <time>2026-05-10T09:54:41.999Z</time>
      </trkpt>
      <trkpt lat="48.427001" lon="15.589612">
        <ele>223.682169</ele>
        <time>2026-05-10T09:54:44.999Z</time>
      </trkpt>
      <trkpt lat="48.426900" lon="15.589629">
        <ele>223.598121</ele>
        <time>2026-05-10T09:54:47.999Z</time>
      </trkpt>
      <trkpt lat="48.426816" lon="15.589579">
        <ele>223.585361</ele>
        <time>2026-05-10T09:54:51.999Z</time>
      </trkpt>
      <trkpt lat="48.426715" lon="15.589563">
        <ele>224.087040</ele>
        <time>2026-05-10T09:54:55.999Z</time>
      </trkpt>
      <trkpt lat="48.426629" lon="15.589472">
        <ele>224.606140</ele>
        <time>2026-05-10T09:54:59.999Z</time>
      </trkpt>
      <trkpt lat="48.426545" lon="15.589414">
        <ele>225.062575</ele>
        <time>2026-05-10T09:55:02.999Z</time>
      </trkpt>
      <trkpt lat="48.426443" lon="15.589344">
        <ele>225.616233</ele>
        <time>2026-05-10T09:55:06.999Z</time>
      </trkpt>
      <trkpt lat="48.426332" lon="15.589265">
        <ele>226.222639</ele>
        <time>2026-05-10T09:55:10.999Z</time>
      </trkpt>
      <trkpt lat="48.426249" lon="15.589205">
        <ele>226.677385</ele>
        <time>2026-05-10T09:55:13.999Z</time>
      </trkpt>
      <trkpt lat="48.426164" lon="15.589140">
        <ele>227.148245</ele>
        <time>2026-05-10T09:55:16.999Z</time>
      </trkpt>
      <trkpt lat="48.426083" lon="15.589078">
        <ele>227.597034</ele>
        <time>2026-05-10T09:55:19.999Z</time>
      </trkpt>
      <trkpt lat="48.425987" lon="15.589004">
        <ele>228.129705</ele>
        <time>2026-05-10T09:55:23.999Z</time>
      </trkpt>
      <trkpt lat="48.425872" lon="15.588916">
        <ele>228.766839</ele>
        <time>2026-05-10T09:55:27.999Z</time>
      </trkpt>
      <trkpt lat="48.425766" lon="15.588849">
        <ele>229.334664</ele>
        <time>2026-05-10T09:55:30.999Z</time>
      </trkpt>
      <trkpt lat="48.425659" lon="15.588769">
        <ele>229.924714</ele>
        <time>2026-05-10T09:55:33.999Z</time>
      </trkpt>
      <trkpt lat="48.425559" lon="15.588693">
        <ele>230.477972</ele>
        <time>2026-05-10T09:55:36.999Z</time>
      </trkpt>
      <trkpt lat="48.425474" lon="15.588596">
        <ele>231.004676</ele>
        <time>2026-05-10T09:55:39.999Z</time>
      </trkpt>
      <trkpt lat="48.425386" lon="15.588491">
        <ele>231.559156</ele>
        <time>2026-05-10T09:55:42.998Z</time>
      </trkpt>
      <trkpt lat="48.425286" lon="15.588604">
        <ele>232.176603</ele>
        <time>2026-05-10T09:55:43.998Z</time>
      </trkpt>
      <trkpt lat="48.425187" lon="15.588549">
        <ele>232.305610</ele>
        <time>2026-05-10T09:55:48.998Z</time>
      </trkpt>
      <trkpt lat="48.425086" lon="15.588580">
        <ele>232.102539</ele>
        <time>2026-05-10T09:55:52.998Z</time>
      </trkpt>
      <trkpt lat="48.424998" lon="15.588529">
        <ele>231.916786</ele>
        <time>2026-05-10T09:55:56.998Z</time>
      </trkpt>
      <trkpt lat="48.424893" lon="15.588535">
        <ele>231.709772</ele>
        <time>2026-05-10T09:56:01.998Z</time>
      </trkpt>
      <trkpt lat="48.424796" lon="15.588521">
        <ele>231.517793</ele>
        <time>2026-05-10T09:56:06.998Z</time>
      </trkpt>
      <trkpt lat="48.424695" lon="15.588521">
        <ele>231.318808</ele>
        <time>2026-05-10T09:56:11.998Z</time>
      </trkpt>
      <trkpt lat="48.424594" lon="15.588510">
        <ele>231.119304</ele>
        <time>2026-05-10T09:56:16.998Z</time>
      </trkpt>
      <trkpt lat="48.424502" lon="15.588444">
        <ele>230.918559</ele>
        <time>2026-05-10T09:56:21.998Z</time>
      </trkpt>
      <trkpt lat="48.424396" lon="15.588439">
        <ele>230.709621</ele>
        <time>2026-05-10T09:56:27.998Z</time>
      </trkpt>
      <trkpt lat="48.424303" lon="15.588443">
        <ele>230.526322</ele>
        <time>2026-05-10T09:56:32.998Z</time>
      </trkpt>
      <trkpt lat="48.424607" lon="15.588495">
        <ele>229.923551</ele>
        <time>2026-05-10T09:58:17.998Z</time>
      </trkpt>
      <trkpt lat="48.424744" lon="15.588509">
        <ele>229.653020</ele>
        <time>2026-05-10T09:58:19.998Z</time>
      </trkpt>
      <trkpt lat="48.424892" lon="15.588523">
        <ele>229.360865</ele>
        <time>2026-05-10T09:58:21.998Z</time>
      </trkpt>
      <trkpt lat="48.425020" lon="15.588543">
        <ele>229.107333</ele>
        <time>2026-05-10T09:58:23.998Z</time>
      </trkpt>
      <trkpt lat="48.425306" lon="15.588357">
        <ele>228.115582</ele>
        <time>2026-05-10T09:58:24.998Z</time>
      </trkpt>
      <trkpt lat="48.425193" lon="15.588604">
        <ele>227.333345</ele>
        <time>2026-05-10T09:58:26.998Z</time>
      </trkpt>
      <trkpt lat="48.425284" lon="15.588621">
        <ele>226.973054</ele>
        <time>2026-05-10T09:58:28.998Z</time>
      </trkpt>
      <trkpt lat="48.425393" lon="15.588594">
        <ele>226.539029</ele>
        <time>2026-05-10T09:58:31.998Z</time>
      </trkpt>
      <trkpt lat="48.425379" lon="15.588424">
        <ele>226.092376</ele>
        <time>2026-05-10T09:58:37.998Z</time>
      </trkpt>
      <trkpt lat="48.425281" lon="15.588327">
        <ele>225.631686</ele>
        <time>2026-05-10T09:58:57.999Z</time>
      </trkpt>
      <trkpt lat="48.425146" lon="15.588316">
        <ele>225.100475</ele>
        <time>2026-05-10T09:59:01.999Z</time>
      </trkpt>
      <trkpt lat="48.425042" lon="15.588309">
        <ele>224.691435</ele>
        <time>2026-05-10T09:59:06.999Z</time>
      </trkpt>
      <trkpt lat="48.424950" lon="15.588288">
        <ele>224.325830</ele>
        <time>2026-05-10T09:59:10.999Z</time>
      </trkpt>
      <trkpt lat="48.424849" lon="15.588259">
        <ele>223.921845</ele>
        <time>2026-05-10T09:59:16.999Z</time>
      </trkpt>
      <trkpt lat="48.424763" lon="15.588215">
        <ele>223.564993</ele>
        <time>2026-05-10T09:59:23.999Z</time>
      </trkpt>
      <trkpt lat="48.424871" lon="15.588270">
        <ele>223.117067</ele>
        <time>2026-05-10T09:59:31.999Z</time>
      </trkpt>
      <trkpt lat="48.424973" lon="15.588261">
        <ele>222.715607</ele>
        <time>2026-05-10T09:59:35.999Z</time>
      </trkpt>
      <trkpt lat="48.425063" lon="15.588308">
        <ele>222.341351</ele>
        <time>2026-05-10T09:59:39.999Z</time>
      </trkpt>
      <trkpt lat="48.425168" lon="15.588322">
        <ele>221.927177</ele>
        <time>2026-05-10T09:59:43.999Z</time>
      </trkpt>
      <trkpt lat="48.425269" lon="15.588289">
        <ele>221.609431</ele>
        <time>2026-05-10T09:59:47.999Z</time>
      </trkpt>
      <trkpt lat="48.425232" lon="15.588106">
        <ele>221.264889</ele>
        <time>2026-05-10T09:59:48.999Z</time>
      </trkpt>
      <trkpt lat="48.425179" lon="15.587964">
        <ele>220.971469</ele>
        <time>2026-05-10T09:59:50.998Z</time>
      </trkpt>
      <trkpt lat="48.425094" lon="15.587796">
        <ele>220.590987</ele>
        <time>2026-05-10T09:59:52.998Z</time>
      </trkpt>
      <trkpt lat="48.425019" lon="15.587612">
        <ele>220.202078</ele>
        <time>2026-05-10T09:59:54.998Z</time>
      </trkpt>
      <trkpt lat="48.424951" lon="15.587425">
        <ele>219.818038</ele>
        <time>2026-05-10T09:59:56.998Z</time>
      </trkpt>
      <trkpt lat="48.424886" lon="15.587232">
        <ele>219.428238</ele>
        <time>2026-05-10T09:59:58.998Z</time>
      </trkpt>
      <trkpt lat="48.424826" lon="15.587070">
        <ele>219.094106</ele>
        <time>2026-05-10T10:00:00.998Z</time>
      </trkpt>
      <trkpt lat="48.424729" lon="15.586980">
        <ele>218.784948</ele>
        <time>2026-05-10T10:00:02.998Z</time>
      </trkpt>
      <trkpt lat="48.424618" lon="15.586954">
        <ele>218.480075</ele>
        <time>2026-05-10T10:00:04.998Z</time>
      </trkpt>
      <trkpt lat="48.424500" lon="15.586965">
        <ele>218.159210</ele>
        <time>2026-05-10T10:00:06.998Z</time>
      </trkpt>
      <trkpt lat="48.424385" lon="15.586962">
        <ele>217.847053</ele>
        <time>2026-05-10T10:00:08.998Z</time>
      </trkpt>
      <trkpt lat="48.424265" lon="15.586956">
        <ele>217.521192</ele>
        <time>2026-05-10T10:00:10.998Z</time>
      </trkpt>
      <trkpt lat="48.424151" lon="15.586963">
        <ele>217.211539</ele>
        <time>2026-05-10T10:00:12.998Z</time>
      </trkpt>
      <trkpt lat="48.424040" lon="15.586994">
        <ele>216.930681</ele>
        <time>2026-05-10T10:00:14.998Z</time>
      </trkpt>
      <trkpt lat="48.423938" lon="15.587069">
        <ele>217.015705</ele>
        <time>2026-05-10T10:00:16.998Z</time>
      </trkpt>
      <trkpt lat="48.423846" lon="15.587161">
        <ele>217.098420</ele>
        <time>2026-05-10T10:00:18.998Z</time>
      </trkpt>
      <trkpt lat="48.423745" lon="15.587219">
        <ele>217.179391</ele>
        <time>2026-05-10T10:00:20.998Z</time>
      </trkpt>
      <trkpt lat="48.423658" lon="15.587293">
        <ele>217.254231</ele>
        <time>2026-05-10T10:00:22.998Z</time>
      </trkpt>
      <trkpt lat="48.423573" lon="15.587378">
        <ele>217.330654</ele>
        <time>2026-05-10T10:00:24.998Z</time>
      </trkpt>
      <trkpt lat="48.423453" lon="15.587475">
        <ele>217.432667</ele>
        <time>2026-05-10T10:00:27.998Z</time>
      </trkpt>
      <trkpt lat="48.423371" lon="15.587547">
        <ele>217.503764</ele>
        <time>2026-05-10T10:00:29.998Z</time>
      </trkpt>
      <trkpt lat="48.423256" lon="15.587626">
        <ele>217.598444</ele>
        <time>2026-05-10T10:00:32.998Z</time>
      </trkpt>
      <trkpt lat="48.423171" lon="15.587722">
        <ele>217.678021</ele>
        <time>2026-05-10T10:00:37.998Z</time>
      </trkpt>
      <trkpt lat="48.423229" lon="15.588133">
        <ele>217.886916</ele>
        <time>2026-05-10T10:00:44.998Z</time>
      </trkpt>
      <trkpt lat="48.423310" lon="15.588227">
        <ele>217.963505</ele>
        <time>2026-05-10T10:00:49.999Z</time>
      </trkpt>
      <trkpt lat="48.423378" lon="15.588319">
        <ele>218.031966</ele>
        <time>2026-05-10T10:00:56.999Z</time>
      </trkpt>
      <trkpt lat="48.423367" lon="15.588170">
        <ele>218.106497</ele>
        <time>2026-05-10T10:01:15.999Z</time>
      </trkpt>
      <trkpt lat="48.423335" lon="15.587991">
        <ele>218.198658</ele>
        <time>2026-05-10T10:01:19.999Z</time>
      </trkpt>
      <trkpt lat="48.423283" lon="15.587834">
        <ele>218.245639</ele>
        <time>2026-05-10T10:01:22.999Z</time>
      </trkpt>
      <trkpt lat="48.423206" lon="15.587702">
        <ele>218.068662</ele>
        <time>2026-05-10T10:01:34.999Z</time>
      </trkpt>
      <trkpt lat="48.423116" lon="15.587701">
        <ele>217.932090</ele>
        <time>2026-05-10T10:01:37.999Z</time>
      </trkpt>
      <trkpt lat="48.423020" lon="15.587800">
        <ele>217.755569</ele>
        <time>2026-05-10T10:01:40.999Z</time>
      </trkpt>
      <trkpt lat="48.422922" lon="15.587875">
        <ele>217.588781</ele>
        <time>2026-05-10T10:01:43.999Z</time>
      </trkpt>
      <trkpt lat="48.422834" lon="15.587947">
        <ele>217.436833</ele>
        <time>2026-05-10T10:01:46.999Z</time>
      </trkpt>
      <trkpt lat="48.422753" lon="15.588020">
        <ele>217.293616</ele>
        <time>2026-05-10T10:01:49.999Z</time>
      </trkpt>
      <trkpt lat="48.422658" lon="15.588113">
        <ele>217.121710</ele>
        <time>2026-05-10T10:01:53.999Z</time>
      </trkpt>
      <trkpt lat="48.422500" lon="15.588263">
        <ele>216.838340</ele>
        <time>2026-05-10T10:01:57.999Z</time>
      </trkpt>
      <trkpt lat="48.422621" lon="15.588387">
        <ele>216.616293</ele>
        <time>2026-05-10T10:01:58.998Z</time>
      </trkpt>
      <trkpt lat="48.422628" lon="15.588570">
        <ele>216.431704</ele>
        <time>2026-05-10T10:02:01.998Z</time>
      </trkpt>
      <trkpt lat="48.422615" lon="15.588740">
        <ele>216.259379</ele>
        <time>2026-05-10T10:02:04.998Z</time>
      </trkpt>
      <trkpt lat="48.422631" lon="15.588902">
        <ele>216.094446</ele>
        <time>2026-05-10T10:02:07.998Z</time>
      </trkpt>
      <trkpt lat="48.422512" lon="15.588892">
        <ele>215.913591</ele>
        <time>2026-05-10T10:02:10.998Z</time>
      </trkpt>
      <trkpt lat="48.422422" lon="15.588895">
        <ele>215.776989</ele>
        <time>2026-05-10T10:02:12.998Z</time>
      </trkpt>
      <trkpt lat="48.422330" lon="15.588905">
        <ele>215.637023</ele>
        <time>2026-05-10T10:02:14.998Z</time>
      </trkpt>
      <trkpt lat="48.422239" lon="15.588937">
        <ele>215.549364</ele>
        <time>2026-05-10T10:02:16.998Z</time>
      </trkpt>
      <trkpt lat="48.422150" lon="15.588970">
        <ele>215.566999</ele>
        <time>2026-05-10T10:02:18.998Z</time>
      </trkpt>
      <trkpt lat="48.422055" lon="15.589022">
        <ele>215.586445</ele>
        <time>2026-05-10T10:02:20.998Z</time>
      </trkpt>
      <trkpt lat="48.421978" lon="15.589121">
        <ele>215.605920</ele>
        <time>2026-05-10T10:02:22.998Z</time>
      </trkpt>
      <trkpt lat="48.421881" lon="15.589254">
        <ele>215.631153</ele>
        <time>2026-05-10T10:02:25.998Z</time>
      </trkpt>
      <trkpt lat="48.421814" lon="15.589348">
        <ele>215.648766</ele>
        <time>2026-05-10T10:02:27.998Z</time>
      </trkpt>
      <trkpt lat="48.421719" lon="15.589481">
        <ele>215.673716</ele>
        <time>2026-05-10T10:02:30.998Z</time>
      </trkpt>
      <trkpt lat="48.421651" lon="15.589577">
        <ele>215.691644</ele>
        <time>2026-05-10T10:02:32.998Z</time>
      </trkpt>
      <trkpt lat="48.421556" lon="15.589709">
        <ele>215.716507</ele>
        <time>2026-05-10T10:02:35.998Z</time>
      </trkpt>
      <trkpt lat="48.421460" lon="15.589843">
        <ele>215.741685</ele>
        <time>2026-05-10T10:02:38.998Z</time>
      </trkpt>
      <trkpt lat="48.421371" lon="15.589966">
        <ele>215.764920</ele>
        <time>2026-05-10T10:02:41.998Z</time>
      </trkpt>
      <trkpt lat="48.421284" lon="15.590114">
        <ele>215.790165</ele>
        <time>2026-05-10T10:02:44.998Z</time>
      </trkpt>
      <trkpt lat="48.421184" lon="15.590237">
        <ele>215.815001</ele>
        <time>2026-05-10T10:02:47.998Z</time>
      </trkpt>
      <trkpt lat="48.421094" lon="15.590391">
        <ele>215.841203</ele>
        <time>2026-05-10T10:02:50.998Z</time>
      </trkpt>
      <trkpt lat="48.421031" lon="15.590497">
        <ele>215.859372</ele>
        <time>2026-05-10T10:02:52.998Z</time>
      </trkpt>
      <trkpt lat="48.420970" lon="15.590615">
        <ele>215.878470</ele>
        <time>2026-05-10T10:02:54.999Z</time>
      </trkpt>
      <trkpt lat="48.420875" lon="15.590765">
        <ele>215.971794</ele>
        <time>2026-05-10T10:02:57.999Z</time>
      </trkpt>
      <trkpt lat="48.420773" lon="15.590848">
        <ele>216.089595</ele>
        <time>2026-05-10T10:03:00.999Z</time>
      </trkpt>
      <trkpt lat="48.420684" lon="15.590914">
        <ele>216.190397</ele>
        <time>2026-05-10T10:03:04.999Z</time>
      </trkpt>
      <trkpt lat="48.420713" lon="15.591098">
        <ele>216.317939</ele>
        <time>2026-05-10T10:03:08.999Z</time>
      </trkpt>
      <trkpt lat="48.420811" lon="15.591151">
        <ele>216.423746</ele>
        <time>2026-05-10T10:03:11.999Z</time>
      </trkpt>
      <trkpt lat="48.420918" lon="15.591246">
        <ele>216.549951</ele>
        <time>2026-05-10T10:03:15.999Z</time>
      </trkpt>
      <trkpt lat="48.420978" lon="15.591368">
        <ele>216.652358</ele>
        <time>2026-05-10T10:03:18.999Z</time>
      </trkpt>
      <trkpt lat="48.421013" lon="15.591521">
        <ele>216.761499</ele>
        <time>2026-05-10T10:03:21.999Z</time>
      </trkpt>
      <trkpt lat="48.421054" lon="15.591714">
        <ele>216.898165</ele>
        <time>2026-05-10T10:03:25.999Z</time>
      </trkpt>
      <trkpt lat="48.421062" lon="15.591873">
        <ele>217.005702</ele>
        <time>2026-05-10T10:03:28.999Z</time>
      </trkpt>
      <trkpt lat="48.421086" lon="15.592036">
        <ele>217.118303</ele>
        <time>2026-05-10T10:03:31.999Z</time>
      </trkpt>
      <trkpt lat="48.421089" lon="15.592207">
        <ele>217.233666</ele>
        <time>2026-05-10T10:03:34.999Z</time>
      </trkpt>
      <trkpt lat="48.421091" lon="15.592371">
        <ele>217.344286</ele>
        <time>2026-05-10T10:03:37.999Z</time>
      </trkpt>
      <trkpt lat="48.421096" lon="15.592540">
        <ele>217.458373</ele>
        <time>2026-05-10T10:03:40.999Z</time>
      </trkpt>
      <trkpt lat="48.421091" lon="15.592723">
        <ele>217.581893</ele>
        <time>2026-05-10T10:03:43.999Z</time>
      </trkpt>
      <trkpt lat="48.421124" lon="15.592896">
        <ele>217.703288</ele>
        <time>2026-05-10T10:03:46.999Z</time>
      </trkpt>
      <trkpt lat="48.421164" lon="15.593058">
        <ele>217.511642</ele>
        <time>2026-05-10T10:03:49.999Z</time>
      </trkpt>
      <trkpt lat="48.421203" lon="15.593210">
        <ele>217.291860</ele>
        <time>2026-05-10T10:03:52.999Z</time>
      </trkpt>
      <trkpt lat="48.421248" lon="15.593383">
        <ele>217.041262</ele>
        <time>2026-05-10T10:03:55.999Z</time>
      </trkpt>
      <trkpt lat="48.421288" lon="15.593541">
        <ele>216.813198</ele>
        <time>2026-05-10T10:03:58.999Z</time>
      </trkpt>
      <trkpt lat="48.421330" lon="15.593686">
        <ele>216.599829</ele>
        <time>2026-05-10T10:04:01.999Z</time>
      </trkpt>
      <trkpt lat="48.421365" lon="15.593827">
        <ele>216.396804</ele>
        <time>2026-05-10T10:04:04.999Z</time>
      </trkpt>
      <trkpt lat="48.421395" lon="15.593979">
        <ele>216.182936</ele>
        <time>2026-05-10T10:04:07.998Z</time>
      </trkpt>
      <trkpt lat="48.421428" lon="15.594143">
        <ele>215.951815</ele>
        <time>2026-05-10T10:04:10.998Z</time>
      </trkpt>
      <trkpt lat="48.421452" lon="15.594328">
        <ele>215.697594</ele>
        <time>2026-05-10T10:04:13.998Z</time>
      </trkpt>
      <trkpt lat="48.421469" lon="15.594526">
        <ele>215.428337</ele>
        <time>2026-05-10T10:04:16.998Z</time>
      </trkpt>
      <trkpt lat="48.421486" lon="15.594663">
        <ele>215.240371</ele>
        <time>2026-05-10T10:04:18.998Z</time>
      </trkpt>
      <trkpt lat="48.421513" lon="15.594802">
        <ele>215.045045</ele>
        <time>2026-05-10T10:04:20.998Z</time>
      </trkpt>
      <trkpt lat="48.421505" lon="15.594947">
        <ele>214.848817</ele>
        <time>2026-05-10T10:04:22.998Z</time>
      </trkpt>
      <trkpt lat="48.421504" lon="15.595093">
        <ele>214.651905</ele>
        <time>2026-05-10T10:04:24.998Z</time>
      </trkpt>
      <trkpt lat="48.421511" lon="15.595264">
        <ele>214.420849</ele>
        <time>2026-05-10T10:04:26.998Z</time>
      </trkpt>
      <trkpt lat="48.421479" lon="15.595432">
        <ele>214.185130</ele>
        <time>2026-05-10T10:04:28.998Z</time>
      </trkpt>
      <trkpt lat="48.421422" lon="15.595579">
        <ele>213.933703</ele>
        <time>2026-05-10T10:04:30.998Z</time>
      </trkpt>
      <trkpt lat="48.421334" lon="15.595718">
        <ele>213.621521</ele>
        <time>2026-05-10T10:04:32.998Z</time>
      </trkpt>
      <trkpt lat="48.421253" lon="15.595906">
        <ele>213.257270</ele>
        <time>2026-05-10T10:04:34.998Z</time>
      </trkpt>
      <trkpt lat="48.421220" lon="15.596133">
        <ele>212.879631</ele>
        <time>2026-05-10T10:04:36.998Z</time>
      </trkpt>
      <trkpt lat="48.421229" lon="15.596366">
        <ele>212.500348</ele>
        <time>2026-05-10T10:04:38.998Z</time>
      </trkpt>
      <trkpt lat="48.421237" lon="15.596582">
        <ele>212.148786</ele>
        <time>2026-05-10T10:04:40.998Z</time>
      </trkpt>
      <trkpt lat="48.421233" lon="15.596783">
        <ele>211.821999</ele>
        <time>2026-05-10T10:04:42.998Z</time>
      </trkpt>
      <trkpt lat="48.421240" lon="15.596974">
        <ele>211.511137</ele>
        <time>2026-05-10T10:04:44.998Z</time>
      </trkpt>
      <trkpt lat="48.421246" lon="15.597154">
        <ele>211.218255</ele>
        <time>2026-05-10T10:04:46.998Z</time>
      </trkpt>
      <trkpt lat="48.421234" lon="15.597346">
        <ele>210.904861</ele>
        <time>2026-05-10T10:04:48.998Z</time>
      </trkpt>
      <trkpt lat="48.421231" lon="15.597502">
        <ele>210.651243</ele>
        <time>2026-05-10T10:04:50.998Z</time>
      </trkpt>
      <trkpt lat="48.421227" lon="15.597672">
        <ele>210.374806</ele>
        <time>2026-05-10T10:04:52.998Z</time>
      </trkpt>
      <trkpt lat="48.421228" lon="15.597843">
        <ele>210.096908</ele>
        <time>2026-05-10T10:04:54.998Z</time>
      </trkpt>
      <trkpt lat="48.421239" lon="15.598011">
        <ele>209.822570</ele>
        <time>2026-05-10T10:04:56.998Z</time>
      </trkpt>
      <trkpt lat="48.421247" lon="15.598173">
        <ele>209.662103</ele>
        <time>2026-05-10T10:04:58.998Z</time>
      </trkpt>
      <trkpt lat="48.421255" lon="15.598328">
        <ele>209.673511</ele>
        <time>2026-05-10T10:05:00.999Z</time>
      </trkpt>
      <trkpt lat="48.421262" lon="15.598488">
        <ele>209.685277</ele>
        <time>2026-05-10T10:05:02.999Z</time>
      </trkpt>
      <trkpt lat="48.421274" lon="15.598643">
        <ele>209.696727</ele>
        <time>2026-05-10T10:05:04.999Z</time>
      </trkpt>
      <trkpt lat="48.421287" lon="15.598801">
        <ele>209.708409</ele>
        <time>2026-05-10T10:05:06.999Z</time>
      </trkpt>
      <trkpt lat="48.421293" lon="15.598958">
        <ele>209.719948</ele>
        <time>2026-05-10T10:05:08.999Z</time>
      </trkpt>
      <trkpt lat="48.421302" lon="15.599109">
        <ele>209.731073</ele>
        <time>2026-05-10T10:05:10.999Z</time>
      </trkpt>
      <trkpt lat="48.421311" lon="15.599258">
        <ele>209.742051</ele>
        <time>2026-05-10T10:05:12.999Z</time>
      </trkpt>
      <trkpt lat="48.421327" lon="15.599405">
        <ele>209.752981</ele>
        <time>2026-05-10T10:05:14.999Z</time>
      </trkpt>
      <trkpt lat="48.421351" lon="15.599547">
        <ele>209.763733</ele>
        <time>2026-05-10T10:05:16.999Z</time>
      </trkpt>
      <trkpt lat="48.421365" lon="15.599687">
        <ele>209.774122</ele>
        <time>2026-05-10T10:05:18.999Z</time>
      </trkpt>
      <trkpt lat="48.421352" lon="15.599832">
        <ele>209.784858</ele>
        <time>2026-05-10T10:05:20.999Z</time>
      </trkpt>
      <trkpt lat="48.421343" lon="15.599967">
        <ele>209.794814</ele>
        <time>2026-05-10T10:05:22.999Z</time>
      </trkpt>
      <trkpt lat="48.421315" lon="15.600175">
        <ele>209.810387</ele>
        <time>2026-05-10T10:05:25.999Z</time>
      </trkpt>
      <trkpt lat="48.421293" lon="15.600318">
        <ele>209.821158</ele>
        <time>2026-05-10T10:05:27.999Z</time>
      </trkpt>
      <trkpt lat="48.421263" lon="15.600469">
        <ele>209.832723</ele>
        <time>2026-05-10T10:05:29.999Z</time>
      </trkpt>
      <trkpt lat="48.421229" lon="15.600626">
        <ele>209.844841</ele>
        <time>2026-05-10T10:05:31.999Z</time>
      </trkpt>
      <trkpt lat="48.421199" lon="15.600762">
        <ele>209.855357</ele>
        <time>2026-05-10T10:05:33.999Z</time>
      </trkpt>
      <trkpt lat="48.421146" lon="15.600964">
        <ele>209.980222</ele>
        <time>2026-05-10T10:05:36.999Z</time>
      </trkpt>
      <trkpt lat="48.421087" lon="15.601086">
        <ele>210.072830</ele>
        <time>2026-05-10T10:05:38.999Z</time>
      </trkpt>
      <trkpt lat="48.421008" lon="15.601185">
        <ele>210.167813</ele>
        <time>2026-05-10T10:05:40.999Z</time>
      </trkpt>
      <trkpt lat="48.420930" lon="15.601293">
        <ele>210.265735</ele>
        <time>2026-05-10T10:05:42.999Z</time>
      </trkpt>
      <trkpt lat="48.420851" lon="15.601396">
        <ele>210.362306</ele>
        <time>2026-05-10T10:05:44.999Z</time>
      </trkpt>
      <trkpt lat="48.420778" lon="15.601504">
        <ele>210.456877</ele>
        <time>2026-05-10T10:05:46.999Z</time>
      </trkpt>
      <trkpt lat="48.420678" lon="15.601559">
        <ele>210.555283</ele>
        <time>2026-05-10T10:05:48.999Z</time>
      </trkpt>
      <trkpt lat="48.420594" lon="15.601646">
        <ele>210.649507</ele>
        <time>2026-05-10T10:05:50.999Z</time>
      </trkpt>
      <trkpt lat="48.420496" lon="15.601690">
        <ele>210.744035</ele>
        <time>2026-05-10T10:05:52.999Z</time>
      </trkpt>
      <trkpt lat="48.420407" lon="15.601757">
        <ele>210.836003</ele>
        <time>2026-05-10T10:05:54.999Z</time>
      </trkpt>
      <trkpt lat="48.420318" lon="15.601824">
        <ele>210.927971</ele>
        <time>2026-05-10T10:05:56.999Z</time>
      </trkpt>
      <trkpt lat="48.420229" lon="15.601900">
        <ele>211.022537</ele>
        <time>2026-05-10T10:05:58.999Z</time>
      </trkpt>
      <trkpt lat="48.420126" lon="15.601947">
        <ele>211.122020</ele>
        <time>2026-05-10T10:06:00.999Z</time>
      </trkpt>
      <trkpt lat="48.420032" lon="15.602010">
        <ele>211.217122</ele>
        <time>2026-05-10T10:06:02.999Z</time>
      </trkpt>
      <trkpt lat="48.419941" lon="15.602074">
        <ele>211.309955</ele>
        <time>2026-05-10T10:06:04.999Z</time>
      </trkpt>
      <trkpt lat="48.419853" lon="15.602117">
        <ele>211.395473</ele>
        <time>2026-05-10T10:06:06.999Z</time>
      </trkpt>
      <trkpt lat="48.419757" lon="15.602149">
        <ele>211.486362</ele>
        <time>2026-05-10T10:06:08.998Z</time>
      </trkpt>
      <trkpt lat="48.419654" lon="15.602189">
        <ele>211.425006</ele>
        <time>2026-05-10T10:06:10.998Z</time>
      </trkpt>
      <trkpt lat="48.419560" lon="15.602214">
        <ele>211.298188</ele>
        <time>2026-05-10T10:06:12.998Z</time>
      </trkpt>
      <trkpt lat="48.419440" lon="15.602263">
        <ele>211.133007</ele>
        <time>2026-05-10T10:06:15.998Z</time>
      </trkpt>
      <trkpt lat="48.419353" lon="15.602313">
        <ele>211.009298</ele>
        <time>2026-05-10T10:06:17.998Z</time>
      </trkpt>
      <trkpt lat="48.419257" lon="15.602369">
        <ele>210.872529</ele>
        <time>2026-05-10T10:06:19.998Z</time>
      </trkpt>
      <trkpt lat="48.419169" lon="15.602420">
        <ele>210.747263</ele>
        <time>2026-05-10T10:06:21.998Z</time>
      </trkpt>
      <trkpt lat="48.418907" lon="15.601962">
        <ele>210.214108</ele>
        <time>2026-05-10T10:06:24.998Z</time>
      </trkpt>
      <trkpt lat="48.418802" lon="15.601901">
        <ele>210.064596</ele>
        <time>2026-05-10T10:06:26.998Z</time>
      </trkpt>
      <trkpt lat="48.418699" lon="15.601845">
        <ele>209.919115</ele>
        <time>2026-05-10T10:06:28.998Z</time>
      </trkpt>
      <trkpt lat="48.418602" lon="15.601788">
        <ele>209.780789</ele>
        <time>2026-05-10T10:06:30.998Z</time>
      </trkpt>
      <trkpt lat="48.418505" lon="15.601747">
        <ele>209.646941</ele>
        <time>2026-05-10T10:06:32.998Z</time>
      </trkpt>
      <trkpt lat="48.418405" lon="15.601718">
        <ele>209.511644</ele>
        <time>2026-05-10T10:06:34.998Z</time>
      </trkpt>
      <trkpt lat="48.418304" lon="15.601682">
        <ele>209.373753</ele>
        <time>2026-05-10T10:06:36.998Z</time>
      </trkpt>
      <trkpt lat="48.418204" lon="15.601654">
        <ele>209.238620</ele>
        <time>2026-05-10T10:06:38.998Z</time>
      </trkpt>
      <trkpt lat="48.418099" lon="15.601629">
        <ele>209.125337</ele>
        <time>2026-05-10T10:06:40.998Z</time>
      </trkpt>
      <trkpt lat="48.417995" lon="15.601616">
        <ele>209.107296</ele>
        <time>2026-05-10T10:06:42.998Z</time>
      </trkpt>
      <trkpt lat="48.417898" lon="15.601605">
        <ele>209.090479</ele>
        <time>2026-05-10T10:06:44.998Z</time>
      </trkpt>
      <trkpt lat="48.417798" lon="15.601581">
        <ele>209.072973</ele>
        <time>2026-05-10T10:06:46.998Z</time>
      </trkpt>
      <trkpt lat="48.417706" lon="15.601570">
        <ele>209.057017</ele>
        <time>2026-05-10T10:06:48.998Z</time>
      </trkpt>
      <trkpt lat="48.417613" lon="15.601559">
        <ele>209.040890</ele>
        <time>2026-05-10T10:06:50.998Z</time>
      </trkpt>
      <trkpt lat="48.417521" lon="15.601548">
        <ele>209.024935</ele>
        <time>2026-05-10T10:06:52.998Z</time>
      </trkpt>
      <trkpt lat="48.417395" lon="15.601538">
        <ele>209.003121</ele>
        <time>2026-05-10T10:06:55.998Z</time>
      </trkpt>
      <trkpt lat="48.417267" lon="15.601536">
        <ele>208.980991</ele>
        <time>2026-05-10T10:06:58.998Z</time>
      </trkpt>
      <trkpt lat="48.417133" lon="15.601521">
        <ele>208.957761</ele>
        <time>2026-05-10T10:07:01.998Z</time>
      </trkpt>
      <trkpt lat="48.417017" lon="15.601509">
        <ele>208.937660</ele>
        <time>2026-05-10T10:07:05.998Z</time>
      </trkpt>
      <trkpt lat="48.416916" lon="15.601539">
        <ele>208.919862</ele>
        <time>2026-05-10T10:07:08.999Z</time>
      </trkpt>
      <trkpt lat="48.416785" lon="15.601559">
        <ele>208.897099</ele>
        <time>2026-05-10T10:07:11.999Z</time>
      </trkpt>
      <trkpt lat="48.416689" lon="15.601583">
        <ele>208.880275</ele>
        <time>2026-05-10T10:07:13.999Z</time>
      </trkpt>
      <trkpt lat="48.416591" lon="15.601594">
        <ele>208.863286</ele>
        <time>2026-05-10T10:07:15.999Z</time>
      </trkpt>
      <trkpt lat="48.416495" lon="15.601591">
        <ele>208.846686</ele>
        <time>2026-05-10T10:07:17.999Z</time>
      </trkpt>
      <trkpt lat="48.416396" lon="15.601596">
        <ele>208.829561</ele>
        <time>2026-05-10T10:07:19.999Z</time>
      </trkpt>
      <trkpt lat="48.416263" lon="15.601617">
        <ele>208.737582</ele>
        <time>2026-05-10T10:07:22.999Z</time>
      </trkpt>
      <trkpt lat="48.416140" lon="15.601669">
        <ele>208.590052</ele>
        <time>2026-05-10T10:07:25.999Z</time>
      </trkpt>
      <trkpt lat="48.416019" lon="15.601747">
        <ele>208.438065</ele>
        <time>2026-05-10T10:07:28.999Z</time>
      </trkpt>
      <trkpt lat="48.415910" lon="15.601869">
        <ele>208.281256</ele>
        <time>2026-05-10T10:07:31.999Z</time>
      </trkpt>
      <trkpt lat="48.415848" lon="15.601975">
        <ele>208.172962</ele>
        <time>2026-05-10T10:07:33.999Z</time>
      </trkpt>
      <trkpt lat="48.415788" lon="15.602108">
        <ele>208.049701</ele>
        <time>2026-05-10T10:07:35.999Z</time>
      </trkpt>
      <trkpt lat="48.415747" lon="15.602260">
        <ele>207.923941</ele>
        <time>2026-05-10T10:07:37.999Z</time>
      </trkpt>
      <trkpt lat="48.415722" lon="15.602418">
        <ele>207.799443</ele>
        <time>2026-05-10T10:07:39.999Z</time>
      </trkpt>
      <trkpt lat="48.415691" lon="15.602574">
        <ele>207.674627</ele>
        <time>2026-05-10T10:07:41.999Z</time>
      </trkpt>
      <trkpt lat="48.415672" lon="15.602737">
        <ele>207.547778</ele>
        <time>2026-05-10T10:07:43.999Z</time>
      </trkpt>
      <trkpt lat="48.415653" lon="15.602891">
        <ele>207.427717</ele>
        <time>2026-05-10T10:07:45.999Z</time>
      </trkpt>
      <trkpt lat="48.415637" lon="15.603052">
        <ele>207.302937</ele>
        <time>2026-05-10T10:07:47.999Z</time>
      </trkpt>
      <trkpt lat="48.415619" lon="15.603213">
        <ele>207.177794</ele>
        <time>2026-05-10T10:07:49.999Z</time>
      </trkpt>
      <trkpt lat="48.415603" lon="15.603366">
        <ele>207.059075</ele>
        <time>2026-05-10T10:07:51.999Z</time>
      </trkpt>
      <trkpt lat="48.415594" lon="15.603521">
        <ele>206.939815</ele>
        <time>2026-05-10T10:07:53.999Z</time>
      </trkpt>
      <trkpt lat="48.415579" lon="15.603701">
        <ele>206.800764</ele>
        <time>2026-05-10T10:07:56.999Z</time>
      </trkpt>
      <trkpt lat="48.415565" lon="15.603836">
        <ele>206.614029</ele>
        <time>2026-05-10T10:07:59.999Z</time>
      </trkpt>
      <trkpt lat="48.415494" lon="15.603976">
        <ele>206.235068</ele>
        <time>2026-05-10T10:08:02.999Z</time>
      </trkpt>
      <trkpt lat="48.415413" lon="15.604117">
        <ele>205.833977</ele>
        <time>2026-05-10T10:08:05.999Z</time>
      </trkpt>
      <trkpt lat="48.415342" lon="15.604214">
        <ele>205.523387</ele>
        <time>2026-05-10T10:08:07.999Z</time>
      </trkpt>
      <trkpt lat="48.415222" lon="15.604330">
        <ele>205.061357</ele>
        <time>2026-05-10T10:08:10.999Z</time>
      </trkpt>
      <trkpt lat="48.415130" lon="15.604392">
        <ele>204.734757</ele>
        <time>2026-05-10T10:08:12.999Z</time>
      </trkpt>
      <trkpt lat="48.415030" lon="15.604443">
        <ele>204.392635</ele>
        <time>2026-05-10T10:08:14.999Z</time>
      </trkpt>
      <trkpt lat="48.414915" lon="15.604462">
        <ele>204.017732</ele>
        <time>2026-05-10T10:08:16.999Z</time>
      </trkpt>
      <trkpt lat="48.414777" lon="15.604458">
        <ele>203.570447</ele>
        <time>2026-05-10T10:08:19.998Z</time>
      </trkpt>
      <trkpt lat="48.414669" lon="15.604431">
        <ele>203.215677</ele>
        <time>2026-05-10T10:08:21.998Z</time>
      </trkpt>
      <trkpt lat="48.414573" lon="15.604407">
        <ele>202.900325</ele>
        <time>2026-05-10T10:08:23.998Z</time>
      </trkpt>
      <trkpt lat="48.414463" lon="15.604394">
        <ele>202.542765</ele>
        <time>2026-05-10T10:08:25.998Z</time>
      </trkpt>
      <trkpt lat="48.414364" lon="15.604381">
        <ele>202.220729</ele>
        <time>2026-05-10T10:08:27.998Z</time>
      </trkpt>
      <trkpt lat="48.414249" lon="15.604380">
        <ele>201.848055</ele>
        <time>2026-05-10T10:08:30.998Z</time>
      </trkpt>
      <trkpt lat="48.414128" lon="15.604387">
        <ele>201.455653</ele>
        <time>2026-05-10T10:08:33.998Z</time>
      </trkpt>
      <trkpt lat="48.414021" lon="15.604378">
        <ele>201.108369</ele>
        <time>2026-05-10T10:08:36.998Z</time>
      </trkpt>
      <trkpt lat="48.413913" lon="15.604374">
        <ele>200.862676</ele>
        <time>2026-05-10T10:08:38.998Z</time>
      </trkpt>
      <trkpt lat="48.413780" lon="15.604393">
        <ele>200.722319</ele>
        <time>2026-05-10T10:08:40.998Z</time>
      </trkpt>
      <trkpt lat="48.413652" lon="15.604415">
        <ele>200.586969</ele>
        <time>2026-05-10T10:08:42.998Z</time>
      </trkpt>
      <trkpt lat="48.413533" lon="15.604455">
        <ele>200.458873</ele>
        <time>2026-05-10T10:08:44.998Z</time>
      </trkpt>
      <trkpt lat="48.413418" lon="15.604504">
        <ele>200.333315</ele>
        <time>2026-05-10T10:08:46.998Z</time>
      </trkpt>
      <trkpt lat="48.413318" lon="15.604569">
        <ele>200.218894</ele>
        <time>2026-05-10T10:08:48.998Z</time>
      </trkpt>
      <trkpt lat="48.413224" lon="15.604638">
        <ele>200.109039</ele>
        <time>2026-05-10T10:08:50.998Z</time>
      </trkpt>
      <trkpt lat="48.413135" lon="15.604708">
        <ele>200.003560</ele>
        <time>2026-05-10T10:08:52.998Z</time>
      </trkpt>
      <trkpt lat="48.413053" lon="15.604776">
        <ele>199.905222</ele>
        <time>2026-05-10T10:08:54.998Z</time>
      </trkpt>
      <trkpt lat="48.412955" lon="15.604915">
        <ele>199.763814</ele>
        <time>2026-05-10T10:08:57.998Z</time>
      </trkpt>
      <trkpt lat="48.412851" lon="15.605010">
        <ele>199.636036</ele>
        <time>2026-05-10T10:09:00.998Z</time>
      </trkpt>
      <trkpt lat="48.412760" lon="15.605141">
        <ele>199.503803</ele>
        <time>2026-05-10T10:09:03.998Z</time>
      </trkpt>
      <trkpt lat="48.412668" lon="15.605280">
        <ele>199.366916</ele>
        <time>2026-05-10T10:09:06.998Z</time>
      </trkpt>
      <trkpt lat="48.412605" lon="15.605391">
        <ele>199.265071</ele>
        <time>2026-05-10T10:09:08.998Z</time>
      </trkpt>
      <trkpt lat="48.412537" lon="15.605500">
        <ele>199.160756</ele>
        <time>2026-05-10T10:09:10.998Z</time>
      </trkpt>
      <trkpt lat="48.412440" lon="15.605665">
        <ele>199.021346</ele>
        <time>2026-05-10T10:09:13.999Z</time>
      </trkpt>
      <trkpt lat="48.412373" lon="15.605765">
        <ele>199.010541</ele>
        <time>2026-05-10T10:09:15.999Z</time>
      </trkpt>
      <trkpt lat="48.412304" lon="15.605864">
        <ele>198.999625</ele>
        <time>2026-05-10T10:09:17.999Z</time>
      </trkpt>
      <trkpt lat="48.412259" lon="15.605983">
        <ele>198.989210</ele>
        <time>2026-05-10T10:09:19.999Z</time>
      </trkpt>
      <trkpt lat="48.412176" lon="15.606137">
        <ele>198.974124</ele>
        <time>2026-05-10T10:09:22.999Z</time>
      </trkpt>
      <trkpt lat="48.412103" lon="15.606246">
        <ele>198.962349</ele>
        <time>2026-05-10T10:09:24.999Z</time>
      </trkpt>
      <trkpt lat="48.412037" lon="15.606356">
        <ele>198.951073</ele>
        <time>2026-05-10T10:09:26.999Z</time>
      </trkpt>
      <trkpt lat="48.411972" lon="15.606474">
        <ele>198.939412</ele>
        <time>2026-05-10T10:09:28.999Z</time>
      </trkpt>
      <trkpt lat="48.411905" lon="15.606585">
        <ele>198.928002</ele>
        <time>2026-05-10T10:09:30.999Z</time>
      </trkpt>
      <trkpt lat="48.411840" lon="15.606689">
        <ele>198.917139</ele>
        <time>2026-05-10T10:09:32.999Z</time>
      </trkpt>
      <trkpt lat="48.411771" lon="15.606811">
        <ele>198.904951</ele>
        <time>2026-05-10T10:09:34.999Z</time>
      </trkpt>
      <trkpt lat="48.411702" lon="15.606925">
        <ele>198.893218</ele>
        <time>2026-05-10T10:09:36.999Z</time>
      </trkpt>
      <trkpt lat="48.411630" lon="15.607032">
        <ele>198.881631</ele>
        <time>2026-05-10T10:09:38.999Z</time>
      </trkpt>
      <trkpt lat="48.411562" lon="15.607163">
        <ele>198.868985</ele>
        <time>2026-05-10T10:09:40.999Z</time>
      </trkpt>
      <trkpt lat="48.411501" lon="15.607287">
        <ele>198.857247</ele>
        <time>2026-05-10T10:09:42.999Z</time>
      </trkpt>
      <trkpt lat="48.411410" lon="15.607440">
        <ele>198.841625</ele>
        <time>2026-05-10T10:09:45.999Z</time>
      </trkpt>
      <trkpt lat="48.411347" lon="15.607568">
        <ele>198.829507</ele>
        <time>2026-05-10T10:09:47.999Z</time>
      </trkpt>
      <trkpt lat="48.411280" lon="15.607662">
        <ele>198.819018</ele>
        <time>2026-05-10T10:09:49.999Z</time>
      </trkpt>
      <trkpt lat="48.411193" lon="15.607805">
        <ele>198.810005</ele>
        <time>2026-05-10T10:09:52.999Z</time>
      </trkpt>
      <trkpt lat="48.411125" lon="15.607920">
        <ele>198.803559</ele>
        <time>2026-05-10T10:09:55.999Z</time>
      </trkpt>
      <trkpt lat="48.411046" lon="15.608047">
        <ele>198.796274</ele>
        <time>2026-05-10T10:09:58.999Z</time>
      </trkpt>
      <trkpt lat="48.410966" lon="15.608160">
        <ele>198.789359</ele>
        <time>2026-05-10T10:10:01.999Z</time>
      </trkpt>
      <trkpt lat="48.410891" lon="15.608270">
        <ele>198.782759</ele>
        <time>2026-05-10T10:10:04.999Z</time>
      </trkpt>
      <trkpt lat="48.410834" lon="15.608379">
        <ele>198.776951</ele>
        <time>2026-05-10T10:10:07.999Z</time>
      </trkpt>
      <trkpt lat="48.410777" lon="15.608509">
        <ele>198.770430</ele>
        <time>2026-05-10T10:10:12.999Z</time>
      </trkpt>
      <trkpt lat="48.410681" lon="15.608608">
        <ele>198.763094</ele>
        <time>2026-05-10T10:12:29.998Z</time>
      </trkpt>
      <trkpt lat="48.410647" lon="15.608745">
        <ele>198.756972</ele>
        <time>2026-05-10T10:12:37.998Z</time>
      </trkpt>
      <trkpt lat="48.410605" lon="15.608907">
        <ele>198.749693</ele>
        <time>2026-05-10T10:12:41.998Z</time>
      </trkpt>
      <trkpt lat="48.410567" lon="15.609067">
        <ele>198.742580</ele>
        <time>2026-05-10T10:12:44.998Z</time>
      </trkpt>
      <trkpt lat="48.410534" lon="15.609240">
        <ele>198.735046</ele>
        <time>2026-05-10T10:12:47.998Z</time>
      </trkpt>
      <trkpt lat="48.410493" lon="15.609421">
        <ele>198.727041</ele>
        <time>2026-05-10T10:12:50.998Z</time>
      </trkpt>
      <trkpt lat="48.410456" lon="15.609618">
        <ele>198.718472</ele>
        <time>2026-05-10T10:12:53.998Z</time>
      </trkpt>
      <trkpt lat="48.410428" lon="15.609747">
        <ele>198.712791</ele>
        <time>2026-05-10T10:12:55.998Z</time>
      </trkpt>
      <trkpt lat="48.410399" lon="15.609881">
        <ele>198.706892</ele>
        <time>2026-05-10T10:12:57.998Z</time>
      </trkpt>
      <trkpt lat="48.410360" lon="15.610074">
        <ele>198.767543</ele>
        <time>2026-05-10T10:13:00.998Z</time>
      </trkpt>
      <trkpt lat="48.410332" lon="15.610264">
        <ele>198.868315</ele>
        <time>2026-05-10T10:13:03.998Z</time>
      </trkpt>
      <trkpt lat="48.410307" lon="15.610396">
        <ele>198.939389</ele>
        <time>2026-05-10T10:13:05.998Z</time>
      </trkpt>
      <trkpt lat="48.410279" lon="15.610526">
        <ele>199.010154</ele>
        <time>2026-05-10T10:13:07.998Z</time>
      </trkpt>
      <trkpt lat="48.410247" lon="15.610720">
        <ele>199.113657</ele>
        <time>2026-05-10T10:13:10.998Z</time>
      </trkpt>
      <trkpt lat="48.410214" lon="15.610900">
        <ele>199.210346</ele>
        <time>2026-05-10T10:13:13.998Z</time>
      </trkpt>
      <trkpt lat="48.410186" lon="15.611053">
        <ele>199.292521</ele>
        <time>2026-05-10T10:13:16.998Z</time>
      </trkpt>
      <trkpt lat="48.410253" lon="15.610926">
        <ele>199.376517</ele>
        <time>2026-05-10T10:13:28.999Z</time>
      </trkpt>
      <trkpt lat="48.410282" lon="15.610781">
        <ele>199.454928</ele>
        <time>2026-05-10T10:13:32.999Z</time>
      </trkpt>
      <trkpt lat="48.410321" lon="15.610648">
        <ele>199.530212</ele>
        <time>2026-05-10T10:13:36.999Z</time>
      </trkpt>
      <trkpt lat="48.410332" lon="15.610503">
        <ele>199.605778</ele>
        <time>2026-05-10T10:13:39.999Z</time>
      </trkpt>
      <trkpt lat="48.410339" lon="15.610354">
        <ele>199.683120</ele>
        <time>2026-05-10T10:13:43.999Z</time>
      </trkpt>
      <trkpt lat="48.410377" lon="15.610214">
        <ele>199.761434</ele>
        <time>2026-05-10T10:13:45.999Z</time>
      </trkpt>
      <trkpt lat="48.410397" lon="15.610041">
        <ele>199.852357</ele>
        <time>2026-05-10T10:13:48.999Z</time>
      </trkpt>
      <trkpt lat="48.410430" lon="15.609852">
        <ele>199.953545</ele>
        <time>2026-05-10T10:13:51.999Z</time>
      </trkpt>
      <trkpt lat="48.410473" lon="15.609653">
        <ele>200.061904</ele>
        <time>2026-05-10T10:13:54.999Z</time>
      </trkpt>
      <trkpt lat="48.410504" lon="15.609503">
        <ele>200.236802</ele>
        <time>2026-05-10T10:13:56.999Z</time>
      </trkpt>
      <trkpt lat="48.410545" lon="15.609344">
        <ele>200.550608</ele>
        <time>2026-05-10T10:13:58.999Z</time>
      </trkpt>
      <trkpt lat="48.410580" lon="15.609194">
        <ele>200.843113</ele>
        <time>2026-05-10T10:14:00.999Z</time>
      </trkpt>
      <trkpt lat="48.410614" lon="15.609040">
        <ele>201.141684</ele>
        <time>2026-05-10T10:14:02.999Z</time>
      </trkpt>
      <trkpt lat="48.410648" lon="15.608897">
        <ele>201.421126</ele>
        <time>2026-05-10T10:14:04.999Z</time>
      </trkpt>
      <trkpt lat="48.410686" lon="15.608758">
        <ele>201.697680</ele>
        <time>2026-05-10T10:14:06.999Z</time>
      </trkpt>
      <trkpt lat="48.410733" lon="15.608630">
        <ele>201.966785</ele>
        <time>2026-05-10T10:14:08.999Z</time>
      </trkpt>
      <trkpt lat="48.410802" lon="15.608520">
        <ele>202.245212</ele>
        <time>2026-05-10T10:14:10.999Z</time>
      </trkpt>
      <trkpt lat="48.410868" lon="15.608427">
        <ele>202.495673</ele>
        <time>2026-05-10T10:14:12.999Z</time>
      </trkpt>
      <trkpt lat="48.410972" lon="15.608305">
        <ele>202.860985</ele>
        <time>2026-05-10T10:14:15.999Z</time>
      </trkpt>
      <trkpt lat="48.411067" lon="15.608208">
        <ele>203.179051</ele>
        <time>2026-05-10T10:14:18.999Z</time>
      </trkpt>
      <trkpt lat="48.411161" lon="15.608160">
        <ele>203.454130</ele>
        <time>2026-05-10T10:14:21.999Z</time>
      </trkpt>
      <trkpt lat="48.411260" lon="15.608071">
        <ele>203.773646</ele>
        <time>2026-05-10T10:14:24.999Z</time>
      </trkpt>
      <trkpt lat="48.411370" lon="15.607985">
        <ele>204.117117</ele>
        <time>2026-05-10T10:14:27.999Z</time>
      </trkpt>
      <trkpt lat="48.411484" lon="15.607906">
        <ele>204.464890</ele>
        <time>2026-05-10T10:14:30.999Z</time>
      </trkpt>
      <trkpt lat="48.411588" lon="15.607824">
        <ele>204.790214</ele>
        <time>2026-05-10T10:14:34.998Z</time>
      </trkpt>
      <trkpt lat="48.411692" lon="15.607756">
        <ele>205.096857</ele>
        <time>2026-05-10T10:14:44.998Z</time>
      </trkpt>
      <trkpt lat="48.411642" lon="15.607587">
        <ele>205.237540</ele>
        <time>2026-05-10T10:14:48.998Z</time>
      </trkpt>
      <trkpt lat="48.411562" lon="15.607481">
        <ele>205.359577</ele>
        <time>2026-05-10T10:14:51.998Z</time>
      </trkpt>
      <trkpt lat="48.411492" lon="15.607365">
        <ele>205.478776</ele>
        <time>2026-05-10T10:14:54.998Z</time>
      </trkpt>
      <trkpt lat="48.411412" lon="15.607271">
        <ele>205.594990</ele>
        <time>2026-05-10T10:14:57.998Z</time>
      </trkpt>
      <trkpt lat="48.411343" lon="15.607183">
        <ele>205.698546</ele>
        <time>2026-05-10T10:15:02.998Z</time>
      </trkpt>
      <trkpt lat="48.411229" lon="15.606996">
        <ele>205.891596</ele>
        <time>2026-05-10T10:15:24.998Z</time>
      </trkpt>
      <trkpt lat="48.411149" lon="15.606846">
        <ele>206.037901</ele>
        <time>2026-05-10T10:15:27.998Z</time>
      </trkpt>
      <trkpt lat="48.411095" lon="15.606727">
        <ele>206.147504</ele>
        <time>2026-05-10T10:15:29.998Z</time>
      </trkpt>
      <trkpt lat="48.411025" lon="15.606605">
        <ele>206.270117</ele>
        <time>2026-05-10T10:15:31.999Z</time>
      </trkpt>
      <trkpt lat="48.410978" lon="15.606480">
        <ele>206.379349</ele>
        <time>2026-05-10T10:15:33.999Z</time>
      </trkpt>
      <trkpt lat="48.410920" lon="15.606338">
        <ele>206.506121</ele>
        <time>2026-05-10T10:15:35.999Z</time>
      </trkpt>
      <trkpt lat="48.410865" lon="15.606197">
        <ele>206.630471</ele>
        <time>2026-05-10T10:15:37.999Z</time>
      </trkpt>
      <trkpt lat="48.410811" lon="15.606061">
        <ele>206.750966</ele>
        <time>2026-05-10T10:15:39.999Z</time>
      </trkpt>
      <trkpt lat="48.410762" lon="15.605927">
        <ele>206.867290</ele>
        <time>2026-05-10T10:15:41.999Z</time>
      </trkpt>
      <trkpt lat="48.410714" lon="15.605787">
        <ele>206.987100</ele>
        <time>2026-05-10T10:15:43.999Z</time>
      </trkpt>
      <trkpt lat="48.410671" lon="15.605655">
        <ele>207.098901</ele>
        <time>2026-05-10T10:15:45.999Z</time>
      </trkpt>
      <trkpt lat="48.410617" lon="15.605522">
        <ele>207.563071</ele>
        <time>2026-05-10T10:15:47.999Z</time>
      </trkpt>
      <trkpt lat="48.410573" lon="15.605384">
        <ele>208.292549</ele>
        <time>2026-05-10T10:15:49.999Z</time>
      </trkpt>
      <trkpt lat="48.410523" lon="15.605249">
        <ele>209.029166</ele>
        <time>2026-05-10T10:15:51.999Z</time>
      </trkpt>
      <trkpt lat="48.410477" lon="15.605111">
        <ele>209.764975</ele>
        <time>2026-05-10T10:15:53.999Z</time>
      </trkpt>
      <trkpt lat="48.410417" lon="15.604977">
        <ele>210.535158</ele>
        <time>2026-05-10T10:15:55.999Z</time>
      </trkpt>
      <trkpt lat="48.410362" lon="15.604841">
        <ele>211.293981</ele>
        <time>2026-05-10T10:15:57.999Z</time>
      </trkpt>
      <trkpt lat="48.410315" lon="15.604712">
        <ele>211.995159</ele>
        <time>2026-05-10T10:15:59.999Z</time>
      </trkpt>
      <trkpt lat="48.410263" lon="15.604576">
        <ele>212.743006</ele>
        <time>2026-05-10T10:16:01.999Z</time>
      </trkpt>
      <trkpt lat="48.410215" lon="15.604445">
        <ele>213.455995</ele>
        <time>2026-05-10T10:16:03.999Z</time>
      </trkpt>
      <trkpt lat="48.410152" lon="15.604320">
        <ele>214.203842</ele>
        <time>2026-05-10T10:16:05.999Z</time>
      </trkpt>
      <trkpt lat="48.410079" lon="15.604150">
        <ele>215.168601</ele>
        <time>2026-05-10T10:16:08.999Z</time>
      </trkpt>
      <trkpt lat="48.410043" lon="15.604016">
        <ele>215.857416</ele>
        <time>2026-05-10T10:16:10.999Z</time>
      </trkpt>
      <trkpt lat="48.409994" lon="15.603844">
        <ele>216.749276</ele>
        <time>2026-05-10T10:16:13.999Z</time>
      </trkpt>
      <trkpt lat="48.409734" lon="15.604095">
        <ele>218.965975</ele>
        <time>2026-05-10T10:16:54.998Z</time>
      </trkpt>
      <trkpt lat="48.409662" lon="15.604199">
        <ele>219.682006</ele>
        <time>2026-05-10T10:16:57.998Z</time>
      </trkpt>
      <trkpt lat="48.409557" lon="15.604273">
        <ele>219.853614</ele>
        <time>2026-05-10T10:17:02.998Z</time>
      </trkpt>
      <trkpt lat="48.409485" lon="15.604374">
        <ele>219.525649</ele>
        <time>2026-05-10T10:17:06.998Z</time>
      </trkpt>
      <trkpt lat="48.409397" lon="15.604344">
        <ele>219.224875</ele>
        <time>2026-05-10T10:17:21.998Z</time>
      </trkpt>
      <trkpt lat="48.409487" lon="15.604342">
        <ele>218.924818</ele>
        <time>2026-05-10T10:17:58.999Z</time>
      </trkpt>
      <trkpt lat="48.409557" lon="15.604447">
        <ele>218.595517</ele>
        <time>2026-05-10T10:18:11.999Z</time>
      </trkpt>
      <trkpt lat="48.409312" lon="15.604719">
        <ele>217.580958</ele>
        <time>2026-05-10T11:47:55.999Z</time>
      </trkpt>
      <trkpt lat="48.409372" lon="15.604840">
        <ele>217.246743</ele>
        <time>2026-05-10T11:48:00.999Z</time>
      </trkpt>
      <trkpt lat="48.409460" lon="15.604959">
        <ele>216.852534</ele>
        <time>2026-05-10T11:48:03.999Z</time>
      </trkpt>
      <trkpt lat="48.409539" lon="15.605073">
        <ele>216.487852</ele>
        <time>2026-05-10T11:48:06.999Z</time>
      </trkpt>
      <trkpt lat="48.409623" lon="15.605203">
        <ele>216.086397</ele>
        <time>2026-05-10T11:48:09.999Z</time>
      </trkpt>
      <trkpt lat="48.409711" lon="15.605308">
        <ele>215.712172</ele>
        <time>2026-05-10T11:48:12.999Z</time>
      </trkpt>
      <trkpt lat="48.409791" lon="15.605431">
        <ele>215.331115</ele>
        <time>2026-05-10T11:48:15.999Z</time>
      </trkpt>
      <trkpt lat="48.409882" lon="15.605577">
        <ele>214.887942</ele>
        <time>2026-05-10T11:48:18.999Z</time>
      </trkpt>
      <trkpt lat="48.409939" lon="15.605684">
        <ele>214.584351</ele>
        <time>2026-05-10T11:48:21.999Z</time>
      </trkpt>
      <trkpt lat="48.410013" lon="15.605760">
        <ele>214.285793</ele>
        <time>2026-05-10T11:48:24.999Z</time>
      </trkpt>
      <trkpt lat="48.410130" lon="15.605748">
        <ele>213.796587</ele>
        <time>2026-05-10T11:48:27.999Z</time>
      </trkpt>
      <trkpt lat="48.410220" lon="15.605645">
        <ele>213.204868</ele>
        <time>2026-05-10T11:48:30.999Z</time>
      </trkpt>
      <trkpt lat="48.410314" lon="15.605585">
        <ele>212.670398</ele>
        <time>2026-05-10T11:48:33.999Z</time>
      </trkpt>
      <trkpt lat="48.410401" lon="15.605496">
        <ele>212.119840</ele>
        <time>2026-05-10T11:48:36.999Z</time>
      </trkpt>
      <trkpt lat="48.410499" lon="15.605434">
        <ele>211.563375</ele>
        <time>2026-05-10T11:48:39.999Z</time>
      </trkpt>
      <trkpt lat="48.410569" lon="15.605557">
        <ele>211.000339</ele>
        <time>2026-05-10T11:48:42.999Z</time>
      </trkpt>
      <trkpt lat="48.410628" lon="15.605715">
        <ele>210.370348</ele>
        <time>2026-05-10T11:48:45.999Z</time>
      </trkpt>
      <trkpt lat="48.410691" lon="15.605885">
        <ele>209.693742</ele>
        <time>2026-05-10T11:48:48.999Z</time>
      </trkpt>
      <trkpt lat="48.410771" lon="15.606052">
        <ele>208.978049</ele>
        <time>2026-05-10T11:48:51.999Z</time>
      </trkpt>
      <trkpt lat="48.410817" lon="15.606218">
        <ele>208.352928</ele>
        <time>2026-05-10T11:48:54.999Z</time>
      </trkpt>
      <trkpt lat="48.410857" lon="15.606385">
        <ele>207.735956</ele>
        <time>2026-05-10T11:48:57.999Z</time>
      </trkpt>
      <trkpt lat="48.410916" lon="15.606536">
        <ele>207.127052</ele>
        <time>2026-05-10T11:49:00.999Z</time>
      </trkpt>
      <trkpt lat="48.410974" lon="15.606682">
        <ele>206.535763</ele>
        <time>2026-05-10T11:49:03.999Z</time>
      </trkpt>
      <trkpt lat="48.411052" lon="15.606837">
        <ele>205.859828</ele>
        <time>2026-05-10T11:49:06.998Z</time>
      </trkpt>
      <trkpt lat="48.411139" lon="15.606976">
        <ele>205.195914</ele>
        <time>2026-05-10T11:49:09.998Z</time>
      </trkpt>
      <trkpt lat="48.411208" lon="15.607063">
        <ele>204.724854</ele>
        <time>2026-05-10T11:49:11.998Z</time>
      </trkpt>
      <trkpt lat="48.411271" lon="15.607185">
        <ele>204.391436</ele>
        <time>2026-05-10T11:49:15.998Z</time>
      </trkpt>
      <trkpt lat="48.411334" lon="15.607325">
        <ele>204.062319</ele>
        <time>2026-05-10T11:49:22.998Z</time>
      </trkpt>
      <trkpt lat="48.411428" lon="15.607432">
        <ele>203.716949</ele>
        <time>2026-05-10T11:49:26.998Z</time>
      </trkpt>
      <trkpt lat="48.411506" lon="15.607539">
        <ele>203.407706</ele>
        <time>2026-05-10T11:49:30.998Z</time>
      </trkpt>
      <trkpt lat="48.411581" lon="15.607646">
        <ele>203.104907</ele>
        <time>2026-05-10T11:49:33.998Z</time>
      </trkpt>
      <trkpt lat="48.411646" lon="15.607782">
        <ele>202.778813</ele>
        <time>2026-05-10T11:49:36.998Z</time>
      </trkpt>
      <trkpt lat="48.411569" lon="15.607904">
        <ele>202.451239</ele>
        <time>2026-05-10T11:49:38.998Z</time>
      </trkpt>
      <trkpt lat="48.411470" lon="15.607968">
        <ele>202.135434</ele>
        <time>2026-05-10T11:49:40.998Z</time>
      </trkpt>
      <trkpt lat="48.411357" lon="15.607999">
        <ele>201.798733</ele>
        <time>2026-05-10T11:49:42.998Z</time>
      </trkpt>
      <trkpt lat="48.411275" lon="15.608058">
        <ele>201.532345</ele>
        <time>2026-05-10T11:49:44.998Z</time>
      </trkpt>
      <trkpt lat="48.411174" lon="15.608139">
        <ele>201.196930</ele>
        <time>2026-05-10T11:49:47.998Z</time>
      </trkpt>
      <trkpt lat="48.411078" lon="15.608234">
        <ele>200.860228</ele>
        <time>2026-05-10T11:49:50.998Z</time>
      </trkpt>
      <trkpt lat="48.410971" lon="15.608330">
        <ele>200.495151</ele>
        <time>2026-05-10T11:49:53.998Z</time>
      </trkpt>
      <trkpt lat="48.410875" lon="15.608409">
        <ele>200.174484</ele>
        <time>2026-05-10T11:49:55.998Z</time>
      </trkpt>
      <trkpt lat="48.410788" lon="15.608531">
        <ele>199.826059</ele>
        <time>2026-05-10T11:49:58.998Z</time>
      </trkpt>
      <trkpt lat="48.410708" lon="15.608662">
        <ele>199.479684</ele>
        <time>2026-05-10T11:50:00.999Z</time>
      </trkpt>
      <trkpt lat="48.410643" lon="15.608768">
        <ele>199.297259</ele>
        <time>2026-05-10T11:50:02.999Z</time>
      </trkpt>
      <trkpt lat="48.410848" lon="15.608992">
        <ele>198.962567</ele>
        <time>2026-05-10T11:50:04.999Z</time>
      </trkpt>
      <trkpt lat="48.410839" lon="15.609130">
        <ele>198.840921</ele>
        <time>2026-05-10T11:50:06.999Z</time>
      </trkpt>
      <trkpt lat="48.410828" lon="15.609335">
        <ele>198.660495</ele>
        <time>2026-05-10T11:50:09.999Z</time>
      </trkpt>
      <trkpt lat="48.410824" lon="15.609477">
        <ele>198.535811</ele>
        <time>2026-05-10T11:50:11.999Z</time>
      </trkpt>
      <trkpt lat="48.410159" lon="15.611331">
        <ele>196.818196</ele>
        <time>2026-05-10T11:50:43.999Z</time>
      </trkpt>
      <trkpt lat="48.410135" lon="15.611518">
        <ele>196.720914</ele>
        <time>2026-05-10T11:50:45.999Z</time>
      </trkpt>
      <trkpt lat="48.410130" lon="15.611701">
        <ele>196.627365</ele>
        <time>2026-05-10T11:50:47.999Z</time>
      </trkpt>
      <trkpt lat="48.410120" lon="15.611866">
        <ele>196.542738</ele>
        <time>2026-05-10T11:50:49.999Z</time>
      </trkpt>
      <trkpt lat="48.410125" lon="15.612035">
        <ele>196.456333</ele>
        <time>2026-05-10T11:50:51.999Z</time>
      </trkpt>
      <trkpt lat="48.410131" lon="15.612213">
        <ele>196.365300</ele>
        <time>2026-05-10T11:50:53.999Z</time>
      </trkpt>
      <trkpt lat="48.410146" lon="15.612367">
        <ele>196.285800</ele>
        <time>2026-05-10T11:50:55.999Z</time>
      </trkpt>
      <trkpt lat="48.410161" lon="15.612517">
        <ele>196.208321</ele>
        <time>2026-05-10T11:50:57.999Z</time>
      </trkpt>
      <trkpt lat="48.410175" lon="15.612668">
        <ele>196.130446</ele>
        <time>2026-05-10T11:50:59.999Z</time>
      </trkpt>
      <trkpt lat="48.410219" lon="15.612875">
        <ele>196.019430</ele>
        <time>2026-05-10T11:51:02.999Z</time>
      </trkpt>
      <trkpt lat="48.410255" lon="15.613017">
        <ele>195.941792</ele>
        <time>2026-05-10T11:51:04.999Z</time>
      </trkpt>
      <trkpt lat="48.410291" lon="15.613160">
        <ele>195.863676</ele>
        <time>2026-05-10T11:51:06.999Z</time>
      </trkpt>
      <trkpt lat="48.410333" lon="15.613292">
        <ele>195.788910</ele>
        <time>2026-05-10T11:51:08.999Z</time>
      </trkpt>
      <trkpt lat="48.410369" lon="15.613429">
        <ele>195.713652</ele>
        <time>2026-05-10T11:51:10.999Z</time>
      </trkpt>
      <trkpt lat="48.410428" lon="15.613614">
        <ele>195.619363</ele>
        <time>2026-05-10T11:51:13.998Z</time>
      </trkpt>
      <trkpt lat="48.410468" lon="15.613747">
        <ele>195.641799</ele>
        <time>2026-05-10T11:51:15.998Z</time>
      </trkpt>
      <trkpt lat="48.410503" lon="15.613875">
        <ele>195.663071</ele>
        <time>2026-05-10T11:51:17.998Z</time>
      </trkpt>
      <trkpt lat="48.410532" lon="15.614028">
        <ele>195.687521</ele>
        <time>2026-05-10T11:51:19.998Z</time>
      </trkpt>
      <trkpt lat="48.410571" lon="15.614224">
        <ele>195.718962</ele>
        <time>2026-05-10T11:51:22.998Z</time>
      </trkpt>
      <trkpt lat="48.410598" lon="15.614357">
        <ele>195.740334</ele>
        <time>2026-05-10T11:51:24.998Z</time>
      </trkpt>
      <trkpt lat="48.410599" lon="15.614508">
        <ele>195.763537</ele>
        <time>2026-05-10T11:51:26.998Z</time>
      </trkpt>
      <trkpt lat="48.410617" lon="15.614650">
        <ele>195.785751</ele>
        <time>2026-05-10T11:51:28.998Z</time>
      </trkpt>
      <trkpt lat="48.410621" lon="15.614799">
        <ele>195.808665</ele>
        <time>2026-05-10T11:51:30.998Z</time>
      </trkpt>
      <trkpt lat="48.410625" lon="15.614952">
        <ele>195.832194</ele>
        <time>2026-05-10T11:51:32.998Z</time>
      </trkpt>
      <trkpt lat="48.410627" lon="15.615113">
        <ele>195.856937</ele>
        <time>2026-05-10T11:51:34.998Z</time>
      </trkpt>
      <trkpt lat="48.410629" lon="15.615258">
        <ele>195.879223</ele>
        <time>2026-05-10T11:51:36.998Z</time>
      </trkpt>
      <trkpt lat="48.410627" lon="15.615408">
        <ele>195.902276</ele>
        <time>2026-05-10T11:51:38.998Z</time>
      </trkpt>
      <trkpt lat="48.410631" lon="15.615560">
        <ele>195.925651</ele>
        <time>2026-05-10T11:51:40.998Z</time>
      </trkpt>
      <trkpt lat="48.410651" lon="15.615709">
        <ele>195.949010</ele>
        <time>2026-05-10T11:51:42.998Z</time>
      </trkpt>
      <trkpt lat="48.410647" lon="15.615856">
        <ele>195.971617</ele>
        <time>2026-05-10T11:51:44.998Z</time>
      </trkpt>
      <trkpt lat="48.410641" lon="15.615996">
        <ele>195.993174</ele>
        <time>2026-05-10T11:51:46.998Z</time>
      </trkpt>
      <trkpt lat="48.410634" lon="15.616136">
        <ele>196.014747</ele>
        <time>2026-05-10T11:51:48.998Z</time>
      </trkpt>
      <trkpt lat="48.410629" lon="15.616283">
        <ele>196.051876</ele>
        <time>2026-05-10T11:51:50.998Z</time>
      </trkpt>
      <trkpt lat="48.410624" lon="15.616423">
        <ele>196.150173</ele>
        <time>2026-05-10T11:51:52.998Z</time>
      </trkpt>
      <trkpt lat="48.410624" lon="15.616573">
        <ele>196.255340</ele>
        <time>2026-05-10T11:51:54.998Z</time>
      </trkpt>
      <trkpt lat="48.410618" lon="15.616718">
        <ele>196.357198</ele>
        <time>2026-05-10T11:51:56.998Z</time>
      </trkpt>
      <trkpt lat="48.410608" lon="15.616857">
        <ele>196.455223</ele>
        <time>2026-05-10T11:51:58.998Z</time>
      </trkpt>
      <trkpt lat="48.410604" lon="15.617054">
        <ele>196.593407</ele>
        <time>2026-05-10T11:52:01.998Z</time>
      </trkpt>
      <trkpt lat="48.410596" lon="15.617202">
        <ele>196.697515</ele>
        <time>2026-05-10T11:52:03.998Z</time>
      </trkpt>
      <trkpt lat="48.410599" lon="15.617395">
        <ele>196.832866</ele>
        <time>2026-05-10T11:52:06.999Z</time>
      </trkpt>
      <trkpt lat="48.410585" lon="15.617538">
        <ele>196.934210</ele>
        <time>2026-05-10T11:52:08.999Z</time>
      </trkpt>
      <trkpt lat="48.410577" lon="15.617735">
        <ele>197.072587</ele>
        <time>2026-05-10T11:52:11.999Z</time>
      </trkpt>
      <trkpt lat="48.410575" lon="15.617926">
        <ele>197.206516</ele>
        <time>2026-05-10T11:52:14.999Z</time>
      </trkpt>
      <trkpt lat="48.410589" lon="15.618122">
        <ele>197.344727</ele>
        <time>2026-05-10T11:52:17.999Z</time>
      </trkpt>
      <trkpt lat="48.410606" lon="15.618308">
        <ele>197.476364</ele>
        <time>2026-05-10T11:52:20.999Z</time>
      </trkpt>
      <trkpt lat="48.410631" lon="15.618495">
        <ele>197.610105</ele>
        <time>2026-05-10T11:52:23.999Z</time>
      </trkpt>
      <trkpt lat="48.410667" lon="15.618692">
        <ele>197.753362</ele>
        <time>2026-05-10T11:52:26.999Z</time>
      </trkpt>
      <trkpt lat="48.410684" lon="15.618830">
        <ele>197.851767</ele>
        <time>2026-05-10T11:52:28.999Z</time>
      </trkpt>
      <trkpt lat="48.410713" lon="15.618968">
        <ele>197.927212</ele>
        <time>2026-05-10T11:52:30.999Z</time>
      </trkpt>
      <trkpt lat="48.410750" lon="15.619094">
        <ele>197.899181</ele>
        <time>2026-05-10T11:52:32.999Z</time>
      </trkpt>
      <trkpt lat="48.410797" lon="15.619214">
        <ele>197.870834</ele>
        <time>2026-05-10T11:52:34.999Z</time>
      </trkpt>
      <trkpt lat="48.410837" lon="15.619363">
        <ele>197.838135</ele>
        <time>2026-05-10T11:52:37.999Z</time>
      </trkpt>
      <trkpt lat="48.410884" lon="15.619489">
        <ele>197.808731</ele>
        <time>2026-05-10T11:52:41.999Z</time>
      </trkpt>
      <trkpt lat="48.410923" lon="15.619658">
        <ele>197.772330</ele>
        <time>2026-05-10T11:52:45.999Z</time>
      </trkpt>
      <trkpt lat="48.410949" lon="15.619818">
        <ele>197.738817</ele>
        <time>2026-05-10T11:52:49.999Z</time>
      </trkpt>
      <trkpt lat="48.410847" lon="15.619885">
        <ele>197.704712</ele>
        <time>2026-05-10T11:52:54.999Z</time>
      </trkpt>
      <trkpt lat="48.410752" lon="15.619908">
        <ele>197.675221</ele>
        <time>2026-05-10T11:52:57.999Z</time>
      </trkpt>
      <trkpt lat="48.410660" lon="15.619926">
        <ele>197.646787</ele>
        <time>2026-05-10T11:53:00.999Z</time>
      </trkpt>
      <trkpt lat="48.410605" lon="15.620039">
        <ele>197.618279</ele>
        <time>2026-05-10T11:53:03.999Z</time>
      </trkpt>
      <trkpt lat="48.410614" lon="15.620232">
        <ele>197.578917</ele>
        <time>2026-05-10T11:53:06.999Z</time>
      </trkpt>
      <trkpt lat="48.410606" lon="15.620384">
        <ele>197.547895</ele>
        <time>2026-05-10T11:53:08.999Z</time>
      </trkpt>
      <trkpt lat="48.410575" lon="15.620552">
        <ele>197.512420</ele>
        <time>2026-05-10T11:53:11.999Z</time>
      </trkpt>
      <trkpt lat="48.410499" lon="15.620654">
        <ele>197.481223</ele>
        <time>2026-05-10T11:53:14.999Z</time>
      </trkpt>
      <trkpt lat="48.410502" lon="15.620802">
        <ele>197.451099</ele>
        <time>2026-05-10T11:53:16.999Z</time>
      </trkpt>
      <trkpt lat="48.410492" lon="15.620939">
        <ele>197.423058</ele>
        <time>2026-05-10T11:53:18.998Z</time>
      </trkpt>
      <trkpt lat="48.410479" lon="15.621076">
        <ele>197.394903</ele>
        <time>2026-05-10T11:53:20.998Z</time>
      </trkpt>
      <trkpt lat="48.410463" lon="15.621223">
        <ele>197.398279</ele>
        <time>2026-05-10T11:53:22.998Z</time>
      </trkpt>
      <trkpt lat="48.410450" lon="15.621369">
        <ele>197.427014</ele>
        <time>2026-05-10T11:53:24.998Z</time>
      </trkpt>
      <trkpt lat="48.410433" lon="15.621512">
        <ele>197.455352</ele>
        <time>2026-05-10T11:53:26.998Z</time>
      </trkpt>
      <trkpt lat="48.410417" lon="15.621661">
        <ele>197.484795</ele>
        <time>2026-05-10T11:53:28.998Z</time>
      </trkpt>
      <trkpt lat="48.410397" lon="15.621807">
        <ele>197.513875</ele>
        <time>2026-05-10T11:53:30.998Z</time>
      </trkpt>
      <trkpt lat="48.410378" lon="15.621966">
        <ele>197.545389</ele>
        <time>2026-05-10T11:53:32.998Z</time>
      </trkpt>
      <trkpt lat="48.410360" lon="15.622120">
        <ele>197.575891</ele>
        <time>2026-05-10T11:53:34.998Z</time>
      </trkpt>
      <trkpt lat="48.410343" lon="15.622277">
        <ele>197.606921</ele>
        <time>2026-05-10T11:53:36.998Z</time>
      </trkpt>
      <trkpt lat="48.410325" lon="15.622431">
        <ele>197.637423</ele>
        <time>2026-05-10T11:53:38.998Z</time>
      </trkpt>
      <trkpt lat="48.410305" lon="15.622575">
        <ele>197.666121</ele>
        <time>2026-05-10T11:53:40.998Z</time>
      </trkpt>
      <trkpt lat="48.410291" lon="15.622716">
        <ele>197.693932</ele>
        <time>2026-05-10T11:53:42.998Z</time>
      </trkpt>
      <trkpt lat="48.410270" lon="15.622854">
        <ele>197.721549</ele>
        <time>2026-05-10T11:53:44.998Z</time>
      </trkpt>
      <trkpt lat="48.410255" lon="15.622992">
        <ele>197.748827</ele>
        <time>2026-05-10T11:53:46.998Z</time>
      </trkpt>
      <trkpt lat="48.410238" lon="15.623133">
        <ele>197.776781</ele>
        <time>2026-05-10T11:53:48.998Z</time>
      </trkpt>
      <trkpt lat="48.410221" lon="15.623272">
        <ele>197.804352</ele>
        <time>2026-05-10T11:53:50.998Z</time>
      </trkpt>
      <trkpt lat="48.410204" lon="15.623409">
        <ele>197.831539</ele>
        <time>2026-05-10T11:53:52.998Z</time>
      </trkpt>
      <trkpt lat="48.410189" lon="15.623545">
        <ele>197.858432</ele>
        <time>2026-05-10T11:53:54.998Z</time>
      </trkpt>
      <trkpt lat="48.410173" lon="15.623679">
        <ele>197.884990</ele>
        <time>2026-05-10T11:53:56.998Z</time>
      </trkpt>
      <trkpt lat="48.410153" lon="15.623812">
        <ele>197.912656</ele>
        <time>2026-05-10T11:53:58.998Z</time>
      </trkpt>
      <trkpt lat="48.410137" lon="15.623949">
        <ele>197.963117</ele>
        <time>2026-05-10T11:54:00.998Z</time>
      </trkpt>
      <trkpt lat="48.410121" lon="15.624083">
        <ele>198.012506</ele>
        <time>2026-05-10T11:54:02.998Z</time>
      </trkpt>
      <trkpt lat="48.410112" lon="15.624230">
        <ele>198.066058</ele>
        <time>2026-05-10T11:54:04.998Z</time>
      </trkpt>
      <trkpt lat="48.410078" lon="15.624362">
        <ele>198.117421</ele>
        <time>2026-05-10T11:54:06.998Z</time>
      </trkpt>
      <trkpt lat="48.410076" lon="15.624505">
        <ele>198.169307</ele>
        <time>2026-05-10T11:54:08.998Z</time>
      </trkpt>
      <trkpt lat="48.410057" lon="15.624639">
        <ele>198.219013</ele>
        <time>2026-05-10T11:54:10.998Z</time>
      </trkpt>
      <trkpt lat="48.410024" lon="15.624833">
        <ele>198.291662</ele>
        <time>2026-05-10T11:54:13.999Z</time>
      </trkpt>
      <trkpt lat="48.409981" lon="15.624992">
        <ele>198.353943</ele>
        <time>2026-05-10T11:54:16.999Z</time>
      </trkpt>
      <trkpt lat="48.409966" lon="15.625185">
        <ele>198.424434</ele>
        <time>2026-05-10T11:54:19.999Z</time>
      </trkpt>
      <trkpt lat="48.409954" lon="15.625329">
        <ele>198.477081</ele>
        <time>2026-05-10T11:54:21.999Z</time>
      </trkpt>
      <trkpt lat="48.409944" lon="15.625472">
        <ele>198.529243</ele>
        <time>2026-05-10T11:54:23.999Z</time>
      </trkpt>
      <trkpt lat="48.409944" lon="15.625616">
        <ele>198.581480</ele>
        <time>2026-05-10T11:54:25.999Z</time>
      </trkpt>
      <trkpt lat="48.409940" lon="15.625762">
        <ele>198.634488</ele>
        <time>2026-05-10T11:54:27.999Z</time>
      </trkpt>
      <trkpt lat="48.409946" lon="15.625904">
        <ele>198.686104</ele>
        <time>2026-05-10T11:54:29.999Z</time>
      </trkpt>
      <trkpt lat="48.409954" lon="15.626049">
        <ele>198.738885</ele>
        <time>2026-05-10T11:54:31.999Z</time>
      </trkpt>
      <trkpt lat="48.409959" lon="15.626188">
        <ele>198.789383</ele>
        <time>2026-05-10T11:54:33.999Z</time>
      </trkpt>
      <trkpt lat="48.409964" lon="15.626332">
        <ele>198.841691</ele>
        <time>2026-05-10T11:54:35.999Z</time>
      </trkpt>
      <trkpt lat="48.409985" lon="15.626473">
        <ele>198.893528</ele>
        <time>2026-05-10T11:54:37.999Z</time>
      </trkpt>
      <trkpt lat="48.409989" lon="15.626616">
        <ele>198.908314</ele>
        <time>2026-05-10T11:54:39.999Z</time>
      </trkpt>
      <trkpt lat="48.410003" lon="15.626823">
        <ele>198.929809</ele>
        <time>2026-05-10T11:54:42.999Z</time>
      </trkpt>
      <trkpt lat="48.409983" lon="15.626975">
        <ele>198.945817</ele>
        <time>2026-05-10T11:54:44.999Z</time>
      </trkpt>
      <trkpt lat="48.409996" lon="15.627119">
        <ele>198.960830</ele>
        <time>2026-05-10T11:54:46.999Z</time>
      </trkpt>
      <trkpt lat="48.410001" lon="15.627265">
        <ele>198.975933</ele>
        <time>2026-05-10T11:54:48.999Z</time>
      </trkpt>
      <trkpt lat="48.410004" lon="15.627412">
        <ele>198.991126</ele>
        <time>2026-05-10T11:54:50.999Z</time>
      </trkpt>
      <trkpt lat="48.410011" lon="15.627562">
        <ele>199.006660</ele>
        <time>2026-05-10T11:54:52.999Z</time>
      </trkpt>
      <trkpt lat="48.410017" lon="15.627714">
        <ele>199.022391</ele>
        <time>2026-05-10T11:54:54.999Z</time>
      </trkpt>
      <trkpt lat="48.410015" lon="15.627859">
        <ele>199.037373</ele>
        <time>2026-05-10T11:54:56.999Z</time>
      </trkpt>
      <trkpt lat="48.410010" lon="15.628004">
        <ele>199.052373</ele>
        <time>2026-05-10T11:54:58.999Z</time>
      </trkpt>
      <trkpt lat="48.410007" lon="15.628145">
        <ele>199.066947</ele>
        <time>2026-05-10T11:55:00.999Z</time>
      </trkpt>
      <trkpt lat="48.409994" lon="15.628337">
        <ele>199.086885</ele>
        <time>2026-05-10T11:55:03.999Z</time>
      </trkpt>
      <trkpt lat="48.409961" lon="15.628517">
        <ele>199.106176</ele>
        <time>2026-05-10T11:55:06.999Z</time>
      </trkpt>
      <trkpt lat="48.409978" lon="15.628682">
        <ele>199.123426</ele>
        <time>2026-05-10T11:55:09.999Z</time>
      </trkpt>
      <trkpt lat="48.409973" lon="15.628879">
        <ele>199.143792</ele>
        <time>2026-05-10T11:55:12.999Z</time>
      </trkpt>
      <trkpt lat="48.409852" lon="15.628981">
        <ele>199.165371</ele>
        <time>2026-05-10T11:55:13.999Z</time>
      </trkpt>
      <trkpt lat="48.409866" lon="15.629119">
        <ele>199.108546</ele>
        <time>2026-05-10T11:55:15.999Z</time>
      </trkpt>
      <trkpt lat="48.409785" lon="15.629204">
        <ele>198.957425</ele>
        <time>2026-05-10T11:55:16.999Z</time>
      </trkpt>
      <trkpt lat="48.409799" lon="15.629346">
        <ele>198.811542</ele>
        <time>2026-05-10T11:55:18.999Z</time>
      </trkpt>
      <trkpt lat="48.409813" lon="15.629493">
        <ele>198.660632</ele>
        <time>2026-05-10T11:55:20.998Z</time>
      </trkpt>
      <trkpt lat="48.409826" lon="15.629629">
        <ele>198.521003</ele>
        <time>2026-05-10T11:55:22.998Z</time>
      </trkpt>
      <trkpt lat="48.409843" lon="15.629810">
        <ele>198.335240</ele>
        <time>2026-05-10T11:55:25.998Z</time>
      </trkpt>
      <trkpt lat="48.409879" lon="15.629974">
        <ele>198.159707</ele>
        <time>2026-05-10T11:55:28.998Z</time>
      </trkpt>
      <trkpt lat="48.409883" lon="15.630160">
        <ele>197.970596</ele>
        <time>2026-05-10T11:55:31.998Z</time>
      </trkpt>
      <trkpt lat="48.409865" lon="15.630316">
        <ele>197.809692</ele>
        <time>2026-05-10T11:55:33.998Z</time>
      </trkpt>
      <trkpt lat="48.409842" lon="15.630491">
        <ele>197.628405</ele>
        <time>2026-05-10T11:55:35.998Z</time>
      </trkpt>
      <trkpt lat="48.409837" lon="15.630694">
        <ele>197.421975</ele>
        <time>2026-05-10T11:55:37.998Z</time>
      </trkpt>
      <trkpt lat="48.409806" lon="15.630890">
        <ele>197.217225</ele>
        <time>2026-05-10T11:55:39.998Z</time>
      </trkpt>
      <trkpt lat="48.409793" lon="15.631105">
        <ele>196.997838</ele>
        <time>2026-05-10T11:55:41.998Z</time>
      </trkpt>
      <trkpt lat="48.409780" lon="15.631306">
        <ele>196.792615</ele>
        <time>2026-05-10T11:55:43.998Z</time>
      </trkpt>
      <trkpt lat="48.409776" lon="15.631500">
        <ele>196.595377</ele>
        <time>2026-05-10T11:55:45.998Z</time>
      </trkpt>
      <trkpt lat="48.409765" lon="15.631694">
        <ele>196.427469</ele>
        <time>2026-05-10T11:55:47.998Z</time>
      </trkpt>
      <trkpt lat="48.409759" lon="15.631875">
        <ele>196.491899</ele>
        <time>2026-05-10T11:55:49.998Z</time>
      </trkpt>
      <trkpt lat="48.409746" lon="15.632050">
        <ele>196.554505</ele>
        <time>2026-05-10T11:55:51.998Z</time>
      </trkpt>
      <trkpt lat="48.409735" lon="15.632228">
        <ele>196.618062</ele>
        <time>2026-05-10T11:55:53.998Z</time>
      </trkpt>
      <trkpt lat="48.409729" lon="15.632404">
        <ele>196.680717</ele>
        <time>2026-05-10T11:55:55.998Z</time>
      </trkpt>
      <trkpt lat="48.409717" lon="15.632570">
        <ele>196.740084</ele>
        <time>2026-05-10T11:55:57.998Z</time>
      </trkpt>
      <trkpt lat="48.409703" lon="15.632732">
        <ele>196.798165</ele>
        <time>2026-05-10T11:55:59.998Z</time>
      </trkpt>
      <trkpt lat="48.409697" lon="15.632894">
        <ele>196.855850</ele>
        <time>2026-05-10T11:56:01.998Z</time>
      </trkpt>
      <trkpt lat="48.409683" lon="15.633055">
        <ele>196.913579</ele>
        <time>2026-05-10T11:56:03.998Z</time>
      </trkpt>
      <trkpt lat="48.409677" lon="15.633224">
        <ele>196.973749</ele>
        <time>2026-05-10T11:56:05.998Z</time>
      </trkpt>
      <trkpt lat="48.409668" lon="15.633382">
        <ele>197.030129</ele>
        <time>2026-05-10T11:56:07.998Z</time>
      </trkpt>
      <trkpt lat="48.409670" lon="15.633539">
        <ele>197.085957</ele>
        <time>2026-05-10T11:56:09.998Z</time>
      </trkpt>
      <trkpt lat="48.409663" lon="15.633700">
        <ele>197.143320</ele>
        <time>2026-05-10T11:56:11.998Z</time>
      </trkpt>
      <trkpt lat="48.409654" lon="15.633858">
        <ele>197.199700</ele>
        <time>2026-05-10T11:56:13.998Z</time>
      </trkpt>
      <trkpt lat="48.409653" lon="15.634015">
        <ele>197.255520</ele>
        <time>2026-05-10T11:56:15.998Z</time>
      </trkpt>
      <trkpt lat="48.409657" lon="15.634171">
        <ele>197.311024</ele>
        <time>2026-05-10T11:56:17.998Z</time>
      </trkpt>
      <trkpt lat="48.409660" lon="15.634329">
        <ele>197.367220</ele>
        <time>2026-05-10T11:56:19.999Z</time>
      </trkpt>
      <trkpt lat="48.409666" lon="15.634488">
        <ele>197.401781</ele>
        <time>2026-05-10T11:56:21.999Z</time>
      </trkpt>
      <trkpt lat="48.409670" lon="15.634644">
        <ele>197.427269</ele>
        <time>2026-05-10T11:56:23.999Z</time>
      </trkpt>
      <trkpt lat="48.409683" lon="15.634788">
        <ele>197.450996</ele>
        <time>2026-05-10T11:56:25.999Z</time>
      </trkpt>
      <trkpt lat="48.409702" lon="15.634999">
        <ele>197.485760</ele>
        <time>2026-05-10T11:56:28.999Z</time>
      </trkpt>
      <trkpt lat="48.409721" lon="15.635149">
        <ele>197.510692</ele>
        <time>2026-05-10T11:56:30.999Z</time>
      </trkpt>
      <trkpt lat="48.409674" lon="15.635309">
        <ele>197.539258</ele>
        <time>2026-05-10T11:56:33.999Z</time>
      </trkpt>
      <trkpt lat="48.409728" lon="15.635494">
        <ele>197.572253</ele>
        <time>2026-05-10T11:56:36.999Z</time>
      </trkpt>
      <trkpt lat="48.409772" lon="15.635619">
        <ele>197.595353</ele>
        <time>2026-05-10T11:56:38.999Z</time>
      </trkpt>
      <trkpt lat="48.409804" lon="15.635756">
        <ele>197.619064</ele>
        <time>2026-05-10T11:56:40.999Z</time>
      </trkpt>
      <trkpt lat="48.409838" lon="15.635884">
        <ele>197.641573</ele>
        <time>2026-05-10T11:56:42.999Z</time>
      </trkpt>
      <trkpt lat="48.409861" lon="15.636079">
        <ele>197.673908</ele>
        <time>2026-05-10T11:56:45.999Z</time>
      </trkpt>
      <trkpt lat="48.409895" lon="15.636273">
        <ele>197.706667</ele>
        <time>2026-05-10T11:56:48.999Z</time>
      </trkpt>
      <trkpt lat="48.409914" lon="15.636469">
        <ele>197.739006</ele>
        <time>2026-05-10T11:56:51.999Z</time>
      </trkpt>
      <trkpt lat="48.409948" lon="15.636665">
        <ele>197.772080</ele>
        <time>2026-05-10T11:56:54.999Z</time>
      </trkpt>
      <trkpt lat="48.409967" lon="15.636815">
        <ele>197.797012</ele>
        <time>2026-05-10T11:56:56.999Z</time>
      </trkpt>
      <trkpt lat="48.409978" lon="15.636978">
        <ele>197.823761</ele>
        <time>2026-05-10T11:56:58.999Z</time>
      </trkpt>
      <trkpt lat="48.409990" lon="15.637136">
        <ele>197.873668</ele>
        <time>2026-05-10T11:57:00.999Z</time>
      </trkpt>
      <trkpt lat="48.409989" lon="15.637297">
        <ele>197.925864</ele>
        <time>2026-05-10T11:57:02.999Z</time>
      </trkpt>
      <trkpt lat="48.409991" lon="15.637468">
        <ele>197.981309</ele>
        <time>2026-05-10T11:57:04.999Z</time>
      </trkpt>
      <trkpt lat="48.409984" lon="15.637630">
        <ele>198.033938</ele>
        <time>2026-05-10T11:57:06.999Z</time>
      </trkpt>
      <trkpt lat="48.409971" lon="15.637804">
        <ele>198.090703</ele>
        <time>2026-05-10T11:57:08.999Z</time>
      </trkpt>
      <trkpt lat="48.409954" lon="15.637969">
        <ele>198.144834</ele>
        <time>2026-05-10T11:57:10.999Z</time>
      </trkpt>
      <trkpt lat="48.409937" lon="15.638138">
        <ele>198.200247</ele>
        <time>2026-05-10T11:57:12.999Z</time>
      </trkpt>
      <trkpt lat="48.409913" lon="15.638298">
        <ele>198.253424</ele>
        <time>2026-05-10T11:57:14.999Z</time>
      </trkpt>
      <trkpt lat="48.409885" lon="15.638461">
        <ele>198.308008</ele>
        <time>2026-05-10T11:57:16.999Z</time>
      </trkpt>
      <trkpt lat="48.409842" lon="15.638619">
        <ele>198.363367</ele>
        <time>2026-05-10T11:57:18.999Z</time>
      </trkpt>
      <trkpt lat="48.409796" lon="15.638780">
        <ele>198.420191</ele>
        <time>2026-05-10T11:57:20.999Z</time>
      </trkpt>
      <trkpt lat="48.409750" lon="15.638935">
        <ele>198.475233</ele>
        <time>2026-05-10T11:57:22.999Z</time>
      </trkpt>
      <trkpt lat="48.409707" lon="15.639085">
        <ele>198.528202</ele>
        <time>2026-05-10T11:57:24.999Z</time>
      </trkpt>
      <trkpt lat="48.409668" lon="15.639239">
        <ele>198.581637</ele>
        <time>2026-05-10T11:57:26.999Z</time>
      </trkpt>
      <trkpt lat="48.409620" lon="15.639391">
        <ele>198.636206</ele>
        <time>2026-05-10T11:57:28.998Z</time>
      </trkpt>
      <trkpt lat="48.409580" lon="15.639530">
        <ele>198.685320</ele>
        <time>2026-05-10T11:57:30.998Z</time>
      </trkpt>
      <trkpt lat="48.409516" lon="15.639672">
        <ele>198.744662</ele>
        <time>2026-05-10T11:57:32.998Z</time>
      </trkpt>
      <trkpt lat="48.409462" lon="15.639820">
        <ele>198.804871</ele>
        <time>2026-05-10T11:57:34.998Z</time>
      </trkpt>
      <trkpt lat="48.409411" lon="15.639962">
        <ele>198.862431</ele>
        <time>2026-05-10T11:57:36.998Z</time>
      </trkpt>
      <trkpt lat="48.409356" lon="15.640091">
        <ele>198.917090</ele>
        <time>2026-05-10T11:57:38.998Z</time>
      </trkpt>
      <trkpt lat="48.409305" lon="15.640220">
        <ele>198.970619</ele>
        <time>2026-05-10T11:57:40.998Z</time>
      </trkpt>
      <trkpt lat="48.409256" lon="15.640337">
        <ele>199.019938</ele>
        <time>2026-05-10T11:57:42.998Z</time>
      </trkpt>
      <trkpt lat="48.409206" lon="15.640469">
        <ele>199.074121</ele>
        <time>2026-05-10T11:57:44.998Z</time>
      </trkpt>
      <trkpt lat="48.409154" lon="15.640591">
        <ele>199.125810</ele>
        <time>2026-05-10T11:57:46.998Z</time>
      </trkpt>
      <trkpt lat="48.409104" lon="15.640711">
        <ele>199.176321</ele>
        <time>2026-05-10T11:57:48.998Z</time>
      </trkpt>
      <trkpt lat="48.409059" lon="15.640840">
        <ele>199.228275</ele>
        <time>2026-05-10T11:57:50.998Z</time>
      </trkpt>
      <trkpt lat="48.409010" lon="15.640964">
        <ele>199.279722</ele>
        <time>2026-05-10T11:57:52.998Z</time>
      </trkpt>
      <trkpt lat="48.408961" lon="15.641097">
        <ele>199.333952</ele>
        <time>2026-05-10T11:57:54.998Z</time>
      </trkpt>
      <trkpt lat="48.408907" lon="15.641219">
        <ele>199.386229</ele>
        <time>2026-05-10T11:57:56.998Z</time>
      </trkpt>
      <trkpt lat="48.408857" lon="15.641351">
        <ele>199.440412</ele>
        <time>2026-05-10T11:57:58.998Z</time>
      </trkpt>
      <trkpt lat="48.408807" lon="15.641482">
        <ele>199.494285</ele>
        <time>2026-05-10T11:58:00.998Z</time>
      </trkpt>
      <trkpt lat="48.408762" lon="15.641608">
        <ele>199.545295</ele>
        <time>2026-05-10T11:58:02.998Z</time>
      </trkpt>
      <trkpt lat="48.408709" lon="15.641722">
        <ele>199.594914</ele>
        <time>2026-05-10T11:58:04.998Z</time>
      </trkpt>
      <trkpt lat="48.408648" lon="15.641895">
        <ele>199.664753</ele>
        <time>2026-05-10T11:58:07.998Z</time>
      </trkpt>
      <trkpt lat="48.408608" lon="15.642025">
        <ele>199.666169</ele>
        <time>2026-05-10T11:58:10.998Z</time>
      </trkpt>
      <trkpt lat="48.408626" lon="15.642160">
        <ele>199.662226</ele>
        <time>2026-05-10T11:58:13.998Z</time>
      </trkpt>
      <trkpt lat="48.408529" lon="15.642325">
        <ele>199.655915</ele>
        <time>2026-05-10T11:58:17.998Z</time>
      </trkpt>
      <trkpt lat="48.408439" lon="15.642458">
        <ele>199.650476</ele>
        <time>2026-05-10T11:58:20.998Z</time>
      </trkpt>
      <trkpt lat="48.408382" lon="15.642563">
        <ele>199.646592</ele>
        <time>2026-05-10T11:58:22.998Z</time>
      </trkpt>
      <trkpt lat="48.408331" lon="15.642684">
        <ele>199.642488</ele>
        <time>2026-05-10T11:58:24.999Z</time>
      </trkpt>
      <trkpt lat="48.408287" lon="15.642809">
        <ele>199.638437</ele>
        <time>2026-05-10T11:58:26.999Z</time>
      </trkpt>
      <trkpt lat="48.408237" lon="15.642932">
        <ele>199.634307</ele>
        <time>2026-05-10T11:58:28.999Z</time>
      </trkpt>
      <trkpt lat="48.408192" lon="15.643058">
        <ele>199.630210</ele>
        <time>2026-05-10T11:58:30.999Z</time>
      </trkpt>
      <trkpt lat="48.408145" lon="15.643175">
        <ele>199.626294</ele>
        <time>2026-05-10T11:58:32.999Z</time>
      </trkpt>
      <trkpt lat="48.408096" lon="15.643299">
        <ele>199.622162</ele>
        <time>2026-05-10T11:58:34.999Z</time>
      </trkpt>
      <trkpt lat="48.408048" lon="15.643425">
        <ele>199.618002</ele>
        <time>2026-05-10T11:58:36.999Z</time>
      </trkpt>
      <trkpt lat="48.408001" lon="15.643555">
        <ele>199.613763</ele>
        <time>2026-05-10T11:58:38.999Z</time>
      </trkpt>
      <trkpt lat="48.407947" lon="15.643687">
        <ele>199.609323</ele>
        <time>2026-05-10T11:58:40.999Z</time>
      </trkpt>
      <trkpt lat="48.407896" lon="15.643823">
        <ele>199.604850</ele>
        <time>2026-05-10T11:58:42.999Z</time>
      </trkpt>
      <trkpt lat="48.407847" lon="15.643960">
        <ele>199.600394</ele>
        <time>2026-05-10T11:58:44.999Z</time>
      </trkpt>
      <trkpt lat="48.407793" lon="15.644093">
        <ele>199.595930</ele>
        <time>2026-05-10T11:58:46.999Z</time>
      </trkpt>
      <trkpt lat="48.407741" lon="15.644227">
        <ele>199.594231</ele>
        <time>2026-05-10T11:58:48.999Z</time>
      </trkpt>
      <trkpt lat="48.407690" lon="15.644357">
        <ele>199.604951</ele>
        <time>2026-05-10T11:58:50.999Z</time>
      </trkpt>
      <trkpt lat="48.407639" lon="15.644491">
        <ele>199.615915</ele>
        <time>2026-05-10T11:58:52.999Z</time>
      </trkpt>
      <trkpt lat="48.407587" lon="15.644623">
        <ele>199.626811</ele>
        <time>2026-05-10T11:58:54.999Z</time>
      </trkpt>
      <trkpt lat="48.407537" lon="15.644759">
        <ele>199.637847</ele>
        <time>2026-05-10T11:58:56.999Z</time>
      </trkpt>
      <trkpt lat="48.407482" lon="15.644898">
        <ele>199.649333</ele>
        <time>2026-05-10T11:58:58.999Z</time>
      </trkpt>
      <trkpt lat="48.407425" lon="15.645034">
        <ele>199.660751</ele>
        <time>2026-05-10T11:59:00.999Z</time>
      </trkpt>
      <trkpt lat="48.407371" lon="15.645173">
        <ele>199.672183</ele>
        <time>2026-05-10T11:59:02.999Z</time>
      </trkpt>
      <trkpt lat="48.407315" lon="15.645311">
        <ele>199.683665</ele>
        <time>2026-05-10T11:59:04.999Z</time>
      </trkpt>
      <trkpt lat="48.407263" lon="15.645445">
        <ele>199.694683</ele>
        <time>2026-05-10T11:59:06.999Z</time>
      </trkpt>
      <trkpt lat="48.407209" lon="15.645583">
        <ele>199.706054</ele>
        <time>2026-05-10T11:59:08.999Z</time>
      </trkpt>
      <trkpt lat="48.407155" lon="15.645721">
        <ele>199.717425</ele>
        <time>2026-05-10T11:59:10.999Z</time>
      </trkpt>
      <trkpt lat="48.407099" lon="15.645862">
        <ele>199.729089</ele>
        <time>2026-05-10T11:59:12.999Z</time>
      </trkpt>
      <trkpt lat="48.407042" lon="15.646004">
        <ele>199.740869</ele>
        <time>2026-05-10T11:59:14.999Z</time>
      </trkpt>
      <trkpt lat="48.406984" lon="15.646151">
        <ele>199.753008</ele>
        <time>2026-05-10T11:59:16.999Z</time>
      </trkpt>
      <trkpt lat="48.406927" lon="15.646300">
        <ele>199.765215</ele>
        <time>2026-05-10T11:59:18.999Z</time>
      </trkpt>
      <trkpt lat="48.406869" lon="15.646447">
        <ele>199.777354</ele>
        <time>2026-05-10T11:59:20.999Z</time>
      </trkpt>
      <trkpt lat="48.406815" lon="15.646590">
        <ele>199.767861</ele>
        <time>2026-05-10T11:59:22.999Z</time>
      </trkpt>
      <trkpt lat="48.406755" lon="15.646738">
        <ele>199.721240</ele>
        <time>2026-05-10T11:59:24.999Z</time>
      </trkpt>
      <trkpt lat="48.406699" lon="15.646882">
        <ele>199.676374</ele>
        <time>2026-05-10T11:59:26.999Z</time>
      </trkpt>
      <trkpt lat="48.406644" lon="15.647031">
        <ele>199.630542</ele>
        <time>2026-05-10T11:59:28.999Z</time>
      </trkpt>
      <trkpt lat="48.406586" lon="15.647175">
        <ele>199.585261</ele>
        <time>2026-05-10T11:59:30.999Z</time>
      </trkpt>
      <trkpt lat="48.406530" lon="15.647313">
        <ele>199.541779</ele>
        <time>2026-05-10T11:59:32.999Z</time>
      </trkpt>
      <trkpt lat="48.406473" lon="15.647458">
        <ele>199.496475</ele>
        <time>2026-05-10T11:59:34.999Z</time>
      </trkpt>
      <trkpt lat="48.406417" lon="15.647597">
        <ele>199.452764</ele>
        <time>2026-05-10T11:59:36.998Z</time>
      </trkpt>
      <trkpt lat="48.406360" lon="15.647743">
        <ele>199.407229</ele>
        <time>2026-05-10T11:59:38.998Z</time>
      </trkpt>
      <trkpt lat="48.406301" lon="15.647890">
        <ele>199.361048</ele>
        <time>2026-05-10T11:59:40.998Z</time>
      </trkpt>
      <trkpt lat="48.406247" lon="15.648041">
        <ele>199.314938</ele>
        <time>2026-05-10T11:59:42.998Z</time>
      </trkpt>
      <trkpt lat="48.406195" lon="15.648189">
        <ele>199.269920</ele>
        <time>2026-05-10T11:59:44.998Z</time>
      </trkpt>
      <trkpt lat="48.406139" lon="15.648346">
        <ele>199.222006</ele>
        <time>2026-05-10T11:59:46.998Z</time>
      </trkpt>
      <trkpt lat="48.406081" lon="15.648499">
        <ele>199.174639</ele>
        <time>2026-05-10T11:59:48.998Z</time>
      </trkpt>
      <trkpt lat="48.406025" lon="15.648656">
        <ele>199.126725</ele>
        <time>2026-05-10T11:59:50.998Z</time>
      </trkpt>
      <trkpt lat="48.405966" lon="15.648811">
        <ele>199.078690</ele>
        <time>2026-05-10T11:59:52.998Z</time>
      </trkpt>
      <trkpt lat="48.405903" lon="15.648969">
        <ele>199.034799</ele>
        <time>2026-05-10T11:59:54.998Z</time>
      </trkpt>
      <trkpt lat="48.405846" lon="15.649128">
        <ele>198.996374</ele>
        <time>2026-05-10T11:59:56.998Z</time>
      </trkpt>
      <trkpt lat="48.405777" lon="15.649285">
        <ele>198.956336</ele>
        <time>2026-05-10T11:59:58.998Z</time>
      </trkpt>
      <trkpt lat="48.405714" lon="15.649445">
        <ele>198.916779</ele>
        <time>2026-05-10T12:00:00.998Z</time>
      </trkpt>
      <trkpt lat="48.405651" lon="15.649598">
        <ele>198.878494</ele>
        <time>2026-05-10T12:00:02.998Z</time>
      </trkpt>
      <trkpt lat="48.405593" lon="15.649755">
        <ele>198.840288</ele>
        <time>2026-05-10T12:00:04.998Z</time>
      </trkpt>
      <trkpt lat="48.405537" lon="15.649906">
        <ele>198.803508</ele>
        <time>2026-05-10T12:00:06.998Z</time>
      </trkpt>
      <trkpt lat="48.405477" lon="15.650057">
        <ele>198.766087</ele>
        <time>2026-05-10T12:00:08.998Z</time>
      </trkpt>
      <trkpt lat="48.405418" lon="15.650201">
        <ele>198.730103</ele>
        <time>2026-05-10T12:00:10.998Z</time>
      </trkpt>
      <trkpt lat="48.405362" lon="15.650345">
        <ele>198.694615</ele>
        <time>2026-05-10T12:00:12.998Z</time>
      </trkpt>
      <trkpt lat="48.405305" lon="15.650482">
        <ele>198.660235</ele>
        <time>2026-05-10T12:00:14.998Z</time>
      </trkpt>
      <trkpt lat="48.405252" lon="15.650620">
        <ele>198.626333</ele>
        <time>2026-05-10T12:00:16.998Z</time>
      </trkpt>
      <trkpt lat="48.405200" lon="15.650755">
        <ele>198.593143</ele>
        <time>2026-05-10T12:00:18.998Z</time>
      </trkpt>
      <trkpt lat="48.405149" lon="15.650886">
        <ele>198.560850</ele>
        <time>2026-05-10T12:00:20.998Z</time>
      </trkpt>
      <trkpt lat="48.405102" lon="15.651013">
        <ele>198.529931</ele>
        <time>2026-05-10T12:00:22.998Z</time>
      </trkpt>
      <trkpt lat="48.405052" lon="15.651137">
        <ele>198.499080</ele>
        <time>2026-05-10T12:00:24.998Z</time>
      </trkpt>
      <trkpt lat="48.405006" lon="15.651268">
        <ele>198.464275</ele>
        <time>2026-05-10T12:00:26.998Z</time>
      </trkpt>
      <trkpt lat="48.404958" lon="15.651397">
        <ele>198.424551</ele>
        <time>2026-05-10T12:00:28.998Z</time>
      </trkpt>
      <trkpt lat="48.404908" lon="15.651528">
        <ele>198.383960</ele>
        <time>2026-05-10T12:00:30.999Z</time>
      </trkpt>
      <trkpt lat="48.404854" lon="15.651660">
        <ele>198.342310</ele>
        <time>2026-05-10T12:00:32.999Z</time>
      </trkpt>
      <trkpt lat="48.404804" lon="15.651797">
        <ele>198.300315</ele>
        <time>2026-05-10T12:00:34.999Z</time>
      </trkpt>
      <trkpt lat="48.404751" lon="15.651940">
        <ele>198.256321</ele>
        <time>2026-05-10T12:00:36.999Z</time>
      </trkpt>
      <trkpt lat="48.404692" lon="15.652069">
        <ele>198.214241</ele>
        <time>2026-05-10T12:00:38.999Z</time>
      </trkpt>
      <trkpt lat="48.404636" lon="15.652207">
        <ele>198.170794</ele>
        <time>2026-05-10T12:00:40.999Z</time>
      </trkpt>
      <trkpt lat="48.404578" lon="15.652343">
        <ele>198.127373</ele>
        <time>2026-05-10T12:00:42.999Z</time>
      </trkpt>
      <trkpt lat="48.404521" lon="15.652475">
        <ele>198.085073</ele>
        <time>2026-05-10T12:00:44.999Z</time>
      </trkpt>
      <trkpt lat="48.404467" lon="15.652605">
        <ele>198.043880</ele>
        <time>2026-05-10T12:00:46.999Z</time>
      </trkpt>
      <trkpt lat="48.404408" lon="15.652736">
        <ele>198.001356</ele>
        <time>2026-05-10T12:00:48.999Z</time>
      </trkpt>
      <trkpt lat="48.404349" lon="15.652866">
        <ele>197.959055</ele>
        <time>2026-05-10T12:00:50.999Z</time>
      </trkpt>
      <trkpt lat="48.404287" lon="15.652998">
        <ele>197.915619</ele>
        <time>2026-05-10T12:00:52.999Z</time>
      </trkpt>
      <trkpt lat="48.404226" lon="15.653132">
        <ele>197.871974</ele>
        <time>2026-05-10T12:00:54.999Z</time>
      </trkpt>
      <trkpt lat="48.404163" lon="15.653264">
        <ele>197.828303</ele>
        <time>2026-05-10T12:00:56.999Z</time>
      </trkpt>
      <trkpt lat="48.404100" lon="15.653398">
        <ele>197.784195</ele>
        <time>2026-05-10T12:00:58.999Z</time>
      </trkpt>
      <trkpt lat="48.404038" lon="15.653527">
        <ele>197.773176</ele>
        <time>2026-05-10T12:01:00.999Z</time>
      </trkpt>
      <trkpt lat="48.403979" lon="15.653648">
        <ele>197.850697</ele>
        <time>2026-05-10T12:01:02.999Z</time>
      </trkpt>
      <trkpt lat="48.403918" lon="15.653771">
        <ele>197.929973</ele>
        <time>2026-05-10T12:01:04.999Z</time>
      </trkpt>
      <trkpt lat="48.403858" lon="15.653890">
        <ele>198.007131</ele>
        <time>2026-05-10T12:01:06.999Z</time>
      </trkpt>
      <trkpt lat="48.403799" lon="15.654010">
        <ele>198.084236</ele>
        <time>2026-05-10T12:01:08.999Z</time>
      </trkpt>
      <trkpt lat="48.403739" lon="15.654125">
        <ele>198.159761</ele>
        <time>2026-05-10T12:01:10.999Z</time>
      </trkpt>
      <trkpt lat="48.403681" lon="15.654252">
        <ele>198.239356</ele>
        <time>2026-05-10T12:01:12.999Z</time>
      </trkpt>
      <trkpt lat="48.403617" lon="15.654373">
        <ele>198.319240</ele>
        <time>2026-05-10T12:01:14.999Z</time>
      </trkpt>
      <trkpt lat="48.403553" lon="15.654481">
        <ele>198.393992</ele>
        <time>2026-05-10T12:01:16.999Z</time>
      </trkpt>
      <trkpt lat="48.403497" lon="15.654591">
        <ele>198.465569</ele>
        <time>2026-05-10T12:01:18.999Z</time>
      </trkpt>
      <trkpt lat="48.403428" lon="15.654712">
        <ele>198.547933</ele>
        <time>2026-05-10T12:01:21.999Z</time>
      </trkpt>
      <trkpt lat="48.403359" lon="15.654830">
        <ele>198.629128</ele>
        <time>2026-05-10T12:01:25.999Z</time>
      </trkpt>
      <trkpt lat="48.403419" lon="15.654979">
        <ele>198.719113</ele>
        <time>2026-05-10T12:01:27.999Z</time>
      </trkpt>
      <trkpt lat="48.403532" lon="15.655082">
        <ele>198.821842</ele>
        <time>2026-05-10T12:01:30.999Z</time>
      </trkpt>
      <trkpt lat="48.403595" lon="15.655208">
        <ele>198.903291</ele>
        <time>2026-05-10T12:01:33.999Z</time>
      </trkpt>
      <trkpt lat="48.403688" lon="15.655328">
        <ele>198.998536</ele>
        <time>2026-05-10T12:01:36.999Z</time>
      </trkpt>
      <trkpt lat="48.403755" lon="15.655436">
        <ele>199.074861</ele>
        <time>2026-05-10T12:01:39.999Z</time>
      </trkpt>
      <trkpt lat="48.403697" lon="15.655555">
        <ele>199.151089</ele>
        <time>2026-05-10T12:01:40.999Z</time>
      </trkpt>
      <trkpt lat="48.403624" lon="15.655656">
        <ele>199.098228</ele>
        <time>2026-05-10T12:01:42.999Z</time>
      </trkpt>
      <trkpt lat="48.403554" lon="15.655750">
        <ele>199.047969</ele>
        <time>2026-05-10T12:01:44.998Z</time>
      </trkpt>
      <trkpt lat="48.403479" lon="15.655858">
        <ele>198.992361</ele>
        <time>2026-05-10T12:01:46.998Z</time>
      </trkpt>
      <trkpt lat="48.403392" lon="15.655974">
        <ele>198.930092</ele>
        <time>2026-05-10T12:01:48.998Z</time>
      </trkpt>
      <trkpt lat="48.403305" lon="15.656099">
        <ele>198.865655</ele>
        <time>2026-05-10T12:01:50.998Z</time>
      </trkpt>
      <trkpt lat="48.403213" lon="15.656221">
        <ele>198.799964</ele>
        <time>2026-05-10T12:01:52.998Z</time>
      </trkpt>
      <trkpt lat="48.403127" lon="15.656354">
        <ele>198.733906</ele>
        <time>2026-05-10T12:01:54.998Z</time>
      </trkpt>
      <trkpt lat="48.403036" lon="15.656482">
        <ele>198.667178</ele>
        <time>2026-05-10T12:01:56.998Z</time>
      </trkpt>
      <trkpt lat="48.402948" lon="15.656616">
        <ele>198.600115</ele>
        <time>2026-05-10T12:01:58.998Z</time>
      </trkpt>
      <trkpt lat="48.402861" lon="15.656742">
        <ele>198.535432</ele>
        <time>2026-05-10T12:02:00.998Z</time>
      </trkpt>
      <trkpt lat="48.402773" lon="15.656862">
        <ele>198.471814</ele>
        <time>2026-05-10T12:02:02.998Z</time>
      </trkpt>
      <trkpt lat="48.402684" lon="15.656982">
        <ele>198.407797</ele>
        <time>2026-05-10T12:02:04.998Z</time>
      </trkpt>
      <trkpt lat="48.402597" lon="15.657106">
        <ele>198.343606</ele>
        <time>2026-05-10T12:02:06.998Z</time>
      </trkpt>
      <trkpt lat="48.402508" lon="15.657233">
        <ele>198.277901</ele>
        <time>2026-05-10T12:02:08.998Z</time>
      </trkpt>
      <trkpt lat="48.402424" lon="15.657356">
        <ele>198.215116</ele>
        <time>2026-05-10T12:02:10.998Z</time>
      </trkpt>
      <trkpt lat="48.402339" lon="15.657477">
        <ele>198.209167</ele>
        <time>2026-05-10T12:02:12.998Z</time>
      </trkpt>
      <trkpt lat="48.402254" lon="15.657601">
        <ele>198.248990</ele>
        <time>2026-05-10T12:02:14.998Z</time>
      </trkpt>
      <trkpt lat="48.402166" lon="15.657733">
        <ele>198.290786</ele>
        <time>2026-05-10T12:02:16.998Z</time>
      </trkpt>
      <trkpt lat="48.402076" lon="15.657860">
        <ele>198.332290</ele>
        <time>2026-05-10T12:02:18.998Z</time>
      </trkpt>
      <trkpt lat="48.401990" lon="15.657994">
        <ele>198.373933</ele>
        <time>2026-05-10T12:02:20.998Z</time>
      </trkpt>
      <trkpt lat="48.401901" lon="15.658115">
        <ele>198.414282</ele>
        <time>2026-05-10T12:02:22.998Z</time>
      </trkpt>
      <trkpt lat="48.401820" lon="15.658237">
        <ele>198.452832</ele>
        <time>2026-05-10T12:02:24.998Z</time>
      </trkpt>
      <trkpt lat="48.401738" lon="15.658355">
        <ele>198.490999</ele>
        <time>2026-05-10T12:02:26.998Z</time>
      </trkpt>
      <trkpt lat="48.401660" lon="15.658482">
        <ele>198.529655</ele>
        <time>2026-05-10T12:02:28.998Z</time>
      </trkpt>
      <trkpt lat="48.401590" lon="15.658624">
        <ele>198.569172</ele>
        <time>2026-05-10T12:02:30.998Z</time>
      </trkpt>
      <trkpt lat="48.401523" lon="15.658763">
        <ele>198.607551</ele>
        <time>2026-05-10T12:02:32.998Z</time>
      </trkpt>
      <trkpt lat="48.401434" lon="15.658877">
        <ele>198.646870</ele>
        <time>2026-05-10T12:02:34.998Z</time>
      </trkpt>
      <trkpt lat="48.401352" lon="15.658997">
        <ele>198.685347</ele>
        <time>2026-05-10T12:02:36.999Z</time>
      </trkpt>
      <trkpt lat="48.401268" lon="15.659113">
        <ele>198.723699</ele>
        <time>2026-05-10T12:02:38.999Z</time>
      </trkpt>
      <trkpt lat="48.401184" lon="15.659234">
        <ele>198.762816</ele>
        <time>2026-05-10T12:02:40.999Z</time>
      </trkpt>
      <trkpt lat="48.401100" lon="15.659347">
        <ele>198.782529</ele>
        <time>2026-05-10T12:02:42.999Z</time>
      </trkpt>
      <trkpt lat="48.401019" lon="15.659463">
        <ele>198.735810</ele>
        <time>2026-05-10T12:02:44.999Z</time>
      </trkpt>
      <trkpt lat="48.400937" lon="15.659583">
        <ele>198.688019</ele>
        <time>2026-05-10T12:02:46.999Z</time>
      </trkpt>
      <trkpt lat="48.400851" lon="15.659705">
        <ele>198.638637</ele>
        <time>2026-05-10T12:02:48.999Z</time>
      </trkpt>
      <trkpt lat="48.400767" lon="15.659832">
        <ele>198.588887</ele>
        <time>2026-05-10T12:02:50.999Z</time>
      </trkpt>
      <trkpt lat="48.400685" lon="15.659953">
        <ele>198.540903</ele>
        <time>2026-05-10T12:02:52.999Z</time>
      </trkpt>
      <trkpt lat="48.400594" lon="15.660057">
        <ele>198.493155</ele>
        <time>2026-05-10T12:02:54.999Z</time>
      </trkpt>
      <trkpt lat="48.400519" lon="15.660183">
        <ele>198.446191</ele>
        <time>2026-05-10T12:02:56.999Z</time>
      </trkpt>
      <trkpt lat="48.400439" lon="15.660310">
        <ele>198.397607</ele>
        <time>2026-05-10T12:02:58.999Z</time>
      </trkpt>
      <trkpt lat="48.400359" lon="15.660443">
        <ele>198.347801</ele>
        <time>2026-05-10T12:03:00.999Z</time>
      </trkpt>
      <trkpt lat="48.400278" lon="15.660575">
        <ele>198.297918</ele>
        <time>2026-05-10T12:03:02.999Z</time>
      </trkpt>
      <trkpt lat="48.400203" lon="15.660714">
        <ele>198.248209</ele>
        <time>2026-05-10T12:03:04.999Z</time>
      </trkpt>
      <trkpt lat="48.400125" lon="15.660854">
        <ele>198.197489</ele>
        <time>2026-05-10T12:03:06.999Z</time>
      </trkpt>
      <trkpt lat="48.400046" lon="15.660997">
        <ele>198.145861</ele>
        <time>2026-05-10T12:03:08.999Z</time>
      </trkpt>
      <trkpt lat="48.399971" lon="15.661142">
        <ele>198.094850</ele>
        <time>2026-05-10T12:03:10.999Z</time>
      </trkpt>
      <trkpt lat="48.399901" lon="15.661286">
        <ele>198.045319</ele>
        <time>2026-05-10T12:03:12.999Z</time>
      </trkpt>
      <trkpt lat="48.399830" lon="15.661431">
        <ele>198.009421</ele>
        <time>2026-05-10T12:03:14.999Z</time>
      </trkpt>
      <trkpt lat="48.399758" lon="15.661574">
        <ele>197.975068</ele>
        <time>2026-05-10T12:03:16.999Z</time>
      </trkpt>
      <trkpt lat="48.399693" lon="15.661717">
        <ele>197.941896</ele>
        <time>2026-05-10T12:03:18.999Z</time>
      </trkpt>
      <trkpt lat="48.399624" lon="15.661869">
        <ele>197.906651</ele>
        <time>2026-05-10T12:03:20.999Z</time>
      </trkpt>
      <trkpt lat="48.399555" lon="15.662019">
        <ele>197.871721</ele>
        <time>2026-05-10T12:03:22.999Z</time>
      </trkpt>
      <trkpt lat="48.399488" lon="15.662177">
        <ele>197.835835</ele>
        <time>2026-05-10T12:03:24.999Z</time>
      </trkpt>
      <trkpt lat="48.399424" lon="15.662338">
        <ele>197.799916</ele>
        <time>2026-05-10T12:03:26.999Z</time>
      </trkpt>
      <trkpt lat="48.399359" lon="15.662501">
        <ele>197.763521</ele>
        <time>2026-05-10T12:03:28.999Z</time>
      </trkpt>
      <trkpt lat="48.399297" lon="15.662670">
        <ele>197.726562</ele>
        <time>2026-05-10T12:03:30.999Z</time>
      </trkpt>
      <trkpt lat="48.399229" lon="15.662834">
        <ele>197.689551</ele>
        <time>2026-05-10T12:03:32.999Z</time>
      </trkpt>
      <trkpt lat="48.399171" lon="15.662997">
        <ele>197.654152</ele>
        <time>2026-05-10T12:03:34.999Z</time>
      </trkpt>
      <trkpt lat="48.399113" lon="15.663165">
        <ele>197.617907</ele>
        <time>2026-05-10T12:03:36.999Z</time>
      </trkpt>
      <trkpt lat="48.399056" lon="15.663334">
        <ele>197.581623</ele>
        <time>2026-05-10T12:03:38.999Z</time>
      </trkpt>
      <trkpt lat="48.398997" lon="15.663502">
        <ele>197.545244</ele>
        <time>2026-05-10T12:03:40.999Z</time>
      </trkpt>
      <trkpt lat="48.398943" lon="15.663671">
        <ele>197.517096</ele>
        <time>2026-05-10T12:03:42.999Z</time>
      </trkpt>
      <trkpt lat="48.398893" lon="15.663847">
        <ele>197.502521</ele>
        <time>2026-05-10T12:03:44.999Z</time>
      </trkpt>
      <trkpt lat="48.398842" lon="15.664023">
        <ele>197.487901</ele>
        <time>2026-05-10T12:03:46.998Z</time>
      </trkpt>
      <trkpt lat="48.398796" lon="15.664201">
        <ele>197.473359</ele>
        <time>2026-05-10T12:03:48.998Z</time>
      </trkpt>
      <trkpt lat="48.398750" lon="15.664381">
        <ele>197.458675</ele>
        <time>2026-05-10T12:03:50.998Z</time>
      </trkpt>
      <trkpt lat="48.398703" lon="15.664560">
        <ele>197.444019</ele>
        <time>2026-05-10T12:03:52.998Z</time>
      </trkpt>
      <trkpt lat="48.398655" lon="15.664732">
        <ele>197.429815</ele>
        <time>2026-05-10T12:03:54.998Z</time>
      </trkpt>
      <trkpt lat="48.398618" lon="15.664910">
        <ele>197.415614</ele>
        <time>2026-05-10T12:03:56.998Z</time>
      </trkpt>
      <trkpt lat="48.398573" lon="15.665085">
        <ele>197.401326</ele>
        <time>2026-05-10T12:03:58.998Z</time>
      </trkpt>
      <trkpt lat="48.398533" lon="15.665260">
        <ele>197.387235</ele>
        <time>2026-05-10T12:04:00.998Z</time>
      </trkpt>
      <trkpt lat="48.398490" lon="15.665433">
        <ele>197.373171</ele>
        <time>2026-05-10T12:04:02.998Z</time>
      </trkpt>
      <trkpt lat="48.398454" lon="15.665608">
        <ele>197.359223</ele>
        <time>2026-05-10T12:04:04.998Z</time>
      </trkpt>
      <trkpt lat="48.398412" lon="15.665782">
        <ele>197.345127</ele>
        <time>2026-05-10T12:04:06.998Z</time>
      </trkpt>
      <trkpt lat="48.398367" lon="15.665955">
        <ele>197.330981</ele>
        <time>2026-05-10T12:04:08.998Z</time>
      </trkpt>
      <trkpt lat="48.398327" lon="15.666129">
        <ele>197.316962</ele>
        <time>2026-05-10T12:04:10.998Z</time>
      </trkpt>
      <trkpt lat="48.398287" lon="15.666302">
        <ele>197.313470</ele>
        <time>2026-05-10T12:04:12.998Z</time>
      </trkpt>
      <trkpt lat="48.398245" lon="15.666479">
        <ele>197.310712</ele>
        <time>2026-05-10T12:04:14.998Z</time>
      </trkpt>
      <trkpt lat="48.398204" lon="15.666654">
        <ele>197.307989</ele>
        <time>2026-05-10T12:04:16.998Z</time>
      </trkpt>
      <trkpt lat="48.398165" lon="15.666837">
        <ele>197.305170</ele>
        <time>2026-05-10T12:04:18.998Z</time>
      </trkpt>
      <trkpt lat="48.398122" lon="15.667012">
        <ele>197.302432</ele>
        <time>2026-05-10T12:04:20.998Z</time>
      </trkpt>
      <trkpt lat="48.398079" lon="15.667190">
        <ele>197.299653</ele>
        <time>2026-05-10T12:04:22.998Z</time>
      </trkpt>
      <trkpt lat="48.398039" lon="15.667364">
        <ele>197.296951</ele>
        <time>2026-05-10T12:04:24.998Z</time>
      </trkpt>
      <trkpt lat="48.397998" lon="15.667542">
        <ele>197.294187</ele>
        <time>2026-05-10T12:04:26.998Z</time>
      </trkpt>
      <trkpt lat="48.397961" lon="15.667719">
        <ele>197.291465</ele>
        <time>2026-05-10T12:04:28.998Z</time>
      </trkpt>
      <trkpt lat="48.397919" lon="15.667893">
        <ele>197.288748</ele>
        <time>2026-05-10T12:04:30.998Z</time>
      </trkpt>
      <trkpt lat="48.397888" lon="15.668071">
        <ele>197.286048</ele>
        <time>2026-05-10T12:04:32.998Z</time>
      </trkpt>
      <trkpt lat="48.397859" lon="15.668246">
        <ele>197.283402</ele>
        <time>2026-05-10T12:04:34.998Z</time>
      </trkpt>
      <trkpt lat="48.397805" lon="15.668405">
        <ele>197.280782</ele>
        <time>2026-05-10T12:04:36.998Z</time>
      </trkpt>
      <trkpt lat="48.397763" lon="15.668571">
        <ele>197.278176</ele>
        <time>2026-05-10T12:04:38.998Z</time>
      </trkpt>
      <trkpt lat="48.397723" lon="15.668732">
        <ele>197.283071</ele>
        <time>2026-05-10T12:04:40.998Z</time>
      </trkpt>
      <trkpt lat="48.397693" lon="15.668907">
        <ele>197.315119</ele>
        <time>2026-05-10T12:04:42.999Z</time>
      </trkpt>
      <trkpt lat="48.397652" lon="15.669071">
        <ele>197.346191</ele>
        <time>2026-05-10T12:04:44.999Z</time>
      </trkpt>
      <trkpt lat="48.397605" lon="15.669231">
        <ele>197.377214</ele>
        <time>2026-05-10T12:04:46.999Z</time>
      </trkpt>
      <trkpt lat="48.397560" lon="15.669392">
        <ele>197.408188</ele>
        <time>2026-05-10T12:04:48.999Z</time>
      </trkpt>
      <trkpt lat="48.397518" lon="15.669555">
        <ele>197.439190</ele>
        <time>2026-05-10T12:04:50.999Z</time>
      </trkpt>
      <trkpt lat="48.397475" lon="15.669722">
        <ele>197.470951</ele>
        <time>2026-05-10T12:04:52.999Z</time>
      </trkpt>
      <trkpt lat="48.397430" lon="15.669884">
        <ele>197.502088</ele>
        <time>2026-05-10T12:04:54.999Z</time>
      </trkpt>
      <trkpt lat="48.397383" lon="15.670043">
        <ele>197.532949</ele>
        <time>2026-05-10T12:04:56.999Z</time>
      </trkpt>
      <trkpt lat="48.397332" lon="15.670207">
        <ele>197.565060</ele>
        <time>2026-05-10T12:04:58.999Z</time>
      </trkpt>
      <trkpt lat="48.397282" lon="15.670367">
        <ele>197.596416</ele>
        <time>2026-05-10T12:05:00.999Z</time>
      </trkpt>
      <trkpt lat="48.397220" lon="15.670503">
        <ele>197.625668</ele>
        <time>2026-05-10T12:05:02.999Z</time>
      </trkpt>
      <trkpt lat="48.397175" lon="15.670633">
        <ele>197.651663</ele>
        <time>2026-05-10T12:05:04.999Z</time>
      </trkpt>
      <trkpt lat="48.397118" lon="15.670810">
        <ele>197.686545</ele>
        <time>2026-05-10T12:05:07.999Z</time>
      </trkpt>
      <trkpt lat="48.397062" lon="15.670939">
        <ele>197.713874</ele>
        <time>2026-05-10T12:05:10.999Z</time>
      </trkpt>
      <trkpt lat="48.397012" lon="15.671056">
        <ele>197.738546</ele>
        <time>2026-05-10T12:05:29.999Z</time>
      </trkpt>
      <trkpt lat="48.396950" lon="15.671273">
        <ele>197.673152</ele>
        <time>2026-05-10T12:09:26.999Z</time>
      </trkpt>
      <trkpt lat="48.396903" lon="15.671401">
        <ele>197.582542</ele>
        <time>2026-05-10T12:09:28.999Z</time>
      </trkpt>
      <trkpt lat="48.396850" lon="15.671548">
        <ele>197.478921</ele>
        <time>2026-05-10T12:09:30.999Z</time>
      </trkpt>
      <trkpt lat="48.396795" lon="15.671697">
        <ele>197.373315</ele>
        <time>2026-05-10T12:09:32.999Z</time>
      </trkpt>
      <trkpt lat="48.396741" lon="15.671840">
        <ele>197.271406</ele>
        <time>2026-05-10T12:09:34.999Z</time>
      </trkpt>
      <trkpt lat="48.396687" lon="15.671986">
        <ele>197.167877</ele>
        <time>2026-05-10T12:09:36.999Z</time>
      </trkpt>
      <trkpt lat="48.396633" lon="15.672129">
        <ele>197.065968</ele>
        <time>2026-05-10T12:09:38.999Z</time>
      </trkpt>
      <trkpt lat="48.396577" lon="15.672278">
        <ele>196.959905</ele>
        <time>2026-05-10T12:09:40.999Z</time>
      </trkpt>
      <trkpt lat="48.396532" lon="15.672433">
        <ele>196.855108</ele>
        <time>2026-05-10T12:09:42.999Z</time>
      </trkpt>
      <trkpt lat="48.396484" lon="15.672566">
        <ele>196.761334</ele>
        <time>2026-05-10T12:09:44.999Z</time>
      </trkpt>
      <trkpt lat="48.396431" lon="15.672701">
        <ele>196.664179</ele>
        <time>2026-05-10T12:09:46.999Z</time>
      </trkpt>
      <trkpt lat="48.396379" lon="15.672824">
        <ele>196.573850</ele>
        <time>2026-05-10T12:09:48.999Z</time>
      </trkpt>
      <trkpt lat="48.396324" lon="15.672951">
        <ele>196.479920</ele>
        <time>2026-05-10T12:09:50.999Z</time>
      </trkpt>
      <trkpt lat="48.396273" lon="15.673070">
        <ele>196.392180</ele>
        <time>2026-05-10T12:09:52.999Z</time>
      </trkpt>
      <trkpt lat="48.396200" lon="15.673242">
        <ele>196.265722</ele>
        <time>2026-05-10T12:09:55.999Z</time>
      </trkpt>
      <trkpt lat="48.396152" lon="15.673364">
        <ele>196.177874</ele>
        <time>2026-05-10T12:09:57.999Z</time>
      </trkpt>
      <trkpt lat="48.396101" lon="15.673477">
        <ele>196.093232</ele>
        <time>2026-05-10T12:09:59.999Z</time>
      </trkpt>
      <trkpt lat="48.396053" lon="15.673592">
        <ele>196.083874</ele>
        <time>2026-05-10T12:10:01.999Z</time>
      </trkpt>
      <trkpt lat="48.396000" lon="15.673705">
        <ele>196.090569</ele>
        <time>2026-05-10T12:10:03.999Z</time>
      </trkpt>
      <trkpt lat="48.395951" lon="15.673819">
        <ele>196.097141</ele>
        <time>2026-05-10T12:10:05.998Z</time>
      </trkpt>
      <trkpt lat="48.395895" lon="15.673932">
        <ele>196.103964</ele>
        <time>2026-05-10T12:10:07.998Z</time>
      </trkpt>
      <trkpt lat="48.395841" lon="15.674053">
        <ele>196.111019</ele>
        <time>2026-05-10T12:10:09.998Z</time>
      </trkpt>
      <trkpt lat="48.395787" lon="15.674174">
        <ele>196.118075</ele>
        <time>2026-05-10T12:10:11.998Z</time>
      </trkpt>
      <trkpt lat="48.395730" lon="15.674290">
        <ele>196.125058</ele>
        <time>2026-05-10T12:10:13.998Z</time>
      </trkpt>
      <trkpt lat="48.395672" lon="15.674408">
        <ele>196.132163</ele>
        <time>2026-05-10T12:10:15.998Z</time>
      </trkpt>
      <trkpt lat="48.395616" lon="15.674534">
        <ele>196.139501</ele>
        <time>2026-05-10T12:10:17.998Z</time>
      </trkpt>
      <trkpt lat="48.395556" lon="15.674662">
        <ele>196.147083</ele>
        <time>2026-05-10T12:10:19.998Z</time>
      </trkpt>
      <trkpt lat="48.395498" lon="15.674797">
        <ele>196.154864</ele>
        <time>2026-05-10T12:10:21.998Z</time>
      </trkpt>
      <trkpt lat="48.395434" lon="15.674943">
        <ele>196.163331</ele>
        <time>2026-05-10T12:10:23.998Z</time>
      </trkpt>
      <trkpt lat="48.395368" lon="15.675078">
        <ele>196.171444</ele>
        <time>2026-05-10T12:10:25.998Z</time>
      </trkpt>
      <trkpt lat="48.395301" lon="15.675220">
        <ele>196.179874</ele>
        <time>2026-05-10T12:10:27.998Z</time>
      </trkpt>
      <trkpt lat="48.395234" lon="15.675363">
        <ele>196.188343</ele>
        <time>2026-05-10T12:10:29.998Z</time>
      </trkpt>
      <trkpt lat="48.395172" lon="15.675503">
        <ele>196.196487</ele>
        <time>2026-05-10T12:10:31.998Z</time>
      </trkpt>
      <trkpt lat="48.395111" lon="15.675640">
        <ele>196.204470</ele>
        <time>2026-05-10T12:10:33.998Z</time>
      </trkpt>
      <trkpt lat="48.395051" lon="15.675774">
        <ele>196.197526</ele>
        <time>2026-05-10T12:10:35.998Z</time>
      </trkpt>
      <trkpt lat="48.394988" lon="15.675906">
        <ele>196.163092</ele>
        <time>2026-05-10T12:10:37.998Z</time>
      </trkpt>
      <trkpt lat="48.394923" lon="15.676042">
        <ele>196.127597</ele>
        <time>2026-05-10T12:10:39.998Z</time>
      </trkpt>
      <trkpt lat="48.394860" lon="15.676179">
        <ele>196.092298</ele>
        <time>2026-05-10T12:10:41.998Z</time>
      </trkpt>
      <trkpt lat="48.394798" lon="15.676320">
        <ele>196.056476</ele>
        <time>2026-05-10T12:10:43.998Z</time>
      </trkpt>
      <trkpt lat="48.394733" lon="15.676463">
        <ele>196.019768</ele>
        <time>2026-05-10T12:10:45.998Z</time>
      </trkpt>
      <trkpt lat="48.394674" lon="15.676614">
        <ele>195.982656</ele>
        <time>2026-05-10T12:10:47.998Z</time>
      </trkpt>
      <trkpt lat="48.394610" lon="15.676763">
        <ele>195.945067</ele>
        <time>2026-05-10T12:10:49.998Z</time>
      </trkpt>
      <trkpt lat="48.394555" lon="15.676922">
        <ele>195.907091</ele>
        <time>2026-05-10T12:10:51.998Z</time>
      </trkpt>
      <trkpt lat="48.394501" lon="15.677075">
        <ele>195.870388</ele>
        <time>2026-05-10T12:10:53.998Z</time>
      </trkpt>
      <trkpt lat="48.394449" lon="15.677226">
        <ele>195.834357</ele>
        <time>2026-05-10T12:10:55.998Z</time>
      </trkpt>
      <trkpt lat="48.394405" lon="15.677385">
        <ele>195.797870</ele>
        <time>2026-05-10T12:10:57.998Z</time>
      </trkpt>
      <trkpt lat="48.394354" lon="15.677529">
        <ele>195.763300</ele>
        <time>2026-05-10T12:10:59.998Z</time>
      </trkpt>
      <trkpt lat="48.394309" lon="15.677680">
        <ele>195.728241</ele>
        <time>2026-05-10T12:11:01.999Z</time>
      </trkpt>
      <trkpt lat="48.394262" lon="15.677826">
        <ele>195.693872</ele>
        <time>2026-05-10T12:11:03.999Z</time>
      </trkpt>
      <trkpt lat="48.394223" lon="15.677983">
        <ele>195.658364</ele>
        <time>2026-05-10T12:11:05.999Z</time>
      </trkpt>
      <trkpt lat="48.394180" lon="15.678136">
        <ele>195.615774</ele>
        <time>2026-05-10T12:11:07.999Z</time>
      </trkpt>
      <trkpt lat="48.394138" lon="15.678285">
        <ele>195.561337</ele>
        <time>2026-05-10T12:11:09.999Z</time>
      </trkpt>
      <trkpt lat="48.394095" lon="15.678438">
        <ele>195.505463</ele>
        <time>2026-05-10T12:11:11.999Z</time>
      </trkpt>
      <trkpt lat="48.394045" lon="15.678581">
        <ele>195.451112</ele>
        <time>2026-05-10T12:11:13.999Z</time>
      </trkpt>
      <trkpt lat="48.394020" lon="15.678750">
        <ele>195.392883</ele>
        <time>2026-05-10T12:11:15.999Z</time>
      </trkpt>
      <trkpt lat="48.393980" lon="15.678910">
        <ele>195.335386</ele>
        <time>2026-05-10T12:11:17.999Z</time>
      </trkpt>
      <trkpt lat="48.393949" lon="15.679075">
        <ele>195.277718</ele>
        <time>2026-05-10T12:11:19.999Z</time>
      </trkpt>
      <trkpt lat="48.393916" lon="15.679242">
        <ele>195.219120</ele>
        <time>2026-05-10T12:11:21.999Z</time>
      </trkpt>
      <trkpt lat="48.393885" lon="15.679413">
        <ele>195.159507</ele>
        <time>2026-05-10T12:11:23.999Z</time>
      </trkpt>
      <trkpt lat="48.393856" lon="15.679588">
        <ele>195.098849</ele>
        <time>2026-05-10T12:11:25.999Z</time>
      </trkpt>
      <trkpt lat="48.393830" lon="15.679764">
        <ele>195.038212</ele>
        <time>2026-05-10T12:11:27.999Z</time>
      </trkpt>
      <trkpt lat="48.393806" lon="15.679939">
        <ele>194.978116</ele>
        <time>2026-05-10T12:11:29.999Z</time>
      </trkpt>
      <trkpt lat="48.393785" lon="15.680116">
        <ele>194.917647</ele>
        <time>2026-05-10T12:11:31.999Z</time>
      </trkpt>
      <trkpt lat="48.393770" lon="15.680298">
        <ele>194.855969</ele>
        <time>2026-05-10T12:11:33.999Z</time>
      </trkpt>
      <trkpt lat="48.393754" lon="15.680477">
        <ele>194.795228</ele>
        <time>2026-05-10T12:11:35.999Z</time>
      </trkpt>
      <trkpt lat="48.393736" lon="15.680660">
        <ele>194.733012</ele>
        <time>2026-05-10T12:11:37.999Z</time>
      </trkpt>
      <trkpt lat="48.393729" lon="15.680844">
        <ele>194.804051</ele>
        <time>2026-05-10T12:11:39.999Z</time>
      </trkpt>
      <trkpt lat="48.393716" lon="15.681031">
        <ele>194.897300</ele>
        <time>2026-05-10T12:11:41.999Z</time>
      </trkpt>
      <trkpt lat="48.393706" lon="15.681220">
        <ele>194.991330</ele>
        <time>2026-05-10T12:11:43.999Z</time>
      </trkpt>
      <trkpt lat="48.393698" lon="15.681410">
        <ele>195.085749</ele>
        <time>2026-05-10T12:11:45.999Z</time>
      </trkpt>
      <trkpt lat="48.393695" lon="15.681603">
        <ele>195.181492</ele>
        <time>2026-05-10T12:11:47.999Z</time>
      </trkpt>
      <trkpt lat="48.393695" lon="15.681791">
        <ele>195.274730</ele>
        <time>2026-05-10T12:11:49.999Z</time>
      </trkpt>
      <trkpt lat="48.393698" lon="15.681980">
        <ele>195.368490</ele>
        <time>2026-05-10T12:11:51.999Z</time>
      </trkpt>
      <trkpt lat="48.393696" lon="15.682164">
        <ele>195.459756</ele>
        <time>2026-05-10T12:11:53.999Z</time>
      </trkpt>
      <trkpt lat="48.393704" lon="15.682345">
        <ele>195.549720</ele>
        <time>2026-05-10T12:11:55.999Z</time>
      </trkpt>
      <trkpt lat="48.393710" lon="15.682530">
        <ele>195.641579</ele>
        <time>2026-05-10T12:11:57.999Z</time>
      </trkpt>
      <trkpt lat="48.393718" lon="15.682709">
        <ele>195.730554</ele>
        <time>2026-05-10T12:11:59.999Z</time>
      </trkpt>
      <trkpt lat="48.393730" lon="15.682895">
        <ele>195.823234</ele>
        <time>2026-05-10T12:12:01.999Z</time>
      </trkpt>
      <trkpt lat="48.393740" lon="15.683077">
        <ele>195.913804</ele>
        <time>2026-05-10T12:12:03.999Z</time>
      </trkpt>
      <trkpt lat="48.393754" lon="15.683244">
        <ele>195.997284</ele>
        <time>2026-05-10T12:12:05.999Z</time>
      </trkpt>
      <trkpt lat="48.393768" lon="15.683443">
        <ele>196.095694</ele>
        <time>2026-05-10T12:12:07.999Z</time>
      </trkpt>
      <trkpt lat="48.393781" lon="15.683624">
        <ele>196.183324</ele>
        <time>2026-05-10T12:12:09.999Z</time>
      </trkpt>
      <trkpt lat="48.393800" lon="15.683813">
        <ele>196.275333</ele>
        <time>2026-05-10T12:12:11.999Z</time>
      </trkpt>
      <trkpt lat="48.393818" lon="15.683998">
        <ele>196.365331</ele>
        <time>2026-05-10T12:12:13.998Z</time>
      </trkpt>
      <trkpt lat="48.393838" lon="15.684179">
        <ele>196.453651</ele>
        <time>2026-05-10T12:12:15.998Z</time>
      </trkpt>
      <trkpt lat="48.393856" lon="15.684344">
        <ele>196.534136</ele>
        <time>2026-05-10T12:12:17.998Z</time>
      </trkpt>
      <trkpt lat="48.393869" lon="15.684519">
        <ele>196.618895</ele>
        <time>2026-05-10T12:12:19.998Z</time>
      </trkpt>
      <trkpt lat="48.393877" lon="15.684712">
        <ele>196.711974</ele>
        <time>2026-05-10T12:12:21.998Z</time>
      </trkpt>
      <trkpt lat="48.393895" lon="15.684894">
        <ele>196.800543</ele>
        <time>2026-05-10T12:12:23.998Z</time>
      </trkpt>
      <trkpt lat="48.393908" lon="15.685082">
        <ele>196.891524</ele>
        <time>2026-05-10T12:12:25.998Z</time>
      </trkpt>
      <trkpt lat="48.393917" lon="15.685271">
        <ele>196.982730</ele>
        <time>2026-05-10T12:12:27.998Z</time>
      </trkpt>
      <trkpt lat="48.393922" lon="15.685459">
        <ele>197.073293</ele>
        <time>2026-05-10T12:12:29.998Z</time>
      </trkpt>
      <trkpt lat="48.393933" lon="15.685642">
        <ele>197.161738</ele>
        <time>2026-05-10T12:12:31.998Z</time>
      </trkpt>
      <trkpt lat="48.393936" lon="15.685832">
        <ele>197.253217</ele>
        <time>2026-05-10T12:12:33.998Z</time>
      </trkpt>
      <trkpt lat="48.393933" lon="15.686018">
        <ele>197.342772</ele>
        <time>2026-05-10T12:12:35.998Z</time>
      </trkpt>
      <trkpt lat="48.393938" lon="15.686202">
        <ele>197.334054</ele>
        <time>2026-05-10T12:12:37.998Z</time>
      </trkpt>
      <trkpt lat="48.393938" lon="15.686385">
        <ele>197.277777</ele>
        <time>2026-05-10T12:12:39.998Z</time>
      </trkpt>
      <trkpt lat="48.393932" lon="15.686574">
        <ele>197.219587</ele>
        <time>2026-05-10T12:12:41.998Z</time>
      </trkpt>
      <trkpt lat="48.393926" lon="15.686753">
        <ele>197.164470</ele>
        <time>2026-05-10T12:12:43.998Z</time>
      </trkpt>
      <trkpt lat="48.393915" lon="15.686937">
        <ele>197.107656</ele>
        <time>2026-05-10T12:12:45.998Z</time>
      </trkpt>
      <trkpt lat="48.393909" lon="15.687117">
        <ele>197.052231</ele>
        <time>2026-05-10T12:12:47.998Z</time>
      </trkpt>
      <trkpt lat="48.393893" lon="15.687283">
        <ele>197.000647</ele>
        <time>2026-05-10T12:12:49.998Z</time>
      </trkpt>
      <trkpt lat="48.393882" lon="15.687455">
        <ele>196.947507</ele>
        <time>2026-05-10T12:12:51.998Z</time>
      </trkpt>
      <trkpt lat="48.393860" lon="15.687620">
        <ele>196.895752</ele>
        <time>2026-05-10T12:12:53.998Z</time>
      </trkpt>
      <trkpt lat="48.393850" lon="15.687786">
        <ele>196.844493</ele>
        <time>2026-05-10T12:12:55.998Z</time>
      </trkpt>
      <trkpt lat="48.393831" lon="15.687953">
        <ele>196.792387</ele>
        <time>2026-05-10T12:12:57.998Z</time>
      </trkpt>
      <trkpt lat="48.393816" lon="15.688125">
        <ele>196.739038</ele>
        <time>2026-05-10T12:12:59.998Z</time>
      </trkpt>
      <trkpt lat="48.393801" lon="15.688295">
        <ele>196.686299</ele>
        <time>2026-05-10T12:13:01.998Z</time>
      </trkpt>
      <trkpt lat="48.393769" lon="15.688467">
        <ele>196.631367</ele>
        <time>2026-05-10T12:13:03.998Z</time>
      </trkpt>
      <trkpt lat="48.393763" lon="15.688634">
        <ele>196.579935</ele>
        <time>2026-05-10T12:13:05.998Z</time>
      </trkpt>
      <trkpt lat="48.393753" lon="15.688791">
        <ele>196.507958</ele>
        <time>2026-05-10T12:13:07.999Z</time>
      </trkpt>
      <trkpt lat="48.393719" lon="15.688970">
        <ele>196.272765</ele>
        <time>2026-05-10T12:13:10.999Z</time>
      </trkpt>
      <trkpt lat="48.393697" lon="15.689123">
        <ele>196.075007</ele>
        <time>2026-05-10T12:13:14.999Z</time>
      </trkpt>
      <trkpt lat="48.393658" lon="15.689274">
        <ele>195.870333</ele>
        <time>2026-05-10T12:13:19.999Z</time>
      </trkpt>
      <trkpt lat="48.393544" lon="15.689276">
        <ele>195.653437</ele>
        <time>2026-05-10T12:13:23.999Z</time>
      </trkpt>
      <trkpt lat="48.393443" lon="15.689257">
        <ele>195.459794</ele>
        <time>2026-05-10T12:13:26.999Z</time>
      </trkpt>
      <trkpt lat="48.393335" lon="15.689242">
        <ele>195.253455</ele>
        <time>2026-05-10T12:13:29.999Z</time>
      </trkpt>
      <trkpt lat="48.393224" lon="15.689223">
        <ele>195.040921</ele>
        <time>2026-05-10T12:13:32.999Z</time>
      </trkpt>
      <trkpt lat="48.393129" lon="15.689183">
        <ele>194.853256</ele>
        <time>2026-05-10T12:13:34.999Z</time>
      </trkpt>
      <trkpt lat="48.393012" lon="15.689172">
        <ele>194.630233</ele>
        <time>2026-05-10T12:13:36.999Z</time>
      </trkpt>
      <trkpt lat="48.392888" lon="15.689133">
        <ele>194.389237</ele>
        <time>2026-05-10T12:13:38.999Z</time>
      </trkpt>
      <trkpt lat="48.392742" lon="15.689063">
        <ele>194.097739</ele>
        <time>2026-05-10T12:13:40.999Z</time>
      </trkpt>
      <trkpt lat="48.392599" lon="15.689057">
        <ele>193.825580</ele>
        <time>2026-05-10T12:13:42.999Z</time>
      </trkpt>
      <trkpt lat="48.392466" lon="15.689069">
        <ele>193.572098</ele>
        <time>2026-05-10T12:13:44.999Z</time>
      </trkpt>
      <trkpt lat="48.392326" lon="15.689175">
        <ele>193.273984</ele>
        <time>2026-05-10T12:13:46.999Z</time>
      </trkpt>
      <trkpt lat="48.392204" lon="15.689311">
        <ele>193.254902</ele>
        <time>2026-05-10T12:13:48.999Z</time>
      </trkpt>
      <trkpt lat="48.392137" lon="15.689443">
        <ele>193.474153</ele>
        <time>2026-05-10T12:13:50.999Z</time>
      </trkpt>
      <trkpt lat="48.392111" lon="15.689601">
        <ele>193.688961</ele>
        <time>2026-05-10T12:13:52.999Z</time>
      </trkpt>
      <trkpt lat="48.392065" lon="15.689822">
        <ele>193.994590</ele>
        <time>2026-05-10T12:13:55.999Z</time>
      </trkpt>
      <trkpt lat="48.392024" lon="15.689952">
        <ele>194.184508</ele>
        <time>2026-05-10T12:13:57.999Z</time>
      </trkpt>
      <trkpt lat="48.391995" lon="15.690134">
        <ele>194.431498</ele>
        <time>2026-05-10T12:13:59.999Z</time>
      </trkpt>
      <trkpt lat="48.391967" lon="15.690272">
        <ele>194.621918</ele>
        <time>2026-05-10T12:14:01.999Z</time>
      </trkpt>
      <trkpt lat="48.391919" lon="15.690412">
        <ele>194.829839</ele>
        <time>2026-05-10T12:14:03.999Z</time>
      </trkpt>
      <trkpt lat="48.391882" lon="15.690595">
        <ele>195.082277</ele>
        <time>2026-05-10T12:14:05.999Z</time>
      </trkpt>
      <trkpt lat="48.391855" lon="15.690771">
        <ele>195.320650</ele>
        <time>2026-05-10T12:14:07.999Z</time>
      </trkpt>
      <trkpt lat="48.391798" lon="15.690901">
        <ele>195.526226</ele>
        <time>2026-05-10T12:14:09.999Z</time>
      </trkpt>
      <trkpt lat="48.391744" lon="15.691032">
        <ele>195.729699</ele>
        <time>2026-05-10T12:14:11.999Z</time>
      </trkpt>
      <trkpt lat="48.391672" lon="15.691136">
        <ele>195.927963</ele>
        <time>2026-05-10T12:14:13.999Z</time>
      </trkpt>
      <trkpt lat="48.391588" lon="15.691200">
        <ele>196.115045</ele>
        <time>2026-05-10T12:14:15.999Z</time>
      </trkpt>
      <trkpt lat="48.391486" lon="15.691238">
        <ele>196.323860</ele>
        <time>2026-05-10T12:14:17.999Z</time>
      </trkpt>
      <trkpt lat="48.391374" lon="15.691273">
        <ele>196.551180</ele>
        <time>2026-05-10T12:14:19.999Z</time>
      </trkpt>
      <trkpt lat="48.391265" lon="15.691312">
        <ele>196.682966</ele>
        <time>2026-05-10T12:14:21.999Z</time>
      </trkpt>
      <trkpt lat="48.391157" lon="15.691304">
        <ele>196.660519</ele>
        <time>2026-05-10T12:14:23.998Z</time>
      </trkpt>
      <trkpt lat="48.391034" lon="15.691356">
        <ele>196.633998</ele>
        <time>2026-05-10T12:14:25.998Z</time>
      </trkpt>
      <trkpt lat="48.390909" lon="15.691360">
        <ele>196.608043</ele>
        <time>2026-05-10T12:14:27.998Z</time>
      </trkpt>
      <trkpt lat="48.390793" lon="15.691378">
        <ele>196.583835</ele>
        <time>2026-05-10T12:14:29.998Z</time>
      </trkpt>
      <trkpt lat="48.390682" lon="15.691408">
        <ele>196.560424</ele>
        <time>2026-05-10T12:14:31.998Z</time>
      </trkpt>
      <trkpt lat="48.390567" lon="15.691431">
        <ele>196.536341</ele>
        <time>2026-05-10T12:14:33.998Z</time>
      </trkpt>
      <trkpt lat="48.390438" lon="15.691457">
        <ele>196.509323</ele>
        <time>2026-05-10T12:14:35.998Z</time>
      </trkpt>
      <trkpt lat="48.390328" lon="15.691458">
        <ele>196.486487</ele>
        <time>2026-05-10T12:14:37.998Z</time>
      </trkpt>
      <trkpt lat="48.390213" lon="15.691478">
        <ele>196.462456</ele>
        <time>2026-05-10T12:14:39.998Z</time>
      </trkpt>
      <trkpt lat="48.390109" lon="15.691493">
        <ele>196.440767</ele>
        <time>2026-05-10T12:14:41.998Z</time>
      </trkpt>
      <trkpt lat="48.389977" lon="15.691537">
        <ele>196.412702</ele>
        <time>2026-05-10T12:14:43.998Z</time>
      </trkpt>
      <trkpt lat="48.389859" lon="15.691567">
        <ele>196.387859</ele>
        <time>2026-05-10T12:14:45.998Z</time>
      </trkpt>
      <trkpt lat="48.389742" lon="15.691582">
        <ele>196.363483</ele>
        <time>2026-05-10T12:14:47.998Z</time>
      </trkpt>
      <trkpt lat="48.389626" lon="15.691648">
        <ele>196.337741</ele>
        <time>2026-05-10T12:14:49.998Z</time>
      </trkpt>
      <trkpt lat="48.389513" lon="15.691691">
        <ele>196.344242</ele>
        <time>2026-05-10T12:14:51.998Z</time>
      </trkpt>
      <trkpt lat="48.389399" lon="15.691750">
        <ele>196.485144</ele>
        <time>2026-05-10T12:14:53.998Z</time>
      </trkpt>
      <trkpt lat="48.389303" lon="15.691795">
        <ele>196.602667</ele>
        <time>2026-05-10T12:14:55.998Z</time>
      </trkpt>
      <trkpt lat="48.389212" lon="15.691846">
        <ele>196.716163</ele>
        <time>2026-05-10T12:14:57.998Z</time>
      </trkpt>
      <trkpt lat="48.389116" lon="15.691915">
        <ele>196.840501</ele>
        <time>2026-05-10T12:14:59.998Z</time>
      </trkpt>
      <trkpt lat="48.389015" lon="15.692001">
        <ele>196.976124</ele>
        <time>2026-05-10T12:15:01.998Z</time>
      </trkpt>
      <trkpt lat="48.388941" lon="15.692104">
        <ele>197.093911</ele>
        <time>2026-05-10T12:15:03.998Z</time>
      </trkpt>
      <trkpt lat="48.388878" lon="15.692236">
        <ele>197.220090</ele>
        <time>2026-05-10T12:15:05.998Z</time>
      </trkpt>
      <trkpt lat="48.388805" lon="15.692385">
        <ele>197.363816</ele>
        <time>2026-05-10T12:15:07.998Z</time>
      </trkpt>
      <trkpt lat="48.388759" lon="15.692536">
        <ele>197.492770</ele>
        <time>2026-05-10T12:15:09.998Z</time>
      </trkpt>
      <trkpt lat="48.388705" lon="15.692672">
        <ele>197.615767</ele>
        <time>2026-05-10T12:15:12.999Z</time>
      </trkpt>
      <trkpt lat="48.388680" lon="15.692828">
        <ele>197.740334</ele>
        <time>2026-05-10T12:15:14.999Z</time>
      </trkpt>
      <trkpt lat="48.388657" lon="15.693008">
        <ele>197.882616</ele>
        <time>2026-05-10T12:15:17.999Z</time>
      </trkpt>
      <trkpt lat="48.388614" lon="15.693170">
        <ele>198.018037</ele>
        <time>2026-05-10T12:15:20.999Z</time>
      </trkpt>
      <trkpt lat="48.388582" lon="15.693300">
        <ele>198.125656</ele>
        <time>2026-05-10T12:15:23.999Z</time>
      </trkpt>
      <trkpt lat="48.388558" lon="15.693437">
        <ele>198.235636</ele>
        <time>2026-05-10T12:15:26.999Z</time>
      </trkpt>
      <trkpt lat="48.388550" lon="15.693586">
        <ele>198.351671</ele>
        <time>2026-05-10T12:15:30.999Z</time>
      </trkpt>
      <trkpt lat="48.388601" lon="15.693721">
        <ele>198.429010</ele>
        <time>2026-05-10T12:15:33.999Z</time>
      </trkpt>
      <trkpt lat="48.388680" lon="15.693788">
        <ele>198.446323</ele>
        <time>2026-05-10T12:15:35.999Z</time>
      </trkpt>
      <trkpt lat="48.388769" lon="15.693827">
        <ele>198.464023</ele>
        <time>2026-05-10T12:15:37.999Z</time>
      </trkpt>
      <trkpt lat="48.388860" lon="15.693850">
        <ele>198.481643</ele>
        <time>2026-05-10T12:15:39.999Z</time>
      </trkpt>
      <trkpt lat="48.388988" lon="15.693882">
        <ele>198.506420</ele>
        <time>2026-05-10T12:15:42.999Z</time>
      </trkpt>
      <trkpt lat="48.389081" lon="15.693926">
        <ele>198.525035</ele>
        <time>2026-05-10T12:15:44.999Z</time>
      </trkpt>
      <trkpt lat="48.389178" lon="15.693976">
        <ele>198.544612</ele>
        <time>2026-05-10T12:15:46.999Z</time>
      </trkpt>
      <trkpt lat="48.389254" lon="15.694082">
        <ele>198.564393</ele>
        <time>2026-05-10T12:15:48.999Z</time>
      </trkpt>
      <trkpt lat="48.389316" lon="15.694218">
        <ele>198.585312</ele>
        <time>2026-05-10T12:15:50.999Z</time>
      </trkpt>
      <trkpt lat="48.389358" lon="15.694364">
        <ele>198.605488</ele>
        <time>2026-05-10T12:15:52.999Z</time>
      </trkpt>
      <trkpt lat="48.389407" lon="15.694509">
        <ele>198.626119</ele>
        <time>2026-05-10T12:15:54.999Z</time>
      </trkpt>
      <trkpt lat="48.389464" lon="15.694653">
        <ele>198.647377</ele>
        <time>2026-05-10T12:15:56.999Z</time>
      </trkpt>
      <trkpt lat="48.389494" lon="15.694801">
        <ele>198.666999</ele>
        <time>2026-05-10T12:15:58.999Z</time>
      </trkpt>
      <trkpt lat="48.389533" lon="15.694948">
        <ele>198.687072</ele>
        <time>2026-05-10T12:16:00.999Z</time>
      </trkpt>
      <trkpt lat="48.389575" lon="15.695120">
        <ele>198.710311</ele>
        <time>2026-05-10T12:16:02.999Z</time>
      </trkpt>
      <trkpt lat="48.389621" lon="15.695271">
        <ele>198.731377</ele>
        <time>2026-05-10T12:16:04.999Z</time>
      </trkpt>
      <trkpt lat="48.389648" lon="15.695430">
        <ele>198.752188</ele>
        <time>2026-05-10T12:16:06.999Z</time>
      </trkpt>
      <trkpt lat="48.389669" lon="15.695598">
        <ele>198.751378</ele>
        <time>2026-05-10T12:16:08.999Z</time>
      </trkpt>
      <trkpt lat="48.389673" lon="15.695777">
        <ele>198.722162</ele>
        <time>2026-05-10T12:16:10.999Z</time>
      </trkpt>
      <trkpt lat="48.389675" lon="15.695957">
        <ele>198.692795</ele>
        <time>2026-05-10T12:16:12.999Z</time>
      </trkpt>
      <trkpt lat="48.389683" lon="15.696125">
        <ele>198.665319</ele>
        <time>2026-05-10T12:16:14.999Z</time>
      </trkpt>
      <trkpt lat="48.389685" lon="15.696300">
        <ele>198.636768</ele>
        <time>2026-05-10T12:16:16.999Z</time>
      </trkpt>
      <trkpt lat="48.389686" lon="15.696474">
        <ele>198.608383</ele>
        <time>2026-05-10T12:16:18.999Z</time>
      </trkpt>
      <trkpt lat="48.389687" lon="15.696641">
        <ele>198.581140</ele>
        <time>2026-05-10T12:16:20.999Z</time>
      </trkpt>
      <trkpt lat="48.389692" lon="15.696811">
        <ele>198.553382</ele>
        <time>2026-05-10T12:16:22.999Z</time>
      </trkpt>
      <trkpt lat="48.389695" lon="15.696978">
        <ele>198.526130</ele>
        <time>2026-05-10T12:16:24.999Z</time>
      </trkpt>
      <trkpt lat="48.389698" lon="15.697141">
        <ele>198.499530</ele>
        <time>2026-05-10T12:16:26.999Z</time>
      </trkpt>
      <trkpt lat="48.389703" lon="15.697302">
        <ele>198.473238</ele>
        <time>2026-05-10T12:16:28.999Z</time>
      </trkpt>
      <trkpt lat="48.389706" lon="15.697465">
        <ele>198.446638</ele>
        <time>2026-05-10T12:16:30.999Z</time>
      </trkpt>
      <trkpt lat="48.389712" lon="15.697637">
        <ele>198.418542</ele>
        <time>2026-05-10T12:16:32.998Z</time>
      </trkpt>
      <trkpt lat="48.389710" lon="15.697808">
        <ele>198.390643</ele>
        <time>2026-05-10T12:16:34.998Z</time>
      </trkpt>
      <trkpt lat="48.389710" lon="15.697975">
        <ele>198.363401</ele>
        <time>2026-05-10T12:16:36.998Z</time>
      </trkpt>
      <trkpt lat="48.389711" lon="15.698136">
        <ele>198.337137</ele>
        <time>2026-05-10T12:16:38.998Z</time>
      </trkpt>
      <trkpt lat="48.389715" lon="15.698295">
        <ele>198.319930</ele>
        <time>2026-05-10T12:16:40.998Z</time>
      </trkpt>
      <trkpt lat="48.389719" lon="15.698447">
        <ele>198.314827</ele>
        <time>2026-05-10T12:16:42.998Z</time>
      </trkpt>
      <trkpt lat="48.389722" lon="15.698601">
        <ele>198.309658</ele>
        <time>2026-05-10T12:16:44.998Z</time>
      </trkpt>
      <trkpt lat="48.389727" lon="15.698758">
        <ele>198.304385</ele>
        <time>2026-05-10T12:16:46.998Z</time>
      </trkpt>
      <trkpt lat="48.389725" lon="15.698918">
        <ele>198.299016</ele>
        <time>2026-05-10T12:16:48.998Z</time>
      </trkpt>
      <trkpt lat="48.389729" lon="15.699074">
        <ele>198.293778</ele>
        <time>2026-05-10T12:16:50.998Z</time>
      </trkpt>
      <trkpt lat="48.389731" lon="15.699233">
        <ele>198.288443</ele>
        <time>2026-05-10T12:16:52.998Z</time>
      </trkpt>
      <trkpt lat="48.389737" lon="15.699390">
        <ele>198.283167</ele>
        <time>2026-05-10T12:16:54.998Z</time>
      </trkpt>
      <trkpt lat="48.389740" lon="15.699549">
        <ele>198.277831</ele>
        <time>2026-05-10T12:16:56.998Z</time>
      </trkpt>
      <trkpt lat="48.389743" lon="15.699705">
        <ele>198.272595</ele>
        <time>2026-05-10T12:16:58.998Z</time>
      </trkpt>
      <trkpt lat="48.389747" lon="15.699856">
        <ele>198.267525</ele>
        <time>2026-05-10T12:17:00.998Z</time>
      </trkpt>
      <trkpt lat="48.389750" lon="15.700009">
        <ele>198.262390</ele>
        <time>2026-05-10T12:17:02.998Z</time>
      </trkpt>
      <trkpt lat="48.389755" lon="15.700169">
        <ele>198.257016</ele>
        <time>2026-05-10T12:17:04.998Z</time>
      </trkpt>
      <trkpt lat="48.389758" lon="15.700333">
        <ele>198.251512</ele>
        <time>2026-05-10T12:17:06.998Z</time>
      </trkpt>
      <trkpt lat="48.389759" lon="15.700496">
        <ele>198.246044</ele>
        <time>2026-05-10T12:17:08.998Z</time>
      </trkpt>
      <trkpt lat="48.389762" lon="15.700655">
        <ele>198.240707</ele>
        <time>2026-05-10T12:17:10.998Z</time>
      </trkpt>
      <trkpt lat="48.389766" lon="15.700812">
        <ele>198.235436</ele>
        <time>2026-05-10T12:17:12.998Z</time>
      </trkpt>
      <trkpt lat="48.389772" lon="15.700974">
        <ele>198.231410</ele>
        <time>2026-05-10T12:17:14.998Z</time>
      </trkpt>
      <trkpt lat="48.389774" lon="15.701139">
        <ele>198.231758</ele>
        <time>2026-05-10T12:17:16.998Z</time>
      </trkpt>
      <trkpt lat="48.389779" lon="15.701301">
        <ele>198.232099</ele>
        <time>2026-05-10T12:17:18.999Z</time>
      </trkpt>
      <trkpt lat="48.389782" lon="15.701464">
        <ele>198.232442</ele>
        <time>2026-05-10T12:17:20.999Z</time>
      </trkpt>
      <trkpt lat="48.389788" lon="15.701621">
        <ele>198.232773</ele>
        <time>2026-05-10T12:17:22.999Z</time>
      </trkpt>
      <trkpt lat="48.389792" lon="15.701781">
        <ele>198.233110</ele>
        <time>2026-05-10T12:17:24.999Z</time>
      </trkpt>
      <trkpt lat="48.389791" lon="15.701948">
        <ele>198.233462</ele>
        <time>2026-05-10T12:17:26.999Z</time>
      </trkpt>
      <trkpt lat="48.389793" lon="15.702114">
        <ele>198.233811</ele>
        <time>2026-05-10T12:17:28.999Z</time>
      </trkpt>
      <trkpt lat="48.389797" lon="15.702280">
        <ele>198.234161</ele>
        <time>2026-05-10T12:17:30.999Z</time>
      </trkpt>
      <trkpt lat="48.389802" lon="15.702447">
        <ele>198.234513</ele>
        <time>2026-05-10T12:17:32.999Z</time>
      </trkpt>
      <trkpt lat="48.389802" lon="15.702614">
        <ele>198.234864</ele>
        <time>2026-05-10T12:17:34.999Z</time>
      </trkpt>
      <trkpt lat="48.389807" lon="15.702787">
        <ele>198.235229</ele>
        <time>2026-05-10T12:17:36.999Z</time>
      </trkpt>
      <trkpt lat="48.389810" lon="15.702956">
        <ele>198.235585</ele>
        <time>2026-05-10T12:17:38.999Z</time>
      </trkpt>
      <trkpt lat="48.389810" lon="15.703121">
        <ele>198.235932</ele>
        <time>2026-05-10T12:17:40.999Z</time>
      </trkpt>
      <trkpt lat="48.389813" lon="15.703290">
        <ele>198.236288</ele>
        <time>2026-05-10T12:17:42.999Z</time>
      </trkpt>
      <trkpt lat="48.389819" lon="15.703460">
        <ele>198.236646</ele>
        <time>2026-05-10T12:17:44.999Z</time>
      </trkpt>
      <trkpt lat="48.389825" lon="15.703631">
        <ele>198.237006</ele>
        <time>2026-05-10T12:17:46.999Z</time>
      </trkpt>
      <trkpt lat="48.389825" lon="15.703797">
        <ele>198.220994</ele>
        <time>2026-05-10T12:17:48.999Z</time>
      </trkpt>
      <trkpt lat="48.389832" lon="15.703960">
        <ele>198.204196</ele>
        <time>2026-05-10T12:17:50.999Z</time>
      </trkpt>
      <trkpt lat="48.389842" lon="15.704127">
        <ele>198.186953</ele>
        <time>2026-05-10T12:17:52.999Z</time>
      </trkpt>
      <trkpt lat="48.389851" lon="15.704291">
        <ele>198.170030</ele>
        <time>2026-05-10T12:17:54.999Z</time>
      </trkpt>
      <trkpt lat="48.389852" lon="15.704458">
        <ele>198.152856</ele>
        <time>2026-05-10T12:17:56.999Z</time>
      </trkpt>
      <trkpt lat="48.389848" lon="15.704625">
        <ele>198.135671</ele>
        <time>2026-05-10T12:17:58.999Z</time>
      </trkpt>
      <trkpt lat="48.389849" lon="15.704789">
        <ele>198.118805</ele>
        <time>2026-05-10T12:18:00.999Z</time>
      </trkpt>
      <trkpt lat="48.389854" lon="15.704957">
        <ele>198.101511</ele>
        <time>2026-05-10T12:18:02.999Z</time>
      </trkpt>
      <trkpt lat="48.389854" lon="15.705127">
        <ele>198.084028</ele>
        <time>2026-05-10T12:18:04.999Z</time>
      </trkpt>
      <trkpt lat="48.389855" lon="15.705298">
        <ele>198.066442</ele>
        <time>2026-05-10T12:18:06.999Z</time>
      </trkpt>
      <trkpt lat="48.389856" lon="15.705464">
        <ele>198.049371</ele>
        <time>2026-05-10T12:18:08.999Z</time>
      </trkpt>
      <trkpt lat="48.389860" lon="15.705619">
        <ele>198.033419</ele>
        <time>2026-05-10T12:18:10.999Z</time>
      </trkpt>
      <trkpt lat="48.389862" lon="15.705775">
        <ele>198.017373</ele>
        <time>2026-05-10T12:18:12.999Z</time>
      </trkpt>
      <trkpt lat="48.389862" lon="15.705933">
        <ele>198.001125</ele>
        <time>2026-05-10T12:18:14.999Z</time>
      </trkpt>
      <trkpt lat="48.389868" lon="15.706093">
        <ele>197.984645</ele>
        <time>2026-05-10T12:18:16.999Z</time>
      </trkpt>
      <trkpt lat="48.389871" lon="15.706252">
        <ele>197.968287</ele>
        <time>2026-05-10T12:18:18.999Z</time>
      </trkpt>
      <trkpt lat="48.389871" lon="15.706415">
        <ele>197.945847</ele>
        <time>2026-05-10T12:18:20.999Z</time>
      </trkpt>
      <trkpt lat="48.389887" lon="15.706573">
        <ele>197.916007</ele>
        <time>2026-05-10T12:18:22.999Z</time>
      </trkpt>
      <trkpt lat="48.389935" lon="15.706724">
        <ele>197.884752</ele>
        <time>2026-05-10T12:18:24.999Z</time>
      </trkpt>
      <trkpt lat="48.389997" lon="15.706852">
        <ele>197.855173</ele>
        <time>2026-05-10T12:18:26.999Z</time>
      </trkpt>
      <trkpt lat="48.390050" lon="15.706983">
        <ele>197.826533</ele>
        <time>2026-05-10T12:18:28.999Z</time>
      </trkpt>
      <trkpt lat="48.390072" lon="15.707146">
        <ele>197.795479</ele>
        <time>2026-05-10T12:18:30.999Z</time>
      </trkpt>
      <trkpt lat="48.390069" lon="15.707319">
        <ele>197.763169</ele>
        <time>2026-05-10T12:18:32.999Z</time>
      </trkpt>
      <trkpt lat="48.390059" lon="15.707494">
        <ele>197.730376</ele>
        <time>2026-05-10T12:18:34.999Z</time>
      </trkpt>
      <trkpt lat="48.390023" lon="15.707658">
        <ele>197.698128</ele>
        <time>2026-05-10T12:18:36.999Z</time>
      </trkpt>
      <trkpt lat="48.389950" lon="15.707796">
        <ele>197.665188</ele>
        <time>2026-05-10T12:18:38.998Z</time>
      </trkpt>
      <trkpt lat="48.389923" lon="15.707971">
        <ele>197.631645</ele>
        <time>2026-05-10T12:18:40.998Z</time>
      </trkpt>
      <trkpt lat="48.389917" lon="15.708143">
        <ele>197.599489</ele>
        <time>2026-05-10T12:18:42.998Z</time>
      </trkpt>
      <trkpt lat="48.389928" lon="15.708307">
        <ele>197.568714</ele>
        <time>2026-05-10T12:18:44.998Z</time>
      </trkpt>
      <trkpt lat="48.389933" lon="15.708478">
        <ele>197.536757</ele>
        <time>2026-05-10T12:18:46.998Z</time>
      </trkpt>
      <trkpt lat="48.389934" lon="15.708643">
        <ele>197.505951</ele>
        <time>2026-05-10T12:18:48.998Z</time>
      </trkpt>
      <trkpt lat="48.389939" lon="15.708809">
        <ele>197.474927</ele>
        <time>2026-05-10T12:18:50.998Z</time>
      </trkpt>
      <trkpt lat="48.389945" lon="15.708978">
        <ele>197.449664</ele>
        <time>2026-05-10T12:18:52.998Z</time>
      </trkpt>
      <trkpt lat="48.389953" lon="15.709144">
        <ele>197.439379</ele>
        <time>2026-05-10T12:18:54.998Z</time>
      </trkpt>
      <trkpt lat="48.389954" lon="15.709302">
        <ele>197.429615</ele>
        <time>2026-05-10T12:18:56.998Z</time>
      </trkpt>
      <trkpt lat="48.389956" lon="15.709471">
        <ele>197.419170</ele>
        <time>2026-05-10T12:18:58.998Z</time>
      </trkpt>
      <trkpt lat="48.389953" lon="15.709644">
        <ele>197.408476</ele>
        <time>2026-05-10T12:19:00.998Z</time>
      </trkpt>
      <trkpt lat="48.389957" lon="15.709815">
        <ele>197.397903</ele>
        <time>2026-05-10T12:19:02.998Z</time>
      </trkpt>
      <trkpt lat="48.389952" lon="15.709989">
        <ele>197.387140</ele>
        <time>2026-05-10T12:19:04.998Z</time>
      </trkpt>
      <trkpt lat="48.389938" lon="15.710162">
        <ele>197.376371</ele>
        <time>2026-05-10T12:19:06.998Z</time>
      </trkpt>
      <trkpt lat="48.389930" lon="15.710332">
        <ele>197.365839</ele>
        <time>2026-05-10T12:19:08.998Z</time>
      </trkpt>
      <trkpt lat="48.389918" lon="15.710495">
        <ele>197.355705</ele>
        <time>2026-05-10T12:19:10.998Z</time>
      </trkpt>
      <trkpt lat="48.389904" lon="15.710656">
        <ele>197.345671</ele>
        <time>2026-05-10T12:19:12.998Z</time>
      </trkpt>
      <trkpt lat="48.389877" lon="15.710817">
        <ele>197.335410</ele>
        <time>2026-05-10T12:19:14.998Z</time>
      </trkpt>
      <trkpt lat="48.389858" lon="15.710983">
        <ele>197.325001</ele>
        <time>2026-05-10T12:19:16.998Z</time>
      </trkpt>
      <trkpt lat="48.389834" lon="15.711144">
        <ele>197.314804</ele>
        <time>2026-05-10T12:19:18.998Z</time>
      </trkpt>
      <trkpt lat="48.389805" lon="15.711305">
        <ele>197.304496</ele>
        <time>2026-05-10T12:19:20.998Z</time>
      </trkpt>
      <trkpt lat="48.389773" lon="15.711466">
        <ele>197.294111</ele>
        <time>2026-05-10T12:19:22.998Z</time>
      </trkpt>
      <trkpt lat="48.389740" lon="15.711621">
        <ele>197.282808</ele>
        <time>2026-05-10T12:19:24.999Z</time>
      </trkpt>
      <trkpt lat="48.389704" lon="15.711784">
        <ele>197.262557</ele>
        <time>2026-05-10T12:19:26.999Z</time>
      </trkpt>
      <trkpt lat="48.389667" lon="15.711942">
        <ele>197.242807</ele>
        <time>2026-05-10T12:19:28.999Z</time>
      </trkpt>
      <trkpt lat="48.389621" lon="15.712105">
        <ele>197.221928</ele>
        <time>2026-05-10T12:19:30.999Z</time>
      </trkpt>
      <trkpt lat="48.389582" lon="15.712267">
        <ele>197.201614</ele>
        <time>2026-05-10T12:19:32.999Z</time>
      </trkpt>
      <trkpt lat="48.389535" lon="15.712416">
        <ele>197.182168</ele>
        <time>2026-05-10T12:19:34.999Z</time>
      </trkpt>
      <trkpt lat="48.389494" lon="15.712566">
        <ele>197.163046</ele>
        <time>2026-05-10T12:19:36.999Z</time>
      </trkpt>
      <trkpt lat="48.389450" lon="15.712716">
        <ele>197.143715</ele>
        <time>2026-05-10T12:19:38.999Z</time>
      </trkpt>
      <trkpt lat="48.389405" lon="15.712871">
        <ele>197.123772</ele>
        <time>2026-05-10T12:19:40.999Z</time>
      </trkpt>
      <trkpt lat="48.389361" lon="15.713022">
        <ele>197.104333</ele>
        <time>2026-05-10T12:19:42.999Z</time>
      </trkpt>
      <trkpt lat="48.389317" lon="15.713171">
        <ele>197.085109</ele>
        <time>2026-05-10T12:19:44.999Z</time>
      </trkpt>
      <trkpt lat="48.389274" lon="15.713325">
        <ele>197.065415</ele>
        <time>2026-05-10T12:19:46.999Z</time>
      </trkpt>
      <trkpt lat="48.389229" lon="15.713479">
        <ele>197.045580</ele>
        <time>2026-05-10T12:19:48.999Z</time>
      </trkpt>
      <trkpt lat="48.389186" lon="15.713636">
        <ele>197.025560</ele>
        <time>2026-05-10T12:19:50.999Z</time>
      </trkpt>
      <trkpt lat="48.389140" lon="15.713798">
        <ele>197.004789</ele>
        <time>2026-05-10T12:19:52.999Z</time>
      </trkpt>
      <trkpt lat="48.389090" lon="15.713956">
        <ele>196.984156</ele>
        <time>2026-05-10T12:19:54.999Z</time>
      </trkpt>
      <trkpt lat="48.389049" lon="15.714105">
        <ele>196.964388</ele>
        <time>2026-05-10T12:19:56.999Z</time>
      </trkpt>
      <trkpt lat="48.389008" lon="15.714254">
        <ele>196.930723</ele>
        <time>2026-05-10T12:19:58.999Z</time>
      </trkpt>
      <trkpt lat="48.388964" lon="15.714407">
        <ele>196.895921</ele>
        <time>2026-05-10T12:20:00.999Z</time>
      </trkpt>
      <trkpt lat="48.388917" lon="15.714563">
        <ele>196.860164</ele>
        <time>2026-05-10T12:20:02.999Z</time>
      </trkpt>
      <trkpt lat="48.388873" lon="15.714719">
        <ele>196.824786</ele>
        <time>2026-05-10T12:20:04.999Z</time>
      </trkpt>
      <trkpt lat="48.388829" lon="15.714878">
        <ele>196.788832</ele>
        <time>2026-05-10T12:20:06.999Z</time>
      </trkpt>
      <trkpt lat="48.388787" lon="15.715037">
        <ele>196.753114</ele>
        <time>2026-05-10T12:20:08.999Z</time>
      </trkpt>
      <trkpt lat="48.388739" lon="15.715192">
        <ele>196.717415</ele>
        <time>2026-05-10T12:20:10.999Z</time>
      </trkpt>
      <trkpt lat="48.388693" lon="15.715353">
        <ele>196.680831</ele>
        <time>2026-05-10T12:20:12.999Z</time>
      </trkpt>
      <trkpt lat="48.388646" lon="15.715511">
        <ele>196.644694</ele>
        <time>2026-05-10T12:20:14.999Z</time>
      </trkpt>
      <trkpt lat="48.388604" lon="15.715676">
        <ele>196.607809</ele>
        <time>2026-05-10T12:20:16.999Z</time>
      </trkpt>
      <trkpt lat="48.388554" lon="15.715839">
        <ele>196.570331</ele>
        <time>2026-05-10T12:20:18.999Z</time>
      </trkpt>
      <trkpt lat="48.388508" lon="15.716000">
        <ele>196.533747</ele>
        <time>2026-05-10T12:20:20.999Z</time>
      </trkpt>
      <trkpt lat="48.388467" lon="15.716154">
        <ele>196.499115</ele>
        <time>2026-05-10T12:20:22.999Z</time>
      </trkpt>
      <trkpt lat="48.388417" lon="15.716322">
        <ele>196.460686</ele>
        <time>2026-05-10T12:20:24.999Z</time>
      </trkpt>
      <trkpt lat="48.388367" lon="15.716486">
        <ele>196.423019</ele>
        <time>2026-05-10T12:20:26.999Z</time>
      </trkpt>
      <trkpt lat="48.388325" lon="15.716645">
        <ele>196.397173</ele>
        <time>2026-05-10T12:20:28.999Z</time>
      </trkpt>
      <trkpt lat="48.388282" lon="15.716797">
        <ele>196.387968</ele>
        <time>2026-05-10T12:20:30.999Z</time>
      </trkpt>
      <trkpt lat="48.388239" lon="15.716953">
        <ele>196.378557</ele>
        <time>2026-05-10T12:20:32.999Z</time>
      </trkpt>
      <trkpt lat="48.388194" lon="15.717111">
        <ele>196.368978</ele>
        <time>2026-05-10T12:20:34.999Z</time>
      </trkpt>
      <trkpt lat="48.388148" lon="15.717270">
        <ele>196.359315</ele>
        <time>2026-05-10T12:20:36.999Z</time>
      </trkpt>
      <trkpt lat="48.388097" lon="15.717421">
        <ele>196.349876</ele>
        <time>2026-05-10T12:20:38.999Z</time>
      </trkpt>
      <trkpt lat="48.388050" lon="15.717583">
        <ele>196.340026</ele>
        <time>2026-05-10T12:20:40.999Z</time>
      </trkpt>
      <trkpt lat="48.388003" lon="15.717743">
        <ele>196.330278</ele>
        <time>2026-05-10T12:20:42.999Z</time>
      </trkpt>
      <trkpt lat="48.387947" lon="15.717893">
        <ele>196.320691</ele>
        <time>2026-05-10T12:20:44.998Z</time>
      </trkpt>
      <trkpt lat="48.387898" lon="15.718046">
        <ele>196.311226</ele>
        <time>2026-05-10T12:20:46.998Z</time>
      </trkpt>
      <trkpt lat="48.387846" lon="15.718202">
        <ele>196.301501</ele>
        <time>2026-05-10T12:20:48.998Z</time>
      </trkpt>
      <trkpt lat="48.387793" lon="15.718356">
        <ele>196.291837</ele>
        <time>2026-05-10T12:20:50.998Z</time>
      </trkpt>
      <trkpt lat="48.387741" lon="15.718513">
        <ele>196.282061</ele>
        <time>2026-05-10T12:20:52.998Z</time>
      </trkpt>
      <trkpt lat="48.387684" lon="15.718665">
        <ele>196.272335</ele>
        <time>2026-05-10T12:20:54.998Z</time>
      </trkpt>
      <trkpt lat="48.387627" lon="15.718822">
        <ele>196.262366</ele>
        <time>2026-05-10T12:20:56.998Z</time>
      </trkpt>
      <trkpt lat="48.387573" lon="15.718975">
        <ele>196.252712</ele>
        <time>2026-05-10T12:20:58.998Z</time>
      </trkpt>
      <trkpt lat="48.387512" lon="15.719127">
        <ele>196.250314</ele>
        <time>2026-05-10T12:21:00.998Z</time>
      </trkpt>
      <trkpt lat="48.387454" lon="15.719282">
        <ele>196.250954</ele>
        <time>2026-05-10T12:21:02.998Z</time>
      </trkpt>
      <trkpt lat="48.387394" lon="15.719430">
        <ele>196.251577</ele>
        <time>2026-05-10T12:21:04.998Z</time>
      </trkpt>
      <trkpt lat="48.387337" lon="15.719573">
        <ele>196.252176</ele>
        <time>2026-05-10T12:21:06.998Z</time>
      </trkpt>
      <trkpt lat="48.387281" lon="15.719715">
        <ele>196.252769</ele>
        <time>2026-05-10T12:21:08.998Z</time>
      </trkpt>
      <trkpt lat="48.387219" lon="15.719860">
        <ele>196.253389</ele>
        <time>2026-05-10T12:21:10.998Z</time>
      </trkpt>
      <trkpt lat="48.387158" lon="15.719997">
        <ele>196.253981</ele>
        <time>2026-05-10T12:21:12.998Z</time>
      </trkpt>
      <trkpt lat="48.387097" lon="15.720142">
        <ele>196.254598</ele>
        <time>2026-05-10T12:21:14.998Z</time>
      </trkpt>
      <trkpt lat="48.387038" lon="15.720287">
        <ele>196.255209</ele>
        <time>2026-05-10T12:21:16.998Z</time>
      </trkpt>
      <trkpt lat="48.386974" lon="15.720432">
        <ele>196.255835</ele>
        <time>2026-05-10T12:21:18.998Z</time>
      </trkpt>
      <trkpt lat="48.386907" lon="15.720574">
        <ele>196.256461</ele>
        <time>2026-05-10T12:21:20.998Z</time>
      </trkpt>
      <trkpt lat="48.386843" lon="15.720716">
        <ele>196.257077</ele>
        <time>2026-05-10T12:21:22.998Z</time>
      </trkpt>
      <trkpt lat="48.386779" lon="15.720858">
        <ele>196.257694</ele>
        <time>2026-05-10T12:21:24.998Z</time>
      </trkpt>
      <trkpt lat="48.386710" lon="15.720994">
        <ele>196.258309</ele>
        <time>2026-05-10T12:21:26.998Z</time>
      </trkpt>
      <trkpt lat="48.386645" lon="15.721130">
        <ele>196.258911</ele>
        <time>2026-05-10T12:21:28.998Z</time>
      </trkpt>
      <trkpt lat="48.386576" lon="15.721257">
        <ele>196.259500</ele>
        <time>2026-05-10T12:21:30.999Z</time>
      </trkpt>
      <trkpt lat="48.386512" lon="15.721384">
        <ele>196.376168</ele>
        <time>2026-05-10T12:21:32.999Z</time>
      </trkpt>
      <trkpt lat="48.386449" lon="15.721506">
        <ele>196.510525</ele>
        <time>2026-05-10T12:21:34.999Z</time>
      </trkpt>
      <trkpt lat="48.386381" lon="15.721632">
        <ele>196.651679</ele>
        <time>2026-05-10T12:21:36.999Z</time>
      </trkpt>
      <trkpt lat="48.386316" lon="15.721750">
        <ele>196.784966</ele>
        <time>2026-05-10T12:21:38.999Z</time>
      </trkpt>
      <trkpt lat="48.386252" lon="15.721878">
        <ele>196.924262</ele>
        <time>2026-05-10T12:21:40.999Z</time>
      </trkpt>
      <trkpt lat="48.386184" lon="15.722000">
        <ele>197.062735</ele>
        <time>2026-05-10T12:21:42.999Z</time>
      </trkpt>
      <trkpt lat="48.386118" lon="15.722115">
        <ele>197.194877</ele>
        <time>2026-05-10T12:21:44.999Z</time>
      </trkpt>
      <trkpt lat="48.386057" lon="15.722220">
        <ele>197.316163</ele>
        <time>2026-05-10T12:21:46.999Z</time>
      </trkpt>
      <trkpt lat="48.385982" lon="15.722346">
        <ele>197.463269</ele>
        <time>2026-05-10T12:21:49.999Z</time>
      </trkpt>
      <trkpt lat="48.385916" lon="15.722459">
        <ele>197.594100</ele>
        <time>2026-05-10T12:21:52.999Z</time>
      </trkpt>
      <trkpt lat="48.385840" lon="15.722586">
        <ele>197.742728</ele>
        <time>2026-05-10T12:21:56.999Z</time>
      </trkpt>
      <trkpt lat="48.385777" lon="15.722688">
        <ele>197.863832</ele>
        <time>2026-05-10T12:21:59.999Z</time>
      </trkpt>
      <trkpt lat="48.385720" lon="15.722793">
        <ele>197.981736</ele>
        <time>2026-05-10T12:22:03.999Z</time>
      </trkpt>
      <trkpt lat="48.385806" lon="15.722729">
        <ele>198.107320</ele>
        <time>2026-05-10T12:22:08.999Z</time>
      </trkpt>
      <trkpt lat="48.385873" lon="15.722629">
        <ele>198.230819</ele>
        <time>2026-05-10T12:22:11.999Z</time>
      </trkpt>
      <trkpt lat="48.385931" lon="15.722524">
        <ele>198.349556</ele>
        <time>2026-05-10T12:22:14.999Z</time>
      </trkpt>
      <trkpt lat="48.386000" lon="15.722620">
        <ele>198.472542</ele>
        <time>2026-05-10T12:22:20.999Z</time>
      </trkpt>
      <trkpt lat="48.385970" lon="15.722752">
        <ele>198.593837</ele>
        <time>2026-05-10T12:22:25.999Z</time>
      </trkpt>
      <trkpt lat="48.385813" lon="15.722623">
        <ele>198.013331</ele>
        <time>2026-05-10T12:22:27.999Z</time>
      </trkpt>
      <trkpt lat="48.385748" lon="15.722742">
        <ele>197.636727</ele>
        <time>2026-05-10T12:22:30.999Z</time>
      </trkpt>
      <trkpt lat="48.385641" lon="15.722683">
        <ele>197.217346</ele>
        <time>2026-05-10T12:22:37.999Z</time>
      </trkpt>
      <trkpt lat="48.385551" lon="15.722607">
        <ele>196.837574</ele>
        <time>2026-05-10T12:22:41.999Z</time>
      </trkpt>
      <trkpt lat="48.385466" lon="15.722506">
        <ele>196.439063</ele>
        <time>2026-05-10T12:22:45.998Z</time>
      </trkpt>
      <trkpt lat="48.385365" lon="15.722401">
        <ele>195.987350</ele>
        <time>2026-05-10T12:22:49.998Z</time>
      </trkpt>
      <trkpt lat="48.385274" lon="15.722304">
        <ele>195.577004</ele>
        <time>2026-05-10T12:22:52.998Z</time>
      </trkpt>
      <trkpt lat="48.385180" lon="15.722203">
        <ele>195.151994</ele>
        <time>2026-05-10T12:22:55.998Z</time>
      </trkpt>
      <trkpt lat="48.385085" lon="15.722087">
        <ele>194.701838</ele>
        <time>2026-05-10T12:22:58.998Z</time>
      </trkpt>
      <trkpt lat="48.384979" lon="15.721977">
        <ele>194.228036</ele>
        <time>2026-05-10T12:23:01.998Z</time>
      </trkpt>
      <trkpt lat="48.384904" lon="15.721887">
        <ele>193.875067</ele>
        <time>2026-05-10T12:23:03.998Z</time>
      </trkpt>
      <trkpt lat="48.384828" lon="15.721801">
        <ele>193.525172</ele>
        <time>2026-05-10T12:23:05.998Z</time>
      </trkpt>
      <trkpt lat="48.384755" lon="15.721712">
        <ele>193.179473</ele>
        <time>2026-05-10T12:23:07.998Z</time>
      </trkpt>
      <trkpt lat="48.384687" lon="15.721622">
        <ele>192.846264</ele>
        <time>2026-05-10T12:23:09.998Z</time>
      </trkpt>
      <trkpt lat="48.384608" lon="15.721535">
        <ele>192.486043</ele>
        <time>2026-05-10T12:23:11.998Z</time>
      </trkpt>
      <trkpt lat="48.384531" lon="15.721437">
        <ele>192.114976</ele>
        <time>2026-05-10T12:23:13.998Z</time>
      </trkpt>
      <trkpt lat="48.384457" lon="15.721348">
        <ele>191.988582</ele>
        <time>2026-05-10T12:23:15.998Z</time>
      </trkpt>
      <trkpt lat="48.384379" lon="15.721249">
        <ele>191.978931</ele>
        <time>2026-05-10T12:23:17.998Z</time>
      </trkpt>
      <trkpt lat="48.384295" lon="15.721155">
        <ele>191.969029</ele>
        <time>2026-05-10T12:23:19.998Z</time>
      </trkpt>
      <trkpt lat="48.384222" lon="15.721055">
        <ele>191.959692</ele>
        <time>2026-05-10T12:23:21.998Z</time>
      </trkpt>
      <trkpt lat="48.384146" lon="15.720972">
        <ele>191.950810</ele>
        <time>2026-05-10T12:23:23.998Z</time>
      </trkpt>
      <trkpt lat="48.384068" lon="15.720885">
        <ele>191.941626</ele>
        <time>2026-05-10T12:23:25.998Z</time>
      </trkpt>
      <trkpt lat="48.383999" lon="15.720798">
        <ele>191.933111</ele>
        <time>2026-05-10T12:23:27.998Z</time>
      </trkpt>
      <trkpt lat="48.383897" lon="15.720666">
        <ele>191.920387</ele>
        <time>2026-05-10T12:23:30.998Z</time>
      </trkpt>
      <trkpt lat="48.383823" lon="15.720581">
        <ele>191.911581</ele>
        <time>2026-05-10T12:23:32.998Z</time>
      </trkpt>
      <trkpt lat="48.383741" lon="15.720491">
        <ele>191.901981</ele>
        <time>2026-05-10T12:23:34.998Z</time>
      </trkpt>
      <trkpt lat="48.383665" lon="15.720396">
        <ele>191.892636</ele>
        <time>2026-05-10T12:23:36.999Z</time>
      </trkpt>
      <trkpt lat="48.383597" lon="15.720306">
        <ele>191.884070</ele>
        <time>2026-05-10T12:23:38.999Z</time>
      </trkpt>
      <trkpt lat="48.383522" lon="15.720224">
        <ele>191.875301</ele>
        <time>2026-05-10T12:23:40.999Z</time>
      </trkpt>
      <trkpt lat="48.383415" lon="15.720092">
        <ele>191.862214</ele>
        <time>2026-05-10T12:23:43.999Z</time>
      </trkpt>
      <trkpt lat="48.383346" lon="15.719985">
        <ele>191.852843</ele>
        <time>2026-05-10T12:23:46.999Z</time>
      </trkpt>
      <trkpt lat="48.383254" lon="15.719893">
        <ele>191.842394</ele>
        <time>2026-05-10T12:23:50.999Z</time>
      </trkpt>
      <trkpt lat="48.383283" lon="15.719714">
        <ele>191.830817</ele>
        <time>2026-05-10T12:23:54.999Z</time>
      </trkpt>
      <trkpt lat="48.383364" lon="15.719536">
        <ele>192.060014</ele>
        <time>2026-05-10T12:23:57.999Z</time>
      </trkpt>
      <trkpt lat="48.383445" lon="15.719455">
        <ele>192.369083</ele>
        <time>2026-05-10T12:24:00.999Z</time>
      </trkpt>
      <trkpt lat="48.383421" lon="15.719604">
        <ele>192.692739</ele>
        <time>2026-05-10T12:24:05.999Z</time>
      </trkpt>
      <trkpt lat="48.383368" lon="15.719723">
        <ele>192.995204</ele>
        <time>2026-05-10T12:24:07.999Z</time>
      </trkpt>
      <trkpt lat="48.383312" lon="15.719850">
        <ele>193.317010</ele>
        <time>2026-05-10T12:24:11.999Z</time>
      </trkpt>
      <trkpt lat="48.383264" lon="15.719707">
        <ele>193.655248</ele>
        <time>2026-05-10T12:24:14.999Z</time>
      </trkpt>
      <trkpt lat="48.383321" lon="15.719538">
        <ele>194.055375</ele>
        <time>2026-05-10T12:24:17.999Z</time>
      </trkpt>
      <trkpt lat="48.383412" lon="15.719409">
        <ele>194.452641</ele>
        <time>2026-05-10T12:24:19.999Z</time>
      </trkpt>
      <trkpt lat="48.383490" lon="15.719312">
        <ele>194.774194</ele>
        <time>2026-05-10T12:24:21.999Z</time>
      </trkpt>
      <trkpt lat="48.383611" lon="15.719233">
        <ele>195.193395</ele>
        <time>2026-05-10T12:24:24.999Z</time>
      </trkpt>
      <trkpt lat="48.383677" lon="15.719140">
        <ele>195.480712</ele>
        <time>2026-05-10T12:24:26.999Z</time>
      </trkpt>
      <trkpt lat="48.383753" lon="15.719059">
        <ele>195.776673</ele>
        <time>2026-05-10T12:24:30.999Z</time>
      </trkpt>
      <trkpt lat="48.383733" lon="15.719223">
        <ele>196.128662</ele>
        <time>2026-05-10T12:24:35.999Z</time>
      </trkpt>
      <trkpt lat="48.383635" lon="15.719349">
        <ele>196.538267</ele>
        <time>2026-05-10T12:24:38.999Z</time>
      </trkpt>
      <trkpt lat="48.383571" lon="15.719461">
        <ele>196.850167</ele>
        <time>2026-05-10T12:24:40.999Z</time>
      </trkpt>
      <trkpt lat="48.383517" lon="15.719579">
        <ele>197.152673</ele>
        <time>2026-05-10T12:24:42.999Z</time>
      </trkpt>
      <trkpt lat="48.383449" lon="15.719682">
        <ele>197.459256</ele>
        <time>2026-05-10T12:24:44.999Z</time>
      </trkpt>
      <trkpt lat="48.383374" lon="15.719789">
        <ele>197.585766</ele>
        <time>2026-05-10T12:24:46.999Z</time>
      </trkpt>
      <trkpt lat="48.383293" lon="15.719890">
        <ele>197.646091</ele>
        <time>2026-05-10T12:24:48.999Z</time>
      </trkpt>
      <trkpt lat="48.383235" lon="15.720026">
        <ele>197.707662</ele>
        <time>2026-05-10T12:24:50.998Z</time>
      </trkpt>
      <trkpt lat="48.383167" lon="15.720153">
        <ele>197.769807</ele>
        <time>2026-05-10T12:24:52.998Z</time>
      </trkpt>
      <trkpt lat="48.383100" lon="15.720281">
        <ele>197.831893</ele>
        <time>2026-05-10T12:24:54.998Z</time>
      </trkpt>
      <trkpt lat="48.383029" lon="15.720412">
        <ele>197.896307</ele>
        <time>2026-05-10T12:24:56.998Z</time>
      </trkpt>
      <trkpt lat="48.382959" lon="15.720538">
        <ele>197.958886</ele>
        <time>2026-05-10T12:24:58.998Z</time>
      </trkpt>
      <trkpt lat="48.382896" lon="15.720658">
        <ele>198.017158</ele>
        <time>2026-05-10T12:25:00.998Z</time>
      </trkpt>
      <trkpt lat="48.382827" lon="15.720781">
        <ele>198.078494</ele>
        <time>2026-05-10T12:25:02.998Z</time>
      </trkpt>
      <trkpt lat="48.382764" lon="15.720896">
        <ele>198.135284</ele>
        <time>2026-05-10T12:25:04.998Z</time>
      </trkpt>
      <trkpt lat="48.382696" lon="15.721018">
        <ele>198.195959</ele>
        <time>2026-05-10T12:25:06.998Z</time>
      </trkpt>
      <trkpt lat="48.382628" lon="15.721144">
        <ele>198.257809</ele>
        <time>2026-05-10T12:25:08.998Z</time>
      </trkpt>
      <trkpt lat="48.382562" lon="15.721261">
        <ele>198.316288</ele>
        <time>2026-05-10T12:25:10.998Z</time>
      </trkpt>
      <trkpt lat="48.382491" lon="15.721381">
        <ele>198.377512</ele>
        <time>2026-05-10T12:25:12.998Z</time>
      </trkpt>
      <trkpt lat="48.382420" lon="15.721509">
        <ele>198.441045</ele>
        <time>2026-05-10T12:25:14.998Z</time>
      </trkpt>
      <trkpt lat="48.382351" lon="15.721631">
        <ele>198.502090</ele>
        <time>2026-05-10T12:25:16.998Z</time>
      </trkpt>
      <trkpt lat="48.382279" lon="15.721744">
        <ele>198.561745</ele>
        <time>2026-05-10T12:25:18.998Z</time>
      </trkpt>
      <trkpt lat="48.382206" lon="15.721867">
        <ele>198.586600</ele>
        <time>2026-05-10T12:25:20.998Z</time>
      </trkpt>
      <trkpt lat="48.382128" lon="15.721984">
        <ele>198.603243</ele>
        <time>2026-05-10T12:25:22.998Z</time>
      </trkpt>
      <trkpt lat="48.382049" lon="15.722098">
        <ele>198.619784</ele>
        <time>2026-05-10T12:25:24.998Z</time>
      </trkpt>
      <trkpt lat="48.381968" lon="15.722211">
        <ele>198.636477</ele>
        <time>2026-05-10T12:25:26.998Z</time>
      </trkpt>
      <trkpt lat="48.381889" lon="15.722321">
        <ele>198.652743</ele>
        <time>2026-05-10T12:25:28.998Z</time>
      </trkpt>
      <trkpt lat="48.381808" lon="15.722447">
        <ele>198.670348</ele>
        <time>2026-05-10T12:25:30.998Z</time>
      </trkpt>
      <trkpt lat="48.381727" lon="15.722566">
        <ele>198.687456</ele>
        <time>2026-05-10T12:25:32.998Z</time>
      </trkpt>
      <trkpt lat="48.381651" lon="15.722687">
        <ele>198.704176</ele>
        <time>2026-05-10T12:25:34.998Z</time>
      </trkpt>
      <trkpt lat="48.381577" lon="15.722807">
        <ele>198.720616</ele>
        <time>2026-05-10T12:25:36.998Z</time>
      </trkpt>
      <trkpt lat="48.381503" lon="15.722935">
        <ele>198.737654</ele>
        <time>2026-05-10T12:25:38.998Z</time>
      </trkpt>
      <trkpt lat="48.381430" lon="15.723060">
        <ele>198.754365</ele>
        <time>2026-05-10T12:25:40.998Z</time>
      </trkpt>
      <trkpt lat="48.381357" lon="15.723185">
        <ele>198.771077</ele>
        <time>2026-05-10T12:25:42.999Z</time>
      </trkpt>
      <trkpt lat="48.381290" lon="15.723314">
        <ele>198.787518</ele>
        <time>2026-05-10T12:25:44.999Z</time>
      </trkpt>
      <trkpt lat="48.381222" lon="15.723445">
        <ele>198.804211</ele>
        <time>2026-05-10T12:25:46.999Z</time>
      </trkpt>
      <trkpt lat="48.381134" lon="15.723638">
        <ele>198.827715</ele>
        <time>2026-05-10T12:25:49.999Z</time>
      </trkpt>
      <trkpt lat="48.381061" lon="15.723766">
        <ele>198.844654</ele>
        <time>2026-05-10T12:25:51.999Z</time>
      </trkpt>
      <trkpt lat="48.380988" lon="15.723897">
        <ele>198.796932</ele>
        <time>2026-05-10T12:25:53.999Z</time>
      </trkpt>
      <trkpt lat="48.380913" lon="15.724028">
        <ele>198.747716</ele>
        <time>2026-05-10T12:25:55.999Z</time>
      </trkpt>
      <trkpt lat="48.380843" lon="15.724158">
        <ele>198.700091</ele>
        <time>2026-05-10T12:25:57.999Z</time>
      </trkpt>
      <trkpt lat="48.380777" lon="15.724283">
        <ele>198.654649</ele>
        <time>2026-05-10T12:25:59.999Z</time>
      </trkpt>
      <trkpt lat="48.380712" lon="15.724407">
        <ele>198.609697</ele>
        <time>2026-05-10T12:26:01.999Z</time>
      </trkpt>
      <trkpt lat="48.380642" lon="15.724536">
        <ele>198.562293</ele>
        <time>2026-05-10T12:26:03.999Z</time>
      </trkpt>
      <trkpt lat="48.380572" lon="15.724659">
        <ele>198.516199</ele>
        <time>2026-05-10T12:26:05.999Z</time>
      </trkpt>
      <trkpt lat="48.380504" lon="15.724791">
        <ele>198.468661</ele>
        <time>2026-05-10T12:26:07.999Z</time>
      </trkpt>
      <trkpt lat="48.380435" lon="15.724918">
        <ele>198.421969</ele>
        <time>2026-05-10T12:26:09.999Z</time>
      </trkpt>
      <trkpt lat="48.380365" lon="15.725048">
        <ele>198.374344</ele>
        <time>2026-05-10T12:26:11.999Z</time>
      </trkpt>
      <trkpt lat="48.380298" lon="15.725179">
        <ele>198.327293</ele>
        <time>2026-05-10T12:26:13.999Z</time>
      </trkpt>
      <trkpt lat="48.380226" lon="15.725308">
        <ele>198.279343</ele>
        <time>2026-05-10T12:26:15.999Z</time>
      </trkpt>
      <trkpt lat="48.380159" lon="15.725432">
        <ele>198.233854</ele>
        <time>2026-05-10T12:26:17.999Z</time>
      </trkpt>
      <trkpt lat="48.380092" lon="15.725560">
        <ele>198.187476</ele>
        <time>2026-05-10T12:26:19.999Z</time>
      </trkpt>
      <trkpt lat="48.380024" lon="15.725684">
        <ele>198.141716</ele>
        <time>2026-05-10T12:26:21.999Z</time>
      </trkpt>
      <trkpt lat="48.379956" lon="15.725810">
        <ele>198.095515</ele>
        <time>2026-05-10T12:26:23.999Z</time>
      </trkpt>
      <trkpt lat="48.379884" lon="15.725942">
        <ele>198.117470</ele>
        <time>2026-05-10T12:26:25.999Z</time>
      </trkpt>
      <trkpt lat="48.379815" lon="15.726074">
        <ele>198.192982</ele>
        <time>2026-05-10T12:26:27.999Z</time>
      </trkpt>
      <trkpt lat="48.379743" lon="15.726206">
        <ele>198.269766</ele>
        <time>2026-05-10T12:26:29.999Z</time>
      </trkpt>
      <trkpt lat="48.379668" lon="15.726338">
        <ele>198.347854</ele>
        <time>2026-05-10T12:26:31.999Z</time>
      </trkpt>
      <trkpt lat="48.379602" lon="15.726474">
        <ele>198.423572</ele>
        <time>2026-05-10T12:26:33.999Z</time>
      </trkpt>
      <trkpt lat="48.379532" lon="15.726607">
        <ele>198.499856</ele>
        <time>2026-05-10T12:26:35.999Z</time>
      </trkpt>
      <trkpt lat="48.379459" lon="15.726734">
        <ele>198.575358</ele>
        <time>2026-05-10T12:26:37.999Z</time>
      </trkpt>
      <trkpt lat="48.379389" lon="15.726867">
        <ele>198.651642</ele>
        <time>2026-05-10T12:26:39.999Z</time>
      </trkpt>
      <trkpt lat="48.379319" lon="15.727002">
        <ele>198.728634</ele>
        <time>2026-05-10T12:26:41.999Z</time>
      </trkpt>
      <trkpt lat="48.379248" lon="15.727138">
        <ele>198.806396</ele>
        <time>2026-05-10T12:26:43.999Z</time>
      </trkpt>
      <trkpt lat="48.379178" lon="15.727270">
        <ele>198.882329</ele>
        <time>2026-05-10T12:26:45.999Z</time>
      </trkpt>
      <trkpt lat="48.379109" lon="15.727402">
        <ele>198.957841</ele>
        <time>2026-05-10T12:26:47.999Z</time>
      </trkpt>
      <trkpt lat="48.379029" lon="15.727552">
        <ele>199.044321</ele>
        <time>2026-05-10T12:26:49.999Z</time>
      </trkpt>
      <trkpt lat="48.378938" lon="15.727719">
        <ele>199.141426</ele>
        <time>2026-05-10T12:26:52.999Z</time>
      </trkpt>
      <trkpt lat="48.378868" lon="15.727848">
        <ele>199.216310</ele>
        <time>2026-05-10T12:26:54.998Z</time>
      </trkpt>
      <trkpt lat="48.378804" lon="15.727969">
        <ele>199.285845</ele>
        <time>2026-05-10T12:26:56.998Z</time>
      </trkpt>
      <trkpt lat="48.378724" lon="15.728116">
        <ele>199.304454</ele>
        <time>2026-05-10T12:26:58.998Z</time>
      </trkpt>
      <trkpt lat="48.378638" lon="15.728246">
        <ele>199.317748</ele>
        <time>2026-05-10T12:27:01.998Z</time>
      </trkpt>
      <trkpt lat="48.378565" lon="15.728353">
        <ele>199.328861</ele>
        <time>2026-05-10T12:27:03.998Z</time>
      </trkpt>
      <trkpt lat="48.378495" lon="15.728472">
        <ele>199.340378</ele>
        <time>2026-05-10T12:27:05.998Z</time>
      </trkpt>
      <trkpt lat="48.378423" lon="15.728595">
        <ele>199.352256</ele>
        <time>2026-05-10T12:27:07.998Z</time>
      </trkpt>
      <trkpt lat="48.378346" lon="15.728714">
        <ele>199.364293</ele>
        <time>2026-05-10T12:27:09.998Z</time>
      </trkpt>
      <trkpt lat="48.378268" lon="15.728836">
        <ele>199.376562</ele>
        <time>2026-05-10T12:27:11.998Z</time>
      </trkpt>
      <trkpt lat="48.378187" lon="15.728955">
        <ele>199.388907</ele>
        <time>2026-05-10T12:27:13.998Z</time>
      </trkpt>
      <trkpt lat="48.378108" lon="15.729072">
        <ele>199.400995</ele>
        <time>2026-05-10T12:27:15.998Z</time>
      </trkpt>
      <trkpt lat="48.378029" lon="15.729188">
        <ele>199.413032</ele>
        <time>2026-05-10T12:27:17.998Z</time>
      </trkpt>
      <trkpt lat="48.377948" lon="15.729308">
        <ele>199.425428</ele>
        <time>2026-05-10T12:27:19.998Z</time>
      </trkpt>
      <trkpt lat="48.377866" lon="15.729420">
        <ele>199.437505</ele>
        <time>2026-05-10T12:27:21.998Z</time>
      </trkpt>
      <trkpt lat="48.377786" lon="15.729533">
        <ele>199.449471</ele>
        <time>2026-05-10T12:27:23.998Z</time>
      </trkpt>
      <trkpt lat="48.377706" lon="15.729647">
        <ele>199.461487</ele>
        <time>2026-05-10T12:27:25.998Z</time>
      </trkpt>
      <trkpt lat="48.377625" lon="15.729763">
        <ele>199.473681</ele>
        <time>2026-05-10T12:27:27.998Z</time>
      </trkpt>
      <trkpt lat="48.377548" lon="15.729873">
        <ele>199.485260</ele>
        <time>2026-05-10T12:27:29.998Z</time>
      </trkpt>
      <trkpt lat="48.377466" lon="15.729989">
        <ele>199.507596</ele>
        <time>2026-05-10T12:27:31.998Z</time>
      </trkpt>
      <trkpt lat="48.377386" lon="15.730107">
        <ele>199.532460</ele>
        <time>2026-05-10T12:27:33.998Z</time>
      </trkpt>
      <trkpt lat="48.377301" lon="15.730220">
        <ele>199.557634</ele>
        <time>2026-05-10T12:27:35.998Z</time>
      </trkpt>
      <trkpt lat="48.377222" lon="15.730334">
        <ele>199.581928</ele>
        <time>2026-05-10T12:27:37.998Z</time>
      </trkpt>
      <trkpt lat="48.377141" lon="15.730446">
        <ele>199.606343</ele>
        <time>2026-05-10T12:27:39.998Z</time>
      </trkpt>
      <trkpt lat="48.377061" lon="15.730560">
        <ele>199.630797</ele>
        <time>2026-05-10T12:27:41.998Z</time>
      </trkpt>
      <trkpt lat="48.376980" lon="15.730677">
        <ele>199.655718</ele>
        <time>2026-05-10T12:27:43.998Z</time>
      </trkpt>
      <trkpt lat="48.376894" lon="15.730790">
        <ele>199.681059</ele>
        <time>2026-05-10T12:27:45.998Z</time>
      </trkpt>
      <trkpt lat="48.376810" lon="15.730913">
        <ele>199.707073</ele>
        <time>2026-05-10T12:27:47.998Z</time>
      </trkpt>
      <trkpt lat="48.376724" lon="15.731035">
        <ele>199.733306</ele>
        <time>2026-05-10T12:27:49.999Z</time>
      </trkpt>
      <trkpt lat="48.376637" lon="15.731153">
        <ele>199.759302</ele>
        <time>2026-05-10T12:27:51.999Z</time>
      </trkpt>
      <trkpt lat="48.376555" lon="15.731276">
        <ele>199.785000</ele>
        <time>2026-05-10T12:27:53.999Z</time>
      </trkpt>
      <trkpt lat="48.376474" lon="15.731394">
        <ele>199.810022</ele>
        <time>2026-05-10T12:27:55.999Z</time>
      </trkpt>
      <trkpt lat="48.376389" lon="15.731509">
        <ele>199.835393</ele>
        <time>2026-05-10T12:27:57.999Z</time>
      </trkpt>
      <trkpt lat="48.376304" lon="15.731625">
        <ele>199.860862</ele>
        <time>2026-05-10T12:27:59.999Z</time>
      </trkpt>
      <trkpt lat="48.376220" lon="15.731749">
        <ele>199.886979</ele>
        <time>2026-05-10T12:28:01.999Z</time>
      </trkpt>
      <trkpt lat="48.376133" lon="15.731868">
        <ele>199.881114</ele>
        <time>2026-05-10T12:28:03.999Z</time>
      </trkpt>
      <trkpt lat="48.376051" lon="15.731983">
        <ele>199.875362</ele>
        <time>2026-05-10T12:28:05.999Z</time>
      </trkpt>
      <trkpt lat="48.375973" lon="15.732098">
        <ele>199.869758</ele>
        <time>2026-05-10T12:28:07.999Z</time>
      </trkpt>
      <trkpt lat="48.375887" lon="15.732211">
        <ele>199.863898</ele>
        <time>2026-05-10T12:28:09.999Z</time>
      </trkpt>
      <trkpt lat="48.375804" lon="15.732332">
        <ele>199.857967</ele>
        <time>2026-05-10T12:28:11.999Z</time>
      </trkpt>
      <trkpt lat="48.375720" lon="15.732450">
        <ele>199.852070</ele>
        <time>2026-05-10T12:28:13.999Z</time>
      </trkpt>
      <trkpt lat="48.375638" lon="15.732563">
        <ele>199.846364</ele>
        <time>2026-05-10T12:28:15.999Z</time>
      </trkpt>
      <trkpt lat="48.375562" lon="15.732674">
        <ele>199.840928</ele>
        <time>2026-05-10T12:28:17.999Z</time>
      </trkpt>
      <trkpt lat="48.375484" lon="15.732776">
        <ele>199.835625</ele>
        <time>2026-05-10T12:28:19.999Z</time>
      </trkpt>
      <trkpt lat="48.375406" lon="15.732882">
        <ele>199.830231</ele>
        <time>2026-05-10T12:28:21.999Z</time>
      </trkpt>
      <trkpt lat="48.375334" lon="15.732997">
        <ele>199.824843</ele>
        <time>2026-05-10T12:28:23.999Z</time>
      </trkpt>
      <trkpt lat="48.375255" lon="15.733108">
        <ele>199.819296</ele>
        <time>2026-05-10T12:28:25.999Z</time>
      </trkpt>
      <trkpt lat="48.375178" lon="15.733224">
        <ele>199.813704</ele>
        <time>2026-05-10T12:28:27.999Z</time>
      </trkpt>
      <trkpt lat="48.375099" lon="15.733334">
        <ele>199.808180</ele>
        <time>2026-05-10T12:28:29.999Z</time>
      </trkpt>
      <trkpt lat="48.375023" lon="15.733437">
        <ele>199.802931</ele>
        <time>2026-05-10T12:28:31.999Z</time>
      </trkpt>
      <trkpt lat="48.374945" lon="15.733547">
        <ele>199.797445</ele>
        <time>2026-05-10T12:28:33.999Z</time>
      </trkpt>
      <trkpt lat="48.374867" lon="15.733658">
        <ele>199.776570</ele>
        <time>2026-05-10T12:28:35.999Z</time>
      </trkpt>
      <trkpt lat="48.374788" lon="15.733762">
        <ele>199.742181</ele>
        <time>2026-05-10T12:28:37.999Z</time>
      </trkpt>
      <trkpt lat="48.374708" lon="15.733875">
        <ele>199.706234</ele>
        <time>2026-05-10T12:28:39.999Z</time>
      </trkpt>
      <trkpt lat="48.374632" lon="15.733990">
        <ele>199.670924</ele>
        <time>2026-05-10T12:28:41.999Z</time>
      </trkpt>
      <trkpt lat="48.374553" lon="15.734100">
        <ele>199.635662</ele>
        <time>2026-05-10T12:28:43.999Z</time>
      </trkpt>
      <trkpt lat="48.374472" lon="15.734212">
        <ele>199.599622</ele>
        <time>2026-05-10T12:28:45.999Z</time>
      </trkpt>
      <trkpt lat="48.374396" lon="15.734317">
        <ele>199.565820</ele>
        <time>2026-05-10T12:28:47.999Z</time>
      </trkpt>
      <trkpt lat="48.374318" lon="15.734429">
        <ele>199.530498</ele>
        <time>2026-05-10T12:28:49.999Z</time>
      </trkpt>
      <trkpt lat="48.374241" lon="15.734536">
        <ele>199.496160</ele>
        <time>2026-05-10T12:28:51.999Z</time>
      </trkpt>
      <trkpt lat="48.374165" lon="15.734643">
        <ele>199.462062</ele>
        <time>2026-05-10T12:28:53.999Z</time>
      </trkpt>
      <trkpt lat="48.374088" lon="15.734751">
        <ele>199.427576</ele>
        <time>2026-05-10T12:28:55.999Z</time>
      </trkpt>
      <trkpt lat="48.374006" lon="15.734855">
        <ele>199.392441</ele>
        <time>2026-05-10T12:28:57.999Z</time>
      </trkpt>
      <trkpt lat="48.373932" lon="15.734965">
        <ele>199.358363</ele>
        <time>2026-05-10T12:28:59.999Z</time>
      </trkpt>
      <trkpt lat="48.373855" lon="15.735079">
        <ele>199.322974</ele>
        <time>2026-05-10T12:29:01.998Z</time>
      </trkpt>
      <trkpt lat="48.373774" lon="15.735186">
        <ele>199.287662</ele>
        <time>2026-05-10T12:29:03.998Z</time>
      </trkpt>
      <trkpt lat="48.373698" lon="15.735299">
        <ele>199.252658</ele>
        <time>2026-05-10T12:29:05.998Z</time>
      </trkpt>
      <trkpt lat="48.373620" lon="15.735413">
        <ele>199.217035</ele>
        <time>2026-05-10T12:29:07.998Z</time>
      </trkpt>
      <trkpt lat="48.373545" lon="15.735518">
        <ele>199.205376</ele>
        <time>2026-05-10T12:29:09.998Z</time>
      </trkpt>
      <trkpt lat="48.373470" lon="15.735616">
        <ele>199.205341</ele>
        <time>2026-05-10T12:29:11.998Z</time>
      </trkpt>
      <trkpt lat="48.373392" lon="15.735721">
        <ele>199.205304</ele>
        <time>2026-05-10T12:29:13.998Z</time>
      </trkpt>
      <trkpt lat="48.373319" lon="15.735834">
        <ele>199.205268</ele>
        <time>2026-05-10T12:29:15.998Z</time>
      </trkpt>
      <trkpt lat="48.373242" lon="15.735944">
        <ele>199.205231</ele>
        <time>2026-05-10T12:29:17.998Z</time>
      </trkpt>
      <trkpt lat="48.373167" lon="15.736059">
        <ele>199.205193</ele>
        <time>2026-05-10T12:29:19.998Z</time>
      </trkpt>
      <trkpt lat="48.373095" lon="15.736174">
        <ele>199.205157</ele>
        <time>2026-05-10T12:29:21.998Z</time>
      </trkpt>
      <trkpt lat="48.373018" lon="15.736287">
        <ele>199.205119</ele>
        <time>2026-05-10T12:29:23.998Z</time>
      </trkpt>
      <trkpt lat="48.372943" lon="15.736407">
        <ele>199.205081</ele>
        <time>2026-05-10T12:29:25.998Z</time>
      </trkpt>
      <trkpt lat="48.372869" lon="15.736529">
        <ele>199.205042</ele>
        <time>2026-05-10T12:29:27.998Z</time>
      </trkpt>
      <trkpt lat="48.372797" lon="15.736650">
        <ele>199.205005</ele>
        <time>2026-05-10T12:29:29.998Z</time>
      </trkpt>
      <trkpt lat="48.372726" lon="15.736772">
        <ele>199.204967</ele>
        <time>2026-05-10T12:29:31.998Z</time>
      </trkpt>
      <trkpt lat="48.372654" lon="15.736898">
        <ele>199.204928</ele>
        <time>2026-05-10T12:29:33.998Z</time>
      </trkpt>
      <trkpt lat="48.372578" lon="15.737023">
        <ele>199.204889</ele>
        <time>2026-05-10T12:29:35.998Z</time>
      </trkpt>
      <trkpt lat="48.372508" lon="15.737151">
        <ele>199.204851</ele>
        <time>2026-05-10T12:29:37.998Z</time>
      </trkpt>
      <trkpt lat="48.372440" lon="15.737283">
        <ele>199.204812</ele>
        <time>2026-05-10T12:29:39.998Z</time>
      </trkpt>
      <trkpt lat="48.372364" lon="15.737410">
        <ele>199.204772</ele>
        <time>2026-05-10T12:29:41.998Z</time>
      </trkpt>
      <trkpt lat="48.372298" lon="15.737540">
        <ele>199.230937</ele>
        <time>2026-05-10T12:29:43.998Z</time>
      </trkpt>
      <trkpt lat="48.372230" lon="15.737667">
        <ele>199.258253</ele>
        <time>2026-05-10T12:29:45.998Z</time>
      </trkpt>
      <trkpt lat="48.372160" lon="15.737791">
        <ele>199.285504</ele>
        <time>2026-05-10T12:29:47.998Z</time>
      </trkpt>
      <trkpt lat="48.372087" lon="15.737911">
        <ele>199.312752</ele>
        <time>2026-05-10T12:29:49.998Z</time>
      </trkpt>
      <trkpt lat="48.372021" lon="15.738037">
        <ele>199.339623</ele>
        <time>2026-05-10T12:29:51.998Z</time>
      </trkpt>
      <trkpt lat="48.371949" lon="15.738165">
        <ele>199.367711</ele>
        <time>2026-05-10T12:29:53.998Z</time>
      </trkpt>
      <trkpt lat="48.371880" lon="15.738299">
        <ele>199.396103</ele>
        <time>2026-05-10T12:29:55.999Z</time>
      </trkpt>
      <trkpt lat="48.371809" lon="15.738427">
        <ele>199.424029</ele>
        <time>2026-05-10T12:29:57.999Z</time>
      </trkpt>
      <trkpt lat="48.371734" lon="15.738562">
        <ele>199.453500</ele>
        <time>2026-05-10T12:29:59.999Z</time>
      </trkpt>
      <trkpt lat="48.371665" lon="15.738695">
        <ele>199.481760</ele>
        <time>2026-05-10T12:30:01.999Z</time>
      </trkpt>
      <trkpt lat="48.371599" lon="15.738825">
        <ele>199.509160</ele>
        <time>2026-05-10T12:30:03.999Z</time>
      </trkpt>
      <trkpt lat="48.371541" lon="15.738953">
        <ele>199.535108</ele>
        <time>2026-05-10T12:30:05.999Z</time>
      </trkpt>
      <trkpt lat="48.371478" lon="15.739073">
        <ele>199.560722</ele>
        <time>2026-05-10T12:30:07.999Z</time>
      </trkpt>
      <trkpt lat="48.371419" lon="15.739197">
        <ele>199.586264</ele>
        <time>2026-05-10T12:30:09.999Z</time>
      </trkpt>
      <trkpt lat="48.371352" lon="15.739330">
        <ele>199.614217</ele>
        <time>2026-05-10T12:30:11.999Z</time>
      </trkpt>
      <trkpt lat="48.371280" lon="15.739478">
        <ele>199.644937</ele>
        <time>2026-05-10T12:30:13.999Z</time>
      </trkpt>
      <trkpt lat="48.371214" lon="15.739639">
        <ele>199.653757</ele>
        <time>2026-05-10T12:30:15.999Z</time>
      </trkpt>
      <trkpt lat="48.371145" lon="15.739791">
        <ele>199.646333</ele>
        <time>2026-05-10T12:30:17.999Z</time>
      </trkpt>
      <trkpt lat="48.371069" lon="15.739934">
        <ele>199.638947</ele>
        <time>2026-05-10T12:30:19.999Z</time>
      </trkpt>
      <trkpt lat="48.371008" lon="15.740094">
        <ele>199.631508</ele>
        <time>2026-05-10T12:30:21.999Z</time>
      </trkpt>
      <trkpt lat="48.370947" lon="15.740252">
        <ele>199.624138</ele>
        <time>2026-05-10T12:30:23.999Z</time>
      </trkpt>
      <trkpt lat="48.370892" lon="15.740399">
        <ele>199.617334</ele>
        <time>2026-05-10T12:30:25.999Z</time>
      </trkpt>
      <trkpt lat="48.370838" lon="15.740551">
        <ele>199.610383</ele>
        <time>2026-05-10T12:30:27.999Z</time>
      </trkpt>
      <trkpt lat="48.370791" lon="15.740710">
        <ele>199.603364</ele>
        <time>2026-05-10T12:30:29.999Z</time>
      </trkpt>
      <trkpt lat="48.370732" lon="15.740866">
        <ele>199.596125</ele>
        <time>2026-05-10T12:30:31.999Z</time>
      </trkpt>
      <trkpt lat="48.370686" lon="15.741030">
        <ele>199.588946</ele>
        <time>2026-05-10T12:30:33.999Z</time>
      </trkpt>
      <trkpt lat="48.370633" lon="15.741193">
        <ele>199.581627</ele>
        <time>2026-05-10T12:30:35.999Z</time>
      </trkpt>
      <trkpt lat="48.370579" lon="15.741354">
        <ele>199.574353</ele>
        <time>2026-05-10T12:30:37.999Z</time>
      </trkpt>
      <trkpt lat="48.370521" lon="15.741511">
        <ele>199.567108</ele>
        <time>2026-05-10T12:30:39.999Z</time>
      </trkpt>
      <trkpt lat="48.370473" lon="15.741676">
        <ele>199.559844</ele>
        <time>2026-05-10T12:30:41.999Z</time>
      </trkpt>
      <trkpt lat="48.370435" lon="15.741842">
        <ele>199.552763</ele>
        <time>2026-05-10T12:30:43.999Z</time>
      </trkpt>
      <trkpt lat="48.370388" lon="15.741997">
        <ele>199.563730</ele>
        <time>2026-05-10T12:30:45.999Z</time>
      </trkpt>
      <trkpt lat="48.370352" lon="15.742162">
        <ele>199.596886</ele>
        <time>2026-05-10T12:30:47.999Z</time>
      </trkpt>
      <trkpt lat="48.370319" lon="15.742321">
        <ele>199.628687</ele>
        <time>2026-05-10T12:30:49.999Z</time>
      </trkpt>
      <trkpt lat="48.370287" lon="15.742489">
        <ele>199.662052</ele>
        <time>2026-05-10T12:30:51.999Z</time>
      </trkpt>
      <trkpt lat="48.370244" lon="15.742647">
        <ele>199.694649</ele>
        <time>2026-05-10T12:30:53.999Z</time>
      </trkpt>
      <trkpt lat="48.370216" lon="15.742805">
        <ele>199.725867</ele>
        <time>2026-05-10T12:30:55.999Z</time>
      </trkpt>
      <trkpt lat="48.370173" lon="15.742955">
        <ele>199.757056</ele>
        <time>2026-05-10T12:30:57.999Z</time>
      </trkpt>
      <trkpt lat="48.370143" lon="15.743128">
        <ele>199.791190</ele>
        <time>2026-05-10T12:30:59.999Z</time>
      </trkpt>
      <trkpt lat="48.370111" lon="15.743299">
        <ele>199.825106</ele>
        <time>2026-05-10T12:31:01.998Z</time>
      </trkpt>
      <trkpt lat="48.370082" lon="15.743470">
        <ele>199.858798</ele>
        <time>2026-05-10T12:31:03.998Z</time>
      </trkpt>
      <trkpt lat="48.370055" lon="15.743642">
        <ele>199.892539</ele>
        <time>2026-05-10T12:31:05.998Z</time>
      </trkpt>
      <trkpt lat="48.370028" lon="15.743807">
        <ele>199.924981</ele>
        <time>2026-05-10T12:31:07.998Z</time>
      </trkpt>
      <trkpt lat="48.370001" lon="15.743976">
        <ele>199.958164</ele>
        <time>2026-05-10T12:31:09.998Z</time>
      </trkpt>
      <trkpt lat="48.369979" lon="15.744148">
        <ele>199.991604</ele>
        <time>2026-05-10T12:31:11.998Z</time>
      </trkpt>
      <trkpt lat="48.369955" lon="15.744315">
        <ele>200.024223</ele>
        <time>2026-05-10T12:31:13.998Z</time>
      </trkpt>
      <trkpt lat="48.369936" lon="15.744479">
        <ele>200.056005</ele>
        <time>2026-05-10T12:31:15.998Z</time>
      </trkpt>
      <trkpt lat="48.369917" lon="15.744640">
        <ele>200.051887</ele>
        <time>2026-05-10T12:31:17.998Z</time>
      </trkpt>
      <trkpt lat="48.369900" lon="15.744803">
        <ele>200.031205</ele>
        <time>2026-05-10T12:31:19.998Z</time>
      </trkpt>
      <trkpt lat="48.369883" lon="15.744964">
        <ele>200.010771</ele>
        <time>2026-05-10T12:31:21.998Z</time>
      </trkpt>
      <trkpt lat="48.369870" lon="15.745115">
        <ele>199.991686</ele>
        <time>2026-05-10T12:31:23.998Z</time>
      </trkpt>
      <trkpt lat="48.369854" lon="15.745269">
        <ele>199.972148</ele>
        <time>2026-05-10T12:31:25.998Z</time>
      </trkpt>
      <trkpt lat="48.369843" lon="15.745427">
        <ele>199.952235</ele>
        <time>2026-05-10T12:31:27.998Z</time>
      </trkpt>
      <trkpt lat="48.369832" lon="15.745583">
        <ele>199.932571</ele>
        <time>2026-05-10T12:31:29.998Z</time>
      </trkpt>
      <trkpt lat="48.369821" lon="15.745736">
        <ele>199.913281</ele>
        <time>2026-05-10T12:31:31.998Z</time>
      </trkpt>
      <trkpt lat="48.369811" lon="15.745899">
        <ele>199.892763</ele>
        <time>2026-05-10T12:31:33.998Z</time>
      </trkpt>
      <trkpt lat="48.369803" lon="15.746059">
        <ele>199.872650</ele>
        <time>2026-05-10T12:31:35.998Z</time>
      </trkpt>
      <trkpt lat="48.369791" lon="15.746210">
        <ele>199.853588</ele>
        <time>2026-05-10T12:31:37.998Z</time>
      </trkpt>
      <trkpt lat="48.369783" lon="15.746365">
        <ele>199.834101</ele>
        <time>2026-05-10T12:31:39.998Z</time>
      </trkpt>
      <trkpt lat="48.369778" lon="15.746529">
        <ele>199.813523</ele>
        <time>2026-05-10T12:31:41.998Z</time>
      </trkpt>
      <trkpt lat="48.369772" lon="15.746692">
        <ele>199.793060</ele>
        <time>2026-05-10T12:31:43.998Z</time>
      </trkpt>
      <trkpt lat="48.369771" lon="15.746854">
        <ele>199.772753</ele>
        <time>2026-05-10T12:31:45.998Z</time>
      </trkpt>
      <trkpt lat="48.369770" lon="15.747020">
        <ele>199.751945</ele>
        <time>2026-05-10T12:31:47.998Z</time>
      </trkpt>
      <trkpt lat="48.369767" lon="15.747189">
        <ele>199.730754</ele>
        <time>2026-05-10T12:31:49.998Z</time>
      </trkpt>
      <trkpt lat="48.369764" lon="15.747358">
        <ele>199.695529</ele>
        <time>2026-05-10T12:31:51.998Z</time>
      </trkpt>
      <trkpt lat="48.369764" lon="15.747526">
        <ele>199.657043</ele>
        <time>2026-05-10T12:31:53.998Z</time>
      </trkpt>
      <trkpt lat="48.369769" lon="15.747696">
        <ele>199.618060</ele>
        <time>2026-05-10T12:31:55.998Z</time>
      </trkpt>
      <trkpt lat="48.369774" lon="15.747862">
        <ele>199.579993</ele>
        <time>2026-05-10T12:31:57.998Z</time>
      </trkpt>
      <trkpt lat="48.369781" lon="15.748030">
        <ele>199.541431</ele>
        <time>2026-05-10T12:31:59.998Z</time>
      </trkpt>
      <trkpt lat="48.369787" lon="15.748191">
        <ele>199.504490</ele>
        <time>2026-05-10T12:32:01.999Z</time>
      </trkpt>
      <trkpt lat="48.369792" lon="15.748349">
        <ele>199.468253</ele>
        <time>2026-05-10T12:32:03.999Z</time>
      </trkpt>
      <trkpt lat="48.369803" lon="15.748512">
        <ele>199.430720</ele>
        <time>2026-05-10T12:32:05.999Z</time>
      </trkpt>
      <trkpt lat="48.369810" lon="15.748675">
        <ele>199.393301</ele>
        <time>2026-05-10T12:32:07.999Z</time>
      </trkpt>
      <trkpt lat="48.369822" lon="15.748832">
        <ele>199.357097</ele>
        <time>2026-05-10T12:32:09.999Z</time>
      </trkpt>
      <trkpt lat="48.369833" lon="15.748997">
        <ele>199.319108</ele>
        <time>2026-05-10T12:32:11.999Z</time>
      </trkpt>
      <trkpt lat="48.369851" lon="15.749150">
        <ele>199.283512</ele>
        <time>2026-05-10T12:32:13.999Z</time>
      </trkpt>
      <trkpt lat="48.369862" lon="15.749302">
        <ele>199.248485</ele>
        <time>2026-05-10T12:32:15.999Z</time>
      </trkpt>
      <trkpt lat="48.369875" lon="15.749455">
        <ele>199.213150</ele>
        <time>2026-05-10T12:32:17.999Z</time>
      </trkpt>
      <trkpt lat="48.369889" lon="15.749604">
        <ele>199.178676</ele>
        <time>2026-05-10T12:32:19.999Z</time>
      </trkpt>
      <trkpt lat="48.369902" lon="15.749746">
        <ele>199.145839</ele>
        <time>2026-05-10T12:32:21.999Z</time>
      </trkpt>
      <trkpt lat="48.369919" lon="15.749893">
        <ele>199.111657</ele>
        <time>2026-05-10T12:32:23.999Z</time>
      </trkpt>
      <trkpt lat="48.369940" lon="15.750042">
        <ele>199.153644</ele>
        <time>2026-05-10T12:32:25.999Z</time>
      </trkpt>
      <trkpt lat="48.369955" lon="15.750193">
        <ele>199.209804</ele>
        <time>2026-05-10T12:32:27.999Z</time>
      </trkpt>
      <trkpt lat="48.369968" lon="15.750344">
        <ele>199.265811</ele>
        <time>2026-05-10T12:32:29.999Z</time>
      </trkpt>
      <trkpt lat="48.369990" lon="15.750483">
        <ele>199.318370</ele>
        <time>2026-05-10T12:32:31.999Z</time>
      </trkpt>
      <trkpt lat="48.370004" lon="15.750646">
        <ele>199.378825</ele>
        <time>2026-05-10T12:32:33.999Z</time>
      </trkpt>
      <trkpt lat="48.370023" lon="15.750798">
        <ele>199.435716</ele>
        <time>2026-05-10T12:32:35.999Z</time>
      </trkpt>
      <trkpt lat="48.370047" lon="15.750985">
        <ele>199.505772</ele>
        <time>2026-05-10T12:32:38.999Z</time>
      </trkpt>
      <trkpt lat="48.370069" lon="15.751126">
        <ele>199.559047</ele>
        <time>2026-05-10T12:32:41.999Z</time>
      </trkpt>
      <trkpt lat="48.370092" lon="15.751326">
        <ele>199.633707</ele>
        <time>2026-05-10T12:34:41.999Z</time>
      </trkpt>
      <trkpt lat="48.370119" lon="15.751475">
        <ele>199.690515</ele>
        <time>2026-05-10T12:34:46.999Z</time>
      </trkpt>
      <trkpt lat="48.370130" lon="15.751654">
        <ele>199.756638</ele>
        <time>2026-05-10T12:34:50.999Z</time>
      </trkpt>
      <trkpt lat="48.370162" lon="15.751832">
        <ele>199.824466</ele>
        <time>2026-05-10T12:34:53.999Z</time>
      </trkpt>
      <trkpt lat="48.370179" lon="15.752018">
        <ele>199.893526</ele>
        <time>2026-05-10T12:34:56.999Z</time>
      </trkpt>
      <trkpt lat="48.370200" lon="15.752221">
        <ele>199.969095</ele>
        <time>2026-05-10T12:34:59.999Z</time>
      </trkpt>
      <trkpt lat="48.370217" lon="15.752361">
        <ele>200.021444</ele>
        <time>2026-05-10T12:35:01.999Z</time>
      </trkpt>
      <trkpt lat="48.370230" lon="15.752507">
        <ele>200.075627</ele>
        <time>2026-05-10T12:35:03.999Z</time>
      </trkpt>
      <trkpt lat="48.370247" lon="15.752647">
        <ele>200.113695</ele>
        <time>2026-05-10T12:35:05.999Z</time>
      </trkpt>
      <trkpt lat="48.370265" lon="15.752788">
        <ele>200.137284</ele>
        <time>2026-05-10T12:35:07.999Z</time>
      </trkpt>
      <trkpt lat="48.370285" lon="15.752937">
        <ele>200.162258</ele>
        <time>2026-05-10T12:35:09.999Z</time>
      </trkpt>
      <trkpt lat="48.370298" lon="15.753084">
        <ele>200.186623</ele>
        <time>2026-05-10T12:35:11.999Z</time>
      </trkpt>
      <trkpt lat="48.370314" lon="15.753235">
        <ele>200.211744</ele>
        <time>2026-05-10T12:35:13.999Z</time>
      </trkpt>
      <trkpt lat="48.370334" lon="15.753382">
        <ele>200.236397</ele>
        <time>2026-05-10T12:35:15.999Z</time>
      </trkpt>
      <trkpt lat="48.370350" lon="15.753531">
        <ele>200.261194</ele>
        <time>2026-05-10T12:35:17.999Z</time>
      </trkpt>
      <trkpt lat="48.370364" lon="15.753686">
        <ele>200.286894</ele>
        <time>2026-05-10T12:35:19.999Z</time>
      </trkpt>
      <trkpt lat="48.370381" lon="15.753839">
        <ele>200.312380</ele>
        <time>2026-05-10T12:35:21.998Z</time>
      </trkpt>
      <trkpt lat="48.370400" lon="15.753987">
        <ele>200.337146</ele>
        <time>2026-05-10T12:35:23.998Z</time>
      </trkpt>
      <trkpt lat="48.370422" lon="15.754132">
        <ele>200.361582</ele>
        <time>2026-05-10T12:35:25.998Z</time>
      </trkpt>
      <trkpt lat="48.370443" lon="15.754280">
        <ele>200.386445</ele>
        <time>2026-05-10T12:35:27.998Z</time>
      </trkpt>
      <trkpt lat="48.370460" lon="15.754444">
        <ele>200.413715</ele>
        <time>2026-05-10T12:35:29.998Z</time>
      </trkpt>
      <trkpt lat="48.370481" lon="15.754597">
        <ele>200.439383</ele>
        <time>2026-05-10T12:35:31.998Z</time>
      </trkpt>
      <trkpt lat="48.370484" lon="15.754752">
        <ele>200.464859</ele>
        <time>2026-05-10T12:35:33.998Z</time>
      </trkpt>
      <trkpt lat="48.370501" lon="15.754902">
        <ele>200.489859</ele>
        <time>2026-05-10T12:35:35.998Z</time>
      </trkpt>
      <trkpt lat="48.370519" lon="15.755052">
        <ele>200.514902</ele>
        <time>2026-05-10T12:35:37.998Z</time>
      </trkpt>
      <trkpt lat="48.370544" lon="15.755200">
        <ele>200.539991</ele>
        <time>2026-05-10T12:35:39.998Z</time>
      </trkpt>
      <trkpt lat="48.370554" lon="15.755346">
        <ele>200.545422</ele>
        <time>2026-05-10T12:35:41.998Z</time>
      </trkpt>
      <trkpt lat="48.370564" lon="15.755483">
        <ele>200.543341</ele>
        <time>2026-05-10T12:35:43.998Z</time>
      </trkpt>
      <trkpt lat="48.370572" lon="15.755682">
        <ele>200.540330</ele>
        <time>2026-05-10T12:35:46.998Z</time>
      </trkpt>
      <trkpt lat="48.370556" lon="15.755819">
        <ele>200.538230</ele>
        <time>2026-05-10T12:35:48.998Z</time>
      </trkpt>
      <trkpt lat="48.370520" lon="15.755955">
        <ele>200.536019</ele>
        <time>2026-05-10T12:35:50.998Z</time>
      </trkpt>
      <trkpt lat="48.370471" lon="15.756089">
        <ele>200.533709</ele>
        <time>2026-05-10T12:35:52.998Z</time>
      </trkpt>
      <trkpt lat="48.370434" lon="15.756287">
        <ele>200.530603</ele>
        <time>2026-05-10T12:35:55.998Z</time>
      </trkpt>
      <trkpt lat="48.370396" lon="15.756425">
        <ele>200.528347</ele>
        <time>2026-05-10T12:35:57.998Z</time>
      </trkpt>
      <trkpt lat="48.370358" lon="15.756560">
        <ele>200.526133</ele>
        <time>2026-05-10T12:35:59.998Z</time>
      </trkpt>
      <trkpt lat="48.370320" lon="15.756702">
        <ele>200.523822</ele>
        <time>2026-05-10T12:36:01.998Z</time>
      </trkpt>
      <trkpt lat="48.370291" lon="15.756850">
        <ele>200.521492</ele>
        <time>2026-05-10T12:36:03.998Z</time>
      </trkpt>
      <trkpt lat="48.370271" lon="15.756995">
        <ele>200.519255</ele>
        <time>2026-05-10T12:36:05.998Z</time>
      </trkpt>
      <trkpt lat="48.370268" lon="15.757135">
        <ele>200.517140</ele>
        <time>2026-05-10T12:36:07.998Z</time>
      </trkpt>
      <trkpt lat="48.370273" lon="15.757302">
        <ele>200.514616</ele>
        <time>2026-05-10T12:36:09.998Z</time>
      </trkpt>
      <trkpt lat="48.370293" lon="15.757449">
        <ele>200.512350</ele>
        <time>2026-05-10T12:36:11.998Z</time>
      </trkpt>
      <trkpt lat="48.370312" lon="15.757595">
        <ele>200.510103</ele>
        <time>2026-05-10T12:36:13.999Z</time>
      </trkpt>
      <trkpt lat="48.370328" lon="15.757736">
        <ele>200.507943</ele>
        <time>2026-05-10T12:36:15.999Z</time>
      </trkpt>
      <trkpt lat="48.370341" lon="15.757881">
        <ele>200.492372</ele>
        <time>2026-05-10T12:36:17.999Z</time>
      </trkpt>
      <trkpt lat="48.370355" lon="15.758028">
        <ele>200.410336</ele>
        <time>2026-05-10T12:36:19.999Z</time>
      </trkpt>
      <trkpt lat="48.370376" lon="15.758169">
        <ele>200.330512</ele>
        <time>2026-05-10T12:36:21.999Z</time>
      </trkpt>
      <trkpt lat="48.370391" lon="15.758316">
        <ele>200.248355</ele>
        <time>2026-05-10T12:36:23.999Z</time>
      </trkpt>
      <trkpt lat="48.370404" lon="15.758461">
        <ele>200.167529</ele>
        <time>2026-05-10T12:36:25.999Z</time>
      </trkpt>
      <trkpt lat="48.370425" lon="15.758595">
        <ele>200.091473</ele>
        <time>2026-05-10T12:36:27.999Z</time>
      </trkpt>
      <trkpt lat="48.370448" lon="15.758728">
        <ele>200.015554</ele>
        <time>2026-05-10T12:36:29.999Z</time>
      </trkpt>
      <trkpt lat="48.370461" lon="15.758871">
        <ele>199.935822</ele>
        <time>2026-05-10T12:36:31.999Z</time>
      </trkpt>
      <trkpt lat="48.370467" lon="15.759021">
        <ele>199.852810</ele>
        <time>2026-05-10T12:36:33.999Z</time>
      </trkpt>
      <trkpt lat="48.370484" lon="15.759173">
        <ele>199.767662</ele>
        <time>2026-05-10T12:36:35.999Z</time>
      </trkpt>
      <trkpt lat="48.370509" lon="15.759326">
        <ele>199.680623</ele>
        <time>2026-05-10T12:36:37.999Z</time>
      </trkpt>
      <trkpt lat="48.370522" lon="15.759463">
        <ele>199.604174</ele>
        <time>2026-05-10T12:36:39.999Z</time>
      </trkpt>
      <trkpt lat="48.370542" lon="15.759611">
        <ele>199.520743</ele>
        <time>2026-05-10T12:36:41.999Z</time>
      </trkpt>
      <trkpt lat="48.370555" lon="15.759751">
        <ele>199.442653</ele>
        <time>2026-05-10T12:36:43.999Z</time>
      </trkpt>
      <trkpt lat="48.370601" lon="15.759915">
        <ele>199.344313</ele>
        <time>2026-05-10T12:36:46.999Z</time>
      </trkpt>
      <trkpt lat="48.370655" lon="15.760056">
        <ele>199.254406</ele>
        <time>2026-05-10T12:36:49.999Z</time>
      </trkpt>
      <trkpt lat="48.370700" lon="15.760216">
        <ele>199.158425</ele>
        <time>2026-05-10T12:36:52.999Z</time>
      </trkpt>
      <trkpt lat="48.370614" lon="15.760311">
        <ele>199.069722</ele>
        <time>2026-05-10T12:36:54.999Z</time>
      </trkpt>
      <trkpt lat="48.370553" lon="15.760440">
        <ele>198.918161</ele>
        <time>2026-05-10T12:36:57.999Z</time>
      </trkpt>
      <trkpt lat="48.370396" lon="15.760455">
        <ele>198.489847</ele>
        <time>2026-05-10T12:37:00.999Z</time>
      </trkpt>
      <trkpt lat="48.370294" lon="15.760380">
        <ele>198.180779</ele>
        <time>2026-05-10T12:37:02.999Z</time>
      </trkpt>
      <trkpt lat="48.370189" lon="15.760303">
        <ele>197.862784</ele>
        <time>2026-05-10T12:37:04.999Z</time>
      </trkpt>
      <trkpt lat="48.370073" lon="15.760246">
        <ele>197.530557</ele>
        <time>2026-05-10T12:37:06.999Z</time>
      </trkpt>
      <trkpt lat="48.369972" lon="15.760176">
        <ele>197.227825</ele>
        <time>2026-05-10T12:37:08.999Z</time>
      </trkpt>
      <trkpt lat="48.369855" lon="15.760130">
        <ele>196.898590</ele>
        <time>2026-05-10T12:37:10.999Z</time>
      </trkpt>
      <trkpt lat="48.369750" lon="15.760063">
        <ele>196.588090</ele>
        <time>2026-05-10T12:37:12.999Z</time>
      </trkpt>
      <trkpt lat="48.369648" lon="15.760006">
        <ele>196.291862</ele>
        <time>2026-05-10T12:37:14.999Z</time>
      </trkpt>
      <trkpt lat="48.369535" lon="15.759939">
        <ele>195.961198</ele>
        <time>2026-05-10T12:37:16.999Z</time>
      </trkpt>
      <trkpt lat="48.369422" lon="15.759859">
        <ele>195.621212</ele>
        <time>2026-05-10T12:37:18.999Z</time>
      </trkpt>
      <trkpt lat="48.369318" lon="15.759724">
        <ele>195.247316</ele>
        <time>2026-05-10T12:37:20.998Z</time>
      </trkpt>
      <trkpt lat="48.369217" lon="15.759578">
        <ele>194.866066</ele>
        <time>2026-05-10T12:37:22.998Z</time>
      </trkpt>
      <trkpt lat="48.369116" lon="15.759422">
        <ele>194.472071</ele>
        <time>2026-05-10T12:37:24.998Z</time>
      </trkpt>
      <trkpt lat="48.369021" lon="15.759266">
        <ele>194.102444</ele>
        <time>2026-05-10T12:37:26.998Z</time>
      </trkpt>
      <trkpt lat="48.368929" lon="15.759104">
        <ele>193.927323</ele>
        <time>2026-05-10T12:37:28.998Z</time>
      </trkpt>
      <trkpt lat="48.368827" lon="15.758950">
        <ele>193.748637</ele>
        <time>2026-05-10T12:37:30.998Z</time>
      </trkpt>
      <trkpt lat="48.368719" lon="15.758812">
        <ele>193.573418</ele>
        <time>2026-05-10T12:37:32.998Z</time>
      </trkpt>
      <trkpt lat="48.368605" lon="15.758698">
        <ele>193.404137</ele>
        <time>2026-05-10T12:37:34.998Z</time>
      </trkpt>
      <trkpt lat="48.368487" lon="15.758562">
        <ele>193.220318</ele>
        <time>2026-05-10T12:37:36.998Z</time>
      </trkpt>
      <trkpt lat="48.368365" lon="15.758439">
        <ele>193.038701</ele>
        <time>2026-05-10T12:37:38.998Z</time>
      </trkpt>
      <trkpt lat="48.368267" lon="15.758357">
        <ele>192.900021</ele>
        <time>2026-05-10T12:37:40.998Z</time>
      </trkpt>
      <trkpt lat="48.368150" lon="15.758237">
        <ele>192.724908</ele>
        <time>2026-05-10T12:37:42.998Z</time>
      </trkpt>
      <trkpt lat="48.368043" lon="15.758138">
        <ele>192.569562</ele>
        <time>2026-05-10T12:37:44.998Z</time>
      </trkpt>
      <trkpt lat="48.367946" lon="15.758032">
        <ele>192.421304</ele>
        <time>2026-05-10T12:37:46.998Z</time>
      </trkpt>
      <trkpt lat="48.367832" lon="15.757940">
        <ele>192.261315</ele>
        <time>2026-05-10T12:37:48.998Z</time>
      </trkpt>
      <trkpt lat="48.367729" lon="15.757844">
        <ele>192.111474</ele>
        <time>2026-05-10T12:37:50.998Z</time>
      </trkpt>
      <trkpt lat="48.367648" lon="15.757717">
        <ele>191.966811</ele>
        <time>2026-05-10T12:37:52.998Z</time>
      </trkpt>
      <trkpt lat="48.367570" lon="15.757606">
        <ele>191.847581</ele>
        <time>2026-05-10T12:37:54.998Z</time>
      </trkpt>
      <trkpt lat="48.367508" lon="15.757472">
        <ele>191.746619</ele>
        <time>2026-05-10T12:37:56.998Z</time>
      </trkpt>
      <trkpt lat="48.367445" lon="15.757342">
        <ele>191.647130</ele>
        <time>2026-05-10T12:37:58.998Z</time>
      </trkpt>
      <trkpt lat="48.367376" lon="15.757197">
        <ele>191.536854</ele>
        <time>2026-05-10T12:38:00.998Z</time>
      </trkpt>
      <trkpt lat="48.367325" lon="15.757075">
        <ele>191.447733</ele>
        <time>2026-05-10T12:38:02.998Z</time>
      </trkpt>
      <trkpt lat="48.367250" lon="15.756919">
        <ele>191.328675</ele>
        <time>2026-05-10T12:38:04.998Z</time>
      </trkpt>
      <trkpt lat="48.367197" lon="15.756770">
        <ele>191.224177</ele>
        <time>2026-05-10T12:38:06.998Z</time>
      </trkpt>
      <trkpt lat="48.367118" lon="15.756644">
        <ele>191.117058</ele>
        <time>2026-05-10T12:38:08.998Z</time>
      </trkpt>
      <trkpt lat="48.367038" lon="15.756522">
        <ele>191.011073</ele>
        <time>2026-05-10T12:38:10.998Z</time>
      </trkpt>
      <trkpt lat="48.366936" lon="15.756426">
        <ele>190.899117</ele>
        <time>2026-05-10T12:38:12.998Z</time>
      </trkpt>
      <trkpt lat="48.366843" lon="15.756336">
        <ele>190.796221</ele>
        <time>2026-05-10T12:38:14.998Z</time>
      </trkpt>
      <trkpt lat="48.366747" lon="15.756254">
        <ele>190.693495</ele>
        <time>2026-05-10T12:38:16.998Z</time>
      </trkpt>
      <trkpt lat="48.366649" lon="15.756176">
        <ele>190.590326</ele>
        <time>2026-05-10T12:38:18.999Z</time>
      </trkpt>
      <trkpt lat="48.366545" lon="15.756102">
        <ele>190.483268</ele>
        <time>2026-05-10T12:38:20.999Z</time>
      </trkpt>
      <trkpt lat="48.366424" lon="15.756065">
        <ele>190.368359</ele>
        <time>2026-05-10T12:38:22.999Z</time>
      </trkpt>
      <trkpt lat="48.366309" lon="15.756027">
        <ele>190.258785</ele>
        <time>2026-05-10T12:38:24.999Z</time>
      </trkpt>
      <trkpt lat="48.366191" lon="15.756001">
        <ele>190.268019</ele>
        <time>2026-05-10T12:38:26.999Z</time>
      </trkpt>
      <trkpt lat="48.366090" lon="15.755989">
        <ele>190.342897</ele>
        <time>2026-05-10T12:38:28.999Z</time>
      </trkpt>
      <trkpt lat="48.365981" lon="15.755993">
        <ele>190.423479</ele>
        <time>2026-05-10T12:38:30.999Z</time>
      </trkpt>
      <trkpt lat="48.365867" lon="15.756011">
        <ele>190.508195</ele>
        <time>2026-05-10T12:38:32.999Z</time>
      </trkpt>
      <trkpt lat="48.365760" lon="15.756038">
        <ele>190.588378</ele>
        <time>2026-05-10T12:38:34.999Z</time>
      </trkpt>
      <trkpt lat="48.365652" lon="15.756079">
        <ele>190.670697</ele>
        <time>2026-05-10T12:38:36.999Z</time>
      </trkpt>
      <trkpt lat="48.365557" lon="15.756129">
        <ele>190.745077</ele>
        <time>2026-05-10T12:38:38.999Z</time>
      </trkpt>
      <trkpt lat="48.365462" lon="15.756191">
        <ele>190.821604</ele>
        <time>2026-05-10T12:38:40.999Z</time>
      </trkpt>
      <trkpt lat="48.365361" lon="15.756261">
        <ele>190.903783</ele>
        <time>2026-05-10T12:38:42.999Z</time>
      </trkpt>
      <trkpt lat="48.365259" lon="15.756332">
        <ele>190.986839</ele>
        <time>2026-05-10T12:38:44.999Z</time>
      </trkpt>
      <trkpt lat="48.365155" lon="15.756401">
        <ele>191.070837</ele>
        <time>2026-05-10T12:38:46.999Z</time>
      </trkpt>
      <trkpt lat="48.365046" lon="15.756475">
        <ele>191.159211</ele>
        <time>2026-05-10T12:38:48.999Z</time>
      </trkpt>
      <trkpt lat="48.364944" lon="15.756536">
        <ele>191.240328</ele>
        <time>2026-05-10T12:38:50.999Z</time>
      </trkpt>
      <trkpt lat="48.364831" lon="15.756607">
        <ele>191.330827</ele>
        <time>2026-05-10T12:38:52.999Z</time>
      </trkpt>
      <trkpt lat="48.364722" lon="15.756684">
        <ele>191.419817</ele>
        <time>2026-05-10T12:38:54.999Z</time>
      </trkpt>
      <trkpt lat="48.364618" lon="15.756762">
        <ele>191.505693</ele>
        <time>2026-05-10T12:38:56.999Z</time>
      </trkpt>
      <trkpt lat="48.364513" lon="15.756831">
        <ele>191.626887</ele>
        <time>2026-05-10T12:38:58.999Z</time>
      </trkpt>
      <trkpt lat="48.364422" lon="15.756922">
        <ele>191.771391</ele>
        <time>2026-05-10T12:39:00.999Z</time>
      </trkpt>
      <trkpt lat="48.364188" lon="15.756801">
        <ele>192.098647</ele>
        <time>2026-05-10T12:39:03.999Z</time>
      </trkpt>
      <trkpt lat="48.364123" lon="15.756662">
        <ele>192.248016</ele>
        <time>2026-05-10T12:39:05.999Z</time>
      </trkpt>
      <trkpt lat="48.364081" lon="15.756534">
        <ele>192.373468</ele>
        <time>2026-05-10T12:39:08.999Z</time>
      </trkpt>
      <trkpt lat="48.364002" lon="15.756448">
        <ele>192.502422</ele>
        <time>2026-05-10T12:39:14.999Z</time>
      </trkpt>
      <trkpt lat="48.363951" lon="15.756300">
        <ele>192.648932</ele>
        <time>2026-05-10T12:39:17.999Z</time>
      </trkpt>
      <trkpt lat="48.363889" lon="15.756130">
        <ele>192.819349</ele>
        <time>2026-05-10T12:39:20.999Z</time>
      </trkpt>
      <trkpt lat="48.363841" lon="15.755996">
        <ele>192.953128</ele>
        <time>2026-05-10T12:39:23.999Z</time>
      </trkpt>
      <trkpt lat="48.363795" lon="15.755867">
        <ele>193.081784</ele>
        <time>2026-05-10T12:39:25.999Z</time>
      </trkpt>
      <trkpt lat="48.363731" lon="15.755686">
        <ele>193.261963</ele>
        <time>2026-05-10T12:39:28.998Z</time>
      </trkpt>
      <trkpt lat="48.363680" lon="15.755547">
        <ele>193.401500</ele>
        <time>2026-05-10T12:39:30.998Z</time>
      </trkpt>
      <trkpt lat="48.363631" lon="15.755418">
        <ele>193.532080</ele>
        <time>2026-05-10T12:39:32.998Z</time>
      </trkpt>
      <trkpt lat="48.363581" lon="15.755282">
        <ele>193.668670</ele>
        <time>2026-05-10T12:39:34.998Z</time>
      </trkpt>
      <trkpt lat="48.363525" lon="15.755146">
        <ele>193.809274</ele>
        <time>2026-05-10T12:39:36.998Z</time>
      </trkpt>
      <trkpt lat="48.363471" lon="15.755011">
        <ele>193.892542</ele>
        <time>2026-05-10T12:39:38.998Z</time>
      </trkpt>
      <trkpt lat="48.363419" lon="15.754874">
        <ele>193.720702</ele>
        <time>2026-05-10T12:39:40.998Z</time>
      </trkpt>
      <trkpt lat="48.363360" lon="15.754729">
        <ele>193.535519</ele>
        <time>2026-05-10T12:39:42.998Z</time>
      </trkpt>
      <trkpt lat="48.363303" lon="15.754591">
        <ele>193.358546</ele>
        <time>2026-05-10T12:39:44.998Z</time>
      </trkpt>
      <trkpt lat="48.363242" lon="15.754449">
        <ele>193.174381</ele>
        <time>2026-05-10T12:39:46.998Z</time>
      </trkpt>
      <trkpt lat="48.363172" lon="15.754324">
        <ele>192.996334</ele>
        <time>2026-05-10T12:39:48.998Z</time>
      </trkpt>
      <trkpt lat="48.363121" lon="15.754177">
        <ele>192.815721</ele>
        <time>2026-05-10T12:39:50.998Z</time>
      </trkpt>
      <trkpt lat="48.363060" lon="15.754041">
        <ele>192.637009</ele>
        <time>2026-05-10T12:39:52.998Z</time>
      </trkpt>
      <trkpt lat="48.362982" lon="15.753910">
        <ele>192.445425</ele>
        <time>2026-05-10T12:39:54.998Z</time>
      </trkpt>
      <trkpt lat="48.362919" lon="15.753754">
        <ele>192.246598</ele>
        <time>2026-05-10T12:39:56.998Z</time>
      </trkpt>
      <trkpt lat="48.362856" lon="15.753615">
        <ele>192.063341</ele>
        <time>2026-05-10T12:39:58.998Z</time>
      </trkpt>
      <trkpt lat="48.362795" lon="15.753473">
        <ele>191.879175</ele>
        <time>2026-05-10T12:40:00.998Z</time>
      </trkpt>
      <trkpt lat="48.362723" lon="15.753340">
        <ele>191.692327</ele>
        <time>2026-05-10T12:40:02.998Z</time>
      </trkpt>
      <trkpt lat="48.362662" lon="15.753221">
        <ele>191.528631</ele>
        <time>2026-05-10T12:40:04.998Z</time>
      </trkpt>
      <trkpt lat="48.362582" lon="15.753081">
        <ele>191.327517</ele>
        <time>2026-05-10T12:40:06.998Z</time>
      </trkpt>
      <trkpt lat="48.362512" lon="15.752936">
        <ele>191.132308</ele>
        <time>2026-05-10T12:40:08.998Z</time>
      </trkpt>
      <trkpt lat="48.362435" lon="15.752769">
        <ele>191.010407</ele>
        <time>2026-05-10T12:40:11.998Z</time>
      </trkpt>
      <trkpt lat="48.362366" lon="15.752636">
        <ele>191.113275</ele>
        <time>2026-05-10T12:40:13.998Z</time>
      </trkpt>
      <trkpt lat="48.362292" lon="15.752492">
        <ele>191.224253</ele>
        <time>2026-05-10T12:40:15.998Z</time>
      </trkpt>
      <trkpt lat="48.362228" lon="15.752367">
        <ele>191.320455</ele>
        <time>2026-05-10T12:40:17.998Z</time>
      </trkpt>
      <trkpt lat="48.362155" lon="15.752233">
        <ele>191.426093</ele>
        <time>2026-05-10T12:40:19.998Z</time>
      </trkpt>
      <trkpt lat="48.362082" lon="15.752104">
        <ele>191.529391</ele>
        <time>2026-05-10T12:40:21.998Z</time>
      </trkpt>
      <trkpt lat="48.361996" lon="15.751992">
        <ele>191.633737</ele>
        <time>2026-05-10T12:40:23.998Z</time>
      </trkpt>
      <trkpt lat="48.361927" lon="15.751872">
        <ele>191.730482</ele>
        <time>2026-05-10T12:40:25.999Z</time>
      </trkpt>
      <trkpt lat="48.361857" lon="15.751713">
        <ele>191.846760</ele>
        <time>2026-05-10T12:40:27.999Z</time>
      </trkpt>
      <trkpt lat="48.361778" lon="15.751591">
        <ele>191.950613</ele>
        <time>2026-05-10T12:40:29.999Z</time>
      </trkpt>
      <trkpt lat="48.361688" lon="15.751460">
        <ele>192.065490</ele>
        <time>2026-05-10T12:40:31.999Z</time>
      </trkpt>
      <trkpt lat="48.361601" lon="15.751319">
        <ele>192.182795</ele>
        <time>2026-05-10T12:40:33.999Z</time>
      </trkpt>
      <trkpt lat="48.361505" lon="15.751188">
        <ele>192.301691</ele>
        <time>2026-05-10T12:40:35.999Z</time>
      </trkpt>
      <trkpt lat="48.361437" lon="15.751078">
        <ele>192.393286</ele>
        <time>2026-05-10T12:40:37.999Z</time>
      </trkpt>
      <trkpt lat="48.361359" lon="15.750945">
        <ele>192.501433</ele>
        <time>2026-05-10T12:40:39.999Z</time>
      </trkpt>
      <trkpt lat="48.361259" lon="15.750807">
        <ele>192.625472</ele>
        <time>2026-05-10T12:40:41.999Z</time>
      </trkpt>
      <trkpt lat="48.361168" lon="15.750680">
        <ele>192.684381</ele>
        <time>2026-05-10T12:40:43.999Z</time>
      </trkpt>
      <trkpt lat="48.361084" lon="15.750531">
        <ele>192.746012</ele>
        <time>2026-05-10T12:40:45.999Z</time>
      </trkpt>
      <trkpt lat="48.360993" lon="15.750409">
        <ele>192.803860</ele>
        <time>2026-05-10T12:40:47.999Z</time>
      </trkpt>
      <trkpt lat="48.360916" lon="15.750296">
        <ele>192.854911</ele>
        <time>2026-05-10T12:40:49.999Z</time>
      </trkpt>
      <trkpt lat="48.360816" lon="15.750167">
        <ele>192.917429</ele>
        <time>2026-05-10T12:40:51.999Z</time>
      </trkpt>
      <trkpt lat="48.360735" lon="15.750024">
        <ele>192.976696</ele>
        <time>2026-05-10T12:40:53.999Z</time>
      </trkpt>
      <trkpt lat="48.360649" lon="15.749922">
        <ele>193.028671</ele>
        <time>2026-05-10T12:40:55.999Z</time>
      </trkpt>
      <trkpt lat="48.360565" lon="15.749807">
        <ele>193.082573</ele>
        <time>2026-05-10T12:40:57.999Z</time>
      </trkpt>
      <trkpt lat="48.360468" lon="15.749699">
        <ele>193.139848</ele>
        <time>2026-05-10T12:40:59.999Z</time>
      </trkpt>
      <trkpt lat="48.360371" lon="15.749582">
        <ele>193.198854</ele>
        <time>2026-05-10T12:41:01.999Z</time>
      </trkpt>
      <trkpt lat="48.360271" lon="15.749450">
        <ele>193.261993</ele>
        <time>2026-05-10T12:41:03.999Z</time>
      </trkpt>
      <trkpt lat="48.360160" lon="15.749304">
        <ele>193.331970</ele>
        <time>2026-05-10T12:41:05.999Z</time>
      </trkpt>
      <trkpt lat="48.360044" lon="15.749158">
        <ele>193.403750</ele>
        <time>2026-05-10T12:41:07.999Z</time>
      </trkpt>
      <trkpt lat="48.359930" lon="15.749020">
        <ele>193.473196</ele>
        <time>2026-05-10T12:41:09.999Z</time>
      </trkpt>
      <trkpt lat="48.359816" lon="15.748883">
        <ele>193.560458</ele>
        <time>2026-05-10T12:41:11.999Z</time>
      </trkpt>
      <trkpt lat="48.359709" lon="15.748747">
        <ele>193.645748</ele>
        <time>2026-05-10T12:41:13.999Z</time>
      </trkpt>
      <trkpt lat="48.359600" lon="15.748607">
        <ele>193.733015</ele>
        <time>2026-05-10T12:41:15.999Z</time>
      </trkpt>
      <trkpt lat="48.359493" lon="15.748466">
        <ele>193.819624</ele>
        <time>2026-05-10T12:41:17.999Z</time>
      </trkpt>
      <trkpt lat="48.359388" lon="15.748333">
        <ele>193.903201</ele>
        <time>2026-05-10T12:41:19.999Z</time>
      </trkpt>
      <trkpt lat="48.359285" lon="15.748202">
        <ele>193.985325</ele>
        <time>2026-05-10T12:41:21.999Z</time>
      </trkpt>
      <trkpt lat="48.359186" lon="15.748075">
        <ele>194.064545</ele>
        <time>2026-05-10T12:41:23.999Z</time>
      </trkpt>
      <trkpt lat="48.359107" lon="15.747971">
        <ele>194.128463</ele>
        <time>2026-05-10T12:41:25.999Z</time>
      </trkpt>
      <trkpt lat="48.358999" lon="15.747828">
        <ele>194.216065</ele>
        <time>2026-05-10T12:41:27.999Z</time>
      </trkpt>
      <trkpt lat="48.358904" lon="15.747704">
        <ele>194.292646</ele>
        <time>2026-05-10T12:41:29.999Z</time>
      </trkpt>
      <trkpt lat="48.358815" lon="15.747586">
        <ele>194.364878</ele>
        <time>2026-05-10T12:41:31.999Z</time>
      </trkpt>
      <trkpt lat="48.358707" lon="15.747449">
        <ele>194.450896</ele>
        <time>2026-05-10T12:41:33.999Z</time>
      </trkpt>
      <trkpt lat="48.358609" lon="15.747329">
        <ele>194.527835</ele>
        <time>2026-05-10T12:41:35.998Z</time>
      </trkpt>
      <trkpt lat="48.358511" lon="15.747214">
        <ele>194.607918</ele>
        <time>2026-05-10T12:41:37.998Z</time>
      </trkpt>
      <trkpt lat="48.358402" lon="15.747095">
        <ele>194.702215</ele>
        <time>2026-05-10T12:41:39.998Z</time>
      </trkpt>
      <trkpt lat="48.358286" lon="15.746978">
        <ele>194.800001</ele>
        <time>2026-05-10T12:41:41.998Z</time>
      </trkpt>
      <trkpt lat="48.358179" lon="15.746881">
        <ele>194.887473</ele>
        <time>2026-05-10T12:41:43.998Z</time>
      </trkpt>
      <trkpt lat="48.358073" lon="15.746783">
        <ele>194.974588</ele>
        <time>2026-05-10T12:41:45.998Z</time>
      </trkpt>
      <trkpt lat="48.357978" lon="15.746688">
        <ele>195.054460</ele>
        <time>2026-05-10T12:41:47.998Z</time>
      </trkpt>
      <trkpt lat="48.357878" lon="15.746585">
        <ele>195.139317</ele>
        <time>2026-05-10T12:41:49.998Z</time>
      </trkpt>
      <trkpt lat="48.357785" lon="15.746487">
        <ele>195.218818</ele>
        <time>2026-05-10T12:41:51.998Z</time>
      </trkpt>
      <trkpt lat="48.357690" lon="15.746382">
        <ele>195.301357</ele>
        <time>2026-05-10T12:41:53.998Z</time>
      </trkpt>
      <trkpt lat="48.357597" lon="15.746280">
        <ele>195.381941</ele>
        <time>2026-05-10T12:41:55.998Z</time>
      </trkpt>
      <trkpt lat="48.357513" lon="15.746184">
        <ele>195.455801</ele>
        <time>2026-05-10T12:41:57.998Z</time>
      </trkpt>
      <trkpt lat="48.357416" lon="15.746070">
        <ele>195.541985</ele>
        <time>2026-05-10T12:41:59.998Z</time>
      </trkpt>
      <trkpt lat="48.357321" lon="15.745955">
        <ele>195.627361</ele>
        <time>2026-05-10T12:42:01.998Z</time>
      </trkpt>
      <trkpt lat="48.357226" lon="15.745836">
        <ele>195.713915</ele>
        <time>2026-05-10T12:42:03.998Z</time>
      </trkpt>
      <trkpt lat="48.357124" lon="15.745708">
        <ele>195.806916</ele>
        <time>2026-05-10T12:42:05.998Z</time>
      </trkpt>
      <trkpt lat="48.357031" lon="15.745588">
        <ele>195.801832</ele>
        <time>2026-05-10T12:42:07.998Z</time>
      </trkpt>
      <trkpt lat="48.356939" lon="15.745469">
        <ele>195.756068</ele>
        <time>2026-05-10T12:42:09.998Z</time>
      </trkpt>
      <trkpt lat="48.356844" lon="15.745328">
        <ele>195.705733</ele>
        <time>2026-05-10T12:42:11.998Z</time>
      </trkpt>
      <trkpt lat="48.356742" lon="15.745200">
        <ele>195.655632</ele>
        <time>2026-05-10T12:42:13.998Z</time>
      </trkpt>
      <trkpt lat="48.356639" lon="15.745087">
        <ele>195.607548</ele>
        <time>2026-05-10T12:42:15.998Z</time>
      </trkpt>
      <trkpt lat="48.356538" lon="15.744979">
        <ele>195.560808</ele>
        <time>2026-05-10T12:42:17.998Z</time>
      </trkpt>
      <trkpt lat="48.356438" lon="15.744874">
        <ele>195.514809</ele>
        <time>2026-05-10T12:42:19.998Z</time>
      </trkpt>
      <trkpt lat="48.356339" lon="15.744769">
        <ele>195.469119</ele>
        <time>2026-05-10T12:42:21.998Z</time>
      </trkpt>
      <trkpt lat="48.356253" lon="15.744678">
        <ele>195.429460</ele>
        <time>2026-05-10T12:42:23.998Z</time>
      </trkpt>
      <trkpt lat="48.356149" lon="15.744570">
        <ele>195.381793</ele>
        <time>2026-05-10T12:42:25.998Z</time>
      </trkpt>
      <trkpt lat="48.356048" lon="15.744470">
        <ele>195.336185</ele>
        <time>2026-05-10T12:42:27.998Z</time>
      </trkpt>
      <trkpt lat="48.355952" lon="15.744375">
        <ele>195.292842</ele>
        <time>2026-05-10T12:42:29.998Z</time>
      </trkpt>
      <trkpt lat="48.355856" lon="15.744280">
        <ele>195.249498</ele>
        <time>2026-05-10T12:42:31.999Z</time>
      </trkpt>
      <trkpt lat="48.355766" lon="15.744188">
        <ele>195.208455</ele>
        <time>2026-05-10T12:42:33.999Z</time>
      </trkpt>
      <trkpt lat="48.355674" lon="15.744095">
        <ele>195.166646</ele>
        <time>2026-05-10T12:42:35.999Z</time>
      </trkpt>
      <trkpt lat="48.355580" lon="15.744000">
        <ele>195.195939</ele>
        <time>2026-05-10T12:42:37.999Z</time>
      </trkpt>
      <trkpt lat="48.355480" lon="15.743899">
        <ele>195.255377</ele>
        <time>2026-05-10T12:42:39.999Z</time>
      </trkpt>
      <trkpt lat="48.355392" lon="15.743810">
        <ele>195.307704</ele>
        <time>2026-05-10T12:42:41.999Z</time>
      </trkpt>
      <trkpt lat="48.355300" lon="15.743715">
        <ele>195.362770</ele>
        <time>2026-05-10T12:42:43.999Z</time>
      </trkpt>
      <trkpt lat="48.355206" lon="15.743622">
        <ele>195.418289</ele>
        <time>2026-05-10T12:42:45.999Z</time>
      </trkpt>
      <trkpt lat="48.355120" lon="15.743535">
        <ele>195.469431</ele>
        <time>2026-05-10T12:42:47.999Z</time>
      </trkpt>
      <trkpt lat="48.355028" lon="15.743438">
        <ele>195.524871</ele>
        <time>2026-05-10T12:42:49.999Z</time>
      </trkpt>
      <trkpt lat="48.354941" lon="15.743347">
        <ele>195.577161</ele>
        <time>2026-05-10T12:42:51.999Z</time>
      </trkpt>
      <trkpt lat="48.354849" lon="15.743252">
        <ele>195.632227</ele>
        <time>2026-05-10T12:42:53.999Z</time>
      </trkpt>
      <trkpt lat="48.354755" lon="15.743156">
        <ele>195.688294</ele>
        <time>2026-05-10T12:42:55.999Z</time>
      </trkpt>
      <trkpt lat="48.354662" lon="15.743066">
        <ele>195.742863</ele>
        <time>2026-05-10T12:42:57.999Z</time>
      </trkpt>
      <trkpt lat="48.354567" lon="15.742975">
        <ele>195.798441</ele>
        <time>2026-05-10T12:42:59.999Z</time>
      </trkpt>
      <trkpt lat="48.354467" lon="15.742880">
        <ele>195.856806</ele>
        <time>2026-05-10T12:43:01.999Z</time>
      </trkpt>
      <trkpt lat="48.354369" lon="15.742791">
        <ele>195.913297</ele>
        <time>2026-05-10T12:43:03.999Z</time>
      </trkpt>
      <trkpt lat="48.354269" lon="15.742701">
        <ele>195.970802</ele>
        <time>2026-05-10T12:43:05.999Z</time>
      </trkpt>
      <trkpt lat="48.354171" lon="15.742614">
        <ele>196.026957</ele>
        <time>2026-05-10T12:43:07.999Z</time>
      </trkpt>
      <trkpt lat="48.354076" lon="15.742532">
        <ele>196.173802</ele>
        <time>2026-05-10T12:43:09.999Z</time>
      </trkpt>
      <trkpt lat="48.353980" lon="15.742447">
        <ele>196.362311</ele>
        <time>2026-05-10T12:43:11.999Z</time>
      </trkpt>
      <trkpt lat="48.353878" lon="15.742357">
        <ele>196.562424</ele>
        <time>2026-05-10T12:43:13.999Z</time>
      </trkpt>
      <trkpt lat="48.353795" lon="15.742273">
        <ele>196.731707</ele>
        <time>2026-05-10T12:43:15.999Z</time>
      </trkpt>
      <trkpt lat="48.353717" lon="15.742186">
        <ele>196.896024</ele>
        <time>2026-05-10T12:43:17.999Z</time>
      </trkpt>
      <trkpt lat="48.353624" lon="15.742069">
        <ele>197.101177</ele>
        <time>2026-05-10T12:43:20.999Z</time>
      </trkpt>
      <trkpt lat="48.353538" lon="15.741953">
        <ele>197.296636</ele>
        <time>2026-05-10T12:43:23.999Z</time>
      </trkpt>
      <trkpt lat="48.353448" lon="15.741803">
        <ele>197.523925</ele>
        <time>2026-05-10T12:43:26.999Z</time>
      </trkpt>
      <trkpt lat="48.353386" lon="15.741679">
        <ele>197.698450</ele>
        <time>2026-05-10T12:43:28.999Z</time>
      </trkpt>
      <trkpt lat="48.353327" lon="15.741548">
        <ele>197.876430</ele>
        <time>2026-05-10T12:43:30.999Z</time>
      </trkpt>
      <trkpt lat="48.353284" lon="15.741414">
        <ele>198.043787</ele>
        <time>2026-05-10T12:43:32.999Z</time>
      </trkpt>
      <trkpt lat="48.353256" lon="15.741247">
        <ele>198.237493</ele>
        <time>2026-05-10T12:43:35.999Z</time>
      </trkpt>
      <trkpt lat="48.353231" lon="15.741061">
        <ele>198.450918</ele>
        <time>2026-05-10T12:43:38.999Z</time>
      </trkpt>
      <trkpt lat="48.352588" lon="15.740606">
        <ele>199.265062</ele>
        <time>2026-05-10T12:43:48.999Z</time>
      </trkpt>
      <trkpt lat="48.352486" lon="15.740559">
        <ele>199.321844</ele>
        <time>2026-05-10T12:43:51.998Z</time>
      </trkpt>
      <trkpt lat="48.352447" lon="15.740707">
        <ele>199.378162</ele>
        <time>2026-05-10T12:43:54.998Z</time>
      </trkpt>
      <trkpt lat="48.352360" lon="15.740800">
        <ele>199.434966</ele>
        <time>2026-05-10T12:43:57.998Z</time>
      </trkpt>
      <trkpt lat="48.352303" lon="15.740920">
        <ele>199.487143</ele>
        <time>2026-05-10T12:44:00.998Z</time>
      </trkpt>
      <trkpt lat="48.352236" lon="15.741056">
        <ele>199.547028</ele>
        <time>2026-05-10T12:44:04.998Z</time>
      </trkpt>
      <trkpt lat="48.352172" lon="15.741187">
        <ele>199.604541</ele>
        <time>2026-05-10T12:44:08.998Z</time>
      </trkpt>
      <trkpt lat="48.352082" lon="15.741227">
        <ele>199.654493</ele>
        <time>2026-05-10T12:44:27.998Z</time>
      </trkpt>
      <trkpt lat="48.351985" lon="15.741098">
        <ele>199.723400</ele>
        <time>2026-05-10T12:44:29.998Z</time>
      </trkpt>
      <trkpt lat="48.351884" lon="15.741000">
        <ele>199.787369</ele>
        <time>2026-05-10T12:44:32.998Z</time>
      </trkpt>
      <trkpt lat="48.351795" lon="15.740930">
        <ele>199.840824</ele>
        <time>2026-05-10T12:44:34.998Z</time>
      </trkpt>
      <trkpt lat="48.351711" lon="15.740863">
        <ele>199.891429</ele>
        <time>2026-05-10T12:44:38.999Z</time>
      </trkpt>
      <trkpt lat="48.351793" lon="15.740928">
        <ele>199.940762</ele>
        <time>2026-05-10T12:45:08.999Z</time>
      </trkpt>
      <trkpt lat="48.351880" lon="15.740996">
        <ele>199.992946</ele>
        <time>2026-05-10T12:45:13.999Z</time>
      </trkpt>
      <trkpt lat="48.351955" lon="15.741099">
        <ele>200.043108</ele>
        <time>2026-05-10T12:45:19.999Z</time>
      </trkpt>
      <trkpt lat="48.352017" lon="15.741202">
        <ele>200.022429</ele>
        <time>2026-05-10T12:45:24.999Z</time>
      </trkpt>
      <trkpt lat="48.351866" lon="15.741590">
        <ele>199.955525</ele>
        <time>2026-05-10T12:46:18.998Z</time>
      </trkpt>
      <trkpt lat="48.351801" lon="15.741714">
        <ele>199.932025</ele>
        <time>2026-05-10T12:46:22.998Z</time>
      </trkpt>
      <trkpt lat="48.351741" lon="15.741833">
        <ele>199.909798</ele>
        <time>2026-05-10T12:46:27.998Z</time>
      </trkpt>
      <trkpt lat="48.351675" lon="15.741976">
        <ele>199.883892</ele>
        <time>2026-05-10T12:46:32.998Z</time>
      </trkpt>
      <trkpt lat="48.351585" lon="15.742024">
        <ele>199.862512</ele>
        <time>2026-05-10T12:46:35.998Z</time>
      </trkpt>
      <trkpt lat="48.351515" lon="15.741899">
        <ele>199.838189</ele>
        <time>2026-05-10T12:46:37.998Z</time>
      </trkpt>
      <trkpt lat="48.351441" lon="15.741795">
        <ele>199.815518</ele>
        <time>2026-05-10T12:46:39.998Z</time>
      </trkpt>
      <trkpt lat="48.351367" lon="15.741707">
        <ele>199.794399</ele>
        <time>2026-05-10T12:46:41.998Z</time>
      </trkpt>
      <trkpt lat="48.351291" lon="15.741612">
        <ele>199.772277</ele>
        <time>2026-05-10T12:46:43.999Z</time>
      </trkpt>
      <trkpt lat="48.351203" lon="15.741531">
        <ele>199.749179</ele>
        <time>2026-05-10T12:46:45.999Z</time>
      </trkpt>
      <trkpt lat="48.351115" lon="15.741443">
        <ele>199.725521</ele>
        <time>2026-05-10T12:46:47.999Z</time>
      </trkpt>
      <trkpt lat="48.351036" lon="15.741341">
        <ele>199.702214</ele>
        <time>2026-05-10T12:46:49.999Z</time>
      </trkpt>
      <trkpt lat="48.350946" lon="15.741253">
        <ele>199.678182</ele>
        <time>2026-05-10T12:46:51.999Z</time>
      </trkpt>
      <trkpt lat="48.350866" lon="15.741156">
        <ele>199.655178</ele>
        <time>2026-05-10T12:46:53.999Z</time>
      </trkpt>
      <trkpt lat="48.350781" lon="15.741057">
        <ele>199.669385</ele>
        <time>2026-05-10T12:46:55.999Z</time>
      </trkpt>
      <trkpt lat="48.350695" lon="15.740964">
        <ele>199.732749</ele>
        <time>2026-05-10T12:46:57.999Z</time>
      </trkpt>
      <trkpt lat="48.350609" lon="15.740868">
        <ele>199.796817</ele>
        <time>2026-05-10T12:46:59.999Z</time>
      </trkpt>
      <trkpt lat="48.350522" lon="15.740765">
        <ele>199.863051</ele>
        <time>2026-05-10T12:47:01.999Z</time>
      </trkpt>
      <trkpt lat="48.350430" lon="15.740670">
        <ele>199.929811</ele>
        <time>2026-05-10T12:47:03.999Z</time>
      </trkpt>
      <trkpt lat="48.350337" lon="15.740577">
        <ele>199.996621</ele>
        <time>2026-05-10T12:47:05.999Z</time>
      </trkpt>
      <trkpt lat="48.350249" lon="15.740481">
        <ele>200.061655</ele>
        <time>2026-05-10T12:47:07.999Z</time>
      </trkpt>
      <trkpt lat="48.350146" lon="15.740388">
        <ele>200.133525</ele>
        <time>2026-05-10T12:47:09.999Z</time>
      </trkpt>
      <trkpt lat="48.350060" lon="15.740288">
        <ele>200.198553</ele>
        <time>2026-05-10T12:47:11.999Z</time>
      </trkpt>
      <trkpt lat="48.349965" lon="15.740195">
        <ele>200.266364</ele>
        <time>2026-05-10T12:47:13.999Z</time>
      </trkpt>
      <trkpt lat="48.349876" lon="15.740095">
        <ele>200.332822</ele>
        <time>2026-05-10T12:47:15.999Z</time>
      </trkpt>
      <trkpt lat="48.349781" lon="15.740002">
        <ele>200.400632</ele>
        <time>2026-05-10T12:47:17.999Z</time>
      </trkpt>
      <trkpt lat="48.349695" lon="15.739899">
        <ele>200.466397</ele>
        <time>2026-05-10T12:47:19.999Z</time>
      </trkpt>
      <trkpt lat="48.349575" lon="15.739782">
        <ele>200.551950</ele>
        <time>2026-05-10T12:47:22.999Z</time>
      </trkpt>
      <trkpt lat="48.349489" lon="15.739666">
        <ele>200.621053</ele>
        <time>2026-05-10T12:47:24.999Z</time>
      </trkpt>
      <trkpt lat="48.349375" lon="15.739576">
        <ele>200.698079</ele>
        <time>2026-05-10T12:47:26.999Z</time>
      </trkpt>
      <trkpt lat="48.349294" lon="15.739477">
        <ele>200.564616</ele>
        <time>2026-05-10T12:47:28.999Z</time>
      </trkpt>
      <trkpt lat="48.349202" lon="15.739382">
        <ele>200.325988</ele>
        <time>2026-05-10T12:47:30.999Z</time>
      </trkpt>
      <trkpt lat="48.349102" lon="15.739286">
        <ele>200.072306</ele>
        <time>2026-05-10T12:47:32.999Z</time>
      </trkpt>
      <trkpt lat="48.349011" lon="15.739184">
        <ele>199.829629</ele>
        <time>2026-05-10T12:47:34.999Z</time>
      </trkpt>
      <trkpt lat="48.348919" lon="15.739084">
        <ele>199.586908</ele>
        <time>2026-05-10T12:47:36.999Z</time>
      </trkpt>
      <trkpt lat="48.348828" lon="15.738988">
        <ele>199.349227</ele>
        <time>2026-05-10T12:47:38.999Z</time>
      </trkpt>
      <trkpt lat="48.348734" lon="15.738898">
        <ele>199.110948</ele>
        <time>2026-05-10T12:47:40.999Z</time>
      </trkpt>
      <trkpt lat="48.348626" lon="15.738832">
        <ele>198.861654</ele>
        <time>2026-05-10T12:47:42.999Z</time>
      </trkpt>
      <trkpt lat="48.348546" lon="15.738751">
        <ele>198.655436</ele>
        <time>2026-05-10T12:47:44.999Z</time>
      </trkpt>
      <trkpt lat="48.348439" lon="15.738664">
        <ele>198.395330</ele>
        <time>2026-05-10T12:47:46.999Z</time>
      </trkpt>
      <trkpt lat="48.348324" lon="15.738539">
        <ele>198.091928</ele>
        <time>2026-05-10T12:47:48.999Z</time>
      </trkpt>
      <trkpt lat="48.348184" lon="15.738439">
        <ele>197.760496</ele>
        <time>2026-05-10T12:47:50.999Z</time>
      </trkpt>
      <trkpt lat="48.348028" lon="15.738425">
        <ele>197.426278</ele>
        <time>2026-05-10T12:47:52.999Z</time>
      </trkpt>
      <trkpt lat="48.347916" lon="15.738426">
        <ele>197.186748</ele>
        <time>2026-05-10T12:47:54.998Z</time>
      </trkpt>
      <trkpt lat="48.347818" lon="15.738413">
        <ele>196.976350</ele>
        <time>2026-05-10T12:47:56.998Z</time>
      </trkpt>
      <trkpt lat="48.347713" lon="15.738346">
        <ele>197.037427</ele>
        <time>2026-05-10T12:47:58.998Z</time>
      </trkpt>
      <trkpt lat="48.347606" lon="15.738285">
        <ele>197.331076</ele>
        <time>2026-05-10T12:48:00.998Z</time>
      </trkpt>
      <trkpt lat="48.347503" lon="15.738215">
        <ele>197.621124</ele>
        <time>2026-05-10T12:48:02.998Z</time>
      </trkpt>
      <trkpt lat="48.347407" lon="15.738151">
        <ele>197.890594</ele>
        <time>2026-05-10T12:48:04.998Z</time>
      </trkpt>
      <trkpt lat="48.347299" lon="15.738080">
        <ele>198.193061</ele>
        <time>2026-05-10T12:48:06.998Z</time>
      </trkpt>
      <trkpt lat="48.347194" lon="15.738005">
        <ele>198.491351</ele>
        <time>2026-05-10T12:48:08.998Z</time>
      </trkpt>
      <trkpt lat="48.347089" lon="15.737935">
        <ele>198.786084</ele>
        <time>2026-05-10T12:48:10.998Z</time>
      </trkpt>
      <trkpt lat="48.346982" lon="15.737864">
        <ele>199.086201</ele>
        <time>2026-05-10T12:48:12.998Z</time>
      </trkpt>
      <trkpt lat="48.346872" lon="15.737792">
        <ele>199.394056</ele>
        <time>2026-05-10T12:48:14.998Z</time>
      </trkpt>
      <trkpt lat="48.346766" lon="15.737718">
        <ele>199.693944</ele>
        <time>2026-05-10T12:48:16.998Z</time>
      </trkpt>
      <trkpt lat="48.346659" lon="15.737644">
        <ele>199.996163</ele>
        <time>2026-05-10T12:48:18.998Z</time>
      </trkpt>
      <trkpt lat="48.346556" lon="15.737565">
        <ele>200.292861</ele>
        <time>2026-05-10T12:48:20.998Z</time>
      </trkpt>
      <trkpt lat="48.346452" lon="15.737478">
        <ele>200.598240</ele>
        <time>2026-05-10T12:48:22.998Z</time>
      </trkpt>
      <trkpt lat="48.346352" lon="15.737381">
        <ele>200.903584</ele>
        <time>2026-05-10T12:48:24.998Z</time>
      </trkpt>
      <trkpt lat="48.346250" lon="15.737279">
        <ele>201.217894</ele>
        <time>2026-05-10T12:48:26.998Z</time>
      </trkpt>
      <trkpt lat="48.346152" lon="15.737179">
        <ele>201.484872</ele>
        <time>2026-05-10T12:48:28.998Z</time>
      </trkpt>
      <trkpt lat="48.346056" lon="15.737069">
        <ele>201.465704</ele>
        <time>2026-05-10T12:48:30.998Z</time>
      </trkpt>
      <trkpt lat="48.345972" lon="15.736944">
        <ele>201.446937</ele>
        <time>2026-05-10T12:48:32.998Z</time>
      </trkpt>
      <trkpt lat="48.345874" lon="15.736837">
        <ele>201.427703</ele>
        <time>2026-05-10T12:48:34.998Z</time>
      </trkpt>
      <trkpt lat="48.345790" lon="15.736732">
        <ele>201.410356</ele>
        <time>2026-05-10T12:48:36.998Z</time>
      </trkpt>
      <trkpt lat="48.345699" lon="15.736617">
        <ele>201.391478</ele>
        <time>2026-05-10T12:48:38.998Z</time>
      </trkpt>
      <trkpt lat="48.345608" lon="15.736510">
        <ele>201.373133</ele>
        <time>2026-05-10T12:48:40.998Z</time>
      </trkpt>
      <trkpt lat="48.345516" lon="15.736405">
        <ele>201.354790</ele>
        <time>2026-05-10T12:48:42.998Z</time>
      </trkpt>
      <trkpt lat="48.345414" lon="15.736312">
        <ele>201.335845</ele>
        <time>2026-05-10T12:48:44.998Z</time>
      </trkpt>
      <trkpt lat="48.345310" lon="15.736204">
        <ele>201.315772</ele>
        <time>2026-05-10T12:48:46.998Z</time>
      </trkpt>
      <trkpt lat="48.345189" lon="15.736115">
        <ele>201.294377</ele>
        <time>2026-05-10T12:48:48.999Z</time>
      </trkpt>
      <trkpt lat="48.345092" lon="15.736029">
        <ele>201.276493</ele>
        <time>2026-05-10T12:48:50.999Z</time>
      </trkpt>
      <trkpt lat="48.344990" lon="15.735957">
        <ele>201.258596</ele>
        <time>2026-05-10T12:48:52.999Z</time>
      </trkpt>
      <trkpt lat="48.344894" lon="15.735891">
        <ele>201.241830</ele>
        <time>2026-05-10T12:48:54.999Z</time>
      </trkpt>
      <trkpt lat="48.344802" lon="15.735850">
        <ele>201.226588</ele>
        <time>2026-05-10T12:48:56.999Z</time>
      </trkpt>
      <trkpt lat="48.344711" lon="15.735776">
        <ele>201.210157</ele>
        <time>2026-05-10T12:48:58.999Z</time>
      </trkpt>
      <trkpt lat="48.344615" lon="15.735731">
        <ele>201.197039</ele>
        <time>2026-05-10T12:49:00.999Z</time>
      </trkpt>
      <trkpt lat="48.344513" lon="15.735683">
        <ele>201.186859</ele>
        <time>2026-05-10T12:49:02.999Z</time>
      </trkpt>
      <trkpt lat="48.344397" lon="15.735638">
        <ele>201.175449</ele>
        <time>2026-05-10T12:49:04.999Z</time>
      </trkpt>
      <trkpt lat="48.344242" lon="15.735599">
        <ele>201.160481</ele>
        <time>2026-05-10T12:49:07.999Z</time>
      </trkpt>
      <trkpt lat="48.344124" lon="15.735568">
        <ele>201.149072</ele>
        <time>2026-05-10T12:49:09.999Z</time>
      </trkpt>
      <trkpt lat="48.344008" lon="15.735543">
        <ele>201.137910</ele>
        <time>2026-05-10T12:49:11.999Z</time>
      </trkpt>
      <trkpt lat="48.343895" lon="15.735518">
        <ele>201.127032</ele>
        <time>2026-05-10T12:49:13.999Z</time>
      </trkpt>
      <trkpt lat="48.343789" lon="15.735512">
        <ele>201.116928</ele>
        <time>2026-05-10T12:49:15.999Z</time>
      </trkpt>
      <trkpt lat="48.343626" lon="15.735470">
        <ele>201.101177</ele>
        <time>2026-05-10T12:49:18.999Z</time>
      </trkpt>
      <trkpt lat="48.343494" lon="15.735427">
        <ele>201.088313</ele>
        <time>2026-05-10T12:49:20.999Z</time>
      </trkpt>
      <trkpt lat="48.343398" lon="15.735415">
        <ele>201.079138</ele>
        <time>2026-05-10T12:49:22.999Z</time>
      </trkpt>
      <trkpt lat="48.343298" lon="15.735410">
        <ele>201.069608</ele>
        <time>2026-05-10T12:49:24.999Z</time>
      </trkpt>
      <trkpt lat="48.343191" lon="15.735380">
        <ele>201.059241</ele>
        <time>2026-05-10T12:49:26.999Z</time>
      </trkpt>
      <trkpt lat="48.343097" lon="15.735367">
        <ele>201.050250</ele>
        <time>2026-05-10T12:49:28.999Z</time>
      </trkpt>
      <trkpt lat="48.342998" lon="15.735305">
        <ele>201.040036</ele>
        <time>2026-05-10T12:49:30.999Z</time>
      </trkpt>
      <trkpt lat="48.342890" lon="15.735259">
        <ele>201.031737</ele>
        <time>2026-05-10T12:49:32.999Z</time>
      </trkpt>
      <trkpt lat="48.342793" lon="15.735234">
        <ele>201.056740</ele>
        <time>2026-05-10T12:49:34.999Z</time>
      </trkpt>
      <trkpt lat="48.342695" lon="15.735184">
        <ele>201.083031</ele>
        <time>2026-05-10T12:49:36.999Z</time>
      </trkpt>
      <trkpt lat="48.342588" lon="15.735139">
        <ele>201.111257</ele>
        <time>2026-05-10T12:49:38.999Z</time>
      </trkpt>
      <trkpt lat="48.342489" lon="15.735087">
        <ele>201.137898</ele>
        <time>2026-05-10T12:49:40.999Z</time>
      </trkpt>
      <trkpt lat="48.342395" lon="15.735046">
        <ele>201.162762</ele>
        <time>2026-05-10T12:49:42.999Z</time>
      </trkpt>
      <trkpt lat="48.342285" lon="15.734994">
        <ele>201.192056</ele>
        <time>2026-05-10T12:49:44.999Z</time>
      </trkpt>
      <trkpt lat="48.342196" lon="15.734942">
        <ele>201.216313</ele>
        <time>2026-05-10T12:49:46.999Z</time>
      </trkpt>
      <trkpt lat="48.342092" lon="15.734876">
        <ele>201.244989</ele>
        <time>2026-05-10T12:49:48.999Z</time>
      </trkpt>
      <trkpt lat="48.341998" lon="15.734824">
        <ele>201.270434</ele>
        <time>2026-05-10T12:49:50.999Z</time>
      </trkpt>
      <trkpt lat="48.341903" lon="15.734748">
        <ele>201.297770</ele>
        <time>2026-05-10T12:49:52.999Z</time>
      </trkpt>
      <trkpt lat="48.341777" lon="15.734661">
        <ele>201.332991</ele>
        <time>2026-05-10T12:49:55.999Z</time>
      </trkpt>
      <trkpt lat="48.341673" lon="15.734568">
        <ele>201.363729</ele>
        <time>2026-05-10T12:49:57.999Z</time>
      </trkpt>
      <trkpt lat="48.341579" lon="15.734503">
        <ele>201.390012</ele>
        <time>2026-05-10T12:49:59.999Z</time>
      </trkpt>
      <trkpt lat="48.341479" lon="15.734431">
        <ele>201.418177</ele>
        <time>2026-05-10T12:50:01.998Z</time>
      </trkpt>
      <trkpt lat="48.341391" lon="15.734356">
        <ele>201.443873</ele>
        <time>2026-05-10T12:50:03.998Z</time>
      </trkpt>
      <trkpt lat="48.341295" lon="15.734277">
        <ele>201.471673</ele>
        <time>2026-05-10T12:50:05.998Z</time>
      </trkpt>
      <trkpt lat="48.341184" lon="15.734198">
        <ele>201.510363</ele>
        <time>2026-05-10T12:50:07.998Z</time>
      </trkpt>
      <trkpt lat="48.341079" lon="15.734118">
        <ele>201.554349</ele>
        <time>2026-05-10T12:50:09.998Z</time>
      </trkpt>
      <trkpt lat="48.340970" lon="15.734049">
        <ele>201.598543</ele>
        <time>2026-05-10T12:50:11.998Z</time>
      </trkpt>
      <trkpt lat="48.340856" lon="15.733981">
        <ele>201.644373</ele>
        <time>2026-05-10T12:50:13.998Z</time>
      </trkpt>
      <trkpt lat="48.340737" lon="15.733904">
        <ele>201.692785</ele>
        <time>2026-05-10T12:50:15.998Z</time>
      </trkpt>
      <trkpt lat="48.340621" lon="15.733845">
        <ele>201.738546</ele>
        <time>2026-05-10T12:50:17.998Z</time>
      </trkpt>
      <trkpt lat="48.340520" lon="15.733775">
        <ele>201.780104</ele>
        <time>2026-05-10T12:50:19.998Z</time>
      </trkpt>
      <trkpt lat="48.340406" lon="15.733724">
        <ele>201.824552</ele>
        <time>2026-05-10T12:50:21.998Z</time>
      </trkpt>
      <trkpt lat="48.340286" lon="15.733656">
        <ele>201.872474</ele>
        <time>2026-05-10T12:50:23.998Z</time>
      </trkpt>
      <trkpt lat="48.340171" lon="15.733592">
        <ele>201.918298</ele>
        <time>2026-05-10T12:50:25.998Z</time>
      </trkpt>
      <trkpt lat="48.340062" lon="15.733538">
        <ele>201.961185</ele>
        <time>2026-05-10T12:50:27.998Z</time>
      </trkpt>
      <trkpt lat="48.339944" lon="15.733475">
        <ele>202.007978</ele>
        <time>2026-05-10T12:50:29.998Z</time>
      </trkpt>
      <trkpt lat="48.339830" lon="15.733420">
        <ele>202.052719</ele>
        <time>2026-05-10T12:50:31.998Z</time>
      </trkpt>
      <trkpt lat="48.339713" lon="15.733366">
        <ele>202.098455</ele>
        <time>2026-05-10T12:50:33.998Z</time>
      </trkpt>
      <trkpt lat="48.339595" lon="15.733315">
        <ele>202.144338</ele>
        <time>2026-05-10T12:50:35.998Z</time>
      </trkpt>
      <trkpt lat="48.339479" lon="15.733260">
        <ele>202.239808</ele>
        <time>2026-05-10T12:50:37.998Z</time>
      </trkpt>
      <trkpt lat="48.339358" lon="15.733215">
        <ele>202.362409</ele>
        <time>2026-05-10T12:50:39.998Z</time>
      </trkpt>
      <trkpt lat="48.339236" lon="15.733158">
        <ele>202.488064</ele>
        <time>2026-05-10T12:50:41.998Z</time>
      </trkpt>
      <trkpt lat="48.339118" lon="15.733097">
        <ele>202.610792</ele>
        <time>2026-05-10T12:50:43.998Z</time>
      </trkpt>
      <trkpt lat="48.339002" lon="15.733040">
        <ele>202.730824</ele>
        <time>2026-05-10T12:50:45.998Z</time>
      </trkpt>
      <trkpt lat="48.338890" lon="15.732978">
        <ele>202.848211</ele>
        <time>2026-05-10T12:50:47.998Z</time>
      </trkpt>
      <trkpt lat="48.338784" lon="15.732921">
        <ele>202.958935</ele>
        <time>2026-05-10T12:50:49.998Z</time>
      </trkpt>
      <trkpt lat="48.338676" lon="15.732874">
        <ele>203.069521</ele>
        <time>2026-05-10T12:50:51.998Z</time>
      </trkpt>
      <trkpt lat="48.338576" lon="15.732816">
        <ele>203.174940</ele>
        <time>2026-05-10T12:50:53.998Z</time>
      </trkpt>
      <trkpt lat="48.338468" lon="15.732746">
        <ele>203.290611</ele>
        <time>2026-05-10T12:50:55.999Z</time>
      </trkpt>
      <trkpt lat="48.338359" lon="15.732681">
        <ele>203.405942</ele>
        <time>2026-05-10T12:50:57.999Z</time>
      </trkpt>
      <trkpt lat="48.338254" lon="15.732625">
        <ele>203.515520</ele>
        <time>2026-05-10T12:50:59.999Z</time>
      </trkpt>
      <trkpt lat="48.338149" lon="15.732547">
        <ele>203.630705</ele>
        <time>2026-05-10T12:51:01.999Z</time>
      </trkpt>
      <trkpt lat="48.338035" lon="15.732476">
        <ele>203.752068</ele>
        <time>2026-05-10T12:51:04.999Z</time>
      </trkpt>
      <trkpt lat="48.337920" lon="15.732394">
        <ele>203.877247</ele>
        <time>2026-05-10T12:51:06.999Z</time>
      </trkpt>
      <trkpt lat="48.337834" lon="15.732317">
        <ele>203.951767</ele>
        <time>2026-05-10T12:51:08.999Z</time>
      </trkpt>
      <trkpt lat="48.337714" lon="15.732214">
        <ele>204.019034</ele>
        <time>2026-05-10T12:51:10.999Z</time>
      </trkpt>
      <trkpt lat="48.337602" lon="15.732135">
        <ele>204.079262</ele>
        <time>2026-05-10T12:51:12.999Z</time>
      </trkpt>
      <trkpt lat="48.337511" lon="15.732077">
        <ele>204.127381</ele>
        <time>2026-05-10T12:51:14.999Z</time>
      </trkpt>
      <trkpt lat="48.337411" lon="15.731996">
        <ele>204.182678</ele>
        <time>2026-05-10T12:51:16.999Z</time>
      </trkpt>
      <trkpt lat="48.337319" lon="15.731919">
        <ele>204.233937</ele>
        <time>2026-05-10T12:51:18.999Z</time>
      </trkpt>
      <trkpt lat="48.337221" lon="15.731826">
        <ele>204.290353</ele>
        <time>2026-05-10T12:51:20.999Z</time>
      </trkpt>
      <trkpt lat="48.337128" lon="15.731760">
        <ele>204.340418</ele>
        <time>2026-05-10T12:51:22.999Z</time>
      </trkpt>
      <trkpt lat="48.337024" lon="15.731669">
        <ele>204.398997</ele>
        <time>2026-05-10T12:51:24.999Z</time>
      </trkpt>
      <trkpt lat="48.336924" lon="15.731564">
        <ele>204.458372</ele>
        <time>2026-05-10T12:51:26.999Z</time>
      </trkpt>
      <trkpt lat="48.336834" lon="15.731479">
        <ele>204.510112</ele>
        <time>2026-05-10T12:51:28.999Z</time>
      </trkpt>
      <trkpt lat="48.336731" lon="15.731362">
        <ele>204.572952</ele>
        <time>2026-05-10T12:51:30.999Z</time>
      </trkpt>
      <trkpt lat="48.336634" lon="15.731254">
        <ele>204.631709</ele>
        <time>2026-05-10T12:51:32.999Z</time>
      </trkpt>
      <trkpt lat="48.336539" lon="15.731161">
        <ele>204.686894</ele>
        <time>2026-05-10T12:51:34.999Z</time>
      </trkpt>
      <trkpt lat="48.336444" lon="15.731055">
        <ele>204.744483</ele>
        <time>2026-05-10T12:51:36.999Z</time>
      </trkpt>
      <trkpt lat="48.336348" lon="15.730945">
        <ele>204.803238</ele>
        <time>2026-05-10T12:51:38.999Z</time>
      </trkpt>
      <trkpt lat="48.336261" lon="15.730842">
        <ele>204.798247</ele>
        <time>2026-05-10T12:51:40.999Z</time>
      </trkpt>
      <trkpt lat="48.336160" lon="15.730762">
        <ele>204.792173</ele>
        <time>2026-05-10T12:51:42.999Z</time>
      </trkpt>
      <trkpt lat="48.336079" lon="15.730642">
        <ele>204.786123</ele>
        <time>2026-05-10T12:51:44.999Z</time>
      </trkpt>
      <trkpt lat="48.335974" lon="15.730543">
        <ele>204.779528</ele>
        <time>2026-05-10T12:51:46.999Z</time>
      </trkpt>
      <trkpt lat="48.335874" lon="15.730434">
        <ele>204.772956</ele>
        <time>2026-05-10T12:51:48.999Z</time>
      </trkpt>
      <trkpt lat="48.335797" lon="15.730314">
        <ele>204.767055</ele>
        <time>2026-05-10T12:51:50.999Z</time>
      </trkpt>
      <trkpt lat="48.335696" lon="15.730203">
        <ele>204.760398</ele>
        <time>2026-05-10T12:51:52.999Z</time>
      </trkpt>
      <trkpt lat="48.335616" lon="15.730078">
        <ele>204.754260</ele>
        <time>2026-05-10T12:51:54.999Z</time>
      </trkpt>
      <trkpt lat="48.335524" lon="15.729968">
        <ele>204.748006</ele>
        <time>2026-05-10T12:51:56.999Z</time>
      </trkpt>
      <trkpt lat="48.335431" lon="15.729830">
        <ele>204.741054</ele>
        <time>2026-05-10T12:51:58.999Z</time>
      </trkpt>
      <trkpt lat="48.335345" lon="15.729714">
        <ele>204.734906</ele>
        <time>2026-05-10T12:52:00.999Z</time>
      </trkpt>
      <trkpt lat="48.335262" lon="15.729592">
        <ele>204.728730</ele>
        <time>2026-05-10T12:52:02.999Z</time>
      </trkpt>
      <trkpt lat="48.335181" lon="15.729456">
        <ele>204.722270</ele>
        <time>2026-05-10T12:52:04.999Z</time>
      </trkpt>
      <trkpt lat="48.335096" lon="15.729325">
        <ele>204.715794</ele>
        <time>2026-05-10T12:52:06.999Z</time>
      </trkpt>
      <trkpt lat="48.335015" lon="15.729214">
        <ele>204.709963</ele>
        <time>2026-05-10T12:52:08.999Z</time>
      </trkpt>
      <trkpt lat="48.334936" lon="15.729077">
        <ele>204.715382</ele>
        <time>2026-05-10T12:52:10.998Z</time>
      </trkpt>
      <trkpt lat="48.334863" lon="15.728937">
        <ele>204.724665</ele>
        <time>2026-05-10T12:52:12.998Z</time>
      </trkpt>
      <trkpt lat="48.334779" lon="15.728820">
        <ele>204.733649</ele>
        <time>2026-05-10T12:52:14.998Z</time>
      </trkpt>
      <trkpt lat="48.334699" lon="15.728694">
        <ele>204.742739</ele>
        <time>2026-05-10T12:52:16.998Z</time>
      </trkpt>
      <trkpt lat="48.334612" lon="15.728558">
        <ele>204.752585</ele>
        <time>2026-05-10T12:52:18.998Z</time>
      </trkpt>
      <trkpt lat="48.334525" lon="15.728435">
        <ele>204.761955</ele>
        <time>2026-05-10T12:52:20.998Z</time>
      </trkpt>
      <trkpt lat="48.334438" lon="15.728309">
        <ele>204.771433</ele>
        <time>2026-05-10T12:52:22.998Z</time>
      </trkpt>
      <trkpt lat="48.334348" lon="15.728179">
        <ele>204.781225</ele>
        <time>2026-05-10T12:52:24.998Z</time>
      </trkpt>
      <trkpt lat="48.334258" lon="15.728069">
        <ele>204.790326</ele>
        <time>2026-05-10T12:52:26.998Z</time>
      </trkpt>
      <trkpt lat="48.334188" lon="15.727974">
        <ele>204.797725</ele>
        <time>2026-05-10T12:52:28.998Z</time>
      </trkpt>
      <trkpt lat="48.334082" lon="15.727826">
        <ele>204.809075</ele>
        <time>2026-05-10T12:52:31.998Z</time>
      </trkpt>
      <trkpt lat="48.333998" lon="15.727711">
        <ele>204.817988</ele>
        <time>2026-05-10T12:52:33.998Z</time>
      </trkpt>
      <trkpt lat="48.333924" lon="15.727596">
        <ele>204.826338</ele>
        <time>2026-05-10T12:52:35.998Z</time>
      </trkpt>
      <trkpt lat="48.333833" lon="15.727475">
        <ele>204.835870</ele>
        <time>2026-05-10T12:52:37.998Z</time>
      </trkpt>
      <trkpt lat="48.333738" lon="15.727375">
        <ele>204.844969</ele>
        <time>2026-05-10T12:52:39.998Z</time>
      </trkpt>
      <trkpt lat="48.333651" lon="15.727264">
        <ele>204.919258</ele>
        <time>2026-05-10T12:52:41.998Z</time>
      </trkpt>
      <trkpt lat="48.333562" lon="15.727154">
        <ele>205.061371</ele>
        <time>2026-05-10T12:52:43.998Z</time>
      </trkpt>
      <trkpt lat="48.333477" lon="15.727056">
        <ele>205.193499</ele>
        <time>2026-05-10T12:52:45.998Z</time>
      </trkpt>
      <trkpt lat="48.333407" lon="15.726930">
        <ele>205.328177</ele>
        <time>2026-05-10T12:52:48.998Z</time>
      </trkpt>
      <trkpt lat="48.333302" lon="15.726839">
        <ele>205.477683</ele>
        <time>2026-05-10T12:52:51.998Z</time>
      </trkpt>
      <trkpt lat="48.333206" lon="15.726746">
        <ele>205.618559</ele>
        <time>2026-05-10T12:52:54.998Z</time>
      </trkpt>
      <trkpt lat="48.333108" lon="15.726645">
        <ele>205.765122</ele>
        <time>2026-05-10T12:52:57.998Z</time>
      </trkpt>
      <trkpt lat="48.333006" lon="15.726557">
        <ele>205.910193</ele>
        <time>2026-05-10T12:53:00.999Z</time>
      </trkpt>
      <trkpt lat="48.332900" lon="15.726445">
        <ele>206.070008</ele>
        <time>2026-05-10T12:53:03.999Z</time>
      </trkpt>
      <trkpt lat="48.332805" lon="15.726364">
        <ele>206.204733</ele>
        <time>2026-05-10T12:53:06.999Z</time>
      </trkpt>
      <trkpt lat="48.332727" lon="15.726280">
        <ele>206.323085</ele>
        <time>2026-05-10T12:53:08.999Z</time>
      </trkpt>
      <trkpt lat="48.332621" lon="15.726202">
        <ele>206.468671</ele>
        <time>2026-05-10T12:53:11.999Z</time>
      </trkpt>
      <trkpt lat="48.332532" lon="15.726131">
        <ele>206.592960</ele>
        <time>2026-05-10T12:53:14.999Z</time>
      </trkpt>
      <trkpt lat="48.332423" lon="15.726055">
        <ele>206.741183</ele>
        <time>2026-05-10T12:53:17.999Z</time>
      </trkpt>
      <trkpt lat="48.332321" lon="15.725967">
        <ele>206.886254</ele>
        <time>2026-05-10T12:53:20.999Z</time>
      </trkpt>
      <trkpt lat="48.332229" lon="15.725933">
        <ele>207.003134</ele>
        <time>2026-05-10T12:53:23.999Z</time>
      </trkpt>
      <trkpt lat="48.332117" lon="15.725876">
        <ele>207.167169</ele>
        <time>2026-05-10T12:53:28.999Z</time>
      </trkpt>
      <trkpt lat="48.332039" lon="15.725791">
        <ele>207.312823</ele>
        <time>2026-05-10T12:53:33.999Z</time>
      </trkpt>
      <trkpt lat="48.331956" lon="15.725723">
        <ele>207.455746</ele>
        <time>2026-05-10T14:00:36.003Z</time>
      </trkpt>
      <trkpt lat="48.332039" lon="15.725666">
        <ele>207.593722</ele>
        <time>2026-05-10T14:00:40.002Z</time>
      </trkpt>
      <trkpt lat="48.331950" lon="15.725696">
        <ele>207.731646</ele>
        <time>2026-05-10T14:00:53.000Z</time>
      </trkpt>
      <trkpt lat="48.331860" lon="15.725681">
        <ele>207.868577</ele>
        <time>2026-05-10T14:01:19.999Z</time>
      </trkpt>
      <trkpt lat="48.331770" lon="15.725636">
        <ele>208.011998</ele>
        <time>2026-05-10T14:01:22.999Z</time>
      </trkpt>
      <trkpt lat="48.331650" lon="15.725549">
        <ele>208.213441</ele>
        <time>2026-05-10T14:01:25.999Z</time>
      </trkpt>
      <trkpt lat="48.331530" lon="15.725488">
        <ele>208.404989</ele>
        <time>2026-05-10T14:01:28.999Z</time>
      </trkpt>
      <trkpt lat="48.331442" lon="15.725427">
        <ele>208.551514</ele>
        <time>2026-05-10T14:01:30.999Z</time>
      </trkpt>
      <trkpt lat="48.331344" lon="15.725374">
        <ele>208.708998</ele>
        <time>2026-05-10T14:01:32.999Z</time>
      </trkpt>
      <trkpt lat="48.331236" lon="15.725290">
        <ele>208.892858</ele>
        <time>2026-05-10T14:01:35.999Z</time>
      </trkpt>
      <trkpt lat="48.331151" lon="15.725232">
        <ele>209.034003</ele>
        <time>2026-05-10T14:01:37.999Z</time>
      </trkpt>
      <trkpt lat="48.331043" lon="15.725181">
        <ele>209.205181</ele>
        <time>2026-05-10T14:01:39.999Z</time>
      </trkpt>
      <trkpt lat="48.330942" lon="15.725131">
        <ele>209.365973</ele>
        <time>2026-05-10T14:01:41.999Z</time>
      </trkpt>
      <trkpt lat="48.330846" lon="15.725096">
        <ele>209.515348</ele>
        <time>2026-05-10T14:01:43.999Z</time>
      </trkpt>
      <trkpt lat="48.330745" lon="15.725055">
        <ele>209.673545</ele>
        <time>2026-05-10T14:01:45.999Z</time>
      </trkpt>
      <trkpt lat="48.330654" lon="15.725009">
        <ele>209.798411</ele>
        <time>2026-05-10T14:01:47.999Z</time>
      </trkpt>
      <trkpt lat="48.330559" lon="15.724958">
        <ele>209.848575</ele>
        <time>2026-05-10T14:01:49.999Z</time>
      </trkpt>
      <trkpt lat="48.330453" lon="15.724915">
        <ele>209.903174</ele>
        <time>2026-05-10T14:01:51.999Z</time>
      </trkpt>
      <trkpt lat="48.330357" lon="15.724896">
        <ele>209.951328</ele>
        <time>2026-05-10T14:01:53.999Z</time>
      </trkpt>
      <trkpt lat="48.330268" lon="15.724865">
        <ele>209.996760</ele>
        <time>2026-05-10T14:01:55.999Z</time>
      </trkpt>
      <trkpt lat="48.330163" lon="15.724823">
        <ele>210.050793</ele>
        <time>2026-05-10T14:01:57.999Z</time>
      </trkpt>
      <trkpt lat="48.330066" lon="15.724805">
        <ele>210.099399</ele>
        <time>2026-05-10T14:01:59.999Z</time>
      </trkpt>
      <trkpt lat="48.329955" lon="15.724756">
        <ele>210.156929</ele>
        <time>2026-05-10T14:02:01.999Z</time>
      </trkpt>
      <trkpt lat="48.329850" lon="15.724710">
        <ele>210.211317</ele>
        <time>2026-05-10T14:02:03.999Z</time>
      </trkpt>
      <trkpt lat="48.329752" lon="15.724676">
        <ele>210.261334</ele>
        <time>2026-05-10T14:02:05.999Z</time>
      </trkpt>
      <trkpt lat="48.329656" lon="15.724641">
        <ele>210.310458</ele>
        <time>2026-05-10T14:02:07.999Z</time>
      </trkpt>
      <trkpt lat="48.329565" lon="15.724613">
        <ele>210.356651</ele>
        <time>2026-05-10T14:02:09.999Z</time>
      </trkpt>
      <trkpt lat="48.329471" lon="15.724564">
        <ele>210.406127</ele>
        <time>2026-05-10T14:02:11.999Z</time>
      </trkpt>
      <trkpt lat="48.329371" lon="15.724539">
        <ele>210.456541</ele>
        <time>2026-05-10T14:02:13.999Z</time>
      </trkpt>
      <trkpt lat="48.329282" lon="15.724504">
        <ele>210.502289</ele>
        <time>2026-05-10T14:02:15.999Z</time>
      </trkpt>
      <trkpt lat="48.329174" lon="15.724450">
        <ele>210.558889</ele>
        <time>2026-05-10T14:02:17.999Z</time>
      </trkpt>
      <trkpt lat="48.329080" lon="15.724414">
        <ele>210.607129</ele>
        <time>2026-05-10T14:02:19.999Z</time>
      </trkpt>
      <trkpt lat="48.328976" lon="15.724379">
        <ele>210.660128</ele>
        <time>2026-05-10T14:02:21.999Z</time>
      </trkpt>
      <trkpt lat="48.328887" lon="15.724344">
        <ele>210.670808</ele>
        <time>2026-05-10T14:02:23.999Z</time>
      </trkpt>
      <trkpt lat="48.328776" lon="15.724295">
        <ele>210.640329</ele>
        <time>2026-05-10T14:02:25.999Z</time>
      </trkpt>
      <trkpt lat="48.328673" lon="15.724280">
        <ele>210.613065</ele>
        <time>2026-05-10T14:02:27.998Z</time>
      </trkpt>
      <trkpt lat="48.328572" lon="15.724236">
        <ele>210.585360</ele>
        <time>2026-05-10T14:02:29.998Z</time>
      </trkpt>
      <trkpt lat="48.328467" lon="15.724204">
        <ele>210.557134</ele>
        <time>2026-05-10T14:02:31.998Z</time>
      </trkpt>
      <trkpt lat="48.328370" lon="15.724196">
        <ele>210.531538</ele>
        <time>2026-05-10T14:02:33.998Z</time>
      </trkpt>
      <trkpt lat="48.328265" lon="15.724171">
        <ele>210.503530</ele>
        <time>2026-05-10T14:02:35.998Z</time>
      </trkpt>
      <trkpt lat="48.328150" lon="15.724149">
        <ele>210.472986</ele>
        <time>2026-05-10T14:02:37.998Z</time>
      </trkpt>
      <trkpt lat="48.328040" lon="15.724128">
        <ele>210.443772</ele>
        <time>2026-05-10T14:02:39.999Z</time>
      </trkpt>
      <trkpt lat="48.327925" lon="15.724109">
        <ele>210.413290</ele>
        <time>2026-05-10T14:02:41.999Z</time>
      </trkpt>
      <trkpt lat="48.327813" lon="15.724091">
        <ele>210.383614</ele>
        <time>2026-05-10T14:02:43.999Z</time>
      </trkpt>
      <trkpt lat="48.327709" lon="15.724079">
        <ele>210.356132</ele>
        <time>2026-05-10T14:02:46.000Z</time>
      </trkpt>
      <trkpt lat="48.327597" lon="15.724064">
        <ele>210.326507</ele>
        <time>2026-05-10T14:02:47.999Z</time>
      </trkpt>
      <trkpt lat="48.327486" lon="15.724058">
        <ele>210.297242</ele>
        <time>2026-05-10T14:02:49.999Z</time>
      </trkpt>
      <trkpt lat="48.327372" lon="15.724050">
        <ele>210.267174</ele>
        <time>2026-05-10T14:02:51.999Z</time>
      </trkpt>
      <trkpt lat="48.327267" lon="15.724045">
        <ele>210.239496</ele>
        <time>2026-05-10T14:02:53.999Z</time>
      </trkpt>
      <trkpt lat="48.327162" lon="15.724043">
        <ele>210.211829</ele>
        <time>2026-05-10T14:02:55.999Z</time>
      </trkpt>
      <trkpt lat="48.327055" lon="15.724040">
        <ele>210.157263</ele>
        <time>2026-05-10T14:02:57.999Z</time>
      </trkpt>
      <trkpt lat="48.326951" lon="15.724038">
        <ele>210.101444</ele>
        <time>2026-05-10T14:02:59.999Z</time>
      </trkpt>
      <trkpt lat="48.326831" lon="15.724010">
        <ele>210.036273</ele>
        <time>2026-05-10T14:03:01.999Z</time>
      </trkpt>
      <trkpt lat="48.326746" lon="15.724063">
        <ele>209.986890</ele>
        <time>2026-05-10T14:03:03.999Z</time>
      </trkpt>
      <trkpt lat="48.326646" lon="15.724068">
        <ele>209.933193</ele>
        <time>2026-05-10T14:03:05.999Z</time>
      </trkpt>
      <trkpt lat="48.326508" lon="15.724080">
        <ele>209.859007</ele>
        <time>2026-05-10T14:03:08.999Z</time>
      </trkpt>
      <trkpt lat="48.326408" lon="15.724104">
        <ele>209.804660</ele>
        <time>2026-05-10T14:03:10.999Z</time>
      </trkpt>
      <trkpt lat="48.326309" lon="15.724134">
        <ele>209.750462</ele>
        <time>2026-05-10T14:03:12.999Z</time>
      </trkpt>
      <trkpt lat="48.326194" lon="15.724159">
        <ele>209.688102</ele>
        <time>2026-05-10T14:03:14.999Z</time>
      </trkpt>
      <trkpt lat="48.326089" lon="15.724174">
        <ele>209.631497</ele>
        <time>2026-05-10T14:03:16.999Z</time>
      </trkpt>
      <trkpt lat="48.325985" lon="15.724189">
        <ele>209.575427</ele>
        <time>2026-05-10T14:03:18.999Z</time>
      </trkpt>
      <trkpt lat="48.325878" lon="15.724212">
        <ele>209.517418</ele>
        <time>2026-05-10T14:03:20.999Z</time>
      </trkpt>
      <trkpt lat="48.325770" lon="15.724231">
        <ele>209.459062</ele>
        <time>2026-05-10T14:03:22.999Z</time>
      </trkpt>
      <trkpt lat="48.325665" lon="15.724263">
        <ele>209.401566</ele>
        <time>2026-05-10T14:03:24.999Z</time>
      </trkpt>
      <trkpt lat="48.325558" lon="15.724291">
        <ele>209.343278</ele>
        <time>2026-05-10T14:03:26.999Z</time>
      </trkpt>
      <trkpt lat="48.325450" lon="15.724325">
        <ele>209.284061</ele>
        <time>2026-05-10T14:03:28.999Z</time>
      </trkpt>
      <trkpt lat="48.325341" lon="15.724362">
        <ele>209.216074</ele>
        <time>2026-05-10T14:03:30.999Z</time>
      </trkpt>
      <trkpt lat="48.325241" lon="15.724404">
        <ele>209.137649</ele>
        <time>2026-05-10T14:03:32.999Z</time>
      </trkpt>
      <trkpt lat="48.325144" lon="15.724436">
        <ele>209.062638</ele>
        <time>2026-05-10T14:03:34.999Z</time>
      </trkpt>
      <trkpt lat="48.325035" lon="15.724476">
        <ele>208.977889</ele>
        <time>2026-05-10T14:03:36.999Z</time>
      </trkpt>
      <trkpt lat="48.324928" lon="15.724524">
        <ele>208.893548</ele>
        <time>2026-05-10T14:03:38.999Z</time>
      </trkpt>
      <trkpt lat="48.324826" lon="15.724577">
        <ele>208.812034</ele>
        <time>2026-05-10T14:03:40.999Z</time>
      </trkpt>
      <trkpt lat="48.324720" lon="15.724624">
        <ele>208.728559</ele>
        <time>2026-05-10T14:03:42.999Z</time>
      </trkpt>
      <trkpt lat="48.324611" lon="15.724676">
        <ele>208.642183</ele>
        <time>2026-05-10T14:03:44.999Z</time>
      </trkpt>
      <trkpt lat="48.324520" lon="15.724737">
        <ele>208.566928</ele>
        <time>2026-05-10T14:03:46.999Z</time>
      </trkpt>
      <trkpt lat="48.324414" lon="15.724790">
        <ele>208.482552</ele>
        <time>2026-05-10T14:03:48.999Z</time>
      </trkpt>
      <trkpt lat="48.324308" lon="15.724835">
        <ele>208.399356</ele>
        <time>2026-05-10T14:03:50.999Z</time>
      </trkpt>
      <trkpt lat="48.324205" lon="15.724884">
        <ele>208.317756</ele>
        <time>2026-05-10T14:03:52.999Z</time>
      </trkpt>
      <trkpt lat="48.324110" lon="15.724919">
        <ele>208.243876</ele>
        <time>2026-05-10T14:03:54.999Z</time>
      </trkpt>
      <trkpt lat="48.324008" lon="15.724989">
        <ele>208.159188</ele>
        <time>2026-05-10T14:03:56.999Z</time>
      </trkpt>
      <trkpt lat="48.323904" lon="15.725041">
        <ele>208.076404</ele>
        <time>2026-05-10T14:03:58.999Z</time>
      </trkpt>
      <trkpt lat="48.323800" lon="15.725069">
        <ele>207.996599</ele>
        <time>2026-05-10T14:04:00.999Z</time>
      </trkpt>
      <trkpt lat="48.323692" lon="15.725112">
        <ele>207.912210</ele>
        <time>2026-05-10T14:04:02.999Z</time>
      </trkpt>
      <trkpt lat="48.323596" lon="15.725164">
        <ele>207.846639</ele>
        <time>2026-05-10T14:04:04.999Z</time>
      </trkpt>
      <trkpt lat="48.323491" lon="15.725219">
        <ele>207.781964</ele>
        <time>2026-05-10T14:04:06.999Z</time>
      </trkpt>
      <trkpt lat="48.323394" lon="15.725263">
        <ele>207.723030</ele>
        <time>2026-05-10T14:04:08.999Z</time>
      </trkpt>
      <trkpt lat="48.323291" lon="15.725313">
        <ele>207.660072</ele>
        <time>2026-05-10T14:04:10.999Z</time>
      </trkpt>
      <trkpt lat="48.323195" lon="15.725364">
        <ele>207.600849</ele>
        <time>2026-05-10T14:04:12.999Z</time>
      </trkpt>
      <trkpt lat="48.323088" lon="15.725402">
        <ele>207.536897</ele>
        <time>2026-05-10T14:04:14.999Z</time>
      </trkpt>
      <trkpt lat="48.322988" lon="15.725457">
        <ele>207.474961</ele>
        <time>2026-05-10T14:04:16.999Z</time>
      </trkpt>
      <trkpt lat="48.322891" lon="15.725511">
        <ele>207.414796</ele>
        <time>2026-05-10T14:04:18.999Z</time>
      </trkpt>
      <trkpt lat="48.322783" lon="15.725550">
        <ele>207.350189</ele>
        <time>2026-05-10T14:04:20.999Z</time>
      </trkpt>
      <trkpt lat="48.322684" lon="15.725597">
        <ele>207.289801</ele>
        <time>2026-05-10T14:04:22.999Z</time>
      </trkpt>
      <trkpt lat="48.322582" lon="15.725647">
        <ele>207.227397</ele>
        <time>2026-05-10T14:04:24.999Z</time>
      </trkpt>
      <trkpt lat="48.322469" lon="15.725747">
        <ele>207.151131</ele>
        <time>2026-05-10T14:04:27.999Z</time>
      </trkpt>
      <trkpt lat="48.322351" lon="15.725776">
        <ele>207.081582</ele>
        <time>2026-05-10T14:04:29.999Z</time>
      </trkpt>
      <trkpt lat="48.322250" lon="15.725826">
        <ele>207.019731</ele>
        <time>2026-05-10T14:04:31.999Z</time>
      </trkpt>
      <trkpt lat="48.322141" lon="15.725882">
        <ele>206.952729</ele>
        <time>2026-05-10T14:04:33.999Z</time>
      </trkpt>
      <trkpt lat="48.322033" lon="15.725926">
        <ele>206.887643</ele>
        <time>2026-05-10T14:04:35.999Z</time>
      </trkpt>
      <trkpt lat="48.321926" lon="15.725975">
        <ele>206.872780</ele>
        <time>2026-05-10T14:04:37.998Z</time>
      </trkpt>
      <trkpt lat="48.321825" lon="15.726018">
        <ele>206.999291</ele>
        <time>2026-05-10T14:04:39.998Z</time>
      </trkpt>
      <trkpt lat="48.321724" lon="15.726061">
        <ele>207.125803</ele>
        <time>2026-05-10T14:04:41.998Z</time>
      </trkpt>
      <trkpt lat="48.321622" lon="15.726108">
        <ele>207.254376</ele>
        <time>2026-05-10T14:04:43.998Z</time>
      </trkpt>
      <trkpt lat="48.321520" lon="15.726159">
        <ele>207.383925</ele>
        <time>2026-05-10T14:04:46.000Z</time>
      </trkpt>
      <trkpt lat="48.321409" lon="15.726199">
        <ele>207.521492</ele>
        <time>2026-05-10T14:04:48.000Z</time>
      </trkpt>
      <trkpt lat="48.321309" lon="15.726254">
        <ele>207.649821</ele>
        <time>2026-05-10T14:04:50.000Z</time>
      </trkpt>
      <trkpt lat="48.321218" lon="15.726315">
        <ele>207.769899</ele>
        <time>2026-05-10T14:04:52.000Z</time>
      </trkpt>
      <trkpt lat="48.321108" lon="15.726350">
        <ele>207.905408</ele>
        <time>2026-05-10T14:04:54.000Z</time>
      </trkpt>
      <trkpt lat="48.321008" lon="15.726400">
        <ele>208.032417</ele>
        <time>2026-05-10T14:04:56.000Z</time>
      </trkpt>
      <trkpt lat="48.320904" lon="15.726443">
        <ele>208.162411</ele>
        <time>2026-05-10T14:04:58.000Z</time>
      </trkpt>
      <trkpt lat="48.320805" lon="15.726492">
        <ele>208.288024</ele>
        <time>2026-05-10T14:05:00.000Z</time>
      </trkpt>
      <trkpt lat="48.320700" lon="15.726538">
        <ele>208.419832</ele>
        <time>2026-05-10T14:05:02.000Z</time>
      </trkpt>
      <trkpt lat="48.320595" lon="15.726585">
        <ele>208.551868</ele>
        <time>2026-05-10T14:05:04.000Z</time>
      </trkpt>
      <trkpt lat="48.320481" lon="15.726640">
        <ele>208.696160</ele>
        <time>2026-05-10T14:05:05.999Z</time>
      </trkpt>
      <trkpt lat="48.320379" lon="15.726687">
        <ele>208.824734</ele>
        <time>2026-05-10T14:05:07.999Z</time>
      </trkpt>
      <trkpt lat="48.320248" lon="15.726723">
        <ele>208.985233</ele>
        <time>2026-05-10T14:05:09.999Z</time>
      </trkpt>
      <trkpt lat="48.320126" lon="15.726780">
        <ele>209.049984</ele>
        <time>2026-05-10T14:05:11.999Z</time>
      </trkpt>
      <trkpt lat="48.319998" lon="15.726821">
        <ele>209.101519</ele>
        <time>2026-05-10T14:05:13.999Z</time>
      </trkpt>
      <trkpt lat="48.319895" lon="15.726873">
        <ele>209.144304</ele>
        <time>2026-05-10T14:05:15.999Z</time>
      </trkpt>
      <trkpt lat="48.319785" lon="15.726916">
        <ele>209.189060</ele>
        <time>2026-05-10T14:05:17.999Z</time>
      </trkpt>
      <trkpt lat="48.319664" lon="15.726949">
        <ele>209.237485</ele>
        <time>2026-05-10T14:05:19.999Z</time>
      </trkpt>
      <trkpt lat="48.319550" lon="15.726983">
        <ele>209.283251</ele>
        <time>2026-05-10T14:05:21.999Z</time>
      </trkpt>
      <trkpt lat="48.319440" lon="15.727016">
        <ele>209.327421</ele>
        <time>2026-05-10T14:05:23.999Z</time>
      </trkpt>
      <trkpt lat="48.319319" lon="15.727058">
        <ele>209.376322</ele>
        <time>2026-05-10T14:05:25.999Z</time>
      </trkpt>
      <trkpt lat="48.319199" lon="15.727085">
        <ele>209.424103</ele>
        <time>2026-05-10T14:05:27.999Z</time>
      </trkpt>
      <trkpt lat="48.319083" lon="15.727115">
        <ele>209.470453</ele>
        <time>2026-05-10T14:05:29.999Z</time>
      </trkpt>
      <trkpt lat="48.318974" lon="15.727150">
        <ele>209.514343</ele>
        <time>2026-05-10T14:05:31.999Z</time>
      </trkpt>
      <trkpt lat="48.318858" lon="15.727166">
        <ele>209.560214</ele>
        <time>2026-05-10T14:05:33.999Z</time>
      </trkpt>
      <trkpt lat="48.318740" lon="15.727180">
        <ele>209.606825</ele>
        <time>2026-05-10T14:05:35.999Z</time>
      </trkpt>
      <trkpt lat="48.318631" lon="15.727217">
        <ele>209.650828</ele>
        <time>2026-05-10T14:05:37.999Z</time>
      </trkpt>
      <trkpt lat="48.318507" lon="15.727223">
        <ele>209.699683</ele>
        <time>2026-05-10T14:05:39.999Z</time>
      </trkpt>
      <trkpt lat="48.318393" lon="15.727246">
        <ele>209.788526</ele>
        <time>2026-05-10T14:05:41.999Z</time>
      </trkpt>
      <trkpt lat="48.318273" lon="15.727257">
        <ele>209.904572</ele>
        <time>2026-05-10T14:05:43.999Z</time>
      </trkpt>
      <trkpt lat="48.318155" lon="15.727267">
        <ele>210.018654</ele>
        <time>2026-05-10T14:05:45.999Z</time>
      </trkpt>
      <trkpt lat="48.318037" lon="15.727279">
        <ele>210.132814</ele>
        <time>2026-05-10T14:05:47.999Z</time>
      </trkpt>
      <trkpt lat="48.317921" lon="15.727297">
        <ele>210.245379</ele>
        <time>2026-05-10T14:05:49.999Z</time>
      </trkpt>
      <trkpt lat="48.317811" lon="15.727300">
        <ele>210.351575</ele>
        <time>2026-05-10T14:05:51.999Z</time>
      </trkpt>
      <trkpt lat="48.317703" lon="15.727297">
        <ele>210.455840</ele>
        <time>2026-05-10T14:05:53.999Z</time>
      </trkpt>
      <trkpt lat="48.317609" lon="15.727267">
        <ele>210.548596</ele>
        <time>2026-05-10T14:05:55.999Z</time>
      </trkpt>
      <trkpt lat="48.317487" lon="15.727265">
        <ele>210.666364</ele>
        <time>2026-05-10T14:05:57.999Z</time>
      </trkpt>
      <trkpt lat="48.317383" lon="15.727246">
        <ele>210.767489</ele>
        <time>2026-05-10T14:05:59.999Z</time>
      </trkpt>
      <trkpt lat="48.317265" lon="15.727250">
        <ele>210.881419</ele>
        <time>2026-05-10T14:06:01.999Z</time>
      </trkpt>
      <trkpt lat="48.317155" lon="15.727248">
        <ele>210.987605</ele>
        <time>2026-05-10T14:06:03.999Z</time>
      </trkpt>
      <trkpt lat="48.317042" lon="15.727233">
        <ele>211.097103</ele>
        <time>2026-05-10T14:06:05.999Z</time>
      </trkpt>
      <trkpt lat="48.316942" lon="15.727213">
        <ele>211.194479</ele>
        <time>2026-05-10T14:06:07.999Z</time>
      </trkpt>
      <trkpt lat="48.316825" lon="15.727186">
        <ele>211.308737</ele>
        <time>2026-05-10T14:06:09.999Z</time>
      </trkpt>
      <trkpt lat="48.316716" lon="15.727155">
        <ele>211.415815</ele>
        <time>2026-05-10T14:06:11.999Z</time>
      </trkpt>
      <trkpt lat="48.316596" lon="15.727132">
        <ele>211.642424</ele>
        <time>2026-05-10T14:06:13.999Z</time>
      </trkpt>
      <trkpt lat="48.316489" lon="15.727095">
        <ele>211.891306</ele>
        <time>2026-05-10T14:06:15.999Z</time>
      </trkpt>
      <trkpt lat="48.316394" lon="15.727021">
        <ele>212.133833</ele>
        <time>2026-05-10T14:06:17.999Z</time>
      </trkpt>
      <trkpt lat="48.316282" lon="15.726931">
        <ele>212.421695</ele>
        <time>2026-05-10T14:06:19.999Z</time>
      </trkpt>
      <trkpt lat="48.316151" lon="15.726947">
        <ele>212.719628</ele>
        <time>2026-05-10T14:06:21.999Z</time>
      </trkpt>
      <trkpt lat="48.316049" lon="15.726954">
        <ele>212.951085</ele>
        <time>2026-05-10T14:06:23.999Z</time>
      </trkpt>
      <trkpt lat="48.315944" lon="15.726926">
        <ele>213.192816</ele>
        <time>2026-05-10T14:06:25.999Z</time>
      </trkpt>
      <trkpt lat="48.315855" lon="15.726905">
        <ele>213.397033</ele>
        <time>2026-05-10T14:06:27.999Z</time>
      </trkpt>
      <trkpt lat="48.315756" lon="15.726859">
        <ele>213.631918</ele>
        <time>2026-05-10T14:06:29.999Z</time>
      </trkpt>
      <trkpt lat="48.315664" lon="15.726806">
        <ele>213.855248</ele>
        <time>2026-05-10T14:06:31.999Z</time>
      </trkpt>
      <trkpt lat="48.315561" lon="15.726767">
        <ele>214.096020</ele>
        <time>2026-05-10T14:06:34.998Z</time>
      </trkpt>
      <trkpt lat="48.315663" lon="15.726789">
        <ele>214.329603</ele>
        <time>2026-05-10T14:06:51.000Z</time>
      </trkpt>
      <trkpt lat="48.315760" lon="15.726829">
        <ele>214.557604</ele>
        <time>2026-05-10T14:06:55.000Z</time>
      </trkpt>
      <trkpt lat="48.315894" lon="15.726884">
        <ele>214.872472</ele>
        <time>2026-05-10T14:06:58.000Z</time>
      </trkpt>
      <trkpt lat="48.315916" lon="15.727041">
        <ele>215.114345</ele>
        <time>2026-05-10T14:07:01.000Z</time>
      </trkpt>
      <trkpt lat="48.316015" lon="15.727118">
        <ele>215.367004</ele>
        <time>2026-05-10T14:07:05.000Z</time>
      </trkpt>
      <trkpt lat="48.316111" lon="15.727179">
        <ele>215.600610</ele>
        <time>2026-05-10T14:07:09.000Z</time>
      </trkpt>
      <trkpt lat="48.316203" lon="15.727198">
        <ele>215.803695</ele>
        <time>2026-05-10T14:07:13.999Z</time>
      </trkpt>
      <trkpt lat="48.316259" lon="15.727308">
        <ele>216.005168</ele>
        <time>2026-05-10T14:07:17.999Z</time>
      </trkpt>
      <trkpt lat="48.316238" lon="15.727449">
        <ele>216.215309</ele>
        <time>2026-05-10T14:07:20.999Z</time>
      </trkpt>
      <trkpt lat="48.316215" lon="15.727593">
        <ele>216.430690</ele>
        <time>2026-05-10T14:07:23.999Z</time>
      </trkpt>
      <trkpt lat="48.316207" lon="15.727769">
        <ele>216.687252</ele>
        <time>2026-05-10T14:07:27.999Z</time>
      </trkpt>
      <trkpt lat="48.316180" lon="15.727915">
        <ele>216.907643</ele>
        <time>2026-05-10T14:07:31.999Z</time>
      </trkpt>
      <trkpt lat="48.316126" lon="15.728053">
        <ele>217.140508</ele>
        <time>2026-05-10T14:07:35.999Z</time>
      </trkpt>
      <trkpt lat="48.316015" lon="15.728108">
        <ele>217.396095</ele>
        <time>2026-05-10T14:07:39.999Z</time>
      </trkpt>
      <trkpt lat="48.315903" lon="15.728130">
        <ele>217.643111</ele>
        <time>2026-05-10T14:07:43.999Z</time>
      </trkpt>
      <trkpt lat="48.315796" lon="15.728160">
        <ele>217.881144</ele>
        <time>2026-05-10T14:07:47.999Z</time>
      </trkpt>
      <trkpt lat="48.315680" lon="15.728167">
        <ele>218.135030</ele>
        <time>2026-05-10T14:07:51.999Z</time>
      </trkpt>
      <trkpt lat="48.315569" lon="15.728190">
        <ele>218.380072</ele>
        <time>2026-05-10T14:07:55.999Z</time>
      </trkpt>
      <trkpt lat="48.315455" lon="15.728205">
        <ele>218.630333</ele>
        <time>2026-05-10T14:07:59.999Z</time>
      </trkpt>
      <trkpt lat="48.315354" lon="15.728214">
        <ele>218.851599</ele>
        <time>2026-05-10T14:08:03.999Z</time>
      </trkpt>
      <trkpt lat="48.315247" lon="15.728210">
        <ele>219.085672</ele>
        <time>2026-05-10T14:08:07.999Z</time>
      </trkpt>
      <trkpt lat="48.315136" lon="15.728184">
        <ele>219.331347</ele>
        <time>2026-05-10T14:08:11.999Z</time>
      </trkpt>
      <trkpt lat="48.315042" lon="15.728146">
        <ele>219.411332</ele>
        <time>2026-05-10T14:08:14.999Z</time>
      </trkpt>
      <trkpt lat="48.314947" lon="15.728113">
        <ele>219.280651</ele>
        <time>2026-05-10T14:08:17.999Z</time>
      </trkpt>
      <trkpt lat="48.314842" lon="15.728076">
        <ele>219.136107</ele>
        <time>2026-05-10T14:08:20.999Z</time>
      </trkpt>
      <trkpt lat="48.314721" lon="15.728034">
        <ele>218.969666</ele>
        <time>2026-05-10T14:08:23.999Z</time>
      </trkpt>
      <trkpt lat="48.314590" lon="15.727991">
        <ele>218.789952</ele>
        <time>2026-05-10T14:08:26.999Z</time>
      </trkpt>
      <trkpt lat="48.314503" lon="15.727956">
        <ele>218.669245</ele>
        <time>2026-05-10T14:08:28.999Z</time>
      </trkpt>
      <trkpt lat="48.314375" lon="15.727893">
        <ele>218.488730</ele>
        <time>2026-05-10T14:08:31.999Z</time>
      </trkpt>
      <trkpt lat="48.314278" lon="15.727860">
        <ele>218.355435</ele>
        <time>2026-05-10T14:08:33.999Z</time>
      </trkpt>
      <trkpt lat="48.314179" lon="15.727818">
        <ele>218.217565</ele>
        <time>2026-05-10T14:08:35.998Z</time>
      </trkpt>
      <trkpt lat="48.314078" lon="15.727779">
        <ele>218.077803</ele>
        <time>2026-05-10T14:08:37.998Z</time>
      </trkpt>
      <trkpt lat="48.313969" lon="15.727741">
        <ele>217.927835</ele>
        <time>2026-05-10T14:08:39.998Z</time>
      </trkpt>
      <trkpt lat="48.313859" lon="15.727701">
        <ele>217.776152</ele>
        <time>2026-05-10T14:08:41.998Z</time>
      </trkpt>
      <trkpt lat="48.313742" lon="15.727638">
        <ele>217.609586</ele>
        <time>2026-05-10T14:08:43.998Z</time>
      </trkpt>
      <trkpt lat="48.313628" lon="15.727594">
        <ele>217.451838</ele>
        <time>2026-05-10T14:08:45.998Z</time>
      </trkpt>
      <trkpt lat="48.313498" lon="15.727538">
        <ele>217.270590</ele>
        <time>2026-05-10T14:08:47.998Z</time>
      </trkpt>
      <trkpt lat="48.313371" lon="15.727473">
        <ele>217.090782</ele>
        <time>2026-05-10T14:08:49.998Z</time>
      </trkpt>
      <trkpt lat="48.313261" lon="15.727391">
        <ele>217.080360</ele>
        <time>2026-05-10T14:08:51.998Z</time>
      </trkpt>
      <trkpt lat="48.313277" lon="15.727070">
        <ele>217.147568</ele>
        <time>2026-05-10T14:08:54.998Z</time>
      </trkpt>
      <trkpt lat="48.313278" lon="15.726849">
        <ele>217.193710</ele>
        <time>2026-05-10T14:08:57.000Z</time>
      </trkpt>
      <trkpt lat="48.313278" lon="15.726608">
        <ele>217.244028</ele>
        <time>2026-05-10T14:08:59.000Z</time>
      </trkpt>
      <trkpt lat="48.313257" lon="15.726402">
        <ele>217.287540</ele>
        <time>2026-05-10T14:09:01.000Z</time>
      </trkpt>
      <trkpt lat="48.313220" lon="15.726272">
        <ele>217.317063</ele>
        <time>2026-05-10T14:09:04.000Z</time>
      </trkpt>
      <trkpt lat="48.313337" lon="15.726159">
        <ele>217.360718</ele>
        <time>2026-05-10T14:09:09.000Z</time>
      </trkpt>
      <trkpt lat="48.313405" lon="15.726043">
        <ele>217.393002</ele>
        <time>2026-05-10T14:09:12.000Z</time>
      </trkpt>
      <trkpt lat="48.313469" lon="15.725936">
        <ele>217.423048</ele>
        <time>2026-05-10T14:09:15.000Z</time>
      </trkpt>
      <trkpt lat="48.313540" lon="15.725840">
        <ele>217.453024</ele>
        <time>2026-05-10T14:09:18.999Z</time>
      </trkpt>
      <trkpt lat="48.313608" lon="15.725723">
        <ele>217.485465</ele>
        <time>2026-05-10T14:09:23.999Z</time>
      </trkpt>
      <trkpt lat="48.313511" lon="15.725493">
        <ele>217.542327</ele>
        <time>2026-05-10T14:09:29.999Z</time>
      </trkpt>
      <trkpt lat="48.313422" lon="15.725407">
        <ele>217.575540</ele>
        <time>2026-05-10T14:09:32.999Z</time>
      </trkpt>
      <trkpt lat="48.313308" lon="15.725309">
        <ele>217.621198</ele>
        <time>2026-05-10T14:09:35.999Z</time>
      </trkpt>
      <trkpt lat="48.313224" lon="15.725237">
        <ele>217.786512</ele>
        <time>2026-05-10T14:09:37.999Z</time>
      </trkpt>
      <trkpt lat="48.313170" lon="15.725116">
        <ele>217.952205</ele>
        <time>2026-05-10T14:09:39.999Z</time>
      </trkpt>
      <trkpt lat="48.313044" lon="15.725070">
        <ele>218.173892</ele>
        <time>2026-05-10T14:09:42.999Z</time>
      </trkpt>
      <trkpt lat="48.312949" lon="15.725009">
        <ele>218.350508</ele>
        <time>2026-05-10T14:09:44.999Z</time>
      </trkpt>
      <trkpt lat="48.312867" lon="15.724935">
        <ele>218.514019</ele>
        <time>2026-05-10T14:09:46.999Z</time>
      </trkpt>
      <trkpt lat="48.312795" lon="15.724846">
        <ele>218.673379</ele>
        <time>2026-05-10T14:09:48.999Z</time>
      </trkpt>
      <trkpt lat="48.312694" lon="15.724782">
        <ele>218.860771</ele>
        <time>2026-05-10T14:09:50.999Z</time>
      </trkpt>
      <trkpt lat="48.312620" lon="15.724687">
        <ele>219.027134</ele>
        <time>2026-05-10T14:09:52.999Z</time>
      </trkpt>
      <trkpt lat="48.312534" lon="15.724610">
        <ele>219.198266</ele>
        <time>2026-05-10T14:09:54.999Z</time>
      </trkpt>
      <trkpt lat="48.312449" lon="15.724534">
        <ele>219.367348</ele>
        <time>2026-05-10T14:09:56.999Z</time>
      </trkpt>
      <trkpt lat="48.312356" lon="15.724449">
        <ele>219.553425</ele>
        <time>2026-05-10T14:09:58.999Z</time>
      </trkpt>
      <trkpt lat="48.312233" lon="15.724337">
        <ele>219.799280</ele>
        <time>2026-05-10T14:10:01.999Z</time>
      </trkpt>
      <trkpt lat="48.312127" lon="15.724259">
        <ele>220.001052</ele>
        <time>2026-05-10T14:10:03.999Z</time>
      </trkpt>
      <trkpt lat="48.312027" lon="15.724172">
        <ele>220.198584</ele>
        <time>2026-05-10T14:10:05.999Z</time>
      </trkpt>
      <trkpt lat="48.311938" lon="15.724069">
        <ele>220.390606</ele>
        <time>2026-05-10T14:10:07.999Z</time>
      </trkpt>
      <trkpt lat="48.311833" lon="15.723969">
        <ele>220.603112</ele>
        <time>2026-05-10T14:10:09.999Z</time>
      </trkpt>
      <trkpt lat="48.311737" lon="15.723870">
        <ele>220.590810</ele>
        <time>2026-05-10T14:10:11.999Z</time>
      </trkpt>
      <trkpt lat="48.311646" lon="15.723774">
        <ele>220.419527</ele>
        <time>2026-05-10T14:10:13.999Z</time>
      </trkpt>
      <trkpt lat="48.311562" lon="15.723686">
        <ele>220.261782</ele>
        <time>2026-05-10T14:10:15.999Z</time>
      </trkpt>
      <trkpt lat="48.311477" lon="15.723620">
        <ele>220.114381</ele>
        <time>2026-05-10T14:10:17.999Z</time>
      </trkpt>
      <trkpt lat="48.311380" lon="15.723523">
        <ele>219.934886</ele>
        <time>2026-05-10T14:10:19.999Z</time>
      </trkpt>
      <trkpt lat="48.311287" lon="15.723419">
        <ele>219.756304</ele>
        <time>2026-05-10T14:10:21.999Z</time>
      </trkpt>
      <trkpt lat="48.311189" lon="15.723316">
        <ele>219.572071</ele>
        <time>2026-05-10T14:10:23.999Z</time>
      </trkpt>
      <trkpt lat="48.311088" lon="15.723214">
        <ele>219.384605</ele>
        <time>2026-05-10T14:10:25.999Z</time>
      </trkpt>
      <trkpt lat="48.311008" lon="15.723095">
        <ele>219.211212</ele>
        <time>2026-05-10T14:10:27.999Z</time>
      </trkpt>
      <trkpt lat="48.310911" lon="15.723004">
        <ele>219.035047</ele>
        <time>2026-05-10T14:10:29.999Z</time>
      </trkpt>
      <trkpt lat="48.310833" lon="15.722894">
        <ele>218.870272</ele>
        <time>2026-05-10T14:10:31.999Z</time>
      </trkpt>
      <trkpt lat="48.310757" lon="15.722806">
        <ele>218.722471</ele>
        <time>2026-05-10T14:10:33.998Z</time>
      </trkpt>
      <trkpt lat="48.310643" lon="15.722706">
        <ele>218.519111</ele>
        <time>2026-05-10T14:10:35.998Z</time>
      </trkpt>
      <trkpt lat="48.310557" lon="15.722598">
        <ele>218.346462</ele>
        <time>2026-05-10T14:10:37.998Z</time>
      </trkpt>
      <trkpt lat="48.310466" lon="15.722498">
        <ele>218.172792</ele>
        <time>2026-05-10T14:10:39.998Z</time>
      </trkpt>
      <trkpt lat="48.310365" lon="15.722382">
        <ele>217.976962</ele>
        <time>2026-05-10T14:10:41.998Z</time>
      </trkpt>
      <trkpt lat="48.310280" lon="15.722266">
        <ele>217.857413</ele>
        <time>2026-05-10T14:10:43.998Z</time>
      </trkpt>
      <trkpt lat="48.310195" lon="15.722137">
        <ele>217.760560</ele>
        <time>2026-05-10T14:10:45.998Z</time>
      </trkpt>
      <trkpt lat="48.310103" lon="15.722049">
        <ele>217.673118</ele>
        <time>2026-05-10T14:10:47.998Z</time>
      </trkpt>
      <trkpt lat="48.310022" lon="15.721943">
        <ele>217.587003</ele>
        <time>2026-05-10T14:10:49.998Z</time>
      </trkpt>
      <trkpt lat="48.309941" lon="15.721840">
        <ele>217.501930</ele>
        <time>2026-05-10T14:10:51.998Z</time>
      </trkpt>
      <trkpt lat="48.309859" lon="15.721737">
        <ele>217.416243</ele>
        <time>2026-05-10T14:10:53.998Z</time>
      </trkpt>
      <trkpt lat="48.309779" lon="15.721638">
        <ele>217.333153</ele>
        <time>2026-05-10T14:10:55.998Z</time>
      </trkpt>
      <trkpt lat="48.309697" lon="15.721542">
        <ele>217.249810</ele>
        <time>2026-05-10T14:10:57.998Z</time>
      </trkpt>
      <trkpt lat="48.309622" lon="15.721440">
        <ele>217.168711</ele>
        <time>2026-05-10T14:10:59.998Z</time>
      </trkpt>
      <trkpt lat="48.309545" lon="15.721346">
        <ele>217.089170</ele>
        <time>2026-05-10T14:11:01.998Z</time>
      </trkpt>
      <trkpt lat="48.309467" lon="15.721245">
        <ele>217.006620</ele>
        <time>2026-05-10T14:11:04.000Z</time>
      </trkpt>
      <trkpt lat="48.309389" lon="15.721148">
        <ele>216.925445</ele>
        <time>2026-05-10T14:11:06.000Z</time>
      </trkpt>
      <trkpt lat="48.309313" lon="15.721052">
        <ele>216.845844</ele>
        <time>2026-05-10T14:11:08.000Z</time>
      </trkpt>
      <trkpt lat="48.309238" lon="15.720959">
        <ele>216.767883</ele>
        <time>2026-05-10T14:11:10.000Z</time>
      </trkpt>
      <trkpt lat="48.309162" lon="15.720865">
        <ele>216.688963</ele>
        <time>2026-05-10T14:11:12.000Z</time>
      </trkpt>
      <trkpt lat="48.309087" lon="15.720769">
        <ele>216.609974</ele>
        <time>2026-05-10T14:11:14.000Z</time>
      </trkpt>
      <trkpt lat="48.309013" lon="15.720667">
        <ele>216.529467</ele>
        <time>2026-05-10T14:11:16.000Z</time>
      </trkpt>
      <trkpt lat="48.308916" lon="15.720520">
        <ele>216.671643</ele>
        <time>2026-05-10T14:11:18.999Z</time>
      </trkpt>
      <trkpt lat="48.308850" lon="15.720429">
        <ele>216.911459</ele>
        <time>2026-05-10T14:11:20.999Z</time>
      </trkpt>
      <trkpt lat="48.308776" lon="15.720330">
        <ele>217.176725</ele>
        <time>2026-05-10T14:11:22.999Z</time>
      </trkpt>
      <trkpt lat="48.308702" lon="15.720229">
        <ele>217.444373</ele>
        <time>2026-05-10T14:11:24.999Z</time>
      </trkpt>
      <trkpt lat="48.308614" lon="15.720143">
        <ele>217.725446</ele>
        <time>2026-05-10T14:11:26.999Z</time>
      </trkpt>
      <trkpt lat="48.308517" lon="15.720010">
        <ele>218.077011</ele>
        <time>2026-05-10T14:11:29.999Z</time>
      </trkpt>
      <trkpt lat="48.308425" lon="15.719855">
        <ele>218.447042</ele>
        <time>2026-05-10T14:11:32.999Z</time>
      </trkpt>
      <trkpt lat="48.308308" lon="15.719730">
        <ele>218.831418</ele>
        <time>2026-05-10T14:11:35.999Z</time>
      </trkpt>
      <trkpt lat="48.308227" lon="15.719632">
        <ele>219.109848</ele>
        <time>2026-05-10T14:11:37.999Z</time>
      </trkpt>
      <trkpt lat="48.308143" lon="15.719518">
        <ele>219.412890</ele>
        <time>2026-05-10T14:11:39.999Z</time>
      </trkpt>
      <trkpt lat="48.308069" lon="15.719436">
        <ele>219.659071</ele>
        <time>2026-05-10T14:11:41.999Z</time>
      </trkpt>
      <trkpt lat="48.308006" lon="15.719329">
        <ele>219.913606</ele>
        <time>2026-05-10T14:11:43.999Z</time>
      </trkpt>
      <trkpt lat="48.307907" lon="15.719238">
        <ele>220.224351</ele>
        <time>2026-05-10T14:11:45.999Z</time>
      </trkpt>
      <trkpt lat="48.307828" lon="15.719108">
        <ele>220.538001</ele>
        <time>2026-05-10T14:11:47.999Z</time>
      </trkpt>
      <trkpt lat="48.307742" lon="15.719024">
        <ele>220.812643</ele>
        <time>2026-05-10T14:11:49.999Z</time>
      </trkpt>
      <trkpt lat="48.307676" lon="15.718918">
        <ele>221.071271</ele>
        <time>2026-05-10T14:11:51.999Z</time>
      </trkpt>
      <trkpt lat="48.307584" lon="15.718831">
        <ele>221.276900</ele>
        <time>2026-05-10T14:11:53.999Z</time>
      </trkpt>
      <trkpt lat="48.307510" lon="15.718733">
        <ele>221.210878</ele>
        <time>2026-05-10T14:11:55.999Z</time>
      </trkpt>
      <trkpt lat="48.307438" lon="15.718635">
        <ele>221.145854</ele>
        <time>2026-05-10T14:11:57.999Z</time>
      </trkpt>
      <trkpt lat="48.307348" lon="15.718526">
        <ele>221.068481</ele>
        <time>2026-05-10T14:11:59.999Z</time>
      </trkpt>
      <trkpt lat="48.307273" lon="15.718428">
        <ele>221.001955</ele>
        <time>2026-05-10T14:12:01.999Z</time>
      </trkpt>
      <trkpt lat="48.307186" lon="15.718330">
        <ele>220.929173</ele>
        <time>2026-05-10T14:12:03.999Z</time>
      </trkpt>
      <trkpt lat="48.307102" lon="15.718226">
        <ele>220.856321</ele>
        <time>2026-05-10T14:12:05.999Z</time>
      </trkpt>
      <trkpt lat="48.307020" lon="15.718125">
        <ele>220.785351</ele>
        <time>2026-05-10T14:12:07.999Z</time>
      </trkpt>
      <trkpt lat="48.306933" lon="15.718021">
        <ele>220.710937</ele>
        <time>2026-05-10T14:12:09.999Z</time>
      </trkpt>
      <trkpt lat="48.306857" lon="15.717921">
        <ele>220.643320</ele>
        <time>2026-05-10T14:12:11.999Z</time>
      </trkpt>
      <trkpt lat="48.306786" lon="15.717816">
        <ele>220.576643</ele>
        <time>2026-05-10T14:12:13.999Z</time>
      </trkpt>
      <trkpt lat="48.306703" lon="15.717742">
        <ele>220.512039</ele>
        <time>2026-05-10T14:12:15.999Z</time>
      </trkpt>
      <trkpt lat="48.306625" lon="15.717649">
        <ele>220.445389</ele>
        <time>2026-05-10T14:12:17.999Z</time>
      </trkpt>
      <trkpt lat="48.306536" lon="15.717548">
        <ele>220.370735</ele>
        <time>2026-05-10T14:12:19.999Z</time>
      </trkpt>
      <trkpt lat="48.306449" lon="15.717458">
        <ele>220.300032</ele>
        <time>2026-05-10T14:12:21.999Z</time>
      </trkpt>
      <trkpt lat="48.306366" lon="15.717375">
        <ele>220.233294</ele>
        <time>2026-05-10T14:12:23.999Z</time>
      </trkpt>
      <trkpt lat="48.306283" lon="15.717279">
        <ele>220.163184</ele>
        <time>2026-05-10T14:12:25.999Z</time>
      </trkpt>
      <trkpt lat="48.306195" lon="15.717190">
        <ele>220.092177</ele>
        <time>2026-05-10T14:12:27.999Z</time>
      </trkpt>
      <trkpt lat="48.306109" lon="15.717101">
        <ele>220.102645</ele>
        <time>2026-05-10T14:12:29.998Z</time>
      </trkpt>
      <trkpt lat="48.306018" lon="15.717014">
        <ele>220.116383</ele>
        <time>2026-05-10T14:12:31.998Z</time>
      </trkpt>
      <trkpt lat="48.305929" lon="15.716915">
        <ele>220.130488</ele>
        <time>2026-05-10T14:12:33.998Z</time>
      </trkpt>
      <trkpt lat="48.305836" lon="15.716824">
        <ele>220.144624</ele>
        <time>2026-05-10T14:12:35.998Z</time>
      </trkpt>
      <trkpt lat="48.305758" lon="15.716719">
        <ele>220.157962</ele>
        <time>2026-05-10T14:12:37.998Z</time>
      </trkpt>
      <trkpt lat="48.305665" lon="15.716626">
        <ele>220.172191</ele>
        <time>2026-05-10T14:12:39.998Z</time>
      </trkpt>
      <trkpt lat="48.305581" lon="15.716540">
        <ele>220.185138</ele>
        <time>2026-05-10T14:12:41.998Z</time>
      </trkpt>
      <trkpt lat="48.305477" lon="15.716471">
        <ele>220.199620</ele>
        <time>2026-05-10T14:12:43.998Z</time>
      </trkpt>
      <trkpt lat="48.305388" lon="15.716362">
        <ele>220.214245</ele>
        <time>2026-05-10T14:12:45.998Z</time>
      </trkpt>
      <trkpt lat="48.305297" lon="15.716278">
        <ele>220.227849</ele>
        <time>2026-05-10T14:12:47.998Z</time>
      </trkpt>
      <trkpt lat="48.305207" lon="15.716203">
        <ele>220.240958</ele>
        <time>2026-05-10T14:12:49.998Z</time>
      </trkpt>
      <trkpt lat="48.305095" lon="15.716125">
        <ele>220.256683</ele>
        <time>2026-05-10T14:12:51.998Z</time>
      </trkpt>
      <trkpt lat="48.305000" lon="15.716049">
        <ele>220.270392</ele>
        <time>2026-05-10T14:12:53.998Z</time>
      </trkpt>
      <trkpt lat="48.304899" lon="15.715971">
        <ele>220.284858</ele>
        <time>2026-05-10T14:12:55.998Z</time>
      </trkpt>
      <trkpt lat="48.304794" lon="15.715897">
        <ele>220.299631</ele>
        <time>2026-05-10T14:12:57.998Z</time>
      </trkpt>
      <trkpt lat="48.304689" lon="15.715808">
        <ele>220.314987</ele>
        <time>2026-05-10T14:12:59.998Z</time>
      </trkpt>
      <trkpt lat="48.304605" lon="15.715750">
        <ele>220.335396</ele>
        <time>2026-05-10T14:13:01.998Z</time>
      </trkpt>
      <trkpt lat="48.304493" lon="15.715664">
        <ele>220.369090</ele>
        <time>2026-05-10T14:13:03.998Z</time>
      </trkpt>
      <trkpt lat="48.304393" lon="15.715573">
        <ele>220.400407</ele>
        <time>2026-05-10T14:13:05.998Z</time>
      </trkpt>
      <trkpt lat="48.304295" lon="15.715529">
        <ele>220.427809</ele>
        <time>2026-05-10T14:13:07.998Z</time>
      </trkpt>
      <trkpt lat="48.304214" lon="15.715450">
        <ele>220.453677</ele>
        <time>2026-05-10T14:13:10.000Z</time>
      </trkpt>
      <trkpt lat="48.304102" lon="15.715405">
        <ele>220.484737</ele>
        <time>2026-05-10T14:13:12.000Z</time>
      </trkpt>
      <trkpt lat="48.303998" lon="15.715317">
        <ele>220.516710</ele>
        <time>2026-05-10T14:13:13.999Z</time>
      </trkpt>
      <trkpt lat="48.303895" lon="15.715255">
        <ele>220.546435</ele>
        <time>2026-05-10T14:13:15.999Z</time>
      </trkpt>
      <trkpt lat="48.303789" lon="15.715190">
        <ele>220.577106</ele>
        <time>2026-05-10T14:13:17.999Z</time>
      </trkpt>
      <trkpt lat="48.303687" lon="15.715129">
        <ele>220.606516</ele>
        <time>2026-05-10T14:13:19.999Z</time>
      </trkpt>
      <trkpt lat="48.303592" lon="15.715071">
        <ele>220.633987</ele>
        <time>2026-05-10T14:13:21.999Z</time>
      </trkpt>
      <trkpt lat="48.303493" lon="15.715016">
        <ele>220.662264</ele>
        <time>2026-05-10T14:13:23.999Z</time>
      </trkpt>
      <trkpt lat="48.303401" lon="15.714998">
        <ele>220.687120</ele>
        <time>2026-05-10T14:13:25.999Z</time>
      </trkpt>
      <trkpt lat="48.303304" lon="15.714961">
        <ele>220.713931</ele>
        <time>2026-05-10T14:13:27.999Z</time>
      </trkpt>
      <trkpt lat="48.303203" lon="15.714940">
        <ele>220.741248</ele>
        <time>2026-05-10T14:13:29.999Z</time>
      </trkpt>
      <trkpt lat="48.303113" lon="15.714877">
        <ele>220.767846</ele>
        <time>2026-05-10T14:13:31.999Z</time>
      </trkpt>
      <trkpt lat="48.303033" lon="15.714800">
        <ele>220.793296</ele>
        <time>2026-05-10T14:13:33.999Z</time>
      </trkpt>
      <trkpt lat="48.302956" lon="15.714708">
        <ele>220.834140</ele>
        <time>2026-05-10T14:13:35.999Z</time>
      </trkpt>
      <trkpt lat="48.302868" lon="15.714627">
        <ele>220.883067</ele>
        <time>2026-05-10T14:13:37.999Z</time>
      </trkpt>
      <trkpt lat="48.302780" lon="15.714540">
        <ele>220.933008</ele>
        <time>2026-05-10T14:13:39.999Z</time>
      </trkpt>
      <trkpt lat="48.302667" lon="15.714458">
        <ele>220.992504</ele>
        <time>2026-05-10T14:13:42.999Z</time>
      </trkpt>
      <trkpt lat="48.302551" lon="15.714375">
        <ele>221.053419</ele>
        <time>2026-05-10T14:13:45.999Z</time>
      </trkpt>
      <trkpt lat="48.302427" lon="15.714313">
        <ele>221.115382</ele>
        <time>2026-05-10T14:13:48.999Z</time>
      </trkpt>
      <trkpt lat="48.302348" lon="15.714226">
        <ele>221.161817</ele>
        <time>2026-05-10T14:13:50.999Z</time>
      </trkpt>
      <trkpt lat="48.302229" lon="15.714149">
        <ele>221.223248</ele>
        <time>2026-05-10T14:13:53.999Z</time>
      </trkpt>
      <trkpt lat="48.302113" lon="15.714061">
        <ele>221.284857</ele>
        <time>2026-05-10T14:13:55.999Z</time>
      </trkpt>
      <trkpt lat="48.302020" lon="15.713978">
        <ele>221.336140</ele>
        <time>2026-05-10T14:13:57.999Z</time>
      </trkpt>
      <trkpt lat="48.301924" lon="15.713905">
        <ele>221.387152</ele>
        <time>2026-05-10T14:13:59.999Z</time>
      </trkpt>
      <trkpt lat="48.301829" lon="15.713812">
        <ele>221.440907</ele>
        <time>2026-05-10T14:14:01.999Z</time>
      </trkpt>
      <trkpt lat="48.301730" lon="15.713724">
        <ele>221.495441</ele>
        <time>2026-05-10T14:14:03.999Z</time>
      </trkpt>
      <trkpt lat="48.301640" lon="15.713625">
        <ele>221.548320</ele>
        <time>2026-05-10T14:14:05.999Z</time>
      </trkpt>
      <trkpt lat="48.301539" lon="15.713523">
        <ele>221.606014</ele>
        <time>2026-05-10T14:14:07.999Z</time>
      </trkpt>
      <trkpt lat="48.301446" lon="15.713431">
        <ele>221.663878</ele>
        <time>2026-05-10T14:14:09.999Z</time>
      </trkpt>
      <trkpt lat="48.301358" lon="15.713330">
        <ele>221.768310</ele>
        <time>2026-05-10T14:14:11.999Z</time>
      </trkpt>
      <trkpt lat="48.301268" lon="15.713231">
        <ele>221.873503</ele>
        <time>2026-05-10T14:14:13.999Z</time>
      </trkpt>
      <trkpt lat="48.301185" lon="15.713139">
        <ele>221.970773</ele>
        <time>2026-05-10T14:14:15.999Z</time>
      </trkpt>
      <trkpt lat="48.301090" lon="15.713010">
        <ele>222.091527</ele>
        <time>2026-05-10T14:14:17.999Z</time>
      </trkpt>
      <trkpt lat="48.301011" lon="15.712921">
        <ele>222.184647</ele>
        <time>2026-05-10T14:14:19.999Z</time>
      </trkpt>
      <trkpt lat="48.300925" lon="15.712822">
        <ele>222.286819</ele>
        <time>2026-05-10T14:14:21.999Z</time>
      </trkpt>
      <trkpt lat="48.300833" lon="15.712745">
        <ele>222.386141</ele>
        <time>2026-05-10T14:14:23.999Z</time>
      </trkpt>
      <trkpt lat="48.300742" lon="15.712647">
        <ele>222.491730</ele>
        <time>2026-05-10T14:14:25.999Z</time>
      </trkpt>
      <trkpt lat="48.300653" lon="15.712552">
        <ele>222.594690</ele>
        <time>2026-05-10T14:14:27.999Z</time>
      </trkpt>
      <trkpt lat="48.300562" lon="15.712450">
        <ele>222.701760</ele>
        <time>2026-05-10T14:14:29.999Z</time>
      </trkpt>
      <trkpt lat="48.300473" lon="15.712350">
        <ele>222.806568</ele>
        <time>2026-05-10T14:14:31.999Z</time>
      </trkpt>
      <trkpt lat="48.300394" lon="15.712269">
        <ele>222.896767</ele>
        <time>2026-05-10T14:14:33.998Z</time>
      </trkpt>
      <trkpt lat="48.300323" lon="15.712171">
        <ele>222.987687</ele>
        <time>2026-05-10T14:14:35.998Z</time>
      </trkpt>
      <trkpt lat="48.300234" lon="15.712102">
        <ele>223.082143</ele>
        <time>2026-05-10T14:14:37.998Z</time>
      </trkpt>
      <trkpt lat="48.300155" lon="15.711992">
        <ele>223.183714</ele>
        <time>2026-05-10T14:14:39.998Z</time>
      </trkpt>
      <trkpt lat="48.300073" lon="15.711931">
        <ele>223.270013</ele>
        <time>2026-05-10T14:14:41.998Z</time>
      </trkpt>
      <trkpt lat="48.299986" lon="15.711836">
        <ele>223.371532</ele>
        <time>2026-05-10T14:14:43.998Z</time>
      </trkpt>
      <trkpt lat="48.299914" lon="15.711749">
        <ele>223.459040</ele>
        <time>2026-05-10T14:14:45.998Z</time>
      </trkpt>
      <trkpt lat="48.299826" lon="15.711660">
        <ele>223.559513</ele>
        <time>2026-05-10T14:14:47.998Z</time>
      </trkpt>
      <trkpt lat="48.299729" lon="15.711548">
        <ele>223.675377</ele>
        <time>2026-05-10T14:14:50.998Z</time>
      </trkpt>
      <trkpt lat="48.299621" lon="15.711437">
        <ele>223.799311</ele>
        <time>2026-05-10T14:14:53.998Z</time>
      </trkpt>
      <trkpt lat="48.299548" lon="15.711344">
        <ele>223.889957</ele>
        <time>2026-05-10T14:14:55.998Z</time>
      </trkpt>
      <trkpt lat="48.299473" lon="15.711264">
        <ele>223.977073</ele>
        <time>2026-05-10T14:14:57.998Z</time>
      </trkpt>
      <trkpt lat="48.299382" lon="15.711166">
        <ele>224.083116</ele>
        <time>2026-05-10T14:14:59.998Z</time>
      </trkpt>
      <trkpt lat="48.299297" lon="15.711079">
        <ele>224.180528</ele>
        <time>2026-05-10T14:15:01.998Z</time>
      </trkpt>
      <trkpt lat="48.299210" lon="15.710989">
        <ele>224.280572</ele>
        <time>2026-05-10T14:15:03.998Z</time>
      </trkpt>
      <trkpt lat="48.299128" lon="15.710901">
        <ele>224.376014</ele>
        <time>2026-05-10T14:15:05.998Z</time>
      </trkpt>
      <trkpt lat="48.299043" lon="15.710819">
        <ele>224.471689</ele>
        <time>2026-05-10T14:15:07.998Z</time>
      </trkpt>
      <trkpt lat="48.298952" lon="15.710728">
        <ele>224.575225</ele>
        <time>2026-05-10T14:15:09.998Z</time>
      </trkpt>
      <trkpt lat="48.298859" lon="15.710636">
        <ele>224.680688</ele>
        <time>2026-05-10T14:15:11.998Z</time>
      </trkpt>
      <trkpt lat="48.298739" lon="15.710513">
        <ele>224.818275</ele>
        <time>2026-05-10T14:15:14.999Z</time>
      </trkpt>
      <trkpt lat="48.298647" lon="15.710428">
        <ele>224.920571</ele>
        <time>2026-05-10T14:15:16.999Z</time>
      </trkpt>
      <trkpt lat="48.298571" lon="15.710338">
        <ele>225.012222</ele>
        <time>2026-05-10T14:15:18.999Z</time>
      </trkpt>
      <trkpt lat="48.298477" lon="15.710250">
        <ele>225.032519</ele>
        <time>2026-05-10T14:15:20.999Z</time>
      </trkpt>
      <trkpt lat="48.298397" lon="15.710176">
        <ele>225.002091</ele>
        <time>2026-05-10T14:15:22.999Z</time>
      </trkpt>
      <trkpt lat="48.298300" lon="15.710117">
        <ele>224.968194</ele>
        <time>2026-05-10T14:15:24.999Z</time>
      </trkpt>
      <trkpt lat="48.298218" lon="15.710015">
        <ele>224.933715</ele>
        <time>2026-05-10T14:15:26.999Z</time>
      </trkpt>
      <trkpt lat="48.298138" lon="15.709949">
        <ele>224.904154</ele>
        <time>2026-05-10T14:15:28.999Z</time>
      </trkpt>
      <trkpt lat="48.298053" lon="15.709879">
        <ele>224.872758</ele>
        <time>2026-05-10T14:15:30.999Z</time>
      </trkpt>
      <trkpt lat="48.297951" lon="15.709800">
        <ele>224.835588</ele>
        <time>2026-05-10T14:15:32.999Z</time>
      </trkpt>
      <trkpt lat="48.297859" lon="15.709730">
        <ele>224.802185</ele>
        <time>2026-05-10T14:15:34.999Z</time>
      </trkpt>
      <trkpt lat="48.297729" lon="15.709634">
        <ele>224.755266</ele>
        <time>2026-05-10T14:15:37.999Z</time>
      </trkpt>
      <trkpt lat="48.297627" lon="15.709577">
        <ele>224.720015</ele>
        <time>2026-05-10T14:15:39.999Z</time>
      </trkpt>
      <trkpt lat="48.297516" lon="15.709500">
        <ele>224.680414</ele>
        <time>2026-05-10T14:15:42.999Z</time>
      </trkpt>
      <trkpt lat="48.297411" lon="15.709431">
        <ele>224.643292</ele>
        <time>2026-05-10T14:15:44.999Z</time>
      </trkpt>
      <trkpt lat="48.297311" lon="15.709363">
        <ele>224.607738</ele>
        <time>2026-05-10T14:15:46.999Z</time>
      </trkpt>
      <trkpt lat="48.297196" lon="15.709272">
        <ele>224.565638</ele>
        <time>2026-05-10T14:15:48.999Z</time>
      </trkpt>
      <trkpt lat="48.297065" lon="15.709189">
        <ele>224.519587</ele>
        <time>2026-05-10T14:15:51.999Z</time>
      </trkpt>
      <trkpt lat="48.296951" lon="15.709136">
        <ele>224.480932</ele>
        <time>2026-05-10T14:15:53.999Z</time>
      </trkpt>
      <trkpt lat="48.296860" lon="15.709086">
        <ele>224.443882</ele>
        <time>2026-05-10T14:15:55.999Z</time>
      </trkpt>
      <trkpt lat="48.296748" lon="15.709017">
        <ele>224.394525</ele>
        <time>2026-05-10T14:15:57.999Z</time>
      </trkpt>
      <trkpt lat="48.296647" lon="15.708959">
        <ele>224.350436</ele>
        <time>2026-05-10T14:15:59.999Z</time>
      </trkpt>
      <trkpt lat="48.296546" lon="15.708904">
        <ele>224.306631</ele>
        <time>2026-05-10T14:16:01.999Z</time>
      </trkpt>
      <trkpt lat="48.296438" lon="15.708831">
        <ele>224.258344</ele>
        <time>2026-05-10T14:16:03.999Z</time>
      </trkpt>
      <trkpt lat="48.296331" lon="15.708803">
        <ele>224.214056</ele>
        <time>2026-05-10T14:16:05.999Z</time>
      </trkpt>
      <trkpt lat="48.296244" lon="15.708735">
        <ele>224.174070</ele>
        <time>2026-05-10T14:16:07.999Z</time>
      </trkpt>
      <trkpt lat="48.296148" lon="15.708709">
        <ele>224.134293</ele>
        <time>2026-05-10T14:16:09.999Z</time>
      </trkpt>
      <trkpt lat="48.296062" lon="15.708649">
        <ele>224.095631</ele>
        <time>2026-05-10T14:16:11.999Z</time>
      </trkpt>
      <trkpt lat="48.295934" lon="15.708591">
        <ele>224.041116</ele>
        <time>2026-05-10T14:16:13.999Z</time>
      </trkpt>
      <trkpt lat="48.295836" lon="15.708571">
        <ele>224.000788</ele>
        <time>2026-05-10T14:16:15.999Z</time>
      </trkpt>
      <trkpt lat="48.295729" lon="15.708525">
        <ele>223.955406</ele>
        <time>2026-05-10T14:16:17.999Z</time>
      </trkpt>
      <trkpt lat="48.295627" lon="15.708494">
        <ele>223.912971</ele>
        <time>2026-05-10T14:16:19.999Z</time>
      </trkpt>
      <trkpt lat="48.295514" lon="15.708454">
        <ele>223.865632</ele>
        <time>2026-05-10T14:16:21.999Z</time>
      </trkpt>
      <trkpt lat="48.295417" lon="15.708430">
        <ele>223.825546</ele>
        <time>2026-05-10T14:16:23.999Z</time>
      </trkpt>
      <trkpt lat="48.295318" lon="15.708413">
        <ele>223.784914</ele>
        <time>2026-05-10T14:16:25.999Z</time>
      </trkpt>
      <trkpt lat="48.295216" lon="15.708402">
        <ele>223.743214</ele>
        <time>2026-05-10T14:16:27.999Z</time>
      </trkpt>
      <trkpt lat="48.295109" lon="15.708300">
        <ele>223.577811</ele>
        <time>2026-05-10T14:16:30.999Z</time>
      </trkpt>
      <trkpt lat="48.295028" lon="15.708239">
        <ele>223.450394</ele>
        <time>2026-05-10T14:16:34.999Z</time>
      </trkpt>
      <trkpt lat="48.295265" lon="15.708126">
        <ele>223.100710</ele>
        <time>2026-05-10T14:16:35.998Z</time>
      </trkpt>
      <trkpt lat="48.295259" lon="15.707970">
        <ele>222.954502</ele>
        <time>2026-05-10T14:16:39.998Z</time>
      </trkpt>
      <trkpt lat="48.295259" lon="15.707828">
        <ele>222.821638</ele>
        <time>2026-05-10T14:16:42.998Z</time>
      </trkpt>
      <trkpt lat="48.295258" lon="15.707662">
        <ele>222.666311</ele>
        <time>2026-05-10T14:16:45.998Z</time>
      </trkpt>
      <trkpt lat="48.295258" lon="15.707485">
        <ele>222.500698</ele>
        <time>2026-05-10T14:16:48.998Z</time>
      </trkpt>
      <trkpt lat="48.295257" lon="15.707336">
        <ele>222.361276</ele>
        <time>2026-05-10T14:16:51.998Z</time>
      </trkpt>
      <trkpt lat="48.295086" lon="15.707309">
        <ele>222.119459</ele>
        <time>2026-05-10T14:16:53.998Z</time>
      </trkpt>
      <trkpt lat="48.294975" lon="15.707274">
        <ele>221.959950</ele>
        <time>2026-05-10T14:16:55.998Z</time>
      </trkpt>
      <trkpt lat="48.294862" lon="15.707264">
        <ele>221.800752</ele>
        <time>2026-05-10T14:16:57.998Z</time>
      </trkpt>
      <trkpt lat="48.294754" lon="15.707212">
        <ele>221.641258</ele>
        <time>2026-05-10T14:16:59.998Z</time>
      </trkpt>
      <trkpt lat="48.294642" lon="15.707193">
        <ele>221.482742</ele>
        <time>2026-05-10T14:17:01.998Z</time>
      </trkpt>
      <trkpt lat="48.294531" lon="15.707160">
        <ele>221.323607</ele>
        <time>2026-05-10T14:17:03.998Z</time>
      </trkpt>
      <trkpt lat="48.294422" lon="15.707128">
        <ele>221.209228</ele>
        <time>2026-05-10T14:17:05.998Z</time>
      </trkpt>
      <trkpt lat="48.294310" lon="15.707089">
        <ele>221.212583</ele>
        <time>2026-05-10T14:17:07.998Z</time>
      </trkpt>
      <trkpt lat="48.294197" lon="15.707052">
        <ele>221.215957</ele>
        <time>2026-05-10T14:17:09.998Z</time>
      </trkpt>
      <trkpt lat="48.294087" lon="15.707016">
        <ele>221.219241</ele>
        <time>2026-05-10T14:17:11.998Z</time>
      </trkpt>
      <trkpt lat="48.293978" lon="15.706980">
        <ele>221.222497</ele>
        <time>2026-05-10T14:17:13.998Z</time>
      </trkpt>
      <trkpt lat="48.293866" lon="15.706942">
        <ele>221.225847</ele>
        <time>2026-05-10T14:17:15.998Z</time>
      </trkpt>
      <trkpt lat="48.293763" lon="15.706911">
        <ele>221.228912</ele>
        <time>2026-05-10T14:17:17.998Z</time>
      </trkpt>
      <trkpt lat="48.293655" lon="15.706876">
        <ele>221.232135</ele>
        <time>2026-05-10T14:17:19.998Z</time>
      </trkpt>
      <trkpt lat="48.293550" lon="15.706836">
        <ele>221.235296</ele>
        <time>2026-05-10T14:17:21.999Z</time>
      </trkpt>
      <trkpt lat="48.293449" lon="15.706783">
        <ele>221.238417</ele>
        <time>2026-05-10T14:17:23.999Z</time>
      </trkpt>
      <trkpt lat="48.293344" lon="15.706767">
        <ele>221.241496</ele>
        <time>2026-05-10T14:17:25.999Z</time>
      </trkpt>
      <trkpt lat="48.293233" lon="15.706724">
        <ele>221.244840</ele>
        <time>2026-05-10T14:17:27.999Z</time>
      </trkpt>
      <trkpt lat="48.293132" lon="15.706690">
        <ele>221.247860</ele>
        <time>2026-05-10T14:17:29.999Z</time>
      </trkpt>
      <trkpt lat="48.293031" lon="15.706654">
        <ele>221.250888</ele>
        <time>2026-05-10T14:17:31.999Z</time>
      </trkpt>
      <trkpt lat="48.292935" lon="15.706619">
        <ele>221.253770</ele>
        <time>2026-05-10T14:17:33.999Z</time>
      </trkpt>
      <trkpt lat="48.292818" lon="15.706580">
        <ele>221.257267</ele>
        <time>2026-05-10T14:17:35.999Z</time>
      </trkpt>
      <trkpt lat="48.292719" lon="15.706547">
        <ele>221.260225</ele>
        <time>2026-05-10T14:17:37.999Z</time>
      </trkpt>
      <trkpt lat="48.292616" lon="15.706507">
        <ele>221.291703</ele>
        <time>2026-05-10T14:17:39.999Z</time>
      </trkpt>
      <trkpt lat="48.292514" lon="15.706467">
        <ele>221.330047</ele>
        <time>2026-05-10T14:17:41.999Z</time>
      </trkpt>
      <trkpt lat="48.292410" lon="15.706427">
        <ele>221.369095</ele>
        <time>2026-05-10T14:17:43.999Z</time>
      </trkpt>
      <trkpt lat="48.292308" lon="15.706385">
        <ele>221.407564</ele>
        <time>2026-05-10T14:17:45.999Z</time>
      </trkpt>
      <trkpt lat="48.292199" lon="15.706341">
        <ele>221.448618</ele>
        <time>2026-05-10T14:17:47.999Z</time>
      </trkpt>
      <trkpt lat="48.292096" lon="15.706298">
        <ele>221.487502</ele>
        <time>2026-05-10T14:17:49.999Z</time>
      </trkpt>
      <trkpt lat="48.291984" lon="15.706239">
        <ele>221.530671</ele>
        <time>2026-05-10T14:17:51.999Z</time>
      </trkpt>
      <trkpt lat="48.291884" lon="15.706186">
        <ele>221.569241</ele>
        <time>2026-05-10T14:17:53.999Z</time>
      </trkpt>
      <trkpt lat="48.291790" lon="15.706123">
        <ele>221.606679</ele>
        <time>2026-05-10T14:17:55.999Z</time>
      </trkpt>
      <trkpt lat="48.291734" lon="15.705990">
        <ele>221.644770</ele>
        <time>2026-05-10T14:17:57.999Z</time>
      </trkpt>
      <trkpt lat="48.291598" lon="15.705924">
        <ele>221.696754</ele>
        <time>2026-05-10T14:18:00.999Z</time>
      </trkpt>
      <trkpt lat="48.291497" lon="15.705961">
        <ele>221.734568</ele>
        <time>2026-05-10T14:18:02.999Z</time>
      </trkpt>
      <trkpt lat="48.291406" lon="15.705937">
        <ele>221.768175</ele>
        <time>2026-05-10T14:18:04.999Z</time>
      </trkpt>
      <trkpt lat="48.291306" lon="15.705893">
        <ele>221.806076</ele>
        <time>2026-05-10T14:18:06.999Z</time>
      </trkpt>
      <trkpt lat="48.291201" lon="15.705846">
        <ele>221.845927</ele>
        <time>2026-05-10T14:18:08.999Z</time>
      </trkpt>
      <trkpt lat="48.291093" lon="15.705812">
        <ele>221.886064</ele>
        <time>2026-05-10T14:18:10.999Z</time>
      </trkpt>
      <trkpt lat="48.290983" lon="15.705760">
        <ele>221.922642</ele>
        <time>2026-05-10T14:18:12.999Z</time>
      </trkpt>
      <trkpt lat="48.290866" lon="15.705703">
        <ele>221.948776</ele>
        <time>2026-05-10T14:18:14.999Z</time>
      </trkpt>
      <trkpt lat="48.290756" lon="15.705649">
        <ele>221.973365</ele>
        <time>2026-05-10T14:18:16.999Z</time>
      </trkpt>
      <trkpt lat="48.290648" lon="15.705578">
        <ele>221.998413</ele>
        <time>2026-05-10T14:18:18.999Z</time>
      </trkpt>
      <trkpt lat="48.290534" lon="15.705523">
        <ele>222.023854</ele>
        <time>2026-05-10T14:18:20.999Z</time>
      </trkpt>
      <trkpt lat="48.290424" lon="15.705472">
        <ele>222.048314</ele>
        <time>2026-05-10T14:18:22.999Z</time>
      </trkpt>
      <trkpt lat="48.290318" lon="15.705423">
        <ele>222.071879</ele>
        <time>2026-05-10T14:18:24.999Z</time>
      </trkpt>
      <trkpt lat="48.290204" lon="15.705398">
        <ele>222.096359</ele>
        <time>2026-05-10T14:18:26.999Z</time>
      </trkpt>
      <trkpt lat="48.290105" lon="15.705354">
        <ele>222.118295</ele>
        <time>2026-05-10T14:18:28.999Z</time>
      </trkpt>
      <trkpt lat="48.289997" lon="15.705301">
        <ele>222.142436</ele>
        <time>2026-05-10T14:18:30.999Z</time>
      </trkpt>
      <trkpt lat="48.289893" lon="15.705259">
        <ele>222.165318</ele>
        <time>2026-05-10T14:18:32.999Z</time>
      </trkpt>
      <trkpt lat="48.289777" lon="15.705225">
        <ele>222.190431</ele>
        <time>2026-05-10T14:18:34.998Z</time>
      </trkpt>
      <trkpt lat="48.289671" lon="15.705168">
        <ele>222.214353</ele>
        <time>2026-05-10T14:18:36.998Z</time>
      </trkpt>
      <trkpt lat="48.289563" lon="15.705118">
        <ele>222.238365</ele>
        <time>2026-05-10T14:18:38.998Z</time>
      </trkpt>
      <trkpt lat="48.289449" lon="15.705065">
        <ele>222.263721</ele>
        <time>2026-05-10T14:18:40.998Z</time>
      </trkpt>
      <trkpt lat="48.289350" lon="15.704992">
        <ele>222.287153</ele>
        <time>2026-05-10T14:18:42.998Z</time>
      </trkpt>
      <trkpt lat="48.289243" lon="15.704937">
        <ele>222.355772</ele>
        <time>2026-05-10T14:18:44.998Z</time>
      </trkpt>
      <trkpt lat="48.289136" lon="15.704882">
        <ele>222.456928</ele>
        <time>2026-05-10T14:18:46.998Z</time>
      </trkpt>
      <trkpt lat="48.289032" lon="15.704829">
        <ele>222.555160</ele>
        <time>2026-05-10T14:18:48.998Z</time>
      </trkpt>
      <trkpt lat="48.288923" lon="15.704779">
        <ele>222.657102</ele>
        <time>2026-05-10T14:18:50.998Z</time>
      </trkpt>
      <trkpt lat="48.288816" lon="15.704747">
        <ele>222.754691</ele>
        <time>2026-05-10T14:18:52.998Z</time>
      </trkpt>
      <trkpt lat="48.288711" lon="15.704708">
        <ele>222.851441</ele>
        <time>2026-05-10T14:18:54.998Z</time>
      </trkpt>
      <trkpt lat="48.288602" lon="15.704658">
        <ele>222.953383</ele>
        <time>2026-05-10T14:18:56.998Z</time>
      </trkpt>
      <trkpt lat="48.288497" lon="15.704603">
        <ele>223.052848</ele>
        <time>2026-05-10T14:18:58.998Z</time>
      </trkpt>
      <trkpt lat="48.288389" lon="15.704552">
        <ele>223.154112</ele>
        <time>2026-05-10T14:19:00.998Z</time>
      </trkpt>
      <trkpt lat="48.288281" lon="15.704500">
        <ele>223.255555</ele>
        <time>2026-05-10T14:19:02.998Z</time>
      </trkpt>
      <trkpt lat="48.288179" lon="15.704451">
        <ele>223.351343</ele>
        <time>2026-05-10T14:19:04.998Z</time>
      </trkpt>
      <trkpt lat="48.288074" lon="15.704402">
        <ele>223.449691</ele>
        <time>2026-05-10T14:19:06.998Z</time>
      </trkpt>
      <trkpt lat="48.287973" lon="15.704354">
        <ele>223.544446</ele>
        <time>2026-05-10T14:19:08.998Z</time>
      </trkpt>
      <trkpt lat="48.287874" lon="15.704307">
        <ele>223.637316</ele>
        <time>2026-05-10T14:19:10.998Z</time>
      </trkpt>
      <trkpt lat="48.287770" lon="15.704238">
        <ele>223.739007</ele>
        <time>2026-05-10T14:19:12.998Z</time>
      </trkpt>
      <trkpt lat="48.287657" lon="15.704184">
        <ele>223.845073</ele>
        <time>2026-05-10T14:19:14.998Z</time>
      </trkpt>
      <trkpt lat="48.287547" lon="15.704132">
        <ele>223.949157</ele>
        <time>2026-05-10T14:19:16.998Z</time>
      </trkpt>
      <trkpt lat="48.287431" lon="15.704101">
        <ele>224.056893</ele>
        <time>2026-05-10T14:19:18.998Z</time>
      </trkpt>
      <trkpt lat="48.287324" lon="15.704031">
        <ele>224.163602</ele>
        <time>2026-05-10T14:19:20.998Z</time>
      </trkpt>
      <trkpt lat="48.287207" lon="15.703978">
        <ele>224.275342</ele>
        <time>2026-05-10T14:19:22.998Z</time>
      </trkpt>
      <trkpt lat="48.287089" lon="15.703925">
        <ele>224.387958</ele>
        <time>2026-05-10T14:19:24.998Z</time>
      </trkpt>
      <trkpt lat="48.286967" lon="15.703902">
        <ele>224.500390</ele>
        <time>2026-05-10T14:19:26.999Z</time>
      </trkpt>
      <trkpt lat="48.286852" lon="15.703855">
        <ele>224.609366</ele>
        <time>2026-05-10T14:19:28.999Z</time>
      </trkpt>
      <trkpt lat="48.286739" lon="15.703814">
        <ele>224.715663</ele>
        <time>2026-05-10T14:19:30.999Z</time>
      </trkpt>
      <trkpt lat="48.286625" lon="15.703772">
        <ele>224.822992</ele>
        <time>2026-05-10T14:19:32.999Z</time>
      </trkpt>
      <trkpt lat="48.286509" lon="15.703731">
        <ele>224.931958</ele>
        <time>2026-05-10T14:19:34.999Z</time>
      </trkpt>
      <trkpt lat="48.286391" lon="15.703689">
        <ele>225.042843</ele>
        <time>2026-05-10T14:19:36.999Z</time>
      </trkpt>
      <trkpt lat="48.286286" lon="15.703641">
        <ele>225.143199</ele>
        <time>2026-05-10T14:19:38.999Z</time>
      </trkpt>
      <trkpt lat="48.286167" lon="15.703605">
        <ele>225.254197</ele>
        <time>2026-05-10T14:19:40.999Z</time>
      </trkpt>
      <trkpt lat="48.286072" lon="15.703584">
        <ele>225.342000</ele>
        <time>2026-05-10T14:19:42.999Z</time>
      </trkpt>
      <trkpt lat="48.285941" lon="15.703556">
        <ele>225.462993</ele>
        <time>2026-05-10T14:19:44.999Z</time>
      </trkpt>
      <trkpt lat="48.285832" lon="15.703519">
        <ele>225.558486</ele>
        <time>2026-05-10T14:19:46.999Z</time>
      </trkpt>
      <trkpt lat="48.285724" lon="15.703471">
        <ele>225.613254</ele>
        <time>2026-05-10T14:19:48.999Z</time>
      </trkpt>
      <trkpt lat="48.285611" lon="15.703436">
        <ele>225.669359</ele>
        <time>2026-05-10T14:19:50.999Z</time>
      </trkpt>
      <trkpt lat="48.285501" lon="15.703402">
        <ele>225.723971</ele>
        <time>2026-05-10T14:19:52.999Z</time>
      </trkpt>
      <trkpt lat="48.285387" lon="15.703367">
        <ele>225.780552</ele>
        <time>2026-05-10T14:19:54.999Z</time>
      </trkpt>
      <trkpt lat="48.285271" lon="15.703331">
        <ele>225.838152</ele>
        <time>2026-05-10T14:19:56.999Z</time>
      </trkpt>
      <trkpt lat="48.285155" lon="15.703317">
        <ele>225.894743</ele>
        <time>2026-05-10T14:19:58.999Z</time>
      </trkpt>
      <trkpt lat="48.285041" lon="15.703274">
        <ele>225.951900</ele>
        <time>2026-05-10T14:20:00.999Z</time>
      </trkpt>
      <trkpt lat="48.284949" lon="15.703270">
        <ele>225.996657</ele>
        <time>2026-05-10T14:20:02.999Z</time>
      </trkpt>
      <trkpt lat="48.284824" lon="15.703226">
        <ele>226.059088</ele>
        <time>2026-05-10T14:20:04.999Z</time>
      </trkpt>
      <trkpt lat="48.284716" lon="15.703224">
        <ele>226.111611</ele>
        <time>2026-05-10T14:20:06.999Z</time>
      </trkpt>
      <trkpt lat="48.284605" lon="15.703196">
        <ele>226.166344</ele>
        <time>2026-05-10T14:20:08.999Z</time>
      </trkpt>
      <trkpt lat="48.284477" lon="15.703175">
        <ele>226.228959</ele>
        <time>2026-05-10T14:20:10.999Z</time>
      </trkpt>
      <trkpt lat="48.284375" lon="15.703152">
        <ele>226.279116</ele>
        <time>2026-05-10T14:20:12.999Z</time>
      </trkpt>
      <trkpt lat="48.284264" lon="15.703127">
        <ele>226.333697</ele>
        <time>2026-05-10T14:20:14.999Z</time>
      </trkpt>
      <trkpt lat="48.284157" lon="15.703086">
        <ele>226.387394</ele>
        <time>2026-05-10T14:20:16.999Z</time>
      </trkpt>
      <trkpt lat="48.284044" lon="15.703084">
        <ele>226.448074</ele>
        <time>2026-05-10T14:20:18.999Z</time>
      </trkpt>
      <trkpt lat="48.283942" lon="15.703078">
        <ele>226.514630</ele>
        <time>2026-05-10T14:20:20.999Z</time>
      </trkpt>
      <trkpt lat="48.283832" lon="15.703065">
        <ele>226.586572</ele>
        <time>2026-05-10T14:20:22.999Z</time>
      </trkpt>
      <trkpt lat="48.283722" lon="15.703052">
        <ele>226.658515</ele>
        <time>2026-05-10T14:20:24.999Z</time>
      </trkpt>
      <trkpt lat="48.283631" lon="15.703023">
        <ele>226.719167</ele>
        <time>2026-05-10T14:20:26.999Z</time>
      </trkpt>
      <trkpt lat="48.283516" lon="15.703009">
        <ele>226.794394</ele>
        <time>2026-05-10T14:20:28.999Z</time>
      </trkpt>
      <trkpt lat="48.283417" lon="15.703018">
        <ele>226.859061</ele>
        <time>2026-05-10T14:20:30.999Z</time>
      </trkpt>
      <trkpt lat="48.283326" lon="15.703005">
        <ele>226.918661</ele>
        <time>2026-05-10T14:20:32.999Z</time>
      </trkpt>
      <trkpt lat="48.283229" lon="15.702985">
        <ele>226.982498</ele>
        <time>2026-05-10T14:20:34.999Z</time>
      </trkpt>
      <trkpt lat="48.283138" lon="15.702909">
        <ele>227.050379</ele>
        <time>2026-05-10T14:20:36.999Z</time>
      </trkpt>
      <trkpt lat="48.283035" lon="15.702843">
        <ele>227.123386</ele>
        <time>2026-05-10T14:20:38.999Z</time>
      </trkpt>
      <trkpt lat="48.282905" lon="15.702835">
        <ele>227.208218</ele>
        <time>2026-05-10T14:20:40.999Z</time>
      </trkpt>
      <trkpt lat="48.282800" lon="15.702875">
        <ele>227.278845</ele>
        <time>2026-05-10T14:20:42.998Z</time>
      </trkpt>
      <trkpt lat="48.282663" lon="15.702912">
        <ele>227.369601</ele>
        <time>2026-05-10T14:20:45.998Z</time>
      </trkpt>
      <trkpt lat="48.282561" lon="15.702927">
        <ele>227.436424</ele>
        <time>2026-05-10T14:20:47.998Z</time>
      </trkpt>
      <trkpt lat="48.282466" lon="15.702904">
        <ele>227.499163</ele>
        <time>2026-05-10T14:20:49.998Z</time>
      </trkpt>
      <trkpt lat="48.282333" lon="15.702896">
        <ele>227.585950</ele>
        <time>2026-05-10T14:20:52.998Z</time>
      </trkpt>
      <trkpt lat="48.282242" lon="15.702886">
        <ele>227.548054</ele>
        <time>2026-05-10T14:20:54.998Z</time>
      </trkpt>
      <trkpt lat="48.282150" lon="15.702881">
        <ele>227.484133</ele>
        <time>2026-05-10T14:20:56.998Z</time>
      </trkpt>
      <trkpt lat="48.282049" lon="15.702882">
        <ele>227.414003</ele>
        <time>2026-05-10T14:20:58.998Z</time>
      </trkpt>
      <trkpt lat="48.281948" lon="15.702876">
        <ele>227.343819</ele>
        <time>2026-05-10T14:21:00.998Z</time>
      </trkpt>
      <trkpt lat="48.281841" lon="15.702888">
        <ele>227.269318</ele>
        <time>2026-05-10T14:21:02.998Z</time>
      </trkpt>
      <trkpt lat="48.281729" lon="15.702868">
        <ele>227.191004</ele>
        <time>2026-05-10T14:21:04.998Z</time>
      </trkpt>
      <trkpt lat="48.281620" lon="15.702896">
        <ele>227.114222</ele>
        <time>2026-05-10T14:21:06.998Z</time>
      </trkpt>
      <trkpt lat="48.281513" lon="15.702894">
        <ele>227.039922</ele>
        <time>2026-05-10T14:21:08.998Z</time>
      </trkpt>
      <trkpt lat="48.281406" lon="15.702900">
        <ele>226.965575</ele>
        <time>2026-05-10T14:21:10.998Z</time>
      </trkpt>
      <trkpt lat="48.281308" lon="15.702899">
        <ele>226.897528</ele>
        <time>2026-05-10T14:21:12.998Z</time>
      </trkpt>
      <trkpt lat="48.281203" lon="15.702899">
        <ele>226.824622</ele>
        <time>2026-05-10T14:21:14.998Z</time>
      </trkpt>
      <trkpt lat="48.281101" lon="15.702902">
        <ele>226.753785</ele>
        <time>2026-05-10T14:21:16.998Z</time>
      </trkpt>
      <trkpt lat="48.280995" lon="15.702909">
        <ele>226.680114</ele>
        <time>2026-05-10T14:21:18.998Z</time>
      </trkpt>
      <trkpt lat="48.280899" lon="15.702918">
        <ele>226.613327</ele>
        <time>2026-05-10T14:21:20.998Z</time>
      </trkpt>
      <trkpt lat="48.280803" lon="15.702931">
        <ele>226.546400</ele>
        <time>2026-05-10T14:21:22.998Z</time>
      </trkpt>
      <trkpt lat="48.280702" lon="15.702938">
        <ele>226.476196</ele>
        <time>2026-05-10T14:21:24.998Z</time>
      </trkpt>
      <trkpt lat="48.280602" lon="15.702951">
        <ele>226.406503</ele>
        <time>2026-05-10T14:21:26.998Z</time>
      </trkpt>
      <trkpt lat="48.280492" lon="15.702952">
        <ele>226.366094</ele>
        <time>2026-05-10T14:21:28.998Z</time>
      </trkpt>
      <trkpt lat="48.280394" lon="15.702984">
        <ele>226.426392</ele>
        <time>2026-05-10T14:21:30.998Z</time>
      </trkpt>
      <trkpt lat="48.280296" lon="15.703002">
        <ele>226.485754</ele>
        <time>2026-05-10T14:21:32.999Z</time>
      </trkpt>
      <trkpt lat="48.280183" lon="15.703011">
        <ele>226.553791</ele>
        <time>2026-05-10T14:21:34.999Z</time>
      </trkpt>
      <trkpt lat="48.280083" lon="15.703048">
        <ele>226.615712</ele>
        <time>2026-05-10T14:21:36.999Z</time>
      </trkpt>
      <trkpt lat="48.279976" lon="15.703076">
        <ele>226.681015</ele>
        <time>2026-05-10T14:21:38.999Z</time>
      </trkpt>
      <trkpt lat="48.279869" lon="15.703099">
        <ele>226.746004</ele>
        <time>2026-05-10T14:21:40.999Z</time>
      </trkpt>
      <trkpt lat="48.279768" lon="15.703133">
        <ele>226.808236</ele>
        <time>2026-05-10T14:21:42.999Z</time>
      </trkpt>
      <trkpt lat="48.279640" lon="15.703163">
        <ele>226.886127</ele>
        <time>2026-05-10T14:21:45.999Z</time>
      </trkpt>
      <trkpt lat="48.279531" lon="15.703192">
        <ele>226.952683</ele>
        <time>2026-05-10T14:21:48.999Z</time>
      </trkpt>
      <trkpt lat="48.279432" lon="15.703198">
        <ele>227.012256</ele>
        <time>2026-05-10T14:21:51.999Z</time>
      </trkpt>
      <trkpt lat="48.279346" lon="15.703252">
        <ele>227.068297</ele>
        <time>2026-05-10T14:21:54.999Z</time>
      </trkpt>
      <trkpt lat="48.279247" lon="15.703296">
        <ele>227.130370</ele>
        <time>2026-05-10T14:21:59.999Z</time>
      </trkpt>
      <trkpt lat="48.279151" lon="15.703314">
        <ele>227.188538</ele>
        <time>2026-05-10T14:22:05.999Z</time>
      </trkpt>
      <trkpt lat="48.279047" lon="15.703373">
        <ele>227.255377</ele>
        <time>2026-05-10T14:22:11.999Z</time>
      </trkpt>
      <trkpt lat="48.278929" lon="15.703399">
        <ele>227.327084</ele>
        <time>2026-05-10T14:22:16.999Z</time>
      </trkpt>
      <trkpt lat="48.278840" lon="15.703431">
        <ele>227.382106</ele>
        <time>2026-05-10T14:22:20.999Z</time>
      </trkpt>
      <trkpt lat="48.278741" lon="15.703489">
        <ele>227.440728</ele>
        <time>2026-05-10T14:22:23.999Z</time>
      </trkpt>
      <trkpt lat="48.278627" lon="15.703505">
        <ele>227.485636</ele>
        <time>2026-05-10T14:22:27.999Z</time>
      </trkpt>
      <trkpt lat="48.278520" lon="15.703565">
        <ele>227.530431</ele>
        <time>2026-05-10T14:22:30.999Z</time>
      </trkpt>
      <trkpt lat="48.278403" lon="15.703586">
        <ele>227.576648</ele>
        <time>2026-05-10T14:22:33.999Z</time>
      </trkpt>
      <trkpt lat="48.278278" lon="15.703630">
        <ele>227.627003</ele>
        <time>2026-05-10T14:22:36.999Z</time>
      </trkpt>
      <trkpt lat="48.278157" lon="15.703674">
        <ele>227.675833</ele>
        <time>2026-05-10T14:22:39.999Z</time>
      </trkpt>
      <trkpt lat="48.278072" lon="15.703723">
        <ele>227.711541</ele>
        <time>2026-05-10T14:22:41.999Z</time>
      </trkpt>
      <trkpt lat="48.277979" lon="15.703741">
        <ele>227.748319</ele>
        <time>2026-05-10T14:22:43.999Z</time>
      </trkpt>
      <trkpt lat="48.277894" lon="15.703791">
        <ele>227.784122</ele>
        <time>2026-05-10T14:22:45.999Z</time>
      </trkpt>
      <trkpt lat="48.277802" lon="15.703831">
        <ele>227.821687</ele>
        <time>2026-05-10T14:22:47.999Z</time>
      </trkpt>
      <trkpt lat="48.277707" lon="15.703854">
        <ele>227.859429</ele>
        <time>2026-05-10T14:22:49.999Z</time>
      </trkpt>
      <trkpt lat="48.277613" lon="15.703875">
        <ele>227.896704</ele>
        <time>2026-05-10T14:22:51.998Z</time>
      </trkpt>
      <trkpt lat="48.277522" lon="15.703890">
        <ele>227.932610</ele>
        <time>2026-05-10T14:22:53.998Z</time>
      </trkpt>
      <trkpt lat="48.277384" lon="15.703925">
        <ele>227.987503</ele>
        <time>2026-05-10T14:22:56.998Z</time>
      </trkpt>
      <trkpt lat="48.277287" lon="15.703936">
        <ele>228.025657</ele>
        <time>2026-05-10T14:22:58.998Z</time>
      </trkpt>
      <trkpt lat="48.277178" lon="15.703953">
        <ele>228.068640</ele>
        <time>2026-05-10T14:23:00.998Z</time>
      </trkpt>
      <trkpt lat="48.277070" lon="15.703969">
        <ele>228.111205</ele>
        <time>2026-05-10T14:23:02.998Z</time>
      </trkpt>
      <trkpt lat="48.276970" lon="15.703966">
        <ele>228.158282</ele>
        <time>2026-05-10T14:23:04.998Z</time>
      </trkpt>
      <trkpt lat="48.276866" lon="15.703968">
        <ele>228.221749</ele>
        <time>2026-05-10T14:23:06.998Z</time>
      </trkpt>
      <trkpt lat="48.276765" lon="15.703944">
        <ele>228.284146</ele>
        <time>2026-05-10T14:23:08.998Z</time>
      </trkpt>
      <trkpt lat="48.276666" lon="15.703939">
        <ele>228.344590</ele>
        <time>2026-05-10T14:23:10.998Z</time>
      </trkpt>
      <trkpt lat="48.276571" lon="15.703930">
        <ele>228.402675</ele>
        <time>2026-05-10T14:23:12.998Z</time>
      </trkpt>
      <trkpt lat="48.276471" lon="15.703921">
        <ele>228.463805</ele>
        <time>2026-05-10T14:23:14.998Z</time>
      </trkpt>
      <trkpt lat="48.276371" lon="15.703910">
        <ele>228.524990</ele>
        <time>2026-05-10T14:23:16.998Z</time>
      </trkpt>
      <trkpt lat="48.276272" lon="15.703916">
        <ele>228.585449</ele>
        <time>2026-05-10T14:23:18.998Z</time>
      </trkpt>
      <trkpt lat="48.276180" lon="15.703896">
        <ele>228.642173</ele>
        <time>2026-05-10T14:23:20.998Z</time>
      </trkpt>
      <trkpt lat="48.276090" lon="15.703866">
        <ele>228.698427</ele>
        <time>2026-05-10T14:23:22.998Z</time>
      </trkpt>
      <trkpt lat="48.275994" lon="15.703865">
        <ele>228.757008</ele>
        <time>2026-05-10T14:23:24.998Z</time>
      </trkpt>
      <trkpt lat="48.275867" lon="15.703830">
        <ele>228.835798</ele>
        <time>2026-05-10T14:23:27.998Z</time>
      </trkpt>
      <trkpt lat="48.275774" lon="15.703808">
        <ele>228.893246</ele>
        <time>2026-05-10T14:23:29.998Z</time>
      </trkpt>
      <trkpt lat="48.275683" lon="15.703758">
        <ele>228.952371</ele>
        <time>2026-05-10T14:23:31.998Z</time>
      </trkpt>
      <trkpt lat="48.275591" lon="15.703727">
        <ele>229.009905</ele>
        <time>2026-05-10T14:23:33.998Z</time>
      </trkpt>
      <trkpt lat="48.275496" lon="15.703694">
        <ele>229.069404</ele>
        <time>2026-05-10T14:23:35.998Z</time>
      </trkpt>
      <trkpt lat="48.275405" lon="15.703661">
        <ele>229.126527</ele>
        <time>2026-05-10T14:23:37.998Z</time>
      </trkpt>
      <trkpt lat="48.275304" lon="15.703636">
        <ele>229.188989</ele>
        <time>2026-05-10T14:23:39.999Z</time>
      </trkpt>
      <trkpt lat="48.275206" lon="15.703604">
        <ele>229.238947</ele>
        <time>2026-05-10T14:23:41.999Z</time>
      </trkpt>
      <trkpt lat="48.275110" lon="15.703569">
        <ele>229.257717</ele>
        <time>2026-05-10T14:23:43.999Z</time>
      </trkpt>
      <trkpt lat="48.275015" lon="15.703536">
        <ele>229.276244</ele>
        <time>2026-05-10T14:23:45.999Z</time>
      </trkpt>
      <trkpt lat="48.274918" lon="15.703506">
        <ele>229.295061</ele>
        <time>2026-05-10T14:23:47.999Z</time>
      </trkpt>
      <trkpt lat="48.274826" lon="15.703446">
        <ele>229.314117</ele>
        <time>2026-05-10T14:23:49.999Z</time>
      </trkpt>
      <trkpt lat="48.274732" lon="15.703410">
        <ele>229.332549</ele>
        <time>2026-05-10T14:23:51.999Z</time>
      </trkpt>
      <trkpt lat="48.274638" lon="15.703375">
        <ele>229.350950</ele>
        <time>2026-05-10T14:23:53.999Z</time>
      </trkpt>
      <trkpt lat="48.274541" lon="15.703338">
        <ele>229.369966</ele>
        <time>2026-05-10T14:23:55.999Z</time>
      </trkpt>
      <trkpt lat="48.274437" lon="15.703324">
        <ele>229.389806</ele>
        <time>2026-05-10T14:23:57.999Z</time>
      </trkpt>
      <trkpt lat="48.274296" lon="15.703269">
        <ele>229.417485</ele>
        <time>2026-05-10T14:24:00.999Z</time>
      </trkpt>
      <trkpt lat="48.274201" lon="15.703227">
        <ele>229.436301</ele>
        <time>2026-05-10T14:24:02.999Z</time>
      </trkpt>
      <trkpt lat="48.274105" lon="15.703172">
        <ele>229.455823</ele>
        <time>2026-05-10T14:24:04.999Z</time>
      </trkpt>
      <trkpt lat="48.274010" lon="15.703135">
        <ele>229.474471</ele>
        <time>2026-05-10T14:24:06.999Z</time>
      </trkpt>
      <trkpt lat="48.273921" lon="15.703101">
        <ele>229.491920</ele>
        <time>2026-05-10T14:24:08.999Z</time>
      </trkpt>
      <trkpt lat="48.273828" lon="15.703065">
        <ele>229.510167</ele>
        <time>2026-05-10T14:24:10.999Z</time>
      </trkpt>
      <trkpt lat="48.273727" lon="15.703043">
        <ele>229.529559</ele>
        <time>2026-05-10T14:24:12.999Z</time>
      </trkpt>
      <trkpt lat="48.273627" lon="15.702987">
        <ele>229.549837</ele>
        <time>2026-05-10T14:24:14.999Z</time>
      </trkpt>
      <trkpt lat="48.273525" lon="15.702972">
        <ele>229.569310</ele>
        <time>2026-05-10T14:24:16.999Z</time>
      </trkpt>
      <trkpt lat="48.273429" lon="15.702913">
        <ele>229.673895</ele>
        <time>2026-05-10T14:24:18.999Z</time>
      </trkpt>
      <trkpt lat="48.273337" lon="15.702879">
        <ele>229.805960</ele>
        <time>2026-05-10T14:24:20.999Z</time>
      </trkpt>
      <trkpt lat="48.273231" lon="15.702839">
        <ele>229.958305</ele>
        <time>2026-05-10T14:24:22.999Z</time>
      </trkpt>
      <trkpt lat="48.273129" lon="15.702827">
        <ele>230.100922</ele>
        <time>2026-05-10T14:24:24.999Z</time>
      </trkpt>
      <trkpt lat="48.273027" lon="15.702788">
        <ele>230.247634</ele>
        <time>2026-05-10T14:24:26.999Z</time>
      </trkpt>
      <trkpt lat="48.272941" lon="15.702731">
        <ele>230.378659</ele>
        <time>2026-05-10T14:24:28.999Z</time>
      </trkpt>
      <trkpt lat="48.272839" lon="15.702719">
        <ele>230.521275</ele>
        <time>2026-05-10T14:24:30.999Z</time>
      </trkpt>
      <trkpt lat="48.272745" lon="15.702683">
        <ele>230.656495</ele>
        <time>2026-05-10T14:24:32.999Z</time>
      </trkpt>
      <trkpt lat="48.272656" lon="15.702641">
        <ele>230.786530</ele>
        <time>2026-05-10T14:24:34.999Z</time>
      </trkpt>
      <trkpt lat="48.272567" lon="15.702612">
        <ele>230.913474</ele>
        <time>2026-05-10T14:24:36.999Z</time>
      </trkpt>
      <trkpt lat="48.272480" lon="15.702552">
        <ele>231.046912</ele>
        <time>2026-05-10T14:24:38.999Z</time>
      </trkpt>
      <trkpt lat="48.272384" lon="15.702535">
        <ele>231.181656</ele>
        <time>2026-05-10T14:24:40.999Z</time>
      </trkpt>
      <trkpt lat="48.272290" lon="15.702498">
        <ele>231.317108</ele>
        <time>2026-05-10T14:24:42.999Z</time>
      </trkpt>
      <trkpt lat="48.272197" lon="15.702460">
        <ele>231.451452</ele>
        <time>2026-05-10T14:24:44.999Z</time>
      </trkpt>
      <trkpt lat="48.272068" lon="15.702388">
        <ele>231.643276</ele>
        <time>2026-05-10T14:24:47.999Z</time>
      </trkpt>
      <trkpt lat="48.271966" lon="15.702386">
        <ele>231.785469</ele>
        <time>2026-05-10T14:24:49.999Z</time>
      </trkpt>
      <trkpt lat="48.271866" lon="15.702362">
        <ele>231.926630</ele>
        <time>2026-05-10T14:24:51.998Z</time>
      </trkpt>
      <trkpt lat="48.271766" lon="15.702328">
        <ele>232.069548</ele>
        <time>2026-05-10T14:24:53.998Z</time>
      </trkpt>
      <trkpt lat="48.271670" lon="15.702296">
        <ele>232.106792</ele>
        <time>2026-05-10T14:24:55.998Z</time>
      </trkpt>
      <trkpt lat="48.271573" lon="15.702259">
        <ele>232.133815</ele>
        <time>2026-05-10T14:24:57.998Z</time>
      </trkpt>
      <trkpt lat="48.271474" lon="15.702227">
        <ele>232.161159</ele>
        <time>2026-05-10T14:24:59.998Z</time>
      </trkpt>
      <trkpt lat="48.271380" lon="15.702174">
        <ele>232.188271</ele>
        <time>2026-05-10T14:25:01.998Z</time>
      </trkpt>
      <trkpt lat="48.271279" lon="15.702160">
        <ele>232.215659</ele>
        <time>2026-05-10T14:25:03.998Z</time>
      </trkpt>
      <trkpt lat="48.271177" lon="15.702129">
        <ele>232.243760</ele>
        <time>2026-05-10T14:25:05.998Z</time>
      </trkpt>
      <trkpt lat="48.271076" lon="15.702094">
        <ele>232.271748</ele>
        <time>2026-05-10T14:25:07.998Z</time>
      </trkpt>
      <trkpt lat="48.270983" lon="15.702056">
        <ele>232.297773</ele>
        <time>2026-05-10T14:25:09.998Z</time>
      </trkpt>
      <trkpt lat="48.270885" lon="15.702025">
        <ele>232.324816</ele>
        <time>2026-05-10T14:25:11.998Z</time>
      </trkpt>
      <trkpt lat="48.270787" lon="15.701993">
        <ele>232.351896</ele>
        <time>2026-05-10T14:25:13.998Z</time>
      </trkpt>
      <trkpt lat="48.270691" lon="15.701948">
        <ele>232.379051</ele>
        <time>2026-05-10T14:25:15.998Z</time>
      </trkpt>
      <trkpt lat="48.270591" lon="15.701938">
        <ele>232.406113</ele>
        <time>2026-05-10T14:25:17.998Z</time>
      </trkpt>
      <trkpt lat="48.270495" lon="15.701889">
        <ele>232.433491</ele>
        <time>2026-05-10T14:25:19.998Z</time>
      </trkpt>
      <trkpt lat="48.270402" lon="15.701877">
        <ele>232.458696</ele>
        <time>2026-05-10T14:25:21.998Z</time>
      </trkpt>
      <trkpt lat="48.270307" lon="15.701852">
        <ele>232.484739</ele>
        <time>2026-05-10T14:25:23.998Z</time>
      </trkpt>
      <trkpt lat="48.270211" lon="15.701826">
        <ele>232.511079</ele>
        <time>2026-05-10T14:25:25.998Z</time>
      </trkpt>
      <trkpt lat="48.270118" lon="15.701806">
        <ele>232.536448</ele>
        <time>2026-05-10T14:25:27.998Z</time>
      </trkpt>
      <trkpt lat="48.270025" lon="15.701787">
        <ele>232.561791</ele>
        <time>2026-05-10T14:25:29.998Z</time>
      </trkpt>
      <trkpt lat="48.269932" lon="15.701771">
        <ele>232.620657</ele>
        <time>2026-05-10T14:25:31.998Z</time>
      </trkpt>
      <trkpt lat="48.269837" lon="15.701737">
        <ele>232.694700</ele>
        <time>2026-05-10T14:25:33.998Z</time>
      </trkpt>
      <trkpt lat="48.269745" lon="15.701720">
        <ele>232.764978</ele>
        <time>2026-05-10T14:25:35.998Z</time>
      </trkpt>
      <trkpt lat="48.269648" lon="15.701704">
        <ele>232.838964</ele>
        <time>2026-05-10T14:25:37.998Z</time>
      </trkpt>
      <trkpt lat="48.269555" lon="15.701712">
        <ele>232.909591</ele>
        <time>2026-05-10T14:25:39.998Z</time>
      </trkpt>
      <trkpt lat="48.269461" lon="15.701692">
        <ele>232.981572</ele>
        <time>2026-05-10T14:25:41.998Z</time>
      </trkpt>
      <trkpt lat="48.269361" lon="15.701673">
        <ele>233.057994</ele>
        <time>2026-05-10T14:25:43.998Z</time>
      </trkpt>
      <trkpt lat="48.269260" lon="15.701671">
        <ele>233.134577</ele>
        <time>2026-05-10T14:25:45.999Z</time>
      </trkpt>
      <trkpt lat="48.269161" lon="15.701661">
        <ele>233.209807</ele>
        <time>2026-05-10T14:25:47.999Z</time>
      </trkpt>
      <trkpt lat="48.269068" lon="15.701625">
        <ele>233.282621</ele>
        <time>2026-05-10T14:25:49.999Z</time>
      </trkpt>
      <trkpt lat="48.268959" lon="15.701640">
        <ele>233.365609</ele>
        <time>2026-05-10T14:25:51.999Z</time>
      </trkpt>
      <trkpt lat="48.268860" lon="15.701635">
        <ele>233.440712</ele>
        <time>2026-05-10T14:25:53.999Z</time>
      </trkpt>
      <trkpt lat="48.268760" lon="15.701629">
        <ele>233.516591</ele>
        <time>2026-05-10T14:25:55.999Z</time>
      </trkpt>
      <trkpt lat="48.268662" lon="15.701626">
        <ele>233.590908</ele>
        <time>2026-05-10T14:25:57.999Z</time>
      </trkpt>
      <trkpt lat="48.268553" lon="15.701607">
        <ele>233.674105</ele>
        <time>2026-05-10T14:25:59.999Z</time>
      </trkpt>
      <trkpt lat="48.268449" lon="15.701611">
        <ele>233.752982</ele>
        <time>2026-05-10T14:26:01.999Z</time>
      </trkpt>
      <trkpt lat="48.268347" lon="15.701607">
        <ele>233.830343</ele>
        <time>2026-05-10T14:26:03.999Z</time>
      </trkpt>
      <trkpt lat="48.268242" lon="15.701606">
        <ele>233.909954</ele>
        <time>2026-05-10T14:26:05.999Z</time>
      </trkpt>
      <trkpt lat="48.268134" lon="15.701613">
        <ele>233.948152</ele>
        <time>2026-05-10T14:26:07.999Z</time>
      </trkpt>
      <trkpt lat="48.268029" lon="15.701613">
        <ele>233.969426</ele>
        <time>2026-05-10T14:26:09.999Z</time>
      </trkpt>
      <trkpt lat="48.267927" lon="15.701598">
        <ele>233.990192</ele>
        <time>2026-05-10T14:26:11.999Z</time>
      </trkpt>
      <trkpt lat="48.267819" lon="15.701601">
        <ele>234.012078</ele>
        <time>2026-05-10T14:26:13.999Z</time>
      </trkpt>
      <trkpt lat="48.267711" lon="15.701615">
        <ele>234.034041</ele>
        <time>2026-05-10T14:26:15.999Z</time>
      </trkpt>
      <trkpt lat="48.267603" lon="15.701604">
        <ele>234.055974</ele>
        <time>2026-05-10T14:26:17.999Z</time>
      </trkpt>
      <trkpt lat="48.267493" lon="15.701620">
        <ele>234.078365</ele>
        <time>2026-05-10T14:26:19.999Z</time>
      </trkpt>
      <trkpt lat="48.267388" lon="15.701637">
        <ele>234.099763</ele>
        <time>2026-05-10T14:26:21.999Z</time>
      </trkpt>
      <trkpt lat="48.267292" lon="15.701650">
        <ele>234.119293</ele>
        <time>2026-05-10T14:26:23.999Z</time>
      </trkpt>
      <trkpt lat="48.267190" lon="15.701657">
        <ele>234.139981</ele>
        <time>2026-05-10T14:26:25.999Z</time>
      </trkpt>
      <trkpt lat="48.267079" lon="15.701669">
        <ele>234.162529</ele>
        <time>2026-05-10T14:26:27.999Z</time>
      </trkpt>
      <trkpt lat="48.266971" lon="15.701683">
        <ele>234.184492</ele>
        <time>2026-05-10T14:26:29.999Z</time>
      </trkpt>
      <trkpt lat="48.266860" lon="15.701706">
        <ele>234.207195</ele>
        <time>2026-05-10T14:26:31.999Z</time>
      </trkpt>
      <trkpt lat="48.266756" lon="15.701724">
        <ele>234.228407</ele>
        <time>2026-05-10T14:26:33.999Z</time>
      </trkpt>
      <trkpt lat="48.266654" lon="15.701739">
        <ele>234.249172</ele>
        <time>2026-05-10T14:26:35.999Z</time>
      </trkpt>
      <trkpt lat="48.266546" lon="15.701758">
        <ele>234.271204</ele>
        <time>2026-05-10T14:26:37.999Z</time>
      </trkpt>
      <trkpt lat="48.266441" lon="15.701779">
        <ele>234.292666</ele>
        <time>2026-05-10T14:26:39.999Z</time>
      </trkpt>
      <trkpt lat="48.266336" lon="15.701803">
        <ele>234.333088</ele>
        <time>2026-05-10T14:26:41.999Z</time>
      </trkpt>
      <trkpt lat="48.266232" lon="15.701822">
        <ele>234.377159</ele>
        <time>2026-05-10T14:26:43.999Z</time>
      </trkpt>
      <trkpt lat="48.266125" lon="15.701842">
        <ele>234.422517</ele>
        <time>2026-05-10T14:26:45.999Z</time>
      </trkpt>
      <trkpt lat="48.266018" lon="15.701866">
        <ele>234.468028</ele>
        <time>2026-05-10T14:26:47.999Z</time>
      </trkpt>
      <trkpt lat="48.265911" lon="15.701886">
        <ele>234.513386</ele>
        <time>2026-05-10T14:26:49.999Z</time>
      </trkpt>
      <trkpt lat="48.265811" lon="15.701903">
        <ele>234.555721</ele>
        <time>2026-05-10T14:26:51.999Z</time>
      </trkpt>
      <trkpt lat="48.265701" lon="15.701899">
        <ele>234.602008</ele>
        <time>2026-05-10T14:26:53.999Z</time>
      </trkpt>
      <trkpt lat="48.265585" lon="15.701910">
        <ele>234.650902</ele>
        <time>2026-05-10T14:26:55.998Z</time>
      </trkpt>
      <trkpt lat="48.265473" lon="15.701924">
        <ele>234.698179</ele>
        <time>2026-05-10T14:26:57.998Z</time>
      </trkpt>
      <trkpt lat="48.265364" lon="15.701942">
        <ele>234.744308</ele>
        <time>2026-05-10T14:26:59.998Z</time>
      </trkpt>
      <trkpt lat="48.265250" lon="15.701966">
        <ele>234.792733</ele>
        <time>2026-05-10T14:27:01.998Z</time>
      </trkpt>
      <trkpt lat="48.265138" lon="15.701991">
        <ele>234.840364</ele>
        <time>2026-05-10T14:27:03.998Z</time>
      </trkpt>
      <trkpt lat="48.265032" lon="15.702035">
        <ele>234.886626</ele>
        <time>2026-05-10T14:27:05.998Z</time>
      </trkpt>
      <trkpt lat="48.264924" lon="15.702046">
        <ele>234.932162</ele>
        <time>2026-05-10T14:27:07.998Z</time>
      </trkpt>
      <trkpt lat="48.264806" lon="15.702068">
        <ele>234.982182</ele>
        <time>2026-05-10T14:27:09.998Z</time>
      </trkpt>
      <trkpt lat="48.264702" lon="15.702107">
        <ele>235.027273</ele>
        <time>2026-05-10T14:27:11.998Z</time>
      </trkpt>
      <trkpt lat="48.264593" lon="15.702116">
        <ele>235.061041</ele>
        <time>2026-05-10T14:27:13.998Z</time>
      </trkpt>
      <trkpt lat="48.264458" lon="15.702170">
        <ele>235.084001</ele>
        <time>2026-05-10T14:27:15.998Z</time>
      </trkpt>
      <trkpt lat="48.264305" lon="15.702207">
        <ele>235.109470</ele>
        <time>2026-05-10T14:27:18.998Z</time>
      </trkpt>
      <trkpt lat="48.264194" lon="15.702249">
        <ele>235.128282</ele>
        <time>2026-05-10T14:27:20.998Z</time>
      </trkpt>
      <trkpt lat="48.264083" lon="15.702272">
        <ele>235.146697</ele>
        <time>2026-05-10T14:27:22.998Z</time>
      </trkpt>
      <trkpt lat="48.263976" lon="15.702302">
        <ele>235.164586</ele>
        <time>2026-05-10T14:27:24.998Z</time>
      </trkpt>
      <trkpt lat="48.263867" lon="15.702333">
        <ele>235.182818</ele>
        <time>2026-05-10T14:27:26.998Z</time>
      </trkpt>
      <trkpt lat="48.263764" lon="15.702374">
        <ele>235.200330</ele>
        <time>2026-05-10T14:27:28.998Z</time>
      </trkpt>
      <trkpt lat="48.263656" lon="15.702400">
        <ele>235.218306</ele>
        <time>2026-05-10T14:27:30.998Z</time>
      </trkpt>
      <trkpt lat="48.263543" lon="15.702441">
        <ele>235.237411</ele>
        <time>2026-05-10T14:27:32.998Z</time>
      </trkpt>
      <trkpt lat="48.263442" lon="15.702487">
        <ele>235.254756</ele>
        <time>2026-05-10T14:27:34.998Z</time>
      </trkpt>
      <trkpt lat="48.263335" lon="15.702509">
        <ele>235.272506</ele>
        <time>2026-05-10T14:27:36.998Z</time>
      </trkpt>
      <trkpt lat="48.263233" lon="15.702552">
        <ele>235.289917</ele>
        <time>2026-05-10T14:27:38.998Z</time>
      </trkpt>
      <trkpt lat="48.263129" lon="15.702591">
        <ele>235.307533</ele>
        <time>2026-05-10T14:27:40.998Z</time>
      </trkpt>
      <trkpt lat="48.263025" lon="15.702624">
        <ele>235.325002</ele>
        <time>2026-05-10T14:27:42.998Z</time>
      </trkpt>
      <trkpt lat="48.262922" lon="15.702667">
        <ele>235.342572</ele>
        <time>2026-05-10T14:27:44.998Z</time>
      </trkpt>
      <trkpt lat="48.262829" lon="15.702698">
        <ele>235.400699</ele>
        <time>2026-05-10T14:27:46.998Z</time>
      </trkpt>
      <trkpt lat="48.262725" lon="15.702740">
        <ele>235.498551</ele>
        <time>2026-05-10T14:27:48.998Z</time>
      </trkpt>
      <trkpt lat="48.262630" lon="15.702776">
        <ele>235.587575</ele>
        <time>2026-05-10T14:27:50.999Z</time>
      </trkpt>
      <trkpt lat="48.262531" lon="15.702812">
        <ele>235.680126</ele>
        <time>2026-05-10T14:27:52.999Z</time>
      </trkpt>
      <trkpt lat="48.262428" lon="15.702847">
        <ele>235.776079</ele>
        <time>2026-05-10T14:27:54.999Z</time>
      </trkpt>
      <trkpt lat="48.262326" lon="15.702890">
        <ele>235.872339</ele>
        <time>2026-05-10T14:27:56.999Z</time>
      </trkpt>
      <trkpt lat="48.262223" lon="15.702931">
        <ele>235.969157</ele>
        <time>2026-05-10T14:27:58.999Z</time>
      </trkpt>
      <trkpt lat="48.262121" lon="15.702978">
        <ele>236.066099</ele>
        <time>2026-05-10T14:28:00.999Z</time>
      </trkpt>
      <trkpt lat="48.262016" lon="15.703021">
        <ele>236.164986</ele>
        <time>2026-05-10T14:28:02.999Z</time>
      </trkpt>
      <trkpt lat="48.261916" lon="15.703066">
        <ele>236.259838</ele>
        <time>2026-05-10T14:28:04.999Z</time>
      </trkpt>
      <trkpt lat="48.261812" lon="15.703112">
        <ele>236.358346</ele>
        <time>2026-05-10T14:28:06.999Z</time>
      </trkpt>
      <trkpt lat="48.261709" lon="15.703173">
        <ele>236.458945</ele>
        <time>2026-05-10T14:28:08.999Z</time>
      </trkpt>
      <trkpt lat="48.261593" lon="15.703234">
        <ele>236.570617</ele>
        <time>2026-05-10T14:28:10.999Z</time>
      </trkpt>
      <trkpt lat="48.261482" lon="15.703292">
        <ele>236.677402</ele>
        <time>2026-05-10T14:28:12.999Z</time>
      </trkpt>
      <trkpt lat="48.261390" lon="15.703351">
        <ele>236.768295</ele>
        <time>2026-05-10T14:28:14.999Z</time>
      </trkpt>
      <trkpt lat="48.261296" lon="15.703393">
        <ele>236.857404</ele>
        <time>2026-05-10T14:28:16.999Z</time>
      </trkpt>
      <trkpt lat="48.261199" lon="15.703451">
        <ele>236.952266</ele>
        <time>2026-05-10T14:28:18.999Z</time>
      </trkpt>
      <trkpt lat="48.261095" lon="15.703498">
        <ele>236.948668</ele>
        <time>2026-05-10T14:28:20.999Z</time>
      </trkpt>
      <trkpt lat="48.260995" lon="15.703560">
        <ele>236.898710</ele>
        <time>2026-05-10T14:28:22.999Z</time>
      </trkpt>
      <trkpt lat="48.260885" lon="15.703599">
        <ele>236.846516</ele>
        <time>2026-05-10T14:28:24.999Z</time>
      </trkpt>
      <trkpt lat="48.260782" lon="15.703656">
        <ele>236.795826</ele>
        <time>2026-05-10T14:28:26.999Z</time>
      </trkpt>
      <trkpt lat="48.260677" lon="15.703714">
        <ele>236.744162</ele>
        <time>2026-05-10T14:28:28.999Z</time>
      </trkpt>
      <trkpt lat="48.260573" lon="15.703772">
        <ele>236.692932</ele>
        <time>2026-05-10T14:28:30.999Z</time>
      </trkpt>
      <trkpt lat="48.260469" lon="15.703830">
        <ele>236.641702</ele>
        <time>2026-05-10T14:28:32.999Z</time>
      </trkpt>
      <trkpt lat="48.260357" lon="15.703892">
        <ele>236.586580</ele>
        <time>2026-05-10T14:28:34.999Z</time>
      </trkpt>
      <trkpt lat="48.260248" lon="15.703952">
        <ele>236.532971</ele>
        <time>2026-05-10T14:28:36.999Z</time>
      </trkpt>
      <trkpt lat="48.260143" lon="15.704037">
        <ele>236.477889</ele>
        <time>2026-05-10T14:28:38.999Z</time>
      </trkpt>
      <trkpt lat="48.260039" lon="15.704078">
        <ele>236.428236</ele>
        <time>2026-05-10T14:28:40.999Z</time>
      </trkpt>
      <trkpt lat="48.259929" lon="15.704125">
        <ele>236.375423</ele>
        <time>2026-05-10T14:28:42.999Z</time>
      </trkpt>
      <trkpt lat="48.259812" lon="15.704154">
        <ele>236.320662</ele>
        <time>2026-05-10T14:28:44.999Z</time>
      </trkpt>
      <trkpt lat="48.259693" lon="15.704181">
        <ele>236.265085</ele>
        <time>2026-05-10T14:28:46.999Z</time>
      </trkpt>
      <trkpt lat="48.259571" lon="15.704204">
        <ele>236.208304</ele>
        <time>2026-05-10T14:28:48.999Z</time>
      </trkpt>
      <trkpt lat="48.259450" lon="15.704215">
        <ele>236.152882</ele>
        <time>2026-05-10T14:28:50.999Z</time>
      </trkpt>
      <trkpt lat="48.259326" lon="15.704203">
        <ele>236.252928</ele>
        <time>2026-05-10T14:28:52.999Z</time>
      </trkpt>
      <trkpt lat="48.259204" lon="15.704199">
        <ele>236.351180</ele>
        <time>2026-05-10T14:28:54.999Z</time>
      </trkpt>
      <trkpt lat="48.259093" lon="15.704177">
        <ele>236.441326</ele>
        <time>2026-05-10T14:28:56.999Z</time>
      </trkpt>
      <trkpt lat="48.258973" lon="15.704165">
        <ele>236.538158</ele>
        <time>2026-05-10T14:28:58.999Z</time>
      </trkpt>
      <trkpt lat="48.258855" lon="15.704143">
        <ele>236.633895</ele>
        <time>2026-05-10T14:29:00.999Z</time>
      </trkpt>
      <trkpt lat="48.258737" lon="15.704122">
        <ele>236.729567</ele>
        <time>2026-05-10T14:29:02.999Z</time>
      </trkpt>
      <trkpt lat="48.258621" lon="15.704094">
        <ele>236.824163</ele>
        <time>2026-05-10T14:29:04.998Z</time>
      </trkpt>
      <trkpt lat="48.258514" lon="15.704056">
        <ele>236.912690</ele>
        <time>2026-05-10T14:29:06.998Z</time>
      </trkpt>
      <trkpt lat="48.258411" lon="15.704013">
        <ele>236.998764</ele>
        <time>2026-05-10T14:29:08.998Z</time>
      </trkpt>
      <trkpt lat="48.258307" lon="15.703968">
        <ele>237.085905</ele>
        <time>2026-05-10T14:29:10.998Z</time>
      </trkpt>
      <trkpt lat="48.258204" lon="15.703925">
        <ele>237.171979</ele>
        <time>2026-05-10T14:29:12.998Z</time>
      </trkpt>
      <trkpt lat="48.258099" lon="15.703865">
        <ele>237.262432</ele>
        <time>2026-05-10T14:29:14.998Z</time>
      </trkpt>
      <trkpt lat="48.258001" lon="15.703804">
        <ele>237.347843</ele>
        <time>2026-05-10T14:29:16.998Z</time>
      </trkpt>
      <trkpt lat="48.257901" lon="15.703727">
        <ele>237.438322</ele>
        <time>2026-05-10T14:29:18.998Z</time>
      </trkpt>
      <trkpt lat="48.257802" lon="15.703656">
        <ele>237.526652</ele>
        <time>2026-05-10T14:29:20.998Z</time>
      </trkpt>
      <trkpt lat="48.257704" lon="15.703565">
        <ele>237.586041</ele>
        <time>2026-05-10T14:29:22.998Z</time>
      </trkpt>
      <trkpt lat="48.257616" lon="15.703447">
        <ele>237.511596</ele>
        <time>2026-05-10T14:29:24.998Z</time>
      </trkpt>
      <trkpt lat="48.257515" lon="15.703361">
        <ele>237.438328</ele>
        <time>2026-05-10T14:29:26.998Z</time>
      </trkpt>
      <trkpt lat="48.257430" lon="15.703256">
        <ele>237.368875</ele>
        <time>2026-05-10T14:29:28.998Z</time>
      </trkpt>
      <trkpt lat="48.257341" lon="15.703150">
        <ele>237.297195</ele>
        <time>2026-05-10T14:29:30.998Z</time>
      </trkpt>
      <trkpt lat="48.257260" lon="15.703039">
        <ele>237.227999</ele>
        <time>2026-05-10T14:29:32.998Z</time>
      </trkpt>
      <trkpt lat="48.257166" lon="15.702933">
        <ele>237.153820</ele>
        <time>2026-05-10T14:29:34.998Z</time>
      </trkpt>
      <trkpt lat="48.257075" lon="15.702832">
        <ele>237.082415</ele>
        <time>2026-05-10T14:29:36.998Z</time>
      </trkpt>
      <trkpt lat="48.256990" lon="15.702721">
        <ele>237.011334</ele>
        <time>2026-05-10T14:29:38.998Z</time>
      </trkpt>
      <trkpt lat="48.256908" lon="15.702612">
        <ele>236.942231</ele>
        <time>2026-05-10T14:29:40.998Z</time>
      </trkpt>
      <trkpt lat="48.256818" lon="15.702516">
        <ele>236.872569</ele>
        <time>2026-05-10T14:29:42.998Z</time>
      </trkpt>
      <trkpt lat="48.256729" lon="15.702414">
        <ele>236.801920</ele>
        <time>2026-05-10T14:29:44.998Z</time>
      </trkpt>
      <trkpt lat="48.256646" lon="15.702302">
        <ele>236.731506</ele>
        <time>2026-05-10T14:29:46.998Z</time>
      </trkpt>
      <trkpt lat="48.256559" lon="15.702207">
        <ele>236.663627</ele>
        <time>2026-05-10T14:29:48.998Z</time>
      </trkpt>
      <trkpt lat="48.256463" lon="15.702129">
        <ele>236.594747</ele>
        <time>2026-05-10T14:29:50.998Z</time>
      </trkpt>
      <trkpt lat="48.256363" lon="15.702046">
        <ele>236.522645</ele>
        <time>2026-05-10T14:29:52.998Z</time>
      </trkpt>
      <trkpt lat="48.256244" lon="15.701929">
        <ele>236.525287</ele>
        <time>2026-05-10T14:29:54.998Z</time>
      </trkpt>
      <trkpt lat="48.256111" lon="15.701842">
        <ele>236.692070</ele>
        <time>2026-05-10T14:29:57.999Z</time>
      </trkpt>
      <trkpt lat="48.256018" lon="15.701744">
        <ele>236.822683</ele>
        <time>2026-05-10T14:29:59.999Z</time>
      </trkpt>
      <trkpt lat="48.255913" lon="15.701691">
        <ele>236.950037</ele>
        <time>2026-05-10T14:30:01.999Z</time>
      </trkpt>
      <trkpt lat="48.255809" lon="15.701620">
        <ele>237.081378</ele>
        <time>2026-05-10T14:30:03.999Z</time>
      </trkpt>
      <trkpt lat="48.255710" lon="15.701552">
        <ele>237.206535</ele>
        <time>2026-05-10T14:30:05.999Z</time>
      </trkpt>
      <trkpt lat="48.255608" lon="15.701496">
        <ele>237.331394</ele>
        <time>2026-05-10T14:30:07.999Z</time>
      </trkpt>
      <trkpt lat="48.255502" lon="15.701438">
        <ele>237.461098</ele>
        <time>2026-05-10T14:30:09.999Z</time>
      </trkpt>
      <trkpt lat="48.255393" lon="15.701392">
        <ele>237.591268</ele>
        <time>2026-05-10T14:30:11.999Z</time>
      </trkpt>
      <trkpt lat="48.255290" lon="15.701345">
        <ele>237.715032</ele>
        <time>2026-05-10T14:30:13.999Z</time>
      </trkpt>
      <trkpt lat="48.255183" lon="15.701304">
        <ele>237.841990</ele>
        <time>2026-05-10T14:30:15.999Z</time>
      </trkpt>
      <trkpt lat="48.255081" lon="15.701235">
        <ele>237.970605</ele>
        <time>2026-05-10T14:30:17.999Z</time>
      </trkpt>
      <trkpt lat="48.254968" lon="15.701198">
        <ele>238.103573</ele>
        <time>2026-05-10T14:30:19.999Z</time>
      </trkpt>
      <trkpt lat="48.254859" lon="15.701142">
        <ele>238.236019</ele>
        <time>2026-05-10T14:30:21.999Z</time>
      </trkpt>
      <trkpt lat="48.254752" lon="15.701083">
        <ele>238.367065</ele>
        <time>2026-05-10T14:30:23.999Z</time>
      </trkpt>
      <trkpt lat="48.254643" lon="15.701019">
        <ele>238.501619</ele>
        <time>2026-05-10T14:30:25.999Z</time>
      </trkpt>
      <trkpt lat="48.254534" lon="15.700940">
        <ele>238.564312</ele>
        <time>2026-05-10T14:30:27.999Z</time>
      </trkpt>
      <trkpt lat="48.254430" lon="15.700853">
        <ele>238.603598</ele>
        <time>2026-05-10T14:30:29.999Z</time>
      </trkpt>
      <trkpt lat="48.254329" lon="15.700764">
        <ele>238.642243</ele>
        <time>2026-05-10T14:30:31.999Z</time>
      </trkpt>
      <trkpt lat="48.254235" lon="15.700660">
        <ele>238.680772</ele>
        <time>2026-05-10T14:30:33.999Z</time>
      </trkpt>
      <trkpt lat="48.254142" lon="15.700568">
        <ele>238.717523</ele>
        <time>2026-05-10T14:30:35.999Z</time>
      </trkpt>
      <trkpt lat="48.254051" lon="15.700464">
        <ele>238.755260</ele>
        <time>2026-05-10T14:30:37.999Z</time>
      </trkpt>
      <trkpt lat="48.253965" lon="15.700350">
        <ele>238.793115</ele>
        <time>2026-05-10T14:30:39.999Z</time>
      </trkpt>
      <trkpt lat="48.253873" lon="15.700237">
        <ele>238.832336</ele>
        <time>2026-05-10T14:30:41.999Z</time>
      </trkpt>
      <trkpt lat="48.253792" lon="15.700108">
        <ele>238.871298</ele>
        <time>2026-05-10T14:30:43.999Z</time>
      </trkpt>
      <trkpt lat="48.253710" lon="15.699980">
        <ele>238.910328</ele>
        <time>2026-05-10T14:30:45.999Z</time>
      </trkpt>
      <trkpt lat="48.253633" lon="15.699840">
        <ele>238.950229</ele>
        <time>2026-05-10T14:30:47.999Z</time>
      </trkpt>
      <trkpt lat="48.253565" lon="15.699701">
        <ele>238.988130</ele>
        <time>2026-05-10T14:30:49.999Z</time>
      </trkpt>
      <trkpt lat="48.253496" lon="15.699562">
        <ele>239.026227</ele>
        <time>2026-05-10T14:30:51.999Z</time>
      </trkpt>
      <trkpt lat="48.253432" lon="15.699419">
        <ele>239.064088</ele>
        <time>2026-05-10T14:30:53.999Z</time>
      </trkpt>
      <trkpt lat="48.253377" lon="15.699271">
        <ele>239.101331</ele>
        <time>2026-05-10T14:30:55.999Z</time>
      </trkpt>
      <trkpt lat="48.253326" lon="15.699124">
        <ele>239.151654</ele>
        <time>2026-05-10T14:30:57.999Z</time>
      </trkpt>
      <trkpt lat="48.253287" lon="15.698978">
        <ele>239.231352</ele>
        <time>2026-05-10T14:30:59.999Z</time>
      </trkpt>
      <trkpt lat="48.253244" lon="15.698832">
        <ele>239.312232</ele>
        <time>2026-05-10T14:31:01.999Z</time>
      </trkpt>
      <trkpt lat="48.253198" lon="15.698688">
        <ele>239.393148</ele>
        <time>2026-05-10T14:31:03.999Z</time>
      </trkpt>
      <trkpt lat="48.253159" lon="15.698532">
        <ele>239.477568</ele>
        <time>2026-05-10T14:31:05.999Z</time>
      </trkpt>
      <trkpt lat="48.253109" lon="15.698385">
        <ele>239.561197</ele>
        <time>2026-05-10T14:31:07.999Z</time>
      </trkpt>
      <trkpt lat="48.253048" lon="15.698258">
        <ele>239.640532</ele>
        <time>2026-05-10T14:31:09.999Z</time>
      </trkpt>
      <trkpt lat="48.253015" lon="15.698108">
        <ele>239.720567</ele>
        <time>2026-05-10T14:31:11.998Z</time>
      </trkpt>
      <trkpt lat="48.252969" lon="15.697974">
        <ele>239.796947</ele>
        <time>2026-05-10T14:31:13.998Z</time>
      </trkpt>
      <trkpt lat="48.252914" lon="15.697822">
        <ele>239.884591</ele>
        <time>2026-05-10T14:31:15.998Z</time>
      </trkpt>
      <trkpt lat="48.252863" lon="15.697681">
        <ele>239.965885</ele>
        <time>2026-05-10T14:31:17.998Z</time>
      </trkpt>
      <trkpt lat="48.252812" lon="15.697545">
        <ele>240.044962</ele>
        <time>2026-05-10T14:31:19.998Z</time>
      </trkpt>
      <trkpt lat="48.252758" lon="15.697405">
        <ele>240.126932</ele>
        <time>2026-05-10T14:31:21.998Z</time>
      </trkpt>
      <trkpt lat="48.252696" lon="15.697261">
        <ele>240.213810</ele>
        <time>2026-05-10T14:31:23.998Z</time>
      </trkpt>
      <trkpt lat="48.252627" lon="15.697135">
        <ele>240.296462</ele>
        <time>2026-05-10T14:31:25.998Z</time>
      </trkpt>
      <trkpt lat="48.252559" lon="15.697002">
        <ele>240.381417</ele>
        <time>2026-05-10T14:31:27.998Z</time>
      </trkpt>
      <trkpt lat="48.252489" lon="15.696871">
        <ele>240.466515</ele>
        <time>2026-05-10T14:31:29.998Z</time>
      </trkpt>
      <trkpt lat="48.252418" lon="15.696733">
        <ele>240.566091</ele>
        <time>2026-05-10T14:31:31.998Z</time>
      </trkpt>
      <trkpt lat="48.252352" lon="15.696601">
        <ele>240.665573</ele>
        <time>2026-05-10T14:31:33.998Z</time>
      </trkpt>
      <trkpt lat="48.252271" lon="15.696475">
        <ele>240.771122</ele>
        <time>2026-05-10T14:31:35.998Z</time>
      </trkpt>
      <trkpt lat="48.252193" lon="15.696364">
        <ele>240.868379</ele>
        <time>2026-05-10T14:31:37.998Z</time>
      </trkpt>
      <trkpt lat="48.252111" lon="15.696223">
        <ele>240.981201</ele>
        <time>2026-05-10T14:31:39.998Z</time>
      </trkpt>
      <trkpt lat="48.252026" lon="15.696120">
        <ele>241.080054</ele>
        <time>2026-05-10T14:31:41.998Z</time>
      </trkpt>
      <trkpt lat="48.251931" lon="15.696006">
        <ele>241.190114</ele>
        <time>2026-05-10T14:31:43.998Z</time>
      </trkpt>
      <trkpt lat="48.251847" lon="15.695891">
        <ele>241.292990</ele>
        <time>2026-05-10T14:31:45.998Z</time>
      </trkpt>
      <trkpt lat="48.251758" lon="15.695788">
        <ele>241.394685</ele>
        <time>2026-05-10T14:31:47.998Z</time>
      </trkpt>
      <trkpt lat="48.251664" lon="15.695691">
        <ele>241.497912</ele>
        <time>2026-05-10T14:31:49.998Z</time>
      </trkpt>
      <trkpt lat="48.251580" lon="15.695608">
        <ele>241.588919</ele>
        <time>2026-05-10T14:31:51.998Z</time>
      </trkpt>
      <trkpt lat="48.251472" lon="15.695502">
        <ele>241.705692</ele>
        <time>2026-05-10T14:31:53.998Z</time>
      </trkpt>
      <trkpt lat="48.251387" lon="15.695414">
        <ele>241.799133</ele>
        <time>2026-05-10T14:31:55.998Z</time>
      </trkpt>
      <trkpt lat="48.251285" lon="15.695330">
        <ele>241.904421</ele>
        <time>2026-05-10T14:31:57.998Z</time>
      </trkpt>
      <trkpt lat="48.251190" lon="15.695248">
        <ele>242.003595</ele>
        <time>2026-05-10T14:31:59.998Z</time>
      </trkpt>
      <trkpt lat="48.251101" lon="15.695170">
        <ele>242.096861</ele>
        <time>2026-05-10T14:32:01.998Z</time>
      </trkpt>
      <trkpt lat="48.251011" lon="15.695092">
        <ele>242.112718</ele>
        <time>2026-05-10T14:32:03.999Z</time>
      </trkpt>
      <trkpt lat="48.250923" lon="15.695013">
        <ele>242.097725</ele>
        <time>2026-05-10T14:32:05.999Z</time>
      </trkpt>
      <trkpt lat="48.250828" lon="15.694933">
        <ele>242.081798</ele>
        <time>2026-05-10T14:32:07.999Z</time>
      </trkpt>
      <trkpt lat="48.250733" lon="15.694850">
        <ele>242.065725</ele>
        <time>2026-05-10T14:32:09.999Z</time>
      </trkpt>
      <trkpt lat="48.250638" lon="15.694767">
        <ele>242.049653</ele>
        <time>2026-05-10T14:32:11.999Z</time>
      </trkpt>
      <trkpt lat="48.250549" lon="15.694681">
        <ele>242.034176</ele>
        <time>2026-05-10T14:32:13.999Z</time>
      </trkpt>
      <trkpt lat="48.250453" lon="15.694602">
        <ele>242.018168</ele>
        <time>2026-05-10T14:32:15.999Z</time>
      </trkpt>
      <trkpt lat="48.250358" lon="15.694514">
        <ele>242.001845</ele>
        <time>2026-05-10T14:32:17.999Z</time>
      </trkpt>
      <trkpt lat="48.250268" lon="15.694419">
        <ele>241.985758</ele>
        <time>2026-05-10T14:32:19.999Z</time>
      </trkpt>
      <trkpt lat="48.250185" lon="15.694325">
        <ele>241.970555</ele>
        <time>2026-05-10T14:32:21.999Z</time>
      </trkpt>
      <trkpt lat="48.250098" lon="15.694230">
        <ele>241.954825</ele>
        <time>2026-05-10T14:32:23.999Z</time>
      </trkpt>
      <trkpt lat="48.250002" lon="15.694121">
        <ele>241.937225</ele>
        <time>2026-05-10T14:32:25.999Z</time>
      </trkpt>
      <trkpt lat="48.249908" lon="15.694010">
        <ele>241.919738</ele>
        <time>2026-05-10T14:32:27.999Z</time>
      </trkpt>
      <trkpt lat="48.249828" lon="15.693875">
        <ele>241.902141</ele>
        <time>2026-05-10T14:32:29.999Z</time>
      </trkpt>
      <trkpt lat="48.249749" lon="15.693741">
        <ele>241.884713</ele>
        <time>2026-05-10T14:32:31.999Z</time>
      </trkpt>
      <trkpt lat="48.249672" lon="15.693608">
        <ele>241.867551</ele>
        <time>2026-05-10T14:32:33.999Z</time>
      </trkpt>
      <trkpt lat="48.249595" lon="15.693473">
        <ele>241.852674</ele>
        <time>2026-05-10T14:32:35.999Z</time>
      </trkpt>
      <trkpt lat="48.249508" lon="15.693349">
        <ele>241.839267</ele>
        <time>2026-05-10T14:32:37.999Z</time>
      </trkpt>
      <trkpt lat="48.249427" lon="15.693214">
        <ele>241.825742</ele>
        <time>2026-05-10T14:32:39.999Z</time>
      </trkpt>
      <trkpt lat="48.249361" lon="15.693072">
        <ele>241.812853</ele>
        <time>2026-05-10T14:32:41.999Z</time>
      </trkpt>
      <trkpt lat="48.249300" lon="15.692931">
        <ele>241.800337</ele>
        <time>2026-05-10T14:32:43.999Z</time>
      </trkpt>
      <trkpt lat="48.249240" lon="15.692797">
        <ele>241.788319</ele>
        <time>2026-05-10T14:32:45.999Z</time>
      </trkpt>
      <trkpt lat="48.249183" lon="15.692651">
        <ele>241.775722</ele>
        <time>2026-05-10T14:32:47.999Z</time>
      </trkpt>
      <trkpt lat="48.249119" lon="15.692507">
        <ele>241.762836</ele>
        <time>2026-05-10T14:32:49.999Z</time>
      </trkpt>
      <trkpt lat="48.249059" lon="15.692362">
        <ele>241.750129</ele>
        <time>2026-05-10T14:32:51.999Z</time>
      </trkpt>
      <trkpt lat="48.248990" lon="15.692227">
        <ele>241.737462</ele>
        <time>2026-05-10T14:32:53.999Z</time>
      </trkpt>
      <trkpt lat="48.248932" lon="15.692082">
        <ele>241.724872</ele>
        <time>2026-05-10T14:32:55.999Z</time>
      </trkpt>
      <trkpt lat="48.248869" lon="15.691949">
        <ele>241.712724</ele>
        <time>2026-05-10T14:32:57.999Z</time>
      </trkpt>
      <trkpt lat="48.248808" lon="15.691810">
        <ele>241.700333</ele>
        <time>2026-05-10T14:32:59.999Z</time>
      </trkpt>
      <trkpt lat="48.248745" lon="15.691671">
        <ele>241.687818</ele>
        <time>2026-05-10T14:33:01.999Z</time>
      </trkpt>
      <trkpt lat="48.248687" lon="15.691529">
        <ele>241.675419</ele>
        <time>2026-05-10T14:33:03.999Z</time>
      </trkpt>
      <trkpt lat="48.248628" lon="15.691386">
        <ele>241.662898</ele>
        <time>2026-05-10T14:33:05.999Z</time>
      </trkpt>
      <trkpt lat="48.248563" lon="15.691259">
        <ele>241.682168</ele>
        <time>2026-05-10T14:33:07.999Z</time>
      </trkpt>
      <trkpt lat="48.248498" lon="15.691133">
        <ele>241.713615</ele>
        <time>2026-05-10T14:33:09.999Z</time>
      </trkpt>
      <trkpt lat="48.248441" lon="15.690996">
        <ele>241.745488</ele>
        <time>2026-05-10T14:33:11.999Z</time>
      </trkpt>
      <trkpt lat="48.248379" lon="15.690870">
        <ele>241.776399</ele>
        <time>2026-05-10T14:33:13.999Z</time>
      </trkpt>
      <trkpt lat="48.248334" lon="15.690735">
        <ele>241.806186</ele>
        <time>2026-05-10T14:33:15.999Z</time>
      </trkpt>
      <trkpt lat="48.248270" lon="15.690618">
        <ele>241.836060</ele>
        <time>2026-05-10T14:33:17.999Z</time>
      </trkpt>
      <trkpt lat="48.248203" lon="15.690521">
        <ele>241.863635</ele>
        <time>2026-05-10T14:33:19.998Z</time>
      </trkpt>
      <trkpt lat="48.248149" lon="15.690408">
        <ele>241.891077</ele>
        <time>2026-05-10T14:33:21.998Z</time>
      </trkpt>
      <trkpt lat="48.248087" lon="15.690304">
        <ele>241.918618</ele>
        <time>2026-05-10T14:33:23.998Z</time>
      </trkpt>
      <trkpt lat="48.248021" lon="15.690201">
        <ele>241.946821</ele>
        <time>2026-05-10T14:33:25.998Z</time>
      </trkpt>
      <trkpt lat="48.247954" lon="15.690084">
        <ele>241.977268</ele>
        <time>2026-05-10T14:33:27.998Z</time>
      </trkpt>
      <trkpt lat="48.247874" lon="15.689966">
        <ele>242.010493</ele>
        <time>2026-05-10T14:33:29.998Z</time>
      </trkpt>
      <trkpt lat="48.247806" lon="15.689841">
        <ele>242.042340</ele>
        <time>2026-05-10T14:33:31.998Z</time>
      </trkpt>
      <trkpt lat="48.247732" lon="15.689708">
        <ele>242.076536</ele>
        <time>2026-05-10T14:33:33.998Z</time>
      </trkpt>
      <trkpt lat="48.247647" lon="15.689591">
        <ele>242.110700</ele>
        <time>2026-05-10T14:33:35.998Z</time>
      </trkpt>
      <trkpt lat="48.247571" lon="15.689461">
        <ele>242.144832</ele>
        <time>2026-05-10T14:33:37.998Z</time>
      </trkpt>
      <trkpt lat="48.247479" lon="15.689350">
        <ele>242.179799</ele>
        <time>2026-05-10T14:33:39.998Z</time>
      </trkpt>
      <trkpt lat="48.247401" lon="15.689218">
        <ele>242.247192</ele>
        <time>2026-05-10T14:33:41.998Z</time>
      </trkpt>
      <trkpt lat="48.247315" lon="15.689097">
        <ele>242.333407</ele>
        <time>2026-05-10T14:33:43.998Z</time>
      </trkpt>
      <trkpt lat="48.247232" lon="15.688982">
        <ele>242.416024</ele>
        <time>2026-05-10T14:33:45.998Z</time>
      </trkpt>
      <trkpt lat="48.247141" lon="15.688887">
        <ele>242.497103</ele>
        <time>2026-05-10T14:33:47.998Z</time>
      </trkpt>
      <trkpt lat="48.247062" lon="15.688775">
        <ele>242.576584</ele>
        <time>2026-05-10T14:33:49.998Z</time>
      </trkpt>
      <trkpt lat="48.246992" lon="15.688648">
        <ele>242.656899</ele>
        <time>2026-05-10T14:33:51.998Z</time>
      </trkpt>
      <trkpt lat="48.246921" lon="15.688512">
        <ele>242.741087</ele>
        <time>2026-05-10T14:33:53.998Z</time>
      </trkpt>
      <trkpt lat="48.246829" lon="15.688340">
        <ele>242.848563</ele>
        <time>2026-05-10T14:33:55.998Z</time>
      </trkpt>
      <trkpt lat="48.246737" lon="15.688184">
        <ele>242.950080</ele>
        <time>2026-05-10T14:33:57.998Z</time>
      </trkpt>
      <trkpt lat="48.246652" lon="15.688013">
        <ele>243.054035</ele>
        <time>2026-05-10T14:33:59.998Z</time>
      </trkpt>
      <trkpt lat="48.246555" lon="15.687834">
        <ele>243.166463</ele>
        <time>2026-05-10T14:34:01.998Z</time>
      </trkpt>
      <trkpt lat="48.246444" lon="15.687653">
        <ele>243.286336</ele>
        <time>2026-05-10T14:34:03.998Z</time>
      </trkpt>
      <trkpt lat="48.246392" lon="15.687519">
        <ele>243.361892</ele>
        <time>2026-05-10T14:34:05.998Z</time>
      </trkpt>
      <trkpt lat="48.246304" lon="15.687475">
        <ele>243.429745</ele>
        <time>2026-05-10T14:34:07.998Z</time>
      </trkpt>
      <trkpt lat="48.246246" lon="15.687372">
        <ele>243.495459</ele>
        <time>2026-05-10T14:34:10.999Z</time>
      </trkpt>
      <trkpt lat="48.246180" lon="15.687267">
        <ele>243.553592</ele>
        <time>2026-05-10T14:34:12.999Z</time>
      </trkpt>
      <trkpt lat="48.246119" lon="15.687154">
        <ele>243.609416</ele>
        <time>2026-05-10T14:34:14.999Z</time>
      </trkpt>
      <trkpt lat="48.246063" lon="15.687038">
        <ele>243.664401</ele>
        <time>2026-05-10T14:34:16.999Z</time>
      </trkpt>
      <trkpt lat="48.246008" lon="15.686872">
        <ele>243.735556</ele>
        <time>2026-05-10T14:34:19.999Z</time>
      </trkpt>
      <trkpt lat="48.245957" lon="15.686733">
        <ele>243.796461</ele>
        <time>2026-05-10T14:34:21.999Z</time>
      </trkpt>
      <trkpt lat="48.245901" lon="15.686598">
        <ele>243.857500</ele>
        <time>2026-05-10T14:34:23.999Z</time>
      </trkpt>
      <trkpt lat="48.245858" lon="15.686442">
        <ele>243.922294</ele>
        <time>2026-05-10T14:34:25.999Z</time>
      </trkpt>
      <trkpt lat="48.245818" lon="15.686297">
        <ele>243.982526</ele>
        <time>2026-05-10T14:34:27.999Z</time>
      </trkpt>
      <trkpt lat="48.245815" lon="15.686121">
        <ele>244.050092</ele>
        <time>2026-05-10T14:34:29.999Z</time>
      </trkpt>
      <trkpt lat="48.245774" lon="15.685975">
        <ele>244.110901</ele>
        <time>2026-05-10T14:34:31.999Z</time>
      </trkpt>
      <trkpt lat="48.245747" lon="15.685784">
        <ele>244.185835</ele>
        <time>2026-05-10T14:34:34.999Z</time>
      </trkpt>
      <trkpt lat="48.245717" lon="15.685610">
        <ele>244.254813</ele>
        <time>2026-05-10T14:34:36.999Z</time>
      </trkpt>
      <trkpt lat="48.245703" lon="15.685446">
        <ele>244.318267</ele>
        <time>2026-05-10T14:34:38.999Z</time>
      </trkpt>
      <trkpt lat="48.245670" lon="15.685281">
        <ele>244.384384</ele>
        <time>2026-05-10T14:34:40.999Z</time>
      </trkpt>
      <trkpt lat="48.245671" lon="15.685118">
        <ele>244.446942</ele>
        <time>2026-05-10T14:34:42.999Z</time>
      </trkpt>
      <trkpt lat="48.245689" lon="15.684935">
        <ele>244.517934</ele>
        <time>2026-05-10T14:34:44.999Z</time>
      </trkpt>
      <trkpt lat="48.245693" lon="15.684763">
        <ele>244.578037</ele>
        <time>2026-05-10T14:34:46.999Z</time>
      </trkpt>
      <trkpt lat="48.245677" lon="15.684534">
        <ele>244.652986</ele>
        <time>2026-05-10T14:34:48.999Z</time>
      </trkpt>
      <trkpt lat="48.245671" lon="15.684323">
        <ele>244.721730</ele>
        <time>2026-05-10T14:34:50.999Z</time>
      </trkpt>
      <trkpt lat="48.245652" lon="15.684102">
        <ele>244.794263</ele>
        <time>2026-05-10T14:34:52.999Z</time>
      </trkpt>
      <trkpt lat="48.245612" lon="15.683917">
        <ele>244.857576</ele>
        <time>2026-05-10T14:34:54.999Z</time>
      </trkpt>
      <trkpt lat="48.245571" lon="15.683729">
        <ele>244.921968</ele>
        <time>2026-05-10T14:34:56.999Z</time>
      </trkpt>
      <trkpt lat="48.245504" lon="15.683554">
        <ele>244.987674</ele>
        <time>2026-05-10T14:34:58.999Z</time>
      </trkpt>
      <trkpt lat="48.245471" lon="15.683378">
        <ele>245.047191</ele>
        <time>2026-05-10T14:35:00.999Z</time>
      </trkpt>
      <trkpt lat="48.245417" lon="15.683252">
        <ele>245.095963</ele>
        <time>2026-05-10T14:35:02.999Z</time>
      </trkpt>
      <trkpt lat="48.245359" lon="15.683127">
        <ele>245.145554</ele>
        <time>2026-05-10T14:35:04.999Z</time>
      </trkpt>
      <trkpt lat="48.245286" lon="15.682955">
        <ele>245.211945</ele>
        <time>2026-05-10T14:35:07.999Z</time>
      </trkpt>
      <trkpt lat="48.245241" lon="15.682830">
        <ele>245.258198</ele>
        <time>2026-05-10T14:35:09.999Z</time>
      </trkpt>
      <trkpt lat="48.245205" lon="15.682692">
        <ele>245.306441</ele>
        <time>2026-05-10T14:35:11.999Z</time>
      </trkpt>
      <trkpt lat="48.245162" lon="15.682551">
        <ele>245.356921</ele>
        <time>2026-05-10T14:35:13.999Z</time>
      </trkpt>
      <trkpt lat="48.245117" lon="15.682405">
        <ele>245.409288</ele>
        <time>2026-05-10T14:35:15.999Z</time>
      </trkpt>
      <trkpt lat="48.245073" lon="15.682248">
        <ele>245.398869</ele>
        <time>2026-05-10T14:35:17.999Z</time>
      </trkpt>
      <trkpt lat="48.245023" lon="15.682096">
        <ele>245.364877</ele>
        <time>2026-05-10T14:35:19.999Z</time>
      </trkpt>
      <trkpt lat="48.244979" lon="15.681944">
        <ele>245.331645</ele>
        <time>2026-05-10T14:35:21.998Z</time>
      </trkpt>
      <trkpt lat="48.244925" lon="15.681786">
        <ele>245.296036</ele>
        <time>2026-05-10T14:35:23.998Z</time>
      </trkpt>
      <trkpt lat="48.244871" lon="15.681636">
        <ele>245.261846</ele>
        <time>2026-05-10T14:35:25.998Z</time>
      </trkpt>
      <trkpt lat="48.244816" lon="15.681487">
        <ele>245.227688</ele>
        <time>2026-05-10T14:35:27.998Z</time>
      </trkpt>
      <trkpt lat="48.244753" lon="15.681344">
        <ele>245.193308</ele>
        <time>2026-05-10T14:35:29.998Z</time>
      </trkpt>
      <trkpt lat="48.244696" lon="15.681200">
        <ele>245.159720</ele>
        <time>2026-05-10T14:35:31.998Z</time>
      </trkpt>
      <trkpt lat="48.244649" lon="15.681062">
        <ele>245.128641</ele>
        <time>2026-05-10T14:35:33.998Z</time>
      </trkpt>
      <trkpt lat="48.244584" lon="15.680942">
        <ele>245.097625</ele>
        <time>2026-05-10T14:35:35.998Z</time>
      </trkpt>
      <trkpt lat="48.244538" lon="15.680806">
        <ele>245.067040</ele>
        <time>2026-05-10T14:35:37.998Z</time>
      </trkpt>
      <trkpt lat="48.244485" lon="15.680666">
        <ele>245.034750</ele>
        <time>2026-05-10T14:35:39.998Z</time>
      </trkpt>
      <trkpt lat="48.244414" lon="15.680543">
        <ele>245.002112</ele>
        <time>2026-05-10T14:35:41.998Z</time>
      </trkpt>
      <trkpt lat="48.244354" lon="15.680408">
        <ele>244.969568</ele>
        <time>2026-05-10T14:35:43.998Z</time>
      </trkpt>
      <trkpt lat="48.244287" lon="15.680284">
        <ele>244.937551</ele>
        <time>2026-05-10T14:35:45.998Z</time>
      </trkpt>
      <trkpt lat="48.244220" lon="15.680164">
        <ele>244.906152</ele>
        <time>2026-05-10T14:35:47.998Z</time>
      </trkpt>
      <trkpt lat="48.244145" lon="15.680031">
        <ele>244.935411</ele>
        <time>2026-05-10T14:35:49.998Z</time>
      </trkpt>
      <trkpt lat="48.244074" lon="15.679903">
        <ele>245.093165</ele>
        <time>2026-05-10T14:35:51.998Z</time>
      </trkpt>
      <trkpt lat="48.244000" lon="15.679766">
        <ele>245.260213</ele>
        <time>2026-05-10T14:35:53.998Z</time>
      </trkpt>
      <trkpt lat="48.243925" lon="15.679640">
        <ele>245.420251</ele>
        <time>2026-05-10T14:35:55.998Z</time>
      </trkpt>
      <trkpt lat="48.243847" lon="15.679523">
        <ele>245.577027</ele>
        <time>2026-05-10T14:35:57.998Z</time>
      </trkpt>
      <trkpt lat="48.243769" lon="15.679404">
        <ele>245.735148</ele>
        <time>2026-05-10T14:35:59.998Z</time>
      </trkpt>
      <trkpt lat="48.243693" lon="15.679283">
        <ele>245.892659</ele>
        <time>2026-05-10T14:36:01.998Z</time>
      </trkpt>
      <trkpt lat="48.243607" lon="15.679176">
        <ele>246.051477</ele>
        <time>2026-05-10T14:36:03.998Z</time>
      </trkpt>
      <trkpt lat="48.243526" lon="15.679052">
        <ele>246.215965</ele>
        <time>2026-05-10T14:36:05.998Z</time>
      </trkpt>
      <trkpt lat="48.243443" lon="15.678941">
        <ele>246.374015</ele>
        <time>2026-05-10T14:36:07.998Z</time>
      </trkpt>
      <trkpt lat="48.243358" lon="15.678827">
        <ele>246.536079</ele>
        <time>2026-05-10T14:36:09.998Z</time>
      </trkpt>
      <trkpt lat="48.243266" lon="15.678709">
        <ele>246.708133</ele>
        <time>2026-05-10T14:36:11.998Z</time>
      </trkpt>
      <trkpt lat="48.243176" lon="15.678610">
        <ele>246.866780</ele>
        <time>2026-05-10T14:36:13.998Z</time>
      </trkpt>
      <trkpt lat="48.243094" lon="15.678501">
        <ele>247.022510</ele>
        <time>2026-05-10T14:36:15.999Z</time>
      </trkpt>
      <trkpt lat="48.243009" lon="15.678395">
        <ele>247.179629</ele>
        <time>2026-05-10T14:36:17.999Z</time>
      </trkpt>
      <trkpt lat="48.242923" lon="15.678288">
        <ele>247.338448</ele>
        <time>2026-05-10T14:36:19.999Z</time>
      </trkpt>
      <trkpt lat="48.242842" lon="15.678176">
        <ele>247.460748</ele>
        <time>2026-05-10T14:36:21.999Z</time>
      </trkpt>
      <trkpt lat="48.242756" lon="15.678074">
        <ele>247.519326</ele>
        <time>2026-05-10T14:36:23.999Z</time>
      </trkpt>
      <trkpt lat="48.242670" lon="15.677972">
        <ele>247.577905</ele>
        <time>2026-05-10T14:36:25.999Z</time>
      </trkpt>
      <trkpt lat="48.242585" lon="15.677866">
        <ele>247.636964</ele>
        <time>2026-05-10T14:36:27.999Z</time>
      </trkpt>
      <trkpt lat="48.242501" lon="15.677750">
        <ele>247.697965</ele>
        <time>2026-05-10T14:36:29.999Z</time>
      </trkpt>
      <trkpt lat="48.242414" lon="15.677637">
        <ele>247.759451</ele>
        <time>2026-05-10T14:36:31.999Z</time>
      </trkpt>
      <trkpt lat="48.242325" lon="15.677529">
        <ele>247.820616</ele>
        <time>2026-05-10T14:36:33.999Z</time>
      </trkpt>
      <trkpt lat="48.242232" lon="15.677414">
        <ele>247.885013</ele>
        <time>2026-05-10T14:36:35.999Z</time>
      </trkpt>
      <trkpt lat="48.242143" lon="15.677298">
        <ele>247.948007</ele>
        <time>2026-05-10T14:36:37.999Z</time>
      </trkpt>
      <trkpt lat="48.242054" lon="15.677192">
        <ele>248.008726</ele>
        <time>2026-05-10T14:36:39.999Z</time>
      </trkpt>
      <trkpt lat="48.241965" lon="15.677072">
        <ele>248.072663</ele>
        <time>2026-05-10T14:36:41.999Z</time>
      </trkpt>
      <trkpt lat="48.241870" lon="15.676952">
        <ele>248.139020</ele>
        <time>2026-05-10T14:36:43.999Z</time>
      </trkpt>
      <trkpt lat="48.241779" lon="15.676833">
        <ele>248.203521</ele>
        <time>2026-05-10T14:36:45.999Z</time>
      </trkpt>
      <trkpt lat="48.241696" lon="15.676723">
        <ele>248.262696</ele>
        <time>2026-05-10T14:36:47.999Z</time>
      </trkpt>
      <trkpt lat="48.241605" lon="15.676591">
        <ele>248.330326</ele>
        <time>2026-05-10T14:36:49.999Z</time>
      </trkpt>
      <trkpt lat="48.241518" lon="15.676476">
        <ele>248.392281</ele>
        <time>2026-05-10T14:36:51.999Z</time>
      </trkpt>
      <trkpt lat="48.241420" lon="15.676344">
        <ele>248.496559</ele>
        <time>2026-05-10T14:36:53.999Z</time>
      </trkpt>
      <trkpt lat="48.241331" lon="15.676204">
        <ele>248.603661</ele>
        <time>2026-05-10T14:36:55.999Z</time>
      </trkpt>
      <trkpt lat="48.241239" lon="15.676062">
        <ele>248.713290</ele>
        <time>2026-05-10T14:36:57.999Z</time>
      </trkpt>
      <trkpt lat="48.241149" lon="15.675924">
        <ele>248.820174</ele>
        <time>2026-05-10T14:36:59.999Z</time>
      </trkpt>
      <trkpt lat="48.241063" lon="15.675782">
        <ele>248.926387</ele>
        <time>2026-05-10T14:37:01.999Z</time>
      </trkpt>
      <trkpt lat="48.240972" lon="15.675641">
        <ele>249.035040</ele>
        <time>2026-05-10T14:37:03.999Z</time>
      </trkpt>
      <trkpt lat="48.240879" lon="15.675501">
        <ele>249.144464</ele>
        <time>2026-05-10T14:37:05.999Z</time>
      </trkpt>
      <trkpt lat="48.240793" lon="15.675358">
        <ele>249.251087</ele>
        <time>2026-05-10T14:37:07.999Z</time>
      </trkpt>
      <trkpt lat="48.240703" lon="15.675216">
        <ele>249.359564</ele>
        <time>2026-05-10T14:37:09.999Z</time>
      </trkpt>
      <trkpt lat="48.240616" lon="15.675070">
        <ele>249.467977</ele>
        <time>2026-05-10T14:37:11.999Z</time>
      </trkpt>
      <trkpt lat="48.240522" lon="15.674930">
        <ele>249.577990</ele>
        <time>2026-05-10T14:37:13.999Z</time>
      </trkpt>
      <trkpt lat="48.240433" lon="15.674793">
        <ele>249.683898</ele>
        <time>2026-05-10T14:37:15.999Z</time>
      </trkpt>
      <trkpt lat="48.240348" lon="15.674652">
        <ele>249.789144</ele>
        <time>2026-05-10T14:37:17.999Z</time>
      </trkpt>
      <trkpt lat="48.240262" lon="15.674519">
        <ele>249.891727</ele>
        <time>2026-05-10T14:37:19.999Z</time>
      </trkpt>
      <trkpt lat="48.240180" lon="15.674382">
        <ele>249.927880</ele>
        <time>2026-05-10T14:37:21.999Z</time>
      </trkpt>
      <trkpt lat="48.240093" lon="15.674252">
        <ele>249.961164</ele>
        <time>2026-05-10T14:37:23.999Z</time>
      </trkpt>
      <trkpt lat="48.240011" lon="15.674116">
        <ele>249.994297</ele>
        <time>2026-05-10T14:37:25.998Z</time>
      </trkpt>
      <trkpt lat="48.239931" lon="15.674000">
        <ele>250.024455</ele>
        <time>2026-05-10T14:37:27.998Z</time>
      </trkpt>
      <trkpt lat="48.239847" lon="15.673874">
        <ele>250.056653</ele>
        <time>2026-05-10T14:37:29.998Z</time>
      </trkpt>
      <trkpt lat="48.239764" lon="15.673752">
        <ele>250.088151</ele>
        <time>2026-05-10T14:37:31.998Z</time>
      </trkpt>
      <trkpt lat="48.239676" lon="15.673615">
        <ele>250.122526</ele>
        <time>2026-05-10T14:37:33.998Z</time>
      </trkpt>
      <trkpt lat="48.239557" lon="15.673540">
        <ele>250.157524</ele>
        <time>2026-05-10T14:37:35.998Z</time>
      </trkpt>
      <trkpt lat="48.239460" lon="15.673444">
        <ele>250.189028</ele>
        <time>2026-05-10T14:37:37.998Z</time>
      </trkpt>
      <trkpt lat="48.239352" lon="15.673339">
        <ele>250.223919</ele>
        <time>2026-05-10T14:37:39.998Z</time>
      </trkpt>
      <trkpt lat="48.239240" lon="15.673233">
        <ele>250.259820</ele>
        <time>2026-05-10T14:37:41.998Z</time>
      </trkpt>
      <trkpt lat="48.239123" lon="15.673133">
        <ele>250.296328</ele>
        <time>2026-05-10T14:37:43.998Z</time>
      </trkpt>
      <trkpt lat="48.239009" lon="15.673041">
        <ele>250.331425</ele>
        <time>2026-05-10T14:37:45.998Z</time>
      </trkpt>
      <trkpt lat="48.238893" lon="15.672952">
        <ele>250.366750</ele>
        <time>2026-05-10T14:37:47.998Z</time>
      </trkpt>
      <trkpt lat="48.238778" lon="15.672861">
        <ele>250.427705</ele>
        <time>2026-05-10T14:37:49.998Z</time>
      </trkpt>
      <trkpt lat="48.238671" lon="15.672758">
        <ele>250.510735</ele>
        <time>2026-05-10T14:37:51.998Z</time>
      </trkpt>
      <trkpt lat="48.238565" lon="15.672659">
        <ele>250.592283</ele>
        <time>2026-05-10T14:37:53.998Z</time>
      </trkpt>
      <trkpt lat="48.238463" lon="15.672564">
        <ele>250.670694</ele>
        <time>2026-05-10T14:37:55.998Z</time>
      </trkpt>
      <trkpt lat="48.238356" lon="15.672481">
        <ele>250.749370</ele>
        <time>2026-05-10T14:37:57.998Z</time>
      </trkpt>
      <trkpt lat="48.238266" lon="15.672382">
        <ele>250.822253</ele>
        <time>2026-05-10T14:37:59.998Z</time>
      </trkpt>
      <trkpt lat="48.238177" lon="15.672295">
        <ele>250.891629</ele>
        <time>2026-05-10T14:38:01.998Z</time>
      </trkpt>
      <trkpt lat="48.238082" lon="15.672176">
        <ele>250.972450</ele>
        <time>2026-05-10T14:38:04.998Z</time>
      </trkpt>
      <trkpt lat="48.237990" lon="15.672134">
        <ele>251.035266</ele>
        <time>2026-05-10T14:38:06.998Z</time>
      </trkpt>
      <trkpt lat="48.237903" lon="15.672074">
        <ele>251.097808</ele>
        <time>2026-05-10T14:38:08.998Z</time>
      </trkpt>
      <trkpt lat="48.237813" lon="15.671995">
        <ele>251.165911</ele>
        <time>2026-05-10T14:38:10.998Z</time>
      </trkpt>
      <trkpt lat="48.237728" lon="15.671923">
        <ele>251.229665</ele>
        <time>2026-05-10T14:38:12.998Z</time>
      </trkpt>
      <trkpt lat="48.237644" lon="15.671828">
        <ele>251.298364</ele>
        <time>2026-05-10T14:38:14.998Z</time>
      </trkpt>
      <trkpt lat="48.237555" lon="15.671746">
        <ele>251.366577</ele>
        <time>2026-05-10T14:38:16.998Z</time>
      </trkpt>
      <trkpt lat="48.237467" lon="15.671664">
        <ele>251.434235</ele>
        <time>2026-05-10T14:38:18.998Z</time>
      </trkpt>
      <trkpt lat="48.237373" lon="15.671600">
        <ele>251.501660</ele>
        <time>2026-05-10T14:38:20.999Z</time>
      </trkpt>
      <trkpt lat="48.237280" lon="15.671526">
        <ele>251.553108</ele>
        <time>2026-05-10T14:38:22.999Z</time>
      </trkpt>
      <trkpt lat="48.237188" lon="15.671452">
        <ele>251.520335</ele>
        <time>2026-05-10T14:38:24.999Z</time>
      </trkpt>
      <trkpt lat="48.237088" lon="15.671372">
        <ele>251.484754</ele>
        <time>2026-05-10T14:38:26.999Z</time>
      </trkpt>
      <trkpt lat="48.236991" lon="15.671283">
        <ele>251.449058</ele>
        <time>2026-05-10T14:38:28.999Z</time>
      </trkpt>
      <trkpt lat="48.236889" lon="15.671199">
        <ele>251.412527</ele>
        <time>2026-05-10T14:38:30.999Z</time>
      </trkpt>
      <trkpt lat="48.236790" lon="15.671107">
        <ele>251.375967</ele>
        <time>2026-05-10T14:38:32.999Z</time>
      </trkpt>
      <trkpt lat="48.236685" lon="15.671011">
        <ele>251.337363</ele>
        <time>2026-05-10T14:38:34.999Z</time>
      </trkpt>
      <trkpt lat="48.236582" lon="15.670916">
        <ele>251.299405</ele>
        <time>2026-05-10T14:38:36.999Z</time>
      </trkpt>
      <trkpt lat="48.236482" lon="15.670827">
        <ele>251.262901</ele>
        <time>2026-05-10T14:38:38.999Z</time>
      </trkpt>
      <trkpt lat="48.236384" lon="15.670731">
        <ele>251.226157</ele>
        <time>2026-05-10T14:38:40.999Z</time>
      </trkpt>
      <trkpt lat="48.236289" lon="15.670630">
        <ele>251.189604</ele>
        <time>2026-05-10T14:38:42.999Z</time>
      </trkpt>
      <trkpt lat="48.236196" lon="15.670521">
        <ele>251.152556</ele>
        <time>2026-05-10T14:38:44.999Z</time>
      </trkpt>
      <trkpt lat="48.236098" lon="15.670412">
        <ele>251.114259</ele>
        <time>2026-05-10T14:38:46.999Z</time>
      </trkpt>
      <trkpt lat="48.236005" lon="15.670293">
        <ele>251.075889</ele>
        <time>2026-05-10T14:38:48.999Z</time>
      </trkpt>
      <trkpt lat="48.235914" lon="15.670177">
        <ele>251.038403</ele>
        <time>2026-05-10T14:38:50.999Z</time>
      </trkpt>
      <trkpt lat="48.235825" lon="15.670058">
        <ele>251.000980</ele>
        <time>2026-05-10T14:38:52.999Z</time>
      </trkpt>
      <trkpt lat="48.235740" lon="15.669926">
        <ele>251.017240</ele>
        <time>2026-05-10T14:38:54.999Z</time>
      </trkpt>
      <trkpt lat="48.235660" lon="15.669804">
        <ele>251.043854</ele>
        <time>2026-05-10T14:38:56.999Z</time>
      </trkpt>
      <trkpt lat="48.235580" lon="15.669686">
        <ele>251.070029</ele>
        <time>2026-05-10T14:38:58.999Z</time>
      </trkpt>
      <trkpt lat="48.235523" lon="15.669558">
        <ele>251.093966</ele>
        <time>2026-05-10T14:39:00.999Z</time>
      </trkpt>
      <trkpt lat="48.235454" lon="15.669437">
        <ele>251.118728</ele>
        <time>2026-05-10T14:39:02.999Z</time>
      </trkpt>
      <trkpt lat="48.235374" lon="15.669326">
        <ele>251.144152</ele>
        <time>2026-05-10T14:39:04.999Z</time>
      </trkpt>
      <trkpt lat="48.235312" lon="15.669201">
        <ele>251.168381</ele>
        <time>2026-05-10T14:39:06.999Z</time>
      </trkpt>
      <trkpt lat="48.235258" lon="15.669060">
        <ele>251.193665</ele>
        <time>2026-05-10T14:39:08.999Z</time>
      </trkpt>
      <trkpt lat="48.235184" lon="15.668929">
        <ele>251.220368</ele>
        <time>2026-05-10T14:39:10.999Z</time>
      </trkpt>
      <trkpt lat="48.235118" lon="15.668791">
        <ele>251.246779</ele>
        <time>2026-05-10T14:39:12.999Z</time>
      </trkpt>
      <trkpt lat="48.235048" lon="15.668649">
        <ele>251.274242</ele>
        <time>2026-05-10T14:39:14.999Z</time>
      </trkpt>
      <trkpt lat="48.234989" lon="15.668497">
        <ele>251.301591</ele>
        <time>2026-05-10T14:39:16.999Z</time>
      </trkpt>
      <trkpt lat="48.234925" lon="15.668342">
        <ele>251.329942</ele>
        <time>2026-05-10T14:39:18.999Z</time>
      </trkpt>
      <trkpt lat="48.234878" lon="15.668186">
        <ele>251.356559</ele>
        <time>2026-05-10T14:39:20.999Z</time>
      </trkpt>
      <trkpt lat="48.234824" lon="15.668040">
        <ele>251.382521</ele>
        <time>2026-05-10T14:39:22.999Z</time>
      </trkpt>
      <trkpt lat="48.234767" lon="15.667891">
        <ele>251.409233</ele>
        <time>2026-05-10T14:39:24.999Z</time>
      </trkpt>
      <trkpt lat="48.234723" lon="15.667734">
        <ele>251.461470</ele>
        <time>2026-05-10T14:39:26.999Z</time>
      </trkpt>
      <trkpt lat="48.234666" lon="15.667588">
        <ele>251.518604</ele>
        <time>2026-05-10T14:39:28.999Z</time>
      </trkpt>
      <trkpt lat="48.234615" lon="15.667430">
        <ele>251.577881</ele>
        <time>2026-05-10T14:39:30.999Z</time>
      </trkpt>
      <trkpt lat="48.234563" lon="15.667272">
        <ele>251.637380</ele>
        <time>2026-05-10T14:39:32.998Z</time>
      </trkpt>
      <trkpt lat="48.234510" lon="15.667128">
        <ele>251.692925</ele>
        <time>2026-05-10T14:39:34.998Z</time>
      </trkpt>
      <trkpt lat="48.234464" lon="15.666971">
        <ele>251.750832</ele>
        <time>2026-05-10T14:39:36.998Z</time>
      </trkpt>
      <trkpt lat="48.234408" lon="15.666821">
        <ele>251.808886</ele>
        <time>2026-05-10T14:39:38.998Z</time>
      </trkpt>
      <trkpt lat="48.234354" lon="15.666669">
        <ele>251.867046</ele>
        <time>2026-05-10T14:39:40.998Z</time>
      </trkpt>
      <trkpt lat="48.234304" lon="15.666522">
        <ele>251.922772</ele>
        <time>2026-05-10T14:39:42.998Z</time>
      </trkpt>
      <trkpt lat="48.234254" lon="15.666377">
        <ele>251.977898</ele>
        <time>2026-05-10T14:39:44.998Z</time>
      </trkpt>
      <trkpt lat="48.234204" lon="15.666239">
        <ele>252.030935</ele>
        <time>2026-05-10T14:39:46.998Z</time>
      </trkpt>
      <trkpt lat="48.234149" lon="15.666101">
        <ele>252.085230</ele>
        <time>2026-05-10T14:39:48.998Z</time>
      </trkpt>
      <trkpt lat="48.234083" lon="15.665965">
        <ele>252.142040</ele>
        <time>2026-05-10T14:39:50.998Z</time>
      </trkpt>
      <trkpt lat="48.234012" lon="15.665832">
        <ele>252.199585</ele>
        <time>2026-05-10T14:39:52.998Z</time>
      </trkpt>
      <trkpt lat="48.233942" lon="15.665702">
        <ele>252.256022</ele>
        <time>2026-05-10T14:39:54.998Z</time>
      </trkpt>
      <trkpt lat="48.233867" lon="15.665550">
        <ele>252.319887</ele>
        <time>2026-05-10T14:39:56.998Z</time>
      </trkpt>
      <trkpt lat="48.233790" lon="15.665430">
        <ele>252.412139</ele>
        <time>2026-05-10T14:39:58.998Z</time>
      </trkpt>
      <trkpt lat="48.233725" lon="15.665293">
        <ele>252.509211</ele>
        <time>2026-05-10T14:40:00.998Z</time>
      </trkpt>
      <trkpt lat="48.233652" lon="15.665164">
        <ele>252.606900</ele>
        <time>2026-05-10T14:40:02.998Z</time>
      </trkpt>
      <trkpt lat="48.233576" lon="15.665038">
        <ele>252.705002</ele>
        <time>2026-05-10T14:40:04.998Z</time>
      </trkpt>
      <trkpt lat="48.233495" lon="15.664919">
        <ele>252.803195</ele>
        <time>2026-05-10T14:40:06.998Z</time>
      </trkpt>
      <trkpt lat="48.233418" lon="15.664791">
        <ele>252.902734</ele>
        <time>2026-05-10T14:40:08.998Z</time>
      </trkpt>
      <trkpt lat="48.233339" lon="15.664681">
        <ele>252.996090</ele>
        <time>2026-05-10T14:40:10.998Z</time>
      </trkpt>
      <trkpt lat="48.233267" lon="15.664558">
        <ele>253.090593</ele>
        <time>2026-05-10T14:40:12.998Z</time>
      </trkpt>
      <trkpt lat="48.233185" lon="15.664444">
        <ele>253.187425</ele>
        <time>2026-05-10T14:40:14.998Z</time>
      </trkpt>
      <trkpt lat="48.233107" lon="15.664328">
        <ele>253.282552</ele>
        <time>2026-05-10T14:40:16.998Z</time>
      </trkpt>
      <trkpt lat="48.233031" lon="15.664219">
        <ele>253.373620</ele>
        <time>2026-05-10T14:40:18.998Z</time>
      </trkpt>
      <trkpt lat="48.232960" lon="15.664099">
        <ele>253.466252</ele>
        <time>2026-05-10T14:40:20.998Z</time>
      </trkpt>
      <trkpt lat="48.232874" lon="15.663983">
        <ele>253.566422</ele>
        <time>2026-05-10T14:40:22.998Z</time>
      </trkpt>
      <trkpt lat="48.232787" lon="15.663885">
        <ele>253.660661</ele>
        <time>2026-05-10T14:40:24.998Z</time>
      </trkpt>
      <trkpt lat="48.232712" lon="15.663782">
        <ele>253.748731</ele>
        <time>2026-05-10T14:40:26.999Z</time>
      </trkpt>
      <trkpt lat="48.232623" lon="15.663652">
        <ele>253.856320</ele>
        <time>2026-05-10T14:40:28.999Z</time>
      </trkpt>
      <trkpt lat="48.232554" lon="15.663544">
        <ele>253.939016</ele>
        <time>2026-05-10T14:40:30.999Z</time>
      </trkpt>
      <trkpt lat="48.232471" lon="15.663444">
        <ele>254.025476</ele>
        <time>2026-05-10T14:40:32.999Z</time>
      </trkpt>
      <trkpt lat="48.232394" lon="15.663344">
        <ele>254.108190</ele>
        <time>2026-05-10T14:40:34.999Z</time>
      </trkpt>
      <trkpt lat="48.232322" lon="15.663217">
        <ele>254.198439</ele>
        <time>2026-05-10T14:40:36.999Z</time>
      </trkpt>
      <trkpt lat="48.232228" lon="15.663117">
        <ele>254.292036</ele>
        <time>2026-05-10T14:40:38.999Z</time>
      </trkpt>
      <trkpt lat="48.232147" lon="15.663004">
        <ele>254.381868</ele>
        <time>2026-05-10T14:40:40.999Z</time>
      </trkpt>
      <trkpt lat="48.232061" lon="15.662904">
        <ele>254.470243</ele>
        <time>2026-05-10T14:40:42.999Z</time>
      </trkpt>
      <trkpt lat="48.231993" lon="15.662796">
        <ele>254.550665</ele>
        <time>2026-05-10T14:40:44.999Z</time>
      </trkpt>
      <trkpt lat="48.231896" lon="15.662666">
        <ele>254.656303</ele>
        <time>2026-05-10T14:40:47.999Z</time>
      </trkpt>
      <trkpt lat="48.231796" lon="15.662544">
        <ele>254.760988</ele>
        <time>2026-05-10T14:40:50.999Z</time>
      </trkpt>
      <trkpt lat="48.231697" lon="15.662408">
        <ele>254.870009</ele>
        <time>2026-05-10T14:40:53.999Z</time>
      </trkpt>
      <trkpt lat="48.231634" lon="15.662292">
        <ele>254.951004</ele>
        <time>2026-05-10T14:40:55.999Z</time>
      </trkpt>
      <trkpt lat="48.231555" lon="15.662190">
        <ele>255.035657</ele>
        <time>2026-05-10T14:40:57.999Z</time>
      </trkpt>
      <trkpt lat="48.231471" lon="15.662082">
        <ele>255.125507</ele>
        <time>2026-05-10T14:40:59.999Z</time>
      </trkpt>
      <trkpt lat="48.231393" lon="15.661969">
        <ele>255.213570</ele>
        <time>2026-05-10T14:41:01.999Z</time>
      </trkpt>
      <trkpt lat="48.231321" lon="15.661852">
        <ele>255.299770</ele>
        <time>2026-05-10T14:41:03.999Z</time>
      </trkpt>
      <trkpt lat="48.231240" lon="15.661735">
        <ele>255.342740</ele>
        <time>2026-05-10T14:41:05.999Z</time>
      </trkpt>
      <trkpt lat="48.231158" lon="15.661619">
        <ele>255.338174</ele>
        <time>2026-05-10T14:41:07.999Z</time>
      </trkpt>
      <trkpt lat="48.231076" lon="15.661504">
        <ele>255.333627</ele>
        <time>2026-05-10T14:41:09.999Z</time>
      </trkpt>
      <trkpt lat="48.230990" lon="15.661417">
        <ele>255.329425</ele>
        <time>2026-05-10T14:41:11.999Z</time>
      </trkpt>
      <trkpt lat="48.230899" lon="15.661295">
        <ele>255.324481</ele>
        <time>2026-05-10T14:41:13.999Z</time>
      </trkpt>
      <trkpt lat="48.230835" lon="15.661175">
        <ele>255.320331</ele>
        <time>2026-05-10T14:41:15.999Z</time>
      </trkpt>
      <trkpt lat="48.230749" lon="15.661063">
        <ele>255.315718</ele>
        <time>2026-05-10T14:41:17.999Z</time>
      </trkpt>
      <trkpt lat="48.230651" lon="15.660958">
        <ele>255.310839</ele>
        <time>2026-05-10T14:41:19.999Z</time>
      </trkpt>
      <trkpt lat="48.230564" lon="15.660832">
        <ele>255.305940</ele>
        <time>2026-05-10T14:41:21.999Z</time>
      </trkpt>
      <trkpt lat="48.230479" lon="15.660706">
        <ele>255.301100</ele>
        <time>2026-05-10T14:41:23.999Z</time>
      </trkpt>
      <trkpt lat="48.230386" lon="15.660594">
        <ele>255.296269</ele>
        <time>2026-05-10T14:41:25.999Z</time>
      </trkpt>
      <trkpt lat="48.230299" lon="15.660471">
        <ele>255.291426</ele>
        <time>2026-05-10T14:41:27.999Z</time>
      </trkpt>
      <trkpt lat="48.230210" lon="15.660360">
        <ele>255.286737</ele>
        <time>2026-05-10T14:41:29.999Z</time>
      </trkpt>
      <trkpt lat="48.230124" lon="15.660252">
        <ele>255.282194</ele>
        <time>2026-05-10T14:41:31.999Z</time>
      </trkpt>
      <trkpt lat="48.230047" lon="15.660122">
        <ele>255.277498</ele>
        <time>2026-05-10T14:41:33.999Z</time>
      </trkpt>
      <trkpt lat="48.229959" lon="15.660008">
        <ele>255.272788</ele>
        <time>2026-05-10T14:41:35.998Z</time>
      </trkpt>
      <trkpt lat="48.229871" lon="15.659890">
        <ele>255.268182</ele>
        <time>2026-05-10T14:41:37.998Z</time>
      </trkpt>
      <trkpt lat="48.229789" lon="15.659773">
        <ele>255.263791</ele>
        <time>2026-05-10T14:41:39.998Z</time>
      </trkpt>
      <trkpt lat="48.229700" lon="15.659656">
        <ele>255.259200</ele>
        <time>2026-05-10T14:41:41.998Z</time>
      </trkpt>
      <trkpt lat="48.229622" lon="15.659537">
        <ele>255.254884</ele>
        <time>2026-05-10T14:41:43.998Z</time>
      </trkpt>
      <trkpt lat="48.229548" lon="15.659435">
        <ele>255.250985</ele>
        <time>2026-05-10T14:41:45.998Z</time>
      </trkpt>
      <trkpt lat="48.229473" lon="15.659337">
        <ele>255.247126</ele>
        <time>2026-05-10T14:41:47.998Z</time>
      </trkpt>
      <trkpt lat="48.229393" lon="15.659236">
        <ele>255.243069</ele>
        <time>2026-05-10T14:41:49.998Z</time>
      </trkpt>
      <trkpt lat="48.229321" lon="15.659131">
        <ele>255.239174</ele>
        <time>2026-05-10T14:41:51.998Z</time>
      </trkpt>
      <trkpt lat="48.229249" lon="15.659034">
        <ele>255.235419</ele>
        <time>2026-05-10T14:41:53.998Z</time>
      </trkpt>
      <trkpt lat="48.229174" lon="15.658926">
        <ele>255.231386</ele>
        <time>2026-05-10T14:41:55.998Z</time>
      </trkpt>
      <trkpt lat="48.229095" lon="15.658822">
        <ele>255.227308</ele>
        <time>2026-05-10T14:41:57.998Z</time>
      </trkpt>
      <trkpt lat="48.229024" lon="15.658715">
        <ele>255.223403</ele>
        <time>2026-05-10T14:41:59.998Z</time>
      </trkpt>
      <trkpt lat="48.228952" lon="15.658623">
        <ele>255.219734</ele>
        <time>2026-05-10T14:42:01.998Z</time>
      </trkpt>
      <trkpt lat="48.228878" lon="15.658522">
        <ele>255.215852</ele>
        <time>2026-05-10T14:42:03.998Z</time>
      </trkpt>
      <trkpt lat="48.228803" lon="15.658415">
        <ele>255.211837</ele>
        <time>2026-05-10T14:42:05.998Z</time>
      </trkpt>
      <trkpt lat="48.228727" lon="15.658304">
        <ele>255.207721</ele>
        <time>2026-05-10T14:42:07.998Z</time>
      </trkpt>
      <trkpt lat="48.228650" lon="15.658201">
        <ele>255.203719</ele>
        <time>2026-05-10T14:42:09.998Z</time>
      </trkpt>
      <trkpt lat="48.228574" lon="15.658094">
        <ele>255.264457</ele>
        <time>2026-05-10T14:42:11.998Z</time>
      </trkpt>
      <trkpt lat="48.228505" lon="15.657979">
        <ele>255.357427</ele>
        <time>2026-05-10T14:42:13.998Z</time>
      </trkpt>
      <trkpt lat="48.228419" lon="15.657882">
        <ele>255.454426</ele>
        <time>2026-05-10T14:42:15.998Z</time>
      </trkpt>
      <trkpt lat="48.228342" lon="15.657763">
        <ele>255.554080</ele>
        <time>2026-05-10T14:42:17.998Z</time>
      </trkpt>
      <trkpt lat="48.228261" lon="15.657647">
        <ele>255.655027</ele>
        <time>2026-05-10T14:42:19.998Z</time>
      </trkpt>
      <trkpt lat="48.228181" lon="15.657546">
        <ele>255.749287</ele>
        <time>2026-05-10T14:42:21.998Z</time>
      </trkpt>
      <trkpt lat="48.228102" lon="15.657444">
        <ele>255.843249</ele>
        <time>2026-05-10T14:42:23.998Z</time>
      </trkpt>
      <trkpt lat="48.228020" lon="15.657334">
        <ele>255.942413</ele>
        <time>2026-05-10T14:42:25.998Z</time>
      </trkpt>
      <trkpt lat="48.227950" lon="15.657212">
        <ele>256.039135</ele>
        <time>2026-05-10T14:42:27.998Z</time>
      </trkpt>
      <trkpt lat="48.227862" lon="15.657120">
        <ele>256.135836</ele>
        <time>2026-05-10T14:42:29.998Z</time>
      </trkpt>
      <trkpt lat="48.227783" lon="15.657006">
        <ele>256.234650</ele>
        <time>2026-05-10T14:42:31.998Z</time>
      </trkpt>
      <trkpt lat="48.227705" lon="15.656893">
        <ele>256.332398</ele>
        <time>2026-05-10T14:42:33.999Z</time>
      </trkpt>
      <trkpt lat="48.227627" lon="15.656783">
        <ele>256.428903</ele>
        <time>2026-05-10T14:42:35.999Z</time>
      </trkpt>
      <trkpt lat="48.227548" lon="15.656672">
        <ele>256.526477</ele>
        <time>2026-05-10T14:42:37.999Z</time>
      </trkpt>
      <trkpt lat="48.227466" lon="15.656571">
        <ele>256.622125</ele>
        <time>2026-05-10T14:42:39.999Z</time>
      </trkpt>
      <trkpt lat="48.227395" lon="15.656445">
        <ele>256.721260</ele>
        <time>2026-05-10T14:42:41.999Z</time>
      </trkpt>
      <trkpt lat="48.227301" lon="15.656349">
        <ele>256.823780</ele>
        <time>2026-05-10T14:42:43.999Z</time>
      </trkpt>
      <trkpt lat="48.227231" lon="15.656219">
        <ele>256.870538</ele>
        <time>2026-05-10T14:42:45.999Z</time>
      </trkpt>
      <trkpt lat="48.227148" lon="15.656104">
        <ele>256.917716</ele>
        <time>2026-05-10T14:42:47.999Z</time>
      </trkpt>
      <trkpt lat="48.227069" lon="15.655994">
        <ele>256.962723</ele>
        <time>2026-05-10T14:42:49.999Z</time>
      </trkpt>
      <trkpt lat="48.226982" lon="15.655902">
        <ele>257.007173</ele>
        <time>2026-05-10T14:42:51.999Z</time>
      </trkpt>
      <trkpt lat="48.226899" lon="15.655788">
        <ele>257.054163</ele>
        <time>2026-05-10T14:42:53.999Z</time>
      </trkpt>
      <trkpt lat="48.226821" lon="15.655670">
        <ele>257.100418</ele>
        <time>2026-05-10T14:42:55.999Z</time>
      </trkpt>
      <trkpt lat="48.226743" lon="15.655549">
        <ele>257.147268</ele>
        <time>2026-05-10T14:42:57.999Z</time>
      </trkpt>
      <trkpt lat="48.226651" lon="15.655439">
        <ele>257.196396</ele>
        <time>2026-05-10T14:42:59.999Z</time>
      </trkpt>
      <trkpt lat="48.226568" lon="15.655323">
        <ele>257.243763</ele>
        <time>2026-05-10T14:43:01.999Z</time>
      </trkpt>
      <trkpt lat="48.226481" lon="15.655210">
        <ele>257.291817</ele>
        <time>2026-05-10T14:43:03.999Z</time>
      </trkpt>
      <trkpt lat="48.226397" lon="15.655091">
        <ele>257.340060</ele>
        <time>2026-05-10T14:43:05.999Z</time>
      </trkpt>
      <trkpt lat="48.226316" lon="15.654970">
        <ele>257.387791</ele>
        <time>2026-05-10T14:43:07.999Z</time>
      </trkpt>
      <trkpt lat="48.226234" lon="15.654824">
        <ele>257.440927</ele>
        <time>2026-05-10T14:43:09.999Z</time>
      </trkpt>
      <trkpt lat="48.226140" lon="15.654727">
        <ele>257.488572</ele>
        <time>2026-05-10T14:43:11.999Z</time>
      </trkpt>
      <trkpt lat="48.226058" lon="15.654607">
        <ele>257.536406</ele>
        <time>2026-05-10T14:43:13.999Z</time>
      </trkpt>
      <trkpt lat="48.225976" lon="15.654486">
        <ele>257.583477</ele>
        <time>2026-05-10T14:43:15.999Z</time>
      </trkpt>
      <trkpt lat="48.225885" lon="15.654373">
        <ele>257.627520</ele>
        <time>2026-05-10T14:43:17.999Z</time>
      </trkpt>
      <trkpt lat="48.225800" lon="15.654259">
        <ele>257.670029</ele>
        <time>2026-05-10T14:43:19.999Z</time>
      </trkpt>
      <trkpt lat="48.225718" lon="15.654131">
        <ele>257.714148</ele>
        <time>2026-05-10T14:43:21.999Z</time>
      </trkpt>
      <trkpt lat="48.225628" lon="15.654022">
        <ele>257.757274</ele>
        <time>2026-05-10T14:43:23.999Z</time>
      </trkpt>
      <trkpt lat="48.225547" lon="15.653891">
        <ele>257.801679</ele>
        <time>2026-05-10T14:43:25.999Z</time>
      </trkpt>
      <trkpt lat="48.225458" lon="15.653770">
        <ele>257.846460</ele>
        <time>2026-05-10T14:43:27.999Z</time>
      </trkpt>
      <trkpt lat="48.225367" lon="15.653656">
        <ele>257.890662</ele>
        <time>2026-05-10T14:43:29.999Z</time>
      </trkpt>
      <trkpt lat="48.225283" lon="15.653547">
        <ele>257.932071</ele>
        <time>2026-05-10T14:43:31.999Z</time>
      </trkpt>
      <trkpt lat="48.225208" lon="15.653425">
        <ele>257.973315</ele>
        <time>2026-05-10T14:43:33.999Z</time>
      </trkpt>
      <trkpt lat="48.225133" lon="15.653318">
        <ele>258.011903</ele>
        <time>2026-05-10T14:43:35.999Z</time>
      </trkpt>
      <trkpt lat="48.225061" lon="15.653215">
        <ele>258.048995</ele>
        <time>2026-05-10T14:43:37.999Z</time>
      </trkpt>
      <trkpt lat="48.224993" lon="15.653096">
        <ele>258.087946</ele>
        <time>2026-05-10T14:43:39.999Z</time>
      </trkpt>
      <trkpt lat="48.224914" lon="15.652989">
        <ele>258.127628</ele>
        <time>2026-05-10T14:43:41.999Z</time>
      </trkpt>
      <trkpt lat="48.224825" lon="15.652895">
        <ele>258.168212</ele>
        <time>2026-05-10T14:43:43.999Z</time>
      </trkpt>
      <trkpt lat="48.224735" lon="15.652798">
        <ele>258.209532</ele>
        <time>2026-05-10T14:43:45.998Z</time>
      </trkpt>
      <trkpt lat="48.224651" lon="15.652680">
        <ele>258.221733</ele>
        <time>2026-05-10T14:43:47.998Z</time>
      </trkpt>
      <trkpt lat="48.224560" lon="15.652577">
        <ele>258.052601</ele>
        <time>2026-05-10T14:43:49.998Z</time>
      </trkpt>
      <trkpt lat="48.224466" lon="15.652467">
        <ele>257.875724</ele>
        <time>2026-05-10T14:43:51.998Z</time>
      </trkpt>
      <trkpt lat="48.224367" lon="15.652364">
        <ele>257.696970</ele>
        <time>2026-05-10T14:43:53.998Z</time>
      </trkpt>
      <trkpt lat="48.224270" lon="15.652257">
        <ele>257.518334</ele>
        <time>2026-05-10T14:43:55.998Z</time>
      </trkpt>
      <trkpt lat="48.224176" lon="15.652145">
        <ele>257.340234</ele>
        <time>2026-05-10T14:43:57.998Z</time>
      </trkpt>
      <trkpt lat="48.224095" lon="15.652032">
        <ele>257.176133</ele>
        <time>2026-05-10T14:43:59.998Z</time>
      </trkpt>
      <trkpt lat="48.224005" lon="15.651942">
        <ele>257.015649</ele>
        <time>2026-05-10T14:44:01.998Z</time>
      </trkpt>
      <trkpt lat="48.223971" lon="15.651792">
        <ele>256.859003</ele>
        <time>2026-05-10T14:44:03.998Z</time>
      </trkpt>
      <trkpt lat="48.223945" lon="15.651648">
        <ele>256.711501</ele>
        <time>2026-05-10T14:44:06.998Z</time>
      </trkpt>
      <trkpt lat="48.223879" lon="15.651547">
        <ele>256.571631</ele>
        <time>2026-05-10T14:44:11.998Z</time>
      </trkpt>
      <trkpt lat="48.223788" lon="15.651577">
        <ele>256.433370</ele>
        <time>2026-05-10T14:44:24.998Z</time>
      </trkpt>
      <trkpt lat="48.223756" lon="15.651723">
        <ele>256.281415</ele>
        <time>2026-05-10T14:44:30.998Z</time>
      </trkpt>
      <trkpt lat="48.223688" lon="15.651863">
        <ele>256.110124</ele>
        <time>2026-05-10T14:44:34.998Z</time>
      </trkpt>
      <trkpt lat="48.223629" lon="15.651987">
        <ele>255.959475</ele>
        <time>2026-05-10T14:44:39.999Z</time>
      </trkpt>
      <trkpt lat="48.223576" lon="15.652114">
        <ele>255.811315</ele>
        <time>2026-05-10T14:44:43.999Z</time>
      </trkpt>
      <trkpt lat="48.223523" lon="15.652225">
        <ele>255.676300</ele>
        <time>2026-05-10T14:44:46.999Z</time>
      </trkpt>
      <trkpt lat="48.223463" lon="15.652336">
        <ele>255.680494</ele>
        <time>2026-05-10T14:44:49.999Z</time>
      </trkpt>
      <trkpt lat="48.223398" lon="15.652446">
        <ele>256.037013</ele>
        <time>2026-05-10T14:44:52.999Z</time>
      </trkpt>
      <trkpt lat="48.223331" lon="15.652595">
        <ele>256.472892</ele>
        <time>2026-05-10T14:44:56.999Z</time>
      </trkpt>
      <trkpt lat="48.223253" lon="15.652490">
        <ele>256.854220</ele>
        <time>2026-05-10T14:44:57.999Z</time>
      </trkpt>
      <trkpt lat="48.223169" lon="15.652574">
        <ele>257.221575</ele>
        <time>2026-05-10T14:45:02.999Z</time>
      </trkpt>
      <trkpt lat="48.223088" lon="15.652646">
        <ele>257.564193</ele>
        <time>2026-05-10T14:45:09.999Z</time>
      </trkpt>
      <trkpt lat="48.222970" lon="15.652680">
        <ele>258.001499</ele>
        <time>2026-05-10T14:45:12.999Z</time>
      </trkpt>
      <trkpt lat="48.222872" lon="15.652774">
        <ele>258.424780</ele>
        <time>2026-05-10T14:45:15.999Z</time>
      </trkpt>
      <trkpt lat="48.222795" lon="15.652865">
        <ele>258.781466</ele>
        <time>2026-05-10T14:45:20.999Z</time>
      </trkpt>
      <trkpt lat="48.222707" lon="15.652974">
        <ele>259.196717</ele>
        <time>2026-05-10T14:45:24.999Z</time>
      </trkpt>
      <trkpt lat="48.222637" lon="15.653086">
        <ele>259.569088</ele>
        <time>2026-05-10T14:45:27.999Z</time>
      </trkpt>
      <trkpt lat="48.222585" lon="15.653207">
        <ele>259.918231</ele>
        <time>2026-05-10T14:45:31.999Z</time>
      </trkpt>
      <trkpt lat="48.222528" lon="15.653350">
        <ele>260.322296</ele>
        <time>2026-05-10T14:45:37.999Z</time>
      </trkpt>
      <trkpt lat="48.222473" lon="15.653475">
        <ele>260.685530</ele>
        <time>2026-05-10T14:45:41.999Z</time>
      </trkpt>
      <trkpt lat="48.222387" lon="15.653542">
        <ele>261.038180</ele>
        <time>2026-05-10T14:45:45.999Z</time>
      </trkpt>
      <trkpt lat="48.222303" lon="15.653618">
        <ele>261.395148</ele>
        <time>2026-05-10T14:45:51.998Z</time>
      </trkpt>
      <trkpt lat="48.222255" lon="15.653733">
        <ele>261.724204</ele>
        <time>2026-05-10T14:45:58.998Z</time>
      </trkpt>
      <trkpt lat="48.222414" lon="15.653997">
        <ele>262.124342</ele>
        <time>2026-05-10T14:46:00.998Z</time>
      </trkpt>
      <trkpt lat="48.222439" lon="15.654128">
        <ele>262.125061</ele>
        <time>2026-05-10T14:46:03.998Z</time>
      </trkpt>
      <trkpt lat="48.222452" lon="15.654315">
        <ele>262.126054</ele>
        <time>2026-05-10T14:46:06.998Z</time>
      </trkpt>
      <trkpt lat="48.222471" lon="15.654492">
        <ele>262.127000</ele>
        <time>2026-05-10T14:46:09.998Z</time>
      </trkpt>
      <trkpt lat="48.222498" lon="15.654680">
        <ele>262.128015</ele>
        <time>2026-05-10T14:46:12.998Z</time>
      </trkpt>
      <trkpt lat="48.222525" lon="15.654869">
        <ele>262.129036</ele>
        <time>2026-05-10T14:46:15.998Z</time>
      </trkpt>
      <trkpt lat="48.222534" lon="15.655004">
        <ele>262.129752</ele>
        <time>2026-05-10T14:46:17.998Z</time>
      </trkpt>
      <trkpt lat="48.222562" lon="15.655133">
        <ele>262.130469</ele>
        <time>2026-05-10T14:46:19.998Z</time>
      </trkpt>
      <trkpt lat="48.222586" lon="15.655323">
        <ele>262.131490</ele>
        <time>2026-05-10T14:46:22.998Z</time>
      </trkpt>
      <trkpt lat="48.222633" lon="15.655502">
        <ele>262.132505</ele>
        <time>2026-05-10T14:46:25.998Z</time>
      </trkpt>
      <trkpt lat="48.222695" lon="15.655645">
        <ele>262.133406</ele>
        <time>2026-05-10T14:46:28.998Z</time>
      </trkpt>
      <trkpt lat="48.222764" lon="15.655762">
        <ele>262.134231</ele>
        <time>2026-05-10T14:46:31.998Z</time>
      </trkpt>
      <trkpt lat="48.222846" lon="15.655877">
        <ele>262.135120</ele>
        <time>2026-05-10T14:46:34.998Z</time>
      </trkpt>
      <trkpt lat="48.222933" lon="15.655976">
        <ele>262.135985</ele>
        <time>2026-05-10T14:46:38.998Z</time>
      </trkpt>
      <trkpt lat="48.223024" lon="15.656093">
        <ele>262.136935</ele>
        <time>2026-05-10T14:46:42.998Z</time>
      </trkpt>
      <trkpt lat="48.223133" lon="15.656177">
        <ele>262.081055</ele>
        <time>2026-05-10T14:46:46.999Z</time>
      </trkpt>
      <trkpt lat="48.223217" lon="15.656290">
        <ele>261.923718</ele>
        <time>2026-05-10T14:46:49.999Z</time>
      </trkpt>
      <trkpt lat="48.223302" lon="15.656393">
        <ele>261.771341</ele>
        <time>2026-05-10T14:46:52.999Z</time>
      </trkpt>
      <trkpt lat="48.223395" lon="15.656459">
        <ele>261.627853</ele>
        <time>2026-05-10T14:46:55.999Z</time>
      </trkpt>
      <trkpt lat="48.223497" lon="15.656522">
        <ele>261.474004</ele>
        <time>2026-05-10T14:46:58.999Z</time>
      </trkpt>
      <trkpt lat="48.223598" lon="15.656595">
        <ele>261.317643</ele>
        <time>2026-05-10T14:47:01.999Z</time>
      </trkpt>
      <trkpt lat="48.223683" lon="15.656659">
        <ele>261.185001</ele>
        <time>2026-05-10T14:47:04.999Z</time>
      </trkpt>
      <trkpt lat="48.223754" lon="15.656786">
        <ele>261.030936</ele>
        <time>2026-05-10T14:47:07.999Z</time>
      </trkpt>
      <trkpt lat="48.223830" lon="15.656920">
        <ele>260.867401</ele>
        <time>2026-05-10T14:47:10.999Z</time>
      </trkpt>
      <trkpt lat="48.223925" lon="15.657034">
        <ele>260.697750</ele>
        <time>2026-05-10T14:47:13.999Z</time>
      </trkpt>
      <trkpt lat="48.224024" lon="15.657148">
        <ele>260.523706</ele>
        <time>2026-05-10T14:47:16.999Z</time>
      </trkpt>
      <trkpt lat="48.224127" lon="15.657237">
        <ele>260.357933</ele>
        <time>2026-05-10T14:47:19.999Z</time>
      </trkpt>
      <trkpt lat="48.224240" lon="15.657322">
        <ele>260.181631</ele>
        <time>2026-05-10T14:47:22.999Z</time>
      </trkpt>
      <trkpt lat="48.224334" lon="15.657414">
        <ele>260.025106</ele>
        <time>2026-05-10T14:47:25.999Z</time>
      </trkpt>
      <trkpt lat="48.224413" lon="15.657483">
        <ele>259.897616</ele>
        <time>2026-05-10T14:47:43.999Z</time>
      </trkpt>
      <trkpt lat="48.224244" lon="15.657411">
        <ele>259.652577</ele>
        <time>2026-05-10T14:48:19.998Z</time>
      </trkpt>
      <trkpt lat="48.224143" lon="15.657459">
        <ele>259.628763</ele>
        <time>2026-05-10T14:48:23.998Z</time>
      </trkpt>
      <trkpt lat="48.224039" lon="15.657449">
        <ele>259.628763</ele>
        <time>2026-05-10T14:48:25.998Z</time>
      </trkpt>
      <trkpt lat="48.223996" lon="15.657594">
        <ele>259.628763</ele>
        <time>2026-05-10T14:48:30.998Z</time>
      </trkpt>
      <trkpt lat="48.223924" lon="15.657719">
        <ele>259.628763</ele>
        <time>2026-05-10T14:48:34.998Z</time>
      </trkpt>
      <trkpt lat="48.223860" lon="15.657827">
        <ele>259.628763</ele>
        <time>2026-05-10T14:48:38.998Z</time>
      </trkpt>
      <trkpt lat="48.223790" lon="15.657966">
        <ele>259.628763</ele>
        <time>2026-05-10T14:48:42.998Z</time>
      </trkpt>
      <trkpt lat="48.223730" lon="15.658070">
        <ele>259.628763</ele>
        <time>2026-05-10T14:48:45.998Z</time>
      </trkpt>
      <trkpt lat="48.223629" lon="15.658160">
        <ele>259.628763</ele>
        <time>2026-05-10T14:48:49.998Z</time>
      </trkpt>
      <trkpt lat="48.223558" lon="15.658277">
        <ele>259.628763</ele>
        <time>2026-05-10T14:48:52.999Z</time>
      </trkpt>
      <trkpt lat="48.223496" lon="15.658405">
        <ele>259.628763</ele>
        <time>2026-05-10T14:48:55.999Z</time>
      </trkpt>
      <trkpt lat="48.223413" lon="15.658491">
        <ele>259.628763</ele>
        <time>2026-05-10T14:48:59.999Z</time>
      </trkpt>
      <trkpt lat="48.223523" lon="15.658636">
        <ele>259.628763</ele>
        <time>2026-05-10T14:49:02.999Z</time>
      </trkpt>
      <trkpt lat="48.223596" lon="15.658727">
        <ele>259.628763</ele>
        <time>2026-05-10T14:49:09.999Z</time>
      </trkpt>
      <trkpt lat="48.223660" lon="15.658841">
        <ele>259.628763</ele>
        <time>2026-05-10T14:49:13.999Z</time>
      </trkpt>
      <trkpt lat="48.223759" lon="15.658947">
        <ele>259.628763</ele>
        <time>2026-05-10T14:49:17.999Z</time>
      </trkpt>
      <trkpt lat="48.223834" lon="15.659045">
        <ele>259.628763</ele>
        <time>2026-05-10T14:49:20.999Z</time>
      </trkpt>
      <trkpt lat="48.223892" lon="15.659149">
        <ele>259.628763</ele>
        <time>2026-05-10T14:49:23.999Z</time>
      </trkpt>
      <trkpt lat="48.223978" lon="15.659256">
        <ele>259.628763</ele>
        <time>2026-05-10T14:49:27.999Z</time>
      </trkpt>
      <trkpt lat="48.224158" lon="15.659089">
        <ele>259.628763</ele>
        <time>2026-05-10T14:50:00.999Z</time>
      </trkpt>
      <trkpt lat="48.224223" lon="15.658987">
        <ele>259.628763</ele>
        <time>2026-05-10T14:50:04.998Z</time>
      </trkpt>
      <trkpt lat="48.224292" lon="15.658861">
        <ele>259.628763</ele>
        <time>2026-05-10T14:50:08.998Z</time>
      </trkpt>
      <trkpt lat="48.224404" lon="15.658824">
        <ele>259.628763</ele>
        <time>2026-05-10T14:50:12.998Z</time>
      </trkpt>
      <trkpt lat="48.224497" lon="15.658828">
        <ele>259.628763</ele>
        <time>2026-05-10T14:50:16.998Z</time>
      </trkpt>
    </trkseg>
  </trk>
</gpx>