<?xml version='1.0' encoding='UTF-8'?>
<gpx version="1.1" creator="https://www.komoot.de" xmlns="http://www.topografix.com/GPX/1/1" xmlns:xsi="http://www.w3.org/2001/XMLSchema-instance" xsi:schemaLocation="http://www.topografix.com/GPX/1/1 http://www.topografix.com/GPX/1/1/gpx.xsd">
  <metadata>
    <name>Prügel Hügel</name>
    <author>
      <link href="https://www.komoot.de">
        <text>komoot</text>
        <type>text/html</type>
      </link>
    </author>
  </metadata>
  <trk>
    <name>Prügel Hügel</name>
    <trkseg>
      <trkpt lat="49.975597" lon="14.545146">
        <ele>326.520706</ele>
        <time>2026-05-06T07:13:45.000Z</time>
      </trkpt>
      <trkpt lat="49.975594" lon="14.544993">
        <ele>326.520706</ele>
        <time>2026-05-06T07:13:48.999Z</time>
      </trkpt>
      <trkpt lat="49.975582" lon="14.544837">
        <ele>326.520706</ele>
        <time>2026-05-06T07:13:53.999Z</time>
      </trkpt>
      <trkpt lat="49.975578" lon="14.544661">
        <ele>326.520706</ele>
        <time>2026-05-06T07:13:59.999Z</time>
      </trkpt>
      <trkpt lat="49.975664" lon="14.544567">
        <ele>326.520706</ele>
        <time>2026-05-06T07:14:03.999Z</time>
      </trkpt>
      <trkpt lat="49.975708" lon="14.544444">
        <ele>326.520706</ele>
        <time>2026-05-06T07:14:06.999Z</time>
      </trkpt>
      <trkpt lat="49.975811" lon="14.544414">
        <ele>326.520706</ele>
        <time>2026-05-06T07:14:12.999Z</time>
      </trkpt>
      <trkpt lat="49.975897" lon="14.544453">
        <ele>326.520706</ele>
        <time>2026-05-06T07:14:16.999Z</time>
      </trkpt>
      <trkpt lat="49.975965" lon="14.544579">
        <ele>326.520706</ele>
        <time>2026-05-06T07:14:18.999Z</time>
      </trkpt>
      <trkpt lat="49.976071" lon="14.544545">
        <ele>326.476741</ele>
        <time>2026-05-06T07:14:22.999Z</time>
      </trkpt>
      <trkpt lat="49.976178" lon="14.544582">
        <ele>326.200532</ele>
        <time>2026-05-06T07:14:26.999Z</time>
      </trkpt>
      <trkpt lat="49.976281" lon="14.544670">
        <ele>325.904391</ele>
        <time>2026-05-06T07:14:29.999Z</time>
      </trkpt>
      <trkpt lat="49.976336" lon="14.544789">
        <ele>325.666913</ele>
        <time>2026-05-06T07:14:32.999Z</time>
      </trkpt>
      <trkpt lat="49.976404" lon="14.544944">
        <ele>325.362854</ele>
        <time>2026-05-06T07:14:35.999Z</time>
      </trkpt>
      <trkpt lat="49.976470" lon="14.545091">
        <ele>325.072328</ele>
        <time>2026-05-06T07:14:38.999Z</time>
      </trkpt>
      <trkpt lat="49.976556" lon="14.545242">
        <ele>324.745466</ele>
        <time>2026-05-06T07:14:41.999Z</time>
      </trkpt>
      <trkpt lat="49.976633" lon="14.545392">
        <ele>324.434447</ele>
        <time>2026-05-06T07:14:44.999Z</time>
      </trkpt>
      <trkpt lat="49.976717" lon="14.545528">
        <ele>324.128875</ele>
        <time>2026-05-06T07:14:47.999Z</time>
      </trkpt>
      <trkpt lat="49.976784" lon="14.545630">
        <ele>323.892603</ele>
        <time>2026-05-06T07:14:50.999Z</time>
      </trkpt>
      <trkpt lat="49.976857" lon="14.545718">
        <ele>323.659852</ele>
        <time>2026-05-06T07:14:54.998Z</time>
      </trkpt>
      <trkpt lat="49.976939" lon="14.545795">
        <ele>323.418472</ele>
        <time>2026-05-06T07:14:57.998Z</time>
      </trkpt>
      <trkpt lat="49.977037" lon="14.545893">
        <ele>323.124871</ele>
        <time>2026-05-06T07:15:01.998Z</time>
      </trkpt>
      <trkpt lat="49.977129" lon="14.545952">
        <ele>322.874104</ele>
        <time>2026-05-06T07:15:04.998Z</time>
      </trkpt>
      <trkpt lat="49.977224" lon="14.546032">
        <ele>322.601870</ele>
        <time>2026-05-06T07:15:07.998Z</time>
      </trkpt>
      <trkpt lat="49.977320" lon="14.546095">
        <ele>322.339305</ele>
        <time>2026-05-06T07:15:10.998Z</time>
      </trkpt>
      <trkpt lat="49.977423" lon="14.546177">
        <ele>322.047723</ele>
        <time>2026-05-06T07:15:14.000Z</time>
      </trkpt>
      <trkpt lat="49.977521" lon="14.546243">
        <ele>321.826569</ele>
        <time>2026-05-06T07:15:17.000Z</time>
      </trkpt>
      <trkpt lat="49.977629" lon="14.546314">
        <ele>321.598642</ele>
        <time>2026-05-06T07:15:20.000Z</time>
      </trkpt>
      <trkpt lat="49.977731" lon="14.546384">
        <ele>321.381918</ele>
        <time>2026-05-06T07:15:23.000Z</time>
      </trkpt>
      <trkpt lat="49.977835" lon="14.546407">
        <ele>321.177723</ele>
        <time>2026-05-06T07:15:26.000Z</time>
      </trkpt>
      <trkpt lat="49.977931" lon="14.546420">
        <ele>320.990407</ele>
        <time>2026-05-06T07:15:29.000Z</time>
      </trkpt>
      <trkpt lat="49.978011" lon="14.546491">
        <ele>320.811353</ele>
        <time>2026-05-06T07:15:32.000Z</time>
      </trkpt>
      <trkpt lat="49.978089" lon="14.546560">
        <ele>320.636915</ele>
        <time>2026-05-06T07:15:36.000Z</time>
      </trkpt>
      <trkpt lat="49.978155" lon="14.546704">
        <ele>320.415867</ele>
        <time>2026-05-06T07:15:40.000Z</time>
      </trkpt>
      <trkpt lat="49.978157" lon="14.546889">
        <ele>320.184574</ele>
        <time>2026-05-06T07:15:45.000Z</time>
      </trkpt>
      <trkpt lat="49.978127" lon="14.547043">
        <ele>319.983427</ele>
        <time>2026-05-06T07:15:47.999Z</time>
      </trkpt>
      <trkpt lat="49.978112" lon="14.547270">
        <ele>319.698171</ele>
        <time>2026-05-06T07:15:51.999Z</time>
      </trkpt>
      <trkpt lat="49.978065" lon="14.547463">
        <ele>319.440191</ele>
        <time>2026-05-06T07:15:54.999Z</time>
      </trkpt>
      <trkpt lat="49.978036" lon="14.547614">
        <ele>319.243195</ele>
        <time>2026-05-06T07:15:56.999Z</time>
      </trkpt>
      <trkpt lat="49.978018" lon="14.547803">
        <ele>319.004357</ele>
        <time>2026-05-06T07:15:59.999Z</time>
      </trkpt>
      <trkpt lat="49.978054" lon="14.547993">
        <ele>318.756752</ele>
        <time>2026-05-06T07:16:02.999Z</time>
      </trkpt>
      <trkpt lat="49.978146" lon="14.548111">
        <ele>318.524933</ele>
        <time>2026-05-06T07:16:05.999Z</time>
      </trkpt>
      <trkpt lat="49.978243" lon="14.548162">
        <ele>319.306630</ele>
        <time>2026-05-06T07:16:09.999Z</time>
      </trkpt>
      <trkpt lat="49.978313" lon="14.548290">
        <ele>320.335889</ele>
        <time>2026-05-06T07:16:12.999Z</time>
      </trkpt>
      <trkpt lat="49.978394" lon="14.548398">
        <ele>321.352243</ele>
        <time>2026-05-06T07:16:15.999Z</time>
      </trkpt>
      <trkpt lat="49.978468" lon="14.548489">
        <ele>322.250901</ele>
        <time>2026-05-06T07:16:18.999Z</time>
      </trkpt>
      <trkpt lat="49.978544" lon="14.548565">
        <ele>323.111605</ele>
        <time>2026-05-06T07:16:21.999Z</time>
      </trkpt>
      <trkpt lat="49.978608" lon="14.548691">
        <ele>324.095147</ele>
        <time>2026-05-06T07:16:26.999Z</time>
      </trkpt>
      <trkpt lat="49.978651" lon="14.548823">
        <ele>325.001546</ele>
        <time>2026-05-06T07:16:32.999Z</time>
      </trkpt>
      <trkpt lat="49.978651" lon="14.548965">
        <ele>325.871375</ele>
        <time>2026-05-06T07:16:38.999Z</time>
      </trkpt>
      <trkpt lat="49.978624" lon="14.549107">
        <ele>326.778430</ele>
        <time>2026-05-06T07:16:44.999Z</time>
      </trkpt>
      <trkpt lat="49.978597" lon="14.549250">
        <ele>327.691361</ele>
        <time>2026-05-06T07:16:48.999Z</time>
      </trkpt>
      <trkpt lat="49.978543" lon="14.549365">
        <ele>328.563609</ele>
        <time>2026-05-06T07:16:54.998Z</time>
      </trkpt>
      <trkpt lat="49.978464" lon="14.549472">
        <ele>329.561541</ele>
        <time>2026-05-06T07:17:01.998Z</time>
      </trkpt>
      <trkpt lat="49.978409" lon="14.549604">
        <ele>330.525008</ele>
        <time>2026-05-06T07:17:08.998Z</time>
      </trkpt>
      <trkpt lat="49.978327" lon="14.549716">
        <ele>331.564615</ele>
        <time>2026-05-06T07:17:15.998Z</time>
      </trkpt>
      <trkpt lat="49.978283" lon="14.549873">
        <ele>332.613694</ele>
        <time>2026-05-06T07:17:24.000Z</time>
      </trkpt>
      <trkpt lat="49.978213" lon="14.549971">
        <ele>333.510894</ele>
        <time>2026-05-06T07:17:31.000Z</time>
      </trkpt>
      <trkpt lat="49.978139" lon="14.550054">
        <ele>334.380007</ele>
        <time>2026-05-06T07:17:38.000Z</time>
      </trkpt>
      <trkpt lat="49.978052" lon="14.550095">
        <ele>335.245942</ele>
        <time>2026-05-06T07:17:45.000Z</time>
      </trkpt>
      <trkpt lat="49.977960" lon="14.550126">
        <ele>335.944759</ele>
        <time>2026-05-06T07:17:50.999Z</time>
      </trkpt>
      <trkpt lat="49.977868" lon="14.550172">
        <ele>336.513419</ele>
        <time>2026-05-06T07:17:56.999Z</time>
      </trkpt>
      <trkpt lat="49.977762" lon="14.550217">
        <ele>337.159990</ele>
        <time>2026-05-06T07:18:02.999Z</time>
      </trkpt>
      <trkpt lat="49.977666" lon="14.550291">
        <ele>337.790487</ele>
        <time>2026-05-06T07:18:08.999Z</time>
      </trkpt>
      <trkpt lat="49.977579" lon="14.550368">
        <ele>338.379543</ele>
        <time>2026-05-06T07:18:13.999Z</time>
      </trkpt>
      <trkpt lat="49.977484" lon="14.550445">
        <ele>339.009941</ele>
        <time>2026-05-06T07:18:18.999Z</time>
      </trkpt>
      <trkpt lat="49.977391" lon="14.550539">
        <ele>339.662636</ele>
        <time>2026-05-06T07:18:23.999Z</time>
      </trkpt>
      <trkpt lat="49.977298" lon="14.550610">
        <ele>340.272281</ele>
        <time>2026-05-06T07:18:28.999Z</time>
      </trkpt>
      <trkpt lat="49.977016" lon="14.550797">
        <ele>342.076263</ele>
        <time>2026-05-06T07:19:48.000Z</time>
      </trkpt>
      <trkpt lat="49.976909" lon="14.550807">
        <ele>342.707027</ele>
        <time>2026-05-06T07:19:53.000Z</time>
      </trkpt>
      <trkpt lat="49.976818" lon="14.550821">
        <ele>343.245120</ele>
        <time>2026-05-06T07:19:56.999Z</time>
      </trkpt>
      <trkpt lat="49.976726" lon="14.550827">
        <ele>343.786958</ele>
        <time>2026-05-06T07:20:00.999Z</time>
      </trkpt>
      <trkpt lat="49.976619" lon="14.550846">
        <ele>344.420679</ele>
        <time>2026-05-06T07:20:05.999Z</time>
      </trkpt>
      <trkpt lat="49.976509" lon="14.550855">
        <ele>345.068856</ele>
        <time>2026-05-06T07:20:10.999Z</time>
      </trkpt>
      <trkpt lat="49.976406" lon="14.550883">
        <ele>345.684139</ele>
        <time>2026-05-06T07:20:15.999Z</time>
      </trkpt>
      <trkpt lat="49.976309" lon="14.550933">
        <ele>346.268724</ele>
        <time>2026-05-06T07:20:20.999Z</time>
      </trkpt>
      <trkpt lat="49.976215" lon="14.550976">
        <ele>346.719236</ele>
        <time>2026-05-06T07:20:25.999Z</time>
      </trkpt>
      <trkpt lat="49.976116" lon="14.551034">
        <ele>347.205659</ele>
        <time>2026-05-06T07:20:30.999Z</time>
      </trkpt>
      <trkpt lat="49.976028" lon="14.551088">
        <ele>347.640636</ele>
        <time>2026-05-06T07:20:35.999Z</time>
      </trkpt>
      <trkpt lat="49.975930" lon="14.551137">
        <ele>348.113946</ele>
        <time>2026-05-06T07:20:40.999Z</time>
      </trkpt>
      <trkpt lat="49.975831" lon="14.551175">
        <ele>348.582796</ele>
        <time>2026-05-06T07:20:45.999Z</time>
      </trkpt>
      <trkpt lat="49.975740" lon="14.551221">
        <ele>349.022754</ele>
        <time>2026-05-06T07:20:50.999Z</time>
      </trkpt>
      <trkpt lat="49.975639" lon="14.551254">
        <ele>349.497277</ele>
        <time>2026-05-06T07:20:55.999Z</time>
      </trkpt>
      <trkpt lat="49.975545" lon="14.551296">
        <ele>349.946964</ele>
        <time>2026-05-06T07:21:00.999Z</time>
      </trkpt>
      <trkpt lat="49.975443" lon="14.551348">
        <ele>350.440507</ele>
        <time>2026-05-06T07:21:06.998Z</time>
      </trkpt>
      <trkpt lat="49.975350" lon="14.551375">
        <ele>350.875496</ele>
        <time>2026-05-06T07:21:11.998Z</time>
      </trkpt>
      <trkpt lat="49.975250" lon="14.551403">
        <ele>351.342676</ele>
        <time>2026-05-06T07:21:16.998Z</time>
      </trkpt>
      <trkpt lat="49.975149" lon="14.551431">
        <ele>351.814381</ele>
        <time>2026-05-06T07:21:21.998Z</time>
      </trkpt>
      <trkpt lat="49.975044" lon="14.551481">
        <ele>352.319286</ele>
        <time>2026-05-06T07:21:26.998Z</time>
      </trkpt>
      <trkpt lat="49.974944" lon="14.551493">
        <ele>352.780438</ele>
        <time>2026-05-06T07:21:32.000Z</time>
      </trkpt>
      <trkpt lat="49.974871" lon="14.551412">
        <ele>353.192777</ele>
        <time>2026-05-06T07:21:39.000Z</time>
      </trkpt>
      <trkpt lat="49.974571" lon="14.551554">
        <ele>354.420631</ele>
        <time>2026-05-06T07:22:32.999Z</time>
      </trkpt>
      <trkpt lat="49.974470" lon="14.551566">
        <ele>354.246912</ele>
        <time>2026-05-06T07:22:35.999Z</time>
      </trkpt>
      <trkpt lat="49.974377" lon="14.551552">
        <ele>354.086672</ele>
        <time>2026-05-06T07:22:38.999Z</time>
      </trkpt>
      <trkpt lat="49.974273" lon="14.551530">
        <ele>353.906670</ele>
        <time>2026-05-06T07:22:42.999Z</time>
      </trkpt>
      <trkpt lat="49.973937" lon="14.551279">
        <ele>353.267380</ele>
        <time>2026-05-06T07:24:15.999Z</time>
      </trkpt>
      <trkpt lat="49.973852" lon="14.551230">
        <ele>353.111910</ele>
        <time>2026-05-06T07:24:18.999Z</time>
      </trkpt>
      <trkpt lat="49.973764" lon="14.551169">
        <ele>352.946673</ele>
        <time>2026-05-06T07:24:21.999Z</time>
      </trkpt>
      <trkpt lat="49.973668" lon="14.551085">
        <ele>352.757755</ele>
        <time>2026-05-06T07:24:24.999Z</time>
      </trkpt>
      <trkpt lat="49.973558" lon="14.551007">
        <ele>352.550414</ele>
        <time>2026-05-06T07:24:27.999Z</time>
      </trkpt>
      <trkpt lat="49.973428" lon="14.550959">
        <ele>352.321266</ele>
        <time>2026-05-06T07:24:30.999Z</time>
      </trkpt>
      <trkpt lat="49.973299" lon="14.550879">
        <ele>352.083084</ele>
        <time>2026-05-06T07:24:33.999Z</time>
      </trkpt>
      <trkpt lat="49.973174" lon="14.550869">
        <ele>351.868427</ele>
        <time>2026-05-06T07:24:36.999Z</time>
      </trkpt>
      <trkpt lat="49.973053" lon="14.550839">
        <ele>351.658292</ele>
        <time>2026-05-06T07:24:39.999Z</time>
      </trkpt>
      <trkpt lat="49.972934" lon="14.550826">
        <ele>351.453705</ele>
        <time>2026-05-06T07:24:42.999Z</time>
      </trkpt>
      <trkpt lat="49.972845" lon="14.550811">
        <ele>351.084159</ele>
        <time>2026-05-06T07:24:44.999Z</time>
      </trkpt>
      <trkpt lat="49.972707" lon="14.550790">
        <ele>350.299505</ele>
        <time>2026-05-06T07:24:47.999Z</time>
      </trkpt>
      <trkpt lat="49.972604" lon="14.550783">
        <ele>349.716086</ele>
        <time>2026-05-06T07:24:49.999Z</time>
      </trkpt>
      <trkpt lat="49.972492" lon="14.550779">
        <ele>349.082127</ele>
        <time>2026-05-06T07:24:51.999Z</time>
      </trkpt>
      <trkpt lat="49.972364" lon="14.550788">
        <ele>348.357052</ele>
        <time>2026-05-06T07:24:53.999Z</time>
      </trkpt>
      <trkpt lat="49.972242" lon="14.550815">
        <ele>347.659713</ele>
        <time>2026-05-06T07:24:55.999Z</time>
      </trkpt>
      <trkpt lat="49.972110" lon="14.550846">
        <ele>346.904270</ele>
        <time>2026-05-06T07:24:57.999Z</time>
      </trkpt>
      <trkpt lat="49.971959" lon="14.550877">
        <ele>346.042366</ele>
        <time>2026-05-06T07:24:59.999Z</time>
      </trkpt>
      <trkpt lat="49.971803" lon="14.550924">
        <ele>345.143163</ele>
        <time>2026-05-06T07:25:01.999Z</time>
      </trkpt>
      <trkpt lat="49.971628" lon="14.550961">
        <ele>344.143748</ele>
        <time>2026-05-06T07:25:03.999Z</time>
      </trkpt>
      <trkpt lat="49.971462" lon="14.550995">
        <ele>343.196261</ele>
        <time>2026-05-06T07:25:05.999Z</time>
      </trkpt>
      <trkpt lat="49.971294" lon="14.551044">
        <ele>342.228990</ele>
        <time>2026-05-06T07:25:07.999Z</time>
      </trkpt>
      <trkpt lat="49.971122" lon="14.551092">
        <ele>341.240111</ele>
        <time>2026-05-06T07:25:09.999Z</time>
      </trkpt>
      <trkpt lat="49.970949" lon="14.551157">
        <ele>341.157483</ele>
        <time>2026-05-06T07:25:11.999Z</time>
      </trkpt>
      <trkpt lat="49.970777" lon="14.551216">
        <ele>341.098304</ele>
        <time>2026-05-06T07:25:13.998Z</time>
      </trkpt>
      <trkpt lat="49.970612" lon="14.551298">
        <ele>341.040104</ele>
        <time>2026-05-06T07:25:15.998Z</time>
      </trkpt>
      <trkpt lat="49.970486" lon="14.551374">
        <ele>340.994696</ele>
        <time>2026-05-06T07:25:17.998Z</time>
      </trkpt>
      <trkpt lat="49.970342" lon="14.551424">
        <ele>340.945123</ele>
        <time>2026-05-06T07:25:19.998Z</time>
      </trkpt>
      <trkpt lat="49.970221" lon="14.551448">
        <ele>340.904140</ele>
        <time>2026-05-06T07:25:21.998Z</time>
      </trkpt>
      <trkpt lat="49.970114" lon="14.551463">
        <ele>340.868044</ele>
        <time>2026-05-06T07:25:23.998Z</time>
      </trkpt>
      <trkpt lat="49.969992" lon="14.551489">
        <ele>340.826670</ele>
        <time>2026-05-06T07:25:25.998Z</time>
      </trkpt>
      <trkpt lat="49.969874" lon="14.551485">
        <ele>340.787015</ele>
        <time>2026-05-06T07:25:27.998Z</time>
      </trkpt>
      <trkpt lat="49.969766" lon="14.551466">
        <ele>340.750497</ele>
        <time>2026-05-06T07:25:29.998Z</time>
      </trkpt>
      <trkpt lat="49.969669" lon="14.551445">
        <ele>340.717593</ele>
        <time>2026-05-06T07:25:31.998Z</time>
      </trkpt>
      <trkpt lat="49.969565" lon="14.551368">
        <ele>340.678891</ele>
        <time>2026-05-06T07:25:34.998Z</time>
      </trkpt>
      <trkpt lat="49.969455" lon="14.551341">
        <ele>340.641475</ele>
        <time>2026-05-06T07:25:37.998Z</time>
      </trkpt>
      <trkpt lat="49.969352" lon="14.551291">
        <ele>340.708416</ele>
        <time>2026-05-06T07:25:41.998Z</time>
      </trkpt>
      <trkpt lat="49.969246" lon="14.551535">
        <ele>341.685985</ele>
        <time>2026-05-06T07:25:48.000Z</time>
      </trkpt>
      <trkpt lat="49.969172" lon="14.551618">
        <ele>342.156987</ele>
        <time>2026-05-06T07:25:51.000Z</time>
      </trkpt>
      <trkpt lat="49.969073" lon="14.551706">
        <ele>342.745635</ele>
        <time>2026-05-06T07:25:55.000Z</time>
      </trkpt>
      <trkpt lat="49.968988" lon="14.551783">
        <ele>343.253437</ele>
        <time>2026-05-06T07:25:59.000Z</time>
      </trkpt>
      <trkpt lat="49.968887" lon="14.551850">
        <ele>343.820256</ele>
        <time>2026-05-06T07:26:04.000Z</time>
      </trkpt>
      <trkpt lat="49.968778" lon="14.551909">
        <ele>344.416021</ele>
        <time>2026-05-06T07:26:07.000Z</time>
      </trkpt>
      <trkpt lat="49.968680" lon="14.551945">
        <ele>344.935810</ele>
        <time>2026-05-06T07:26:09.999Z</time>
      </trkpt>
      <trkpt lat="49.968572" lon="14.551967">
        <ele>345.498053</ele>
        <time>2026-05-06T07:26:12.999Z</time>
      </trkpt>
      <trkpt lat="49.968476" lon="14.551956">
        <ele>345.994933</ele>
        <time>2026-05-06T07:26:15.999Z</time>
      </trkpt>
      <trkpt lat="49.968372" lon="14.551923">
        <ele>346.542831</ele>
        <time>2026-05-06T07:26:18.999Z</time>
      </trkpt>
      <trkpt lat="49.968284" lon="14.551858">
        <ele>347.045732</ele>
        <time>2026-05-06T07:26:21.999Z</time>
      </trkpt>
      <trkpt lat="49.968167" lon="14.551787">
        <ele>347.694043</ele>
        <time>2026-05-06T07:26:25.999Z</time>
      </trkpt>
      <trkpt lat="49.968064" lon="14.551742">
        <ele>348.246306</ele>
        <time>2026-05-06T07:26:29.999Z</time>
      </trkpt>
      <trkpt lat="49.967970" lon="14.551669">
        <ele>348.788686</ele>
        <time>2026-05-06T07:26:33.999Z</time>
      </trkpt>
      <trkpt lat="49.967891" lon="14.551595">
        <ele>349.264768</ele>
        <time>2026-05-06T07:26:37.999Z</time>
      </trkpt>
      <trkpt lat="49.967799" lon="14.551526">
        <ele>349.792028</ele>
        <time>2026-05-06T07:26:42.999Z</time>
      </trkpt>
      <trkpt lat="49.967713" lon="14.551481">
        <ele>350.582470</ele>
        <time>2026-05-06T07:26:47.999Z</time>
      </trkpt>
      <trkpt lat="49.967639" lon="14.551400">
        <ele>351.462285</ele>
        <time>2026-05-06T07:26:52.999Z</time>
      </trkpt>
      <trkpt lat="49.967560" lon="14.551293">
        <ele>352.480863</ele>
        <time>2026-05-06T07:26:58.999Z</time>
      </trkpt>
      <trkpt lat="49.967492" lon="14.551179">
        <ele>353.453063</ele>
        <time>2026-05-06T07:27:04.999Z</time>
      </trkpt>
      <trkpt lat="49.967425" lon="14.551086">
        <ele>354.326241</ele>
        <time>2026-05-06T07:27:09.999Z</time>
      </trkpt>
      <trkpt lat="49.967351" lon="14.550983">
        <ele>355.291829</ele>
        <time>2026-05-06T07:27:15.998Z</time>
      </trkpt>
      <trkpt lat="49.967277" lon="14.550882">
        <ele>356.249121</ele>
        <time>2026-05-06T07:27:22.998Z</time>
      </trkpt>
      <trkpt lat="49.967198" lon="14.550800">
        <ele>357.172567</ele>
        <time>2026-05-06T07:27:28.998Z</time>
      </trkpt>
      <trkpt lat="49.967127" lon="14.550688">
        <ele>358.155885</ele>
        <time>2026-05-06T07:27:34.998Z</time>
      </trkpt>
      <trkpt lat="49.967057" lon="14.550594">
        <ele>359.055107</ele>
        <time>2026-05-06T07:27:40.998Z</time>
      </trkpt>
      <trkpt lat="49.966970" lon="14.550505">
        <ele>360.067563</ele>
        <time>2026-05-06T07:27:46.998Z</time>
      </trkpt>
      <trkpt lat="49.966887" lon="14.550432">
        <ele>360.994628</ele>
        <time>2026-05-06T07:27:53.000Z</time>
      </trkpt>
      <trkpt lat="49.966805" lon="14.550373">
        <ele>361.873032</ele>
        <time>2026-05-06T07:27:58.000Z</time>
      </trkpt>
      <trkpt lat="49.966712" lon="14.550317">
        <ele>362.842585</ele>
        <time>2026-05-06T07:28:05.000Z</time>
      </trkpt>
      <trkpt lat="49.966609" lon="14.550286">
        <ele>363.862497</ele>
        <time>2026-05-06T07:28:12.000Z</time>
      </trkpt>
      <trkpt lat="49.966516" lon="14.550237">
        <ele>364.817114</ele>
        <time>2026-05-06T07:28:17.999Z</time>
      </trkpt>
      <trkpt lat="49.966419" lon="14.550171">
        <ele>365.846467</ele>
        <time>2026-05-06T07:28:23.999Z</time>
      </trkpt>
      <trkpt lat="49.966312" lon="14.550122">
        <ele>366.930865</ele>
        <time>2026-05-06T07:28:29.999Z</time>
      </trkpt>
      <trkpt lat="49.966217" lon="14.550078">
        <ele>367.617529</ele>
        <time>2026-05-06T07:28:34.999Z</time>
      </trkpt>
      <trkpt lat="49.966117" lon="14.550034">
        <ele>368.082405</ele>
        <time>2026-05-06T07:28:39.999Z</time>
      </trkpt>
      <trkpt lat="49.966018" lon="14.549992">
        <ele>368.541429</ele>
        <time>2026-05-06T07:28:45.999Z</time>
      </trkpt>
      <trkpt lat="49.965910" lon="14.549974">
        <ele>369.027287</ele>
        <time>2026-05-06T07:28:51.999Z</time>
      </trkpt>
      <trkpt lat="49.965813" lon="14.549947">
        <ele>369.468073</ele>
        <time>2026-05-06T07:28:55.999Z</time>
      </trkpt>
      <trkpt lat="49.965722" lon="14.549933">
        <ele>369.877109</ele>
        <time>2026-05-06T07:29:01.999Z</time>
      </trkpt>
      <trkpt lat="49.965631" lon="14.549893">
        <ele>370.300114</ele>
        <time>2026-05-06T07:29:06.999Z</time>
      </trkpt>
      <trkpt lat="49.965523" lon="14.549899">
        <ele>370.783512</ele>
        <time>2026-05-06T07:29:12.999Z</time>
      </trkpt>
      <trkpt lat="49.965431" lon="14.549875">
        <ele>371.200787</ele>
        <time>2026-05-06T07:29:19.999Z</time>
      </trkpt>
      <trkpt lat="49.965342" lon="14.549852">
        <ele>371.604351</ele>
        <time>2026-05-06T07:29:25.998Z</time>
      </trkpt>
      <trkpt lat="49.965240" lon="14.549818">
        <ele>372.070972</ele>
        <time>2026-05-06T07:29:31.998Z</time>
      </trkpt>
      <trkpt lat="49.965147" lon="14.549840">
        <ele>372.491755</ele>
        <time>2026-05-06T07:29:36.998Z</time>
      </trkpt>
      <trkpt lat="49.965053" lon="14.549828">
        <ele>372.913637</ele>
        <time>2026-05-06T07:29:40.998Z</time>
      </trkpt>
      <trkpt lat="49.964946" lon="14.549848">
        <ele>373.395700</ele>
        <time>2026-05-06T07:29:44.998Z</time>
      </trkpt>
      <trkpt lat="49.964830" lon="14.549902">
        <ele>373.937338</ele>
        <time>2026-05-06T07:29:48.998Z</time>
      </trkpt>
      <trkpt lat="49.964739" lon="14.549905">
        <ele>374.344477</ele>
        <time>2026-05-06T07:29:51.998Z</time>
      </trkpt>
      <trkpt lat="49.964630" lon="14.549954">
        <ele>374.852016</ele>
        <time>2026-05-06T07:29:56.000Z</time>
      </trkpt>
      <trkpt lat="49.964525" lon="14.550000">
        <ele>375.339980</ele>
        <time>2026-05-06T07:30:00.000Z</time>
      </trkpt>
      <trkpt lat="49.964432" lon="14.550033">
        <ele>375.573295</ele>
        <time>2026-05-06T07:30:03.000Z</time>
      </trkpt>
      <trkpt lat="49.964342" lon="14.550067">
        <ele>375.751811</ele>
        <time>2026-05-06T07:30:06.000Z</time>
      </trkpt>
      <trkpt lat="49.964237" lon="14.550103">
        <ele>375.959053</ele>
        <time>2026-05-06T07:30:10.000Z</time>
      </trkpt>
      <trkpt lat="49.964137" lon="14.550168">
        <ele>376.167965</ele>
        <time>2026-05-06T07:30:15.000Z</time>
      </trkpt>
      <trkpt lat="49.964053" lon="14.550227">
        <ele>376.345626</ele>
        <time>2026-05-06T07:30:19.000Z</time>
      </trkpt>
      <trkpt lat="49.963980" lon="14.550318">
        <ele>376.525978</ele>
        <time>2026-05-06T07:30:22.999Z</time>
      </trkpt>
      <trkpt lat="49.963868" lon="14.550380">
        <ele>376.755127</ele>
        <time>2026-05-06T07:30:27.999Z</time>
      </trkpt>
      <trkpt lat="49.963763" lon="14.550488">
        <ele>376.997794</ele>
        <time>2026-05-06T07:30:31.999Z</time>
      </trkpt>
      <trkpt lat="49.963645" lon="14.550548">
        <ele>377.237086</ele>
        <time>2026-05-06T07:30:34.999Z</time>
      </trkpt>
      <trkpt lat="49.963560" lon="14.550612">
        <ele>377.419122</ele>
        <time>2026-05-06T07:30:36.999Z</time>
      </trkpt>
      <trkpt lat="49.963486" lon="14.550708">
        <ele>377.604891</ele>
        <time>2026-05-06T07:30:38.999Z</time>
      </trkpt>
      <trkpt lat="49.963375" lon="14.550806">
        <ele>377.850931</ele>
        <time>2026-05-06T07:30:41.999Z</time>
      </trkpt>
      <trkpt lat="49.963278" lon="14.550893">
        <ele>378.066777</ele>
        <time>2026-05-06T07:30:44.999Z</time>
      </trkpt>
      <trkpt lat="49.963174" lon="14.550981">
        <ele>378.294999</ele>
        <time>2026-05-06T07:30:47.999Z</time>
      </trkpt>
      <trkpt lat="49.963081" lon="14.551038">
        <ele>378.487678</ele>
        <time>2026-05-06T07:30:51.999Z</time>
      </trkpt>
      <trkpt lat="49.962991" lon="14.551129">
        <ele>378.694611</ele>
        <time>2026-05-06T07:30:55.999Z</time>
      </trkpt>
      <trkpt lat="49.962901" lon="14.551200">
        <ele>378.889137</ele>
        <time>2026-05-06T07:30:59.999Z</time>
      </trkpt>
      <trkpt lat="49.962812" lon="14.551272">
        <ele>379.493696</ele>
        <time>2026-05-06T07:31:03.999Z</time>
      </trkpt>
      <trkpt lat="49.962728" lon="14.551342">
        <ele>380.077252</ele>
        <time>2026-05-06T07:31:07.999Z</time>
      </trkpt>
      <trkpt lat="49.962630" lon="14.551424">
        <ele>380.758690</ele>
        <time>2026-05-06T07:31:12.999Z</time>
      </trkpt>
      <trkpt lat="49.962544" lon="14.551467">
        <ele>381.311820</ele>
        <time>2026-05-06T07:31:17.999Z</time>
      </trkpt>
      <trkpt lat="49.962469" lon="14.551556">
        <ele>381.889539</ele>
        <time>2026-05-06T07:31:21.999Z</time>
      </trkpt>
      <trkpt lat="49.962388" lon="14.551642">
        <ele>382.490126</ele>
        <time>2026-05-06T07:31:26.999Z</time>
      </trkpt>
      <trkpt lat="49.962313" lon="14.551723">
        <ele>383.049288</ele>
        <time>2026-05-06T07:31:30.998Z</time>
      </trkpt>
      <trkpt lat="49.962234" lon="14.551816">
        <ele>383.656040</ele>
        <time>2026-05-06T07:31:35.998Z</time>
      </trkpt>
      <trkpt lat="49.962141" lon="14.551884">
        <ele>384.285308</ele>
        <time>2026-05-06T07:31:40.998Z</time>
      </trkpt>
      <trkpt lat="49.962061" lon="14.551953">
        <ele>384.845478</ele>
        <time>2026-05-06T07:31:47.998Z</time>
      </trkpt>
      <trkpt lat="49.961974" lon="14.552029">
        <ele>385.456513</ele>
        <time>2026-05-06T07:31:52.998Z</time>
      </trkpt>
      <trkpt lat="49.961891" lon="14.552128">
        <ele>386.097071</ele>
        <time>2026-05-06T07:31:57.998Z</time>
      </trkpt>
      <trkpt lat="49.961811" lon="14.552210">
        <ele>386.683796</ele>
        <time>2026-05-06T07:32:03.000Z</time>
      </trkpt>
      <trkpt lat="49.961726" lon="14.552261">
        <ele>387.241658</ele>
        <time>2026-05-06T07:32:08.000Z</time>
      </trkpt>
      <trkpt lat="49.961651" lon="14.552356">
        <ele>387.834019</ele>
        <time>2026-05-06T07:32:13.000Z</time>
      </trkpt>
      <trkpt lat="49.961568" lon="14.552414">
        <ele>388.391200</ele>
        <time>2026-05-06T07:32:17.000Z</time>
      </trkpt>
      <trkpt lat="49.961481" lon="14.552522">
        <ele>389.072899</ele>
        <time>2026-05-06T07:32:23.000Z</time>
      </trkpt>
      <trkpt lat="49.961390" lon="14.552588">
        <ele>389.687738</ele>
        <time>2026-05-06T07:32:27.999Z</time>
      </trkpt>
      <trkpt lat="49.961307" lon="14.552668">
        <ele>390.237385</ele>
        <time>2026-05-06T07:32:32.999Z</time>
      </trkpt>
      <trkpt lat="49.961234" lon="14.552763">
        <ele>390.746063</ele>
        <time>2026-05-06T07:32:37.999Z</time>
      </trkpt>
      <trkpt lat="49.961157" lon="14.552841">
        <ele>391.237119</ele>
        <time>2026-05-06T07:32:42.999Z</time>
      </trkpt>
      <trkpt lat="49.961069" lon="14.552896">
        <ele>391.743883</ele>
        <time>2026-05-06T07:32:47.999Z</time>
      </trkpt>
      <trkpt lat="49.960991" lon="14.552998">
        <ele>392.288492</ele>
        <time>2026-05-06T07:32:52.999Z</time>
      </trkpt>
      <trkpt lat="49.960894" lon="14.553060">
        <ele>392.848865</ele>
        <time>2026-05-06T07:32:57.999Z</time>
      </trkpt>
      <trkpt lat="49.960812" lon="14.553163">
        <ele>393.412152</ele>
        <time>2026-05-06T07:33:02.999Z</time>
      </trkpt>
      <trkpt lat="49.960715" lon="14.553248">
        <ele>394.007100</ele>
        <time>2026-05-06T07:33:07.999Z</time>
      </trkpt>
      <trkpt lat="49.960631" lon="14.553304">
        <ele>394.495445</ele>
        <time>2026-05-06T07:33:11.999Z</time>
      </trkpt>
      <trkpt lat="49.960543" lon="14.553404">
        <ele>395.077869</ele>
        <time>2026-05-06T07:33:16.999Z</time>
      </trkpt>
      <trkpt lat="49.960449" lon="14.553468">
        <ele>395.626174</ele>
        <time>2026-05-06T07:33:21.999Z</time>
      </trkpt>
      <trkpt lat="49.960356" lon="14.553550">
        <ele>396.197443</ele>
        <time>2026-05-06T07:33:26.999Z</time>
      </trkpt>
      <trkpt lat="49.960284" lon="14.553641">
        <ele>396.693253</ele>
        <time>2026-05-06T07:33:30.999Z</time>
      </trkpt>
      <trkpt lat="49.960190" lon="14.553693">
        <ele>397.226350</ele>
        <time>2026-05-06T07:33:34.998Z</time>
      </trkpt>
      <trkpt lat="49.960101" lon="14.553770">
        <ele>397.770570</ele>
        <time>2026-05-06T07:33:38.998Z</time>
      </trkpt>
      <trkpt lat="49.960010" lon="14.553851">
        <ele>398.330854</ele>
        <time>2026-05-06T07:33:42.998Z</time>
      </trkpt>
      <trkpt lat="49.959915" lon="14.553941">
        <ele>398.925279</ele>
        <time>2026-05-06T07:33:46.998Z</time>
      </trkpt>
      <trkpt lat="49.959828" lon="14.554034">
        <ele>399.489427</ele>
        <time>2026-05-06T07:33:50.998Z</time>
      </trkpt>
      <trkpt lat="49.959735" lon="14.554136">
        <ele>399.546348</ele>
        <time>2026-05-06T07:33:54.998Z</time>
      </trkpt>
      <trkpt lat="49.959661" lon="14.554216">
        <ele>399.571071</ele>
        <time>2026-05-06T07:33:57.998Z</time>
      </trkpt>
      <trkpt lat="49.959585" lon="14.554295">
        <ele>399.596148</ele>
        <time>2026-05-06T07:34:00.998Z</time>
      </trkpt>
      <trkpt lat="49.959492" lon="14.554415">
        <ele>399.629300</ele>
        <time>2026-05-06T07:34:04.998Z</time>
      </trkpt>
      <trkpt lat="49.959389" lon="14.554489">
        <ele>399.660423</ele>
        <time>2026-05-06T07:34:09.000Z</time>
      </trkpt>
      <trkpt lat="49.959309" lon="14.554564">
        <ele>399.686048</ele>
        <time>2026-05-06T07:34:12.000Z</time>
      </trkpt>
      <trkpt lat="49.959223" lon="14.554678">
        <ele>399.717049</ele>
        <time>2026-05-06T07:34:16.000Z</time>
      </trkpt>
      <trkpt lat="49.959129" lon="14.554774">
        <ele>399.747899</ele>
        <time>2026-05-06T07:34:20.000Z</time>
      </trkpt>
      <trkpt lat="49.959032" lon="14.554873">
        <ele>399.779727</ele>
        <time>2026-05-06T07:34:24.000Z</time>
      </trkpt>
      <trkpt lat="49.958943" lon="14.554978">
        <ele>399.810373</ele>
        <time>2026-05-06T07:34:28.000Z</time>
      </trkpt>
      <trkpt lat="49.958853" lon="14.555060">
        <ele>399.838987</ele>
        <time>2026-05-06T07:34:32.000Z</time>
      </trkpt>
      <trkpt lat="49.958795" lon="14.555177">
        <ele>399.865051</ele>
        <time>2026-05-06T07:34:34.999Z</time>
      </trkpt>
      <trkpt lat="49.958732" lon="14.555297">
        <ele>399.892382</ele>
        <time>2026-05-06T07:34:38.999Z</time>
      </trkpt>
      <trkpt lat="49.958677" lon="14.555423">
        <ele>399.919250</ele>
        <time>2026-05-06T07:34:42.999Z</time>
      </trkpt>
      <trkpt lat="49.958622" lon="14.555553">
        <ele>399.946706</ele>
        <time>2026-05-06T07:34:46.999Z</time>
      </trkpt>
      <trkpt lat="49.958564" lon="14.555689">
        <ele>399.975498</ele>
        <time>2026-05-06T07:34:50.999Z</time>
      </trkpt>
      <trkpt lat="49.958503" lon="14.555843">
        <ele>400.007410</ele>
        <time>2026-05-06T07:34:54.999Z</time>
      </trkpt>
      <trkpt lat="49.958449" lon="14.555967">
        <ele>399.876026</ele>
        <time>2026-05-06T07:34:57.999Z</time>
      </trkpt>
      <trkpt lat="49.958393" lon="14.556127">
        <ele>399.696591</ele>
        <time>2026-05-06T07:35:01.999Z</time>
      </trkpt>
      <trkpt lat="49.958341" lon="14.556262">
        <ele>399.541586</ele>
        <time>2026-05-06T07:35:04.999Z</time>
      </trkpt>
      <trkpt lat="49.958289" lon="14.556398">
        <ele>399.385734</ele>
        <time>2026-05-06T07:35:07.999Z</time>
      </trkpt>
      <trkpt lat="49.958232" lon="14.556555">
        <ele>399.208142</ele>
        <time>2026-05-06T07:35:11.999Z</time>
      </trkpt>
      <trkpt lat="49.958172" lon="14.556682">
        <ele>399.052920</ele>
        <time>2026-05-06T07:35:14.999Z</time>
      </trkpt>
      <trkpt lat="49.958119" lon="14.556827">
        <ele>398.888633</ele>
        <time>2026-05-06T07:35:17.999Z</time>
      </trkpt>
      <trkpt lat="49.958072" lon="14.556956">
        <ele>398.742588</ele>
        <time>2026-05-06T07:35:20.999Z</time>
      </trkpt>
      <trkpt lat="49.958016" lon="14.557109">
        <ele>398.569178</ele>
        <time>2026-05-06T07:35:23.999Z</time>
      </trkpt>
      <trkpt lat="49.957958" lon="14.557267">
        <ele>398.389973</ele>
        <time>2026-05-06T07:35:26.999Z</time>
      </trkpt>
      <trkpt lat="49.957895" lon="14.557429">
        <ele>398.203491</ele>
        <time>2026-05-06T07:35:29.999Z</time>
      </trkpt>
      <trkpt lat="49.957835" lon="14.557576">
        <ele>398.031992</ele>
        <time>2026-05-06T07:35:32.999Z</time>
      </trkpt>
      <trkpt lat="49.957796" lon="14.557706">
        <ele>397.890685</ele>
        <time>2026-05-06T07:35:34.999Z</time>
      </trkpt>
      <trkpt lat="49.957711" lon="14.557842">
        <ele>397.703895</ele>
        <time>2026-05-06T07:35:37.999Z</time>
      </trkpt>
      <trkpt lat="49.957634" lon="14.558001">
        <ele>397.507842</ele>
        <time>2026-05-06T07:35:40.998Z</time>
      </trkpt>
      <trkpt lat="49.957560" lon="14.558149">
        <ele>397.323187</ele>
        <time>2026-05-06T07:35:43.998Z</time>
      </trkpt>
      <trkpt lat="49.957476" lon="14.558291">
        <ele>397.194504</ele>
        <time>2026-05-06T07:35:46.998Z</time>
      </trkpt>
      <trkpt lat="49.957393" lon="14.558411">
        <ele>397.107833</ele>
        <time>2026-05-06T07:35:49.998Z</time>
      </trkpt>
      <trkpt lat="49.957302" lon="14.558534">
        <ele>397.015626</ele>
        <time>2026-05-06T07:35:52.998Z</time>
      </trkpt>
      <trkpt lat="49.957210" lon="14.558655">
        <ele>396.923480</ele>
        <time>2026-05-06T07:35:55.998Z</time>
      </trkpt>
      <trkpt lat="49.957124" lon="14.558771">
        <ele>396.836418</ele>
        <time>2026-05-06T07:35:58.998Z</time>
      </trkpt>
      <trkpt lat="49.957056" lon="14.558870">
        <ele>396.765180</ele>
        <time>2026-05-06T07:36:02.998Z</time>
      </trkpt>
      <trkpt lat="49.957002" lon="14.559006">
        <ele>396.686564</ele>
        <time>2026-05-06T07:36:07.998Z</time>
      </trkpt>
      <trkpt lat="49.956943" lon="14.559131">
        <ele>396.610302</ele>
        <time>2026-05-06T07:36:11.998Z</time>
      </trkpt>
      <trkpt lat="49.956919" lon="14.559300">
        <ele>396.525167</ele>
        <time>2026-05-06T07:36:17.000Z</time>
      </trkpt>
      <trkpt lat="49.956882" lon="14.559449">
        <ele>396.446601</ele>
        <time>2026-05-06T07:36:20.000Z</time>
      </trkpt>
      <trkpt lat="49.956867" lon="14.559618">
        <ele>396.362680</ele>
        <time>2026-05-06T07:36:24.000Z</time>
      </trkpt>
      <trkpt lat="49.956876" lon="14.559762">
        <ele>396.291511</ele>
        <time>2026-05-06T07:36:29.000Z</time>
      </trkpt>
      <trkpt lat="49.957030" lon="14.559942">
        <ele>396.144185</ele>
        <time>2026-05-06T07:37:25.999Z</time>
      </trkpt>
      <trkpt lat="49.957109" lon="14.560025">
        <ele>396.071277</ele>
        <time>2026-05-06T07:37:28.999Z</time>
      </trkpt>
      <trkpt lat="49.957199" lon="14.560117">
        <ele>395.988916</ele>
        <time>2026-05-06T07:37:31.999Z</time>
      </trkpt>
      <trkpt lat="49.957294" lon="14.560215">
        <ele>395.901737</ele>
        <time>2026-05-06T07:37:34.999Z</time>
      </trkpt>
      <trkpt lat="49.957389" lon="14.560331">
        <ele>395.824893</ele>
        <time>2026-05-06T07:37:37.999Z</time>
      </trkpt>
      <trkpt lat="49.957471" lon="14.560460">
        <ele>395.755171</ele>
        <time>2026-05-06T07:37:40.999Z</time>
      </trkpt>
      <trkpt lat="49.957547" lon="14.560607">
        <ele>395.682666</ele>
        <time>2026-05-06T07:37:43.999Z</time>
      </trkpt>
      <trkpt lat="49.957631" lon="14.560772">
        <ele>395.601770</ele>
        <time>2026-05-06T07:37:46.999Z</time>
      </trkpt>
      <trkpt lat="49.957695" lon="14.560896">
        <ele>395.540651</ele>
        <time>2026-05-06T07:37:48.998Z</time>
      </trkpt>
      <trkpt lat="49.957778" lon="14.561040">
        <ele>395.466318</ele>
        <time>2026-05-06T07:37:51.998Z</time>
      </trkpt>
      <trkpt lat="49.957813" lon="14.561189">
        <ele>395.405334</ele>
        <time>2026-05-06T07:37:54.998Z</time>
      </trkpt>
      <trkpt lat="49.957808" lon="14.561347">
        <ele>395.344515</ele>
        <time>2026-05-06T07:37:57.998Z</time>
      </trkpt>
      <trkpt lat="49.957756" lon="14.561513">
        <ele>395.273530</ele>
        <time>2026-05-06T07:38:01.998Z</time>
      </trkpt>
      <trkpt lat="49.957705" lon="14.561646">
        <ele>395.214002</ele>
        <time>2026-05-06T07:38:04.998Z</time>
      </trkpt>
      <trkpt lat="49.957646" lon="14.561799">
        <ele>395.145421</ele>
        <time>2026-05-06T07:38:07.998Z</time>
      </trkpt>
      <trkpt lat="49.957589" lon="14.561927">
        <ele>395.085570</ele>
        <time>2026-05-06T07:38:10.998Z</time>
      </trkpt>
      <trkpt lat="49.957485" lon="14.561932">
        <ele>395.023390</ele>
        <time>2026-05-06T07:38:13.998Z</time>
      </trkpt>
      <trkpt lat="49.957397" lon="14.561989">
        <ele>394.966418</ele>
        <time>2026-05-06T07:38:16.998Z</time>
      </trkpt>
      <trkpt lat="49.957303" lon="14.562065">
        <ele>394.903098</ele>
        <time>2026-05-06T07:38:20.000Z</time>
      </trkpt>
      <trkpt lat="49.957209" lon="14.562132">
        <ele>394.841299</ele>
        <time>2026-05-06T07:38:23.000Z</time>
      </trkpt>
      <trkpt lat="49.957109" lon="14.562204">
        <ele>394.843378</ele>
        <time>2026-05-06T07:38:26.000Z</time>
      </trkpt>
      <trkpt lat="49.957014" lon="14.562278">
        <ele>394.923005</ele>
        <time>2026-05-06T07:38:29.000Z</time>
      </trkpt>
      <trkpt lat="49.956924" lon="14.562347">
        <ele>394.998205</ele>
        <time>2026-05-06T07:38:32.000Z</time>
      </trkpt>
      <trkpt lat="49.956826" lon="14.562417">
        <ele>395.079024</ele>
        <time>2026-05-06T07:38:35.000Z</time>
      </trkpt>
      <trkpt lat="49.956726" lon="14.562499">
        <ele>395.163748</ele>
        <time>2026-05-06T07:38:38.000Z</time>
      </trkpt>
      <trkpt lat="49.956629" lon="14.562576">
        <ele>395.245366</ele>
        <time>2026-05-06T07:38:41.000Z</time>
      </trkpt>
      <trkpt lat="49.956528" lon="14.562656">
        <ele>395.330311</ele>
        <time>2026-05-06T07:38:44.000Z</time>
      </trkpt>
      <trkpt lat="49.956428" lon="14.562734">
        <ele>395.414152</ele>
        <time>2026-05-06T07:38:46.999Z</time>
      </trkpt>
      <trkpt lat="49.956332" lon="14.562811">
        <ele>395.495104</ele>
        <time>2026-05-06T07:38:49.999Z</time>
      </trkpt>
      <trkpt lat="49.956229" lon="14.562880">
        <ele>395.579150</ele>
        <time>2026-05-06T07:38:52.999Z</time>
      </trkpt>
      <trkpt lat="49.956126" lon="14.562965">
        <ele>395.666538</ele>
        <time>2026-05-06T07:38:55.999Z</time>
      </trkpt>
      <trkpt lat="49.956027" lon="14.563047">
        <ele>395.750600</ele>
        <time>2026-05-06T07:38:58.999Z</time>
      </trkpt>
      <trkpt lat="49.955931" lon="14.563123">
        <ele>395.831331</ele>
        <time>2026-05-06T07:39:01.999Z</time>
      </trkpt>
      <trkpt lat="49.955831" lon="14.563207">
        <ele>395.916510</ele>
        <time>2026-05-06T07:39:04.999Z</time>
      </trkpt>
      <trkpt lat="49.955735" lon="14.563283">
        <ele>395.997241</ele>
        <time>2026-05-06T07:39:07.999Z</time>
      </trkpt>
      <trkpt lat="49.955639" lon="14.563359">
        <ele>396.077973</ele>
        <time>2026-05-06T07:39:10.999Z</time>
      </trkpt>
      <trkpt lat="49.955543" lon="14.563438">
        <ele>396.175930</ele>
        <time>2026-05-06T07:39:13.999Z</time>
      </trkpt>
      <trkpt lat="49.955450" lon="14.563515">
        <ele>396.473744</ele>
        <time>2026-05-06T07:39:16.999Z</time>
      </trkpt>
      <trkpt lat="49.955354" lon="14.563587">
        <ele>396.775007</ele>
        <time>2026-05-06T07:39:19.999Z</time>
      </trkpt>
      <trkpt lat="49.955258" lon="14.563661">
        <ele>397.077868</ele>
        <time>2026-05-06T07:39:22.999Z</time>
      </trkpt>
      <trkpt lat="49.955165" lon="14.563725">
        <ele>397.365326</ele>
        <time>2026-05-06T07:39:25.999Z</time>
      </trkpt>
      <trkpt lat="49.955074" lon="14.563801">
        <ele>397.657299</ele>
        <time>2026-05-06T07:39:28.999Z</time>
      </trkpt>
      <trkpt lat="49.954984" lon="14.563867">
        <ele>397.938559</ele>
        <time>2026-05-06T07:39:31.999Z</time>
      </trkpt>
      <trkpt lat="49.954890" lon="14.563943">
        <ele>398.238028</ele>
        <time>2026-05-06T07:39:34.999Z</time>
      </trkpt>
      <trkpt lat="49.954794" lon="14.564012">
        <ele>398.536960</ele>
        <time>2026-05-06T07:39:37.999Z</time>
      </trkpt>
      <trkpt lat="49.954702" lon="14.564082">
        <ele>398.826466</ele>
        <time>2026-05-06T07:39:40.999Z</time>
      </trkpt>
      <trkpt lat="49.954608" lon="14.564144">
        <ele>399.115072</ele>
        <time>2026-05-06T07:39:43.999Z</time>
      </trkpt>
      <trkpt lat="49.954514" lon="14.564199">
        <ele>399.398947</ele>
        <time>2026-05-06T07:39:46.999Z</time>
      </trkpt>
      <trkpt lat="49.954402" lon="14.564264">
        <ele>399.736842</ele>
        <time>2026-05-06T07:39:50.999Z</time>
      </trkpt>
      <trkpt lat="49.954312" lon="14.564309">
        <ele>400.004049</ele>
        <time>2026-05-06T07:39:53.999Z</time>
      </trkpt>
      <trkpt lat="49.954222" lon="14.564352">
        <ele>400.270164</ele>
        <time>2026-05-06T07:39:56.998Z</time>
      </trkpt>
      <trkpt lat="49.954113" lon="14.564412">
        <ele>400.596983</ele>
        <time>2026-05-06T07:40:00.998Z</time>
      </trkpt>
      <trkpt lat="49.954004" lon="14.564458">
        <ele>400.916205</ele>
        <time>2026-05-06T07:40:04.998Z</time>
      </trkpt>
      <trkpt lat="49.953900" lon="14.564505">
        <ele>401.222315</ele>
        <time>2026-05-06T07:40:08.998Z</time>
      </trkpt>
      <trkpt lat="49.953795" lon="14.564563">
        <ele>401.422423</ele>
        <time>2026-05-06T07:40:12.998Z</time>
      </trkpt>
      <trkpt lat="49.953690" lon="14.564610">
        <ele>401.613163</ele>
        <time>2026-05-06T07:40:16.998Z</time>
      </trkpt>
      <trkpt lat="49.953587" lon="14.564658">
        <ele>401.800869</ele>
        <time>2026-05-06T07:40:20.998Z</time>
      </trkpt>
      <trkpt lat="49.953483" lon="14.564708">
        <ele>401.990900</ele>
        <time>2026-05-06T07:40:25.000Z</time>
      </trkpt>
      <trkpt lat="49.953380" lon="14.564759">
        <ele>402.179602</ele>
        <time>2026-05-06T07:40:29.000Z</time>
      </trkpt>
      <trkpt lat="49.953280" lon="14.564804">
        <ele>402.361333</ele>
        <time>2026-05-06T07:40:33.000Z</time>
      </trkpt>
      <trkpt lat="49.953182" lon="14.564857">
        <ele>402.542464</ele>
        <time>2026-05-06T07:40:37.000Z</time>
      </trkpt>
      <trkpt lat="49.953083" lon="14.564905">
        <ele>402.723494</ele>
        <time>2026-05-06T07:40:41.000Z</time>
      </trkpt>
      <trkpt lat="49.952982" lon="14.564959">
        <ele>402.909941</ele>
        <time>2026-05-06T07:40:45.000Z</time>
      </trkpt>
      <trkpt lat="49.952882" lon="14.565020">
        <ele>403.097466</ele>
        <time>2026-05-06T07:40:49.000Z</time>
      </trkpt>
      <trkpt lat="49.952774" lon="14.565068">
        <ele>403.293549</ele>
        <time>2026-05-06T07:40:52.999Z</time>
      </trkpt>
      <trkpt lat="49.952665" lon="14.565124">
        <ele>403.493947</ele>
        <time>2026-05-06T07:40:56.999Z</time>
      </trkpt>
      <trkpt lat="49.952556" lon="14.565199">
        <ele>403.702032</ele>
        <time>2026-05-06T07:41:00.999Z</time>
      </trkpt>
      <trkpt lat="49.952468" lon="14.565267">
        <ele>403.873585</ele>
        <time>2026-05-06T07:41:03.999Z</time>
      </trkpt>
      <trkpt lat="49.952366" lon="14.565356">
        <ele>404.077779</ele>
        <time>2026-05-06T07:41:06.999Z</time>
      </trkpt>
      <trkpt lat="49.952254" lon="14.565458">
        <ele>404.304381</ele>
        <time>2026-05-06T07:41:09.999Z</time>
      </trkpt>
      <trkpt lat="49.952175" lon="14.565530">
        <ele>404.288081</ele>
        <time>2026-05-06T07:41:11.999Z</time>
      </trkpt>
      <trkpt lat="49.952090" lon="14.565608">
        <ele>404.113812</ele>
        <time>2026-05-06T07:41:13.999Z</time>
      </trkpt>
      <trkpt lat="49.952005" lon="14.565701">
        <ele>403.930293</ele>
        <time>2026-05-06T07:41:15.999Z</time>
      </trkpt>
      <trkpt lat="49.951909" lon="14.565807">
        <ele>403.722390</ele>
        <time>2026-05-06T07:41:17.999Z</time>
      </trkpt>
      <trkpt lat="49.951815" lon="14.565928">
        <ele>403.506908</ele>
        <time>2026-05-06T07:41:19.999Z</time>
      </trkpt>
      <trkpt lat="49.951730" lon="14.566055">
        <ele>403.298745</ele>
        <time>2026-05-06T07:41:21.999Z</time>
      </trkpt>
      <trkpt lat="49.951658" lon="14.566205">
        <ele>403.086162</ele>
        <time>2026-05-06T07:41:23.999Z</time>
      </trkpt>
      <trkpt lat="49.951567" lon="14.566364">
        <ele>402.844433</ele>
        <time>2026-05-06T07:41:25.999Z</time>
      </trkpt>
      <trkpt lat="49.951520" lon="14.566545">
        <ele>402.622713</ele>
        <time>2026-05-06T07:41:27.999Z</time>
      </trkpt>
      <trkpt lat="49.951459" lon="14.566716">
        <ele>402.400609</ele>
        <time>2026-05-06T07:41:29.999Z</time>
      </trkpt>
      <trkpt lat="49.951401" lon="14.566900">
        <ele>402.167858</ele>
        <time>2026-05-06T07:41:31.999Z</time>
      </trkpt>
      <trkpt lat="49.951346" lon="14.567064">
        <ele>401.957775</ele>
        <time>2026-05-06T07:41:33.999Z</time>
      </trkpt>
      <trkpt lat="49.951286" lon="14.567233">
        <ele>401.738512</ele>
        <time>2026-05-06T07:41:35.999Z</time>
      </trkpt>
      <trkpt lat="49.951239" lon="14.567371">
        <ele>401.561143</ele>
        <time>2026-05-06T07:41:37.999Z</time>
      </trkpt>
      <trkpt lat="49.951198" lon="14.567515">
        <ele>401.382265</ele>
        <time>2026-05-06T07:41:39.999Z</time>
      </trkpt>
      <trkpt lat="49.951147" lon="14.567656">
        <ele>401.203465</ele>
        <time>2026-05-06T07:41:42.999Z</time>
      </trkpt>
      <trkpt lat="49.951023" lon="14.568020">
        <ele>401.587077</ele>
        <time>2026-05-06T07:42:33.000Z</time>
      </trkpt>
      <trkpt lat="49.950970" lon="14.568143">
        <ele>401.724955</ele>
        <time>2026-05-06T07:42:36.000Z</time>
      </trkpt>
      <trkpt lat="49.950931" lon="14.568277">
        <ele>401.861937</ele>
        <time>2026-05-06T07:42:40.000Z</time>
      </trkpt>
      <trkpt lat="49.950873" lon="14.568396">
        <ele>402.000982</ele>
        <time>2026-05-06T07:42:43.000Z</time>
      </trkpt>
      <trkpt lat="49.950844" lon="14.568536">
        <ele>402.137969</ele>
        <time>2026-05-06T07:42:47.000Z</time>
      </trkpt>
      <trkpt lat="49.950809" lon="14.568676">
        <ele>402.277862</ele>
        <time>2026-05-06T07:42:54.000Z</time>
      </trkpt>
      <trkpt lat="49.950772" lon="14.568838">
        <ele>402.437973</ele>
        <time>2026-05-06T07:42:59.999Z</time>
      </trkpt>
      <trkpt lat="49.950730" lon="14.568968">
        <ele>402.573462</ele>
        <time>2026-05-06T07:43:02.999Z</time>
      </trkpt>
      <trkpt lat="49.950677" lon="14.569104">
        <ele>402.721554</ele>
        <time>2026-05-06T07:43:05.999Z</time>
      </trkpt>
      <trkpt lat="49.950600" lon="14.569238">
        <ele>402.888887</ele>
        <time>2026-05-06T07:43:08.999Z</time>
      </trkpt>
      <trkpt lat="49.950519" lon="14.569386">
        <ele>403.069856</ele>
        <time>2026-05-06T07:43:11.999Z</time>
      </trkpt>
      <trkpt lat="49.950429" lon="14.569505">
        <ele>403.240904</ele>
        <time>2026-05-06T07:43:14.999Z</time>
      </trkpt>
      <trkpt lat="49.950349" lon="14.569632">
        <ele>403.406441</ele>
        <time>2026-05-06T07:43:17.999Z</time>
      </trkpt>
      <trkpt lat="49.950265" lon="14.569751">
        <ele>403.570970</ele>
        <time>2026-05-06T07:43:20.999Z</time>
      </trkpt>
      <trkpt lat="49.950182" lon="14.569862">
        <ele>403.729474</ele>
        <time>2026-05-06T07:43:23.999Z</time>
      </trkpt>
      <trkpt lat="49.950100" lon="14.569970">
        <ele>403.767313</ele>
        <time>2026-05-06T07:43:26.999Z</time>
      </trkpt>
      <trkpt lat="49.950022" lon="14.570073">
        <ele>403.698053</ele>
        <time>2026-05-06T07:43:29.999Z</time>
      </trkpt>
      <trkpt lat="49.949941" lon="14.570171">
        <ele>403.628592</ele>
        <time>2026-05-06T07:43:32.999Z</time>
      </trkpt>
      <trkpt lat="49.949852" lon="14.570280">
        <ele>403.551915</ele>
        <time>2026-05-06T07:43:35.999Z</time>
      </trkpt>
      <trkpt lat="49.949763" lon="14.570412">
        <ele>403.468668</ele>
        <time>2026-05-06T07:43:38.999Z</time>
      </trkpt>
      <trkpt lat="49.949697" lon="14.570517">
        <ele>403.404757</ele>
        <time>2026-05-06T07:43:40.999Z</time>
      </trkpt>
      <trkpt lat="49.949625" lon="14.570636">
        <ele>403.333635</ele>
        <time>2026-05-06T07:43:42.999Z</time>
      </trkpt>
      <trkpt lat="49.949538" lon="14.570768">
        <ele>403.251361</ele>
        <time>2026-05-06T07:43:44.999Z</time>
      </trkpt>
      <trkpt lat="49.949456" lon="14.570911">
        <ele>403.167961</ele>
        <time>2026-05-06T07:43:46.999Z</time>
      </trkpt>
      <trkpt lat="49.949370" lon="14.571055">
        <ele>403.082418</ele>
        <time>2026-05-06T07:43:48.999Z</time>
      </trkpt>
      <trkpt lat="49.949280" lon="14.571213">
        <ele>402.990540</ele>
        <time>2026-05-06T07:43:50.999Z</time>
      </trkpt>
      <trkpt lat="49.949192" lon="14.571356">
        <ele>402.904385</ele>
        <time>2026-05-06T07:43:52.999Z</time>
      </trkpt>
      <trkpt lat="49.949111" lon="14.571503">
        <ele>402.820118</ele>
        <time>2026-05-06T07:43:54.999Z</time>
      </trkpt>
      <trkpt lat="49.949043" lon="14.571635">
        <ele>402.746493</ele>
        <time>2026-05-06T07:43:56.999Z</time>
      </trkpt>
      <trkpt lat="49.948991" lon="14.571780">
        <ele>402.674215</ele>
        <time>2026-05-06T07:43:58.999Z</time>
      </trkpt>
      <trkpt lat="49.948945" lon="14.571910">
        <ele>402.609617</ele>
        <time>2026-05-06T07:44:00.999Z</time>
      </trkpt>
      <trkpt lat="49.948903" lon="14.572040">
        <ele>402.649833</ele>
        <time>2026-05-06T07:44:02.999Z</time>
      </trkpt>
      <trkpt lat="49.948846" lon="14.572166">
        <ele>402.750277</ele>
        <time>2026-05-06T07:44:04.999Z</time>
      </trkpt>
      <trkpt lat="49.948809" lon="14.572307">
        <ele>402.849581</ele>
        <time>2026-05-06T07:44:06.999Z</time>
      </trkpt>
      <trkpt lat="49.948757" lon="14.572476">
        <ele>402.971746</ele>
        <time>2026-05-06T07:44:08.999Z</time>
      </trkpt>
      <trkpt lat="49.948724" lon="14.572617">
        <ele>403.069591</ele>
        <time>2026-05-06T07:44:10.998Z</time>
      </trkpt>
      <trkpt lat="49.948680" lon="14.572749">
        <ele>403.166539</ele>
        <time>2026-05-06T07:44:12.998Z</time>
      </trkpt>
      <trkpt lat="49.948596" lon="14.572882">
        <ele>403.288073</ele>
        <time>2026-05-06T07:44:14.998Z</time>
      </trkpt>
      <trkpt lat="49.948519" lon="14.572998">
        <ele>403.396759</ele>
        <time>2026-05-06T07:44:16.998Z</time>
      </trkpt>
      <trkpt lat="49.948428" lon="14.573092">
        <ele>403.507500</ele>
        <time>2026-05-06T07:44:18.998Z</time>
      </trkpt>
      <trkpt lat="49.948357" lon="14.573213">
        <ele>403.614292</ele>
        <time>2026-05-06T07:44:20.998Z</time>
      </trkpt>
      <trkpt lat="49.948281" lon="14.573316">
        <ele>403.716492</ele>
        <time>2026-05-06T07:44:22.998Z</time>
      </trkpt>
      <trkpt lat="49.948210" lon="14.573418">
        <ele>403.814485</ele>
        <time>2026-05-06T07:44:24.998Z</time>
      </trkpt>
      <trkpt lat="49.948105" lon="14.573537">
        <ele>403.946192</ele>
        <time>2026-05-06T07:44:27.998Z</time>
      </trkpt>
      <trkpt lat="49.948011" lon="14.573593">
        <ele>404.048219</ele>
        <time>2026-05-06T07:44:29.998Z</time>
      </trkpt>
      <trkpt lat="49.947892" lon="14.573707">
        <ele>404.189897</ele>
        <time>2026-05-06T07:44:32.998Z</time>
      </trkpt>
      <trkpt lat="49.947801" lon="14.573840">
        <ele>404.316502</ele>
        <time>2026-05-06T07:44:35.998Z</time>
      </trkpt>
      <trkpt lat="49.947707" lon="14.573954">
        <ele>404.543617</ele>
        <time>2026-05-06T07:44:39.000Z</time>
      </trkpt>
      <trkpt lat="49.947628" lon="14.574083">
        <ele>405.121567</ele>
        <time>2026-05-06T07:44:42.000Z</time>
      </trkpt>
      <trkpt lat="49.947549" lon="14.574204">
        <ele>405.680996</ele>
        <time>2026-05-06T07:44:45.000Z</time>
      </trkpt>
      <trkpt lat="49.947490" lon="14.574324">
        <ele>406.171116</ele>
        <time>2026-05-06T07:44:48.000Z</time>
      </trkpt>
      <trkpt lat="49.947421" lon="14.574434">
        <ele>406.669665</ele>
        <time>2026-05-06T07:44:51.000Z</time>
      </trkpt>
      <trkpt lat="49.947349" lon="14.574570">
        <ele>407.241224</ele>
        <time>2026-05-06T07:44:55.000Z</time>
      </trkpt>
      <trkpt lat="49.947270" lon="14.574699">
        <ele>407.819176</ele>
        <time>2026-05-06T07:44:59.000Z</time>
      </trkpt>
      <trkpt lat="49.947197" lon="14.574835">
        <ele>408.393953</ele>
        <time>2026-05-06T07:45:03.000Z</time>
      </trkpt>
      <trkpt lat="49.947131" lon="14.574949">
        <ele>408.891636</ele>
        <time>2026-05-06T07:45:06.999Z</time>
      </trkpt>
      <trkpt lat="49.947071" lon="14.575063">
        <ele>409.369610</ele>
        <time>2026-05-06T07:45:10.999Z</time>
      </trkpt>
      <trkpt lat="49.946999" lon="14.575174">
        <ele>409.881119</ele>
        <time>2026-05-06T07:45:14.999Z</time>
      </trkpt>
      <trkpt lat="49.946932" lon="14.575281">
        <ele>410.365658</ele>
        <time>2026-05-06T07:45:18.999Z</time>
      </trkpt>
      <trkpt lat="49.946864" lon="14.575397">
        <ele>410.874924</ele>
        <time>2026-05-06T07:45:22.999Z</time>
      </trkpt>
      <trkpt lat="49.946804" lon="14.575504">
        <ele>411.335539</ele>
        <time>2026-05-06T07:45:26.999Z</time>
      </trkpt>
      <trkpt lat="49.946729" lon="14.575631">
        <ele>411.894976</ele>
        <time>2026-05-06T07:45:31.999Z</time>
      </trkpt>
      <trkpt lat="49.946660" lon="14.575750">
        <ele>412.414846</ele>
        <time>2026-05-06T07:45:36.999Z</time>
      </trkpt>
      <trkpt lat="49.946590" lon="14.575865">
        <ele>412.928598</ele>
        <time>2026-05-06T07:45:41.999Z</time>
      </trkpt>
      <trkpt lat="49.946520" lon="14.575984">
        <ele>413.451857</ele>
        <time>2026-05-06T07:45:46.999Z</time>
      </trkpt>
      <trkpt lat="49.946454" lon="14.576100">
        <ele>413.881982</ele>
        <time>2026-05-06T07:45:51.999Z</time>
      </trkpt>
      <trkpt lat="49.946389" lon="14.576227">
        <ele>414.327901</ele>
        <time>2026-05-06T07:45:56.999Z</time>
      </trkpt>
      <trkpt lat="49.946312" lon="14.576335">
        <ele>414.770847</ele>
        <time>2026-05-06T07:46:01.999Z</time>
      </trkpt>
      <trkpt lat="49.946246" lon="14.576457">
        <ele>415.208833</ele>
        <time>2026-05-06T07:46:06.999Z</time>
      </trkpt>
      <trkpt lat="49.946174" lon="14.576579">
        <ele>415.663731</ele>
        <time>2026-05-06T07:46:11.999Z</time>
      </trkpt>
      <trkpt lat="49.946101" lon="14.576717">
        <ele>416.154639</ele>
        <time>2026-05-06T07:46:16.998Z</time>
      </trkpt>
      <trkpt lat="49.946034" lon="14.576823">
        <ele>416.562940</ele>
        <time>2026-05-06T07:46:20.998Z</time>
      </trkpt>
      <trkpt lat="49.945970" lon="14.576938">
        <ele>416.980749</ele>
        <time>2026-05-06T07:46:24.998Z</time>
      </trkpt>
      <trkpt lat="49.945897" lon="14.577063">
        <ele>417.444616</ele>
        <time>2026-05-06T07:46:28.998Z</time>
      </trkpt>
      <trkpt lat="49.945827" lon="14.577194">
        <ele>417.912536</ele>
        <time>2026-05-06T07:46:32.998Z</time>
      </trkpt>
      <trkpt lat="49.945754" lon="14.577320">
        <ele>418.378443</ele>
        <time>2026-05-06T07:46:36.998Z</time>
      </trkpt>
      <trkpt lat="49.945678" lon="14.577449">
        <ele>418.859065</ele>
        <time>2026-05-06T07:46:40.998Z</time>
      </trkpt>
      <trkpt lat="49.945606" lon="14.577581">
        <ele>419.334581</ele>
        <time>2026-05-06T07:46:45.000Z</time>
      </trkpt>
      <trkpt lat="49.945533" lon="14.577709">
        <ele>419.804588</ele>
        <time>2026-05-06T07:46:49.000Z</time>
      </trkpt>
      <trkpt lat="49.945462" lon="14.577831">
        <ele>420.256613</ele>
        <time>2026-05-06T07:46:53.000Z</time>
      </trkpt>
      <trkpt lat="49.945393" lon="14.577955">
        <ele>420.707098</ele>
        <time>2026-05-06T07:46:57.000Z</time>
      </trkpt>
      <trkpt lat="49.945313" lon="14.578071">
        <ele>421.160846</ele>
        <time>2026-05-06T07:47:01.000Z</time>
      </trkpt>
      <trkpt lat="49.945247" lon="14.578167">
        <ele>421.092020</ele>
        <time>2026-05-06T07:47:04.000Z</time>
      </trkpt>
      <trkpt lat="49.945151" lon="14.578258">
        <ele>421.006407</ele>
        <time>2026-05-06T07:47:08.000Z</time>
      </trkpt>
      <trkpt lat="49.945038" lon="14.578294">
        <ele>420.918587</ele>
        <time>2026-05-06T07:47:12.000Z</time>
      </trkpt>
      <trkpt lat="49.944928" lon="14.578298">
        <ele>420.834817</ele>
        <time>2026-05-06T07:47:15.999Z</time>
      </trkpt>
      <trkpt lat="49.944817" lon="14.578273">
        <ele>420.749426</ele>
        <time>2026-05-06T07:47:18.999Z</time>
      </trkpt>
      <trkpt lat="49.944728" lon="14.578252">
        <ele>420.680890</ele>
        <time>2026-05-06T07:47:20.999Z</time>
      </trkpt>
      <trkpt lat="49.944633" lon="14.578232">
        <ele>420.607903</ele>
        <time>2026-05-06T07:47:22.999Z</time>
      </trkpt>
      <trkpt lat="49.944533" lon="14.578220">
        <ele>420.531542</ele>
        <time>2026-05-06T07:47:24.999Z</time>
      </trkpt>
      <trkpt lat="49.944424" lon="14.578223">
        <ele>420.448544</ele>
        <time>2026-05-06T07:47:26.999Z</time>
      </trkpt>
      <trkpt lat="49.944318" lon="14.578234">
        <ele>420.367663</ele>
        <time>2026-05-06T07:47:28.999Z</time>
      </trkpt>
      <trkpt lat="49.944198" lon="14.578243">
        <ele>420.276196</ele>
        <time>2026-05-06T07:47:30.999Z</time>
      </trkpt>
      <trkpt lat="49.944092" lon="14.578276">
        <ele>420.193891</ele>
        <time>2026-05-06T07:47:32.999Z</time>
      </trkpt>
      <trkpt lat="49.943980" lon="14.578354">
        <ele>420.100449</ele>
        <time>2026-05-06T07:47:34.999Z</time>
      </trkpt>
      <trkpt lat="49.943892" lon="14.578460">
        <ele>420.015680</ele>
        <time>2026-05-06T07:47:36.999Z</time>
      </trkpt>
      <trkpt lat="49.943797" lon="14.578597">
        <ele>419.917005</ele>
        <time>2026-05-06T07:47:38.999Z</time>
      </trkpt>
      <trkpt lat="49.943708" lon="14.578717">
        <ele>419.827295</ele>
        <time>2026-05-06T07:47:40.999Z</time>
      </trkpt>
      <trkpt lat="49.943607" lon="14.578829">
        <ele>420.063674</ele>
        <time>2026-05-06T07:47:42.999Z</time>
      </trkpt>
      <trkpt lat="49.943506" lon="14.578920">
        <ele>420.459327</ele>
        <time>2026-05-06T07:47:44.999Z</time>
      </trkpt>
      <trkpt lat="49.943396" lon="14.579045">
        <ele>420.921151</ele>
        <time>2026-05-06T07:47:46.999Z</time>
      </trkpt>
      <trkpt lat="49.943295" lon="14.579142">
        <ele>421.323527</ele>
        <time>2026-05-06T07:47:48.999Z</time>
      </trkpt>
      <trkpt lat="49.943190" lon="14.579225">
        <ele>421.722757</ele>
        <time>2026-05-06T07:47:50.999Z</time>
      </trkpt>
      <trkpt lat="49.943085" lon="14.579307">
        <ele>422.121002</ele>
        <time>2026-05-06T07:47:52.999Z</time>
      </trkpt>
      <trkpt lat="49.942976" lon="14.579382">
        <ele>422.524986</ele>
        <time>2026-05-06T07:47:54.998Z</time>
      </trkpt>
      <trkpt lat="49.942887" lon="14.579440">
        <ele>422.852049</ele>
        <time>2026-05-06T07:47:56.998Z</time>
      </trkpt>
      <trkpt lat="49.942793" lon="14.579494">
        <ele>423.191678</ele>
        <time>2026-05-06T07:47:58.998Z</time>
      </trkpt>
      <trkpt lat="49.942699" lon="14.579548">
        <ele>423.531307</ele>
        <time>2026-05-06T07:48:00.998Z</time>
      </trkpt>
      <trkpt lat="49.942573" lon="14.579611">
        <ele>423.979869</ele>
        <time>2026-05-06T07:48:03.998Z</time>
      </trkpt>
      <trkpt lat="49.942466" lon="14.579673">
        <ele>424.366871</ele>
        <time>2026-05-06T07:48:06.998Z</time>
      </trkpt>
      <trkpt lat="49.942379" lon="14.579724">
        <ele>424.681988</ele>
        <time>2026-05-06T07:48:09.998Z</time>
      </trkpt>
      <trkpt lat="49.942275" lon="14.579777">
        <ele>425.052904</ele>
        <time>2026-05-06T07:48:13.998Z</time>
      </trkpt>
      <trkpt lat="49.942175" lon="14.579839">
        <ele>425.417774</ele>
        <time>2026-05-06T07:48:18.998Z</time>
      </trkpt>
      <trkpt lat="49.942071" lon="14.579896">
        <ele>425.791500</ele>
        <time>2026-05-06T07:48:23.998Z</time>
      </trkpt>
      <trkpt lat="49.941983" lon="14.579938">
        <ele>426.317928</ele>
        <time>2026-05-06T07:48:28.998Z</time>
      </trkpt>
      <trkpt lat="49.941896" lon="14.579985">
        <ele>426.942083</ele>
        <time>2026-05-06T07:48:33.998Z</time>
      </trkpt>
      <trkpt lat="49.941799" lon="14.580039">
        <ele>427.640301</ele>
        <time>2026-05-06T07:48:38.998Z</time>
      </trkpt>
      <trkpt lat="49.941705" lon="14.580087">
        <ele>428.310790</ele>
        <time>2026-05-06T07:48:43.998Z</time>
      </trkpt>
      <trkpt lat="49.941619" lon="14.580139">
        <ele>428.936123</ele>
        <time>2026-05-06T07:48:49.000Z</time>
      </trkpt>
      <trkpt lat="49.941529" lon="14.580178">
        <ele>429.569265</ele>
        <time>2026-05-06T07:48:54.000Z</time>
      </trkpt>
      <trkpt lat="49.941425" lon="14.580226">
        <ele>430.304436</ele>
        <time>2026-05-06T07:49:00.000Z</time>
      </trkpt>
      <trkpt lat="49.941339" lon="14.580292">
        <ele>430.954406</ele>
        <time>2026-05-06T07:49:05.000Z</time>
      </trkpt>
      <trkpt lat="49.941251" lon="14.580322">
        <ele>431.564907</ele>
        <time>2026-05-06T07:49:10.000Z</time>
      </trkpt>
      <trkpt lat="49.941166" lon="14.580390">
        <ele>432.212755</ele>
        <time>2026-05-06T07:49:15.000Z</time>
      </trkpt>
      <trkpt lat="49.941069" lon="14.580438">
        <ele>432.902587</ele>
        <time>2026-05-06T07:49:20.999Z</time>
      </trkpt>
      <trkpt lat="49.940976" lon="14.580488">
        <ele>433.569445</ele>
        <time>2026-05-06T07:49:26.999Z</time>
      </trkpt>
      <trkpt lat="49.940880" lon="14.580531">
        <ele>434.246463</ele>
        <time>2026-05-06T07:49:32.999Z</time>
      </trkpt>
      <trkpt lat="49.940792" lon="14.580576">
        <ele>434.874244</ele>
        <time>2026-05-06T07:49:37.999Z</time>
      </trkpt>
      <trkpt lat="49.940688" lon="14.580625">
        <ele>435.610669</ele>
        <time>2026-05-06T07:49:43.999Z</time>
      </trkpt>
      <trkpt lat="49.940599" lon="14.580655">
        <ele>436.227791</ele>
        <time>2026-05-06T07:49:48.999Z</time>
      </trkpt>
      <trkpt lat="49.940503" lon="14.580695">
        <ele>436.901303</ele>
        <time>2026-05-06T07:49:54.999Z</time>
      </trkpt>
      <trkpt lat="49.940398" lon="14.580716">
        <ele>437.618688</ele>
        <time>2026-05-06T07:50:00.999Z</time>
      </trkpt>
      <trkpt lat="49.940308" lon="14.580741">
        <ele>438.195778</ele>
        <time>2026-05-06T07:50:05.999Z</time>
      </trkpt>
      <trkpt lat="49.940202" lon="14.580763">
        <ele>438.729484</ele>
        <time>2026-05-06T07:50:11.999Z</time>
      </trkpt>
      <trkpt lat="49.940110" lon="14.580779">
        <ele>439.191491</ele>
        <time>2026-05-06T07:50:16.999Z</time>
      </trkpt>
      <trkpt lat="49.940016" lon="14.580785">
        <ele>439.661007</ele>
        <time>2026-05-06T07:50:21.998Z</time>
      </trkpt>
      <trkpt lat="49.939922" lon="14.580799">
        <ele>440.132278</ele>
        <time>2026-05-06T07:50:26.998Z</time>
      </trkpt>
      <trkpt lat="49.939829" lon="14.580815">
        <ele>440.599244</ele>
        <time>2026-05-06T07:50:31.998Z</time>
      </trkpt>
      <trkpt lat="49.939734" lon="14.580835">
        <ele>441.077687</ele>
        <time>2026-05-06T07:50:36.998Z</time>
      </trkpt>
      <trkpt lat="49.939639" lon="14.580865">
        <ele>441.561491</ele>
        <time>2026-05-06T07:50:41.998Z</time>
      </trkpt>
      <trkpt lat="49.939541" lon="14.580894">
        <ele>442.059365</ele>
        <time>2026-05-06T07:50:46.998Z</time>
      </trkpt>
      <trkpt lat="49.939441" lon="14.580938">
        <ele>442.578054</ele>
        <time>2026-05-06T07:50:51.998Z</time>
      </trkpt>
      <trkpt lat="49.939340" lon="14.580997">
        <ele>443.116556</ele>
        <time>2026-05-06T07:50:57.000Z</time>
      </trkpt>
      <trkpt lat="49.939242" lon="14.581063">
        <ele>443.649606</ele>
        <time>2026-05-06T07:51:02.000Z</time>
      </trkpt>
      <trkpt lat="49.939157" lon="14.581123">
        <ele>444.115535</ele>
        <time>2026-05-06T07:51:06.000Z</time>
      </trkpt>
      <trkpt lat="49.939071" lon="14.581180">
        <ele>444.582148</ele>
        <time>2026-05-06T07:51:10.000Z</time>
      </trkpt>
      <trkpt lat="49.938968" lon="14.581248">
        <ele>445.140663</ele>
        <time>2026-05-06T07:51:15.000Z</time>
      </trkpt>
      <trkpt lat="49.938882" lon="14.581310">
        <ele>445.613809</ele>
        <time>2026-05-06T07:51:18.999Z</time>
      </trkpt>
      <trkpt lat="49.938786" lon="14.581364">
        <ele>446.123341</ele>
        <time>2026-05-06T07:51:22.999Z</time>
      </trkpt>
      <trkpt lat="49.938696" lon="14.581436">
        <ele>446.628540</ele>
        <time>2026-05-06T07:51:26.999Z</time>
      </trkpt>
      <trkpt lat="49.938614" lon="14.581501">
        <ele>447.061980</ele>
        <time>2026-05-06T07:51:30.999Z</time>
      </trkpt>
      <trkpt lat="49.938535" lon="14.581579">
        <ele>447.176685</ele>
        <time>2026-05-06T07:51:34.999Z</time>
      </trkpt>
      <trkpt lat="49.938451" lon="14.581649">
        <ele>447.293496</ele>
        <time>2026-05-06T07:51:38.999Z</time>
      </trkpt>
      <trkpt lat="49.938366" lon="14.581736">
        <ele>447.418232</ele>
        <time>2026-05-06T07:51:42.999Z</time>
      </trkpt>
      <trkpt lat="49.938282" lon="14.581833">
        <ele>447.546488</ele>
        <time>2026-05-06T07:51:46.999Z</time>
      </trkpt>
      <trkpt lat="49.938193" lon="14.581940">
        <ele>447.684394</ele>
        <time>2026-05-06T07:51:50.999Z</time>
      </trkpt>
      <trkpt lat="49.938113" lon="14.582048">
        <ele>447.814269</ele>
        <time>2026-05-06T07:51:54.999Z</time>
      </trkpt>
      <trkpt lat="49.938031" lon="14.582162">
        <ele>447.949112</ele>
        <time>2026-05-06T07:51:58.999Z</time>
      </trkpt>
      <trkpt lat="49.937940" lon="14.582279">
        <ele>448.093861</ele>
        <time>2026-05-06T07:52:02.999Z</time>
      </trkpt>
      <trkpt lat="49.937869" lon="14.582377">
        <ele>448.210244</ele>
        <time>2026-05-06T07:52:05.999Z</time>
      </trkpt>
      <trkpt lat="49.937795" lon="14.582474">
        <ele>448.328891</ele>
        <time>2026-05-06T07:52:08.999Z</time>
      </trkpt>
      <trkpt lat="49.937717" lon="14.582570">
        <ele>448.450834</ele>
        <time>2026-05-06T07:52:11.999Z</time>
      </trkpt>
      <trkpt lat="49.937632" lon="14.582676">
        <ele>448.584402</ele>
        <time>2026-05-06T07:52:14.999Z</time>
      </trkpt>
      <trkpt lat="49.937547" lon="14.582790">
        <ele>448.722008</ele>
        <time>2026-05-06T07:52:17.999Z</time>
      </trkpt>
      <trkpt lat="49.937457" lon="14.582900">
        <ele>448.862336</ele>
        <time>2026-05-06T07:52:20.999Z</time>
      </trkpt>
      <trkpt lat="49.937366" lon="14.583023">
        <ele>449.010147</ele>
        <time>2026-05-06T07:52:23.999Z</time>
      </trkpt>
      <trkpt lat="49.937270" lon="14.583143">
        <ele>449.161140</ele>
        <time>2026-05-06T07:52:26.998Z</time>
      </trkpt>
      <trkpt lat="49.937172" lon="14.583269">
        <ele>449.367832</ele>
        <time>2026-05-06T07:52:29.998Z</time>
      </trkpt>
      <trkpt lat="49.937075" lon="14.583396">
        <ele>449.656438</ele>
        <time>2026-05-06T07:52:32.998Z</time>
      </trkpt>
      <trkpt lat="49.936974" lon="14.583521">
        <ele>449.950227</ele>
        <time>2026-05-06T07:52:35.998Z</time>
      </trkpt>
      <trkpt lat="49.936860" lon="14.583620">
        <ele>450.247367</ele>
        <time>2026-05-06T07:52:38.998Z</time>
      </trkpt>
      <trkpt lat="49.936739" lon="14.583702">
        <ele>450.547715</ele>
        <time>2026-05-06T07:52:41.998Z</time>
      </trkpt>
      <trkpt lat="49.936625" lon="14.583744">
        <ele>450.814280</ele>
        <time>2026-05-06T07:52:44.998Z</time>
      </trkpt>
      <trkpt lat="49.936512" lon="14.583779">
        <ele>451.076437</ele>
        <time>2026-05-06T07:52:47.998Z</time>
      </trkpt>
      <trkpt lat="49.936403" lon="14.583795">
        <ele>451.325538</ele>
        <time>2026-05-06T07:52:50.998Z</time>
      </trkpt>
      <trkpt lat="49.936295" lon="14.583813">
        <ele>451.572669</ele>
        <time>2026-05-06T07:52:53.998Z</time>
      </trkpt>
      <trkpt lat="49.936190" lon="14.583804">
        <ele>451.811929</ele>
        <time>2026-05-06T07:52:56.998Z</time>
      </trkpt>
      <trkpt lat="49.936095" lon="14.583811">
        <ele>452.028315</ele>
        <time>2026-05-06T07:52:59.998Z</time>
      </trkpt>
      <trkpt lat="49.936001" lon="14.583809">
        <ele>452.242204</ele>
        <time>2026-05-06T07:53:03.000Z</time>
      </trkpt>
      <trkpt lat="49.935906" lon="14.583812">
        <ele>452.458393</ele>
        <time>2026-05-06T07:53:06.000Z</time>
      </trkpt>
      <trkpt lat="49.935807" lon="14.583819">
        <ele>452.683871</ele>
        <time>2026-05-06T07:53:09.000Z</time>
      </trkpt>
      <trkpt lat="49.935712" lon="14.583823">
        <ele>452.900094</ele>
        <time>2026-05-06T07:53:12.000Z</time>
      </trkpt>
      <trkpt lat="49.935619" lon="14.583821">
        <ele>453.111708</ele>
        <time>2026-05-06T07:53:15.000Z</time>
      </trkpt>
      <trkpt lat="49.935507" lon="14.583817">
        <ele>453.368405</ele>
        <time>2026-05-06T07:53:19.000Z</time>
      </trkpt>
      <trkpt lat="49.935395" lon="14.583823">
        <ele>453.651118</ele>
        <time>2026-05-06T07:53:23.000Z</time>
      </trkpt>
      <trkpt lat="49.935282" lon="14.583827">
        <ele>453.936260</ele>
        <time>2026-05-06T07:53:26.999Z</time>
      </trkpt>
      <trkpt lat="49.935191" lon="14.583832">
        <ele>454.165972</ele>
        <time>2026-05-06T07:53:29.999Z</time>
      </trkpt>
      <trkpt lat="49.935101" lon="14.583835">
        <ele>454.393070</ele>
        <time>2026-05-06T07:53:33.999Z</time>
      </trkpt>
      <trkpt lat="49.934998" lon="14.583843">
        <ele>454.653235</ele>
        <time>2026-05-06T07:53:38.999Z</time>
      </trkpt>
      <trkpt lat="49.934899" lon="14.583863">
        <ele>454.905087</ele>
        <time>2026-05-06T07:53:42.999Z</time>
      </trkpt>
      <trkpt lat="49.934794" lon="14.583877">
        <ele>455.170947</ele>
        <time>2026-05-06T07:53:46.999Z</time>
      </trkpt>
      <trkpt lat="49.934682" lon="14.583888">
        <ele>455.454057</ele>
        <time>2026-05-06T07:53:50.999Z</time>
      </trkpt>
      <trkpt lat="49.934574" lon="14.583911">
        <ele>455.729059</ele>
        <time>2026-05-06T07:53:54.999Z</time>
      </trkpt>
      <trkpt lat="49.934464" lon="14.583941">
        <ele>456.010802</ele>
        <time>2026-05-06T07:53:58.999Z</time>
      </trkpt>
      <trkpt lat="49.934347" lon="14.583978">
        <ele>456.312013</ele>
        <time>2026-05-06T07:54:02.999Z</time>
      </trkpt>
      <trkpt lat="49.934234" lon="14.584027">
        <ele>456.607977</ele>
        <time>2026-05-06T07:54:06.999Z</time>
      </trkpt>
      <trkpt lat="49.934142" lon="14.584061">
        <ele>456.846544</ele>
        <time>2026-05-06T07:54:09.999Z</time>
      </trkpt>
      <trkpt lat="49.934048" lon="14.584109">
        <ele>457.096161</ele>
        <time>2026-05-06T07:54:12.999Z</time>
      </trkpt>
      <trkpt lat="49.933958" lon="14.584155">
        <ele>457.335177</ele>
        <time>2026-05-06T07:54:15.999Z</time>
      </trkpt>
      <trkpt lat="49.933868" lon="14.584202">
        <ele>457.574706</ele>
        <time>2026-05-06T07:54:18.999Z</time>
      </trkpt>
      <trkpt lat="49.933778" lon="14.584259">
        <ele>457.819893</ele>
        <time>2026-05-06T07:54:21.999Z</time>
      </trkpt>
      <trkpt lat="49.933683" lon="14.584323">
        <ele>457.688716</ele>
        <time>2026-05-06T07:54:24.999Z</time>
      </trkpt>
      <trkpt lat="49.933577" lon="14.584379">
        <ele>457.398825</ele>
        <time>2026-05-06T07:54:27.999Z</time>
      </trkpt>
      <trkpt lat="49.933468" lon="14.584450">
        <ele>457.092798</ele>
        <time>2026-05-06T07:54:30.999Z</time>
      </trkpt>
      <trkpt lat="49.933347" lon="14.584525">
        <ele>456.755489</ele>
        <time>2026-05-06T07:54:33.998Z</time>
      </trkpt>
      <trkpt lat="49.933254" lon="14.584585">
        <ele>456.494754</ele>
        <time>2026-05-06T07:54:35.998Z</time>
      </trkpt>
      <trkpt lat="49.933155" lon="14.584642">
        <ele>456.221386</ele>
        <time>2026-05-06T07:54:37.998Z</time>
      </trkpt>
      <trkpt lat="49.933053" lon="14.584698">
        <ele>455.941280</ele>
        <time>2026-05-06T07:54:39.998Z</time>
      </trkpt>
      <trkpt lat="49.932945" lon="14.584773">
        <ele>455.634979</ele>
        <time>2026-05-06T07:54:41.998Z</time>
      </trkpt>
      <trkpt lat="49.932828" lon="14.584835">
        <ele>455.314904</ele>
        <time>2026-05-06T07:54:43.998Z</time>
      </trkpt>
      <trkpt lat="49.932695" lon="14.584846">
        <ele>454.970051</ele>
        <time>2026-05-06T07:54:45.998Z</time>
      </trkpt>
      <trkpt lat="49.932561" lon="14.584858">
        <ele>454.622521</ele>
        <time>2026-05-06T07:54:47.998Z</time>
      </trkpt>
      <trkpt lat="49.932426" lon="14.584856">
        <ele>454.272961</ele>
        <time>2026-05-06T07:54:49.998Z</time>
      </trkpt>
      <trkpt lat="49.932290" lon="14.584844">
        <ele>453.920261</ele>
        <time>2026-05-06T07:54:51.998Z</time>
      </trkpt>
      <trkpt lat="49.932146" lon="14.584818">
        <ele>453.544905</ele>
        <time>2026-05-06T07:54:53.998Z</time>
      </trkpt>
      <trkpt lat="49.932005" lon="14.584799">
        <ele>453.184238</ele>
        <time>2026-05-06T07:54:55.998Z</time>
      </trkpt>
      <trkpt lat="49.931864" lon="14.584811">
        <ele>452.859313</ele>
        <time>2026-05-06T07:54:57.998Z</time>
      </trkpt>
      <trkpt lat="49.931733" lon="14.584822">
        <ele>452.557445</ele>
        <time>2026-05-06T07:54:59.998Z</time>
      </trkpt>
      <trkpt lat="49.931598" lon="14.584849">
        <ele>452.244249</ele>
        <time>2026-05-06T07:55:01.998Z</time>
      </trkpt>
      <trkpt lat="49.931466" lon="14.584882">
        <ele>451.936612</ele>
        <time>2026-05-06T07:55:03.998Z</time>
      </trkpt>
      <trkpt lat="49.931352" lon="14.584919">
        <ele>451.668636</ele>
        <time>2026-05-06T07:55:05.998Z</time>
      </trkpt>
      <trkpt lat="49.931224" lon="14.584949">
        <ele>451.370778</ele>
        <time>2026-05-06T07:55:08.000Z</time>
      </trkpt>
      <trkpt lat="49.931117" lon="14.584973">
        <ele>451.122020</ele>
        <time>2026-05-06T07:55:10.000Z</time>
      </trkpt>
      <trkpt lat="49.931015" lon="14.584993">
        <ele>450.885458</ele>
        <time>2026-05-06T07:55:12.000Z</time>
      </trkpt>
      <trkpt lat="49.930910" lon="14.585015">
        <ele>450.641667</ele>
        <time>2026-05-06T07:55:14.000Z</time>
      </trkpt>
      <trkpt lat="49.930802" lon="14.585041">
        <ele>450.390195</ele>
        <time>2026-05-06T07:55:16.000Z</time>
      </trkpt>
      <trkpt lat="49.930709" lon="14.585030">
        <ele>450.175584</ele>
        <time>2026-05-06T07:55:18.000Z</time>
      </trkpt>
      <trkpt lat="49.930635" lon="14.584907">
        <ele>449.926218</ele>
        <time>2026-05-06T07:55:20.000Z</time>
      </trkpt>
      <trkpt lat="49.930557" lon="14.584779">
        <ele>449.665150</ele>
        <time>2026-05-06T07:55:22.000Z</time>
      </trkpt>
      <trkpt lat="49.930496" lon="14.584613">
        <ele>449.382032</ele>
        <time>2026-05-06T07:55:24.000Z</time>
      </trkpt>
      <trkpt lat="49.930440" lon="14.584456">
        <ele>449.116173</ele>
        <time>2026-05-06T07:55:26.000Z</time>
      </trkpt>
      <trkpt lat="49.930355" lon="14.584229">
        <ele>449.642621</ele>
        <time>2026-05-06T07:55:29.000Z</time>
      </trkpt>
      <trkpt lat="49.930296" lon="14.584075">
        <ele>450.043718</ele>
        <time>2026-05-06T07:55:31.000Z</time>
      </trkpt>
      <trkpt lat="49.930242" lon="14.583916">
        <ele>450.446071</ele>
        <time>2026-05-06T07:55:32.999Z</time>
      </trkpt>
      <trkpt lat="49.930196" lon="14.583767">
        <ele>450.815922</ele>
        <time>2026-05-06T07:55:34.999Z</time>
      </trkpt>
      <trkpt lat="49.930161" lon="14.583612">
        <ele>451.183557</ele>
        <time>2026-05-06T07:55:36.999Z</time>
      </trkpt>
      <trkpt lat="49.930133" lon="14.583462">
        <ele>451.533107</ele>
        <time>2026-05-06T07:55:38.999Z</time>
      </trkpt>
      <trkpt lat="49.930102" lon="14.583279">
        <ele>451.956630</ele>
        <time>2026-05-06T07:55:41.999Z</time>
      </trkpt>
      <trkpt lat="49.930066" lon="14.583105">
        <ele>452.365686</ele>
        <time>2026-05-06T07:55:44.999Z</time>
      </trkpt>
      <trkpt lat="49.930018" lon="14.582966">
        <ele>452.718725</ele>
        <time>2026-05-06T07:55:47.999Z</time>
      </trkpt>
      <trkpt lat="49.929984" lon="14.582829">
        <ele>453.047348</ele>
        <time>2026-05-06T07:55:50.999Z</time>
      </trkpt>
      <trkpt lat="49.929931" lon="14.582670">
        <ele>453.448093</ele>
        <time>2026-05-06T07:55:54.999Z</time>
      </trkpt>
      <trkpt lat="49.929881" lon="14.582505">
        <ele>453.856259</ele>
        <time>2026-05-06T07:55:58.999Z</time>
      </trkpt>
      <trkpt lat="49.929842" lon="14.582336">
        <ele>454.258077</ele>
        <time>2026-05-06T07:56:02.999Z</time>
      </trkpt>
      <trkpt lat="49.929688" lon="14.582240">
        <ele>454.835016</ele>
        <time>2026-05-06T07:56:07.999Z</time>
      </trkpt>
      <trkpt lat="49.929591" lon="14.582261">
        <ele>455.175532</ele>
        <time>2026-05-06T07:56:10.999Z</time>
      </trkpt>
      <trkpt lat="49.929489" lon="14.582280">
        <ele>455.313874</ele>
        <time>2026-05-06T07:56:13.999Z</time>
      </trkpt>
      <trkpt lat="49.929376" lon="14.582301">
        <ele>455.247272</ele>
        <time>2026-05-06T07:56:16.999Z</time>
      </trkpt>
      <trkpt lat="49.929259" lon="14.582323">
        <ele>455.178301</ele>
        <time>2026-05-06T07:56:19.999Z</time>
      </trkpt>
      <trkpt lat="49.929138" lon="14.582368">
        <ele>455.105487</ele>
        <time>2026-05-06T07:56:22.999Z</time>
      </trkpt>
      <trkpt lat="49.929020" lon="14.582376">
        <ele>455.036365</ele>
        <time>2026-05-06T07:56:25.999Z</time>
      </trkpt>
      <trkpt lat="49.928902" lon="14.582393">
        <ele>454.967012</ele>
        <time>2026-05-06T07:56:28.999Z</time>
      </trkpt>
      <trkpt lat="49.928812" lon="14.582373">
        <ele>454.913805</ele>
        <time>2026-05-06T07:56:30.999Z</time>
      </trkpt>
      <trkpt lat="49.928718" lon="14.582372">
        <ele>454.858792</ele>
        <time>2026-05-06T07:56:32.999Z</time>
      </trkpt>
      <trkpt lat="49.928589" lon="14.582359">
        <ele>454.783139</ele>
        <time>2026-05-06T07:56:35.999Z</time>
      </trkpt>
      <trkpt lat="49.928464" lon="14.582329">
        <ele>454.709118</ele>
        <time>2026-05-06T07:56:38.998Z</time>
      </trkpt>
      <trkpt lat="49.928345" lon="14.582309">
        <ele>454.639070</ele>
        <time>2026-05-06T07:56:41.998Z</time>
      </trkpt>
      <trkpt lat="49.928219" lon="14.582295">
        <ele>454.565143</ele>
        <time>2026-05-06T07:56:44.998Z</time>
      </trkpt>
      <trkpt lat="49.928086" lon="14.582258">
        <ele>454.486069</ele>
        <time>2026-05-06T07:56:47.998Z</time>
      </trkpt>
      <trkpt lat="49.927970" lon="14.582265">
        <ele>454.418132</ele>
        <time>2026-05-06T07:56:50.998Z</time>
      </trkpt>
      <trkpt lat="49.927873" lon="14.582229">
        <ele>454.359767</ele>
        <time>2026-05-06T07:56:53.998Z</time>
      </trkpt>
      <trkpt lat="49.927782" lon="14.582216">
        <ele>454.306287</ele>
        <time>2026-05-06T07:56:57.998Z</time>
      </trkpt>
      <trkpt lat="49.927684" lon="14.582202">
        <ele>454.205548</ele>
        <time>2026-05-06T07:57:00.998Z</time>
      </trkpt>
      <trkpt lat="49.927581" lon="14.582183">
        <ele>454.085453</ele>
        <time>2026-05-06T07:57:03.998Z</time>
      </trkpt>
      <trkpt lat="49.927480" lon="14.582157">
        <ele>453.966916</ele>
        <time>2026-05-06T07:57:06.998Z</time>
      </trkpt>
      <trkpt lat="49.927373" lon="14.582125">
        <ele>453.840753</ele>
        <time>2026-05-06T07:57:09.998Z</time>
      </trkpt>
      <trkpt lat="49.927259" lon="14.582089">
        <ele>453.706060</ele>
        <time>2026-05-06T07:57:13.000Z</time>
      </trkpt>
      <trkpt lat="49.927129" lon="14.582037">
        <ele>453.550631</ele>
        <time>2026-05-06T07:57:16.000Z</time>
      </trkpt>
      <trkpt lat="49.926995" lon="14.581981">
        <ele>453.389965</ele>
        <time>2026-05-06T07:57:19.000Z</time>
      </trkpt>
      <trkpt lat="49.926891" lon="14.581940">
        <ele>453.265732</ele>
        <time>2026-05-06T07:57:21.000Z</time>
      </trkpt>
      <trkpt lat="49.926769" lon="14.581899">
        <ele>453.121208</ele>
        <time>2026-05-06T07:57:24.000Z</time>
      </trkpt>
      <trkpt lat="49.926631" lon="14.581853">
        <ele>452.957790</ele>
        <time>2026-05-06T07:57:27.000Z</time>
      </trkpt>
      <trkpt lat="49.926516" lon="14.581814">
        <ele>452.821502</ele>
        <time>2026-05-06T07:57:30.000Z</time>
      </trkpt>
      <trkpt lat="49.926405" lon="14.581779">
        <ele>452.690362</ele>
        <time>2026-05-06T07:57:33.000Z</time>
      </trkpt>
      <trkpt lat="49.926303" lon="14.581768">
        <ele>452.571978</ele>
        <time>2026-05-06T07:57:36.000Z</time>
      </trkpt>
      <trkpt lat="49.926204" lon="14.581753">
        <ele>452.456809</ele>
        <time>2026-05-06T07:57:38.999Z</time>
      </trkpt>
      <trkpt lat="49.926095" lon="14.581761">
        <ele>452.330464</ele>
        <time>2026-05-06T07:57:42.999Z</time>
      </trkpt>
      <trkpt lat="49.925996" lon="14.581782">
        <ele>452.214774</ele>
        <time>2026-05-06T07:57:46.999Z</time>
      </trkpt>
      <trkpt lat="49.925899" lon="14.581837">
        <ele>452.237444</ele>
        <time>2026-05-06T07:57:49.999Z</time>
      </trkpt>
      <trkpt lat="49.925799" lon="14.581894">
        <ele>452.266592</ele>
        <time>2026-05-06T07:57:52.999Z</time>
      </trkpt>
      <trkpt lat="49.925705" lon="14.581923">
        <ele>452.292816</ele>
        <time>2026-05-06T07:57:55.999Z</time>
      </trkpt>
      <trkpt lat="49.925592" lon="14.581954">
        <ele>452.324215</ele>
        <time>2026-05-06T07:57:59.999Z</time>
      </trkpt>
      <trkpt lat="49.925486" lon="14.581984">
        <ele>452.353698</ele>
        <time>2026-05-06T07:58:03.999Z</time>
      </trkpt>
      <trkpt lat="49.925384" lon="14.582010">
        <ele>452.381982</ele>
        <time>2026-05-06T07:58:07.999Z</time>
      </trkpt>
      <trkpt lat="49.925282" lon="14.582025">
        <ele>452.410018</ele>
        <time>2026-05-06T07:58:11.999Z</time>
      </trkpt>
      <trkpt lat="49.925176" lon="14.582057">
        <ele>452.439566</ele>
        <time>2026-05-06T07:58:15.999Z</time>
      </trkpt>
      <trkpt lat="49.925070" lon="14.582045">
        <ele>452.468648</ele>
        <time>2026-05-06T07:58:19.999Z</time>
      </trkpt>
      <trkpt lat="49.924951" lon="14.582067">
        <ele>452.501441</ele>
        <time>2026-05-06T07:58:23.999Z</time>
      </trkpt>
      <trkpt lat="49.924851" lon="14.582078">
        <ele>452.528873</ele>
        <time>2026-05-06T07:58:26.999Z</time>
      </trkpt>
      <trkpt lat="49.924733" lon="14.582091">
        <ele>452.561243</ele>
        <time>2026-05-06T07:58:29.999Z</time>
      </trkpt>
      <trkpt lat="49.924641" lon="14.582112">
        <ele>452.586688</ele>
        <time>2026-05-06T07:58:31.999Z</time>
      </trkpt>
      <trkpt lat="49.924543" lon="14.582125">
        <ele>452.613602</ele>
        <time>2026-05-06T07:58:33.999Z</time>
      </trkpt>
      <trkpt lat="49.924434" lon="14.582125">
        <ele>452.643428</ele>
        <time>2026-05-06T07:58:35.999Z</time>
      </trkpt>
      <trkpt lat="49.924318" lon="14.582120">
        <ele>452.675182</ele>
        <time>2026-05-06T07:58:37.999Z</time>
      </trkpt>
      <trkpt lat="49.924196" lon="14.582098">
        <ele>452.592474</ele>
        <time>2026-05-06T07:58:39.999Z</time>
      </trkpt>
      <trkpt lat="49.924064" lon="14.582085">
        <ele>451.966847</ele>
        <time>2026-05-06T07:58:41.998Z</time>
      </trkpt>
      <trkpt lat="49.923936" lon="14.582075">
        <ele>451.360629</ele>
        <time>2026-05-06T07:58:43.998Z</time>
      </trkpt>
      <trkpt lat="49.923814" lon="14.582068">
        <ele>450.783163</ele>
        <time>2026-05-06T07:58:45.998Z</time>
      </trkpt>
      <trkpt lat="49.923701" lon="14.582060">
        <ele>450.248107</ele>
        <time>2026-05-06T07:58:47.998Z</time>
      </trkpt>
      <trkpt lat="49.923590" lon="14.582055">
        <ele>449.722845</ele>
        <time>2026-05-06T07:58:49.998Z</time>
      </trkpt>
      <trkpt lat="49.923475" lon="14.582122">
        <ele>449.141877</ele>
        <time>2026-05-06T07:58:52.998Z</time>
      </trkpt>
      <trkpt lat="49.923376" lon="14.582239">
        <ele>448.553460</ele>
        <time>2026-05-06T07:58:55.998Z</time>
      </trkpt>
      <trkpt lat="49.923288" lon="14.582336">
        <ele>448.043048</ele>
        <time>2026-05-06T07:58:58.998Z</time>
      </trkpt>
      <trkpt lat="49.923170" lon="14.582415">
        <ele>447.435255</ele>
        <time>2026-05-06T07:59:01.998Z</time>
      </trkpt>
      <trkpt lat="49.923076" lon="14.582445">
        <ele>446.981337</ele>
        <time>2026-05-06T07:59:03.998Z</time>
      </trkpt>
      <trkpt lat="49.922964" lon="14.582510">
        <ele>446.415793</ele>
        <time>2026-05-06T07:59:05.998Z</time>
      </trkpt>
      <trkpt lat="49.922862" lon="14.582565">
        <ele>445.905077</ele>
        <time>2026-05-06T07:59:07.998Z</time>
      </trkpt>
      <trkpt lat="49.922757" lon="14.582618">
        <ele>445.382848</ele>
        <time>2026-05-06T07:59:09.998Z</time>
      </trkpt>
      <trkpt lat="49.922652" lon="14.582687">
        <ele>444.843566</ele>
        <time>2026-05-06T07:59:11.998Z</time>
      </trkpt>
      <trkpt lat="49.922582" lon="14.582811">
        <ele>444.341341</ele>
        <time>2026-05-06T07:59:13.998Z</time>
      </trkpt>
      <trkpt lat="49.922502" lon="14.582925">
        <ele>443.666172</ele>
        <time>2026-05-06T07:59:16.998Z</time>
      </trkpt>
      <trkpt lat="49.922421" lon="14.583027">
        <ele>442.955623</ele>
        <time>2026-05-06T07:59:21.000Z</time>
      </trkpt>
      <trkpt lat="49.922332" lon="14.583155">
        <ele>442.129110</ele>
        <time>2026-05-06T07:59:25.000Z</time>
      </trkpt>
      <trkpt lat="49.922241" lon="14.583281">
        <ele>441.298411</ele>
        <time>2026-05-06T07:59:28.000Z</time>
      </trkpt>
      <trkpt lat="49.922176" lon="14.583387">
        <ele>440.656203</ele>
        <time>2026-05-06T07:59:31.000Z</time>
      </trkpt>
      <trkpt lat="49.922059" lon="14.583525">
        <ele>439.655133</ele>
        <time>2026-05-06T07:59:36.000Z</time>
      </trkpt>
      <trkpt lat="49.921940" lon="14.583601">
        <ele>438.778382</ele>
        <time>2026-05-06T07:59:39.000Z</time>
      </trkpt>
      <trkpt lat="49.921845" lon="14.583641">
        <ele>438.107679</ele>
        <time>2026-05-06T07:59:41.000Z</time>
      </trkpt>
      <trkpt lat="49.921711" lon="14.583653">
        <ele>437.193073</ele>
        <time>2026-05-06T07:59:43.000Z</time>
      </trkpt>
      <trkpt lat="49.921583" lon="14.583655">
        <ele>436.320825</ele>
        <time>2026-05-06T07:59:44.999Z</time>
      </trkpt>
      <trkpt lat="49.921462" lon="14.583652">
        <ele>435.496214</ele>
        <time>2026-05-06T07:59:46.999Z</time>
      </trkpt>
      <trkpt lat="49.921345" lon="14.583574">
        <ele>434.628627</ele>
        <time>2026-05-06T07:59:48.999Z</time>
      </trkpt>
      <trkpt lat="49.921270" lon="14.583443">
        <ele>433.859547</ele>
        <time>2026-05-06T07:59:50.999Z</time>
      </trkpt>
      <trkpt lat="49.921215" lon="14.583270">
        <ele>433.013076</ele>
        <time>2026-05-06T07:59:52.999Z</time>
      </trkpt>
      <trkpt lat="49.921161" lon="14.583113">
        <ele>432.232162</ele>
        <time>2026-05-06T07:59:54.999Z</time>
      </trkpt>
      <trkpt lat="49.921077" lon="14.582975">
        <ele>432.062807</ele>
        <time>2026-05-06T07:59:56.999Z</time>
      </trkpt>
      <trkpt lat="49.920976" lon="14.582881">
        <ele>432.247604</ele>
        <time>2026-05-06T07:59:58.999Z</time>
      </trkpt>
      <trkpt lat="49.920889" lon="14.582784">
        <ele>432.415686</ele>
        <time>2026-05-06T08:00:00.999Z</time>
      </trkpt>
      <trkpt lat="49.920828" lon="14.582660">
        <ele>432.573375</ele>
        <time>2026-05-06T08:00:02.999Z</time>
      </trkpt>
      <trkpt lat="49.920714" lon="14.582615">
        <ele>432.757982</ele>
        <time>2026-05-06T08:00:04.999Z</time>
      </trkpt>
      <trkpt lat="49.920635" lon="14.582526">
        <ele>432.911152</ele>
        <time>2026-05-06T08:00:06.999Z</time>
      </trkpt>
      <trkpt lat="49.920570" lon="14.582419">
        <ele>433.059805</ele>
        <time>2026-05-06T08:00:08.999Z</time>
      </trkpt>
      <trkpt lat="49.920502" lon="14.582259">
        <ele>433.253533</ele>
        <time>2026-05-06T08:00:11.999Z</time>
      </trkpt>
      <trkpt lat="49.920448" lon="14.582131">
        <ele>433.408170</ele>
        <time>2026-05-06T08:00:14.999Z</time>
      </trkpt>
      <trkpt lat="49.920383" lon="14.582033">
        <ele>433.550345</ele>
        <time>2026-05-06T08:00:18.999Z</time>
      </trkpt>
      <trkpt lat="49.920323" lon="14.581890">
        <ele>433.722822</ele>
        <time>2026-05-06T08:00:23.999Z</time>
      </trkpt>
      <trkpt lat="49.920247" lon="14.581763">
        <ele>433.898029</ele>
        <time>2026-05-06T08:00:28.999Z</time>
      </trkpt>
      <trkpt lat="49.920167" lon="14.581627">
        <ele>434.084177</ele>
        <time>2026-05-06T08:00:32.999Z</time>
      </trkpt>
      <trkpt lat="49.920085" lon="14.581467">
        <ele>434.290825</ele>
        <time>2026-05-06T08:00:35.999Z</time>
      </trkpt>
      <trkpt lat="49.920008" lon="14.581386">
        <ele>434.436784</ele>
        <time>2026-05-06T08:00:37.999Z</time>
      </trkpt>
      <trkpt lat="49.919914" lon="14.581344">
        <ele>434.590298</ele>
        <time>2026-05-06T08:00:39.999Z</time>
      </trkpt>
      <trkpt lat="49.919820" lon="14.581218">
        <ele>434.739565</ele>
        <time>2026-05-06T08:00:42.999Z</time>
      </trkpt>
      <trkpt lat="49.919749" lon="14.581083">
        <ele>434.577167</ele>
        <time>2026-05-06T08:00:48.999Z</time>
      </trkpt>
      <trkpt lat="49.919643" lon="14.581062">
        <ele>434.422545</ele>
        <time>2026-05-06T08:00:52.998Z</time>
      </trkpt>
      <trkpt lat="49.919549" lon="14.581099">
        <ele>434.282230</ele>
        <time>2026-05-06T08:00:54.998Z</time>
      </trkpt>
      <trkpt lat="49.919454" lon="14.581122">
        <ele>434.143107</ele>
        <time>2026-05-06T08:00:56.998Z</time>
      </trkpt>
      <trkpt lat="49.919348" lon="14.581141">
        <ele>433.988710</ele>
        <time>2026-05-06T08:00:58.998Z</time>
      </trkpt>
      <trkpt lat="49.919248" lon="14.581151">
        <ele>433.843714</ele>
        <time>2026-05-06T08:01:00.998Z</time>
      </trkpt>
      <trkpt lat="49.919142" lon="14.581159">
        <ele>433.690154</ele>
        <time>2026-05-06T08:01:02.998Z</time>
      </trkpt>
      <trkpt lat="49.919041" lon="14.581151">
        <ele>433.543820</ele>
        <time>2026-05-06T08:01:04.998Z</time>
      </trkpt>
      <trkpt lat="49.918942" lon="14.581164">
        <ele>433.400058</ele>
        <time>2026-05-06T08:01:06.998Z</time>
      </trkpt>
      <trkpt lat="49.918849" lon="14.581160">
        <ele>433.265439</ele>
        <time>2026-05-06T08:01:08.998Z</time>
      </trkpt>
      <trkpt lat="49.918754" lon="14.581163">
        <ele>433.127948</ele>
        <time>2026-05-06T08:01:10.998Z</time>
      </trkpt>
      <trkpt lat="49.918656" lon="14.581171">
        <ele>432.985949</ele>
        <time>2026-05-06T08:01:12.998Z</time>
      </trkpt>
      <trkpt lat="49.918558" lon="14.581170">
        <ele>432.844143</ele>
        <time>2026-05-06T08:01:14.998Z</time>
      </trkpt>
      <trkpt lat="49.918460" lon="14.581170">
        <ele>432.702339</ele>
        <time>2026-05-06T08:01:16.998Z</time>
      </trkpt>
      <trkpt lat="49.918337" lon="14.581182">
        <ele>432.524011</ele>
        <time>2026-05-06T08:01:19.998Z</time>
      </trkpt>
      <trkpt lat="49.918212" lon="14.581200">
        <ele>432.342364</ele>
        <time>2026-05-06T08:01:22.998Z</time>
      </trkpt>
      <trkpt lat="49.918086" lon="14.581204">
        <ele>432.160008</ele>
        <time>2026-05-06T08:01:26.000Z</time>
      </trkpt>
      <trkpt lat="49.917995" lon="14.581215">
        <ele>432.141497</ele>
        <time>2026-05-06T08:01:28.000Z</time>
      </trkpt>
      <trkpt lat="49.917895" lon="14.581239">
        <ele>432.122082</ele>
        <time>2026-05-06T08:01:30.000Z</time>
      </trkpt>
      <trkpt lat="49.917794" lon="14.581256">
        <ele>432.102589</ele>
        <time>2026-05-06T08:01:32.000Z</time>
      </trkpt>
      <trkpt lat="49.917688" lon="14.581278">
        <ele>432.082069</ele>
        <time>2026-05-06T08:01:34.000Z</time>
      </trkpt>
      <trkpt lat="49.917581" lon="14.581302">
        <ele>432.061326</ele>
        <time>2026-05-06T08:01:36.000Z</time>
      </trkpt>
      <trkpt lat="49.917473" lon="14.581336">
        <ele>432.040182</ele>
        <time>2026-05-06T08:01:38.000Z</time>
      </trkpt>
      <trkpt lat="49.917361" lon="14.581370">
        <ele>432.018285</ele>
        <time>2026-05-06T08:01:40.000Z</time>
      </trkpt>
      <trkpt lat="49.917258" lon="14.581399">
        <ele>431.998200</ele>
        <time>2026-05-06T08:01:42.000Z</time>
      </trkpt>
      <trkpt lat="49.917152" lon="14.581431">
        <ele>431.977480</ele>
        <time>2026-05-06T08:01:44.000Z</time>
      </trkpt>
      <trkpt lat="49.917041" lon="14.581470">
        <ele>431.955644</ele>
        <time>2026-05-06T08:01:46.000Z</time>
      </trkpt>
      <trkpt lat="49.916925" lon="14.581504">
        <ele>431.932993</ele>
        <time>2026-05-06T08:01:48.000Z</time>
      </trkpt>
      <trkpt lat="49.916807" lon="14.581540">
        <ele>431.909919</ele>
        <time>2026-05-06T08:01:50.000Z</time>
      </trkpt>
      <trkpt lat="49.916672" lon="14.581590">
        <ele>431.883290</ele>
        <time>2026-05-06T08:01:52.000Z</time>
      </trkpt>
      <trkpt lat="49.916546" lon="14.581625">
        <ele>431.858730</ele>
        <time>2026-05-06T08:01:53.999Z</time>
      </trkpt>
      <trkpt lat="49.916403" lon="14.581690">
        <ele>431.830141</ele>
        <time>2026-05-06T08:01:55.999Z</time>
      </trkpt>
      <trkpt lat="49.916275" lon="14.581715">
        <ele>431.730272</ele>
        <time>2026-05-06T08:01:57.999Z</time>
      </trkpt>
      <trkpt lat="49.916145" lon="14.581757">
        <ele>431.475760</ele>
        <time>2026-05-06T08:01:59.999Z</time>
      </trkpt>
      <trkpt lat="49.916014" lon="14.581802">
        <ele>431.218597</ele>
        <time>2026-05-06T08:02:01.999Z</time>
      </trkpt>
      <trkpt lat="49.915881" lon="14.581841">
        <ele>430.959166</ele>
        <time>2026-05-06T08:02:03.999Z</time>
      </trkpt>
      <trkpt lat="49.915751" lon="14.581881">
        <ele>430.705145</ele>
        <time>2026-05-06T08:02:05.999Z</time>
      </trkpt>
      <trkpt lat="49.915615" lon="14.581928">
        <ele>430.438091</ele>
        <time>2026-05-06T08:02:07.999Z</time>
      </trkpt>
      <trkpt lat="49.915482" lon="14.581971">
        <ele>430.177698</ele>
        <time>2026-05-06T08:02:09.999Z</time>
      </trkpt>
      <trkpt lat="49.915346" lon="14.582025">
        <ele>429.908636</ele>
        <time>2026-05-06T08:02:11.999Z</time>
      </trkpt>
      <trkpt lat="49.915221" lon="14.582065">
        <ele>429.664009</ele>
        <time>2026-05-06T08:02:13.999Z</time>
      </trkpt>
      <trkpt lat="49.915096" lon="14.582096">
        <ele>429.421380</ele>
        <time>2026-05-06T08:02:15.999Z</time>
      </trkpt>
      <trkpt lat="49.914971" lon="14.582142">
        <ele>429.175152</ele>
        <time>2026-05-06T08:02:17.999Z</time>
      </trkpt>
      <trkpt lat="49.914846" lon="14.582184">
        <ele>428.930015</ele>
        <time>2026-05-06T08:02:19.999Z</time>
      </trkpt>
      <trkpt lat="49.914721" lon="14.582222">
        <ele>428.685874</ele>
        <time>2026-05-06T08:02:21.999Z</time>
      </trkpt>
      <trkpt lat="49.914600" lon="14.582259">
        <ele>428.449495</ele>
        <time>2026-05-06T08:02:23.999Z</time>
      </trkpt>
      <trkpt lat="49.914472" lon="14.582305">
        <ele>428.340190</ele>
        <time>2026-05-06T08:02:25.999Z</time>
      </trkpt>
      <trkpt lat="49.914341" lon="14.582345">
        <ele>428.300695</ele>
        <time>2026-05-06T08:02:27.999Z</time>
      </trkpt>
      <trkpt lat="49.914211" lon="14.582379">
        <ele>428.261695</ele>
        <time>2026-05-06T08:02:29.999Z</time>
      </trkpt>
      <trkpt lat="49.914081" lon="14.582428">
        <ele>428.222121</ele>
        <time>2026-05-06T08:02:31.999Z</time>
      </trkpt>
      <trkpt lat="49.913957" lon="14.582473">
        <ele>428.184450</ele>
        <time>2026-05-06T08:02:33.999Z</time>
      </trkpt>
      <trkpt lat="49.913834" lon="14.582509">
        <ele>428.147423</ele>
        <time>2026-05-06T08:02:35.999Z</time>
      </trkpt>
      <trkpt lat="49.913712" lon="14.582554">
        <ele>428.110328</ele>
        <time>2026-05-06T08:02:37.999Z</time>
      </trkpt>
      <trkpt lat="49.913596" lon="14.582589">
        <ele>428.075370</ele>
        <time>2026-05-06T08:02:39.999Z</time>
      </trkpt>
      <trkpt lat="49.913476" lon="14.582628">
        <ele>428.039102</ele>
        <time>2026-05-06T08:02:41.999Z</time>
      </trkpt>
      <trkpt lat="49.913361" lon="14.582668">
        <ele>428.004239</ele>
        <time>2026-05-06T08:02:43.999Z</time>
      </trkpt>
      <trkpt lat="49.913258" lon="14.582706">
        <ele>427.972921</ele>
        <time>2026-05-06T08:02:45.999Z</time>
      </trkpt>
      <trkpt lat="49.913153" lon="14.582727">
        <ele>427.941602</ele>
        <time>2026-05-06T08:02:47.999Z</time>
      </trkpt>
      <trkpt lat="49.913059" lon="14.582759">
        <ele>427.913134</ele>
        <time>2026-05-06T08:02:49.999Z</time>
      </trkpt>
      <trkpt lat="49.912931" lon="14.582796">
        <ele>427.874618</ele>
        <time>2026-05-06T08:02:52.999Z</time>
      </trkpt>
      <trkpt lat="49.912840" lon="14.582820">
        <ele>427.847312</ele>
        <time>2026-05-06T08:02:54.999Z</time>
      </trkpt>
      <trkpt lat="49.912750" lon="14.582816">
        <ele>427.771473</ele>
        <time>2026-05-06T08:02:56.999Z</time>
      </trkpt>
      <trkpt lat="49.912652" lon="14.582812">
        <ele>427.636273</ele>
        <time>2026-05-06T08:02:58.999Z</time>
      </trkpt>
      <trkpt lat="49.912558" lon="14.582794">
        <ele>427.505654</ele>
        <time>2026-05-06T08:03:00.998Z</time>
      </trkpt>
      <trkpt lat="49.912459" lon="14.582779">
        <ele>427.368472</ele>
        <time>2026-05-06T08:03:02.998Z</time>
      </trkpt>
      <trkpt lat="49.912359" lon="14.582752">
        <ele>427.228491</ele>
        <time>2026-05-06T08:03:04.998Z</time>
      </trkpt>
      <trkpt lat="49.912250" lon="14.582734">
        <ele>427.077319</ele>
        <time>2026-05-06T08:03:06.998Z</time>
      </trkpt>
      <trkpt lat="49.912132" lon="14.582723">
        <ele>426.914290</ele>
        <time>2026-05-06T08:03:08.998Z</time>
      </trkpt>
      <trkpt lat="49.912022" lon="14.582716">
        <ele>426.762459</ele>
        <time>2026-05-06T08:03:10.998Z</time>
      </trkpt>
      <trkpt lat="49.911902" lon="14.582719">
        <ele>426.596943</ele>
        <time>2026-05-06T08:03:12.998Z</time>
      </trkpt>
      <trkpt lat="49.911783" lon="14.582733">
        <ele>426.432358</ele>
        <time>2026-05-06T08:03:14.998Z</time>
      </trkpt>
      <trkpt lat="49.911666" lon="14.582759">
        <ele>426.269357</ele>
        <time>2026-05-06T08:03:16.998Z</time>
      </trkpt>
      <trkpt lat="49.911572" lon="14.582764">
        <ele>426.139643</ele>
        <time>2026-05-06T08:03:18.998Z</time>
      </trkpt>
      <trkpt lat="49.911451" lon="14.582839">
        <ele>425.959967</ele>
        <time>2026-05-06T08:03:20.998Z</time>
      </trkpt>
      <trkpt lat="49.911341" lon="14.582895">
        <ele>425.800319</ele>
        <time>2026-05-06T08:03:22.998Z</time>
      </trkpt>
      <trkpt lat="49.911230" lon="14.582972">
        <ele>425.632657</ele>
        <time>2026-05-06T08:03:24.998Z</time>
      </trkpt>
      <trkpt lat="49.911122" lon="14.583051">
        <ele>425.468014</ele>
        <time>2026-05-06T08:03:26.998Z</time>
      </trkpt>
      <trkpt lat="49.911024" lon="14.583159">
        <ele>425.254862</ele>
        <time>2026-05-06T08:03:28.998Z</time>
      </trkpt>
      <trkpt lat="49.910910" lon="14.583244">
        <ele>424.919187</ele>
        <time>2026-05-06T08:03:31.000Z</time>
      </trkpt>
      <trkpt lat="49.910813" lon="14.583371">
        <ele>424.582405</ele>
        <time>2026-05-06T08:03:33.000Z</time>
      </trkpt>
      <trkpt lat="49.910716" lon="14.583512">
        <ele>424.229723</ele>
        <time>2026-05-06T08:03:35.000Z</time>
      </trkpt>
      <trkpt lat="49.910613" lon="14.583649">
        <ele>423.869735</ele>
        <time>2026-05-06T08:03:37.000Z</time>
      </trkpt>
      <trkpt lat="49.910518" lon="14.583809">
        <ele>423.497726</ele>
        <time>2026-05-06T08:03:39.000Z</time>
      </trkpt>
      <trkpt lat="49.910450" lon="14.583983">
        <ele>423.149809</ele>
        <time>2026-05-06T08:03:41.000Z</time>
      </trkpt>
      <trkpt lat="49.910396" lon="14.584134">
        <ele>422.854564</ele>
        <time>2026-05-06T08:03:43.000Z</time>
      </trkpt>
      <trkpt lat="49.910339" lon="14.584299">
        <ele>422.534496</ele>
        <time>2026-05-06T08:03:45.000Z</time>
      </trkpt>
      <trkpt lat="49.910273" lon="14.584480">
        <ele>422.178941</ele>
        <time>2026-05-06T08:03:48.000Z</time>
      </trkpt>
      <trkpt lat="49.910218" lon="14.584606">
        <ele>421.918742</ele>
        <time>2026-05-06T08:03:50.000Z</time>
      </trkpt>
      <trkpt lat="49.910115" lon="14.584669">
        <ele>421.624895</ele>
        <time>2026-05-06T08:03:53.000Z</time>
      </trkpt>
      <trkpt lat="49.910029" lon="14.584596">
        <ele>421.364737</ele>
        <time>2026-05-06T08:03:55.000Z</time>
      </trkpt>
      <trkpt lat="49.909921" lon="14.584480">
        <ele>421.016167</ele>
        <time>2026-05-06T08:03:57.999Z</time>
      </trkpt>
      <trkpt lat="49.909801" lon="14.584409">
        <ele>420.675302</ele>
        <time>2026-05-06T08:04:00.999Z</time>
      </trkpt>
      <trkpt lat="49.909709" lon="14.584373">
        <ele>420.357166</ele>
        <time>2026-05-06T08:04:02.999Z</time>
      </trkpt>
      <trkpt lat="49.909612" lon="14.584316">
        <ele>419.964727</ele>
        <time>2026-05-06T08:04:04.999Z</time>
      </trkpt>
      <trkpt lat="49.909520" lon="14.584270">
        <ele>419.599008</ele>
        <time>2026-05-06T08:04:06.999Z</time>
      </trkpt>
      <trkpt lat="49.909421" lon="14.584235">
        <ele>419.214818</ele>
        <time>2026-05-06T08:04:08.999Z</time>
      </trkpt>
      <trkpt lat="49.909312" lon="14.584187">
        <ele>418.786111</ele>
        <time>2026-05-06T08:04:10.999Z</time>
      </trkpt>
      <trkpt lat="49.909203" lon="14.584146">
        <ele>418.361739</ele>
        <time>2026-05-06T08:04:12.999Z</time>
      </trkpt>
      <trkpt lat="49.909103" lon="14.584088">
        <ele>417.957817</ele>
        <time>2026-05-06T08:04:14.999Z</time>
      </trkpt>
      <trkpt lat="49.908995" lon="14.584031">
        <ele>417.526198</ele>
        <time>2026-05-06T08:04:16.999Z</time>
      </trkpt>
      <trkpt lat="49.908883" lon="14.583984">
        <ele>417.087201</ele>
        <time>2026-05-06T08:04:18.999Z</time>
      </trkpt>
      <trkpt lat="49.908776" lon="14.583935">
        <ele>416.665085</ele>
        <time>2026-05-06T08:04:20.999Z</time>
      </trkpt>
      <trkpt lat="49.908668" lon="14.583888">
        <ele>416.240680</ele>
        <time>2026-05-06T08:04:22.999Z</time>
      </trkpt>
      <trkpt lat="49.908562" lon="14.583841">
        <ele>415.823557</ele>
        <time>2026-05-06T08:04:24.999Z</time>
      </trkpt>
      <trkpt lat="49.908461" lon="14.583790">
        <ele>415.421686</ele>
        <time>2026-05-06T08:04:26.999Z</time>
      </trkpt>
      <trkpt lat="49.908360" lon="14.583744">
        <ele>415.023414</ele>
        <time>2026-05-06T08:04:28.999Z</time>
      </trkpt>
      <trkpt lat="49.908252" lon="14.583705">
        <ele>414.603850</ele>
        <time>2026-05-06T08:04:30.999Z</time>
      </trkpt>
      <trkpt lat="49.908146" lon="14.583657">
        <ele>414.186051</ele>
        <time>2026-05-06T08:04:32.999Z</time>
      </trkpt>
      <trkpt lat="49.908043" lon="14.583613">
        <ele>413.781831</ele>
        <time>2026-05-06T08:04:34.999Z</time>
      </trkpt>
      <trkpt lat="49.907938" lon="14.583555">
        <ele>412.771539</ele>
        <time>2026-05-06T08:04:36.999Z</time>
      </trkpt>
      <trkpt lat="49.907836" lon="14.583516">
        <ele>411.807971</ele>
        <time>2026-05-06T08:04:38.999Z</time>
      </trkpt>
      <trkpt lat="49.907715" lon="14.583473">
        <ele>410.669372</ele>
        <time>2026-05-06T08:04:40.999Z</time>
      </trkpt>
      <trkpt lat="49.907592" lon="14.583426">
        <ele>409.507463</ele>
        <time>2026-05-06T08:04:42.999Z</time>
      </trkpt>
      <trkpt lat="49.907465" lon="14.583375">
        <ele>408.304196</ele>
        <time>2026-05-06T08:04:44.999Z</time>
      </trkpt>
      <trkpt lat="49.907345" lon="14.583342">
        <ele>407.186337</ele>
        <time>2026-05-06T08:04:46.999Z</time>
      </trkpt>
      <trkpt lat="49.907203" lon="14.583283">
        <ele>405.837981</ele>
        <time>2026-05-06T08:04:48.999Z</time>
      </trkpt>
      <trkpt lat="49.907062" lon="14.583256">
        <ele>404.534825</ele>
        <time>2026-05-06T08:04:50.999Z</time>
      </trkpt>
      <trkpt lat="49.906918" lon="14.583206">
        <ele>403.181327</ele>
        <time>2026-05-06T08:04:52.999Z</time>
      </trkpt>
      <trkpt lat="49.906776" lon="14.583151">
        <ele>401.838884</ele>
        <time>2026-05-06T08:04:54.999Z</time>
      </trkpt>
      <trkpt lat="49.906664" lon="14.583074">
        <ele>400.715336</ele>
        <time>2026-05-06T08:04:56.999Z</time>
      </trkpt>
      <trkpt lat="49.906563" lon="14.583066">
        <ele>399.787684</ele>
        <time>2026-05-06T08:04:58.999Z</time>
      </trkpt>
      <trkpt lat="49.906433" lon="14.583061">
        <ele>398.594862</ele>
        <time>2026-05-06T08:05:01.999Z</time>
      </trkpt>
      <trkpt lat="49.906296" lon="14.583025">
        <ele>397.320327</ele>
        <time>2026-05-06T08:05:04.998Z</time>
      </trkpt>
      <trkpt lat="49.906180" lon="14.582961">
        <ele>396.717407</ele>
        <time>2026-05-06T08:05:07.998Z</time>
      </trkpt>
      <trkpt lat="49.906086" lon="14.582938">
        <ele>396.268393</ele>
        <time>2026-05-06T08:05:13.998Z</time>
      </trkpt>
      <trkpt lat="49.906001" lon="14.582873">
        <ele>395.821315</ele>
        <time>2026-05-06T08:05:17.998Z</time>
      </trkpt>
      <trkpt lat="49.905912" lon="14.582840">
        <ele>395.389559</ele>
        <time>2026-05-06T08:05:19.998Z</time>
      </trkpt>
      <trkpt lat="49.905810" lon="14.582818">
        <ele>394.903648</ele>
        <time>2026-05-06T08:05:21.998Z</time>
      </trkpt>
      <trkpt lat="49.905692" lon="14.582773">
        <ele>394.330315</ele>
        <time>2026-05-06T08:05:23.998Z</time>
      </trkpt>
      <trkpt lat="49.905579" lon="14.582749">
        <ele>393.792158</ele>
        <time>2026-05-06T08:05:25.998Z</time>
      </trkpt>
      <trkpt lat="49.905452" lon="14.582707">
        <ele>393.179464</ele>
        <time>2026-05-06T08:05:27.998Z</time>
      </trkpt>
      <trkpt lat="49.905332" lon="14.582668">
        <ele>392.600971</ele>
        <time>2026-05-06T08:05:29.998Z</time>
      </trkpt>
      <trkpt lat="49.905236" lon="14.582627">
        <ele>392.131169</ele>
        <time>2026-05-06T08:05:31.998Z</time>
      </trkpt>
      <trkpt lat="49.905128" lon="14.582597">
        <ele>391.613478</ele>
        <time>2026-05-06T08:05:34.998Z</time>
      </trkpt>
      <trkpt lat="49.905029" lon="14.582573">
        <ele>391.140685</ele>
        <time>2026-05-06T08:05:38.000Z</time>
      </trkpt>
      <trkpt lat="49.904909" lon="14.582546">
        <ele>390.568549</ele>
        <time>2026-05-06T08:05:41.000Z</time>
      </trkpt>
      <trkpt lat="49.904815" lon="14.582506">
        <ele>390.108652</ele>
        <time>2026-05-06T08:05:43.000Z</time>
      </trkpt>
      <trkpt lat="49.904725" lon="14.582486">
        <ele>389.679658</ele>
        <time>2026-05-06T08:05:45.000Z</time>
      </trkpt>
      <trkpt lat="49.904620" lon="14.582483">
        <ele>389.184130</ele>
        <time>2026-05-06T08:05:47.000Z</time>
      </trkpt>
      <trkpt lat="49.904503" lon="14.582514">
        <ele>388.729268</ele>
        <time>2026-05-06T08:05:49.000Z</time>
      </trkpt>
      <trkpt lat="49.904384" lon="14.582541">
        <ele>388.525944</ele>
        <time>2026-05-06T08:05:51.000Z</time>
      </trkpt>
      <trkpt lat="49.904262" lon="14.582579">
        <ele>388.315575</ele>
        <time>2026-05-06T08:05:53.000Z</time>
      </trkpt>
      <trkpt lat="49.904139" lon="14.582601">
        <ele>388.106250</ele>
        <time>2026-05-06T08:05:55.000Z</time>
      </trkpt>
      <trkpt lat="49.904013" lon="14.582631">
        <ele>387.890738</ele>
        <time>2026-05-06T08:05:57.000Z</time>
      </trkpt>
      <trkpt lat="49.903885" lon="14.582649">
        <ele>387.673449</ele>
        <time>2026-05-06T08:05:59.000Z</time>
      </trkpt>
      <trkpt lat="49.903754" lon="14.582685">
        <ele>387.448531</ele>
        <time>2026-05-06T08:06:01.000Z</time>
      </trkpt>
      <trkpt lat="49.903635" lon="14.582729">
        <ele>387.241717</ele>
        <time>2026-05-06T08:06:03.000Z</time>
      </trkpt>
      <trkpt lat="49.903519" lon="14.582761">
        <ele>387.042531</ele>
        <time>2026-05-06T08:06:05.000Z</time>
      </trkpt>
      <trkpt lat="49.903425" lon="14.582781">
        <ele>386.882124</ele>
        <time>2026-05-06T08:06:06.999Z</time>
      </trkpt>
      <trkpt lat="49.903335" lon="14.582807">
        <ele>386.727354</ele>
        <time>2026-05-06T08:06:08.999Z</time>
      </trkpt>
      <trkpt lat="49.903264" lon="14.582897">
        <ele>386.572392</ele>
        <time>2026-05-06T08:06:11.999Z</time>
      </trkpt>
      <trkpt lat="49.903153" lon="14.582843">
        <ele>386.375734</ele>
        <time>2026-05-06T08:06:14.999Z</time>
      </trkpt>
      <trkpt lat="49.903047" lon="14.582864">
        <ele>386.195072</ele>
        <time>2026-05-06T08:06:17.999Z</time>
      </trkpt>
      <trkpt lat="49.902908" lon="14.582886">
        <ele>385.958853</ele>
        <time>2026-05-06T08:06:20.999Z</time>
      </trkpt>
      <trkpt lat="49.902811" lon="14.582901">
        <ele>385.794049</ele>
        <time>2026-05-06T08:06:22.999Z</time>
      </trkpt>
      <trkpt lat="49.902635" lon="14.582898">
        <ele>384.833153</ele>
        <time>2026-05-06T08:06:25.999Z</time>
      </trkpt>
      <trkpt lat="49.902488" lon="14.582888">
        <ele>383.926049</ele>
        <time>2026-05-06T08:06:27.999Z</time>
      </trkpt>
      <trkpt lat="49.902359" lon="14.582880">
        <ele>383.130148</ele>
        <time>2026-05-06T08:06:29.999Z</time>
      </trkpt>
      <trkpt lat="49.902231" lon="14.582870">
        <ele>382.340048</ele>
        <time>2026-05-06T08:06:31.999Z</time>
      </trkpt>
      <trkpt lat="49.902086" lon="14.582856">
        <ele>381.444417</ele>
        <time>2026-05-06T08:06:33.999Z</time>
      </trkpt>
      <trkpt lat="49.901942" lon="14.582837">
        <ele>380.553477</ele>
        <time>2026-05-06T08:06:35.999Z</time>
      </trkpt>
      <trkpt lat="49.901834" lon="14.582828">
        <ele>379.886714</ele>
        <time>2026-05-06T08:06:37.999Z</time>
      </trkpt>
      <trkpt lat="49.901742" lon="14.582844">
        <ele>379.315999</ele>
        <time>2026-05-06T08:06:40.999Z</time>
      </trkpt>
      <trkpt lat="49.901633" lon="14.582811">
        <ele>378.631372</ele>
        <time>2026-05-06T08:06:43.999Z</time>
      </trkpt>
      <trkpt lat="49.901544" lon="14.582763">
        <ele>378.050538</ele>
        <time>2026-05-06T08:06:45.999Z</time>
      </trkpt>
      <trkpt lat="49.901446" lon="14.582703">
        <ele>377.401102</ele>
        <time>2026-05-06T08:06:47.999Z</time>
      </trkpt>
      <trkpt lat="49.901345" lon="14.582605">
        <ele>376.666851</ele>
        <time>2026-05-06T08:06:49.999Z</time>
      </trkpt>
      <trkpt lat="49.901222" lon="14.582504">
        <ele>375.809046</ele>
        <time>2026-05-06T08:06:51.999Z</time>
      </trkpt>
      <trkpt lat="49.901093" lon="14.582377">
        <ele>374.867365</ele>
        <time>2026-05-06T08:06:53.999Z</time>
      </trkpt>
      <trkpt lat="49.900962" lon="14.582246">
        <ele>374.643471</ele>
        <time>2026-05-06T08:06:55.999Z</time>
      </trkpt>
      <trkpt lat="49.900830" lon="14.582088">
        <ele>374.622606</ele>
        <time>2026-05-06T08:06:57.999Z</time>
      </trkpt>
      <trkpt lat="49.900693" lon="14.581934">
        <ele>374.601432</ele>
        <time>2026-05-06T08:06:59.999Z</time>
      </trkpt>
      <trkpt lat="49.900568" lon="14.581798">
        <ele>374.582324</ele>
        <time>2026-05-06T08:07:01.999Z</time>
      </trkpt>
      <trkpt lat="49.900443" lon="14.581680">
        <ele>374.564010</ele>
        <time>2026-05-06T08:07:03.999Z</time>
      </trkpt>
      <trkpt lat="49.900330" lon="14.581553">
        <ele>374.546547</ele>
        <time>2026-05-06T08:07:05.999Z</time>
      </trkpt>
      <trkpt lat="49.900210" lon="14.581424">
        <ele>374.528275</ele>
        <time>2026-05-06T08:07:07.999Z</time>
      </trkpt>
      <trkpt lat="49.900105" lon="14.581283">
        <ele>374.510896</ele>
        <time>2026-05-06T08:07:09.999Z</time>
      </trkpt>
      <trkpt lat="49.899994" lon="14.581156">
        <ele>374.493635</ele>
        <time>2026-05-06T08:07:11.999Z</time>
      </trkpt>
      <trkpt lat="49.899882" lon="14.581046">
        <ele>374.477044</ele>
        <time>2026-05-06T08:07:13.999Z</time>
      </trkpt>
      <trkpt lat="49.899784" lon="14.580930">
        <ele>374.461617</ele>
        <time>2026-05-06T08:07:15.998Z</time>
      </trkpt>
      <trkpt lat="49.899685" lon="14.580844">
        <ele>374.447416</ele>
        <time>2026-05-06T08:07:17.998Z</time>
      </trkpt>
      <trkpt lat="49.899597" lon="14.580749">
        <ele>374.433998</ele>
        <time>2026-05-06T08:07:19.998Z</time>
      </trkpt>
      <trkpt lat="49.899513" lon="14.580671">
        <ele>374.812548</ele>
        <time>2026-05-06T08:07:21.998Z</time>
      </trkpt>
      <trkpt lat="49.899402" lon="14.580567">
        <ele>375.332259</ele>
        <time>2026-05-06T08:07:24.998Z</time>
      </trkpt>
      <trkpt lat="49.899301" lon="14.580460">
        <ele>375.822416</ele>
        <time>2026-05-06T08:07:27.998Z</time>
      </trkpt>
      <trkpt lat="49.899210" lon="14.580352">
        <ele>376.281584</ele>
        <time>2026-05-06T08:07:30.998Z</time>
      </trkpt>
      <trkpt lat="49.899117" lon="14.580259">
        <ele>376.725032</ele>
        <time>2026-05-06T08:07:33.998Z</time>
      </trkpt>
      <trkpt lat="49.899038" lon="14.580170">
        <ele>377.116311</ele>
        <time>2026-05-06T08:07:36.998Z</time>
      </trkpt>
      <trkpt lat="49.898960" lon="14.580084">
        <ele>377.499815</ele>
        <time>2026-05-06T08:07:39.998Z</time>
      </trkpt>
      <trkpt lat="49.898879" lon="14.579998">
        <ele>377.893187</ele>
        <time>2026-05-06T08:07:43.000Z</time>
      </trkpt>
      <trkpt lat="49.898807" lon="14.579912">
        <ele>378.257348</ele>
        <time>2026-05-06T08:07:46.000Z</time>
      </trkpt>
      <trkpt lat="49.898737" lon="14.579792">
        <ele>378.675378</ele>
        <time>2026-05-06T08:07:50.000Z</time>
      </trkpt>
      <trkpt lat="49.898652" lon="14.579682">
        <ele>379.118971</ele>
        <time>2026-05-06T08:07:54.000Z</time>
      </trkpt>
      <trkpt lat="49.898600" lon="14.579561">
        <ele>379.494561</ele>
        <time>2026-05-06T08:07:58.000Z</time>
      </trkpt>
      <trkpt lat="49.898537" lon="14.579422">
        <ele>379.933422</ele>
        <time>2026-05-06T08:08:03.000Z</time>
      </trkpt>
      <trkpt lat="49.898475" lon="14.579276">
        <ele>380.384967</ele>
        <time>2026-05-06T08:08:08.000Z</time>
      </trkpt>
      <trkpt lat="49.898422" lon="14.579136">
        <ele>380.804275</ele>
        <time>2026-05-06T08:08:12.999Z</time>
      </trkpt>
      <trkpt lat="49.898372" lon="14.579013">
        <ele>381.179834</ele>
        <time>2026-05-06T08:08:16.999Z</time>
      </trkpt>
      <trkpt lat="49.898309" lon="14.578874">
        <ele>381.618697</ele>
        <time>2026-05-06T08:08:21.999Z</time>
      </trkpt>
      <trkpt lat="49.898251" lon="14.578736">
        <ele>382.051522</ele>
        <time>2026-05-06T08:08:26.999Z</time>
      </trkpt>
      <trkpt lat="49.898195" lon="14.578612">
        <ele>382.449735</ele>
        <time>2026-05-06T08:08:31.999Z</time>
      </trkpt>
      <trkpt lat="49.898145" lon="14.578464">
        <ele>382.889180</ele>
        <time>2026-05-06T08:08:36.999Z</time>
      </trkpt>
      <trkpt lat="49.898078" lon="14.578335">
        <ele>383.324917</ele>
        <time>2026-05-06T08:08:41.999Z</time>
      </trkpt>
      <trkpt lat="49.898010" lon="14.578217">
        <ele>383.741247</ele>
        <time>2026-05-06T08:08:46.999Z</time>
      </trkpt>
      <trkpt lat="49.897943" lon="14.578110">
        <ele>384.133635</ele>
        <time>2026-05-06T08:08:51.999Z</time>
      </trkpt>
      <trkpt lat="49.897878" lon="14.578001">
        <ele>384.524219</ele>
        <time>2026-05-06T08:08:56.999Z</time>
      </trkpt>
      <trkpt lat="49.897808" lon="14.577901">
        <ele>384.912546</ele>
        <time>2026-05-06T08:09:01.999Z</time>
      </trkpt>
      <trkpt lat="49.897745" lon="14.577777">
        <ele>385.327825</ele>
        <time>2026-05-06T08:09:06.999Z</time>
      </trkpt>
      <trkpt lat="49.897724" lon="14.577638">
        <ele>385.703250</ele>
        <time>2026-05-06T08:09:10.999Z</time>
      </trkpt>
      <trkpt lat="49.897652" lon="14.577555">
        <ele>386.069337</ele>
        <time>2026-05-06T08:09:14.999Z</time>
      </trkpt>
      <trkpt lat="49.897538" lon="14.577541">
        <ele>386.536158</ele>
        <time>2026-05-06T08:09:19.998Z</time>
      </trkpt>
      <trkpt lat="49.897438" lon="14.577613">
        <ele>386.986142</ele>
        <time>2026-05-06T08:09:23.998Z</time>
      </trkpt>
      <trkpt lat="49.897347" lon="14.577613">
        <ele>387.357618</ele>
        <time>2026-05-06T08:09:27.998Z</time>
      </trkpt>
      <trkpt lat="49.897239" lon="14.577602">
        <ele>387.799439</ele>
        <time>2026-05-06T08:09:31.998Z</time>
      </trkpt>
      <trkpt lat="49.897141" lon="14.577560">
        <ele>388.214456</ele>
        <time>2026-05-06T08:09:35.998Z</time>
      </trkpt>
      <trkpt lat="49.897031" lon="14.577531">
        <ele>388.669923</ele>
        <time>2026-05-06T08:09:39.998Z</time>
      </trkpt>
      <trkpt lat="49.896936" lon="14.577541">
        <ele>388.953928</ele>
        <time>2026-05-06T08:09:43.998Z</time>
      </trkpt>
      <trkpt lat="49.896841" lon="14.577550">
        <ele>388.782105</ele>
        <time>2026-05-06T08:09:46.998Z</time>
      </trkpt>
      <trkpt lat="49.896722" lon="14.577553">
        <ele>388.567247</ele>
        <time>2026-05-06T08:09:51.000Z</time>
      </trkpt>
      <trkpt lat="49.896579" lon="14.577612">
        <ele>388.300127</ele>
        <time>2026-05-06T08:09:55.000Z</time>
      </trkpt>
      <trkpt lat="49.896454" lon="14.577671">
        <ele>388.064265</ele>
        <time>2026-05-06T08:09:58.000Z</time>
      </trkpt>
      <trkpt lat="49.896315" lon="14.577725">
        <ele>387.805590</ele>
        <time>2026-05-06T08:10:01.000Z</time>
      </trkpt>
      <trkpt lat="49.896226" lon="14.577780">
        <ele>387.632656</ele>
        <time>2026-05-06T08:10:03.000Z</time>
      </trkpt>
      <trkpt lat="49.896096" lon="14.577891">
        <ele>387.364810</ele>
        <time>2026-05-06T08:10:06.000Z</time>
      </trkpt>
      <trkpt lat="49.896012" lon="14.577999">
        <ele>387.167907</ele>
        <time>2026-05-06T08:10:08.000Z</time>
      </trkpt>
      <trkpt lat="49.895909" lon="14.578074">
        <ele>386.962522</ele>
        <time>2026-05-06T08:10:10.000Z</time>
      </trkpt>
      <trkpt lat="49.895794" lon="14.578147">
        <ele>386.738226</ele>
        <time>2026-05-06T08:10:12.000Z</time>
      </trkpt>
      <trkpt lat="49.895695" lon="14.578275">
        <ele>386.505631</ele>
        <time>2026-05-06T08:10:14.000Z</time>
      </trkpt>
      <trkpt lat="49.895579" lon="14.578357">
        <ele>386.275527</ele>
        <time>2026-05-06T08:10:15.999Z</time>
      </trkpt>
      <trkpt lat="49.895465" lon="14.578497">
        <ele>386.013109</ele>
        <time>2026-05-06T08:10:17.999Z</time>
      </trkpt>
      <trkpt lat="49.895311" lon="14.578605">
        <ele>385.610854</ele>
        <time>2026-05-06T08:10:19.999Z</time>
      </trkpt>
      <trkpt lat="49.895231" lon="14.578672">
        <ele>384.930724</ele>
        <time>2026-05-06T08:10:20.999Z</time>
      </trkpt>
      <trkpt lat="49.895150" lon="14.578740">
        <ele>384.241720</ele>
        <time>2026-05-06T08:10:21.999Z</time>
      </trkpt>
      <trkpt lat="49.895067" lon="14.578810">
        <ele>383.534965</ele>
        <time>2026-05-06T08:10:22.999Z</time>
      </trkpt>
      <trkpt lat="49.894985" lon="14.578879">
        <ele>382.837086</ele>
        <time>2026-05-06T08:10:23.999Z</time>
      </trkpt>
      <trkpt lat="49.894899" lon="14.578954">
        <ele>382.099028</ele>
        <time>2026-05-06T08:10:24.999Z</time>
      </trkpt>
      <trkpt lat="49.894811" lon="14.579035">
        <ele>381.333550</ele>
        <time>2026-05-06T08:10:25.999Z</time>
      </trkpt>
      <trkpt lat="49.894717" lon="14.579113">
        <ele>380.536048</ele>
        <time>2026-05-06T08:10:26.999Z</time>
      </trkpt>
      <trkpt lat="49.894569" lon="14.579295">
        <ele>379.123323</ele>
        <time>2026-05-06T08:10:28.999Z</time>
      </trkpt>
      <trkpt lat="49.894499" lon="14.579404">
        <ele>378.381474</ele>
        <time>2026-05-06T08:10:29.999Z</time>
      </trkpt>
      <trkpt lat="49.894422" lon="14.579516">
        <ele>377.591949</ele>
        <time>2026-05-06T08:10:30.999Z</time>
      </trkpt>
      <trkpt lat="49.894364" lon="14.579634">
        <ele>376.876537</ele>
        <time>2026-05-06T08:10:31.999Z</time>
      </trkpt>
      <trkpt lat="49.894305" lon="14.579778">
        <ele>376.053964</ele>
        <time>2026-05-06T08:10:32.999Z</time>
      </trkpt>
      <trkpt lat="49.894246" lon="14.579920">
        <ele>375.239509</ele>
        <time>2026-05-06T08:10:33.999Z</time>
      </trkpt>
      <trkpt lat="49.894185" lon="14.580068">
        <ele>374.392633</ele>
        <time>2026-05-06T08:10:34.999Z</time>
      </trkpt>
      <trkpt lat="49.894150" lon="14.580224">
        <ele>373.596411</ele>
        <time>2026-05-06T08:10:35.999Z</time>
      </trkpt>
      <trkpt lat="49.894110" lon="14.580389">
        <ele>372.746656</ele>
        <time>2026-05-06T08:10:36.999Z</time>
      </trkpt>
      <trkpt lat="49.894083" lon="14.580553">
        <ele>371.974079</ele>
        <time>2026-05-06T08:10:37.999Z</time>
      </trkpt>
      <trkpt lat="49.894061" lon="14.580715">
        <ele>371.274709</ele>
        <time>2026-05-06T08:10:38.999Z</time>
      </trkpt>
      <trkpt lat="49.894050" lon="14.580886">
        <ele>370.548768</ele>
        <time>2026-05-06T08:10:39.999Z</time>
      </trkpt>
      <trkpt lat="49.894044" lon="14.581065">
        <ele>369.791603</ele>
        <time>2026-05-06T08:10:40.999Z</time>
      </trkpt>
      <trkpt lat="49.894048" lon="14.581242">
        <ele>369.043449</ele>
        <time>2026-05-06T08:10:41.999Z</time>
      </trkpt>
      <trkpt lat="49.894059" lon="14.581411">
        <ele>368.325915</ele>
        <time>2026-05-06T08:10:42.999Z</time>
      </trkpt>
      <trkpt lat="49.894073" lon="14.581595">
        <ele>367.543249</ele>
        <time>2026-05-06T08:10:43.999Z</time>
      </trkpt>
      <trkpt lat="49.894082" lon="14.581775">
        <ele>366.780596</ele>
        <time>2026-05-06T08:10:44.999Z</time>
      </trkpt>
      <trkpt lat="49.894097" lon="14.581957">
        <ele>366.005516</ele>
        <time>2026-05-06T08:10:45.999Z</time>
      </trkpt>
      <trkpt lat="49.894110" lon="14.582142">
        <ele>365.219393</ele>
        <time>2026-05-06T08:10:46.999Z</time>
      </trkpt>
      <trkpt lat="49.894116" lon="14.582331">
        <ele>364.420040</ele>
        <time>2026-05-06T08:10:47.999Z</time>
      </trkpt>
      <trkpt lat="49.894116" lon="14.582518">
        <ele>363.630105</ele>
        <time>2026-05-06T08:10:48.999Z</time>
      </trkpt>
      <trkpt lat="49.894102" lon="14.582695">
        <ele>362.876798</ele>
        <time>2026-05-06T08:10:49.999Z</time>
      </trkpt>
      <trkpt lat="49.894075" lon="14.582855">
        <ele>362.178113</ele>
        <time>2026-05-06T08:10:50.999Z</time>
      </trkpt>
      <trkpt lat="49.894042" lon="14.582996">
        <ele>361.544402</ele>
        <time>2026-05-06T08:10:51.999Z</time>
      </trkpt>
      <trkpt lat="49.894004" lon="14.583140">
        <ele>360.887050</ele>
        <time>2026-05-06T08:10:52.999Z</time>
      </trkpt>
      <trkpt lat="49.893955" lon="14.583260">
        <ele>360.409504</ele>
        <time>2026-05-06T08:10:53.999Z</time>
      </trkpt>
      <trkpt lat="49.893851" lon="14.583500">
        <ele>359.936815</ele>
        <time>2026-05-06T08:10:55.999Z</time>
      </trkpt>
      <trkpt lat="49.893734" lon="14.583682">
        <ele>359.516629</ele>
        <time>2026-05-06T08:10:57.999Z</time>
      </trkpt>
      <trkpt lat="49.893659" lon="14.583762">
        <ele>359.285780</ele>
        <time>2026-05-06T08:10:58.999Z</time>
      </trkpt>
      <trkpt lat="49.893583" lon="14.583849">
        <ele>359.046228</ele>
        <time>2026-05-06T08:10:59.999Z</time>
      </trkpt>
      <trkpt lat="49.893495" lon="14.583933">
        <ele>358.784160</ele>
        <time>2026-05-06T08:11:00.999Z</time>
      </trkpt>
      <trkpt lat="49.893402" lon="14.584013">
        <ele>358.514435</ele>
        <time>2026-05-06T08:11:01.999Z</time>
      </trkpt>
      <trkpt lat="49.893303" lon="14.584089">
        <ele>358.234258</ele>
        <time>2026-05-06T08:11:02.999Z</time>
      </trkpt>
      <trkpt lat="49.893204" lon="14.584163">
        <ele>357.955515</ele>
        <time>2026-05-06T08:11:03.999Z</time>
      </trkpt>
      <trkpt lat="49.893026" lon="14.584238">
        <ele>357.487626</ele>
        <time>2026-05-06T08:11:05.999Z</time>
      </trkpt>
      <trkpt lat="49.892921" lon="14.584247">
        <ele>357.220857</ele>
        <time>2026-05-06T08:11:06.999Z</time>
      </trkpt>
      <trkpt lat="49.892812" lon="14.584237">
        <ele>356.943864</ele>
        <time>2026-05-06T08:11:07.999Z</time>
      </trkpt>
      <trkpt lat="49.892712" lon="14.584193">
        <ele>356.680190</ele>
        <time>2026-05-06T08:11:08.999Z</time>
      </trkpt>
      <trkpt lat="49.892571" lon="14.584054">
        <ele>356.256464</ele>
        <time>2026-05-06T08:11:10.999Z</time>
      </trkpt>
      <trkpt lat="49.892439" lon="14.583900">
        <ele>355.946094</ele>
        <time>2026-05-06T08:11:12.999Z</time>
      </trkpt>
      <trkpt lat="49.892303" lon="14.583772">
        <ele>356.048760</ele>
        <time>2026-05-06T08:11:14.999Z</time>
      </trkpt>
      <trkpt lat="49.892154" lon="14.583693">
        <ele>356.150396</ele>
        <time>2026-05-06T08:11:16.999Z</time>
      </trkpt>
      <trkpt lat="49.892003" lon="14.583660">
        <ele>356.248829</ele>
        <time>2026-05-06T08:11:18.999Z</time>
      </trkpt>
      <trkpt lat="49.891828" lon="14.583666">
        <ele>356.361820</ele>
        <time>2026-05-06T08:11:20.999Z</time>
      </trkpt>
      <trkpt lat="49.891686" lon="14.583666">
        <ele>356.453482</ele>
        <time>2026-05-06T08:11:22.998Z</time>
      </trkpt>
      <trkpt lat="49.891538" lon="14.583702">
        <ele>356.550183</ele>
        <time>2026-05-06T08:11:24.998Z</time>
      </trkpt>
      <trkpt lat="49.891415" lon="14.583684">
        <ele>356.629932</ele>
        <time>2026-05-06T08:11:25.998Z</time>
      </trkpt>
      <trkpt lat="49.891290" lon="14.583635">
        <ele>356.713153</ele>
        <time>2026-05-06T08:11:27.998Z</time>
      </trkpt>
      <trkpt lat="49.891149" lon="14.583550">
        <ele>356.810793</ele>
        <time>2026-05-06T08:11:29.998Z</time>
      </trkpt>
      <trkpt lat="49.891066" lon="14.583497">
        <ele>356.868726</ele>
        <time>2026-05-06T08:11:30.998Z</time>
      </trkpt>
      <trkpt lat="49.890972" lon="14.583468">
        <ele>356.930591</ele>
        <time>2026-05-06T08:11:31.998Z</time>
      </trkpt>
      <trkpt lat="49.890890" lon="14.583398">
        <ele>356.990999</ele>
        <time>2026-05-06T08:11:32.998Z</time>
      </trkpt>
      <trkpt lat="49.890721" lon="14.583312">
        <ele>357.007609</ele>
        <time>2026-05-06T08:11:34.998Z</time>
      </trkpt>
      <trkpt lat="49.890560" lon="14.583188">
        <ele>356.572918</ele>
        <time>2026-05-06T08:11:36.998Z</time>
      </trkpt>
      <trkpt lat="49.890431" lon="14.583113">
        <ele>356.239752</ele>
        <time>2026-05-06T08:11:38.998Z</time>
      </trkpt>
      <trkpt lat="49.890273" lon="14.583036">
        <ele>355.839224</ele>
        <time>2026-05-06T08:11:40.998Z</time>
      </trkpt>
      <trkpt lat="49.890110" lon="14.582963">
        <ele>355.428914</ele>
        <time>2026-05-06T08:11:42.998Z</time>
      </trkpt>
      <trkpt lat="49.889905" lon="14.582850">
        <ele>354.902768</ele>
        <time>2026-05-06T08:11:44.998Z</time>
      </trkpt>
      <trkpt lat="49.889761" lon="14.582739">
        <ele>354.513910</ele>
        <time>2026-05-06T08:11:46.998Z</time>
      </trkpt>
      <trkpt lat="49.889601" lon="14.582683">
        <ele>354.117221</ele>
        <time>2026-05-06T08:11:48.998Z</time>
      </trkpt>
      <trkpt lat="49.889451" lon="14.582623">
        <ele>353.742581</ele>
        <time>2026-05-06T08:11:50.998Z</time>
      </trkpt>
      <trkpt lat="49.889324" lon="14.582560">
        <ele>353.420115</ele>
        <time>2026-05-06T08:11:52.998Z</time>
      </trkpt>
      <trkpt lat="49.889251" lon="14.582472">
        <ele>353.196565</ele>
        <time>2026-05-06T08:11:53.998Z</time>
      </trkpt>
      <trkpt lat="49.889116" lon="14.582438">
        <ele>352.865786</ele>
        <time>2026-05-06T08:11:56.000Z</time>
      </trkpt>
      <trkpt lat="49.889010" lon="14.582410">
        <ele>352.569516</ele>
        <time>2026-05-06T08:11:57.000Z</time>
      </trkpt>
      <trkpt lat="49.888916" lon="14.582391">
        <ele>352.275999</ele>
        <time>2026-05-06T08:11:58.000Z</time>
      </trkpt>
      <trkpt lat="49.888825" lon="14.582368">
        <ele>351.990517</ele>
        <time>2026-05-06T08:11:59.000Z</time>
      </trkpt>
      <trkpt lat="49.888640" lon="14.582363">
        <ele>351.417599</ele>
        <time>2026-05-06T08:12:01.000Z</time>
      </trkpt>
      <trkpt lat="49.888471" lon="14.582404">
        <ele>350.887956</ele>
        <time>2026-05-06T08:12:03.000Z</time>
      </trkpt>
      <trkpt lat="49.888374" lon="14.582430">
        <ele>350.583161</ele>
        <time>2026-05-06T08:12:04.000Z</time>
      </trkpt>
      <trkpt lat="49.888210" lon="14.582516">
        <ele>350.047155</ele>
        <time>2026-05-06T08:12:06.000Z</time>
      </trkpt>
      <trkpt lat="49.888043" lon="14.582612">
        <ele>349.495733</ele>
        <time>2026-05-06T08:12:08.000Z</time>
      </trkpt>
      <trkpt lat="49.887853" lon="14.582657">
        <ele>348.900611</ele>
        <time>2026-05-06T08:12:10.000Z</time>
      </trkpt>
      <trkpt lat="49.887675" lon="14.582679">
        <ele>348.347710</ele>
        <time>2026-05-06T08:12:12.000Z</time>
      </trkpt>
      <trkpt lat="49.887534" lon="14.582567">
        <ele>347.857266</ele>
        <time>2026-05-06T08:12:14.000Z</time>
      </trkpt>
      <trkpt lat="49.887414" lon="14.582537">
        <ele>347.480911</ele>
        <time>2026-05-06T08:12:15.000Z</time>
      </trkpt>
      <trkpt lat="49.887244" lon="14.582508">
        <ele>346.892089</ele>
        <time>2026-05-06T08:12:17.000Z</time>
      </trkpt>
      <trkpt lat="49.887086" lon="14.582519">
        <ele>346.266934</ele>
        <time>2026-05-06T08:12:19.000Z</time>
      </trkpt>
      <trkpt lat="49.886918" lon="14.582526">
        <ele>345.602641</ele>
        <time>2026-05-06T08:12:21.000Z</time>
      </trkpt>
      <trkpt lat="49.886837" lon="14.582610">
        <ele>345.217580</ele>
        <time>2026-05-06T08:12:21.999Z</time>
      </trkpt>
      <trkpt lat="49.886686" lon="14.582581">
        <ele>344.616170</ele>
        <time>2026-05-06T08:12:23.999Z</time>
      </trkpt>
      <trkpt lat="49.886521" lon="14.582642">
        <ele>343.945728</ele>
        <time>2026-05-06T08:12:25.999Z</time>
      </trkpt>
      <trkpt lat="49.886376" lon="14.582712">
        <ele>343.345501</ele>
        <time>2026-05-06T08:12:27.999Z</time>
      </trkpt>
      <trkpt lat="49.886216" lon="14.582725">
        <ele>342.712203</ele>
        <time>2026-05-06T08:12:29.999Z</time>
      </trkpt>
      <trkpt lat="49.886076" lon="14.582735">
        <ele>342.158239</ele>
        <time>2026-05-06T08:12:31.999Z</time>
      </trkpt>
      <trkpt lat="49.885950" lon="14.582762">
        <ele>341.655474</ele>
        <time>2026-05-06T08:12:33.999Z</time>
      </trkpt>
      <trkpt lat="49.885822" lon="14.582774">
        <ele>341.148607</ele>
        <time>2026-05-06T08:12:35.999Z</time>
      </trkpt>
      <trkpt lat="49.885710" lon="14.582727">
        <ele>340.690007</ele>
        <time>2026-05-06T08:12:36.999Z</time>
      </trkpt>
      <trkpt lat="49.885570" lon="14.582739">
        <ele>340.135786</ele>
        <time>2026-05-06T08:12:38.999Z</time>
      </trkpt>
      <trkpt lat="49.885455" lon="14.582764">
        <ele>339.587314</ele>
        <time>2026-05-06T08:12:40.999Z</time>
      </trkpt>
      <trkpt lat="49.885354" lon="14.582740">
        <ele>339.088189</ele>
        <time>2026-05-06T08:12:42.999Z</time>
      </trkpt>
      <trkpt lat="49.885209" lon="14.582761">
        <ele>338.376798</ele>
        <time>2026-05-06T08:12:45.999Z</time>
      </trkpt>
      <trkpt lat="49.885053" lon="14.582808">
        <ele>337.600525</ele>
        <time>2026-05-06T08:12:47.999Z</time>
      </trkpt>
      <trkpt lat="49.884893" lon="14.583007">
        <ele>336.598932</ele>
        <time>2026-05-06T08:12:49.999Z</time>
      </trkpt>
      <trkpt lat="49.884809" lon="14.583206">
        <ele>335.850143</ele>
        <time>2026-05-06T08:12:51.999Z</time>
      </trkpt>
      <trkpt lat="49.884733" lon="14.583299">
        <ele>335.377372</ele>
        <time>2026-05-06T08:12:52.999Z</time>
      </trkpt>
      <trkpt lat="49.884699" lon="14.583434">
        <ele>334.921155</ele>
        <time>2026-05-06T08:12:53.999Z</time>
      </trkpt>
      <trkpt lat="49.884613" lon="14.583577">
        <ele>334.305469</ele>
        <time>2026-05-06T08:12:55.999Z</time>
      </trkpt>
      <trkpt lat="49.884472" lon="14.583717">
        <ele>333.487801</ele>
        <time>2026-05-06T08:12:57.999Z</time>
      </trkpt>
      <trkpt lat="49.884382" lon="14.583747">
        <ele>333.038133</ele>
        <time>2026-05-06T08:12:58.999Z</time>
      </trkpt>
      <trkpt lat="49.884269" lon="14.583752">
        <ele>332.485913</ele>
        <time>2026-05-06T08:12:59.999Z</time>
      </trkpt>
      <trkpt lat="49.884098" lon="14.583693">
        <ele>331.630198</ele>
        <time>2026-05-06T08:13:01.999Z</time>
      </trkpt>
      <trkpt lat="49.883931" lon="14.583605">
        <ele>330.982255</ele>
        <time>2026-05-06T08:13:03.999Z</time>
      </trkpt>
      <trkpt lat="49.883783" lon="14.583479">
        <ele>330.509000</ele>
        <time>2026-05-06T08:13:05.999Z</time>
      </trkpt>
      <trkpt lat="49.883621" lon="14.583334">
        <ele>329.984705</ele>
        <time>2026-05-06T08:13:07.999Z</time>
      </trkpt>
      <trkpt lat="49.883533" lon="14.583264">
        <ele>329.707473</ele>
        <time>2026-05-06T08:13:08.999Z</time>
      </trkpt>
      <trkpt lat="49.883433" lon="14.583213">
        <ele>329.412368</ele>
        <time>2026-05-06T08:13:09.999Z</time>
      </trkpt>
      <trkpt lat="49.883353" lon="14.583149">
        <ele>329.160040</ele>
        <time>2026-05-06T08:13:10.999Z</time>
      </trkpt>
      <trkpt lat="49.883190" lon="14.583036">
        <ele>328.659541</ele>
        <time>2026-05-06T08:13:12.999Z</time>
      </trkpt>
      <trkpt lat="49.883087" lon="14.583000">
        <ele>328.363542</ele>
        <time>2026-05-06T08:13:13.999Z</time>
      </trkpt>
      <trkpt lat="49.882986" lon="14.582966">
        <ele>328.073799</ele>
        <time>2026-05-06T08:13:14.999Z</time>
      </trkpt>
      <trkpt lat="49.882889" lon="14.582932">
        <ele>327.795004</ele>
        <time>2026-05-06T08:13:15.999Z</time>
      </trkpt>
      <trkpt lat="49.882793" lon="14.582897">
        <ele>327.518536</ele>
        <time>2026-05-06T08:13:16.999Z</time>
      </trkpt>
      <trkpt lat="49.882605" lon="14.582891">
        <ele>326.991357</ele>
        <time>2026-05-06T08:13:18.999Z</time>
      </trkpt>
      <trkpt lat="49.882518" lon="14.582964">
        <ele>326.714080</ele>
        <time>2026-05-06T08:13:19.999Z</time>
      </trkpt>
      <trkpt lat="49.882429" lon="14.582989">
        <ele>326.460510</ele>
        <time>2026-05-06T08:13:20.999Z</time>
      </trkpt>
      <trkpt lat="49.882331" lon="14.583044">
        <ele>326.109385</ele>
        <time>2026-05-06T08:13:21.999Z</time>
      </trkpt>
      <trkpt lat="49.882234" lon="14.583110">
        <ele>325.515699</ele>
        <time>2026-05-06T08:13:22.999Z</time>
      </trkpt>
      <trkpt lat="49.882129" lon="14.583183">
        <ele>324.870771</ele>
        <time>2026-05-06T08:13:23.999Z</time>
      </trkpt>
      <trkpt lat="49.882023" lon="14.583245">
        <ele>324.235799</ele>
        <time>2026-05-06T08:13:24.999Z</time>
      </trkpt>
      <trkpt lat="49.881944" lon="14.583328">
        <ele>323.701039</ele>
        <time>2026-05-06T08:13:25.999Z</time>
      </trkpt>
      <trkpt lat="49.881865" lon="14.583449">
        <ele>323.078864</ele>
        <time>2026-05-06T08:13:26.999Z</time>
      </trkpt>
      <trkpt lat="49.881796" lon="14.583545">
        <ele>322.559417</ele>
        <time>2026-05-06T08:13:27.999Z</time>
      </trkpt>
      <trkpt lat="49.881728" lon="14.583665">
        <ele>321.982224</ele>
        <time>2026-05-06T08:13:28.998Z</time>
      </trkpt>
      <trkpt lat="49.881652" lon="14.583771">
        <ele>321.409450</ele>
        <time>2026-05-06T08:13:29.998Z</time>
      </trkpt>
      <trkpt lat="49.881559" lon="14.583835">
        <ele>320.839193</ele>
        <time>2026-05-06T08:13:30.998Z</time>
      </trkpt>
      <trkpt lat="49.881467" lon="14.583914">
        <ele>320.249817</ele>
        <time>2026-05-06T08:13:31.998Z</time>
      </trkpt>
      <trkpt lat="49.881381" lon="14.584002">
        <ele>319.672395</ele>
        <time>2026-05-06T08:13:32.998Z</time>
      </trkpt>
      <trkpt lat="49.881294" lon="14.584061">
        <ele>319.140196</ele>
        <time>2026-05-06T08:13:33.998Z</time>
      </trkpt>
      <trkpt lat="49.881207" lon="14.584125">
        <ele>318.600511</ele>
        <time>2026-05-06T08:13:34.998Z</time>
      </trkpt>
      <trkpt lat="49.881108" lon="14.584160">
        <ele>318.031359</ele>
        <time>2026-05-06T08:13:35.998Z</time>
      </trkpt>
      <trkpt lat="49.881019" lon="14.584208">
        <ele>317.503211</ele>
        <time>2026-05-06T08:13:36.998Z</time>
      </trkpt>
      <trkpt lat="49.880888" lon="14.584318">
        <ele>316.668304</ele>
        <time>2026-05-06T08:13:38.998Z</time>
      </trkpt>
      <trkpt lat="49.880794" lon="14.584374">
        <ele>316.122234</ele>
        <time>2026-05-06T08:13:39.998Z</time>
      </trkpt>
      <trkpt lat="49.880671" lon="14.584434">
        <ele>315.720006</ele>
        <time>2026-05-06T08:13:40.998Z</time>
      </trkpt>
      <trkpt lat="49.880546" lon="14.584565">
        <ele>315.249458</ele>
        <time>2026-05-06T08:13:42.998Z</time>
      </trkpt>
      <trkpt lat="49.880466" lon="14.584634">
        <ele>314.963930</ele>
        <time>2026-05-06T08:13:43.998Z</time>
      </trkpt>
      <trkpt lat="49.880369" lon="14.584698">
        <ele>314.635110</ele>
        <time>2026-05-06T08:13:44.998Z</time>
      </trkpt>
      <trkpt lat="49.880269" lon="14.584761">
        <ele>314.298417</ele>
        <time>2026-05-06T08:13:45.998Z</time>
      </trkpt>
      <trkpt lat="49.880181" lon="14.584831">
        <ele>313.989924</ele>
        <time>2026-05-06T08:13:46.998Z</time>
      </trkpt>
      <trkpt lat="49.880122" lon="14.584949">
        <ele>313.689678</ele>
        <time>2026-05-06T08:13:47.998Z</time>
      </trkpt>
      <trkpt lat="49.880052" lon="14.585045">
        <ele>313.398248</ele>
        <time>2026-05-06T08:13:48.998Z</time>
      </trkpt>
      <trkpt lat="49.879984" lon="14.585140">
        <ele>313.112812</ele>
        <time>2026-05-06T08:13:49.998Z</time>
      </trkpt>
      <trkpt lat="49.879851" lon="14.585319">
        <ele>312.563596</ele>
        <time>2026-05-06T08:13:51.998Z</time>
      </trkpt>
      <trkpt lat="49.879752" lon="14.585351">
        <ele>312.248122</ele>
        <time>2026-05-06T08:13:52.998Z</time>
      </trkpt>
      <trkpt lat="49.879662" lon="14.585451">
        <ele>311.902805</ele>
        <time>2026-05-06T08:13:53.998Z</time>
      </trkpt>
      <trkpt lat="49.879594" lon="14.585550">
        <ele>311.611927</ele>
        <time>2026-05-06T08:13:54.998Z</time>
      </trkpt>
      <trkpt lat="49.879531" lon="14.585673">
        <ele>311.296066</ele>
        <time>2026-05-06T08:13:55.998Z</time>
      </trkpt>
      <trkpt lat="49.879464" lon="14.585787">
        <ele>310.985891</ele>
        <time>2026-05-06T08:13:56.998Z</time>
      </trkpt>
      <trkpt lat="49.879406" lon="14.585901">
        <ele>310.693898</ele>
        <time>2026-05-06T08:13:57.998Z</time>
      </trkpt>
      <trkpt lat="49.879317" lon="14.586143">
        <ele>310.675931</ele>
        <time>2026-05-06T08:13:59.998Z</time>
      </trkpt>
      <trkpt lat="49.879248" lon="14.586365">
        <ele>310.851478</ele>
        <time>2026-05-06T08:14:02.000Z</time>
      </trkpt>
      <trkpt lat="49.879180" lon="14.586595">
        <ele>311.031711</ele>
        <time>2026-05-06T08:14:04.000Z</time>
      </trkpt>
      <trkpt lat="49.879096" lon="14.586797">
        <ele>311.202939</ele>
        <time>2026-05-06T08:14:06.000Z</time>
      </trkpt>
      <trkpt lat="49.879013" lon="14.586984">
        <ele>311.364663</ele>
        <time>2026-05-06T08:14:08.000Z</time>
      </trkpt>
      <trkpt lat="49.878916" lon="14.587129">
        <ele>311.513525</ele>
        <time>2026-05-06T08:14:10.000Z</time>
      </trkpt>
      <trkpt lat="49.878852" lon="14.587283">
        <ele>311.644042</ele>
        <time>2026-05-06T08:14:12.000Z</time>
      </trkpt>
      <trkpt lat="49.878775" lon="14.587447">
        <ele>311.788565</ele>
        <time>2026-05-06T08:14:14.000Z</time>
      </trkpt>
      <trkpt lat="49.878737" lon="14.587579">
        <ele>311.891536</ele>
        <time>2026-05-06T08:14:15.000Z</time>
      </trkpt>
      <trkpt lat="49.878640" lon="14.587702">
        <ele>312.029989</ele>
        <time>2026-05-06T08:14:17.000Z</time>
      </trkpt>
      <trkpt lat="49.878542" lon="14.587838">
        <ele>312.175300</ele>
        <time>2026-05-06T08:14:19.000Z</time>
      </trkpt>
      <trkpt lat="49.878440" lon="14.587966">
        <ele>312.320287</ele>
        <time>2026-05-06T08:14:21.000Z</time>
      </trkpt>
      <trkpt lat="49.878308" lon="14.588065">
        <ele>312.482328</ele>
        <time>2026-05-06T08:14:23.000Z</time>
      </trkpt>
      <trkpt lat="49.878193" lon="14.588166">
        <ele>312.533524</ele>
        <time>2026-05-06T08:14:25.000Z</time>
      </trkpt>
      <trkpt lat="49.878109" lon="14.588299">
        <ele>312.547808</ele>
        <time>2026-05-06T08:14:27.000Z</time>
      </trkpt>
      <trkpt lat="49.878028" lon="14.588419">
        <ele>312.561137</ele>
        <time>2026-05-06T08:14:28.999Z</time>
      </trkpt>
      <trkpt lat="49.877963" lon="14.588540">
        <ele>312.573219</ele>
        <time>2026-05-06T08:14:30.999Z</time>
      </trkpt>
      <trkpt lat="49.877913" lon="14.588692">
        <ele>312.586309</ele>
        <time>2026-05-06T08:14:32.999Z</time>
      </trkpt>
      <trkpt lat="49.877854" lon="14.588855">
        <ele>312.600648</ele>
        <time>2026-05-06T08:14:34.999Z</time>
      </trkpt>
      <trkpt lat="49.877781" lon="14.588962">
        <ele>312.612600</ele>
        <time>2026-05-06T08:14:36.999Z</time>
      </trkpt>
      <trkpt lat="49.877654" lon="14.589032">
        <ele>312.628642</ele>
        <time>2026-05-06T08:14:38.999Z</time>
      </trkpt>
      <trkpt lat="49.877576" lon="14.589119">
        <ele>312.640075</ele>
        <time>2026-05-06T08:14:40.999Z</time>
      </trkpt>
      <trkpt lat="49.877444" lon="14.589213">
        <ele>312.657361</ele>
        <time>2026-05-06T08:14:42.999Z</time>
      </trkpt>
      <trkpt lat="49.877342" lon="14.589253">
        <ele>312.669883</ele>
        <time>2026-05-06T08:14:44.999Z</time>
      </trkpt>
      <trkpt lat="49.877245" lon="14.589308">
        <ele>312.682175</ele>
        <time>2026-05-06T08:14:46.999Z</time>
      </trkpt>
      <trkpt lat="49.877130" lon="14.589338">
        <ele>312.696055</ele>
        <time>2026-05-06T08:14:48.999Z</time>
      </trkpt>
      <trkpt lat="49.877025" lon="14.589348">
        <ele>312.708576</ele>
        <time>2026-05-06T08:14:50.999Z</time>
      </trkpt>
      <trkpt lat="49.876914" lon="14.589352">
        <ele>312.721791</ele>
        <time>2026-05-06T08:14:52.999Z</time>
      </trkpt>
      <trkpt lat="49.876799" lon="14.589353">
        <ele>312.735479</ele>
        <time>2026-05-06T08:14:54.999Z</time>
      </trkpt>
      <trkpt lat="49.876684" lon="14.589367">
        <ele>312.390487</ele>
        <time>2026-05-06T08:14:56.999Z</time>
      </trkpt>
      <trkpt lat="49.876559" lon="14.589399">
        <ele>311.991111</ele>
        <time>2026-05-06T08:14:58.999Z</time>
      </trkpt>
      <trkpt lat="49.876421" lon="14.589461">
        <ele>311.538214</ele>
        <time>2026-05-06T08:15:00.999Z</time>
      </trkpt>
      <trkpt lat="49.876272" lon="14.589536">
        <ele>311.044412</ele>
        <time>2026-05-06T08:15:02.999Z</time>
      </trkpt>
      <trkpt lat="49.876118" lon="14.589624">
        <ele>310.527073</ele>
        <time>2026-05-06T08:15:04.999Z</time>
      </trkpt>
      <trkpt lat="49.875973" lon="14.589708">
        <ele>310.039160</ele>
        <time>2026-05-06T08:15:06.999Z</time>
      </trkpt>
      <trkpt lat="49.875825" lon="14.589806">
        <ele>309.531902</ele>
        <time>2026-05-06T08:15:08.999Z</time>
      </trkpt>
      <trkpt lat="49.875697" lon="14.589942">
        <ele>309.042868</ele>
        <time>2026-05-06T08:15:10.999Z</time>
      </trkpt>
      <trkpt lat="49.875576" lon="14.590126">
        <ele>308.508801</ele>
        <time>2026-05-06T08:15:12.999Z</time>
      </trkpt>
      <trkpt lat="49.875459" lon="14.590315">
        <ele>307.976387</ele>
        <time>2026-05-06T08:15:14.999Z</time>
      </trkpt>
      <trkpt lat="49.875345" lon="14.590505">
        <ele>307.448994</ele>
        <time>2026-05-06T08:15:16.999Z</time>
      </trkpt>
      <trkpt lat="49.875237" lon="14.590685">
        <ele>307.058111</ele>
        <time>2026-05-06T08:15:18.999Z</time>
      </trkpt>
      <trkpt lat="49.875129" lon="14.590857">
        <ele>307.024628</ele>
        <time>2026-05-06T08:15:20.999Z</time>
      </trkpt>
      <trkpt lat="49.875026" lon="14.591017">
        <ele>306.993097</ele>
        <time>2026-05-06T08:15:22.999Z</time>
      </trkpt>
      <trkpt lat="49.874927" lon="14.591179">
        <ele>306.961969</ele>
        <time>2026-05-06T08:15:24.999Z</time>
      </trkpt>
      <trkpt lat="49.874868" lon="14.591340">
        <ele>306.936145</ele>
        <time>2026-05-06T08:15:26.999Z</time>
      </trkpt>
      <trkpt lat="49.874796" lon="14.591519">
        <ele>306.906725</ele>
        <time>2026-05-06T08:15:28.999Z</time>
      </trkpt>
      <trkpt lat="49.874721" lon="14.591691">
        <ele>306.877770</ele>
        <time>2026-05-06T08:15:30.999Z</time>
      </trkpt>
      <trkpt lat="49.874652" lon="14.591849">
        <ele>306.851159</ele>
        <time>2026-05-06T08:15:32.999Z</time>
      </trkpt>
      <trkpt lat="49.874586" lon="14.591999">
        <ele>306.825835</ele>
        <time>2026-05-06T08:15:34.999Z</time>
      </trkpt>
      <trkpt lat="49.874497" lon="14.592136">
        <ele>306.798712</ele>
        <time>2026-05-06T08:15:36.998Z</time>
      </trkpt>
      <trkpt lat="49.874409" lon="14.592266">
        <ele>306.772425</ele>
        <time>2026-05-06T08:15:38.998Z</time>
      </trkpt>
      <trkpt lat="49.874311" lon="14.592376">
        <ele>306.746257</ele>
        <time>2026-05-06T08:15:40.998Z</time>
      </trkpt>
      <trkpt lat="49.874219" lon="14.592483">
        <ele>306.721382</ele>
        <time>2026-05-06T08:15:42.998Z</time>
      </trkpt>
      <trkpt lat="49.874129" lon="14.592587">
        <ele>306.697104</ele>
        <time>2026-05-06T08:15:44.998Z</time>
      </trkpt>
      <trkpt lat="49.874033" lon="14.592683">
        <ele>306.655557</ele>
        <time>2026-05-06T08:15:46.998Z</time>
      </trkpt>
      <trkpt lat="49.873942" lon="14.592783">
        <ele>306.543001</ele>
        <time>2026-05-06T08:15:48.998Z</time>
      </trkpt>
      <trkpt lat="49.873872" lon="14.592891">
        <ele>306.443360</ele>
        <time>2026-05-06T08:15:50.998Z</time>
      </trkpt>
      <trkpt lat="49.873801" lon="14.593008">
        <ele>306.338818</ele>
        <time>2026-05-06T08:15:52.998Z</time>
      </trkpt>
      <trkpt lat="49.873744" lon="14.593127">
        <ele>306.242366</ele>
        <time>2026-05-06T08:15:54.998Z</time>
      </trkpt>
      <trkpt lat="49.873652" lon="14.593239">
        <ele>306.124333</ele>
        <time>2026-05-06T08:15:57.998Z</time>
      </trkpt>
      <trkpt lat="49.873536" lon="14.593319">
        <ele>305.996199</ele>
        <time>2026-05-06T08:16:00.998Z</time>
      </trkpt>
      <trkpt lat="49.873414" lon="14.593266">
        <ele>305.868319</ele>
        <time>2026-05-06T08:16:02.998Z</time>
      </trkpt>
      <trkpt lat="49.873320" lon="14.593147">
        <ele>305.745863</ele>
        <time>2026-05-06T08:16:04.998Z</time>
      </trkpt>
      <trkpt lat="49.873234" lon="14.592998">
        <ele>305.615746</ele>
        <time>2026-05-06T08:16:07.000Z</time>
      </trkpt>
      <trkpt lat="49.873150" lon="14.592855">
        <ele>305.489877</ele>
        <time>2026-05-06T08:16:09.000Z</time>
      </trkpt>
      <trkpt lat="49.873060" lon="14.592716">
        <ele>305.361701</ele>
        <time>2026-05-06T08:16:11.000Z</time>
      </trkpt>
      <trkpt lat="49.872974" lon="14.592554">
        <ele>305.225166</ele>
        <time>2026-05-06T08:16:13.000Z</time>
      </trkpt>
      <trkpt lat="49.872888" lon="14.592408">
        <ele>305.096495</ele>
        <time>2026-05-06T08:16:15.000Z</time>
      </trkpt>
      <trkpt lat="49.872828" lon="14.592231">
        <ele>304.966394</ele>
        <time>2026-05-06T08:16:17.000Z</time>
      </trkpt>
      <trkpt lat="49.872769" lon="14.592034">
        <ele>304.807972</ele>
        <time>2026-05-06T08:16:19.000Z</time>
      </trkpt>
      <trkpt lat="49.872717" lon="14.591847">
        <ele>304.613200</ele>
        <time>2026-05-06T08:16:21.000Z</time>
      </trkpt>
      <trkpt lat="49.872673" lon="14.591670">
        <ele>304.431773</ele>
        <time>2026-05-06T08:16:23.000Z</time>
      </trkpt>
      <trkpt lat="49.872617" lon="14.591492">
        <ele>304.242345</ele>
        <time>2026-05-06T08:16:25.000Z</time>
      </trkpt>
      <trkpt lat="49.872590" lon="14.591311">
        <ele>304.064671</ele>
        <time>2026-05-06T08:16:27.000Z</time>
      </trkpt>
      <trkpt lat="49.872537" lon="14.591146">
        <ele>303.888361</ele>
        <time>2026-05-06T08:16:29.000Z</time>
      </trkpt>
      <trkpt lat="49.872477" lon="14.591006">
        <ele>303.727573</ele>
        <time>2026-05-06T08:16:31.000Z</time>
      </trkpt>
      <trkpt lat="49.872393" lon="14.590829">
        <ele>303.517359</ele>
        <time>2026-05-06T08:16:33.000Z</time>
      </trkpt>
      <trkpt lat="49.872290" lon="14.590694">
        <ele>303.317288</ele>
        <time>2026-05-06T08:16:34.999Z</time>
      </trkpt>
      <trkpt lat="49.872179" lon="14.590566">
        <ele>303.112070</ele>
        <time>2026-05-06T08:16:36.999Z</time>
      </trkpt>
      <trkpt lat="49.872050" lon="14.590477">
        <ele>302.902580</ele>
        <time>2026-05-06T08:16:38.999Z</time>
      </trkpt>
      <trkpt lat="49.871924" lon="14.590397">
        <ele>302.700563</ele>
        <time>2026-05-06T08:16:40.999Z</time>
      </trkpt>
      <trkpt lat="49.871796" lon="14.590343">
        <ele>302.503731</ele>
        <time>2026-05-06T08:16:42.999Z</time>
      </trkpt>
      <trkpt lat="49.871682" lon="14.590338">
        <ele>302.334502</ele>
        <time>2026-05-06T08:16:44.999Z</time>
      </trkpt>
      <trkpt lat="49.871546" lon="14.590350">
        <ele>302.110331</ele>
        <time>2026-05-06T08:16:46.999Z</time>
      </trkpt>
      <trkpt lat="49.871422" lon="14.590380">
        <ele>301.855861</ele>
        <time>2026-05-06T08:16:48.999Z</time>
      </trkpt>
      <trkpt lat="49.871283" lon="14.590386">
        <ele>301.573904</ele>
        <time>2026-05-06T08:16:50.999Z</time>
      </trkpt>
      <trkpt lat="49.871167" lon="14.590418">
        <ele>301.335005</ele>
        <time>2026-05-06T08:16:52.999Z</time>
      </trkpt>
      <trkpt lat="49.871060" lon="14.590431">
        <ele>301.117379</ele>
        <time>2026-05-06T08:16:54.999Z</time>
      </trkpt>
      <trkpt lat="49.870956" lon="14.590481">
        <ele>300.896608</ele>
        <time>2026-05-06T08:16:56.999Z</time>
      </trkpt>
      <trkpt lat="49.870831" lon="14.590506">
        <ele>300.641051</ele>
        <time>2026-05-06T08:16:58.999Z</time>
      </trkpt>
      <trkpt lat="49.870697" lon="14.590564">
        <ele>300.358968</ele>
        <time>2026-05-06T08:17:00.999Z</time>
      </trkpt>
      <trkpt lat="49.870571" lon="14.590612">
        <ele>300.095892</ele>
        <time>2026-05-06T08:17:02.999Z</time>
      </trkpt>
      <trkpt lat="49.870446" lon="14.590655">
        <ele>299.836277</ele>
        <time>2026-05-06T08:17:04.999Z</time>
      </trkpt>
      <trkpt lat="49.870303" lon="14.590701">
        <ele>299.540152</ele>
        <time>2026-05-06T08:17:06.999Z</time>
      </trkpt>
      <trkpt lat="49.870164" lon="14.590753">
        <ele>299.250228</ele>
        <time>2026-05-06T08:17:08.999Z</time>
      </trkpt>
      <trkpt lat="49.870029" lon="14.590798">
        <ele>298.970245</ele>
        <time>2026-05-06T08:17:10.999Z</time>
      </trkpt>
      <trkpt lat="49.869889" lon="14.590856">
        <ele>298.676424</ele>
        <time>2026-05-06T08:17:12.999Z</time>
      </trkpt>
      <trkpt lat="49.869756" lon="14.590886">
        <ele>298.462250</ele>
        <time>2026-05-06T08:17:14.999Z</time>
      </trkpt>
      <trkpt lat="49.869598" lon="14.590880">
        <ele>298.273895</ele>
        <time>2026-05-06T08:17:16.999Z</time>
      </trkpt>
      <trkpt lat="49.869476" lon="14.590945">
        <ele>298.120167</ele>
        <time>2026-05-06T08:17:18.999Z</time>
      </trkpt>
      <trkpt lat="49.869357" lon="14.590936">
        <ele>297.978179</ele>
        <time>2026-05-06T08:17:20.999Z</time>
      </trkpt>
      <trkpt lat="49.869226" lon="14.590907">
        <ele>297.820477</ele>
        <time>2026-05-06T08:17:22.999Z</time>
      </trkpt>
      <trkpt lat="49.869089" lon="14.590847">
        <ele>297.650825</ele>
        <time>2026-05-06T08:17:24.999Z</time>
      </trkpt>
      <trkpt lat="49.868974" lon="14.590736">
        <ele>297.489415</ele>
        <time>2026-05-06T08:17:26.999Z</time>
      </trkpt>
      <trkpt lat="49.868866" lon="14.590599">
        <ele>297.323161</ele>
        <time>2026-05-06T08:17:28.999Z</time>
      </trkpt>
      <trkpt lat="49.868753" lon="14.590463">
        <ele>297.152723</ele>
        <time>2026-05-06T08:17:30.999Z</time>
      </trkpt>
      <trkpt lat="49.868655" lon="14.590325">
        <ele>296.994998</ele>
        <time>2026-05-06T08:17:32.999Z</time>
      </trkpt>
      <trkpt lat="49.868554" lon="14.590172">
        <ele>296.826770</ele>
        <time>2026-05-06T08:17:34.999Z</time>
      </trkpt>
      <trkpt lat="49.868440" lon="14.590043">
        <ele>296.658612</ele>
        <time>2026-05-06T08:17:36.999Z</time>
      </trkpt>
      <trkpt lat="49.868330" lon="14.589878">
        <ele>296.476267</ele>
        <time>2026-05-06T08:17:38.999Z</time>
      </trkpt>
      <trkpt lat="49.868223" lon="14.589705">
        <ele>296.380946</ele>
        <time>2026-05-06T08:17:40.998Z</time>
      </trkpt>
      <trkpt lat="49.868110" lon="14.589610">
        <ele>296.351747</ele>
        <time>2026-05-06T08:17:42.998Z</time>
      </trkpt>
      <trkpt lat="49.867976" lon="14.589506">
        <ele>296.317707</ele>
        <time>2026-05-06T08:17:44.998Z</time>
      </trkpt>
      <trkpt lat="49.867850" lon="14.589414">
        <ele>296.286069</ele>
        <time>2026-05-06T08:17:46.998Z</time>
      </trkpt>
      <trkpt lat="49.867713" lon="14.589340">
        <ele>296.253112</ele>
        <time>2026-05-06T08:17:48.998Z</time>
      </trkpt>
      <trkpt lat="49.867572" lon="14.589305">
        <ele>296.220670</ele>
        <time>2026-05-06T08:17:50.998Z</time>
      </trkpt>
      <trkpt lat="49.867433" lon="14.589277">
        <ele>296.188826</ele>
        <time>2026-05-06T08:17:52.998Z</time>
      </trkpt>
      <trkpt lat="49.867302" lon="14.589254">
        <ele>296.158874</ele>
        <time>2026-05-06T08:17:54.998Z</time>
      </trkpt>
      <trkpt lat="49.867164" lon="14.589236">
        <ele>296.127411</ele>
        <time>2026-05-06T08:17:56.998Z</time>
      </trkpt>
      <trkpt lat="49.867012" lon="14.589205">
        <ele>296.092581</ele>
        <time>2026-05-06T08:17:58.998Z</time>
      </trkpt>
      <trkpt lat="49.866922" lon="14.589181">
        <ele>296.071834</ele>
        <time>2026-05-06T08:17:59.998Z</time>
      </trkpt>
      <trkpt lat="49.866798" lon="14.589173">
        <ele>296.043638</ele>
        <time>2026-05-06T08:18:01.998Z</time>
      </trkpt>
      <trkpt lat="49.866660" lon="14.589214">
        <ele>296.011716</ele>
        <time>2026-05-06T08:18:03.998Z</time>
      </trkpt>
      <trkpt lat="49.866501" lon="14.589260">
        <ele>295.940905</ele>
        <time>2026-05-06T08:18:05.998Z</time>
      </trkpt>
      <trkpt lat="49.866377" lon="14.589368">
        <ele>295.848361</ele>
        <time>2026-05-06T08:18:07.998Z</time>
      </trkpt>
      <trkpt lat="49.866259" lon="14.589467">
        <ele>295.761059</ele>
        <time>2026-05-06T08:18:09.998Z</time>
      </trkpt>
      <trkpt lat="49.866133" lon="14.589592">
        <ele>295.663729</ele>
        <time>2026-05-06T08:18:12.000Z</time>
      </trkpt>
      <trkpt lat="49.865995" lon="14.589707">
        <ele>295.561785</ele>
        <time>2026-05-06T08:18:14.000Z</time>
      </trkpt>
      <trkpt lat="49.865877" lon="14.589807">
        <ele>295.474283</ele>
        <time>2026-05-06T08:18:16.000Z</time>
      </trkpt>
      <trkpt lat="49.865737" lon="14.589885">
        <ele>295.377476</ele>
        <time>2026-05-06T08:18:18.000Z</time>
      </trkpt>
      <trkpt lat="49.865638" lon="14.590002">
        <ele>295.296484</ele>
        <time>2026-05-06T08:18:20.000Z</time>
      </trkpt>
      <trkpt lat="49.865525" lon="14.590078">
        <ele>295.216333</ele>
        <time>2026-05-06T08:18:22.000Z</time>
      </trkpt>
      <trkpt lat="49.865364" lon="14.590146">
        <ele>295.107743</ele>
        <time>2026-05-06T08:18:24.000Z</time>
      </trkpt>
      <trkpt lat="49.865224" lon="14.590143">
        <ele>295.016625</ele>
        <time>2026-05-06T08:18:26.000Z</time>
      </trkpt>
      <trkpt lat="49.865089" lon="14.590079">
        <ele>294.924759</ele>
        <time>2026-05-06T08:18:28.000Z</time>
      </trkpt>
      <trkpt lat="49.864973" lon="14.589975">
        <ele>294.837569</ele>
        <time>2026-05-06T08:18:30.000Z</time>
      </trkpt>
      <trkpt lat="49.864867" lon="14.589800">
        <ele>294.365940</ele>
        <time>2026-05-06T08:18:32.000Z</time>
      </trkpt>
      <trkpt lat="49.864789" lon="14.589635">
        <ele>293.909424</ele>
        <time>2026-05-06T08:18:34.000Z</time>
      </trkpt>
      <trkpt lat="49.864703" lon="14.589444">
        <ele>293.389616</ele>
        <time>2026-05-06T08:18:36.000Z</time>
      </trkpt>
      <trkpt lat="49.864638" lon="14.589229">
        <ele>292.859791</ele>
        <time>2026-05-06T08:18:38.000Z</time>
      </trkpt>
      <trkpt lat="49.864570" lon="14.589021">
        <ele>292.339448</ele>
        <time>2026-05-06T08:18:40.000Z</time>
      </trkpt>
      <trkpt lat="49.864493" lon="14.588821">
        <ele>291.819695</ele>
        <time>2026-05-06T08:18:41.999Z</time>
      </trkpt>
      <trkpt lat="49.864413" lon="14.588604">
        <ele>291.261954</ele>
        <time>2026-05-06T08:18:43.999Z</time>
      </trkpt>
      <trkpt lat="49.864302" lon="14.588466">
        <ele>290.769606</ele>
        <time>2026-05-06T08:18:45.999Z</time>
      </trkpt>
      <trkpt lat="49.864230" lon="14.588297">
        <ele>290.317635</ele>
        <time>2026-05-06T08:18:47.999Z</time>
      </trkpt>
      <trkpt lat="49.864121" lon="14.588154">
        <ele>289.823540</ele>
        <time>2026-05-06T08:18:49.999Z</time>
      </trkpt>
      <trkpt lat="49.864026" lon="14.588025">
        <ele>289.386552</ele>
        <time>2026-05-06T08:18:51.999Z</time>
      </trkpt>
      <trkpt lat="49.863913" lon="14.587900">
        <ele>288.906182</ele>
        <time>2026-05-06T08:18:53.999Z</time>
      </trkpt>
      <trkpt lat="49.863794" lon="14.587788">
        <ele>288.609323</ele>
        <time>2026-05-06T08:18:55.999Z</time>
      </trkpt>
      <trkpt lat="49.863680" lon="14.587640">
        <ele>288.645482</ele>
        <time>2026-05-06T08:18:57.999Z</time>
      </trkpt>
      <trkpt lat="49.863568" lon="14.587522">
        <ele>288.678415</ele>
        <time>2026-05-06T08:18:59.999Z</time>
      </trkpt>
      <trkpt lat="49.863463" lon="14.587401">
        <ele>288.710232</ele>
        <time>2026-05-06T08:19:01.999Z</time>
      </trkpt>
      <trkpt lat="49.863327" lon="14.587259">
        <ele>288.750109</ele>
        <time>2026-05-06T08:19:03.999Z</time>
      </trkpt>
      <trkpt lat="49.863226" lon="14.587134">
        <ele>288.781538</ele>
        <time>2026-05-06T08:19:05.999Z</time>
      </trkpt>
      <trkpt lat="49.863106" lon="14.587004">
        <ele>288.817141</ele>
        <time>2026-05-06T08:19:07.999Z</time>
      </trkpt>
      <trkpt lat="49.862982" lon="14.586883">
        <ele>288.852775</ele>
        <time>2026-05-06T08:19:09.999Z</time>
      </trkpt>
      <trkpt lat="49.862857" lon="14.586752">
        <ele>288.889470</ele>
        <time>2026-05-06T08:19:11.999Z</time>
      </trkpt>
      <trkpt lat="49.862748" lon="14.586595">
        <ele>288.925651</ele>
        <time>2026-05-06T08:19:13.999Z</time>
      </trkpt>
      <trkpt lat="49.862633" lon="14.586475">
        <ele>288.959364</ele>
        <time>2026-05-06T08:19:15.999Z</time>
      </trkpt>
      <trkpt lat="49.862542" lon="14.586339">
        <ele>288.990101</ele>
        <time>2026-05-06T08:19:17.999Z</time>
      </trkpt>
      <trkpt lat="49.862425" lon="14.586216">
        <ele>289.024481</ele>
        <time>2026-05-06T08:19:19.999Z</time>
      </trkpt>
      <trkpt lat="49.862308" lon="14.586093">
        <ele>289.256187</ele>
        <time>2026-05-06T08:19:21.999Z</time>
      </trkpt>
      <trkpt lat="49.862185" lon="14.585965">
        <ele>289.586479</ele>
        <time>2026-05-06T08:19:23.999Z</time>
      </trkpt>
      <trkpt lat="49.862057" lon="14.585881">
        <ele>289.896410</ele>
        <time>2026-05-06T08:19:25.999Z</time>
      </trkpt>
      <trkpt lat="49.861927" lon="14.585809">
        <ele>290.204233</ele>
        <time>2026-05-06T08:19:27.999Z</time>
      </trkpt>
      <trkpt lat="49.861810" lon="14.585729">
        <ele>290.489364</ele>
        <time>2026-05-06T08:19:29.999Z</time>
      </trkpt>
      <trkpt lat="49.861688" lon="14.585684">
        <ele>290.769010</ele>
        <time>2026-05-06T08:19:31.999Z</time>
      </trkpt>
      <trkpt lat="49.861553" lon="14.585654">
        <ele>291.073134</ele>
        <time>2026-05-06T08:19:33.999Z</time>
      </trkpt>
      <trkpt lat="49.861408" lon="14.585649">
        <ele>291.396564</ele>
        <time>2026-05-06T08:19:35.999Z</time>
      </trkpt>
      <trkpt lat="49.861245" lon="14.585575">
        <ele>291.775301</ele>
        <time>2026-05-06T08:19:37.999Z</time>
      </trkpt>
      <trkpt lat="49.861083" lon="14.585499">
        <ele>292.152721</ele>
        <time>2026-05-06T08:19:39.999Z</time>
      </trkpt>
      <trkpt lat="49.860942" lon="14.585481">
        <ele>292.468215</ele>
        <time>2026-05-06T08:19:41.999Z</time>
      </trkpt>
      <trkpt lat="49.860798" lon="14.585444">
        <ele>292.793711</ele>
        <time>2026-05-06T08:19:43.999Z</time>
      </trkpt>
      <trkpt lat="49.860651" lon="14.585399">
        <ele>292.919847</ele>
        <time>2026-05-06T08:19:45.999Z</time>
      </trkpt>
      <trkpt lat="49.860516" lon="14.585360">
        <ele>292.450837</ele>
        <time>2026-05-06T08:19:47.999Z</time>
      </trkpt>
      <trkpt lat="49.860375" lon="14.585295">
        <ele>291.948445</ele>
        <time>2026-05-06T08:19:49.998Z</time>
      </trkpt>
      <trkpt lat="49.860224" lon="14.585184">
        <ele>291.377738</ele>
        <time>2026-05-06T08:19:51.998Z</time>
      </trkpt>
      <trkpt lat="49.860110" lon="14.585028">
        <ele>290.858530</ele>
        <time>2026-05-06T08:19:53.998Z</time>
      </trkpt>
      <trkpt lat="49.859978" lon="14.584857">
        <ele>290.271155</ele>
        <time>2026-05-06T08:19:55.998Z</time>
      </trkpt>
      <trkpt lat="49.859889" lon="14.584697">
        <ele>289.805854</ele>
        <time>2026-05-06T08:19:57.998Z</time>
      </trkpt>
      <trkpt lat="49.859809" lon="14.584516">
        <ele>289.322658</ele>
        <time>2026-05-06T08:19:59.998Z</time>
      </trkpt>
      <trkpt lat="49.859716" lon="14.584342">
        <ele>288.824997</ele>
        <time>2026-05-06T08:20:01.998Z</time>
      </trkpt>
      <trkpt lat="49.859642" lon="14.584158">
        <ele>288.347493</ele>
        <time>2026-05-06T08:20:03.998Z</time>
      </trkpt>
      <trkpt lat="49.859561" lon="14.583973">
        <ele>287.855096</ele>
        <time>2026-05-06T08:20:05.998Z</time>
      </trkpt>
      <trkpt lat="49.859470" lon="14.583805">
        <ele>287.371952</ele>
        <time>2026-05-06T08:20:07.998Z</time>
      </trkpt>
      <trkpt lat="49.859345" lon="14.583650">
        <ele>286.855938</ele>
        <time>2026-05-06T08:20:09.998Z</time>
      </trkpt>
      <trkpt lat="49.859218" lon="14.583533">
        <ele>286.551235</ele>
        <time>2026-05-06T08:20:11.998Z</time>
      </trkpt>
      <trkpt lat="49.859084" lon="14.583461">
        <ele>286.258698</ele>
        <time>2026-05-06T08:20:13.998Z</time>
      </trkpt>
      <trkpt lat="49.858938" lon="14.583427">
        <ele>285.954146</ele>
        <time>2026-05-06T08:20:15.998Z</time>
      </trkpt>
      <trkpt lat="49.858791" lon="14.583416">
        <ele>285.650554</ele>
        <time>2026-05-06T08:20:18.000Z</time>
      </trkpt>
      <trkpt lat="49.858638" lon="14.583430">
        <ele>285.334388</ele>
        <time>2026-05-06T08:20:20.000Z</time>
      </trkpt>
      <trkpt lat="49.858476" lon="14.583420">
        <ele>284.999941</ele>
        <time>2026-05-06T08:20:22.000Z</time>
      </trkpt>
      <trkpt lat="49.858335" lon="14.583428">
        <ele>284.708884</ele>
        <time>2026-05-06T08:20:24.000Z</time>
      </trkpt>
      <trkpt lat="49.858188" lon="14.583436">
        <ele>284.405458</ele>
        <time>2026-05-06T08:20:26.000Z</time>
      </trkpt>
      <trkpt lat="49.858027" lon="14.583469">
        <ele>284.070451</ele>
        <time>2026-05-06T08:20:28.000Z</time>
      </trkpt>
      <trkpt lat="49.857877" lon="14.583458">
        <ele>283.760677</ele>
        <time>2026-05-06T08:20:30.000Z</time>
      </trkpt>
      <trkpt lat="49.857731" lon="14.583464">
        <ele>283.459394</ele>
        <time>2026-05-06T08:20:32.000Z</time>
      </trkpt>
      <trkpt lat="49.857612" lon="14.583423">
        <ele>283.207932</ele>
        <time>2026-05-06T08:20:34.000Z</time>
      </trkpt>
      <trkpt lat="49.857511" lon="14.583451">
        <ele>283.221036</ele>
        <time>2026-05-06T08:20:35.000Z</time>
      </trkpt>
      <trkpt lat="49.857421" lon="14.583481">
        <ele>283.248985</ele>
        <time>2026-05-06T08:20:36.000Z</time>
      </trkpt>
      <trkpt lat="49.857267" lon="14.583472">
        <ele>283.295774</ele>
        <time>2026-05-06T08:20:38.000Z</time>
      </trkpt>
      <trkpt lat="49.857177" lon="14.583463">
        <ele>283.323155</ele>
        <time>2026-05-06T08:20:39.000Z</time>
      </trkpt>
      <trkpt lat="49.856999" lon="14.583483">
        <ele>283.377339</ele>
        <time>2026-05-06T08:20:41.000Z</time>
      </trkpt>
      <trkpt lat="49.856862" lon="14.583513">
        <ele>283.419346</ele>
        <time>2026-05-06T08:20:43.000Z</time>
      </trkpt>
      <trkpt lat="49.856704" lon="14.583593">
        <ele>283.469807</ele>
        <time>2026-05-06T08:20:45.000Z</time>
      </trkpt>
      <trkpt lat="49.856621" lon="14.583716">
        <ele>283.504659</ele>
        <time>2026-05-06T08:20:45.999Z</time>
      </trkpt>
      <trkpt lat="49.856525" lon="14.583799">
        <ele>283.538027</ele>
        <time>2026-05-06T08:20:46.999Z</time>
      </trkpt>
      <trkpt lat="49.856450" lon="14.583906">
        <ele>283.568965</ele>
        <time>2026-05-06T08:20:48.999Z</time>
      </trkpt>
      <trkpt lat="49.856345" lon="14.584091">
        <ele>283.617210</ele>
        <time>2026-05-06T08:20:50.999Z</time>
      </trkpt>
      <trkpt lat="49.856251" lon="14.584282">
        <ele>283.664244</ele>
        <time>2026-05-06T08:20:52.999Z</time>
      </trkpt>
      <trkpt lat="49.856164" lon="14.584490">
        <ele>283.712775</ele>
        <time>2026-05-06T08:20:54.999Z</time>
      </trkpt>
      <trkpt lat="49.856059" lon="14.584670">
        <ele>283.368114</ele>
        <time>2026-05-06T08:20:56.999Z</time>
      </trkpt>
      <trkpt lat="49.855960" lon="14.584854">
        <ele>282.578997</ele>
        <time>2026-05-06T08:20:58.999Z</time>
      </trkpt>
      <trkpt lat="49.855892" lon="14.585071">
        <ele>281.784553</ele>
        <time>2026-05-06T08:21:00.999Z</time>
      </trkpt>
      <trkpt lat="49.855826" lon="14.585274">
        <ele>281.035953</ele>
        <time>2026-05-06T08:21:02.999Z</time>
      </trkpt>
      <trkpt lat="49.855816" lon="14.585511">
        <ele>280.253914</ele>
        <time>2026-05-06T08:21:04.999Z</time>
      </trkpt>
      <trkpt lat="49.855834" lon="14.585757">
        <ele>279.438711</ele>
        <time>2026-05-06T08:21:06.999Z</time>
      </trkpt>
      <trkpt lat="49.855871" lon="14.585996">
        <ele>278.629387</ele>
        <time>2026-05-06T08:21:08.999Z</time>
      </trkpt>
      <trkpt lat="49.855900" lon="14.586241">
        <ele>277.809193</ele>
        <time>2026-05-06T08:21:10.999Z</time>
      </trkpt>
      <trkpt lat="49.855944" lon="14.586485">
        <ele>276.974942</ele>
        <time>2026-05-06T08:21:12.999Z</time>
      </trkpt>
      <trkpt lat="49.855958" lon="14.586747">
        <ele>276.109299</ele>
        <time>2026-05-06T08:21:14.999Z</time>
      </trkpt>
      <trkpt lat="49.855969" lon="14.587009">
        <ele>275.244788</ele>
        <time>2026-05-06T08:21:16.999Z</time>
      </trkpt>
      <trkpt lat="49.855970" lon="14.587156">
        <ele>274.760736</ele>
        <time>2026-05-06T08:21:17.999Z</time>
      </trkpt>
      <trkpt lat="49.855921" lon="14.587410">
        <ele>274.100535</ele>
        <time>2026-05-06T08:21:19.999Z</time>
      </trkpt>
      <trkpt lat="49.855845" lon="14.587628">
        <ele>273.545826</ele>
        <time>2026-05-06T08:21:21.999Z</time>
      </trkpt>
      <trkpt lat="49.855757" lon="14.587836">
        <ele>272.988976</ele>
        <time>2026-05-06T08:21:23.999Z</time>
      </trkpt>
      <trkpt lat="49.855634" lon="14.587987">
        <ele>272.444388</ele>
        <time>2026-05-06T08:21:25.999Z</time>
      </trkpt>
      <trkpt lat="49.855515" lon="14.588097">
        <ele>271.963452</ele>
        <time>2026-05-06T08:21:27.999Z</time>
      </trkpt>
      <trkpt lat="49.855410" lon="14.588145">
        <ele>271.583420</ele>
        <time>2026-05-06T08:21:29.999Z</time>
      </trkpt>
      <trkpt lat="49.855287" lon="14.588137">
        <ele>271.156024</ele>
        <time>2026-05-06T08:21:30.999Z</time>
      </trkpt>
      <trkpt lat="49.855131" lon="14.588020">
        <ele>270.554444</ele>
        <time>2026-05-06T08:21:32.999Z</time>
      </trkpt>
      <trkpt lat="49.855020" lon="14.587854">
        <ele>270.019134</ele>
        <time>2026-05-06T08:21:34.999Z</time>
      </trkpt>
      <trkpt lat="49.854921" lon="14.587660">
        <ele>269.465342</ele>
        <time>2026-05-06T08:21:36.999Z</time>
      </trkpt>
      <trkpt lat="49.854841" lon="14.587431">
        <ele>268.882360</ele>
        <time>2026-05-06T08:21:38.999Z</time>
      </trkpt>
      <trkpt lat="49.854745" lon="14.587203">
        <ele>268.316783</ele>
        <time>2026-05-06T08:21:40.999Z</time>
      </trkpt>
      <trkpt lat="49.854674" lon="14.586973">
        <ele>268.462824</ele>
        <time>2026-05-06T08:21:42.999Z</time>
      </trkpt>
      <trkpt lat="49.854562" lon="14.586758">
        <ele>268.621124</ele>
        <time>2026-05-06T08:21:44.999Z</time>
      </trkpt>
      <trkpt lat="49.854426" lon="14.586587">
        <ele>268.776639</ele>
        <time>2026-05-06T08:21:46.999Z</time>
      </trkpt>
      <trkpt lat="49.854345" lon="14.586517">
        <ele>268.859005</ele>
        <time>2026-05-06T08:21:47.999Z</time>
      </trkpt>
      <trkpt lat="49.854252" lon="14.586452">
        <ele>268.949615</ele>
        <time>2026-05-06T08:21:48.999Z</time>
      </trkpt>
      <trkpt lat="49.854148" lon="14.586433">
        <ele>269.042635</ele>
        <time>2026-05-06T08:21:49.999Z</time>
      </trkpt>
      <trkpt lat="49.853982" lon="14.586465">
        <ele>269.191224</ele>
        <time>2026-05-06T08:21:51.999Z</time>
      </trkpt>
      <trkpt lat="49.853890" lon="14.586482">
        <ele>269.273524</ele>
        <time>2026-05-06T08:21:52.999Z</time>
      </trkpt>
      <trkpt lat="49.853799" lon="14.586519">
        <ele>269.357089</ele>
        <time>2026-05-06T08:21:53.998Z</time>
      </trkpt>
      <trkpt lat="49.853628" lon="14.586600">
        <ele>269.515911</ele>
        <time>2026-05-06T08:21:55.998Z</time>
      </trkpt>
      <trkpt lat="49.853515" lon="14.586789">
        <ele>269.663531</ele>
        <time>2026-05-06T08:21:57.998Z</time>
      </trkpt>
      <trkpt lat="49.853476" lon="14.586919">
        <ele>269.745649</ele>
        <time>2026-05-06T08:21:58.998Z</time>
      </trkpt>
      <trkpt lat="49.853445" lon="14.587062">
        <ele>269.832053</ele>
        <time>2026-05-06T08:21:59.998Z</time>
      </trkpt>
      <trkpt lat="49.853402" lon="14.587322">
        <ele>269.644333</ele>
        <time>2026-05-06T08:22:01.997Z</time>
      </trkpt>
      <trkpt lat="49.853400" lon="14.587596">
        <ele>269.133533</ele>
        <time>2026-05-06T08:22:03.997Z</time>
      </trkpt>
      <trkpt lat="49.853365" lon="14.587857">
        <ele>268.636588</ele>
        <time>2026-05-06T08:22:05.997Z</time>
      </trkpt>
      <trkpt lat="49.853361" lon="14.588122">
        <ele>268.142462</ele>
        <time>2026-05-06T08:22:07.997Z</time>
      </trkpt>
      <trkpt lat="49.853358" lon="14.588389">
        <ele>267.644669</ele>
        <time>2026-05-06T08:22:09.997Z</time>
      </trkpt>
      <trkpt lat="49.853350" lon="14.588647">
        <ele>267.163171</ele>
        <time>2026-05-06T08:22:11.997Z</time>
      </trkpt>
      <trkpt lat="49.853352" lon="14.588894">
        <ele>266.702699</ele>
        <time>2026-05-06T08:22:13.997Z</time>
      </trkpt>
      <trkpt lat="49.853333" lon="14.589124">
        <ele>266.270448</ele>
        <time>2026-05-06T08:22:15.997Z</time>
      </trkpt>
      <trkpt lat="49.853317" lon="14.589334">
        <ele>265.876260</ele>
        <time>2026-05-06T08:22:17.997Z</time>
      </trkpt>
      <trkpt lat="49.853310" lon="14.589536">
        <ele>265.499165</ele>
        <time>2026-05-06T08:22:19.997Z</time>
      </trkpt>
      <trkpt lat="49.853296" lon="14.589720">
        <ele>265.153788</ele>
        <time>2026-05-06T08:22:21.997Z</time>
      </trkpt>
      <trkpt lat="49.853264" lon="14.589884">
        <ele>264.834380</ele>
        <time>2026-05-06T08:22:24.000Z</time>
      </trkpt>
      <trkpt lat="49.853236" lon="14.590029">
        <ele>264.668946</ele>
        <time>2026-05-06T08:22:26.000Z</time>
      </trkpt>
      <trkpt lat="49.853165" lon="14.590163">
        <ele>264.592280</ele>
        <time>2026-05-06T08:22:29.000Z</time>
      </trkpt>
      <trkpt lat="49.853091" lon="14.590267">
        <ele>264.523818</ele>
        <time>2026-05-06T08:22:33.000Z</time>
      </trkpt>
      <trkpt lat="49.853249" lon="14.590491">
        <ele>264.377062</ele>
        <time>2026-05-06T08:22:34.000Z</time>
      </trkpt>
      <trkpt lat="49.853495" lon="14.590764">
        <ele>264.169685</ele>
        <time>2026-05-06T08:22:38.000Z</time>
      </trkpt>
      <trkpt lat="49.853467" lon="14.590935">
        <ele>264.091699</ele>
        <time>2026-05-06T08:22:41.000Z</time>
      </trkpt>
      <trkpt lat="49.853441" lon="14.591096">
        <ele>264.018335</ele>
        <time>2026-05-06T08:22:44.000Z</time>
      </trkpt>
      <trkpt lat="49.853414" lon="14.591261">
        <ele>263.943089</ele>
        <time>2026-05-06T08:22:47.000Z</time>
      </trkpt>
      <trkpt lat="49.852926" lon="14.592017">
        <ele>263.475408</ele>
        <time>2026-05-06T08:23:01.999Z</time>
      </trkpt>
      <trkpt lat="49.852888" lon="14.592189">
        <ele>263.614940</ele>
        <time>2026-05-06T08:23:04.999Z</time>
      </trkpt>
      <trkpt lat="49.852931" lon="14.592370">
        <ele>263.762974</ele>
        <time>2026-05-06T08:23:06.999Z</time>
      </trkpt>
      <trkpt lat="49.852865" lon="14.592532">
        <ele>263.910037</ele>
        <time>2026-05-06T08:23:09.999Z</time>
      </trkpt>
      <trkpt lat="49.852805" lon="14.592697">
        <ele>264.055414</ele>
        <time>2026-05-06T08:23:12.999Z</time>
      </trkpt>
      <trkpt lat="49.852755" lon="14.592832">
        <ele>264.174894</ele>
        <time>2026-05-06T08:23:14.999Z</time>
      </trkpt>
      <trkpt lat="49.852731" lon="14.593014">
        <ele>264.317458</ele>
        <time>2026-05-06T08:23:16.999Z</time>
      </trkpt>
      <trkpt lat="49.852699" lon="14.593205">
        <ele>264.468905</ele>
        <time>2026-05-06T08:23:19.999Z</time>
      </trkpt>
      <trkpt lat="49.852682" lon="14.593357">
        <ele>264.587297</ele>
        <time>2026-05-06T08:23:22.999Z</time>
      </trkpt>
      <trkpt lat="49.852679" lon="14.593503">
        <ele>264.699398</ele>
        <time>2026-05-06T08:23:25.999Z</time>
      </trkpt>
      <trkpt lat="49.852680" lon="14.593658">
        <ele>264.818356</ele>
        <time>2026-05-06T08:23:30.999Z</time>
      </trkpt>
      <trkpt lat="49.852630" lon="14.593800">
        <ele>264.942524</ele>
        <time>2026-05-06T08:23:35.999Z</time>
      </trkpt>
      <trkpt lat="49.852518" lon="14.593660">
        <ele>265.113740</ele>
        <time>2026-05-06T08:23:41.999Z</time>
      </trkpt>
      <trkpt lat="49.852443" lon="14.593533">
        <ele>265.245908</ele>
        <time>2026-05-06T08:23:45.999Z</time>
      </trkpt>
      <trkpt lat="49.852375" lon="14.593419">
        <ele>265.365093</ele>
        <time>2026-05-06T08:23:49.999Z</time>
      </trkpt>
      <trkpt lat="49.852239" lon="14.593381">
        <ele>265.529576</ele>
        <time>2026-05-06T08:23:54.999Z</time>
      </trkpt>
      <trkpt lat="49.852148" lon="14.593414">
        <ele>265.677836</ele>
        <time>2026-05-06T08:23:57.999Z</time>
      </trkpt>
      <trkpt lat="49.852052" lon="14.593442">
        <ele>265.948818</ele>
        <time>2026-05-06T08:24:00.998Z</time>
      </trkpt>
      <trkpt lat="49.851952" lon="14.593467">
        <ele>266.229809</ele>
        <time>2026-05-06T08:24:03.998Z</time>
      </trkpt>
      <trkpt lat="49.851856" lon="14.593496">
        <ele>266.501128</ele>
        <time>2026-05-06T08:24:06.998Z</time>
      </trkpt>
      <trkpt lat="49.851746" lon="14.593537">
        <ele>266.814967</ele>
        <time>2026-05-06T08:24:09.998Z</time>
      </trkpt>
      <trkpt lat="49.851647" lon="14.593557">
        <ele>267.091923</ele>
        <time>2026-05-06T08:24:12.998Z</time>
      </trkpt>
      <trkpt lat="49.851546" lon="14.593599">
        <ele>267.382004</ele>
        <time>2026-05-06T08:24:15.998Z</time>
      </trkpt>
      <trkpt lat="49.851450" lon="14.593645">
        <ele>267.660738</ele>
        <time>2026-05-06T08:24:18.998Z</time>
      </trkpt>
      <trkpt lat="49.851336" lon="14.593687">
        <ele>267.985786</ele>
        <time>2026-05-06T08:24:21.998Z</time>
      </trkpt>
      <trkpt lat="49.851231" lon="14.593728">
        <ele>268.286157</ele>
        <time>2026-05-06T08:24:24.998Z</time>
      </trkpt>
      <trkpt lat="49.851116" lon="14.593771">
        <ele>268.614319</ele>
        <time>2026-05-06T08:24:27.998Z</time>
      </trkpt>
      <trkpt lat="49.851005" lon="14.593807">
        <ele>268.928905</ele>
        <time>2026-05-06T08:24:31.000Z</time>
      </trkpt>
      <trkpt lat="49.850902" lon="14.593859">
        <ele>269.229395</ele>
        <time>2026-05-06T08:24:34.000Z</time>
      </trkpt>
      <trkpt lat="49.850807" lon="14.593910">
        <ele>269.508276</ele>
        <time>2026-05-06T08:24:37.000Z</time>
      </trkpt>
      <trkpt lat="49.850716" lon="14.593952">
        <ele>269.771661</ele>
        <time>2026-05-06T08:24:40.000Z</time>
      </trkpt>
      <trkpt lat="49.850628" lon="14.594003">
        <ele>270.032269</ele>
        <time>2026-05-06T08:24:43.000Z</time>
      </trkpt>
      <trkpt lat="49.850536" lon="14.594045">
        <ele>270.298314</ele>
        <time>2026-05-06T08:24:46.000Z</time>
      </trkpt>
      <trkpt lat="49.850425" lon="14.594148">
        <ele>270.674401</ele>
        <time>2026-05-06T08:24:50.000Z</time>
      </trkpt>
      <trkpt lat="49.850340" lon="14.594204">
        <ele>271.011645</ele>
        <time>2026-05-06T08:24:53.000Z</time>
      </trkpt>
      <trkpt lat="49.850243" lon="14.594265">
        <ele>271.393877</ele>
        <time>2026-05-06T08:24:56.000Z</time>
      </trkpt>
      <trkpt lat="49.850157" lon="14.594321">
        <ele>271.734485</ele>
        <time>2026-05-06T08:24:59.000Z</time>
      </trkpt>
      <trkpt lat="49.850048" lon="14.594401">
        <ele>272.174848</ele>
        <time>2026-05-06T08:25:02.999Z</time>
      </trkpt>
      <trkpt lat="49.849951" lon="14.594460">
        <ele>272.555335</ele>
        <time>2026-05-06T08:25:06.999Z</time>
      </trkpt>
      <trkpt lat="49.849858" lon="14.594512">
        <ele>272.916345</ele>
        <time>2026-05-06T08:25:10.999Z</time>
      </trkpt>
      <trkpt lat="49.849749" lon="14.594549">
        <ele>273.323809</ele>
        <time>2026-05-06T08:25:14.999Z</time>
      </trkpt>
      <trkpt lat="49.849655" lon="14.594573">
        <ele>273.671693</ele>
        <time>2026-05-06T08:25:18.999Z</time>
      </trkpt>
      <trkpt lat="49.849564" lon="14.594596">
        <ele>274.008387</ele>
        <time>2026-05-06T08:25:22.999Z</time>
      </trkpt>
      <trkpt lat="49.849466" lon="14.594626">
        <ele>274.373163</ele>
        <time>2026-05-06T08:25:26.999Z</time>
      </trkpt>
      <trkpt lat="49.849361" lon="14.594659">
        <ele>274.764390</ele>
        <time>2026-05-06T08:25:30.999Z</time>
      </trkpt>
      <trkpt lat="49.849268" lon="14.594681">
        <ele>275.107931</ele>
        <time>2026-05-06T08:25:34.999Z</time>
      </trkpt>
      <trkpt lat="49.849165" lon="14.594705">
        <ele>275.488283</ele>
        <time>2026-05-06T08:25:38.999Z</time>
      </trkpt>
      <trkpt lat="49.849068" lon="14.594731">
        <ele>275.847754</ele>
        <time>2026-05-06T08:25:42.999Z</time>
      </trkpt>
      <trkpt lat="49.848970" lon="14.594766">
        <ele>276.214992</ele>
        <time>2026-05-06T08:25:46.999Z</time>
      </trkpt>
      <trkpt lat="49.848854" lon="14.594807">
        <ele>276.649456</ele>
        <time>2026-05-06T08:25:50.999Z</time>
      </trkpt>
      <trkpt lat="49.848742" lon="14.594852">
        <ele>277.071955</ele>
        <time>2026-05-06T08:25:54.999Z</time>
      </trkpt>
      <trkpt lat="49.848653" lon="14.594884">
        <ele>277.226124</ele>
        <time>2026-05-06T08:25:57.999Z</time>
      </trkpt>
      <trkpt lat="49.848540" lon="14.594938">
        <ele>277.327874</ele>
        <time>2026-05-06T08:26:01.999Z</time>
      </trkpt>
      <trkpt lat="49.848444" lon="14.594980">
        <ele>277.413709</ele>
        <time>2026-05-06T08:26:04.999Z</time>
      </trkpt>
      <trkpt lat="49.848347" lon="14.595020">
        <ele>277.500080</ele>
        <time>2026-05-06T08:26:07.999Z</time>
      </trkpt>
      <trkpt lat="49.848255" lon="14.595055">
        <ele>277.581595</ele>
        <time>2026-05-06T08:26:10.998Z</time>
      </trkpt>
      <trkpt lat="49.848166" lon="14.595085">
        <ele>277.659969</ele>
        <time>2026-05-06T08:26:13.998Z</time>
      </trkpt>
      <trkpt lat="49.848068" lon="14.595125">
        <ele>277.747172</ele>
        <time>2026-05-06T08:26:16.998Z</time>
      </trkpt>
      <trkpt lat="49.847959" lon="14.595180">
        <ele>277.845809</ele>
        <time>2026-05-06T08:26:19.998Z</time>
      </trkpt>
      <trkpt lat="49.847824" lon="14.595250">
        <ele>277.968301</ele>
        <time>2026-05-06T08:26:22.998Z</time>
      </trkpt>
      <trkpt lat="49.847737" lon="14.595286">
        <ele>278.045785</ele>
        <time>2026-05-06T08:26:24.998Z</time>
      </trkpt>
      <trkpt lat="49.847636" lon="14.595321">
        <ele>278.134841</ele>
        <time>2026-05-06T08:26:26.998Z</time>
      </trkpt>
      <trkpt lat="49.847524" lon="14.595372">
        <ele>278.235288</ele>
        <time>2026-05-06T08:26:28.998Z</time>
      </trkpt>
      <trkpt lat="49.847409" lon="14.595419">
        <ele>278.337627</ele>
        <time>2026-05-06T08:26:30.998Z</time>
      </trkpt>
      <trkpt lat="49.847288" lon="14.595473">
        <ele>278.445976</ele>
        <time>2026-05-06T08:26:32.998Z</time>
      </trkpt>
      <trkpt lat="49.847178" lon="14.595525">
        <ele>278.544933</ele>
        <time>2026-05-06T08:26:34.998Z</time>
      </trkpt>
      <trkpt lat="49.847063" lon="14.595585">
        <ele>278.649344</ele>
        <time>2026-05-06T08:26:37.000Z</time>
      </trkpt>
      <trkpt lat="49.846947" lon="14.595627">
        <ele>278.847012</ele>
        <time>2026-05-06T08:26:39.000Z</time>
      </trkpt>
      <trkpt lat="49.846839" lon="14.595677">
        <ele>279.221339</ele>
        <time>2026-05-06T08:26:41.000Z</time>
      </trkpt>
      <trkpt lat="49.846742" lon="14.595714">
        <ele>279.553092</ele>
        <time>2026-05-06T08:26:43.000Z</time>
      </trkpt>
      <trkpt lat="49.846651" lon="14.595753">
        <ele>279.866646</ele>
        <time>2026-05-06T08:26:45.000Z</time>
      </trkpt>
      <trkpt lat="49.846529" lon="14.595798">
        <ele>280.283129</ele>
        <time>2026-05-06T08:26:48.000Z</time>
      </trkpt>
      <trkpt lat="49.846423" lon="14.595832">
        <ele>280.642623</ele>
        <time>2026-05-06T08:26:51.000Z</time>
      </trkpt>
      <trkpt lat="49.846331" lon="14.595875">
        <ele>280.961745</ele>
        <time>2026-05-06T08:26:54.000Z</time>
      </trkpt>
      <trkpt lat="49.846221" lon="14.595896">
        <ele>281.329829</ele>
        <time>2026-05-06T08:26:57.000Z</time>
      </trkpt>
      <trkpt lat="49.846114" lon="14.595894">
        <ele>281.685218</ele>
        <time>2026-05-06T08:27:01.000Z</time>
      </trkpt>
      <trkpt lat="49.845998" lon="14.595881">
        <ele>282.071476</ele>
        <time>2026-05-06T08:27:05.000Z</time>
      </trkpt>
      <trkpt lat="49.845892" lon="14.595887">
        <ele>282.423752</ele>
        <time>2026-05-06T08:27:08.999Z</time>
      </trkpt>
      <trkpt lat="49.845800" lon="14.595868">
        <ele>282.731996</ele>
        <time>2026-05-06T08:27:11.999Z</time>
      </trkpt>
      <trkpt lat="49.845692" lon="14.595886">
        <ele>283.092746</ele>
        <time>2026-05-06T08:27:15.999Z</time>
      </trkpt>
      <trkpt lat="49.845574" lon="14.595894">
        <ele>283.485016</ele>
        <time>2026-05-06T08:27:19.999Z</time>
      </trkpt>
      <trkpt lat="49.845468" lon="14.595912">
        <ele>283.839162</ele>
        <time>2026-05-06T08:27:23.999Z</time>
      </trkpt>
      <trkpt lat="49.845354" lon="14.595934">
        <ele>284.220694</ele>
        <time>2026-05-06T08:27:27.999Z</time>
      </trkpt>
      <trkpt lat="49.845233" lon="14.595973">
        <ele>284.631141</ele>
        <time>2026-05-06T08:27:31.999Z</time>
      </trkpt>
      <trkpt lat="49.845137" lon="14.596001">
        <ele>284.491033</ele>
        <time>2026-05-06T08:27:34.999Z</time>
      </trkpt>
      <trkpt lat="49.845023" lon="14.596028">
        <ele>284.198652</ele>
        <time>2026-05-06T08:27:37.999Z</time>
      </trkpt>
      <trkpt lat="49.844894" lon="14.596058">
        <ele>283.867935</ele>
        <time>2026-05-06T08:27:40.999Z</time>
      </trkpt>
      <trkpt lat="49.844799" lon="14.596084">
        <ele>283.623354</ele>
        <time>2026-05-06T08:27:42.999Z</time>
      </trkpt>
      <trkpt lat="49.844690" lon="14.596111">
        <ele>283.343498</ele>
        <time>2026-05-06T08:27:44.999Z</time>
      </trkpt>
      <trkpt lat="49.844572" lon="14.596139">
        <ele>283.040845</ele>
        <time>2026-05-06T08:27:46.999Z</time>
      </trkpt>
      <trkpt lat="49.844455" lon="14.596171">
        <ele>282.739631</ele>
        <time>2026-05-06T08:27:48.999Z</time>
      </trkpt>
      <trkpt lat="49.844324" lon="14.596190">
        <ele>282.406050</ele>
        <time>2026-05-06T08:27:50.999Z</time>
      </trkpt>
      <trkpt lat="49.844194" lon="14.596230">
        <ele>282.070029</ele>
        <time>2026-05-06T08:27:52.999Z</time>
      </trkpt>
      <trkpt lat="49.844065" lon="14.596276">
        <ele>281.734434</ele>
        <time>2026-05-06T08:27:54.999Z</time>
      </trkpt>
      <trkpt lat="49.843926" lon="14.596320">
        <ele>281.374753</ele>
        <time>2026-05-06T08:27:56.999Z</time>
      </trkpt>
      <trkpt lat="49.843798" lon="14.596341">
        <ele>281.048417</ele>
        <time>2026-05-06T08:27:58.999Z</time>
      </trkpt>
      <trkpt lat="49.843664" lon="14.596389">
        <ele>280.699734</ele>
        <time>2026-05-06T08:28:00.999Z</time>
      </trkpt>
      <trkpt lat="49.843546" lon="14.596410">
        <ele>280.398599</ele>
        <time>2026-05-06T08:28:02.999Z</time>
      </trkpt>
      <trkpt lat="49.843423" lon="14.596436">
        <ele>280.105018</ele>
        <time>2026-05-06T08:28:04.999Z</time>
      </trkpt>
      <trkpt lat="49.843292" lon="14.596468">
        <ele>279.916701</ele>
        <time>2026-05-06T08:28:06.999Z</time>
      </trkpt>
      <trkpt lat="49.843190" lon="14.596504">
        <ele>279.768155</ele>
        <time>2026-05-06T08:28:08.999Z</time>
      </trkpt>
      <trkpt lat="49.843078" lon="14.596549">
        <ele>279.603861</ele>
        <time>2026-05-06T08:28:10.999Z</time>
      </trkpt>
      <trkpt lat="49.842950" lon="14.596561">
        <ele>279.421766</ele>
        <time>2026-05-06T08:28:12.999Z</time>
      </trkpt>
      <trkpt lat="49.842840" lon="14.596601">
        <ele>279.261327</ele>
        <time>2026-05-06T08:28:14.998Z</time>
      </trkpt>
      <trkpt lat="49.842725" lon="14.596628">
        <ele>279.096163</ele>
        <time>2026-05-06T08:28:16.998Z</time>
      </trkpt>
      <trkpt lat="49.842617" lon="14.596624">
        <ele>278.942757</ele>
        <time>2026-05-06T08:28:18.998Z</time>
      </trkpt>
      <trkpt lat="49.842514" lon="14.596645">
        <ele>278.795237</ele>
        <time>2026-05-06T08:28:20.998Z</time>
      </trkpt>
      <trkpt lat="49.842419" lon="14.596660">
        <ele>278.659637</ele>
        <time>2026-05-06T08:28:22.998Z</time>
      </trkpt>
      <trkpt lat="49.842316" lon="14.596670">
        <ele>278.513089</ele>
        <time>2026-05-06T08:28:24.998Z</time>
      </trkpt>
      <trkpt lat="49.842224" lon="14.596663">
        <ele>278.382290</ele>
        <time>2026-05-06T08:28:26.998Z</time>
      </trkpt>
      <trkpt lat="49.842128" lon="14.596662">
        <ele>278.245965</ele>
        <time>2026-05-06T08:28:29.998Z</time>
      </trkpt>
      <trkpt lat="49.842029" lon="14.596684">
        <ele>278.103947</ele>
        <time>2026-05-06T08:28:42.000Z</time>
      </trkpt>
      <trkpt lat="49.841602" lon="14.596723">
        <ele>277.304436</ele>
        <time>2026-05-06T08:55:43.998Z</time>
      </trkpt>
      <trkpt lat="49.841511" lon="14.596708">
        <ele>276.867379</ele>
        <time>2026-05-06T08:55:45.998Z</time>
      </trkpt>
      <trkpt lat="49.841396" lon="14.596731">
        <ele>276.313600</ele>
        <time>2026-05-06T08:55:48.998Z</time>
      </trkpt>
      <trkpt lat="49.841305" lon="14.596749">
        <ele>275.875470</ele>
        <time>2026-05-06T08:55:50.998Z</time>
      </trkpt>
      <trkpt lat="49.841202" lon="14.596771">
        <ele>275.378907</ele>
        <time>2026-05-06T08:55:52.998Z</time>
      </trkpt>
      <trkpt lat="49.841105" lon="14.596758">
        <ele>274.913916</ele>
        <time>2026-05-06T08:55:54.998Z</time>
      </trkpt>
      <trkpt lat="49.840954" lon="14.596784">
        <ele>274.188321</ele>
        <time>2026-05-06T08:55:57.998Z</time>
      </trkpt>
      <trkpt lat="49.840854" lon="14.596815">
        <ele>273.701279</ele>
        <time>2026-05-06T08:56:00.000Z</time>
      </trkpt>
      <trkpt lat="49.840763" lon="14.596834">
        <ele>273.262749</ele>
        <time>2026-05-06T08:56:01.000Z</time>
      </trkpt>
      <trkpt lat="49.840662" lon="14.596861">
        <ele>272.773266</ele>
        <time>2026-05-06T08:56:03.000Z</time>
      </trkpt>
      <trkpt lat="49.840504" lon="14.596910">
        <ele>272.003728</ele>
        <time>2026-05-06T08:56:05.000Z</time>
      </trkpt>
      <trkpt lat="49.840355" lon="14.596962">
        <ele>271.274315</ele>
        <time>2026-05-06T08:56:07.000Z</time>
      </trkpt>
      <trkpt lat="49.840265" lon="14.596982">
        <ele>270.840092</ele>
        <time>2026-05-06T08:56:08.000Z</time>
      </trkpt>
      <trkpt lat="49.840173" lon="14.596998">
        <ele>270.397953</ele>
        <time>2026-05-06T08:56:09.000Z</time>
      </trkpt>
      <trkpt lat="49.840083" lon="14.597013">
        <ele>269.965645</ele>
        <time>2026-05-06T08:56:10.000Z</time>
      </trkpt>
      <trkpt lat="49.839992" lon="14.597010">
        <ele>269.530939</ele>
        <time>2026-05-06T08:56:11.000Z</time>
      </trkpt>
      <trkpt lat="49.839802" lon="14.596991">
        <ele>268.764309</ele>
        <time>2026-05-06T08:56:13.000Z</time>
      </trkpt>
      <trkpt lat="49.839632" lon="14.597015">
        <ele>268.266816</ele>
        <time>2026-05-06T08:56:15.000Z</time>
      </trkpt>
      <trkpt lat="49.839465" lon="14.597041">
        <ele>267.777669</ele>
        <time>2026-05-06T08:56:17.000Z</time>
      </trkpt>
      <trkpt lat="49.839370" lon="14.597059">
        <ele>267.498745</ele>
        <time>2026-05-06T08:56:18.000Z</time>
      </trkpt>
      <trkpt lat="49.839277" lon="14.597068">
        <ele>267.227181</ele>
        <time>2026-05-06T08:56:19.000Z</time>
      </trkpt>
      <trkpt lat="49.839182" lon="14.597078">
        <ele>266.949678</ele>
        <time>2026-05-06T08:56:20.000Z</time>
      </trkpt>
      <trkpt lat="49.839085" lon="14.597072">
        <ele>266.666759</ele>
        <time>2026-05-06T08:56:21.000Z</time>
      </trkpt>
      <trkpt lat="49.838903" lon="14.597058">
        <ele>266.135692</ele>
        <time>2026-05-06T08:56:23.000Z</time>
      </trkpt>
      <trkpt lat="49.838723" lon="14.597029">
        <ele>265.608281</ele>
        <time>2026-05-06T08:56:25.000Z</time>
      </trkpt>
      <trkpt lat="49.838551" lon="14.597013">
        <ele>265.106108</ele>
        <time>2026-05-06T08:56:26.999Z</time>
      </trkpt>
      <trkpt lat="49.838389" lon="14.596983">
        <ele>264.630624</ele>
        <time>2026-05-06T08:56:28.999Z</time>
      </trkpt>
      <trkpt lat="49.838225" lon="14.596961">
        <ele>264.150882</ele>
        <time>2026-05-06T08:56:30.999Z</time>
      </trkpt>
      <trkpt lat="49.838047" lon="14.596968">
        <ele>263.758299</ele>
        <time>2026-05-06T08:56:32.999Z</time>
      </trkpt>
      <trkpt lat="49.837888" lon="14.596970">
        <ele>263.809324</ele>
        <time>2026-05-06T08:56:34.999Z</time>
      </trkpt>
      <trkpt lat="49.837722" lon="14.596963">
        <ele>263.862613</ele>
        <time>2026-05-06T08:56:36.999Z</time>
      </trkpt>
      <trkpt lat="49.837563" lon="14.596995">
        <ele>263.914064</ele>
        <time>2026-05-06T08:56:38.999Z</time>
      </trkpt>
      <trkpt lat="49.837419" lon="14.597038">
        <ele>263.961123</ele>
        <time>2026-05-06T08:56:40.999Z</time>
      </trkpt>
      <trkpt lat="49.837264" lon="14.597066">
        <ele>264.011199</ele>
        <time>2026-05-06T08:56:42.999Z</time>
      </trkpt>
      <trkpt lat="49.837114" lon="14.597095">
        <ele>264.059707</ele>
        <time>2026-05-06T08:56:44.999Z</time>
      </trkpt>
      <trkpt lat="49.836960" lon="14.597132">
        <ele>264.109715</ele>
        <time>2026-05-06T08:56:46.999Z</time>
      </trkpt>
      <trkpt lat="49.836820" lon="14.597166">
        <ele>264.155189</ele>
        <time>2026-05-06T08:56:48.999Z</time>
      </trkpt>
      <trkpt lat="49.836679" lon="14.597206">
        <ele>264.201187</ele>
        <time>2026-05-06T08:56:50.999Z</time>
      </trkpt>
      <trkpt lat="49.836538" lon="14.597232">
        <ele>264.246753</ele>
        <time>2026-05-06T08:56:52.999Z</time>
      </trkpt>
      <trkpt lat="49.836406" lon="14.597270">
        <ele>264.289835</ele>
        <time>2026-05-06T08:56:54.999Z</time>
      </trkpt>
      <trkpt lat="49.836277" lon="14.597306">
        <ele>264.384623</ele>
        <time>2026-05-06T08:56:56.999Z</time>
      </trkpt>
      <trkpt lat="49.836144" lon="14.597337">
        <ele>264.682198</ele>
        <time>2026-05-06T08:56:58.999Z</time>
      </trkpt>
      <trkpt lat="49.836009" lon="14.597349">
        <ele>264.981382</ele>
        <time>2026-05-06T08:57:00.999Z</time>
      </trkpt>
      <trkpt lat="49.835909" lon="14.597379">
        <ele>265.206741</ele>
        <time>2026-05-06T08:57:02.999Z</time>
      </trkpt>
      <trkpt lat="49.835814" lon="14.597353">
        <ele>265.420182</ele>
        <time>2026-05-06T08:57:04.999Z</time>
      </trkpt>
      <trkpt lat="49.835694" lon="14.597403">
        <ele>265.695108</ele>
        <time>2026-05-06T08:57:06.999Z</time>
      </trkpt>
      <trkpt lat="49.835573" lon="14.597434">
        <ele>265.966456</ele>
        <time>2026-05-06T08:57:08.999Z</time>
      </trkpt>
      <trkpt lat="49.835452" lon="14.597458">
        <ele>266.236356</ele>
        <time>2026-05-06T08:57:10.999Z</time>
      </trkpt>
      <trkpt lat="49.835312" lon="14.597501">
        <ele>266.552132</ele>
        <time>2026-05-06T08:57:13.999Z</time>
      </trkpt>
      <trkpt lat="49.835188" lon="14.597581">
        <ele>266.849293</ele>
        <time>2026-05-06T08:57:16.999Z</time>
      </trkpt>
      <trkpt lat="49.835085" lon="14.597621">
        <ele>267.084225</ele>
        <time>2026-05-06T08:57:18.999Z</time>
      </trkpt>
      <trkpt lat="49.834963" lon="14.597679">
        <ele>267.366561</ele>
        <time>2026-05-06T08:57:21.999Z</time>
      </trkpt>
      <trkpt lat="49.834844" lon="14.597747">
        <ele>267.647167</ele>
        <time>2026-05-06T08:57:24.999Z</time>
      </trkpt>
      <trkpt lat="49.834719" lon="14.597804">
        <ele>267.935449</ele>
        <time>2026-05-06T08:57:27.999Z</time>
      </trkpt>
      <trkpt lat="49.834613" lon="14.597855">
        <ele>268.181013</ele>
        <time>2026-05-06T08:57:30.999Z</time>
      </trkpt>
      <trkpt lat="49.834495" lon="14.597912">
        <ele>267.971279</ele>
        <time>2026-05-06T08:57:33.998Z</time>
      </trkpt>
      <trkpt lat="49.834380" lon="14.597965">
        <ele>267.392573</ele>
        <time>2026-05-06T08:57:36.998Z</time>
      </trkpt>
      <trkpt lat="49.834260" lon="14.597988">
        <ele>266.809332</ele>
        <time>2026-05-06T08:57:39.998Z</time>
      </trkpt>
      <trkpt lat="49.834131" lon="14.597938">
        <ele>266.167934</ele>
        <time>2026-05-06T08:57:42.998Z</time>
      </trkpt>
      <trkpt lat="49.834015" lon="14.597885">
        <ele>265.584602</ele>
        <time>2026-05-06T08:57:45.998Z</time>
      </trkpt>
      <trkpt lat="49.833920" lon="14.597841">
        <ele>265.106347</ele>
        <time>2026-05-06T08:57:48.998Z</time>
      </trkpt>
      <trkpt lat="49.833822" lon="14.597788">
        <ele>264.605697</ele>
        <time>2026-05-06T08:57:52.998Z</time>
      </trkpt>
      <trkpt lat="49.833734" lon="14.597735">
        <ele>264.150315</ele>
        <time>2026-05-06T08:57:59.998Z</time>
      </trkpt>
      <trkpt lat="49.833614" lon="14.597663">
        <ele>263.529645</ele>
        <time>2026-05-06T08:58:03.998Z</time>
      </trkpt>
      <trkpt lat="49.833508" lon="14.597645">
        <ele>263.015283</ele>
        <time>2026-05-06T08:58:07.000Z</time>
      </trkpt>
      <trkpt lat="49.833409" lon="14.597618">
        <ele>262.530412</ele>
        <time>2026-05-06T08:58:10.000Z</time>
      </trkpt>
      <trkpt lat="49.833299" lon="14.597584">
        <ele>261.989372</ele>
        <time>2026-05-06T08:58:12.000Z</time>
      </trkpt>
      <trkpt lat="49.833201" lon="14.597557">
        <ele>261.509251</ele>
        <time>2026-05-06T08:58:14.000Z</time>
      </trkpt>
      <trkpt lat="49.833101" lon="14.597539">
        <ele>261.023648</ele>
        <time>2026-05-06T08:58:16.000Z</time>
      </trkpt>
      <trkpt lat="49.832992" lon="14.597531">
        <ele>260.497285</ele>
        <time>2026-05-06T08:58:18.000Z</time>
      </trkpt>
      <trkpt lat="49.832890" lon="14.597527">
        <ele>260.005118</ele>
        <time>2026-05-06T08:58:20.000Z</time>
      </trkpt>
      <trkpt lat="49.832793" lon="14.597535">
        <ele>259.614810</ele>
        <time>2026-05-06T08:58:22.000Z</time>
      </trkpt>
      <trkpt lat="49.832680" lon="14.597550">
        <ele>259.543403</ele>
        <time>2026-05-06T08:58:24.000Z</time>
      </trkpt>
      <trkpt lat="49.832555" lon="14.597558">
        <ele>259.464634</ele>
        <time>2026-05-06T08:58:26.000Z</time>
      </trkpt>
      <trkpt lat="49.832447" lon="14.597547">
        <ele>259.396488</ele>
        <time>2026-05-06T08:58:28.000Z</time>
      </trkpt>
      <trkpt lat="49.832310" lon="14.597491">
        <ele>259.307283</ele>
        <time>2026-05-06T08:58:30.000Z</time>
      </trkpt>
      <trkpt lat="49.832218" lon="14.597456">
        <ele>259.247640</ele>
        <time>2026-05-06T08:58:32.000Z</time>
      </trkpt>
      <trkpt lat="49.832113" lon="14.597425">
        <ele>259.180342</ele>
        <time>2026-05-06T08:58:33.999Z</time>
      </trkpt>
      <trkpt lat="49.832018" lon="14.597407">
        <ele>259.120084</ele>
        <time>2026-05-06T08:58:35.999Z</time>
      </trkpt>
      <trkpt lat="49.831913" lon="14.597396">
        <ele>259.053823</ele>
        <time>2026-05-06T08:58:37.999Z</time>
      </trkpt>
      <trkpt lat="49.831809" lon="14.597392">
        <ele>258.988323</ele>
        <time>2026-05-06T08:58:39.999Z</time>
      </trkpt>
      <trkpt lat="49.831689" lon="14.597368">
        <ele>258.912143</ele>
        <time>2026-05-06T08:58:41.999Z</time>
      </trkpt>
      <trkpt lat="49.831557" lon="14.597339">
        <ele>258.828203</ele>
        <time>2026-05-06T08:58:43.999Z</time>
      </trkpt>
      <trkpt lat="49.831441" lon="14.597314">
        <ele>258.754465</ele>
        <time>2026-05-06T08:58:45.999Z</time>
      </trkpt>
      <trkpt lat="49.830895" lon="14.596332">
        <ele>257.737899</ele>
        <time>2026-05-06T08:58:57.999Z</time>
      </trkpt>
      <trkpt lat="49.830808" lon="14.596210">
        <ele>257.528052</ele>
        <time>2026-05-06T08:58:59.999Z</time>
      </trkpt>
      <trkpt lat="49.830726" lon="14.596086">
        <ele>257.323145</ele>
        <time>2026-05-06T08:59:01.999Z</time>
      </trkpt>
      <trkpt lat="49.830656" lon="14.595958">
        <ele>257.129515</ele>
        <time>2026-05-06T08:59:03.999Z</time>
      </trkpt>
      <trkpt lat="49.830595" lon="14.595837">
        <ele>256.952316</ele>
        <time>2026-05-06T08:59:05.999Z</time>
      </trkpt>
      <trkpt lat="49.830551" lon="14.595691">
        <ele>256.766373</ele>
        <time>2026-05-06T08:59:07.999Z</time>
      </trkpt>
      <trkpt lat="49.830496" lon="14.595537">
        <ele>256.563260</ele>
        <time>2026-05-06T08:59:09.999Z</time>
      </trkpt>
      <trkpt lat="49.830470" lon="14.595357">
        <ele>256.350420</ele>
        <time>2026-05-06T08:59:11.999Z</time>
      </trkpt>
      <trkpt lat="49.830443" lon="14.595182">
        <ele>256.142798</ele>
        <time>2026-05-06T08:59:13.999Z</time>
      </trkpt>
      <trkpt lat="49.830435" lon="14.595005">
        <ele>255.938063</ele>
        <time>2026-05-06T08:59:15.999Z</time>
      </trkpt>
      <trkpt lat="49.830465" lon="14.594838">
        <ele>255.738034</ele>
        <time>2026-05-06T08:59:17.999Z</time>
      </trkpt>
      <trkpt lat="49.830480" lon="14.594681">
        <ele>255.554901</ele>
        <time>2026-05-06T08:59:19.999Z</time>
      </trkpt>
      <trkpt lat="49.830545" lon="14.594524">
        <ele>255.339641</ele>
        <time>2026-05-06T08:59:21.999Z</time>
      </trkpt>
      <trkpt lat="49.830607" lon="14.594385">
        <ele>255.461575</ele>
        <time>2026-05-06T08:59:23.999Z</time>
      </trkpt>
      <trkpt lat="49.830692" lon="14.594276">
        <ele>255.737846</ele>
        <time>2026-05-06T08:59:25.999Z</time>
      </trkpt>
      <trkpt lat="49.830767" lon="14.594159">
        <ele>256.004320</ele>
        <time>2026-05-06T08:59:27.999Z</time>
      </trkpt>
      <trkpt lat="49.830851" lon="14.594042">
        <ele>256.287134</ele>
        <time>2026-05-06T08:59:29.999Z</time>
      </trkpt>
      <trkpt lat="49.830932" lon="14.593921">
        <ele>256.568850</ele>
        <time>2026-05-06T08:59:31.999Z</time>
      </trkpt>
      <trkpt lat="49.831014" lon="14.593782">
        <ele>256.873152</ele>
        <time>2026-05-06T08:59:34.999Z</time>
      </trkpt>
      <trkpt lat="49.831079" lon="14.593662">
        <ele>257.126296</ele>
        <time>2026-05-06T08:59:38.999Z</time>
      </trkpt>
      <trkpt lat="49.831125" lon="14.593534">
        <ele>257.363006</ele>
        <time>2026-05-06T08:59:45.998Z</time>
      </trkpt>
      <trkpt lat="49.831177" lon="14.593400">
        <ele>257.615636</ele>
        <time>2026-05-06T08:59:56.998Z</time>
      </trkpt>
      <trkpt lat="49.831229" lon="14.593266">
        <ele>257.868266</ele>
        <time>2026-05-06T09:00:00.998Z</time>
      </trkpt>
      <trkpt lat="49.831286" lon="14.593146">
        <ele>258.109015</ele>
        <time>2026-05-06T09:00:04.998Z</time>
      </trkpt>
      <trkpt lat="49.831319" lon="14.592996">
        <ele>258.365044</ele>
        <time>2026-05-06T09:00:07.998Z</time>
      </trkpt>
      <trkpt lat="49.831323" lon="14.592842">
        <ele>258.614030</ele>
        <time>2026-05-06T09:00:10.998Z</time>
      </trkpt>
      <trkpt lat="49.831317" lon="14.592655">
        <ele>258.916499</ele>
        <time>2026-05-06T09:00:14.000Z</time>
      </trkpt>
      <trkpt lat="49.831311" lon="14.592506">
        <ele>259.157675</ele>
        <time>2026-05-06T09:00:16.000Z</time>
      </trkpt>
      <trkpt lat="49.831340" lon="14.592367">
        <ele>259.393680</ele>
        <time>2026-05-06T09:00:18.000Z</time>
      </trkpt>
      <trkpt lat="49.831342" lon="14.592180">
        <ele>259.695817</ele>
        <time>2026-05-06T09:00:21.000Z</time>
      </trkpt>
      <trkpt lat="49.831336" lon="14.592014">
        <ele>260.088994</ele>
        <time>2026-05-06T09:00:24.000Z</time>
      </trkpt>
      <trkpt lat="49.831308" lon="14.591870">
        <ele>260.497317</ele>
        <time>2026-05-06T09:00:28.000Z</time>
      </trkpt>
      <trkpt lat="49.831296" lon="14.591710">
        <ele>260.934627</ele>
        <time>2026-05-06T09:00:39.000Z</time>
      </trkpt>
      <trkpt lat="49.831269" lon="14.591564">
        <ele>261.346972</ele>
        <time>2026-05-06T09:00:43.999Z</time>
      </trkpt>
      <trkpt lat="49.831174" lon="14.591526">
        <ele>261.759911</ele>
        <time>2026-05-06T09:00:45.999Z</time>
      </trkpt>
      <trkpt lat="49.831092" lon="14.591438">
        <ele>262.179664</ele>
        <time>2026-05-06T09:00:50.999Z</time>
      </trkpt>
      <trkpt lat="49.831017" lon="14.591348">
        <ele>262.578849</ele>
        <time>2026-05-06T09:00:54.999Z</time>
      </trkpt>
      <trkpt lat="49.830927" lon="14.591291">
        <ele>262.988040</ele>
        <time>2026-05-06T09:00:59.999Z</time>
      </trkpt>
      <trkpt lat="49.830845" lon="14.591228">
        <ele>263.373226</ele>
        <time>2026-05-06T09:01:04.999Z</time>
      </trkpt>
      <trkpt lat="49.830762" lon="14.591167">
        <ele>263.759832</ele>
        <time>2026-05-06T09:01:09.999Z</time>
      </trkpt>
      <trkpt lat="49.830688" lon="14.591063">
        <ele>264.180224</ele>
        <time>2026-05-06T09:01:14.999Z</time>
      </trkpt>
      <trkpt lat="49.830618" lon="14.590931">
        <ele>264.644155</ele>
        <time>2026-05-06T09:01:19.999Z</time>
      </trkpt>
      <trkpt lat="49.830538" lon="14.590821">
        <ele>265.094225</ele>
        <time>2026-05-06T09:01:25.999Z</time>
      </trkpt>
      <trkpt lat="49.830495" lon="14.590685">
        <ele>265.505427</ele>
        <time>2026-05-06T09:01:30.999Z</time>
      </trkpt>
      <trkpt lat="49.830457" lon="14.590549">
        <ele>265.907811</ele>
        <time>2026-05-06T09:01:35.999Z</time>
      </trkpt>
      <trkpt lat="49.830353" lon="14.590515">
        <ele>266.355163</ele>
        <time>2026-05-06T09:01:40.999Z</time>
      </trkpt>
      <trkpt lat="49.830276" lon="14.590409">
        <ele>266.788581</ele>
        <time>2026-05-06T09:01:45.999Z</time>
      </trkpt>
      <trkpt lat="49.830229" lon="14.590261">
        <ele>267.236450</ele>
        <time>2026-05-06T09:01:49.998Z</time>
      </trkpt>
      <trkpt lat="49.830230" lon="14.590087">
        <ele>267.398368</ele>
        <time>2026-05-06T09:01:53.998Z</time>
      </trkpt>
      <trkpt lat="49.830236" lon="14.589943">
        <ele>267.449626</ele>
        <time>2026-05-06T09:01:56.998Z</time>
      </trkpt>
      <trkpt lat="49.830226" lon="14.589774">
        <ele>267.509909</ele>
        <time>2026-05-06T09:01:59.998Z</time>
      </trkpt>
      <trkpt lat="49.830218" lon="14.589585">
        <ele>267.577189</ele>
        <time>2026-05-06T09:02:02.998Z</time>
      </trkpt>
      <trkpt lat="49.830200" lon="14.589441">
        <ele>267.629292</ele>
        <time>2026-05-06T09:02:04.998Z</time>
      </trkpt>
      <trkpt lat="49.830175" lon="14.589282">
        <ele>267.687425</ele>
        <time>2026-05-06T09:02:06.998Z</time>
      </trkpt>
      <trkpt lat="49.830146" lon="14.589112">
        <ele>267.749888</ele>
        <time>2026-05-06T09:02:08.998Z</time>
      </trkpt>
      <trkpt lat="49.830101" lon="14.588919">
        <ele>267.822785</ele>
        <time>2026-05-06T09:02:10.998Z</time>
      </trkpt>
      <trkpt lat="49.830055" lon="14.588718">
        <ele>267.898544</ele>
        <time>2026-05-06T09:02:12.998Z</time>
      </trkpt>
      <trkpt lat="49.830021" lon="14.588503">
        <ele>267.977178</ele>
        <time>2026-05-06T09:02:14.998Z</time>
      </trkpt>
      <trkpt lat="49.829988" lon="14.588279">
        <ele>268.058795</ele>
        <time>2026-05-06T09:02:16.998Z</time>
      </trkpt>
      <trkpt lat="49.829977" lon="14.588055">
        <ele>268.138594</ele>
        <time>2026-05-06T09:02:19.000Z</time>
      </trkpt>
      <trkpt lat="49.829993" lon="14.587846">
        <ele>268.213355</ele>
        <time>2026-05-06T09:02:21.000Z</time>
      </trkpt>
      <trkpt lat="49.830013" lon="14.587661">
        <ele>268.279987</ele>
        <time>2026-05-06T09:02:23.000Z</time>
      </trkpt>
      <trkpt lat="49.830040" lon="14.587507">
        <ele>268.336675</ele>
        <time>2026-05-06T09:02:25.000Z</time>
      </trkpt>
      <trkpt lat="49.830091" lon="14.587335">
        <ele>268.867562</ele>
        <time>2026-05-06T09:02:28.000Z</time>
      </trkpt>
      <trkpt lat="49.830141" lon="14.587199">
        <ele>269.340183</ele>
        <time>2026-05-06T09:02:31.000Z</time>
      </trkpt>
      <trkpt lat="49.830198" lon="14.587060">
        <ele>269.837476</ele>
        <time>2026-05-06T09:02:35.000Z</time>
      </trkpt>
      <trkpt lat="49.830263" lon="14.586939">
        <ele>270.312891</ele>
        <time>2026-05-06T09:02:39.000Z</time>
      </trkpt>
      <trkpt lat="49.830321" lon="14.586819">
        <ele>270.765617</ele>
        <time>2026-05-06T09:02:43.000Z</time>
      </trkpt>
      <trkpt lat="49.830381" lon="14.586702">
        <ele>271.216892</ele>
        <time>2026-05-06T09:02:46.999Z</time>
      </trkpt>
      <trkpt lat="49.830442" lon="14.586568">
        <ele>271.712064</ele>
        <time>2026-05-06T09:02:51.999Z</time>
      </trkpt>
      <trkpt lat="49.830504" lon="14.586443">
        <ele>272.188133</ele>
        <time>2026-05-06T09:02:56.999Z</time>
      </trkpt>
      <trkpt lat="49.830560" lon="14.586312">
        <ele>272.662614</ele>
        <time>2026-05-06T09:03:01.999Z</time>
      </trkpt>
      <trkpt lat="49.830597" lon="14.586170">
        <ele>273.124994</ele>
        <time>2026-05-06T09:03:06.999Z</time>
      </trkpt>
      <trkpt lat="49.830628" lon="14.586021">
        <ele>273.597673</ele>
        <time>2026-05-06T09:03:11.999Z</time>
      </trkpt>
      <trkpt lat="49.830646" lon="14.585870">
        <ele>274.061287</ele>
        <time>2026-05-06T09:03:16.999Z</time>
      </trkpt>
      <trkpt lat="49.830660" lon="14.585710">
        <ele>274.548780</ele>
        <time>2026-05-06T09:03:21.999Z</time>
      </trkpt>
      <trkpt lat="49.830682" lon="14.585546">
        <ele>275.054518</ele>
        <time>2026-05-06T09:03:26.999Z</time>
      </trkpt>
      <trkpt lat="49.830695" lon="14.585392">
        <ele>275.523435</ele>
        <time>2026-05-06T09:03:30.999Z</time>
      </trkpt>
      <trkpt lat="49.830716" lon="14.585248">
        <ele>275.969168</ele>
        <time>2026-05-06T09:03:33.999Z</time>
      </trkpt>
      <trkpt lat="49.830749" lon="14.585103">
        <ele>276.433397</ele>
        <time>2026-05-06T09:03:36.999Z</time>
      </trkpt>
      <trkpt lat="49.830860" lon="14.584978">
        <ele>276.451304</ele>
        <time>2026-05-06T09:03:39.999Z</time>
      </trkpt>
      <trkpt lat="49.830962" lon="14.584898">
        <ele>275.925483</ele>
        <time>2026-05-06T09:03:41.999Z</time>
      </trkpt>
      <trkpt lat="49.831064" lon="14.584798">
        <ele>275.370341</ele>
        <time>2026-05-06T09:03:43.999Z</time>
      </trkpt>
      <trkpt lat="49.831199" lon="14.584714">
        <ele>274.701201</ele>
        <time>2026-05-06T09:03:45.999Z</time>
      </trkpt>
      <trkpt lat="49.831305" lon="14.584521">
        <ele>273.949081</ele>
        <time>2026-05-06T09:03:47.999Z</time>
      </trkpt>
      <trkpt lat="49.831396" lon="14.584290">
        <ele>273.145959</ele>
        <time>2026-05-06T09:03:49.999Z</time>
      </trkpt>
      <trkpt lat="49.831456" lon="14.584181">
        <ele>272.720786</ele>
        <time>2026-05-06T09:03:50.999Z</time>
      </trkpt>
      <trkpt lat="49.831505" lon="14.584060">
        <ele>272.296875</ele>
        <time>2026-05-06T09:03:51.999Z</time>
      </trkpt>
      <trkpt lat="49.831560" lon="14.583948">
        <ele>271.879212</ele>
        <time>2026-05-06T09:03:52.999Z</time>
      </trkpt>
      <trkpt lat="49.831629" lon="14.583833">
        <ele>271.413197</ele>
        <time>2026-05-06T09:03:53.999Z</time>
      </trkpt>
      <trkpt lat="49.831681" lon="14.583717">
        <ele>270.994057</ele>
        <time>2026-05-06T09:03:54.998Z</time>
      </trkpt>
      <trkpt lat="49.831744" lon="14.583607">
        <ele>270.557586</ele>
        <time>2026-05-06T09:03:55.998Z</time>
      </trkpt>
      <trkpt lat="49.831815" lon="14.583509">
        <ele>270.120305</ele>
        <time>2026-05-06T09:03:56.998Z</time>
      </trkpt>
      <trkpt lat="49.831894" lon="14.583419">
        <ele>269.669344</ele>
        <time>2026-05-06T09:03:57.998Z</time>
      </trkpt>
      <trkpt lat="49.831971" lon="14.583339">
        <ele>269.242967</ele>
        <time>2026-05-06T09:03:58.998Z</time>
      </trkpt>
      <trkpt lat="49.832055" lon="14.583252">
        <ele>268.778279</ele>
        <time>2026-05-06T09:03:59.998Z</time>
      </trkpt>
      <trkpt lat="49.832130" lon="14.583163">
        <ele>268.409733</ele>
        <time>2026-05-06T09:04:00.998Z</time>
      </trkpt>
      <trkpt lat="49.832208" lon="14.583069">
        <ele>268.164369</ele>
        <time>2026-05-06T09:04:01.998Z</time>
      </trkpt>
      <trkpt lat="49.832288" lon="14.582985">
        <ele>267.924401</ele>
        <time>2026-05-06T09:04:02.998Z</time>
      </trkpt>
      <trkpt lat="49.832364" lon="14.582906">
        <ele>267.697147</ele>
        <time>2026-05-06T09:04:03.998Z</time>
      </trkpt>
      <trkpt lat="49.832444" lon="14.582825">
        <ele>267.459841</ele>
        <time>2026-05-06T09:04:04.998Z</time>
      </trkpt>
      <trkpt lat="49.832589" lon="14.582672">
        <ele>267.024225</ele>
        <time>2026-05-06T09:04:06.998Z</time>
      </trkpt>
      <trkpt lat="49.832722" lon="14.582524">
        <ele>266.617627</ele>
        <time>2026-05-06T09:04:08.998Z</time>
      </trkpt>
      <trkpt lat="49.832844" lon="14.582357">
        <ele>266.213425</ele>
        <time>2026-05-06T09:04:10.998Z</time>
      </trkpt>
      <trkpt lat="49.832954" lon="14.582171">
        <ele>265.809175</ele>
        <time>2026-05-06T09:04:12.998Z</time>
      </trkpt>
      <trkpt lat="49.833070" lon="14.581976">
        <ele>265.384225</ele>
        <time>2026-05-06T09:04:14.998Z</time>
      </trkpt>
      <trkpt lat="49.833178" lon="14.581783">
        <ele>264.974913</ele>
        <time>2026-05-06T09:04:16.998Z</time>
      </trkpt>
      <trkpt lat="49.833290" lon="14.581589">
        <ele>264.557831</ele>
        <time>2026-05-06T09:04:18.998Z</time>
      </trkpt>
      <trkpt lat="49.833395" lon="14.581396">
        <ele>264.153364</ele>
        <time>2026-05-06T09:04:20.998Z</time>
      </trkpt>
      <trkpt lat="49.833498" lon="14.581208">
        <ele>264.121887</ele>
        <time>2026-05-06T09:04:22.998Z</time>
      </trkpt>
      <trkpt lat="49.833599" lon="14.581024">
        <ele>264.272537</ele>
        <time>2026-05-06T09:04:25.000Z</time>
      </trkpt>
      <trkpt lat="49.833698" lon="14.580845">
        <ele>264.419561</ele>
        <time>2026-05-06T09:04:27.000Z</time>
      </trkpt>
      <trkpt lat="49.833795" lon="14.580667">
        <ele>264.564857</ele>
        <time>2026-05-06T09:04:29.000Z</time>
      </trkpt>
      <trkpt lat="49.833913" lon="14.580530">
        <ele>264.707366</ele>
        <time>2026-05-06T09:04:31.000Z</time>
      </trkpt>
      <trkpt lat="49.834028" lon="14.580380">
        <ele>264.852646</ele>
        <time>2026-05-06T09:04:33.000Z</time>
      </trkpt>
      <trkpt lat="49.834158" lon="14.580250">
        <ele>265.002190</ele>
        <time>2026-05-06T09:04:35.000Z</time>
      </trkpt>
      <trkpt lat="49.834251" lon="14.580127">
        <ele>265.120360</ele>
        <time>2026-05-06T09:04:37.000Z</time>
      </trkpt>
      <trkpt lat="49.834357" lon="14.580001">
        <ele>265.249481</ele>
        <time>2026-05-06T09:04:39.000Z</time>
      </trkpt>
      <trkpt lat="49.834461" lon="14.579891">
        <ele>265.371184</ele>
        <time>2026-05-06T09:04:41.000Z</time>
      </trkpt>
      <trkpt lat="49.834552" lon="14.579780">
        <ele>265.483115</ele>
        <time>2026-05-06T09:04:43.000Z</time>
      </trkpt>
      <trkpt lat="49.834651" lon="14.579674">
        <ele>265.599421</ele>
        <time>2026-05-06T09:04:45.000Z</time>
      </trkpt>
      <trkpt lat="49.834741" lon="14.579581">
        <ele>265.703977</ele>
        <time>2026-05-06T09:04:47.000Z</time>
      </trkpt>
      <trkpt lat="49.834838" lon="14.579473">
        <ele>265.774334</ele>
        <time>2026-05-06T09:04:49.000Z</time>
      </trkpt>
      <trkpt lat="49.834930" lon="14.579372">
        <ele>265.802353</ele>
        <time>2026-05-06T09:04:51.000Z</time>
      </trkpt>
      <trkpt lat="49.835009" lon="14.579273">
        <ele>265.827601</ele>
        <time>2026-05-06T09:04:52.999Z</time>
      </trkpt>
      <trkpt lat="49.835095" lon="14.579178">
        <ele>265.853847</ele>
        <time>2026-05-06T09:04:54.999Z</time>
      </trkpt>
      <trkpt lat="49.835186" lon="14.579089">
        <ele>265.880589</ele>
        <time>2026-05-06T09:04:56.999Z</time>
      </trkpt>
      <trkpt lat="49.835261" lon="14.579007">
        <ele>265.903399</ele>
        <time>2026-05-06T09:04:58.999Z</time>
      </trkpt>
      <trkpt lat="49.835334" lon="14.578919">
        <ele>265.926382</ele>
        <time>2026-05-06T09:05:00.999Z</time>
      </trkpt>
      <trkpt lat="49.835418" lon="14.578830">
        <ele>265.951670</ele>
        <time>2026-05-06T09:05:02.999Z</time>
      </trkpt>
      <trkpt lat="49.835494" lon="14.578741">
        <ele>265.975343</ele>
        <time>2026-05-06T09:05:04.999Z</time>
      </trkpt>
      <trkpt lat="49.835576" lon="14.578648">
        <ele>266.000595</ele>
        <time>2026-05-06T09:05:06.999Z</time>
      </trkpt>
      <trkpt lat="49.835651" lon="14.578549">
        <ele>266.025077</ele>
        <time>2026-05-06T09:05:08.999Z</time>
      </trkpt>
      <trkpt lat="49.835726" lon="14.578452">
        <ele>266.049352</ele>
        <time>2026-05-06T09:05:10.999Z</time>
      </trkpt>
      <trkpt lat="49.835797" lon="14.578343">
        <ele>266.074187</ele>
        <time>2026-05-06T09:05:12.999Z</time>
      </trkpt>
      <trkpt lat="49.835851" lon="14.578229">
        <ele>266.096861</ele>
        <time>2026-05-06T09:05:14.999Z</time>
      </trkpt>
      <trkpt lat="49.835939" lon="14.578085">
        <ele>266.128662</ele>
        <time>2026-05-06T09:05:17.999Z</time>
      </trkpt>
      <trkpt lat="49.836010" lon="14.577929">
        <ele>266.159270</ele>
        <time>2026-05-06T09:05:20.999Z</time>
      </trkpt>
      <trkpt lat="49.836078" lon="14.577772">
        <ele>266.189587</ele>
        <time>2026-05-06T09:05:23.999Z</time>
      </trkpt>
      <trkpt lat="49.836140" lon="14.577620">
        <ele>266.338398</ele>
        <time>2026-05-06T09:05:26.999Z</time>
      </trkpt>
      <trkpt lat="49.836198" lon="14.577449">
        <ele>266.663493</ele>
        <time>2026-05-06T09:05:29.999Z</time>
      </trkpt>
      <trkpt lat="49.836229" lon="14.577275">
        <ele>266.967239</ele>
        <time>2026-05-06T09:05:32.999Z</time>
      </trkpt>
      <trkpt lat="49.836270" lon="14.577114">
        <ele>267.258498</ele>
        <time>2026-05-06T09:05:35.999Z</time>
      </trkpt>
      <trkpt lat="49.836310" lon="14.576962">
        <ele>267.534730</ele>
        <time>2026-05-06T09:05:38.999Z</time>
      </trkpt>
      <trkpt lat="49.836330" lon="14.576803">
        <ele>267.807311</ele>
        <time>2026-05-06T09:05:41.999Z</time>
      </trkpt>
      <trkpt lat="49.836348" lon="14.576628">
        <ele>268.105496</ele>
        <time>2026-05-06T09:05:44.999Z</time>
      </trkpt>
      <trkpt lat="49.836360" lon="14.576434">
        <ele>268.433427</ele>
        <time>2026-05-06T09:05:47.999Z</time>
      </trkpt>
      <trkpt lat="49.836373" lon="14.576262">
        <ele>268.724822</ele>
        <time>2026-05-06T09:05:50.999Z</time>
      </trkpt>
      <trkpt lat="49.836381" lon="14.576074">
        <ele>269.041847</ele>
        <time>2026-05-06T09:05:53.999Z</time>
      </trkpt>
      <trkpt lat="49.836398" lon="14.575904">
        <ele>269.331315</ele>
        <time>2026-05-06T09:05:56.999Z</time>
      </trkpt>
      <trkpt lat="49.836409" lon="14.575725">
        <ele>269.633872</ele>
        <time>2026-05-06T09:05:59.998Z</time>
      </trkpt>
      <trkpt lat="49.836417" lon="14.575546">
        <ele>269.935788</ele>
        <time>2026-05-06T09:06:02.998Z</time>
      </trkpt>
      <trkpt lat="49.836430" lon="14.575374">
        <ele>270.227183</ele>
        <time>2026-05-06T09:06:05.998Z</time>
      </trkpt>
      <trkpt lat="49.836440" lon="14.575206">
        <ele>270.511068</ele>
        <time>2026-05-06T09:06:08.998Z</time>
      </trkpt>
      <trkpt lat="49.836457" lon="14.575038">
        <ele>270.797210</ele>
        <time>2026-05-06T09:06:11.998Z</time>
      </trkpt>
      <trkpt lat="49.836465" lon="14.574865">
        <ele>271.015676</ele>
        <time>2026-05-06T09:06:14.998Z</time>
      </trkpt>
      <trkpt lat="49.836471" lon="14.574691">
        <ele>271.196149</ele>
        <time>2026-05-06T09:06:17.998Z</time>
      </trkpt>
      <trkpt lat="49.836480" lon="14.574486">
        <ele>271.408964</ele>
        <time>2026-05-06T09:06:20.998Z</time>
      </trkpt>
      <trkpt lat="49.836483" lon="14.574345">
        <ele>271.555080</ele>
        <time>2026-05-06T09:06:22.998Z</time>
      </trkpt>
      <trkpt lat="49.836483" lon="14.574196">
        <ele>271.709403</ele>
        <time>2026-05-06T09:06:24.998Z</time>
      </trkpt>
      <trkpt lat="49.836501" lon="14.574055">
        <ele>271.858272</ele>
        <time>2026-05-06T09:06:26.998Z</time>
      </trkpt>
      <trkpt lat="49.836536" lon="14.573847">
        <ele>272.080913</ele>
        <time>2026-05-06T09:06:30.000Z</time>
      </trkpt>
      <trkpt lat="49.836549" lon="14.573676">
        <ele>272.259248</ele>
        <time>2026-05-06T09:06:33.000Z</time>
      </trkpt>
      <trkpt lat="49.836550" lon="14.573518">
        <ele>272.422899</ele>
        <time>2026-05-06T09:06:36.000Z</time>
      </trkpt>
      <trkpt lat="49.836523" lon="14.573367">
        <ele>272.585192</ele>
        <time>2026-05-06T09:06:39.000Z</time>
      </trkpt>
      <trkpt lat="49.836494" lon="14.573228">
        <ele>272.736502</ele>
        <time>2026-05-06T09:06:42.000Z</time>
      </trkpt>
      <trkpt lat="49.836444" lon="14.573079">
        <ele>272.910463</ele>
        <time>2026-05-06T09:06:45.000Z</time>
      </trkpt>
      <trkpt lat="49.836399" lon="14.572945">
        <ele>273.066935</ele>
        <time>2026-05-06T09:06:48.000Z</time>
      </trkpt>
      <trkpt lat="49.836345" lon="14.572784">
        <ele>273.254887</ele>
        <time>2026-05-06T09:06:52.000Z</time>
      </trkpt>
      <trkpt lat="49.836297" lon="14.572663">
        <ele>273.402017</ele>
        <time>2026-05-06T09:06:55.000Z</time>
      </trkpt>
      <trkpt lat="49.836229" lon="14.572516">
        <ele>273.589379</ele>
        <time>2026-05-06T09:06:58.999Z</time>
      </trkpt>
      <trkpt lat="49.836170" lon="14.572408">
        <ele>273.735970</ele>
        <time>2026-05-06T09:07:01.999Z</time>
      </trkpt>
      <trkpt lat="49.836099" lon="14.572285">
        <ele>274.212583</ele>
        <time>2026-05-06T09:07:05.999Z</time>
      </trkpt>
      <trkpt lat="49.836031" lon="14.572155">
        <ele>274.826033</ele>
        <time>2026-05-06T09:07:09.999Z</time>
      </trkpt>
      <trkpt lat="49.835964" lon="14.572014">
        <ele>275.467910</ele>
        <time>2026-05-06T09:07:13.999Z</time>
      </trkpt>
      <trkpt lat="49.835903" lon="14.571884">
        <ele>276.057116</ele>
        <time>2026-05-06T09:07:17.999Z</time>
      </trkpt>
      <trkpt lat="49.835823" lon="14.571781">
        <ele>276.648019</ele>
        <time>2026-05-06T09:07:21.999Z</time>
      </trkpt>
      <trkpt lat="49.835745" lon="14.571677">
        <ele>277.232607</ele>
        <time>2026-05-06T09:07:25.999Z</time>
      </trkpt>
      <trkpt lat="49.835667" lon="14.571580">
        <ele>277.800800</ele>
        <time>2026-05-06T09:07:29.999Z</time>
      </trkpt>
      <trkpt lat="49.835585" lon="14.571498">
        <ele>278.355275</ele>
        <time>2026-05-06T09:07:33.999Z</time>
      </trkpt>
      <trkpt lat="49.835500" lon="14.571413">
        <ele>278.930036</ele>
        <time>2026-05-06T09:07:37.999Z</time>
      </trkpt>
      <trkpt lat="49.835415" lon="14.571344">
        <ele>279.475244</ele>
        <time>2026-05-06T09:07:40.999Z</time>
      </trkpt>
      <trkpt lat="49.835327" lon="14.571247">
        <ele>280.088796</ele>
        <time>2026-05-06T09:07:45.999Z</time>
      </trkpt>
      <trkpt lat="49.835240" lon="14.571186">
        <ele>280.631373</ele>
        <time>2026-05-06T09:07:49.999Z</time>
      </trkpt>
      <trkpt lat="49.835148" lon="14.571095">
        <ele>281.251490</ele>
        <time>2026-05-06T09:07:54.999Z</time>
      </trkpt>
      <trkpt lat="49.835046" lon="14.571007">
        <ele>281.914796</ele>
        <time>2026-05-06T09:07:59.999Z</time>
      </trkpt>
      <trkpt lat="49.834950" lon="14.570919">
        <ele>282.548526</ele>
        <time>2026-05-06T09:08:04.998Z</time>
      </trkpt>
      <trkpt lat="49.834866" lon="14.570856">
        <ele>283.078768</ele>
        <time>2026-05-06T09:08:08.998Z</time>
      </trkpt>
      <trkpt lat="49.834790" lon="14.570772">
        <ele>283.609140</ele>
        <time>2026-05-06T09:08:12.998Z</time>
      </trkpt>
      <trkpt lat="49.834725" lon="14.570676">
        <ele>284.097020</ele>
        <time>2026-05-06T09:08:16.998Z</time>
      </trkpt>
      <trkpt lat="49.834663" lon="14.570566">
        <ele>284.526109</ele>
        <time>2026-05-06T09:08:20.998Z</time>
      </trkpt>
      <trkpt lat="49.834600" lon="14.570459">
        <ele>284.951659</ele>
        <time>2026-05-06T09:08:24.998Z</time>
      </trkpt>
      <trkpt lat="49.834548" lon="14.570339">
        <ele>285.376300</ele>
        <time>2026-05-06T09:08:28.998Z</time>
      </trkpt>
      <trkpt lat="49.834474" lon="14.570208">
        <ele>285.887797</ele>
        <time>2026-05-06T09:08:33.998Z</time>
      </trkpt>
      <trkpt lat="49.834419" lon="14.570073">
        <ele>286.356816</ele>
        <time>2026-05-06T09:08:39.000Z</time>
      </trkpt>
      <trkpt lat="49.834358" lon="14.569937">
        <ele>286.843388</ele>
        <time>2026-05-06T09:08:44.000Z</time>
      </trkpt>
      <trkpt lat="49.834306" lon="14.569802">
        <ele>287.305256</ele>
        <time>2026-05-06T09:08:49.000Z</time>
      </trkpt>
      <trkpt lat="49.834259" lon="14.569683">
        <ele>287.715126</ele>
        <time>2026-05-06T09:08:53.000Z</time>
      </trkpt>
      <trkpt lat="49.834202" lon="14.569531">
        <ele>288.231577</ele>
        <time>2026-05-06T09:08:58.000Z</time>
      </trkpt>
      <trkpt lat="49.834172" lon="14.569394">
        <ele>288.656552</ele>
        <time>2026-05-06T09:09:02.000Z</time>
      </trkpt>
      <trkpt lat="49.834159" lon="14.569232">
        <ele>289.136071</ele>
        <time>2026-05-06T09:09:06.000Z</time>
      </trkpt>
      <trkpt lat="49.834165" lon="14.569060">
        <ele>289.642033</ele>
        <time>2026-05-06T09:09:09.999Z</time>
      </trkpt>
      <trkpt lat="49.834169" lon="14.568919">
        <ele>290.056599</ele>
        <time>2026-05-06T09:09:12.999Z</time>
      </trkpt>
      <trkpt lat="49.834174" lon="14.568773">
        <ele>290.486055</ele>
        <time>2026-05-06T09:09:15.999Z</time>
      </trkpt>
      <trkpt lat="49.834183" lon="14.568633">
        <ele>290.899321</ele>
        <time>2026-05-06T09:09:18.999Z</time>
      </trkpt>
      <trkpt lat="49.834192" lon="14.568450">
        <ele>291.438415</ele>
        <time>2026-05-06T09:09:22.999Z</time>
      </trkpt>
      <trkpt lat="49.834200" lon="14.568267">
        <ele>291.977183</ele>
        <time>2026-05-06T09:09:26.999Z</time>
      </trkpt>
      <trkpt lat="49.834203" lon="14.568084">
        <ele>292.520558</ele>
        <time>2026-05-06T09:09:30.999Z</time>
      </trkpt>
      <trkpt lat="49.834207" lon="14.567901">
        <ele>293.068029</ele>
        <time>2026-05-06T09:09:34.999Z</time>
      </trkpt>
      <trkpt lat="49.834208" lon="14.567728">
        <ele>293.585307</ele>
        <time>2026-05-06T09:09:38.999Z</time>
      </trkpt>
      <trkpt lat="49.834206" lon="14.567552">
        <ele>294.111616</ele>
        <time>2026-05-06T09:09:42.999Z</time>
      </trkpt>
      <trkpt lat="49.834196" lon="14.567370">
        <ele>294.657754</ele>
        <time>2026-05-06T09:09:46.999Z</time>
      </trkpt>
      <trkpt lat="49.834177" lon="14.567226">
        <ele>295.097220</ele>
        <time>2026-05-06T09:09:49.999Z</time>
      </trkpt>
      <trkpt lat="49.834158" lon="14.567088">
        <ele>295.519126</ele>
        <time>2026-05-06T09:09:52.999Z</time>
      </trkpt>
      <trkpt lat="49.834125" lon="14.566920">
        <ele>296.044211</ele>
        <time>2026-05-06T09:09:56.999Z</time>
      </trkpt>
      <trkpt lat="49.834095" lon="14.566760">
        <ele>296.542404</ele>
        <time>2026-05-06T09:10:00.999Z</time>
      </trkpt>
      <trkpt lat="49.834059" lon="14.566599">
        <ele>297.051889</ele>
        <time>2026-05-06T09:10:04.999Z</time>
      </trkpt>
      <trkpt lat="49.834027" lon="14.566454">
        <ele>297.510104</ele>
        <time>2026-05-06T09:10:08.999Z</time>
      </trkpt>
      <trkpt lat="49.833981" lon="14.566304">
        <ele>298.006706</ele>
        <time>2026-05-06T09:10:12.999Z</time>
      </trkpt>
      <trkpt lat="49.833920" lon="14.566168">
        <ele>298.501991</ele>
        <time>2026-05-06T09:10:16.998Z</time>
      </trkpt>
      <trkpt lat="49.833855" lon="14.566031">
        <ele>299.010497</ele>
        <time>2026-05-06T09:10:20.998Z</time>
      </trkpt>
      <trkpt lat="49.833779" lon="14.565913">
        <ele>299.509089</ele>
        <time>2026-05-06T09:10:24.998Z</time>
      </trkpt>
      <trkpt lat="49.833716" lon="14.565810">
        <ele>299.933506</ele>
        <time>2026-05-06T09:10:28.998Z</time>
      </trkpt>
      <trkpt lat="49.833652" lon="14.565709">
        <ele>300.356839</ele>
        <time>2026-05-06T09:10:32.998Z</time>
      </trkpt>
      <trkpt lat="49.833579" lon="14.565600">
        <ele>300.814567</ele>
        <time>2026-05-06T09:10:37.998Z</time>
      </trkpt>
      <trkpt lat="49.833509" lon="14.565488">
        <ele>301.261478</ele>
        <time>2026-05-06T09:10:43.000Z</time>
      </trkpt>
      <trkpt lat="49.833435" lon="14.565371">
        <ele>301.731054</ele>
        <time>2026-05-06T09:10:48.000Z</time>
      </trkpt>
      <trkpt lat="49.833369" lon="14.565265">
        <ele>302.153251</ele>
        <time>2026-05-06T09:10:53.000Z</time>
      </trkpt>
      <trkpt lat="49.833298" lon="14.565157">
        <ele>302.595164</ele>
        <time>2026-05-06T09:10:58.000Z</time>
      </trkpt>
      <trkpt lat="49.833229" lon="14.565031">
        <ele>303.068819</ele>
        <time>2026-05-06T09:11:03.000Z</time>
      </trkpt>
      <trkpt lat="49.833157" lon="14.564912">
        <ele>303.536383</ele>
        <time>2026-05-06T09:11:08.000Z</time>
      </trkpt>
      <trkpt lat="49.833079" lon="14.564794">
        <ele>304.020567</ele>
        <time>2026-05-06T09:11:12.999Z</time>
      </trkpt>
      <trkpt lat="49.833024" lon="14.564675">
        <ele>304.440091</ele>
        <time>2026-05-06T09:11:20.999Z</time>
      </trkpt>
      <trkpt lat="49.832774" lon="14.564263">
        <ele>306.061085</ele>
        <time>2026-05-06T09:16:40.998Z</time>
      </trkpt>
      <trkpt lat="49.832702" lon="14.564141">
        <ele>306.534958</ele>
        <time>2026-05-06T09:16:44.998Z</time>
      </trkpt>
      <trkpt lat="49.832617" lon="14.564027">
        <ele>307.034294</ele>
        <time>2026-05-06T09:16:48.998Z</time>
      </trkpt>
      <trkpt lat="49.832549" lon="14.563912">
        <ele>307.481372</ele>
        <time>2026-05-06T09:16:52.998Z</time>
      </trkpt>
      <trkpt lat="49.832473" lon="14.563787">
        <ele>307.973639</ele>
        <time>2026-05-06T09:16:56.998Z</time>
      </trkpt>
      <trkpt lat="49.832404" lon="14.563664">
        <ele>308.440778</ele>
        <time>2026-05-06T09:17:01.000Z</time>
      </trkpt>
      <trkpt lat="49.832325" lon="14.563538">
        <ele>308.417698</ele>
        <time>2026-05-06T09:17:05.000Z</time>
      </trkpt>
      <trkpt lat="49.832248" lon="14.563417">
        <ele>308.290169</ele>
        <time>2026-05-06T09:17:09.000Z</time>
      </trkpt>
      <trkpt lat="49.832165" lon="14.563271">
        <ele>308.144156</ele>
        <time>2026-05-06T09:17:13.000Z</time>
      </trkpt>
      <trkpt lat="49.832084" lon="14.563129">
        <ele>308.001932</ele>
        <time>2026-05-06T09:17:16.000Z</time>
      </trkpt>
      <trkpt lat="49.832017" lon="14.563014">
        <ele>307.885664</ele>
        <time>2026-05-06T09:17:18.000Z</time>
      </trkpt>
      <trkpt lat="49.831948" lon="14.562902">
        <ele>307.769462</ele>
        <time>2026-05-06T09:17:20.000Z</time>
      </trkpt>
      <trkpt lat="49.831874" lon="14.562790">
        <ele>307.649169</ele>
        <time>2026-05-06T09:17:22.000Z</time>
      </trkpt>
      <trkpt lat="49.831795" lon="14.562690">
        <ele>307.530539</ele>
        <time>2026-05-06T09:17:24.000Z</time>
      </trkpt>
      <trkpt lat="49.831714" lon="14.562562">
        <ele>307.396003</ele>
        <time>2026-05-06T09:17:26.000Z</time>
      </trkpt>
      <trkpt lat="49.831623" lon="14.562428">
        <ele>307.250016</ele>
        <time>2026-05-06T09:17:28.000Z</time>
      </trkpt>
      <trkpt lat="49.831527" lon="14.562293">
        <ele>307.099256</ele>
        <time>2026-05-06T09:17:29.999Z</time>
      </trkpt>
      <trkpt lat="49.831424" lon="14.562167">
        <ele>306.946642</ele>
        <time>2026-05-06T09:17:31.999Z</time>
      </trkpt>
      <trkpt lat="49.831315" lon="14.562035">
        <ele>306.785759</ele>
        <time>2026-05-06T09:17:33.999Z</time>
      </trkpt>
      <trkpt lat="49.831213" lon="14.561912">
        <ele>306.635449</ele>
        <time>2026-05-06T09:17:35.999Z</time>
      </trkpt>
      <trkpt lat="49.831107" lon="14.561784">
        <ele>306.479162</ele>
        <time>2026-05-06T09:17:37.999Z</time>
      </trkpt>
      <trkpt lat="49.831018" lon="14.561662">
        <ele>306.210890</ele>
        <time>2026-05-06T09:17:39.999Z</time>
      </trkpt>
      <trkpt lat="49.830913" lon="14.561535">
        <ele>305.841277</ele>
        <time>2026-05-06T09:17:41.999Z</time>
      </trkpt>
      <trkpt lat="49.830812" lon="14.561417">
        <ele>305.490279</ele>
        <time>2026-05-06T09:17:43.999Z</time>
      </trkpt>
      <trkpt lat="49.830706" lon="14.561289">
        <ele>305.117377</ele>
        <time>2026-05-06T09:17:45.999Z</time>
      </trkpt>
      <trkpt lat="49.830603" lon="14.561156">
        <ele>304.745342</ele>
        <time>2026-05-06T09:17:47.999Z</time>
      </trkpt>
      <trkpt lat="49.830493" lon="14.561057">
        <ele>304.392336</ele>
        <time>2026-05-06T09:17:49.999Z</time>
      </trkpt>
      <trkpt lat="49.830388" lon="14.560956">
        <ele>304.049385</ele>
        <time>2026-05-06T09:17:51.999Z</time>
      </trkpt>
      <trkpt lat="49.830248" lon="14.560843">
        <ele>303.611326</ele>
        <time>2026-05-06T09:17:53.999Z</time>
      </trkpt>
      <trkpt lat="49.830169" lon="14.560777">
        <ele>303.362262</ele>
        <time>2026-05-06T09:17:54.999Z</time>
      </trkpt>
      <trkpt lat="49.830044" lon="14.560665">
        <ele>302.961566</ele>
        <time>2026-05-06T09:17:56.999Z</time>
      </trkpt>
      <trkpt lat="49.829894" lon="14.560537">
        <ele>302.486361</ele>
        <time>2026-05-06T09:17:58.999Z</time>
      </trkpt>
      <trkpt lat="49.829751" lon="14.560419">
        <ele>302.036763</ele>
        <time>2026-05-06T09:18:00.999Z</time>
      </trkpt>
      <trkpt lat="49.829608" lon="14.560291">
        <ele>301.578481</ele>
        <time>2026-05-06T09:18:02.999Z</time>
      </trkpt>
      <trkpt lat="49.829458" lon="14.560164">
        <ele>301.439289</ele>
        <time>2026-05-06T09:18:04.999Z</time>
      </trkpt>
      <trkpt lat="49.829304" lon="14.560032">
        <ele>301.434007</ele>
        <time>2026-05-06T09:18:06.999Z</time>
      </trkpt>
      <trkpt lat="49.829159" lon="14.559917">
        <ele>301.429118</ele>
        <time>2026-05-06T09:18:08.999Z</time>
      </trkpt>
      <trkpt lat="49.829014" lon="14.559786">
        <ele>301.424080</ele>
        <time>2026-05-06T09:18:10.999Z</time>
      </trkpt>
      <trkpt lat="49.828877" lon="14.559677">
        <ele>301.419457</ele>
        <time>2026-05-06T09:18:12.999Z</time>
      </trkpt>
      <trkpt lat="49.828747" lon="14.559570">
        <ele>301.415039</ele>
        <time>2026-05-06T09:18:14.999Z</time>
      </trkpt>
      <trkpt lat="49.828619" lon="14.559457">
        <ele>301.410618</ele>
        <time>2026-05-06T09:18:16.999Z</time>
      </trkpt>
      <trkpt lat="49.828499" lon="14.559351">
        <ele>301.406472</ele>
        <time>2026-05-06T09:18:18.999Z</time>
      </trkpt>
      <trkpt lat="49.828383" lon="14.559242">
        <ele>301.402400</ele>
        <time>2026-05-06T09:18:20.999Z</time>
      </trkpt>
      <trkpt lat="49.828273" lon="14.559128">
        <ele>301.398428</ele>
        <time>2026-05-06T09:18:22.999Z</time>
      </trkpt>
      <trkpt lat="49.828179" lon="14.559000">
        <ele>301.394672</ele>
        <time>2026-05-06T09:18:24.999Z</time>
      </trkpt>
      <trkpt lat="49.828107" lon="14.558833">
        <ele>301.390783</ele>
        <time>2026-05-06T09:18:26.999Z</time>
      </trkpt>
      <trkpt lat="49.828066" lon="14.558650">
        <ele>301.567493</ele>
        <time>2026-05-06T09:18:28.999Z</time>
      </trkpt>
      <trkpt lat="49.828067" lon="14.558452">
        <ele>301.921998</ele>
        <time>2026-05-06T09:18:30.999Z</time>
      </trkpt>
      <trkpt lat="49.828061" lon="14.558248">
        <ele>302.287613</ele>
        <time>2026-05-06T09:18:32.999Z</time>
      </trkpt>
      <trkpt lat="49.828032" lon="14.558072">
        <ele>302.612836</ele>
        <time>2026-05-06T09:18:34.999Z</time>
      </trkpt>
      <trkpt lat="49.827985" lon="14.557917">
        <ele>302.919474</ele>
        <time>2026-05-06T09:18:36.998Z</time>
      </trkpt>
      <trkpt lat="49.827933" lon="14.557797">
        <ele>303.178292</ele>
        <time>2026-05-06T09:18:38.998Z</time>
      </trkpt>
      <trkpt lat="49.827870" lon="14.557686">
        <ele>303.442995</ele>
        <time>2026-05-06T09:18:40.998Z</time>
      </trkpt>
      <trkpt lat="49.827768" lon="14.557573">
        <ele>303.790948</ele>
        <time>2026-05-06T09:18:43.998Z</time>
      </trkpt>
      <trkpt lat="49.827674" lon="14.557472">
        <ele>304.108379</ele>
        <time>2026-05-06T09:18:46.998Z</time>
      </trkpt>
      <trkpt lat="49.827580" lon="14.557366">
        <ele>304.430993</ele>
        <time>2026-05-06T09:18:49.998Z</time>
      </trkpt>
      <trkpt lat="49.827484" lon="14.557283">
        <ele>304.736072</ele>
        <time>2026-05-06T09:18:52.998Z</time>
      </trkpt>
      <trkpt lat="49.827383" lon="14.557170">
        <ele>305.081772</ele>
        <time>2026-05-06T09:18:55.998Z</time>
      </trkpt>
      <trkpt lat="49.827277" lon="14.557074">
        <ele>305.422495</ele>
        <time>2026-05-06T09:18:58.998Z</time>
      </trkpt>
      <trkpt lat="49.827175" lon="14.556981">
        <ele>305.750924</ele>
        <time>2026-05-06T09:19:01.998Z</time>
      </trkpt>
      <trkpt lat="49.827077" lon="14.556870">
        <ele>306.087784</ele>
        <time>2026-05-06T09:19:04.998Z</time>
      </trkpt>
      <trkpt lat="49.826969" lon="14.556777">
        <ele>306.424218</ele>
        <time>2026-05-06T09:19:08.000Z</time>
      </trkpt>
      <trkpt lat="49.826875" lon="14.556668">
        <ele>306.707740</ele>
        <time>2026-05-06T09:19:11.000Z</time>
      </trkpt>
      <trkpt lat="49.826775" lon="14.556578">
        <ele>306.987018</ele>
        <time>2026-05-06T09:19:14.000Z</time>
      </trkpt>
      <trkpt lat="49.826675" lon="14.556479">
        <ele>307.273594</ele>
        <time>2026-05-06T09:19:17.000Z</time>
      </trkpt>
      <trkpt lat="49.826573" lon="14.556382">
        <ele>307.562612</ele>
        <time>2026-05-06T09:19:20.000Z</time>
      </trkpt>
      <trkpt lat="49.826472" lon="14.556253">
        <ele>307.878686</ele>
        <time>2026-05-06T09:19:23.000Z</time>
      </trkpt>
      <trkpt lat="49.826370" lon="14.556161">
        <ele>308.163707</ele>
        <time>2026-05-06T09:19:26.000Z</time>
      </trkpt>
      <trkpt lat="49.826266" lon="14.556043">
        <ele>308.474987</ele>
        <time>2026-05-06T09:19:29.000Z</time>
      </trkpt>
      <trkpt lat="49.826160" lon="14.555950">
        <ele>308.769163</ele>
        <time>2026-05-06T09:19:32.000Z</time>
      </trkpt>
      <trkpt lat="49.826049" lon="14.555883">
        <ele>309.056861</ele>
        <time>2026-05-06T09:19:34.999Z</time>
      </trkpt>
      <trkpt lat="49.825921" lon="14.555906">
        <ele>309.368080</ele>
        <time>2026-05-06T09:19:37.999Z</time>
      </trkpt>
      <trkpt lat="49.825829" lon="14.555923">
        <ele>309.591854</ele>
        <time>2026-05-06T09:19:39.999Z</time>
      </trkpt>
      <trkpt lat="49.825717" lon="14.555930">
        <ele>309.862579</ele>
        <time>2026-05-06T09:19:44.999Z</time>
      </trkpt>
      <trkpt lat="49.825597" lon="14.555967">
        <ele>310.158084</ele>
        <time>2026-05-06T09:19:47.999Z</time>
      </trkpt>
      <trkpt lat="49.825492" lon="14.556025">
        <ele>310.427304</ele>
        <time>2026-05-06T09:19:52.999Z</time>
      </trkpt>
      <trkpt lat="49.825400" lon="14.556077">
        <ele>310.663815</ele>
        <time>2026-05-06T09:19:55.999Z</time>
      </trkpt>
      <trkpt lat="49.825290" lon="14.556131">
        <ele>311.048462</ele>
        <time>2026-05-06T09:19:59.999Z</time>
      </trkpt>
      <trkpt lat="49.825194" lon="14.556173">
        <ele>311.406801</ele>
        <time>2026-05-06T09:20:02.999Z</time>
      </trkpt>
      <trkpt lat="49.825095" lon="14.556223">
        <ele>311.780845</ele>
        <time>2026-05-06T09:20:05.999Z</time>
      </trkpt>
      <trkpt lat="49.825009" lon="14.556272">
        <ele>312.109996</ele>
        <time>2026-05-06T09:20:08.999Z</time>
      </trkpt>
      <trkpt lat="49.824903" lon="14.556328">
        <ele>312.512294</ele>
        <time>2026-05-06T09:20:12.999Z</time>
      </trkpt>
      <trkpt lat="49.824795" lon="14.556380">
        <ele>312.918553</ele>
        <time>2026-05-06T09:20:16.999Z</time>
      </trkpt>
      <trkpt lat="49.824693" lon="14.556433">
        <ele>313.305012</ele>
        <time>2026-05-06T09:20:20.999Z</time>
      </trkpt>
      <trkpt lat="49.824587" lon="14.556493">
        <ele>313.710396</ele>
        <time>2026-05-06T09:20:24.999Z</time>
      </trkpt>
      <trkpt lat="49.824483" lon="14.556542">
        <ele>314.100877</ele>
        <time>2026-05-06T09:20:28.999Z</time>
      </trkpt>
      <trkpt lat="49.824377" lon="14.556597">
        <ele>314.502434</ele>
        <time>2026-05-06T09:20:32.999Z</time>
      </trkpt>
      <trkpt lat="49.824278" lon="14.556656">
        <ele>314.883457</ele>
        <time>2026-05-06T09:20:36.999Z</time>
      </trkpt>
      <trkpt lat="49.824177" lon="14.556704">
        <ele>315.262954</ele>
        <time>2026-05-06T09:20:40.998Z</time>
      </trkpt>
      <trkpt lat="49.824075" lon="14.556750">
        <ele>315.644568</ele>
        <time>2026-05-06T09:20:44.998Z</time>
      </trkpt>
      <trkpt lat="49.823977" lon="14.556789">
        <ele>316.008035</ele>
        <time>2026-05-06T09:20:48.998Z</time>
      </trkpt>
      <trkpt lat="49.823867" lon="14.556802">
        <ele>316.404341</ele>
        <time>2026-05-06T09:20:52.998Z</time>
      </trkpt>
      <trkpt lat="49.823766" lon="14.556810">
        <ele>316.767642</ele>
        <time>2026-05-06T09:20:56.998Z</time>
      </trkpt>
      <trkpt lat="49.823659" lon="14.556797">
        <ele>317.153202</ele>
        <time>2026-05-06T09:21:00.998Z</time>
      </trkpt>
      <trkpt lat="49.823556" lon="14.556771">
        <ele>317.338571</ele>
        <time>2026-05-06T09:21:04.998Z</time>
      </trkpt>
      <trkpt lat="49.823454" lon="14.556722">
        <ele>317.509397</ele>
        <time>2026-05-06T09:21:08.998Z</time>
      </trkpt>
      <trkpt lat="49.823354" lon="14.556620">
        <ele>317.700895</ele>
        <time>2026-05-06T09:21:13.000Z</time>
      </trkpt>
      <trkpt lat="49.823281" lon="14.556508">
        <ele>317.865204</ele>
        <time>2026-05-06T09:21:16.000Z</time>
      </trkpt>
      <trkpt lat="49.823223" lon="14.556355">
        <ele>318.048348</ele>
        <time>2026-05-06T09:21:19.000Z</time>
      </trkpt>
      <trkpt lat="49.823159" lon="14.556205">
        <ele>318.233946</ele>
        <time>2026-05-06T09:21:22.000Z</time>
      </trkpt>
      <trkpt lat="49.823089" lon="14.556039">
        <ele>318.438615</ele>
        <time>2026-05-06T09:21:25.000Z</time>
      </trkpt>
      <trkpt lat="49.823025" lon="14.555884">
        <ele>318.628538</ele>
        <time>2026-05-06T09:21:28.000Z</time>
      </trkpt>
      <trkpt lat="49.822963" lon="14.555737">
        <ele>318.809792</ele>
        <time>2026-05-06T09:21:31.000Z</time>
      </trkpt>
      <trkpt lat="49.822898" lon="14.555573">
        <ele>319.008436</ele>
        <time>2026-05-06T09:21:34.000Z</time>
      </trkpt>
      <trkpt lat="49.822839" lon="14.555405">
        <ele>319.205844</ele>
        <time>2026-05-06T09:21:37.000Z</time>
      </trkpt>
      <trkpt lat="49.822767" lon="14.555304">
        <ele>319.361186</ele>
        <time>2026-05-06T09:21:38.999Z</time>
      </trkpt>
      <trkpt lat="49.822696" lon="14.555189">
        <ele>319.525461</ele>
        <time>2026-05-06T09:21:40.999Z</time>
      </trkpt>
      <trkpt lat="49.822632" lon="14.555065">
        <ele>319.689349</ele>
        <time>2026-05-06T09:21:42.999Z</time>
      </trkpt>
      <trkpt lat="49.822534" lon="14.554973">
        <ele>319.872630</ele>
        <time>2026-05-06T09:21:44.999Z</time>
      </trkpt>
      <trkpt lat="49.822441" lon="14.554892">
        <ele>320.043280</ele>
        <time>2026-05-06T09:21:46.999Z</time>
      </trkpt>
      <trkpt lat="49.822337" lon="14.554831">
        <ele>320.144301</ele>
        <time>2026-05-06T09:21:48.999Z</time>
      </trkpt>
      <trkpt lat="49.822241" lon="14.554785">
        <ele>320.226578</ele>
        <time>2026-05-06T09:21:50.999Z</time>
      </trkpt>
      <trkpt lat="49.822132" lon="14.554734">
        <ele>320.319807</ele>
        <time>2026-05-06T09:21:52.999Z</time>
      </trkpt>
      <trkpt lat="49.822027" lon="14.554704">
        <ele>320.407231</ele>
        <time>2026-05-06T09:21:54.999Z</time>
      </trkpt>
      <trkpt lat="49.821925" lon="14.554675">
        <ele>320.492144</ele>
        <time>2026-05-06T09:21:56.999Z</time>
      </trkpt>
      <trkpt lat="49.821784" lon="14.554650">
        <ele>320.608350</ele>
        <time>2026-05-06T09:21:59.999Z</time>
      </trkpt>
      <trkpt lat="49.821685" lon="14.554633">
        <ele>320.689909</ele>
        <time>2026-05-06T09:22:01.999Z</time>
      </trkpt>
      <trkpt lat="49.821588" lon="14.554613">
        <ele>320.770034</ele>
        <time>2026-05-06T09:22:03.999Z</time>
      </trkpt>
      <trkpt lat="49.821480" lon="14.554611">
        <ele>320.858473</ele>
        <time>2026-05-06T09:22:05.999Z</time>
      </trkpt>
      <trkpt lat="49.821340" lon="14.554567">
        <ele>320.975440</ele>
        <time>2026-05-06T09:22:08.999Z</time>
      </trkpt>
      <trkpt lat="49.821250" lon="14.554522">
        <ele>321.052873</ele>
        <time>2026-05-06T09:22:10.999Z</time>
      </trkpt>
      <trkpt lat="49.821160" lon="14.554459">
        <ele>321.133734</ele>
        <time>2026-05-06T09:22:12.999Z</time>
      </trkpt>
      <trkpt lat="49.821072" lon="14.554381">
        <ele>321.216740</ele>
        <time>2026-05-06T09:22:14.999Z</time>
      </trkpt>
      <trkpt lat="49.820987" lon="14.554277">
        <ele>321.305412</ele>
        <time>2026-05-06T09:22:16.999Z</time>
      </trkpt>
      <trkpt lat="49.820919" lon="14.554165">
        <ele>321.386658</ele>
        <time>2026-05-06T09:22:18.999Z</time>
      </trkpt>
      <trkpt lat="49.820858" lon="14.554054">
        <ele>321.463687</ele>
        <time>2026-05-06T09:22:20.999Z</time>
      </trkpt>
      <trkpt lat="49.820798" lon="14.553943">
        <ele>321.552936</ele>
        <time>2026-05-06T09:22:22.999Z</time>
      </trkpt>
      <trkpt lat="49.820726" lon="14.553775">
        <ele>322.024662</ele>
        <time>2026-05-06T09:22:25.999Z</time>
      </trkpt>
      <trkpt lat="49.820669" lon="14.553661">
        <ele>322.361993</ele>
        <time>2026-05-06T09:22:27.999Z</time>
      </trkpt>
      <trkpt lat="49.820584" lon="14.553510">
        <ele>322.830696</ele>
        <time>2026-05-06T09:22:30.999Z</time>
      </trkpt>
      <trkpt lat="49.820503" lon="14.553349">
        <ele>323.308215</ele>
        <time>2026-05-06T09:22:33.999Z</time>
      </trkpt>
      <trkpt lat="49.820432" lon="14.553192">
        <ele>323.756647</ele>
        <time>2026-05-06T09:22:36.999Z</time>
      </trkpt>
      <trkpt lat="49.820380" lon="14.553065">
        <ele>324.108456</ele>
        <time>2026-05-06T09:22:39.999Z</time>
      </trkpt>
      <trkpt lat="49.820308" lon="14.552917">
        <ele>324.541993</ele>
        <time>2026-05-06T09:22:42.999Z</time>
      </trkpt>
      <trkpt lat="49.820238" lon="14.552782">
        <ele>324.947081</ele>
        <time>2026-05-06T09:22:45.998Z</time>
      </trkpt>
      <trkpt lat="49.820177" lon="14.552666">
        <ele>325.297100</ele>
        <time>2026-05-06T09:22:49.998Z</time>
      </trkpt>
      <trkpt lat="49.820103" lon="14.552526">
        <ele>325.720407</ele>
        <time>2026-05-06T09:22:53.998Z</time>
      </trkpt>
      <trkpt lat="49.820037" lon="14.552389">
        <ele>326.120311</ele>
        <time>2026-05-06T09:22:57.998Z</time>
      </trkpt>
      <trkpt lat="49.819976" lon="14.552267">
        <ele>326.481318</ele>
        <time>2026-05-06T09:23:01.998Z</time>
      </trkpt>
      <trkpt lat="49.819915" lon="14.552154">
        <ele>326.825927</ele>
        <time>2026-05-06T09:23:05.998Z</time>
      </trkpt>
      <trkpt lat="49.819857" lon="14.552023">
        <ele>327.197533</ele>
        <time>2026-05-06T09:23:09.998Z</time>
      </trkpt>
      <trkpt lat="49.819790" lon="14.551913">
        <ele>327.551354</ele>
        <time>2026-05-06T09:23:13.998Z</time>
      </trkpt>
      <trkpt lat="49.819726" lon="14.551776">
        <ele>327.946965</ele>
        <time>2026-05-06T09:23:19.000Z</time>
      </trkpt>
      <trkpt lat="49.819666" lon="14.551670">
        <ele>328.401697</ele>
        <time>2026-05-06T09:23:23.000Z</time>
      </trkpt>
      <trkpt lat="49.819609" lon="14.551551">
        <ele>328.945259</ele>
        <time>2026-05-06T09:23:27.000Z</time>
      </trkpt>
      <trkpt lat="49.819551" lon="14.551439">
        <ele>329.471971</ele>
        <time>2026-05-06T09:23:31.000Z</time>
      </trkpt>
      <trkpt lat="49.819483" lon="14.551309">
        <ele>330.085756</ele>
        <time>2026-05-06T09:23:36.000Z</time>
      </trkpt>
      <trkpt lat="49.819417" lon="14.551188">
        <ele>330.666865</ele>
        <time>2026-05-06T09:23:41.000Z</time>
      </trkpt>
      <trkpt lat="49.819360" lon="14.551048">
        <ele>331.274007</ele>
        <time>2026-05-06T09:23:45.999Z</time>
      </trkpt>
      <trkpt lat="49.819286" lon="14.550924">
        <ele>331.893494</ele>
        <time>2026-05-06T09:23:50.999Z</time>
      </trkpt>
      <trkpt lat="49.819224" lon="14.550783">
        <ele>332.519297</ele>
        <time>2026-05-06T09:23:55.999Z</time>
      </trkpt>
      <trkpt lat="49.819165" lon="14.550653">
        <ele>333.102222</ele>
        <time>2026-05-06T09:24:00.999Z</time>
      </trkpt>
      <trkpt lat="49.819094" lon="14.550531">
        <ele>333.704793</ele>
        <time>2026-05-06T09:24:05.999Z</time>
      </trkpt>
      <trkpt lat="49.819033" lon="14.550393">
        <ele>334.318306</ele>
        <time>2026-05-06T09:24:10.999Z</time>
      </trkpt>
      <trkpt lat="49.818963" lon="14.550286">
        <ele>334.877173</ele>
        <time>2026-05-06T09:24:16.999Z</time>
      </trkpt>
      <trkpt lat="49.818918" lon="14.550151">
        <ele>335.434471</ele>
        <time>2026-05-06T09:24:21.999Z</time>
      </trkpt>
      <trkpt lat="49.818848" lon="14.550045">
        <ele>335.990770</ele>
        <time>2026-05-06T09:24:26.999Z</time>
      </trkpt>
      <trkpt lat="49.818785" lon="14.549916">
        <ele>336.584141</ele>
        <time>2026-05-06T09:24:31.999Z</time>
      </trkpt>
      <trkpt lat="49.818712" lon="14.549787">
        <ele>337.213455</ele>
        <time>2026-05-06T09:24:36.999Z</time>
      </trkpt>
      <trkpt lat="49.818646" lon="14.549671">
        <ele>337.780688</ele>
        <time>2026-05-06T09:24:40.999Z</time>
      </trkpt>
      <trkpt lat="49.818581" lon="14.549547">
        <ele>338.294836</ele>
        <time>2026-05-06T09:24:44.999Z</time>
      </trkpt>
      <trkpt lat="49.818515" lon="14.549433">
        <ele>338.385333</ele>
        <time>2026-05-06T09:24:48.999Z</time>
      </trkpt>
      <trkpt lat="49.818440" lon="14.549316">
        <ele>338.482778</ele>
        <time>2026-05-06T09:24:52.998Z</time>
      </trkpt>
      <trkpt lat="49.818377" lon="14.549193">
        <ele>338.575566</ele>
        <time>2026-05-06T09:24:56.998Z</time>
      </trkpt>
      <trkpt lat="49.818325" lon="14.549055">
        <ele>338.669989</ele>
        <time>2026-05-06T09:25:00.998Z</time>
      </trkpt>
      <trkpt lat="49.818121" lon="14.548865">
        <ele>338.887933</ele>
        <time>2026-05-06T09:25:57.999Z</time>
      </trkpt>
      <trkpt lat="49.818043" lon="14.548772">
        <ele>338.978050</ele>
        <time>2026-05-06T09:26:00.999Z</time>
      </trkpt>
      <trkpt lat="49.817957" lon="14.548688">
        <ele>339.071138</ele>
        <time>2026-05-06T09:26:03.999Z</time>
      </trkpt>
      <trkpt lat="49.817877" lon="14.548606">
        <ele>339.158968</ele>
        <time>2026-05-06T09:26:06.999Z</time>
      </trkpt>
      <trkpt lat="49.817783" lon="14.548517">
        <ele>339.259838</ele>
        <time>2026-05-06T09:26:09.999Z</time>
      </trkpt>
      <trkpt lat="49.817702" lon="14.548432">
        <ele>339.349415</ele>
        <time>2026-05-06T09:26:12.999Z</time>
      </trkpt>
      <trkpt lat="49.817608" lon="14.548345">
        <ele>339.449674</ele>
        <time>2026-05-06T09:26:15.999Z</time>
      </trkpt>
      <trkpt lat="49.817519" lon="14.548224">
        <ele>339.558087</ele>
        <time>2026-05-06T09:26:18.999Z</time>
      </trkpt>
      <trkpt lat="49.817426" lon="14.548071">
        <ele>339.682284</ele>
        <time>2026-05-06T09:26:21.999Z</time>
      </trkpt>
      <trkpt lat="49.817359" lon="14.547970">
        <ele>339.767874</ele>
        <time>2026-05-06T09:26:23.999Z</time>
      </trkpt>
      <trkpt lat="49.817290" lon="14.547862">
        <ele>339.857675</ele>
        <time>2026-05-06T09:26:25.999Z</time>
      </trkpt>
      <trkpt lat="49.817212" lon="14.547747">
        <ele>339.907459</ele>
        <time>2026-05-06T09:26:27.999Z</time>
      </trkpt>
      <trkpt lat="49.817126" lon="14.547632">
        <ele>339.831106</ele>
        <time>2026-05-06T09:26:29.999Z</time>
      </trkpt>
      <trkpt lat="49.817046" lon="14.547503">
        <ele>339.753502</ele>
        <time>2026-05-06T09:26:31.999Z</time>
      </trkpt>
      <trkpt lat="49.816963" lon="14.547395">
        <ele>339.680653</ele>
        <time>2026-05-06T09:26:33.999Z</time>
      </trkpt>
      <trkpt lat="49.816884" lon="14.547270">
        <ele>339.604762</ele>
        <time>2026-05-06T09:26:35.999Z</time>
      </trkpt>
      <trkpt lat="49.816799" lon="14.547151">
        <ele>339.527764</ele>
        <time>2026-05-06T09:26:37.999Z</time>
      </trkpt>
      <trkpt lat="49.816707" lon="14.547036">
        <ele>339.448314</ele>
        <time>2026-05-06T09:26:39.999Z</time>
      </trkpt>
      <trkpt lat="49.816639" lon="14.546912">
        <ele>339.377731</ele>
        <time>2026-05-06T09:26:41.999Z</time>
      </trkpt>
      <trkpt lat="49.816560" lon="14.546793">
        <ele>339.303677</ele>
        <time>2026-05-06T09:26:43.999Z</time>
      </trkpt>
      <trkpt lat="49.816481" lon="14.546678">
        <ele>339.230821</ele>
        <time>2026-05-06T09:26:45.999Z</time>
      </trkpt>
      <trkpt lat="49.816403" lon="14.546566">
        <ele>339.159345</ele>
        <time>2026-05-06T09:26:47.999Z</time>
      </trkpt>
      <trkpt lat="49.816331" lon="14.546456">
        <ele>339.091383</ele>
        <time>2026-05-06T09:26:49.999Z</time>
      </trkpt>
      <trkpt lat="49.816246" lon="14.546359">
        <ele>339.020428</ele>
        <time>2026-05-06T09:26:51.999Z</time>
      </trkpt>
      <trkpt lat="49.816151" lon="14.546294">
        <ele>338.950622</ele>
        <time>2026-05-06T09:26:53.999Z</time>
      </trkpt>
      <trkpt lat="49.816046" lon="14.546261">
        <ele>338.878604</ele>
        <time>2026-05-06T09:26:55.999Z</time>
      </trkpt>
      <trkpt lat="49.815946" lon="14.546228">
        <ele>338.809877</ele>
        <time>2026-05-06T09:26:57.998Z</time>
      </trkpt>
      <trkpt lat="49.815842" lon="14.546207">
        <ele>338.739377</ele>
        <time>2026-05-06T09:26:59.998Z</time>
      </trkpt>
      <trkpt lat="49.815732" lon="14.546190">
        <ele>338.858994</ele>
        <time>2026-05-06T09:27:01.998Z</time>
      </trkpt>
      <trkpt lat="49.815628" lon="14.546168">
        <ele>339.041841</ele>
        <time>2026-05-06T09:27:03.998Z</time>
      </trkpt>
      <trkpt lat="49.815514" lon="14.546140">
        <ele>339.242907</ele>
        <time>2026-05-06T09:27:05.998Z</time>
      </trkpt>
      <trkpt lat="49.815407" lon="14.546119">
        <ele>339.430789</ele>
        <time>2026-05-06T09:27:07.998Z</time>
      </trkpt>
      <trkpt lat="49.815298" lon="14.546090">
        <ele>339.623444</ele>
        <time>2026-05-06T09:27:09.998Z</time>
      </trkpt>
      <trkpt lat="49.815190" lon="14.546070">
        <ele>339.812917</ele>
        <time>2026-05-06T09:27:11.998Z</time>
      </trkpt>
      <trkpt lat="49.815082" lon="14.546044">
        <ele>340.003309</ele>
        <time>2026-05-06T09:27:13.998Z</time>
      </trkpt>
      <trkpt lat="49.814977" lon="14.546017">
        <ele>340.188719</ele>
        <time>2026-05-06T09:27:15.998Z</time>
      </trkpt>
      <trkpt lat="49.814873" lon="14.545993">
        <ele>340.371883</ele>
        <time>2026-05-06T09:27:17.998Z</time>
      </trkpt>
      <trkpt lat="49.814777" lon="14.545957">
        <ele>340.543941</ele>
        <time>2026-05-06T09:27:19.998Z</time>
      </trkpt>
      <trkpt lat="49.814673" lon="14.545943">
        <ele>340.725790</ele>
        <time>2026-05-06T09:27:21.998Z</time>
      </trkpt>
      <trkpt lat="49.814572" lon="14.545921">
        <ele>340.903461</ele>
        <time>2026-05-06T09:27:23.998Z</time>
      </trkpt>
      <trkpt lat="49.814474" lon="14.545902">
        <ele>341.075507</ele>
        <time>2026-05-06T09:27:25.998Z</time>
      </trkpt>
      <trkpt lat="49.814376" lon="14.545885">
        <ele>341.247288</ele>
        <time>2026-05-06T09:27:27.998Z</time>
      </trkpt>
      <trkpt lat="49.814282" lon="14.545852">
        <ele>341.415184</ele>
        <time>2026-05-06T09:27:30.000Z</time>
      </trkpt>
      <trkpt lat="49.814188" lon="14.545846">
        <ele>341.579071</ele>
        <time>2026-05-06T09:27:32.000Z</time>
      </trkpt>
      <trkpt lat="49.814086" lon="14.545827">
        <ele>341.758033</ele>
        <time>2026-05-06T09:27:34.000Z</time>
      </trkpt>
      <trkpt lat="49.813986" lon="14.545804">
        <ele>341.901354</ele>
        <time>2026-05-06T09:27:36.000Z</time>
      </trkpt>
      <trkpt lat="49.813842" lon="14.545772">
        <ele>342.053261</ele>
        <time>2026-05-06T09:27:39.000Z</time>
      </trkpt>
      <trkpt lat="49.813749" lon="14.545755">
        <ele>342.151048</ele>
        <time>2026-05-06T09:27:41.000Z</time>
      </trkpt>
      <trkpt lat="49.813648" lon="14.545742">
        <ele>342.256878</ele>
        <time>2026-05-06T09:27:43.000Z</time>
      </trkpt>
      <trkpt lat="49.813515" lon="14.545704">
        <ele>342.398102</ele>
        <time>2026-05-06T09:27:46.000Z</time>
      </trkpt>
      <trkpt lat="49.813380" lon="14.545669">
        <ele>342.541032</ele>
        <time>2026-05-06T09:27:49.000Z</time>
      </trkpt>
      <trkpt lat="49.813287" lon="14.545648">
        <ele>342.639171</ele>
        <time>2026-05-06T09:27:51.000Z</time>
      </trkpt>
      <trkpt lat="49.813193" lon="14.545625">
        <ele>342.738545</ele>
        <time>2026-05-06T09:27:53.000Z</time>
      </trkpt>
      <trkpt lat="49.813103" lon="14.545610">
        <ele>342.833067</ele>
        <time>2026-05-06T09:27:54.999Z</time>
      </trkpt>
      <trkpt lat="49.813012" lon="14.545592">
        <ele>342.928863</ele>
        <time>2026-05-06T09:27:56.999Z</time>
      </trkpt>
      <trkpt lat="49.812888" lon="14.545556">
        <ele>343.060601</ele>
        <time>2026-05-06T09:27:59.999Z</time>
      </trkpt>
      <trkpt lat="49.812792" lon="14.545539">
        <ele>343.161499</ele>
        <time>2026-05-06T09:28:01.999Z</time>
      </trkpt>
      <trkpt lat="49.812663" lon="14.545509">
        <ele>343.297713</ele>
        <time>2026-05-06T09:28:04.999Z</time>
      </trkpt>
      <trkpt lat="49.812569" lon="14.545476">
        <ele>343.398358</ele>
        <time>2026-05-06T09:28:06.999Z</time>
      </trkpt>
      <trkpt lat="49.812434" lon="14.545448">
        <ele>343.540586</ele>
        <time>2026-05-06T09:28:09.999Z</time>
      </trkpt>
      <trkpt lat="49.812334" lon="14.545451">
        <ele>343.645029</ele>
        <time>2026-05-06T09:28:11.999Z</time>
      </trkpt>
      <trkpt lat="49.812239" lon="14.545431">
        <ele>343.723607</ele>
        <time>2026-05-06T09:28:13.999Z</time>
      </trkpt>
      <trkpt lat="49.812139" lon="14.545445">
        <ele>343.674389</ele>
        <time>2026-05-06T09:28:15.999Z</time>
      </trkpt>
      <trkpt lat="49.812031" lon="14.545472">
        <ele>343.620764</ele>
        <time>2026-05-06T09:28:17.999Z</time>
      </trkpt>
      <trkpt lat="49.811919" lon="14.545470">
        <ele>343.565860</ele>
        <time>2026-05-06T09:28:19.999Z</time>
      </trkpt>
      <trkpt lat="49.811796" lon="14.545472">
        <ele>343.505564</ele>
        <time>2026-05-06T09:28:21.999Z</time>
      </trkpt>
      <trkpt lat="49.811673" lon="14.545465">
        <ele>343.445230</ele>
        <time>2026-05-06T09:28:23.999Z</time>
      </trkpt>
      <trkpt lat="49.811556" lon="14.545417">
        <ele>343.385903</ele>
        <time>2026-05-06T09:28:25.999Z</time>
      </trkpt>
      <trkpt lat="49.811470" lon="14.545315">
        <ele>343.332817</ele>
        <time>2026-05-06T09:28:27.999Z</time>
      </trkpt>
      <trkpt lat="49.811382" lon="14.545197">
        <ele>343.275774</ele>
        <time>2026-05-06T09:28:29.999Z</time>
      </trkpt>
      <trkpt lat="49.811313" lon="14.545052">
        <ele>343.218785</ele>
        <time>2026-05-06T09:28:32.999Z</time>
      </trkpt>
      <trkpt lat="49.811232" lon="14.544905">
        <ele>343.157640</ele>
        <time>2026-05-06T09:28:35.999Z</time>
      </trkpt>
      <trkpt lat="49.811148" lon="14.544771">
        <ele>343.098547</ele>
        <time>2026-05-06T09:28:38.999Z</time>
      </trkpt>
      <trkpt lat="49.811078" lon="14.544658">
        <ele>343.048998</ele>
        <time>2026-05-06T09:28:41.999Z</time>
      </trkpt>
      <trkpt lat="49.810996" lon="14.544579">
        <ele>343.001668</ele>
        <time>2026-05-06T09:28:44.999Z</time>
      </trkpt>
      <trkpt lat="49.810908" lon="14.544470">
        <ele>342.946445</ele>
        <time>2026-05-06T09:28:48.999Z</time>
      </trkpt>
      <trkpt lat="49.810815" lon="14.544441">
        <ele>342.899944</ele>
        <time>2026-05-06T09:28:51.999Z</time>
      </trkpt>
      <trkpt lat="49.810716" lon="14.544377">
        <ele>342.872915</ele>
        <time>2026-05-06T09:28:55.999Z</time>
      </trkpt>
      <trkpt lat="49.810618" lon="14.544338">
        <ele>343.694067</ele>
        <time>2026-05-06T09:28:59.998Z</time>
      </trkpt>
      <trkpt lat="49.810516" lon="14.544305">
        <ele>344.539724</ele>
        <time>2026-05-06T09:29:03.998Z</time>
      </trkpt>
      <trkpt lat="49.810411" lon="14.544266">
        <ele>345.416015</ele>
        <time>2026-05-06T09:29:07.998Z</time>
      </trkpt>
      <trkpt lat="49.810309" lon="14.544236">
        <ele>346.258601</ele>
        <time>2026-05-06T09:29:11.998Z</time>
      </trkpt>
      <trkpt lat="49.810218" lon="14.544195">
        <ele>347.027718</ele>
        <time>2026-05-06T09:29:15.998Z</time>
      </trkpt>
      <trkpt lat="49.810130" lon="14.544159">
        <ele>347.766373</ele>
        <time>2026-05-06T09:29:19.998Z</time>
      </trkpt>
      <trkpt lat="49.810042" lon="14.544117">
        <ele>348.513666</ele>
        <time>2026-05-06T09:29:23.998Z</time>
      </trkpt>
      <trkpt lat="49.809951" lon="14.544086">
        <ele>349.269836</ele>
        <time>2026-05-06T09:29:27.998Z</time>
      </trkpt>
      <trkpt lat="49.809865" lon="14.544047">
        <ele>349.997064</ele>
        <time>2026-05-06T09:29:31.998Z</time>
      </trkpt>
      <trkpt lat="49.809757" lon="14.544001">
        <ele>350.906073</ele>
        <time>2026-05-06T09:29:37.000Z</time>
      </trkpt>
      <trkpt lat="49.809668" lon="14.543964">
        <ele>351.653918</ele>
        <time>2026-05-06T09:29:41.000Z</time>
      </trkpt>
      <trkpt lat="49.809560" lon="14.543928">
        <ele>352.550469</ele>
        <time>2026-05-06T09:29:46.000Z</time>
      </trkpt>
      <trkpt lat="49.809463" lon="14.543906">
        <ele>353.346086</ele>
        <time>2026-05-06T09:29:51.000Z</time>
      </trkpt>
      <trkpt lat="49.809360" lon="14.543935">
        <ele>354.195695</ele>
        <time>2026-05-06T09:29:56.000Z</time>
      </trkpt>
      <trkpt lat="49.809271" lon="14.543996">
        <ele>354.985498</ele>
        <time>2026-05-06T09:30:01.000Z</time>
      </trkpt>
      <trkpt lat="49.809198" lon="14.544101">
        <ele>355.793838</ele>
        <time>2026-05-06T09:30:07.999Z</time>
      </trkpt>
      <trkpt lat="49.809120" lon="14.544208">
        <ele>356.639282</ele>
        <time>2026-05-06T09:30:11.999Z</time>
      </trkpt>
      <trkpt lat="49.809041" lon="14.544317">
        <ele>357.506396</ele>
        <time>2026-05-06T09:30:16.999Z</time>
      </trkpt>
      <trkpt lat="49.808960" lon="14.544419">
        <ele>358.495478</ele>
        <time>2026-05-06T09:30:21.999Z</time>
      </trkpt>
      <trkpt lat="49.808876" lon="14.544531">
        <ele>359.545607</ele>
        <time>2026-05-06T09:30:26.999Z</time>
      </trkpt>
      <trkpt lat="49.808805" lon="14.544637">
        <ele>360.479900</ele>
        <time>2026-05-06T09:30:31.999Z</time>
      </trkpt>
      <trkpt lat="49.808707" lon="14.544696">
        <ele>361.476212</ele>
        <time>2026-05-06T09:30:36.999Z</time>
      </trkpt>
      <trkpt lat="49.808601" lon="14.544669">
        <ele>362.494187</ele>
        <time>2026-05-06T09:30:41.999Z</time>
      </trkpt>
      <trkpt lat="49.808520" lon="14.544585">
        <ele>363.417809</ele>
        <time>2026-05-06T09:30:46.999Z</time>
      </trkpt>
      <trkpt lat="49.808456" lon="14.544463">
        <ele>364.379308</ele>
        <time>2026-05-06T09:30:51.999Z</time>
      </trkpt>
      <trkpt lat="49.808430" lon="14.544309">
        <ele>365.352794</ele>
        <time>2026-05-06T09:30:56.999Z</time>
      </trkpt>
      <trkpt lat="49.808405" lon="14.544146">
        <ele>366.377390</ele>
        <time>2026-05-06T09:31:02.999Z</time>
      </trkpt>
      <trkpt lat="49.808401" lon="14.544005">
        <ele>367.240512</ele>
        <time>2026-05-06T09:31:07.999Z</time>
      </trkpt>
      <trkpt lat="49.808370" lon="14.543853">
        <ele>368.215387</ele>
        <time>2026-05-06T09:31:13.998Z</time>
      </trkpt>
      <trkpt lat="49.808306" lon="14.543730">
        <ele>369.181641</ele>
        <time>2026-05-06T09:31:18.998Z</time>
      </trkpt>
      <trkpt lat="49.808227" lon="14.543648">
        <ele>370.082711</ele>
        <time>2026-05-06T09:31:24.998Z</time>
      </trkpt>
      <trkpt lat="49.808136" lon="14.543611">
        <ele>370.974253</ele>
        <time>2026-05-06T09:31:29.998Z</time>
      </trkpt>
      <trkpt lat="49.808046" lon="14.543597">
        <ele>371.831411</ele>
        <time>2026-05-06T09:31:34.998Z</time>
      </trkpt>
      <trkpt lat="49.807958" lon="14.543640">
        <ele>372.705811</ele>
        <time>2026-05-06T09:31:39.998Z</time>
      </trkpt>
      <trkpt lat="49.807871" lon="14.543739">
        <ele>373.728684</ele>
        <time>2026-05-06T09:31:47.000Z</time>
      </trkpt>
      <trkpt lat="49.807816" lon="14.543866">
        <ele>374.588258</ele>
        <time>2026-05-06T09:31:51.000Z</time>
      </trkpt>
      <trkpt lat="49.807788" lon="14.544005">
        <ele>375.089335</ele>
        <time>2026-05-06T09:31:55.000Z</time>
      </trkpt>
      <trkpt lat="49.807768" lon="14.544173">
        <ele>375.677198</ele>
        <time>2026-05-06T09:32:00.000Z</time>
      </trkpt>
      <trkpt lat="49.807760" lon="14.544329">
        <ele>376.215707</ele>
        <time>2026-05-06T09:32:05.000Z</time>
      </trkpt>
      <trkpt lat="49.807754" lon="14.544488">
        <ele>376.763781</ele>
        <time>2026-05-06T09:32:09.999Z</time>
      </trkpt>
      <trkpt lat="49.807747" lon="14.544637">
        <ele>377.277866</ele>
        <time>2026-05-06T09:32:14.999Z</time>
      </trkpt>
      <trkpt lat="49.807740" lon="14.544786">
        <ele>377.791952</ele>
        <time>2026-05-06T09:32:19.999Z</time>
      </trkpt>
      <trkpt lat="49.807737" lon="14.544934">
        <ele>378.301491</ele>
        <time>2026-05-06T09:32:24.999Z</time>
      </trkpt>
      <trkpt lat="49.807685" lon="14.545076">
        <ele>378.863318</ele>
        <time>2026-05-06T09:32:30.999Z</time>
      </trkpt>
      <trkpt lat="49.807617" lon="14.545197">
        <ele>379.415441</ele>
        <time>2026-05-06T09:32:35.999Z</time>
      </trkpt>
      <trkpt lat="49.807514" lon="14.545256">
        <ele>380.000978</ele>
        <time>2026-05-06T09:32:39.999Z</time>
      </trkpt>
      <trkpt lat="49.807420" lon="14.545286">
        <ele>380.512722</ele>
        <time>2026-05-06T09:32:44.999Z</time>
      </trkpt>
      <trkpt lat="49.807321" lon="14.545286">
        <ele>381.040606</ele>
        <time>2026-05-06T09:32:49.999Z</time>
      </trkpt>
      <trkpt lat="49.807223" lon="14.545307">
        <ele>381.568130</ele>
        <time>2026-05-06T09:32:54.999Z</time>
      </trkpt>
      <trkpt lat="49.807121" lon="14.545321">
        <ele>382.114140</ele>
        <time>2026-05-06T09:32:59.999Z</time>
      </trkpt>
      <trkpt lat="49.807025" lon="14.545336">
        <ele>382.628623</ele>
        <time>2026-05-06T09:33:04.999Z</time>
      </trkpt>
      <trkpt lat="49.806919" lon="14.545343">
        <ele>383.194345</ele>
        <time>2026-05-06T09:33:09.999Z</time>
      </trkpt>
      <trkpt lat="49.806819" lon="14.545357">
        <ele>383.729732</ele>
        <time>2026-05-06T09:33:14.999Z</time>
      </trkpt>
      <trkpt lat="49.806729" lon="14.545374">
        <ele>383.949851</ele>
        <time>2026-05-06T09:33:18.998Z</time>
      </trkpt>
      <trkpt lat="49.806628" lon="14.545405">
        <ele>383.401726</ele>
        <time>2026-05-06T09:33:22.998Z</time>
      </trkpt>
      <trkpt lat="49.806537" lon="14.545404">
        <ele>382.917271</ele>
        <time>2026-05-06T09:34:09.000Z</time>
      </trkpt>
      <trkpt lat="49.806360" lon="14.545535">
        <ele>381.873032</ele>
        <time>2026-05-06T09:39:14.999Z</time>
      </trkpt>
      <trkpt lat="49.806267" lon="14.545637">
        <ele>381.266467</ele>
        <time>2026-05-06T09:39:17.999Z</time>
      </trkpt>
      <trkpt lat="49.806196" lon="14.545729">
        <ele>380.773749</ele>
        <time>2026-05-06T09:39:19.999Z</time>
      </trkpt>
      <trkpt lat="49.806109" lon="14.545811">
        <ele>380.231645</ele>
        <time>2026-05-06T09:39:21.999Z</time>
      </trkpt>
      <trkpt lat="49.805997" lon="14.545919">
        <ele>379.529377</ele>
        <time>2026-05-06T09:39:23.999Z</time>
      </trkpt>
      <trkpt lat="49.805882" lon="14.546028">
        <ele>378.811712</ele>
        <time>2026-05-06T09:39:25.999Z</time>
      </trkpt>
      <trkpt lat="49.805752" lon="14.546177">
        <ele>377.950891</ele>
        <time>2026-05-06T09:39:27.999Z</time>
      </trkpt>
      <trkpt lat="49.805622" lon="14.546316">
        <ele>377.110048</ele>
        <time>2026-05-06T09:39:29.999Z</time>
      </trkpt>
      <trkpt lat="49.805545" lon="14.546395">
        <ele>376.618419</ele>
        <time>2026-05-06T09:39:30.999Z</time>
      </trkpt>
      <trkpt lat="49.805395" lon="14.546542">
        <ele>375.673574</ele>
        <time>2026-05-06T09:39:32.999Z</time>
      </trkpt>
      <trkpt lat="49.805316" lon="14.546616">
        <ele>375.182135</ele>
        <time>2026-05-06T09:39:33.998Z</time>
      </trkpt>
      <trkpt lat="49.805235" lon="14.546690">
        <ele>374.681555</ele>
        <time>2026-05-06T09:39:34.998Z</time>
      </trkpt>
      <trkpt lat="49.805071" lon="14.546790">
        <ele>373.366174</ele>
        <time>2026-05-06T09:39:36.998Z</time>
      </trkpt>
      <trkpt lat="49.804984" lon="14.546823">
        <ele>372.653633</ele>
        <time>2026-05-06T09:39:37.998Z</time>
      </trkpt>
      <trkpt lat="49.804892" lon="14.546859">
        <ele>371.898773</ele>
        <time>2026-05-06T09:39:38.998Z</time>
      </trkpt>
      <trkpt lat="49.804801" lon="14.546900">
        <ele>371.144864</ele>
        <time>2026-05-06T09:39:39.998Z</time>
      </trkpt>
      <trkpt lat="49.804712" lon="14.546949">
        <ele>370.393480</ele>
        <time>2026-05-06T09:39:40.998Z</time>
      </trkpt>
      <trkpt lat="49.804622" lon="14.546990">
        <ele>369.647206</ele>
        <time>2026-05-06T09:39:41.998Z</time>
      </trkpt>
      <trkpt lat="49.804530" lon="14.547037">
        <ele>368.876569</ele>
        <time>2026-05-06T09:39:42.998Z</time>
      </trkpt>
      <trkpt lat="49.804439" lon="14.547084">
        <ele>368.113484</ele>
        <time>2026-05-06T09:39:43.998Z</time>
      </trkpt>
      <trkpt lat="49.804344" lon="14.547129">
        <ele>367.323210</ele>
        <time>2026-05-06T09:39:44.998Z</time>
      </trkpt>
      <trkpt lat="49.804250" lon="14.547166">
        <ele>366.551666</ele>
        <time>2026-05-06T09:39:45.998Z</time>
      </trkpt>
      <trkpt lat="49.804154" lon="14.547203">
        <ele>365.764692</ele>
        <time>2026-05-06T09:39:46.998Z</time>
      </trkpt>
      <trkpt lat="49.804058" lon="14.547233">
        <ele>364.985612</ele>
        <time>2026-05-06T09:39:47.998Z</time>
      </trkpt>
      <trkpt lat="49.803956" lon="14.547245">
        <ele>364.171843</ele>
        <time>2026-05-06T09:39:48.998Z</time>
      </trkpt>
      <trkpt lat="49.803857" lon="14.547242">
        <ele>363.384126</ele>
        <time>2026-05-06T09:39:49.998Z</time>
      </trkpt>
      <trkpt lat="49.803767" lon="14.547226">
        <ele>362.663458</ele>
        <time>2026-05-06T09:39:50.998Z</time>
      </trkpt>
      <trkpt lat="49.803676" lon="14.547188">
        <ele>361.913702</ele>
        <time>2026-05-06T09:39:51.998Z</time>
      </trkpt>
      <trkpt lat="49.803584" lon="14.547135">
        <ele>361.132869</ele>
        <time>2026-05-06T09:39:52.998Z</time>
      </trkpt>
      <trkpt lat="49.803493" lon="14.547073">
        <ele>360.342045</ele>
        <time>2026-05-06T09:39:53.998Z</time>
      </trkpt>
      <trkpt lat="49.803402" lon="14.547003">
        <ele>360.033913</ele>
        <time>2026-05-06T09:39:54.998Z</time>
      </trkpt>
      <trkpt lat="49.803308" lon="14.546940">
        <ele>359.832967</ele>
        <time>2026-05-06T09:39:55.998Z</time>
      </trkpt>
      <trkpt lat="49.803215" lon="14.546880">
        <ele>359.635311</ele>
        <time>2026-05-06T09:39:56.998Z</time>
      </trkpt>
      <trkpt lat="49.803125" lon="14.546816">
        <ele>359.441018</ele>
        <time>2026-05-06T09:39:57.998Z</time>
      </trkpt>
      <trkpt lat="49.803035" lon="14.546754">
        <ele>359.247768</ele>
        <time>2026-05-06T09:39:58.998Z</time>
      </trkpt>
      <trkpt lat="49.802947" lon="14.546699">
        <ele>359.061591</ele>
        <time>2026-05-06T09:39:59.998Z</time>
      </trkpt>
      <trkpt lat="49.802865" lon="14.546640">
        <ele>358.884203</ele>
        <time>2026-05-06T09:40:00.998Z</time>
      </trkpt>
      <trkpt lat="49.802707" lon="14.546532">
        <ele>358.545374</ele>
        <time>2026-05-06T09:40:02.998Z</time>
      </trkpt>
      <trkpt lat="49.802560" lon="14.546427">
        <ele>358.227782</ele>
        <time>2026-05-06T09:40:05.000Z</time>
      </trkpt>
      <trkpt lat="49.802422" lon="14.546326">
        <ele>357.928333</ele>
        <time>2026-05-06T09:40:07.000Z</time>
      </trkpt>
      <trkpt lat="49.802286" lon="14.546228">
        <ele>357.634049</ele>
        <time>2026-05-06T09:40:09.000Z</time>
      </trkpt>
      <trkpt lat="49.802147" lon="14.546139">
        <ele>357.338956</ele>
        <time>2026-05-06T09:40:11.000Z</time>
      </trkpt>
      <trkpt lat="49.802017" lon="14.546048">
        <ele>357.059068</ele>
        <time>2026-05-06T09:40:13.000Z</time>
      </trkpt>
      <trkpt lat="49.801879" lon="14.545958">
        <ele>356.765298</ele>
        <time>2026-05-06T09:40:15.000Z</time>
      </trkpt>
      <trkpt lat="49.801747" lon="14.545871">
        <ele>356.559019</ele>
        <time>2026-05-06T09:40:17.000Z</time>
      </trkpt>
      <trkpt lat="49.801615" lon="14.545781">
        <ele>356.391161</ele>
        <time>2026-05-06T09:40:19.000Z</time>
      </trkpt>
      <trkpt lat="49.801484" lon="14.545690">
        <ele>356.224061</ele>
        <time>2026-05-06T09:40:21.000Z</time>
      </trkpt>
      <trkpt lat="49.801356" lon="14.545609">
        <ele>356.063130</ele>
        <time>2026-05-06T09:40:23.000Z</time>
      </trkpt>
      <trkpt lat="49.801225" lon="14.545535">
        <ele>355.900837</ele>
        <time>2026-05-06T09:40:25.000Z</time>
      </trkpt>
      <trkpt lat="49.801097" lon="14.545470">
        <ele>355.744055</ele>
        <time>2026-05-06T09:40:27.000Z</time>
      </trkpt>
      <trkpt lat="49.800972" lon="14.545414">
        <ele>355.592603</ele>
        <time>2026-05-06T09:40:29.000Z</time>
      </trkpt>
      <trkpt lat="49.800847" lon="14.545359">
        <ele>355.441358</ele>
        <time>2026-05-06T09:40:30.999Z</time>
      </trkpt>
      <trkpt lat="49.800721" lon="14.545305">
        <ele>355.289195</ele>
        <time>2026-05-06T09:40:32.999Z</time>
      </trkpt>
      <trkpt lat="49.800596" lon="14.545257">
        <ele>355.139301</ele>
        <time>2026-05-06T09:40:34.999Z</time>
      </trkpt>
      <trkpt lat="49.800470" lon="14.545220">
        <ele>354.990035</ele>
        <time>2026-05-06T09:40:36.999Z</time>
      </trkpt>
      <trkpt lat="49.800343" lon="14.545194">
        <ele>354.840931</ele>
        <time>2026-05-06T09:40:38.999Z</time>
      </trkpt>
      <trkpt lat="49.800218" lon="14.545185">
        <ele>354.695282</ele>
        <time>2026-05-06T09:40:40.999Z</time>
      </trkpt>
      <trkpt lat="49.800092" lon="14.545180">
        <ele>354.531146</ele>
        <time>2026-05-06T09:40:42.999Z</time>
      </trkpt>
      <trkpt lat="49.799970" lon="14.545176">
        <ele>354.295913</ele>
        <time>2026-05-06T09:40:44.999Z</time>
      </trkpt>
      <trkpt lat="49.799850" lon="14.545171">
        <ele>354.064503</ele>
        <time>2026-05-06T09:40:46.999Z</time>
      </trkpt>
      <trkpt lat="49.799729" lon="14.545159">
        <ele>353.830772</ele>
        <time>2026-05-06T09:40:48.999Z</time>
      </trkpt>
      <trkpt lat="49.799604" lon="14.545154">
        <ele>353.589728</ele>
        <time>2026-05-06T09:40:50.999Z</time>
      </trkpt>
      <trkpt lat="49.799481" lon="14.545149">
        <ele>353.352538</ele>
        <time>2026-05-06T09:40:52.999Z</time>
      </trkpt>
      <trkpt lat="49.799357" lon="14.545142">
        <ele>353.113342</ele>
        <time>2026-05-06T09:40:54.999Z</time>
      </trkpt>
      <trkpt lat="49.799234" lon="14.545139">
        <ele>352.876204</ele>
        <time>2026-05-06T09:40:56.999Z</time>
      </trkpt>
      <trkpt lat="49.799107" lon="14.545133">
        <ele>352.631271</ele>
        <time>2026-05-06T09:40:58.999Z</time>
      </trkpt>
      <trkpt lat="49.798981" lon="14.545130">
        <ele>352.388350</ele>
        <time>2026-05-06T09:41:00.999Z</time>
      </trkpt>
      <trkpt lat="49.798854" lon="14.545125">
        <ele>352.143451</ele>
        <time>2026-05-06T09:41:02.999Z</time>
      </trkpt>
      <trkpt lat="49.798728" lon="14.545121">
        <ele>351.900509</ele>
        <time>2026-05-06T09:41:04.999Z</time>
      </trkpt>
      <trkpt lat="49.798606" lon="14.545109">
        <ele>351.664854</ele>
        <time>2026-05-06T09:41:06.999Z</time>
      </trkpt>
      <trkpt lat="49.798490" lon="14.545111">
        <ele>351.441225</ele>
        <time>2026-05-06T09:41:08.999Z</time>
      </trkpt>
      <trkpt lat="49.798366" lon="14.545107">
        <ele>351.202137</ele>
        <time>2026-05-06T09:41:10.999Z</time>
      </trkpt>
      <trkpt lat="49.798245" lon="14.545100">
        <ele>350.678028</ele>
        <time>2026-05-06T09:41:12.999Z</time>
      </trkpt>
      <trkpt lat="49.798126" lon="14.545085">
        <ele>349.967076</ele>
        <time>2026-05-06T09:41:14.999Z</time>
      </trkpt>
      <trkpt lat="49.798013" lon="14.545048">
        <ele>349.279329</ele>
        <time>2026-05-06T09:41:16.999Z</time>
      </trkpt>
      <trkpt lat="49.797894" lon="14.545011">
        <ele>348.556588</ele>
        <time>2026-05-06T09:41:18.999Z</time>
      </trkpt>
      <trkpt lat="49.797775" lon="14.544962">
        <ele>347.823375</ele>
        <time>2026-05-06T09:41:20.999Z</time>
      </trkpt>
      <trkpt lat="49.797652" lon="14.544905">
        <ele>347.058879</ele>
        <time>2026-05-06T09:41:22.999Z</time>
      </trkpt>
      <trkpt lat="49.797528" lon="14.544803">
        <ele>346.222864</ele>
        <time>2026-05-06T09:41:24.999Z</time>
      </trkpt>
      <trkpt lat="49.797397" lon="14.544725">
        <ele>345.387166</ele>
        <time>2026-05-06T09:41:26.999Z</time>
      </trkpt>
      <trkpt lat="49.797248" lon="14.544655">
        <ele>344.460015</ele>
        <time>2026-05-06T09:41:28.999Z</time>
      </trkpt>
      <trkpt lat="49.797094" lon="14.544579">
        <ele>343.497584</ele>
        <time>2026-05-06T09:41:30.999Z</time>
      </trkpt>
      <trkpt lat="49.796942" lon="14.544468">
        <ele>342.496949</ele>
        <time>2026-05-06T09:41:32.999Z</time>
      </trkpt>
      <trkpt lat="49.796788" lon="14.544359">
        <ele>341.488746</ele>
        <time>2026-05-06T09:41:34.999Z</time>
      </trkpt>
      <trkpt lat="49.796623" lon="14.544252">
        <ele>340.423610</ele>
        <time>2026-05-06T09:41:36.998Z</time>
      </trkpt>
      <trkpt lat="49.796474" lon="14.544124">
        <ele>339.916134</ele>
        <time>2026-05-06T09:41:38.998Z</time>
      </trkpt>
      <trkpt lat="49.796337" lon="14.543982">
        <ele>339.438131</ele>
        <time>2026-05-06T09:41:40.998Z</time>
      </trkpt>
      <trkpt lat="49.796217" lon="14.543831">
        <ele>338.989815</ele>
        <time>2026-05-06T09:41:42.998Z</time>
      </trkpt>
      <trkpt lat="49.796100" lon="14.543660">
        <ele>338.523367</ele>
        <time>2026-05-06T09:41:44.998Z</time>
      </trkpt>
      <trkpt lat="49.795991" lon="14.543476">
        <ele>338.055883</ele>
        <time>2026-05-06T09:41:46.998Z</time>
      </trkpt>
      <trkpt lat="49.795889" lon="14.543267">
        <ele>337.565425</ele>
        <time>2026-05-06T09:41:48.998Z</time>
      </trkpt>
      <trkpt lat="49.795806" lon="14.543060">
        <ele>337.109273</ele>
        <time>2026-05-06T09:41:50.998Z</time>
      </trkpt>
      <trkpt lat="49.795723" lon="14.542857">
        <ele>336.659462</ele>
        <time>2026-05-06T09:41:52.998Z</time>
      </trkpt>
      <trkpt lat="49.795648" lon="14.542664">
        <ele>336.237770</ele>
        <time>2026-05-06T09:41:54.998Z</time>
      </trkpt>
      <trkpt lat="49.795564" lon="14.542479">
        <ele>335.814377</ele>
        <time>2026-05-06T09:41:56.998Z</time>
      </trkpt>
      <trkpt lat="49.795451" lon="14.542355">
        <ele>335.412809</ele>
        <time>2026-05-06T09:41:58.998Z</time>
      </trkpt>
      <trkpt lat="49.795333" lon="14.542249">
        <ele>335.255590</ele>
        <time>2026-05-06T09:42:00.998Z</time>
      </trkpt>
      <trkpt lat="49.795195" lon="14.542192">
        <ele>335.441906</ele>
        <time>2026-05-06T09:42:02.998Z</time>
      </trkpt>
      <trkpt lat="49.795057" lon="14.542126">
        <ele>335.630317</ele>
        <time>2026-05-06T09:42:04.998Z</time>
      </trkpt>
      <trkpt lat="49.794919" lon="14.542059">
        <ele>335.818978</ele>
        <time>2026-05-06T09:42:06.998Z</time>
      </trkpt>
      <trkpt lat="49.794787" lon="14.541986">
        <ele>336.001822</ele>
        <time>2026-05-06T09:42:08.998Z</time>
      </trkpt>
      <trkpt lat="49.794649" lon="14.541930">
        <ele>336.187922</ele>
        <time>2026-05-06T09:42:11.000Z</time>
      </trkpt>
      <trkpt lat="49.794517" lon="14.541857">
        <ele>336.370766</ele>
        <time>2026-05-06T09:42:13.000Z</time>
      </trkpt>
      <trkpt lat="49.794385" lon="14.541803">
        <ele>336.548869</ele>
        <time>2026-05-06T09:42:15.000Z</time>
      </trkpt>
      <trkpt lat="49.794258" lon="14.541745">
        <ele>336.721596</ele>
        <time>2026-05-06T09:42:17.000Z</time>
      </trkpt>
      <trkpt lat="49.794135" lon="14.541686">
        <ele>336.889571</ele>
        <time>2026-05-06T09:42:19.000Z</time>
      </trkpt>
      <trkpt lat="49.794022" lon="14.541632">
        <ele>337.043839</ele>
        <time>2026-05-06T09:42:21.000Z</time>
      </trkpt>
      <trkpt lat="49.793916" lon="14.541584">
        <ele>337.187907</ele>
        <time>2026-05-06T09:42:23.000Z</time>
      </trkpt>
      <trkpt lat="49.793814" lon="14.541566">
        <ele>337.321831</ele>
        <time>2026-05-06T09:42:25.000Z</time>
      </trkpt>
      <trkpt lat="49.793731" lon="14.541508">
        <ele>337.440615</ele>
        <time>2026-05-06T09:42:27.000Z</time>
      </trkpt>
      <trkpt lat="49.793645" lon="14.541462">
        <ele>337.560678</ele>
        <time>2026-05-06T09:42:29.000Z</time>
      </trkpt>
      <trkpt lat="49.793516" lon="14.541407">
        <ele>337.742887</ele>
        <time>2026-05-06T09:42:32.000Z</time>
      </trkpt>
      <trkpt lat="49.793417" lon="14.541366">
        <ele>337.882443</ele>
        <time>2026-05-06T09:42:34.000Z</time>
      </trkpt>
      <trkpt lat="49.793322" lon="14.541310">
        <ele>338.020868</ele>
        <time>2026-05-06T09:42:35.999Z</time>
      </trkpt>
      <trkpt lat="49.793232" lon="14.541257">
        <ele>338.151990</ele>
        <time>2026-05-06T09:42:37.999Z</time>
      </trkpt>
      <trkpt lat="49.793132" lon="14.541226">
        <ele>338.290873</ele>
        <time>2026-05-06T09:42:39.999Z</time>
      </trkpt>
      <trkpt lat="49.793033" lon="14.541174">
        <ele>338.433234</ele>
        <time>2026-05-06T09:42:41.999Z</time>
      </trkpt>
      <trkpt lat="49.792931" lon="14.541150">
        <ele>338.573734</ele>
        <time>2026-05-06T09:42:43.999Z</time>
      </trkpt>
      <trkpt lat="49.792832" lon="14.541110">
        <ele>338.713066</ele>
        <time>2026-05-06T09:42:45.999Z</time>
      </trkpt>
      <trkpt lat="49.792723" lon="14.541102">
        <ele>338.861673</ele>
        <time>2026-05-06T09:42:47.999Z</time>
      </trkpt>
      <trkpt lat="49.792623" lon="14.541040">
        <ele>339.008359</ele>
        <time>2026-05-06T09:42:49.999Z</time>
      </trkpt>
      <trkpt lat="49.792517" lon="14.541049">
        <ele>339.152929</ele>
        <time>2026-05-06T09:42:51.999Z</time>
      </trkpt>
      <trkpt lat="49.792389" lon="14.541026">
        <ele>339.328413</ele>
        <time>2026-05-06T09:42:54.999Z</time>
      </trkpt>
      <trkpt lat="49.792292" lon="14.541013">
        <ele>339.461004</ele>
        <time>2026-05-06T09:42:56.999Z</time>
      </trkpt>
      <trkpt lat="49.792202" lon="14.540993">
        <ele>339.584824</ele>
        <time>2026-05-06T09:42:58.999Z</time>
      </trkpt>
      <trkpt lat="49.792101" lon="14.540970">
        <ele>339.723847</ele>
        <time>2026-05-06T09:43:00.999Z</time>
      </trkpt>
      <trkpt lat="49.792007" lon="14.540950">
        <ele>339.853061</ele>
        <time>2026-05-06T09:43:02.999Z</time>
      </trkpt>
      <trkpt lat="49.791917" lon="14.540948">
        <ele>339.975638</ele>
        <time>2026-05-06T09:43:04.999Z</time>
      </trkpt>
      <trkpt lat="49.791813" lon="14.540948">
        <ele>339.861125</ele>
        <time>2026-05-06T09:43:06.999Z</time>
      </trkpt>
      <trkpt lat="49.791713" lon="14.540956">
        <ele>339.747595</ele>
        <time>2026-05-06T09:43:08.999Z</time>
      </trkpt>
      <trkpt lat="49.791616" lon="14.540944">
        <ele>339.637267</ele>
        <time>2026-05-06T09:43:10.999Z</time>
      </trkpt>
      <trkpt lat="49.791485" lon="14.540913">
        <ele>339.487017</ele>
        <time>2026-05-06T09:43:13.999Z</time>
      </trkpt>
      <trkpt lat="49.791347" lon="14.540945">
        <ele>339.328811</ele>
        <time>2026-05-06T09:43:15.999Z</time>
      </trkpt>
      <trkpt lat="49.791222" lon="14.540952">
        <ele>339.186995</ele>
        <time>2026-05-06T09:43:18.999Z</time>
      </trkpt>
      <trkpt lat="49.791125" lon="14.540984">
        <ele>339.074551</ele>
        <time>2026-05-06T09:43:20.999Z</time>
      </trkpt>
      <trkpt lat="49.791022" lon="14.540994">
        <ele>338.957541</ele>
        <time>2026-05-06T09:43:22.999Z</time>
      </trkpt>
      <trkpt lat="49.790930" lon="14.540986">
        <ele>338.853068</ele>
        <time>2026-05-06T09:43:24.999Z</time>
      </trkpt>
      <trkpt lat="49.790830" lon="14.541004">
        <ele>338.738927</ele>
        <time>2026-05-06T09:43:26.999Z</time>
      </trkpt>
      <trkpt lat="49.790736" lon="14.541017">
        <ele>338.631926</ele>
        <time>2026-05-06T09:43:28.999Z</time>
      </trkpt>
      <trkpt lat="49.790633" lon="14.541052">
        <ele>338.512369</ele>
        <time>2026-05-06T09:43:30.999Z</time>
      </trkpt>
      <trkpt lat="49.790499" lon="14.541086">
        <ele>338.358417</ele>
        <time>2026-05-06T09:43:33.999Z</time>
      </trkpt>
      <trkpt lat="49.790406" lon="14.541120">
        <ele>338.250077</ele>
        <time>2026-05-06T09:43:35.999Z</time>
      </trkpt>
      <trkpt lat="49.790316" lon="14.541145">
        <ele>338.146408</ele>
        <time>2026-05-06T09:43:37.999Z</time>
      </trkpt>
      <trkpt lat="49.790230" lon="14.541189">
        <ele>338.043721</ele>
        <time>2026-05-06T09:43:39.999Z</time>
      </trkpt>
      <trkpt lat="49.790135" lon="14.541190">
        <ele>337.945986</ele>
        <time>2026-05-06T09:43:41.999Z</time>
      </trkpt>
      <trkpt lat="49.790008" lon="14.541216">
        <ele>338.458601</ele>
        <time>2026-05-06T09:43:44.998Z</time>
      </trkpt>
      <trkpt lat="49.789892" lon="14.541242">
        <ele>338.927615</ele>
        <time>2026-05-06T09:43:47.998Z</time>
      </trkpt>
      <trkpt lat="49.789769" lon="14.541197">
        <ele>339.433347</ele>
        <time>2026-05-06T09:43:50.998Z</time>
      </trkpt>
      <trkpt lat="49.789653" lon="14.541133">
        <ele>339.926093</ele>
        <time>2026-05-06T09:43:53.998Z</time>
      </trkpt>
      <trkpt lat="49.789548" lon="14.541072">
        <ele>340.374835</ele>
        <time>2026-05-06T09:43:56.998Z</time>
      </trkpt>
      <trkpt lat="49.789451" lon="14.540945">
        <ele>340.883071</ele>
        <time>2026-05-06T09:43:59.998Z</time>
      </trkpt>
      <trkpt lat="49.789365" lon="14.540854">
        <ele>341.299837</ele>
        <time>2026-05-06T09:44:01.998Z</time>
      </trkpt>
      <trkpt lat="49.789280" lon="14.540732">
        <ele>341.763544</ele>
        <time>2026-05-06T09:44:04.998Z</time>
      </trkpt>
      <trkpt lat="49.789169" lon="14.540654">
        <ele>342.251286</ele>
        <time>2026-05-06T09:44:06.998Z</time>
      </trkpt>
      <trkpt lat="49.789079" lon="14.540579">
        <ele>342.660238</ele>
        <time>2026-05-06T09:44:08.998Z</time>
      </trkpt>
      <trkpt lat="49.789005" lon="14.540476">
        <ele>343.058343</ele>
        <time>2026-05-06T09:44:10.998Z</time>
      </trkpt>
      <trkpt lat="49.788924" lon="14.540404">
        <ele>343.432048</ele>
        <time>2026-05-06T09:44:12.998Z</time>
      </trkpt>
      <trkpt lat="49.788836" lon="14.540317">
        <ele>343.849799</ele>
        <time>2026-05-06T09:44:14.998Z</time>
      </trkpt>
      <trkpt lat="49.788754" lon="14.540259">
        <ele>344.210519</ele>
        <time>2026-05-06T09:44:17.000Z</time>
      </trkpt>
      <trkpt lat="49.788675" lon="14.540180">
        <ele>344.586798</ele>
        <time>2026-05-06T09:44:19.000Z</time>
      </trkpt>
      <trkpt lat="49.788591" lon="14.540102">
        <ele>344.978702</ele>
        <time>2026-05-06T09:44:21.000Z</time>
      </trkpt>
      <trkpt lat="49.788473" lon="14.539976">
        <ele>345.173966</ele>
        <time>2026-05-06T09:44:24.000Z</time>
      </trkpt>
      <trkpt lat="49.788390" lon="14.539890">
        <ele>345.210799</ele>
        <time>2026-05-06T09:44:26.000Z</time>
      </trkpt>
      <trkpt lat="49.788306" lon="14.539789">
        <ele>345.250022</ele>
        <time>2026-05-06T09:44:28.000Z</time>
      </trkpt>
      <trkpt lat="49.788218" lon="14.539716">
        <ele>345.286842</ele>
        <time>2026-05-06T09:44:30.000Z</time>
      </trkpt>
      <trkpt lat="49.788130" lon="14.539650">
        <ele>345.322906</ele>
        <time>2026-05-06T09:44:32.000Z</time>
      </trkpt>
      <trkpt lat="49.788036" lon="14.539601">
        <ele>345.359488</ele>
        <time>2026-05-06T09:44:34.000Z</time>
      </trkpt>
      <trkpt lat="49.787940" lon="14.539588">
        <ele>345.395033</ele>
        <time>2026-05-06T09:44:36.000Z</time>
      </trkpt>
      <trkpt lat="49.787839" lon="14.539592">
        <ele>345.432299</ele>
        <time>2026-05-06T09:44:38.000Z</time>
      </trkpt>
      <trkpt lat="49.787743" lon="14.539609">
        <ele>345.467939</ele>
        <time>2026-05-06T09:44:40.000Z</time>
      </trkpt>
      <trkpt lat="49.787605" lon="14.539619">
        <ele>345.518895</ele>
        <time>2026-05-06T09:44:43.000Z</time>
      </trkpt>
      <trkpt lat="49.787484" lon="14.539665">
        <ele>345.564850</ele>
        <time>2026-05-06T09:44:45.999Z</time>
      </trkpt>
      <trkpt lat="49.787370" lon="14.539758">
        <ele>345.612375</ele>
        <time>2026-05-06T09:44:48.999Z</time>
      </trkpt>
      <trkpt lat="49.787268" lon="14.539887">
        <ele>345.660946</ele>
        <time>2026-05-06T09:44:51.999Z</time>
      </trkpt>
      <trkpt lat="49.787182" lon="14.540033">
        <ele>345.708010</ele>
        <time>2026-05-06T09:44:54.999Z</time>
      </trkpt>
      <trkpt lat="49.787102" lon="14.540175">
        <ele>345.752890</ele>
        <time>2026-05-06T09:44:57.999Z</time>
      </trkpt>
      <trkpt lat="49.787034" lon="14.540302">
        <ele>345.792181</ele>
        <time>2026-05-06T09:45:00.999Z</time>
      </trkpt>
      <trkpt lat="49.786942" lon="14.540430">
        <ele>345.871561</ele>
        <time>2026-05-06T09:45:03.999Z</time>
      </trkpt>
      <trkpt lat="49.786864" lon="14.540551">
        <ele>345.947708</ele>
        <time>2026-05-06T09:45:06.999Z</time>
      </trkpt>
      <trkpt lat="49.786786" lon="14.540663">
        <ele>346.021074</ele>
        <time>2026-05-06T09:45:09.999Z</time>
      </trkpt>
      <trkpt lat="49.786699" lon="14.540777">
        <ele>346.099678</ele>
        <time>2026-05-06T09:45:12.999Z</time>
      </trkpt>
      <trkpt lat="49.786628" lon="14.540899">
        <ele>346.172824</ele>
        <time>2026-05-06T09:45:15.999Z</time>
      </trkpt>
      <trkpt lat="49.786548" lon="14.541004">
        <ele>346.245153</ele>
        <time>2026-05-06T09:45:18.999Z</time>
      </trkpt>
      <trkpt lat="49.786445" lon="14.541088">
        <ele>346.325446</ele>
        <time>2026-05-06T09:45:21.999Z</time>
      </trkpt>
      <trkpt lat="49.786334" lon="14.541135">
        <ele>346.404820</ele>
        <time>2026-05-06T09:45:24.999Z</time>
      </trkpt>
      <trkpt lat="49.786222" lon="14.541134">
        <ele>346.482076</ele>
        <time>2026-05-06T09:45:27.999Z</time>
      </trkpt>
      <trkpt lat="49.786106" lon="14.541124">
        <ele>346.562213</ele>
        <time>2026-05-06T09:45:30.999Z</time>
      </trkpt>
      <trkpt lat="49.785986" lon="14.541112">
        <ele>346.645158</ele>
        <time>2026-05-06T09:45:33.999Z</time>
      </trkpt>
      <trkpt lat="49.785869" lon="14.541072">
        <ele>346.727803</ele>
        <time>2026-05-06T09:45:36.999Z</time>
      </trkpt>
      <trkpt lat="49.785752" lon="14.541047">
        <ele>346.809271</ele>
        <time>2026-05-06T09:45:39.999Z</time>
      </trkpt>
      <trkpt lat="49.785625" lon="14.541032">
        <ele>346.897126</ele>
        <time>2026-05-06T09:45:42.999Z</time>
      </trkpt>
      <trkpt lat="49.785504" lon="14.541007">
        <ele>346.981327</ele>
        <time>2026-05-06T09:45:45.999Z</time>
      </trkpt>
      <trkpt lat="49.785379" lon="14.540986">
        <ele>347.045828</ele>
        <time>2026-05-06T09:45:48.999Z</time>
      </trkpt>
      <trkpt lat="49.785253" lon="14.540963">
        <ele>347.064901</ele>
        <time>2026-05-06T09:45:51.999Z</time>
      </trkpt>
      <trkpt lat="49.785131" lon="14.540960">
        <ele>347.083243</ele>
        <time>2026-05-06T09:45:54.998Z</time>
      </trkpt>
      <trkpt lat="49.785009" lon="14.540990">
        <ele>347.101812</ele>
        <time>2026-05-06T09:45:57.998Z</time>
      </trkpt>
      <trkpt lat="49.784885" lon="14.541031">
        <ele>347.120873</ele>
        <time>2026-05-06T09:46:00.998Z</time>
      </trkpt>
      <trkpt lat="49.784761" lon="14.541076">
        <ele>347.140018</ele>
        <time>2026-05-06T09:46:03.998Z</time>
      </trkpt>
      <trkpt lat="49.784640" lon="14.541125">
        <ele>347.158819</ele>
        <time>2026-05-06T09:46:06.998Z</time>
      </trkpt>
      <trkpt lat="49.784516" lon="14.541177">
        <ele>347.178130</ele>
        <time>2026-05-06T09:46:09.998Z</time>
      </trkpt>
      <trkpt lat="49.784427" lon="14.541213">
        <ele>347.191958</ele>
        <time>2026-05-06T09:46:11.998Z</time>
      </trkpt>
      <trkpt lat="49.784334" lon="14.541240">
        <ele>347.206182</ele>
        <time>2026-05-06T09:46:13.998Z</time>
      </trkpt>
      <trkpt lat="49.784205" lon="14.541296">
        <ele>347.226321</ele>
        <time>2026-05-06T09:46:16.998Z</time>
      </trkpt>
      <trkpt lat="49.784110" lon="14.541281">
        <ele>347.240676</ele>
        <time>2026-05-06T09:46:18.998Z</time>
      </trkpt>
      <trkpt lat="49.784019" lon="14.541255">
        <ele>347.254587</ele>
        <time>2026-05-06T09:46:20.998Z</time>
      </trkpt>
      <trkpt lat="49.783888" lon="14.541173">
        <ele>347.275827</ele>
        <time>2026-05-06T09:46:24.000Z</time>
      </trkpt>
      <trkpt lat="49.783806" lon="14.541089">
        <ele>347.290606</ele>
        <time>2026-05-06T09:46:26.000Z</time>
      </trkpt>
      <trkpt lat="49.783731" lon="14.540994">
        <ele>347.305171</ele>
        <time>2026-05-06T09:46:28.000Z</time>
      </trkpt>
      <trkpt lat="49.783655" lon="14.540893">
        <ele>347.481494</ele>
        <time>2026-05-06T09:46:30.000Z</time>
      </trkpt>
      <trkpt lat="49.783579" lon="14.540796">
        <ele>347.730187</ele>
        <time>2026-05-06T09:46:32.000Z</time>
      </trkpt>
      <trkpt lat="49.783504" lon="14.540694">
        <ele>347.982240</ele>
        <time>2026-05-06T09:46:34.000Z</time>
      </trkpt>
      <trkpt lat="49.783426" lon="14.540595">
        <ele>348.236906</ele>
        <time>2026-05-06T09:46:36.000Z</time>
      </trkpt>
      <trkpt lat="49.783348" lon="14.540498">
        <ele>348.489517</ele>
        <time>2026-05-06T09:46:38.000Z</time>
      </trkpt>
      <trkpt lat="49.783274" lon="14.540405">
        <ele>348.730172</ele>
        <time>2026-05-06T09:46:40.000Z</time>
      </trkpt>
      <trkpt lat="49.783194" lon="14.540311">
        <ele>348.983756</ele>
        <time>2026-05-06T09:46:42.000Z</time>
      </trkpt>
      <trkpt lat="49.783108" lon="14.540234">
        <ele>349.234609</ele>
        <time>2026-05-06T09:46:44.000Z</time>
      </trkpt>
      <trkpt lat="49.783027" lon="14.540150">
        <ele>349.480778</ele>
        <time>2026-05-06T09:46:46.000Z</time>
      </trkpt>
      <trkpt lat="49.782942" lon="14.540063">
        <ele>349.738066</ele>
        <time>2026-05-06T09:46:48.000Z</time>
      </trkpt>
      <trkpt lat="49.782866" lon="14.539973">
        <ele>349.979662</ele>
        <time>2026-05-06T09:46:50.000Z</time>
      </trkpt>
      <trkpt lat="49.782808" lon="14.539865">
        <ele>350.208710</ele>
        <time>2026-05-06T09:46:51.999Z</time>
      </trkpt>
      <trkpt lat="49.782730" lon="14.539694">
        <ele>350.550089</ele>
        <time>2026-05-06T09:46:54.999Z</time>
      </trkpt>
      <trkpt lat="49.782663" lon="14.539560">
        <ele>350.826432</ele>
        <time>2026-05-06T09:46:57.999Z</time>
      </trkpt>
      <trkpt lat="49.782586" lon="14.539406">
        <ele>351.144021</ele>
        <time>2026-05-06T09:47:00.999Z</time>
      </trkpt>
      <trkpt lat="49.782509" lon="14.539274">
        <ele>351.434080</ele>
        <time>2026-05-06T09:47:03.999Z</time>
      </trkpt>
      <trkpt lat="49.782446" lon="14.539119">
        <ele>351.732719</ele>
        <time>2026-05-06T09:47:06.999Z</time>
      </trkpt>
      <trkpt lat="49.782375" lon="14.538991">
        <ele>352.024576</ele>
        <time>2026-05-06T09:47:09.999Z</time>
      </trkpt>
      <trkpt lat="49.782312" lon="14.538851">
        <ele>352.332666</ele>
        <time>2026-05-06T09:47:12.999Z</time>
      </trkpt>
      <trkpt lat="49.782248" lon="14.538724">
        <ele>352.623524</ele>
        <time>2026-05-06T09:47:15.999Z</time>
      </trkpt>
      <trkpt lat="49.782184" lon="14.538605">
        <ele>352.903137</ele>
        <time>2026-05-06T09:47:18.999Z</time>
      </trkpt>
      <trkpt lat="49.782125" lon="14.538494">
        <ele>353.162709</ele>
        <time>2026-05-06T09:47:21.999Z</time>
      </trkpt>
      <trkpt lat="49.782045" lon="14.538406">
        <ele>353.437082</ele>
        <time>2026-05-06T09:47:24.999Z</time>
      </trkpt>
      <trkpt lat="49.781964" lon="14.538334">
        <ele>353.698222</ele>
        <time>2026-05-06T09:47:27.999Z</time>
      </trkpt>
      <trkpt lat="49.781878" lon="14.538258">
        <ele>353.975083</ele>
        <time>2026-05-06T09:47:30.999Z</time>
      </trkpt>
      <trkpt lat="49.781790" lon="14.538173">
        <ele>354.265077</ele>
        <time>2026-05-06T09:47:33.999Z</time>
      </trkpt>
      <trkpt lat="49.781708" lon="14.538091">
        <ele>354.538003</ele>
        <time>2026-05-06T09:47:36.999Z</time>
      </trkpt>
      <trkpt lat="49.781622" lon="14.538008">
        <ele>354.821342</ele>
        <time>2026-05-06T09:47:39.999Z</time>
      </trkpt>
      <trkpt lat="49.781542" lon="14.537920">
        <ele>355.095715</ele>
        <time>2026-05-06T09:47:42.999Z</time>
      </trkpt>
      <trkpt lat="49.781454" lon="14.537842">
        <ele>355.379224</ele>
        <time>2026-05-06T09:47:45.999Z</time>
      </trkpt>
      <trkpt lat="49.781368" lon="14.537743">
        <ele>355.678845</ele>
        <time>2026-05-06T09:47:48.999Z</time>
      </trkpt>
      <trkpt lat="49.781272" lon="14.537651">
        <ele>355.994510</ele>
        <time>2026-05-06T09:47:51.999Z</time>
      </trkpt>
      <trkpt lat="49.781180" lon="14.537556">
        <ele>356.303693</ele>
        <time>2026-05-06T09:47:54.999Z</time>
      </trkpt>
      <trkpt lat="49.781083" lon="14.537457">
        <ele>356.628519</ele>
        <time>2026-05-06T09:47:57.999Z</time>
      </trkpt>
      <trkpt lat="49.780979" lon="14.537352">
        <ele>356.925263</ele>
        <time>2026-05-06T09:48:00.998Z</time>
      </trkpt>
      <trkpt lat="49.780879" lon="14.537251">
        <ele>357.080749</ele>
        <time>2026-05-06T09:48:03.998Z</time>
      </trkpt>
      <trkpt lat="49.780779" lon="14.537142">
        <ele>357.240010</ele>
        <time>2026-05-06T09:48:06.998Z</time>
      </trkpt>
      <trkpt lat="49.780675" lon="14.537025">
        <ele>357.407421</ele>
        <time>2026-05-06T09:48:09.998Z</time>
      </trkpt>
      <trkpt lat="49.780566" lon="14.536918">
        <ele>357.575496</ele>
        <time>2026-05-06T09:48:12.998Z</time>
      </trkpt>
      <trkpt lat="49.780462" lon="14.536811">
        <ele>357.738108</ele>
        <time>2026-05-06T09:48:15.998Z</time>
      </trkpt>
      <trkpt lat="49.780347" lon="14.536716">
        <ele>357.907856</ele>
        <time>2026-05-06T09:48:18.998Z</time>
      </trkpt>
      <trkpt lat="49.780245" lon="14.536639">
        <ele>358.055639</ele>
        <time>2026-05-06T09:48:21.998Z</time>
      </trkpt>
      <trkpt lat="49.780166" lon="14.536570">
        <ele>358.173761</ele>
        <time>2026-05-06T09:48:23.998Z</time>
      </trkpt>
      <trkpt lat="49.780067" lon="14.536541">
        <ele>358.304982</ele>
        <time>2026-05-06T09:48:25.998Z</time>
      </trkpt>
      <trkpt lat="49.779973" lon="14.536461">
        <ele>358.444673</ele>
        <time>2026-05-06T09:48:29.000Z</time>
      </trkpt>
      <trkpt lat="49.779853" lon="14.536401">
        <ele>358.608901</ele>
        <time>2026-05-06T09:48:32.000Z</time>
      </trkpt>
      <trkpt lat="49.779746" lon="14.536376">
        <ele>358.749831</ele>
        <time>2026-05-06T09:48:34.000Z</time>
      </trkpt>
      <trkpt lat="49.779630" lon="14.536317">
        <ele>358.908845</ele>
        <time>2026-05-06T09:48:37.000Z</time>
      </trkpt>
      <trkpt lat="49.779530" lon="14.536301">
        <ele>359.039775</ele>
        <time>2026-05-06T09:48:39.000Z</time>
      </trkpt>
      <trkpt lat="49.779433" lon="14.536316">
        <ele>359.166733</ele>
        <time>2026-05-06T09:48:41.000Z</time>
      </trkpt>
      <trkpt lat="49.779314" lon="14.536368">
        <ele>359.296568</ele>
        <time>2026-05-06T09:48:44.000Z</time>
      </trkpt>
      <trkpt lat="49.779183" lon="14.536399">
        <ele>359.417354</ele>
        <time>2026-05-06T09:48:47.000Z</time>
      </trkpt>
      <trkpt lat="49.779065" lon="14.536426">
        <ele>359.526073</ele>
        <time>2026-05-06T09:48:50.000Z</time>
      </trkpt>
      <trkpt lat="49.778944" lon="14.536457">
        <ele>359.637858</ele>
        <time>2026-05-06T09:48:53.000Z</time>
      </trkpt>
      <trkpt lat="49.778821" lon="14.536502">
        <ele>359.753053</ele>
        <time>2026-05-06T09:48:55.999Z</time>
      </trkpt>
      <trkpt lat="49.778706" lon="14.536537">
        <ele>359.859875</ele>
        <time>2026-05-06T09:48:58.999Z</time>
      </trkpt>
      <trkpt lat="49.778583" lon="14.536577">
        <ele>359.974430</ele>
        <time>2026-05-06T09:49:01.999Z</time>
      </trkpt>
      <trkpt lat="49.778490" lon="14.536623">
        <ele>360.063414</ele>
        <time>2026-05-06T09:49:03.999Z</time>
      </trkpt>
      <trkpt lat="49.778369" lon="14.536650">
        <ele>360.174838</ele>
        <time>2026-05-06T09:49:06.999Z</time>
      </trkpt>
      <trkpt lat="49.778253" lon="14.536675">
        <ele>360.281586</ele>
        <time>2026-05-06T09:49:09.999Z</time>
      </trkpt>
      <trkpt lat="49.778137" lon="14.536707">
        <ele>360.388979</ele>
        <time>2026-05-06T09:49:12.999Z</time>
      </trkpt>
      <trkpt lat="49.778021" lon="14.536748">
        <ele>360.497427</ele>
        <time>2026-05-06T09:49:15.999Z</time>
      </trkpt>
      <trkpt lat="49.777911" lon="14.536779">
        <ele>360.599333</ele>
        <time>2026-05-06T09:49:18.999Z</time>
      </trkpt>
      <trkpt lat="49.777797" lon="14.536828">
        <ele>360.707167</ele>
        <time>2026-05-06T09:49:21.999Z</time>
      </trkpt>
      <trkpt lat="49.777686" lon="14.536857">
        <ele>360.809768</ele>
        <time>2026-05-06T09:49:24.999Z</time>
      </trkpt>
      <trkpt lat="49.777579" lon="14.536881">
        <ele>361.056326</ele>
        <time>2026-05-06T09:49:27.999Z</time>
      </trkpt>
      <trkpt lat="49.777473" lon="14.536854">
        <ele>361.475532</ele>
        <time>2026-05-06T09:49:30.999Z</time>
      </trkpt>
      <trkpt lat="49.777377" lon="14.536808">
        <ele>361.867680</ele>
        <time>2026-05-06T09:49:33.999Z</time>
      </trkpt>
      <trkpt lat="49.777282" lon="14.536743">
        <ele>362.272975</ele>
        <time>2026-05-06T09:49:36.999Z</time>
      </trkpt>
      <trkpt lat="49.777195" lon="14.536655">
        <ele>362.678485</ele>
        <time>2026-05-06T09:49:39.999Z</time>
      </trkpt>
      <trkpt lat="49.777110" lon="14.536592">
        <ele>363.046219</ele>
        <time>2026-05-06T09:49:42.999Z</time>
      </trkpt>
      <trkpt lat="49.777011" lon="14.536534">
        <ele>363.459273</ele>
        <time>2026-05-06T09:49:45.999Z</time>
      </trkpt>
      <trkpt lat="49.776931" lon="14.536461">
        <ele>363.821629</ele>
        <time>2026-05-06T09:49:48.999Z</time>
      </trkpt>
      <trkpt lat="49.776845" lon="14.536407">
        <ele>364.183769</ele>
        <time>2026-05-06T09:49:51.999Z</time>
      </trkpt>
      <trkpt lat="49.776760" lon="14.536344">
        <ele>364.551503</ele>
        <time>2026-05-06T09:49:54.999Z</time>
      </trkpt>
      <trkpt lat="49.776674" lon="14.536265">
        <ele>364.941709</ele>
        <time>2026-05-06T09:49:57.999Z</time>
      </trkpt>
      <trkpt lat="49.776584" lon="14.536184">
        <ele>365.347927</ele>
        <time>2026-05-06T09:50:00.999Z</time>
      </trkpt>
      <trkpt lat="49.776480" lon="14.536115">
        <ele>365.789450</ele>
        <time>2026-05-06T09:50:03.998Z</time>
      </trkpt>
      <trkpt lat="49.776395" lon="14.536044">
        <ele>366.166328</ele>
        <time>2026-05-06T09:50:06.998Z</time>
      </trkpt>
      <trkpt lat="49.776301" lon="14.535963">
        <ele>366.586116</ele>
        <time>2026-05-06T09:50:09.998Z</time>
      </trkpt>
      <trkpt lat="49.776204" lon="14.535899">
        <ele>366.997569</ele>
        <time>2026-05-06T09:50:12.998Z</time>
      </trkpt>
      <trkpt lat="49.776108" lon="14.535809">
        <ele>367.435499</ele>
        <time>2026-05-06T09:50:15.998Z</time>
      </trkpt>
      <trkpt lat="49.776013" lon="14.535689">
        <ele>367.887631</ele>
        <time>2026-05-06T09:50:18.998Z</time>
      </trkpt>
      <trkpt lat="49.775951" lon="14.535548">
        <ele>367.962284</ele>
        <time>2026-05-06T09:50:21.998Z</time>
      </trkpt>
      <trkpt lat="49.775901" lon="14.535381">
        <ele>368.042841</ele>
        <time>2026-05-06T09:50:24.998Z</time>
      </trkpt>
      <trkpt lat="49.775853" lon="14.535212">
        <ele>368.123639</ele>
        <time>2026-05-06T09:50:27.998Z</time>
      </trkpt>
      <trkpt lat="49.775816" lon="14.535032">
        <ele>368.206307</ele>
        <time>2026-05-06T09:50:30.998Z</time>
      </trkpt>
      <trkpt lat="49.775783" lon="14.534858">
        <ele>368.285671</ele>
        <time>2026-05-06T09:50:33.998Z</time>
      </trkpt>
      <trkpt lat="49.775744" lon="14.534672">
        <ele>368.371254</ele>
        <time>2026-05-06T09:50:37.000Z</time>
      </trkpt>
      <trkpt lat="49.775697" lon="14.534491">
        <ele>368.456630</ele>
        <time>2026-05-06T09:50:40.000Z</time>
      </trkpt>
      <trkpt lat="49.775633" lon="14.534320">
        <ele>368.543125</ele>
        <time>2026-05-06T09:50:43.000Z</time>
      </trkpt>
      <trkpt lat="49.775544" lon="14.534185">
        <ele>368.627554</ele>
        <time>2026-05-06T09:50:46.000Z</time>
      </trkpt>
      <trkpt lat="49.775448" lon="14.534064">
        <ele>368.711439</ele>
        <time>2026-05-06T09:50:49.000Z</time>
      </trkpt>
      <trkpt lat="49.775341" lon="14.533971">
        <ele>368.794592</ele>
        <time>2026-05-06T09:50:52.000Z</time>
      </trkpt>
      <trkpt lat="49.775241" lon="14.533897">
        <ele>368.869701</ele>
        <time>2026-05-06T09:50:55.000Z</time>
      </trkpt>
      <trkpt lat="49.775149" lon="14.533819">
        <ele>368.940781</ele>
        <time>2026-05-06T09:50:58.000Z</time>
      </trkpt>
      <trkpt lat="49.775059" lon="14.533745">
        <ele>369.009837</ele>
        <time>2026-05-06T09:51:01.000Z</time>
      </trkpt>
      <trkpt lat="49.774971" lon="14.533684">
        <ele>369.075176</ele>
        <time>2026-05-06T09:51:03.999Z</time>
      </trkpt>
      <trkpt lat="49.774885" lon="14.533619">
        <ele>369.089472</ele>
        <time>2026-05-06T09:51:06.999Z</time>
      </trkpt>
      <trkpt lat="49.774800" lon="14.533543">
        <ele>369.069791</ele>
        <time>2026-05-06T09:51:09.999Z</time>
      </trkpt>
      <trkpt lat="49.774712" lon="14.533482">
        <ele>369.050459</ele>
        <time>2026-05-06T09:51:12.999Z</time>
      </trkpt>
      <trkpt lat="49.774627" lon="14.533422">
        <ele>369.031728</ele>
        <time>2026-05-06T09:51:15.999Z</time>
      </trkpt>
      <trkpt lat="49.774537" lon="14.533353">
        <ele>369.011591</ele>
        <time>2026-05-06T09:51:18.999Z</time>
      </trkpt>
      <trkpt lat="49.774442" lon="14.533285">
        <ele>368.990606</ele>
        <time>2026-05-06T09:51:21.999Z</time>
      </trkpt>
      <trkpt lat="49.774348" lon="14.533201">
        <ele>368.968844</ele>
        <time>2026-05-06T09:51:24.999Z</time>
      </trkpt>
      <trkpt lat="49.774251" lon="14.533128">
        <ele>368.947219</ele>
        <time>2026-05-06T09:51:27.999Z</time>
      </trkpt>
      <trkpt lat="49.774159" lon="14.533013">
        <ele>368.923511</ele>
        <time>2026-05-06T09:51:30.999Z</time>
      </trkpt>
      <trkpt lat="49.774060" lon="14.532888">
        <ele>368.897898</ele>
        <time>2026-05-06T09:51:33.999Z</time>
      </trkpt>
      <trkpt lat="49.773974" lon="14.532723">
        <ele>368.870441</ele>
        <time>2026-05-06T09:51:36.999Z</time>
      </trkpt>
      <trkpt lat="49.773902" lon="14.532595">
        <ele>368.848460</ele>
        <time>2026-05-06T09:51:38.999Z</time>
      </trkpt>
      <trkpt lat="49.773837" lon="14.532434">
        <ele>368.823873</ele>
        <time>2026-05-06T09:51:40.999Z</time>
      </trkpt>
      <trkpt lat="49.773763" lon="14.532274">
        <ele>368.798389</ele>
        <time>2026-05-06T09:51:42.999Z</time>
      </trkpt>
      <trkpt lat="49.773692" lon="14.532092">
        <ele>368.770855</ele>
        <time>2026-05-06T09:51:44.999Z</time>
      </trkpt>
      <trkpt lat="49.773612" lon="14.531917">
        <ele>368.743091</ele>
        <time>2026-05-06T09:51:46.999Z</time>
      </trkpt>
      <trkpt lat="49.773532" lon="14.531723">
        <ele>368.988653</ele>
        <time>2026-05-06T09:51:48.999Z</time>
      </trkpt>
      <trkpt lat="49.773453" lon="14.531531">
        <ele>369.258952</ele>
        <time>2026-05-06T09:51:50.999Z</time>
      </trkpt>
      <trkpt lat="49.773370" lon="14.531347">
        <ele>369.525433</ele>
        <time>2026-05-06T09:51:52.999Z</time>
      </trkpt>
      <trkpt lat="49.773295" lon="14.531166">
        <ele>369.780768</ele>
        <time>2026-05-06T09:51:54.999Z</time>
      </trkpt>
      <trkpt lat="49.773225" lon="14.531009">
        <ele>370.007285</ele>
        <time>2026-05-06T09:51:56.999Z</time>
      </trkpt>
      <trkpt lat="49.773158" lon="14.530863">
        <ele>370.219941</ele>
        <time>2026-05-06T09:51:58.999Z</time>
      </trkpt>
      <trkpt lat="49.773100" lon="14.530718">
        <ele>370.422449</ele>
        <time>2026-05-06T09:52:00.999Z</time>
      </trkpt>
      <trkpt lat="49.773043" lon="14.530602">
        <ele>370.595513</ele>
        <time>2026-05-06T09:52:02.999Z</time>
      </trkpt>
      <trkpt lat="49.772990" lon="14.530430">
        <ele>370.821786</ele>
        <time>2026-05-06T09:52:05.999Z</time>
      </trkpt>
      <trkpt lat="49.772901" lon="14.530322">
        <ele>371.029671</ele>
        <time>2026-05-06T09:52:08.999Z</time>
      </trkpt>
      <trkpt lat="49.772820" lon="14.530222">
        <ele>371.220127</ele>
        <time>2026-05-06T09:52:11.999Z</time>
      </trkpt>
      <trkpt lat="49.772712" lon="14.530204">
        <ele>371.419830</ele>
        <time>2026-05-06T09:52:14.998Z</time>
      </trkpt>
      <trkpt lat="49.772600" lon="14.530168">
        <ele>371.630129</ele>
        <time>2026-05-06T09:52:18.998Z</time>
      </trkpt>
      <trkpt lat="49.772498" lon="14.530150">
        <ele>371.818867</ele>
        <time>2026-05-06T09:52:21.998Z</time>
      </trkpt>
      <trkpt lat="49.772407" lon="14.530140">
        <ele>371.986590</ele>
        <time>2026-05-06T09:52:24.998Z</time>
      </trkpt>
      <trkpt lat="49.772296" lon="14.530124">
        <ele>372.443254</ele>
        <time>2026-05-06T09:52:28.998Z</time>
      </trkpt>
      <trkpt lat="49.772185" lon="14.530101">
        <ele>373.008007</ele>
        <time>2026-05-06T09:52:32.998Z</time>
      </trkpt>
      <trkpt lat="49.772091" lon="14.530086">
        <ele>373.484550</ele>
        <time>2026-05-06T09:52:36.998Z</time>
      </trkpt>
      <trkpt lat="49.771993" lon="14.530074">
        <ele>373.980298</ele>
        <time>2026-05-06T09:52:41.000Z</time>
      </trkpt>
      <trkpt lat="49.771902" lon="14.530054">
        <ele>374.443802</ele>
        <time>2026-05-06T09:52:45.000Z</time>
      </trkpt>
      <trkpt lat="49.771802" lon="14.530046">
        <ele>374.948765</ele>
        <time>2026-05-06T09:52:50.000Z</time>
      </trkpt>
      <trkpt lat="49.771705" lon="14.530026">
        <ele>375.442244</ele>
        <time>2026-05-06T09:52:55.000Z</time>
      </trkpt>
      <trkpt lat="49.771601" lon="14.530015">
        <ele>375.967929</ele>
        <time>2026-05-06T09:53:00.000Z</time>
      </trkpt>
      <trkpt lat="49.771499" lon="14.529994">
        <ele>376.486832</ele>
        <time>2026-05-06T09:53:05.000Z</time>
      </trkpt>
      <trkpt lat="49.771403" lon="14.529978">
        <ele>376.973747</ele>
        <time>2026-05-06T09:53:09.999Z</time>
      </trkpt>
      <trkpt lat="49.771307" lon="14.529922">
        <ele>377.491083</ele>
        <time>2026-05-06T09:53:14.999Z</time>
      </trkpt>
      <trkpt lat="49.771217" lon="14.529858">
        <ele>377.990521</ele>
        <time>2026-05-06T09:53:19.999Z</time>
      </trkpt>
      <trkpt lat="49.771139" lon="14.529762">
        <ele>378.492995</ele>
        <time>2026-05-06T09:53:24.999Z</time>
      </trkpt>
      <trkpt lat="49.771076" lon="14.529647">
        <ele>378.984137</ele>
        <time>2026-05-06T09:53:29.999Z</time>
      </trkpt>
      <trkpt lat="49.771021" lon="14.529510">
        <ele>379.509515</ele>
        <time>2026-05-06T09:53:34.999Z</time>
      </trkpt>
      <trkpt lat="49.770964" lon="14.529371">
        <ele>380.045774</ele>
        <time>2026-05-06T09:53:39.999Z</time>
      </trkpt>
      <trkpt lat="49.770928" lon="14.529225">
        <ele>380.554764</ele>
        <time>2026-05-06T09:53:44.999Z</time>
      </trkpt>
      <trkpt lat="49.770895" lon="14.529079">
        <ele>381.058556</ele>
        <time>2026-05-06T09:53:51.999Z</time>
      </trkpt>
      <trkpt lat="49.770895" lon="14.528928">
        <ele>381.041857</ele>
        <time>2026-05-06T09:53:55.999Z</time>
      </trkpt>
      <trkpt lat="49.770786" lon="14.528842">
        <ele>380.934024</ele>
        <time>2026-05-06T09:53:57.999Z</time>
      </trkpt>
      <trkpt lat="49.770709" lon="14.528672">
        <ele>380.815818</ele>
        <time>2026-05-06T09:54:00.999Z</time>
      </trkpt>
      <trkpt lat="49.770656" lon="14.528540">
        <ele>380.727334</ele>
        <time>2026-05-06T09:54:02.999Z</time>
      </trkpt>
      <trkpt lat="49.770604" lon="14.528392">
        <ele>380.631418</ele>
        <time>2026-05-06T09:54:04.999Z</time>
      </trkpt>
      <trkpt lat="49.770553" lon="14.528232">
        <ele>380.529843</ele>
        <time>2026-05-06T09:54:06.999Z</time>
      </trkpt>
      <trkpt lat="49.770492" lon="14.528074">
        <ele>380.425050</ele>
        <time>2026-05-06T09:54:08.999Z</time>
      </trkpt>
      <trkpt lat="49.770414" lon="14.527917">
        <ele>380.312286</ele>
        <time>2026-05-06T09:54:10.999Z</time>
      </trkpt>
      <trkpt lat="49.770329" lon="14.527783">
        <ele>380.205361</ele>
        <time>2026-05-06T09:54:12.999Z</time>
      </trkpt>
      <trkpt lat="49.770223" lon="14.527643">
        <ele>380.082552</ele>
        <time>2026-05-06T09:54:14.999Z</time>
      </trkpt>
      <trkpt lat="49.770116" lon="14.527567">
        <ele>379.978785</ele>
        <time>2026-05-06T09:54:16.998Z</time>
      </trkpt>
      <trkpt lat="49.770018" lon="14.527403">
        <ele>379.851589</ele>
        <time>2026-05-06T09:54:18.998Z</time>
      </trkpt>
      <trkpt lat="49.769885" lon="14.527344">
        <ele>379.729639</ele>
        <time>2026-05-06T09:54:20.998Z</time>
      </trkpt>
      <trkpt lat="49.769770" lon="14.527278">
        <ele>379.621532</ele>
        <time>2026-05-06T09:54:22.998Z</time>
      </trkpt>
      <trkpt lat="49.769653" lon="14.527196">
        <ele>379.535110</ele>
        <time>2026-05-06T09:54:24.998Z</time>
      </trkpt>
      <trkpt lat="49.769537" lon="14.527115">
        <ele>379.549371</ele>
        <time>2026-05-06T09:54:26.998Z</time>
      </trkpt>
      <trkpt lat="49.769440" lon="14.527085">
        <ele>379.560456</ele>
        <time>2026-05-06T09:54:28.998Z</time>
      </trkpt>
      <trkpt lat="49.769356" lon="14.527005">
        <ele>379.571508</ele>
        <time>2026-05-06T09:54:30.998Z</time>
      </trkpt>
      <trkpt lat="49.769264" lon="14.526946">
        <ele>379.582667</ele>
        <time>2026-05-06T09:54:32.998Z</time>
      </trkpt>
      <trkpt lat="49.769180" lon="14.526893">
        <ele>379.592832</ele>
        <time>2026-05-06T09:54:34.998Z</time>
      </trkpt>
      <trkpt lat="49.769090" lon="14.526853">
        <ele>379.603326</ele>
        <time>2026-05-06T09:54:36.998Z</time>
      </trkpt>
      <trkpt lat="49.768982" lon="14.526759">
        <ele>379.617210</ele>
        <time>2026-05-06T09:54:39.998Z</time>
      </trkpt>
      <trkpt lat="49.768876" lon="14.526697">
        <ele>379.629909</ele>
        <time>2026-05-06T09:54:42.998Z</time>
      </trkpt>
      <trkpt lat="49.768781" lon="14.526633">
        <ele>379.641519</ele>
        <time>2026-05-06T09:54:45.998Z</time>
      </trkpt>
      <trkpt lat="49.768680" lon="14.526566">
        <ele>379.653833</ele>
        <time>2026-05-06T09:54:49.000Z</time>
      </trkpt>
      <trkpt lat="49.768575" lon="14.526504">
        <ele>379.666426</ele>
        <time>2026-05-06T09:54:52.000Z</time>
      </trkpt>
      <trkpt lat="49.768474" lon="14.526453">
        <ele>379.678332</ele>
        <time>2026-05-06T09:54:55.000Z</time>
      </trkpt>
      <trkpt lat="49.768377" lon="14.526412">
        <ele>379.689600</ele>
        <time>2026-05-06T09:54:58.000Z</time>
      </trkpt>
      <trkpt lat="49.768276" lon="14.526376">
        <ele>379.701215</ele>
        <time>2026-05-06T09:55:01.000Z</time>
      </trkpt>
      <trkpt lat="49.768180" lon="14.526345">
        <ele>379.712205</ele>
        <time>2026-05-06T09:55:04.000Z</time>
      </trkpt>
      <trkpt lat="49.768074" lon="14.526314">
        <ele>379.724294</ele>
        <time>2026-05-06T09:55:08.000Z</time>
      </trkpt>
      <trkpt lat="49.767962" lon="14.526305">
        <ele>379.871395</ele>
        <time>2026-05-06T09:55:11.000Z</time>
      </trkpt>
      <trkpt lat="49.767868" lon="14.526281">
        <ele>380.330119</ele>
        <time>2026-05-06T09:55:14.000Z</time>
      </trkpt>
      <trkpt lat="49.767770" lon="14.526265">
        <ele>380.804607</ele>
        <time>2026-05-06T09:55:16.999Z</time>
      </trkpt>
      <trkpt lat="49.767667" lon="14.526224">
        <ele>381.316682</ele>
        <time>2026-05-06T09:55:19.999Z</time>
      </trkpt>
      <trkpt lat="49.767553" lon="14.526211">
        <ele>381.867081</ele>
        <time>2026-05-06T09:55:23.999Z</time>
      </trkpt>
      <trkpt lat="49.767444" lon="14.526192">
        <ele>382.395234</ele>
        <time>2026-05-06T09:55:26.999Z</time>
      </trkpt>
      <trkpt lat="49.767330" lon="14.526191">
        <ele>382.944154</ele>
        <time>2026-05-06T09:55:29.999Z</time>
      </trkpt>
      <trkpt lat="49.767234" lon="14.526177">
        <ele>383.408442</ele>
        <time>2026-05-06T09:55:32.999Z</time>
      </trkpt>
      <trkpt lat="49.767138" lon="14.526153">
        <ele>383.876671</ele>
        <time>2026-05-06T09:55:35.999Z</time>
      </trkpt>
      <trkpt lat="49.767033" lon="14.526157">
        <ele>384.382400</ele>
        <time>2026-05-06T09:55:38.999Z</time>
      </trkpt>
      <trkpt lat="49.766923" lon="14.526132">
        <ele>384.917728</ele>
        <time>2026-05-06T09:55:42.999Z</time>
      </trkpt>
      <trkpt lat="49.766826" lon="14.526115">
        <ele>385.387768</ele>
        <time>2026-05-06T09:55:45.999Z</time>
      </trkpt>
      <trkpt lat="49.766724" lon="14.526101">
        <ele>385.880825</ele>
        <time>2026-05-06T09:55:48.999Z</time>
      </trkpt>
      <trkpt lat="49.766625" lon="14.526083">
        <ele>386.360788</ele>
        <time>2026-05-06T09:55:51.999Z</time>
      </trkpt>
      <trkpt lat="49.766527" lon="14.526059">
        <ele>386.838526</ele>
        <time>2026-05-06T09:55:54.999Z</time>
      </trkpt>
      <trkpt lat="49.766431" lon="14.526044">
        <ele>387.303116</ele>
        <time>2026-05-06T09:55:57.999Z</time>
      </trkpt>
      <trkpt lat="49.766342" lon="14.526027">
        <ele>387.734901</ele>
        <time>2026-05-06T09:56:00.999Z</time>
      </trkpt>
      <trkpt lat="49.766224" lon="14.526026">
        <ele>388.303082</ele>
        <time>2026-05-06T09:56:03.999Z</time>
      </trkpt>
      <trkpt lat="49.766134" lon="14.526001">
        <ele>388.428216</ele>
        <time>2026-05-06T09:56:06.999Z</time>
      </trkpt>
      <trkpt lat="49.766042" lon="14.525982">
        <ele>388.471812</ele>
        <time>2026-05-06T09:56:09.999Z</time>
      </trkpt>
      <trkpt lat="49.765944" lon="14.525971">
        <ele>388.517964</ele>
        <time>2026-05-06T09:56:12.999Z</time>
      </trkpt>
      <trkpt lat="49.765818" lon="14.525952">
        <ele>388.577427</ele>
        <time>2026-05-06T09:56:16.999Z</time>
      </trkpt>
      <trkpt lat="49.765720" lon="14.525931">
        <ele>388.623898</ele>
        <time>2026-05-06T09:56:19.999Z</time>
      </trkpt>
      <trkpt lat="49.765610" lon="14.525898">
        <ele>388.676527</ele>
        <time>2026-05-06T09:56:22.999Z</time>
      </trkpt>
      <trkpt lat="49.765488" lon="14.525883">
        <ele>388.734011</ele>
        <time>2026-05-06T09:56:25.999Z</time>
      </trkpt>
      <trkpt lat="49.765359" lon="14.525879">
        <ele>388.794616</ele>
        <time>2026-05-06T09:56:28.998Z</time>
      </trkpt>
      <trkpt lat="49.765269" lon="14.525867">
        <ele>388.837046</ele>
        <time>2026-05-06T09:56:30.998Z</time>
      </trkpt>
      <trkpt lat="49.765133" lon="14.525848">
        <ele>388.901186</ele>
        <time>2026-05-06T09:56:33.998Z</time>
      </trkpt>
      <trkpt lat="49.765030" lon="14.525827">
        <ele>388.949983</ele>
        <time>2026-05-06T09:56:35.998Z</time>
      </trkpt>
      <trkpt lat="49.764923" lon="14.525812">
        <ele>389.000448</ele>
        <time>2026-05-06T09:56:37.998Z</time>
      </trkpt>
      <trkpt lat="49.764808" lon="14.525792">
        <ele>389.054804</ele>
        <time>2026-05-06T09:56:39.998Z</time>
      </trkpt>
      <trkpt lat="49.764682" lon="14.525781">
        <ele>389.114081</ele>
        <time>2026-05-06T09:56:41.998Z</time>
      </trkpt>
      <trkpt lat="49.764551" lon="14.525770">
        <ele>389.175703</ele>
        <time>2026-05-06T09:56:43.998Z</time>
      </trkpt>
      <trkpt lat="49.764416" lon="14.525774">
        <ele>389.238464</ele>
        <time>2026-05-06T09:56:45.998Z</time>
      </trkpt>
      <trkpt lat="49.764279" lon="14.525790">
        <ele>388.992640</ele>
        <time>2026-05-06T09:56:47.998Z</time>
      </trkpt>
      <trkpt lat="49.764146" lon="14.525819">
        <ele>388.752321</ele>
        <time>2026-05-06T09:56:49.998Z</time>
      </trkpt>
      <trkpt lat="49.764007" lon="14.525883">
        <ele>388.492849</ele>
        <time>2026-05-06T09:56:51.998Z</time>
      </trkpt>
      <trkpt lat="49.763874" lon="14.525973">
        <ele>388.233139</ele>
        <time>2026-05-06T09:56:54.000Z</time>
      </trkpt>
      <trkpt lat="49.763758" lon="14.526085">
        <ele>387.988529</ele>
        <time>2026-05-06T09:56:56.000Z</time>
      </trkpt>
      <trkpt lat="49.763658" lon="14.526237">
        <ele>387.737779</ele>
        <time>2026-05-06T09:56:58.000Z</time>
      </trkpt>
      <trkpt lat="49.763592" lon="14.526417">
        <ele>387.498563</ele>
        <time>2026-05-06T09:57:00.000Z</time>
      </trkpt>
      <trkpt lat="49.763555" lon="14.526606">
        <ele>387.270314</ele>
        <time>2026-05-06T09:57:02.000Z</time>
      </trkpt>
      <trkpt lat="49.763497" lon="14.526772">
        <ele>387.052190</ele>
        <time>2026-05-06T09:57:04.000Z</time>
      </trkpt>
      <trkpt lat="49.763397" lon="14.526925">
        <ele>386.800628</ele>
        <time>2026-05-06T09:57:06.000Z</time>
      </trkpt>
      <trkpt lat="49.763273" lon="14.526984">
        <ele>386.568518</ele>
        <time>2026-05-06T09:57:08.000Z</time>
      </trkpt>
      <trkpt lat="49.763156" lon="14.526986">
        <ele>386.359163</ele>
        <time>2026-05-06T09:57:10.000Z</time>
      </trkpt>
      <trkpt lat="49.763057" lon="14.526983">
        <ele>386.181993</ele>
        <time>2026-05-06T09:57:12.000Z</time>
      </trkpt>
      <trkpt lat="49.762954" lon="14.526987">
        <ele>386.036081</ele>
        <time>2026-05-06T09:57:14.000Z</time>
      </trkpt>
      <trkpt lat="49.762856" lon="14.526954">
        <ele>386.154966</ele>
        <time>2026-05-06T09:57:16.000Z</time>
      </trkpt>
      <trkpt lat="49.762766" lon="14.526949">
        <ele>386.261720</ele>
        <time>2026-05-06T09:57:18.000Z</time>
      </trkpt>
      <trkpt lat="49.762636" lon="14.526941">
        <ele>386.415942</ele>
        <time>2026-05-06T09:57:20.999Z</time>
      </trkpt>
      <trkpt lat="49.762514" lon="14.526915">
        <ele>386.561924</ele>
        <time>2026-05-06T09:57:23.999Z</time>
      </trkpt>
      <trkpt lat="49.762405" lon="14.526909">
        <ele>386.691213</ele>
        <time>2026-05-06T09:57:26.999Z</time>
      </trkpt>
      <trkpt lat="49.762299" lon="14.526896">
        <ele>386.817258</ele>
        <time>2026-05-06T09:57:29.999Z</time>
      </trkpt>
      <trkpt lat="49.762175" lon="14.526899">
        <ele>386.964265</ele>
        <time>2026-05-06T09:57:33.999Z</time>
      </trkpt>
      <trkpt lat="49.762075" lon="14.526912">
        <ele>387.083221</ele>
        <time>2026-05-06T09:57:36.999Z</time>
      </trkpt>
      <trkpt lat="49.761973" lon="14.526930">
        <ele>387.204914</ele>
        <time>2026-05-06T09:57:39.999Z</time>
      </trkpt>
      <trkpt lat="49.761862" lon="14.526947">
        <ele>387.337135</ele>
        <time>2026-05-06T09:57:42.999Z</time>
      </trkpt>
      <trkpt lat="49.761756" lon="14.527002">
        <ele>387.469656</ele>
        <time>2026-05-06T09:57:45.999Z</time>
      </trkpt>
      <trkpt lat="49.761651" lon="14.527063">
        <ele>387.602598</ele>
        <time>2026-05-06T09:57:48.999Z</time>
      </trkpt>
      <trkpt lat="49.761534" lon="14.527133">
        <ele>387.751286</ele>
        <time>2026-05-06T09:57:51.999Z</time>
      </trkpt>
      <trkpt lat="49.761423" lon="14.527229">
        <ele>387.902006</ele>
        <time>2026-05-06T09:57:54.999Z</time>
      </trkpt>
      <trkpt lat="49.761305" lon="14.527323">
        <ele>388.059316</ele>
        <time>2026-05-06T09:57:57.999Z</time>
      </trkpt>
      <trkpt lat="49.761225" lon="14.527390">
        <ele>388.171776</ele>
        <time>2026-05-06T09:57:59.999Z</time>
      </trkpt>
      <trkpt lat="49.761109" lon="14.527474">
        <ele>388.372927</ele>
        <time>2026-05-06T09:58:02.999Z</time>
      </trkpt>
      <trkpt lat="49.760993" lon="14.527568">
        <ele>388.578583</ele>
        <time>2026-05-06T09:58:05.999Z</time>
      </trkpt>
      <trkpt lat="49.760909" lon="14.527619">
        <ele>388.720307</ele>
        <time>2026-05-06T09:58:07.999Z</time>
      </trkpt>
      <trkpt lat="49.760777" lon="14.527664">
        <ele>388.932608</ele>
        <time>2026-05-06T09:58:10.999Z</time>
      </trkpt>
      <trkpt lat="49.760689" lon="14.527708">
        <ele>389.077861</ele>
        <time>2026-05-06T09:58:12.999Z</time>
      </trkpt>
      <trkpt lat="49.760574" lon="14.527725">
        <ele>389.259314</ele>
        <time>2026-05-06T09:58:15.999Z</time>
      </trkpt>
      <trkpt lat="49.760445" lon="14.527736">
        <ele>389.462243</ele>
        <time>2026-05-06T09:58:18.999Z</time>
      </trkpt>
      <trkpt lat="49.760319" lon="14.527736">
        <ele>389.660152</ele>
        <time>2026-05-06T09:58:21.999Z</time>
      </trkpt>
      <trkpt lat="49.760216" lon="14.527690">
        <ele>389.828533</ele>
        <time>2026-05-06T09:58:24.999Z</time>
      </trkpt>
      <trkpt lat="49.760121" lon="14.527614">
        <ele>389.996498</ele>
        <time>2026-05-06T09:58:28.998Z</time>
      </trkpt>
      <trkpt lat="49.760001" lon="14.527630">
        <ele>390.185681</ele>
        <time>2026-05-06T09:59:01.000Z</time>
      </trkpt>
      <trkpt lat="49.759881" lon="14.527577">
        <ele>390.381688</ele>
        <time>2026-05-06T09:59:05.000Z</time>
      </trkpt>
      <trkpt lat="49.759773" lon="14.527535">
        <ele>390.556595</ele>
        <time>2026-05-06T09:59:08.000Z</time>
      </trkpt>
      <trkpt lat="49.759655" lon="14.527479">
        <ele>390.750453</ele>
        <time>2026-05-06T09:59:11.000Z</time>
      </trkpt>
      <trkpt lat="49.759525" lon="14.527442">
        <ele>390.958067</ele>
        <time>2026-05-06T09:59:14.000Z</time>
      </trkpt>
      <trkpt lat="49.759392" lon="14.527443">
        <ele>391.219180</ele>
        <time>2026-05-06T09:59:17.000Z</time>
      </trkpt>
      <trkpt lat="49.759303" lon="14.527477">
        <ele>391.402945</ele>
        <time>2026-05-06T09:59:19.000Z</time>
      </trkpt>
      <trkpt lat="49.759215" lon="14.527530">
        <ele>391.592235</ele>
        <time>2026-05-06T09:59:21.000Z</time>
      </trkpt>
      <trkpt lat="49.759127" lon="14.527596">
        <ele>391.788257</ele>
        <time>2026-05-06T09:59:23.000Z</time>
      </trkpt>
      <trkpt lat="49.759039" lon="14.527654">
        <ele>391.979989</ele>
        <time>2026-05-06T09:59:25.000Z</time>
      </trkpt>
      <trkpt lat="49.758951" lon="14.527710">
        <ele>392.170722</ele>
        <time>2026-05-06T09:59:26.999Z</time>
      </trkpt>
      <trkpt lat="49.758827" lon="14.527795">
        <ele>392.442579</ele>
        <time>2026-05-06T09:59:29.999Z</time>
      </trkpt>
      <trkpt lat="49.758738" lon="14.527864">
        <ele>392.642117</ele>
        <time>2026-05-06T09:59:31.999Z</time>
      </trkpt>
      <trkpt lat="49.758651" lon="14.527926">
        <ele>392.834114</ele>
        <time>2026-05-06T09:59:33.999Z</time>
      </trkpt>
      <trkpt lat="49.758567" lon="14.527979">
        <ele>393.015954</ele>
        <time>2026-05-06T09:59:35.999Z</time>
      </trkpt>
      <trkpt lat="49.758481" lon="14.528051">
        <ele>393.211952</ele>
        <time>2026-05-06T09:59:37.999Z</time>
      </trkpt>
      <trkpt lat="49.758400" lon="14.528113">
        <ele>393.393094</ele>
        <time>2026-05-06T09:59:39.999Z</time>
      </trkpt>
      <trkpt lat="49.758284" lon="14.528208">
        <ele>393.656171</ele>
        <time>2026-05-06T09:59:42.999Z</time>
      </trkpt>
      <trkpt lat="49.758162" lon="14.528290">
        <ele>393.922796</ele>
        <time>2026-05-06T09:59:45.999Z</time>
      </trkpt>
      <trkpt lat="49.758043" lon="14.528386">
        <ele>394.191799</ele>
        <time>2026-05-06T09:59:48.999Z</time>
      </trkpt>
      <trkpt lat="49.757958" lon="14.528442">
        <ele>394.376984</ele>
        <time>2026-05-06T09:59:50.999Z</time>
      </trkpt>
      <trkpt lat="49.757840" lon="14.528526">
        <ele>394.661977</ele>
        <time>2026-05-06T09:59:53.999Z</time>
      </trkpt>
      <trkpt lat="49.757721" lon="14.528610">
        <ele>395.044367</ele>
        <time>2026-05-06T09:59:56.999Z</time>
      </trkpt>
      <trkpt lat="49.757603" lon="14.528695">
        <ele>395.424893</ele>
        <time>2026-05-06T09:59:59.999Z</time>
      </trkpt>
      <trkpt lat="49.757519" lon="14.528756">
        <ele>395.696168</ele>
        <time>2026-05-06T10:00:01.999Z</time>
      </trkpt>
      <trkpt lat="49.757407" lon="14.528813">
        <ele>396.040869</ele>
        <time>2026-05-06T10:00:04.999Z</time>
      </trkpt>
      <trkpt lat="49.757295" lon="14.528888">
        <ele>396.397654</ele>
        <time>2026-05-06T10:00:07.999Z</time>
      </trkpt>
      <trkpt lat="49.757188" lon="14.528958">
        <ele>396.737284</ele>
        <time>2026-05-06T10:00:10.999Z</time>
      </trkpt>
      <trkpt lat="49.757073" lon="14.529040">
        <ele>397.107470</ele>
        <time>2026-05-06T10:00:13.999Z</time>
      </trkpt>
      <trkpt lat="49.756971" lon="14.529098">
        <ele>397.425175</ele>
        <time>2026-05-06T10:00:16.999Z</time>
      </trkpt>
      <trkpt lat="49.756878" lon="14.529167">
        <ele>397.726702</ele>
        <time>2026-05-06T10:00:19.999Z</time>
      </trkpt>
      <trkpt lat="49.756773" lon="14.529235">
        <ele>398.059478</ele>
        <time>2026-05-06T10:00:22.999Z</time>
      </trkpt>
      <trkpt lat="49.756676" lon="14.529275">
        <ele>398.352970</ele>
        <time>2026-05-06T10:00:25.999Z</time>
      </trkpt>
      <trkpt lat="49.756575" lon="14.529335">
        <ele>398.669266</ele>
        <time>2026-05-06T10:00:28.999Z</time>
      </trkpt>
      <trkpt lat="49.756473" lon="14.529394">
        <ele>398.987627</ele>
        <time>2026-05-06T10:00:31.999Z</time>
      </trkpt>
      <trkpt lat="49.756366" lon="14.529434">
        <ele>399.309459</ele>
        <time>2026-05-06T10:00:34.999Z</time>
      </trkpt>
      <trkpt lat="49.756249" lon="14.529480">
        <ele>399.662397</ele>
        <time>2026-05-06T10:00:38.998Z</time>
      </trkpt>
      <trkpt lat="49.756160" lon="14.529523">
        <ele>399.921414</ele>
        <time>2026-05-06T10:00:41.998Z</time>
      </trkpt>
      <trkpt lat="49.756046" lon="14.529567">
        <ele>400.214588</ele>
        <time>2026-05-06T10:00:44.998Z</time>
      </trkpt>
      <trkpt lat="49.755931" lon="14.529594">
        <ele>400.504829</ele>
        <time>2026-05-06T10:00:48.998Z</time>
      </trkpt>
      <trkpt lat="49.755839" lon="14.529589">
        <ele>400.734537</ele>
        <time>2026-05-06T10:00:51.998Z</time>
      </trkpt>
      <trkpt lat="49.755738" lon="14.529625">
        <ele>400.993157</ele>
        <time>2026-05-06T10:00:54.998Z</time>
      </trkpt>
      <trkpt lat="49.755639" lon="14.529659">
        <ele>401.246199</ele>
        <time>2026-05-06T10:00:57.998Z</time>
      </trkpt>
      <trkpt lat="49.755539" lon="14.529675">
        <ele>401.497057</ele>
        <time>2026-05-06T10:01:00.998Z</time>
      </trkpt>
      <trkpt lat="49.755435" lon="14.529709">
        <ele>401.762293</ele>
        <time>2026-05-06T10:01:03.998Z</time>
      </trkpt>
      <trkpt lat="49.755335" lon="14.529751">
        <ele>402.020845</ele>
        <time>2026-05-06T10:01:07.000Z</time>
      </trkpt>
      <trkpt lat="49.755225" lon="14.529806">
        <ele>402.309293</ele>
        <time>2026-05-06T10:01:10.000Z</time>
      </trkpt>
      <trkpt lat="49.755111" lon="14.529845">
        <ele>402.600621</ele>
        <time>2026-05-06T10:01:13.000Z</time>
      </trkpt>
      <trkpt lat="49.754993" lon="14.529898">
        <ele>402.907212</ele>
        <time>2026-05-06T10:01:16.000Z</time>
      </trkpt>
      <trkpt lat="49.754880" lon="14.529952">
        <ele>403.202312</ele>
        <time>2026-05-06T10:01:19.000Z</time>
      </trkpt>
      <trkpt lat="49.754763" lon="14.529992">
        <ele>403.501298</ele>
        <time>2026-05-06T10:01:22.000Z</time>
      </trkpt>
      <trkpt lat="49.754656" lon="14.530027">
        <ele>403.774191</ele>
        <time>2026-05-06T10:01:25.000Z</time>
      </trkpt>
      <trkpt lat="49.754561" lon="14.530052">
        <ele>404.014646</ele>
        <time>2026-05-06T10:01:28.000Z</time>
      </trkpt>
      <trkpt lat="49.754466" lon="14.530111">
        <ele>404.270069</ele>
        <time>2026-05-06T10:01:31.000Z</time>
      </trkpt>
      <trkpt lat="49.754376" lon="14.530129">
        <ele>404.559485</ele>
        <time>2026-05-06T10:01:34.000Z</time>
      </trkpt>
      <trkpt lat="49.754286" lon="14.530164">
        <ele>404.878874</ele>
        <time>2026-05-06T10:01:36.999Z</time>
      </trkpt>
      <trkpt lat="49.754196" lon="14.530230">
        <ele>405.221642</ele>
        <time>2026-05-06T10:01:39.999Z</time>
      </trkpt>
      <trkpt lat="49.754108" lon="14.530268">
        <ele>405.536086</ele>
        <time>2026-05-06T10:01:42.999Z</time>
      </trkpt>
      <trkpt lat="49.754012" lon="14.530274">
        <ele>405.866767</ele>
        <time>2026-05-06T10:01:45.999Z</time>
      </trkpt>
      <trkpt lat="49.753920" lon="14.530283">
        <ele>406.184044</ele>
        <time>2026-05-06T10:01:48.999Z</time>
      </trkpt>
      <trkpt lat="49.753823" lon="14.530285">
        <ele>406.517927</ele>
        <time>2026-05-06T10:01:52.999Z</time>
      </trkpt>
      <trkpt lat="49.753714" lon="14.530286">
        <ele>406.893089</ele>
        <time>2026-05-06T10:01:56.999Z</time>
      </trkpt>
      <trkpt lat="49.753607" lon="14.530304">
        <ele>407.263529</ele>
        <time>2026-05-06T10:02:00.999Z</time>
      </trkpt>
      <trkpt lat="49.753494" lon="14.530321">
        <ele>407.654284</ele>
        <time>2026-05-06T10:02:04.999Z</time>
      </trkpt>
      <trkpt lat="49.753403" lon="14.530323">
        <ele>407.967519</ele>
        <time>2026-05-06T10:02:08.999Z</time>
      </trkpt>
      <trkpt lat="49.753304" lon="14.530338">
        <ele>408.309885</ele>
        <time>2026-05-06T10:02:12.999Z</time>
      </trkpt>
      <trkpt lat="49.753201" lon="14.530329">
        <ele>408.664954</ele>
        <time>2026-05-06T10:02:16.999Z</time>
      </trkpt>
      <trkpt lat="49.753099" lon="14.530320">
        <ele>409.016587</ele>
        <time>2026-05-06T10:02:20.999Z</time>
      </trkpt>
      <trkpt lat="49.752998" lon="14.530349">
        <ele>409.370138</ele>
        <time>2026-05-06T10:02:25.999Z</time>
      </trkpt>
      <trkpt lat="49.752976" lon="14.530495">
        <ele>409.703510</ele>
        <time>2026-05-06T10:02:29.999Z</time>
      </trkpt>
      <trkpt lat="49.753050" lon="14.530747">
        <ele>410.319043</ele>
        <time>2026-05-06T10:03:39.999Z</time>
      </trkpt>
      <trkpt lat="49.753061" lon="14.530899">
        <ele>410.609688</ele>
        <time>2026-05-06T10:03:43.999Z</time>
      </trkpt>
      <trkpt lat="49.753072" lon="14.531045">
        <ele>410.819470</ele>
        <time>2026-05-06T10:03:47.999Z</time>
      </trkpt>
      <trkpt lat="49.753073" lon="14.531203">
        <ele>411.044978</ele>
        <time>2026-05-06T10:03:51.999Z</time>
      </trkpt>
      <trkpt lat="49.753076" lon="14.531351">
        <ele>411.256306</ele>
        <time>2026-05-06T10:03:55.999Z</time>
      </trkpt>
      <trkpt lat="49.753075" lon="14.531502">
        <ele>411.471824</ele>
        <time>2026-05-06T10:03:59.999Z</time>
      </trkpt>
      <trkpt lat="49.753060" lon="14.531645">
        <ele>411.678585</ele>
        <time>2026-05-06T10:04:03.999Z</time>
      </trkpt>
      <trkpt lat="49.753034" lon="14.531795">
        <ele>411.900235</ele>
        <time>2026-05-06T10:04:07.999Z</time>
      </trkpt>
      <trkpt lat="49.753003" lon="14.531954">
        <ele>412.137266</ele>
        <time>2026-05-06T10:04:11.999Z</time>
      </trkpt>
      <trkpt lat="49.752962" lon="14.532095">
        <ele>412.357943</ele>
        <time>2026-05-06T10:04:15.999Z</time>
      </trkpt>
      <trkpt lat="49.752938" lon="14.532278">
        <ele>412.624446</ele>
        <time>2026-05-06T10:04:19.999Z</time>
      </trkpt>
      <trkpt lat="49.752885" lon="14.532425">
        <ele>412.864701</ele>
        <time>2026-05-06T10:04:22.999Z</time>
      </trkpt>
      <trkpt lat="49.752844" lon="14.532576">
        <ele>413.098466</ele>
        <time>2026-05-06T10:04:25.999Z</time>
      </trkpt>
      <trkpt lat="49.752852" lon="14.532741">
        <ele>413.334616</ele>
        <time>2026-05-06T10:04:28.999Z</time>
      </trkpt>
      <trkpt lat="49.752860" lon="14.532925">
        <ele>413.597815</ele>
        <time>2026-05-06T10:04:31.999Z</time>
      </trkpt>
      <trkpt lat="49.752873" lon="14.533119">
        <ele>413.876177</ele>
        <time>2026-05-06T10:04:34.999Z</time>
      </trkpt>
      <trkpt lat="49.752892" lon="14.533265">
        <ele>414.088733</ele>
        <time>2026-05-06T10:04:36.999Z</time>
      </trkpt>
      <trkpt lat="49.752922" lon="14.533407">
        <ele>414.301955</ele>
        <time>2026-05-06T10:04:38.999Z</time>
      </trkpt>
      <trkpt lat="49.752937" lon="14.533548">
        <ele>414.501682</ele>
        <time>2026-05-06T10:04:40.999Z</time>
      </trkpt>
      <trkpt lat="49.752967" lon="14.533708">
        <ele>414.653435</ele>
        <time>2026-05-06T10:04:43.999Z</time>
      </trkpt>
      <trkpt lat="49.753119" lon="14.533695">
        <ele>414.868058</ele>
        <time>2026-05-06T10:04:44.999Z</time>
      </trkpt>
      <trkpt lat="49.753210" lon="14.533676">
        <ele>414.997516</ele>
        <time>2026-05-06T10:04:46.998Z</time>
      </trkpt>
      <trkpt lat="49.753316" lon="14.533658">
        <ele>415.147856</ele>
        <time>2026-05-06T10:04:50.998Z</time>
      </trkpt>
      <trkpt lat="49.753408" lon="14.533615">
        <ele>415.283346</ele>
        <time>2026-05-06T10:04:55.998Z</time>
      </trkpt>
      <trkpt lat="49.753081" lon="14.533584">
        <ele>415.745228</ele>
        <time>2026-05-06T10:20:28.000Z</time>
      </trkpt>
      <trkpt lat="49.752981" lon="14.533626">
        <ele>415.891311</ele>
        <time>2026-05-06T10:20:32.999Z</time>
      </trkpt>
      <trkpt lat="49.752926" lon="14.533772">
        <ele>416.045254</ele>
        <time>2026-05-06T10:20:35.999Z</time>
      </trkpt>
      <trkpt lat="49.752919" lon="14.533969">
        <ele>416.224968</ele>
        <time>2026-05-06T10:20:38.999Z</time>
      </trkpt>
      <trkpt lat="49.752895" lon="14.534108">
        <ele>416.356023</ele>
        <time>2026-05-06T10:20:40.999Z</time>
      </trkpt>
      <trkpt lat="49.752862" lon="14.534247">
        <ele>416.490913</ele>
        <time>2026-05-06T10:20:42.999Z</time>
      </trkpt>
      <trkpt lat="49.752814" lon="14.534379">
        <ele>416.628885</ele>
        <time>2026-05-06T10:20:44.999Z</time>
      </trkpt>
      <trkpt lat="49.752763" lon="14.534508">
        <ele>416.766642</ele>
        <time>2026-05-06T10:20:46.999Z</time>
      </trkpt>
      <trkpt lat="49.752698" lon="14.534616">
        <ele>416.901087</ele>
        <time>2026-05-06T10:20:48.999Z</time>
      </trkpt>
      <trkpt lat="49.752625" lon="14.534717">
        <ele>417.030826</ele>
        <time>2026-05-06T10:20:50.999Z</time>
      </trkpt>
      <trkpt lat="49.752547" lon="14.534825">
        <ele>417.043549</ele>
        <time>2026-05-06T10:20:52.999Z</time>
      </trkpt>
      <trkpt lat="49.752472" lon="14.534922">
        <ele>417.055430</ele>
        <time>2026-05-06T10:20:54.999Z</time>
      </trkpt>
      <trkpt lat="49.752387" lon="14.535065">
        <ele>417.070691</ele>
        <time>2026-05-06T10:20:56.999Z</time>
      </trkpt>
      <trkpt lat="49.752310" lon="14.535158">
        <ele>417.082564</ele>
        <time>2026-05-06T10:20:58.999Z</time>
      </trkpt>
      <trkpt lat="49.752250" lon="14.535290">
        <ele>417.095240</ele>
        <time>2026-05-06T10:21:00.999Z</time>
      </trkpt>
      <trkpt lat="49.752163" lon="14.535360">
        <ele>417.107160</ele>
        <time>2026-05-06T10:21:02.999Z</time>
      </trkpt>
      <trkpt lat="49.752042" lon="14.535435">
        <ele>417.123005</ele>
        <time>2026-05-06T10:21:05.999Z</time>
      </trkpt>
      <trkpt lat="49.751958" lon="14.535530">
        <ele>417.135652</ele>
        <time>2026-05-06T10:21:08.999Z</time>
      </trkpt>
      <trkpt lat="49.751867" lon="14.535666">
        <ele>417.151029</ele>
        <time>2026-05-06T10:21:11.999Z</time>
      </trkpt>
      <trkpt lat="49.751798" lon="14.535786">
        <ele>417.163646</ele>
        <time>2026-05-06T10:21:14.999Z</time>
      </trkpt>
      <trkpt lat="49.751723" lon="14.535886">
        <ele>417.175680</ele>
        <time>2026-05-06T10:21:17.999Z</time>
      </trkpt>
      <trkpt lat="49.751665" lon="14.535998">
        <ele>417.186953</ele>
        <time>2026-05-06T10:21:20.999Z</time>
      </trkpt>
      <trkpt lat="49.751605" lon="14.536140">
        <ele>417.200280</ele>
        <time>2026-05-06T10:21:23.999Z</time>
      </trkpt>
      <trkpt lat="49.751520" lon="14.536244">
        <ele>417.213451</ele>
        <time>2026-05-06T10:21:26.999Z</time>
      </trkpt>
      <trkpt lat="49.751438" lon="14.536355">
        <ele>417.226694</ele>
        <time>2026-05-06T10:21:29.999Z</time>
      </trkpt>
      <trkpt lat="49.751347" lon="14.536466">
        <ele>417.240779</ele>
        <time>2026-05-06T10:21:32.999Z</time>
      </trkpt>
      <trkpt lat="49.751250" lon="14.536578">
        <ele>417.211681</ele>
        <time>2026-05-06T10:21:35.999Z</time>
      </trkpt>
      <trkpt lat="49.751134" lon="14.536669">
        <ele>417.125629</ele>
        <time>2026-05-06T10:21:38.999Z</time>
      </trkpt>
      <trkpt lat="49.751023" lon="14.536752">
        <ele>417.044059</ele>
        <time>2026-05-06T10:21:41.998Z</time>
      </trkpt>
      <trkpt lat="49.750907" lon="14.536824">
        <ele>416.961361</ele>
        <time>2026-05-06T10:21:44.998Z</time>
      </trkpt>
      <trkpt lat="49.750798" lon="14.536846">
        <ele>416.888626</ele>
        <time>2026-05-06T10:21:47.998Z</time>
      </trkpt>
      <trkpt lat="49.750684" lon="14.536825">
        <ele>416.812661</ele>
        <time>2026-05-06T10:21:51.998Z</time>
      </trkpt>
      <trkpt lat="49.750614" lon="14.536730">
        <ele>416.751058</ele>
        <time>2026-05-06T10:21:55.998Z</time>
      </trkpt>
      <trkpt lat="49.750541" lon="14.536637">
        <ele>416.688495</ele>
        <time>2026-05-06T10:21:59.998Z</time>
      </trkpt>
      <trkpt lat="49.750456" lon="14.536514">
        <ele>416.611498</ele>
        <time>2026-05-06T10:22:03.998Z</time>
      </trkpt>
      <trkpt lat="49.750381" lon="14.536407">
        <ele>416.544003</ele>
        <time>2026-05-06T10:22:07.000Z</time>
      </trkpt>
      <trkpt lat="49.750299" lon="14.536303">
        <ele>416.473854</ele>
        <time>2026-05-06T10:22:10.000Z</time>
      </trkpt>
      <trkpt lat="49.750197" lon="14.536203">
        <ele>416.393960</ele>
        <time>2026-05-06T10:22:13.000Z</time>
      </trkpt>
      <trkpt lat="49.750086" lon="14.536123">
        <ele>416.312939</ele>
        <time>2026-05-06T10:22:16.000Z</time>
      </trkpt>
      <trkpt lat="49.749969" lon="14.536057">
        <ele>416.230540</ele>
        <time>2026-05-06T10:22:19.000Z</time>
      </trkpt>
      <trkpt lat="49.749854" lon="14.536010">
        <ele>416.151837</ele>
        <time>2026-05-06T10:22:22.000Z</time>
      </trkpt>
      <trkpt lat="49.749734" lon="14.536025">
        <ele>416.072176</ele>
        <time>2026-05-06T10:22:25.000Z</time>
      </trkpt>
      <trkpt lat="49.749633" lon="14.536050">
        <ele>416.176733</ele>
        <time>2026-05-06T10:22:28.000Z</time>
      </trkpt>
      <trkpt lat="49.749530" lon="14.536107">
        <ele>416.334990</ele>
        <time>2026-05-06T10:22:31.000Z</time>
      </trkpt>
      <trkpt lat="49.749437" lon="14.536161">
        <ele>416.478696</ele>
        <time>2026-05-06T10:22:32.999Z</time>
      </trkpt>
      <trkpt lat="49.749317" lon="14.536245">
        <ele>416.669239</ele>
        <time>2026-05-06T10:22:35.999Z</time>
      </trkpt>
      <trkpt lat="49.749203" lon="14.536337">
        <ele>416.855246</ele>
        <time>2026-05-06T10:22:38.999Z</time>
      </trkpt>
      <trkpt lat="49.749090" lon="14.536420">
        <ele>417.036207</ele>
        <time>2026-05-06T10:22:41.999Z</time>
      </trkpt>
      <trkpt lat="49.748967" lon="14.536485">
        <ele>417.224247</ele>
        <time>2026-05-06T10:22:44.999Z</time>
      </trkpt>
      <trkpt lat="49.748838" lon="14.536508">
        <ele>417.412113</ele>
        <time>2026-05-06T10:22:47.999Z</time>
      </trkpt>
      <trkpt lat="49.748713" lon="14.536494">
        <ele>417.593431</ele>
        <time>2026-05-06T10:22:50.999Z</time>
      </trkpt>
      <trkpt lat="49.748588" lon="14.536458">
        <ele>417.777381</ele>
        <time>2026-05-06T10:22:53.999Z</time>
      </trkpt>
      <trkpt lat="49.748477" lon="14.536381">
        <ele>417.953365</ele>
        <time>2026-05-06T10:22:56.999Z</time>
      </trkpt>
      <trkpt lat="49.748378" lon="14.536292">
        <ele>418.119006</ele>
        <time>2026-05-06T10:22:59.999Z</time>
      </trkpt>
      <trkpt lat="49.748265" lon="14.536207">
        <ele>418.300777</ele>
        <time>2026-05-06T10:23:02.999Z</time>
      </trkpt>
      <trkpt lat="49.748155" lon="14.536112">
        <ele>418.483023</ele>
        <time>2026-05-06T10:23:05.999Z</time>
      </trkpt>
      <trkpt lat="49.748047" lon="14.536028">
        <ele>418.657895</ele>
        <time>2026-05-06T10:23:08.999Z</time>
      </trkpt>
      <trkpt lat="49.747943" lon="14.535925">
        <ele>418.980774</ele>
        <time>2026-05-06T10:23:11.999Z</time>
      </trkpt>
      <trkpt lat="49.747846" lon="14.535857">
        <ele>419.261262</ele>
        <time>2026-05-06T10:23:14.999Z</time>
      </trkpt>
      <trkpt lat="49.747756" lon="14.535795">
        <ele>419.520747</ele>
        <time>2026-05-06T10:23:17.999Z</time>
      </trkpt>
      <trkpt lat="49.747666" lon="14.535726">
        <ele>419.785301</ele>
        <time>2026-05-06T10:23:20.999Z</time>
      </trkpt>
      <trkpt lat="49.747571" lon="14.535636">
        <ele>420.078693</ele>
        <time>2026-05-06T10:23:24.999Z</time>
      </trkpt>
      <trkpt lat="49.747465" lon="14.535555">
        <ele>420.390078</ele>
        <time>2026-05-06T10:23:28.999Z</time>
      </trkpt>
      <trkpt lat="49.747367" lon="14.535479">
        <ele>420.678806</ele>
        <time>2026-05-06T10:23:32.999Z</time>
      </trkpt>
      <trkpt lat="49.747273" lon="14.535429">
        <ele>420.940618</ele>
        <time>2026-05-06T10:23:36.999Z</time>
      </trkpt>
      <trkpt lat="49.747186" lon="14.535348">
        <ele>421.208049</ele>
        <time>2026-05-06T10:23:40.999Z</time>
      </trkpt>
      <trkpt lat="49.747093" lon="14.535300">
        <ele>421.466275</ele>
        <time>2026-05-06T10:23:44.998Z</time>
      </trkpt>
      <trkpt lat="49.747000" lon="14.535234">
        <ele>421.735765</ele>
        <time>2026-05-06T10:23:48.998Z</time>
      </trkpt>
      <trkpt lat="49.746893" lon="14.535165">
        <ele>422.041092</ele>
        <time>2026-05-06T10:23:52.998Z</time>
      </trkpt>
      <trkpt lat="49.746803" lon="14.535112">
        <ele>422.294735</ele>
        <time>2026-05-06T10:23:56.998Z</time>
      </trkpt>
      <trkpt lat="49.746714" lon="14.535061">
        <ele>422.544715</ele>
        <time>2026-05-06T10:24:00.998Z</time>
      </trkpt>
      <trkpt lat="49.746614" lon="14.535019">
        <ele>422.817643</ele>
        <time>2026-05-06T10:24:05.998Z</time>
      </trkpt>
      <trkpt lat="49.746507" lon="14.534982">
        <ele>423.106431</ele>
        <time>2026-05-06T10:24:11.000Z</time>
      </trkpt>
      <trkpt lat="49.746418" lon="14.534935">
        <ele>423.354130</ele>
        <time>2026-05-06T10:24:16.000Z</time>
      </trkpt>
      <trkpt lat="49.746330" lon="14.534864">
        <ele>423.615029</ele>
        <time>2026-05-06T10:24:20.000Z</time>
      </trkpt>
      <trkpt lat="49.746254" lon="14.534715">
        <ele>423.937370</ele>
        <time>2026-05-06T10:24:24.000Z</time>
      </trkpt>
      <trkpt lat="49.746165" lon="14.534666">
        <ele>424.185612</ele>
        <time>2026-05-06T10:24:27.000Z</time>
      </trkpt>
      <trkpt lat="49.746088" lon="14.534589">
        <ele>424.426529</ele>
        <time>2026-05-06T10:24:30.000Z</time>
      </trkpt>
      <trkpt lat="49.746002" lon="14.534509">
        <ele>424.690214</ele>
        <time>2026-05-06T10:24:33.000Z</time>
      </trkpt>
      <trkpt lat="49.745914" lon="14.534418">
        <ele>424.968345</ele>
        <time>2026-05-06T10:24:36.000Z</time>
      </trkpt>
      <trkpt lat="49.745844" lon="14.534314">
        <ele>425.223349</ele>
        <time>2026-05-06T10:24:38.999Z</time>
      </trkpt>
      <trkpt lat="49.745760" lon="14.534248">
        <ele>425.470913</ele>
        <time>2026-05-06T10:24:41.999Z</time>
      </trkpt>
      <trkpt lat="49.745683" lon="14.534154">
        <ele>425.728641</ele>
        <time>2026-05-06T10:24:44.999Z</time>
      </trkpt>
      <trkpt lat="49.745610" lon="14.534047">
        <ele>425.992866</ele>
        <time>2026-05-06T10:24:47.999Z</time>
      </trkpt>
      <trkpt lat="49.745528" lon="14.533981">
        <ele>426.235756</ele>
        <time>2026-05-06T10:24:50.999Z</time>
      </trkpt>
      <trkpt lat="49.745451" lon="14.533867">
        <ele>426.515790</ele>
        <time>2026-05-06T10:24:53.999Z</time>
      </trkpt>
      <trkpt lat="49.745370" lon="14.533797">
        <ele>426.759591</ele>
        <time>2026-05-06T10:24:58.999Z</time>
      </trkpt>
      <trkpt lat="49.745290" lon="14.533711">
        <ele>427.015568</ele>
        <time>2026-05-06T10:25:08.999Z</time>
      </trkpt>
      <trkpt lat="49.745204" lon="14.533604">
        <ele>427.305550</ele>
        <time>2026-05-06T10:25:14.999Z</time>
      </trkpt>
      <trkpt lat="49.745138" lon="14.533499">
        <ele>427.554294</ele>
        <time>2026-05-06T10:25:20.999Z</time>
      </trkpt>
      <trkpt lat="49.745426" lon="14.533821">
        <ele>428.399214</ele>
        <time>2026-05-06T11:27:53.000Z</time>
      </trkpt>
      <trkpt lat="49.745520" lon="14.533925">
        <ele>428.628603</ele>
        <time>2026-05-06T11:27:56.000Z</time>
      </trkpt>
      <trkpt lat="49.745608" lon="14.534027">
        <ele>428.846865</ele>
        <time>2026-05-06T11:27:59.000Z</time>
      </trkpt>
      <trkpt lat="49.745693" lon="14.534143">
        <ele>429.071842</ele>
        <time>2026-05-06T11:28:02.000Z</time>
      </trkpt>
      <trkpt lat="49.745765" lon="14.534245">
        <ele>429.265619</ele>
        <time>2026-05-06T11:28:04.999Z</time>
      </trkpt>
      <trkpt lat="49.745849" lon="14.534328">
        <ele>429.463464</ele>
        <time>2026-05-06T11:28:07.999Z</time>
      </trkpt>
      <trkpt lat="49.745922" lon="14.534413">
        <ele>429.644819</ele>
        <time>2026-05-06T11:28:10.999Z</time>
      </trkpt>
      <trkpt lat="49.746007" lon="14.534505">
        <ele>429.850732</ele>
        <time>2026-05-06T11:28:13.999Z</time>
      </trkpt>
      <trkpt lat="49.746075" lon="14.534610">
        <ele>430.041425</ele>
        <time>2026-05-06T11:28:16.999Z</time>
      </trkpt>
      <trkpt lat="49.746169" lon="14.534694">
        <ele>430.256906</ele>
        <time>2026-05-06T11:28:20.999Z</time>
      </trkpt>
      <trkpt lat="49.746245" lon="14.534785">
        <ele>430.447665</ele>
        <time>2026-05-06T11:28:23.999Z</time>
      </trkpt>
      <trkpt lat="49.746310" lon="14.534919">
        <ele>430.662598</ele>
        <time>2026-05-06T11:28:28.999Z</time>
      </trkpt>
      <trkpt lat="49.746212" lon="14.534952">
        <ele>430.861696</ele>
        <time>2026-05-06T11:28:33.999Z</time>
      </trkpt>
      <trkpt lat="49.746106" lon="14.534947">
        <ele>431.072221</ele>
        <time>2026-05-06T11:28:38.999Z</time>
      </trkpt>
      <trkpt lat="49.746011" lon="14.534954">
        <ele>431.261025</ele>
        <time>2026-05-06T11:28:42.999Z</time>
      </trkpt>
      <trkpt lat="49.745896" lon="14.534975">
        <ele>431.490902</ele>
        <time>2026-05-06T11:28:47.999Z</time>
      </trkpt>
      <trkpt lat="49.745797" lon="14.534981">
        <ele>431.687584</ele>
        <time>2026-05-06T11:28:51.999Z</time>
      </trkpt>
      <trkpt lat="49.745676" lon="14.534977">
        <ele>432.348411</ele>
        <time>2026-05-06T11:28:55.999Z</time>
      </trkpt>
      <trkpt lat="49.745561" lon="14.534986">
        <ele>432.990996</ele>
        <time>2026-05-06T11:28:59.999Z</time>
      </trkpt>
      <trkpt lat="49.745449" lon="14.535000">
        <ele>433.618055</ele>
        <time>2026-05-06T11:29:03.999Z</time>
      </trkpt>
      <trkpt lat="49.745357" lon="14.535001">
        <ele>434.131479</ele>
        <time>2026-05-06T11:29:06.999Z</time>
      </trkpt>
      <trkpt lat="49.745246" lon="14.535005">
        <ele>434.751090</ele>
        <time>2026-05-06T11:29:10.999Z</time>
      </trkpt>
      <trkpt lat="49.745144" lon="14.535027">
        <ele>435.325809</ele>
        <time>2026-05-06T11:29:14.998Z</time>
      </trkpt>
      <trkpt lat="49.745028" lon="14.535042">
        <ele>435.975410</ele>
        <time>2026-05-06T11:29:18.998Z</time>
      </trkpt>
      <trkpt lat="49.744914" lon="14.535058">
        <ele>436.614205</ele>
        <time>2026-05-06T11:29:22.998Z</time>
      </trkpt>
      <trkpt lat="49.744807" lon="14.535061">
        <ele>437.211424</ele>
        <time>2026-05-06T11:29:26.998Z</time>
      </trkpt>
      <trkpt lat="49.744711" lon="14.535062">
        <ele>437.747170</ele>
        <time>2026-05-06T11:29:30.998Z</time>
      </trkpt>
      <trkpt lat="49.744602" lon="14.535068">
        <ele>438.355836</ele>
        <time>2026-05-06T11:29:35.998Z</time>
      </trkpt>
      <trkpt lat="49.744494" lon="14.535074">
        <ele>438.958925</ele>
        <time>2026-05-06T11:29:41.000Z</time>
      </trkpt>
      <trkpt lat="49.744388" lon="14.535084">
        <ele>439.551563</ele>
        <time>2026-05-06T11:29:46.000Z</time>
      </trkpt>
      <trkpt lat="49.744292" lon="14.535087">
        <ele>440.087406</ele>
        <time>2026-05-06T11:29:51.000Z</time>
      </trkpt>
      <trkpt lat="49.744186" lon="14.535106">
        <ele>440.682901</ele>
        <time>2026-05-06T11:29:56.000Z</time>
      </trkpt>
      <trkpt lat="49.744076" lon="14.535120">
        <ele>441.298835</ele>
        <time>2026-05-06T11:30:02.000Z</time>
      </trkpt>
      <trkpt lat="49.743970" lon="14.535123">
        <ele>441.901741</ele>
        <time>2026-05-06T11:30:07.000Z</time>
      </trkpt>
      <trkpt lat="49.743873" lon="14.535121">
        <ele>442.481859</ele>
        <time>2026-05-06T11:30:11.999Z</time>
      </trkpt>
      <trkpt lat="49.743771" lon="14.535115">
        <ele>443.092265</ele>
        <time>2026-05-06T11:30:16.999Z</time>
      </trkpt>
      <trkpt lat="49.743674" lon="14.535114">
        <ele>443.672344</ele>
        <time>2026-05-06T11:30:21.999Z</time>
      </trkpt>
      <trkpt lat="49.743580" lon="14.535122">
        <ele>444.235319</ele>
        <time>2026-05-06T11:30:26.999Z</time>
      </trkpt>
      <trkpt lat="49.743480" lon="14.535131">
        <ele>444.834335</ele>
        <time>2026-05-06T11:30:32.999Z</time>
      </trkpt>
      <trkpt lat="49.743378" lon="14.535146">
        <ele>445.447049</ele>
        <time>2026-05-06T11:30:38.999Z</time>
      </trkpt>
      <trkpt lat="49.743286" lon="14.535136">
        <ele>445.998570</ele>
        <time>2026-05-06T11:30:44.999Z</time>
      </trkpt>
      <trkpt lat="49.743183" lon="14.535151">
        <ele>446.617238</ele>
        <time>2026-05-06T11:30:50.999Z</time>
      </trkpt>
      <trkpt lat="49.743089" lon="14.535161">
        <ele>447.180690</ele>
        <time>2026-05-06T11:30:56.999Z</time>
      </trkpt>
      <trkpt lat="49.742988" lon="14.535168">
        <ele>447.785282</ele>
        <time>2026-05-06T11:31:02.999Z</time>
      </trkpt>
      <trkpt lat="49.742891" lon="14.535178">
        <ele>448.366633</ele>
        <time>2026-05-06T11:31:08.999Z</time>
      </trkpt>
      <trkpt lat="49.742781" lon="14.535188">
        <ele>449.025574</ele>
        <time>2026-05-06T11:31:13.999Z</time>
      </trkpt>
      <trkpt lat="49.742678" lon="14.535216">
        <ele>449.650952</ele>
        <time>2026-05-06T11:31:20.998Z</time>
      </trkpt>
      <trkpt lat="49.742582" lon="14.535224">
        <ele>450.225869</ele>
        <time>2026-05-06T11:31:26.998Z</time>
      </trkpt>
      <trkpt lat="49.742480" lon="14.535234">
        <ele>450.837058</ele>
        <time>2026-05-06T11:31:33.998Z</time>
      </trkpt>
      <trkpt lat="49.742387" lon="14.535253">
        <ele>451.398030</ele>
        <time>2026-05-06T11:31:39.998Z</time>
      </trkpt>
      <trkpt lat="49.742285" lon="14.535246">
        <ele>452.008595</ele>
        <time>2026-05-06T11:31:46.000Z</time>
      </trkpt>
      <trkpt lat="49.742179" lon="14.535266">
        <ele>452.642412</ele>
        <time>2026-05-06T11:31:52.000Z</time>
      </trkpt>
      <trkpt lat="49.742069" lon="14.535274">
        <ele>453.281104</ele>
        <time>2026-05-06T11:31:57.000Z</time>
      </trkpt>
      <trkpt lat="49.741956" lon="14.535278">
        <ele>453.936663</ele>
        <time>2026-05-06T11:32:02.000Z</time>
      </trkpt>
      <trkpt lat="49.741865" lon="14.535285">
        <ele>454.465104</ele>
        <time>2026-05-06T11:32:06.000Z</time>
      </trkpt>
      <trkpt lat="49.741759" lon="14.535293">
        <ele>455.080623</ele>
        <time>2026-05-06T11:32:10.999Z</time>
      </trkpt>
      <trkpt lat="49.741651" lon="14.535301">
        <ele>455.707727</ele>
        <time>2026-05-06T11:32:15.999Z</time>
      </trkpt>
      <trkpt lat="49.741541" lon="14.535313">
        <ele>456.347298</ele>
        <time>2026-05-06T11:32:20.999Z</time>
      </trkpt>
      <trkpt lat="49.741436" lon="14.535313">
        <ele>456.956286</ele>
        <time>2026-05-06T11:32:25.999Z</time>
      </trkpt>
      <trkpt lat="49.741338" lon="14.535322">
        <ele>457.525675</ele>
        <time>2026-05-06T11:32:30.999Z</time>
      </trkpt>
      <trkpt lat="49.741238" lon="14.535321">
        <ele>458.105676</ele>
        <time>2026-05-06T11:32:35.999Z</time>
      </trkpt>
      <trkpt lat="49.741147" lon="14.535335">
        <ele>458.636068</ele>
        <time>2026-05-06T11:32:40.999Z</time>
      </trkpt>
      <trkpt lat="49.741055" lon="14.535348">
        <ele>459.171877</ele>
        <time>2026-05-06T11:32:45.999Z</time>
      </trkpt>
      <trkpt lat="49.740963" lon="14.535351">
        <ele>459.705585</ele>
        <time>2026-05-06T11:32:50.999Z</time>
      </trkpt>
      <trkpt lat="49.740874" lon="14.535366">
        <ele>460.224828</ele>
        <time>2026-05-06T11:32:55.999Z</time>
      </trkpt>
      <trkpt lat="49.740780" lon="14.535374">
        <ele>460.770841</ele>
        <time>2026-05-06T11:33:00.999Z</time>
      </trkpt>
      <trkpt lat="49.740683" lon="14.535383">
        <ele>461.334441</ele>
        <time>2026-05-06T11:33:05.999Z</time>
      </trkpt>
      <trkpt lat="49.740583" lon="14.535383">
        <ele>461.914429</ele>
        <time>2026-05-06T11:33:10.999Z</time>
      </trkpt>
      <trkpt lat="49.740479" lon="14.535388">
        <ele>462.517908</ele>
        <time>2026-05-06T11:33:15.999Z</time>
      </trkpt>
      <trkpt lat="49.740381" lon="14.535406">
        <ele>462.976247</ele>
        <time>2026-05-06T11:33:20.998Z</time>
      </trkpt>
      <trkpt lat="49.740277" lon="14.535420">
        <ele>463.173864</ele>
        <time>2026-05-06T11:33:24.998Z</time>
      </trkpt>
      <trkpt lat="49.740176" lon="14.535443">
        <ele>463.367118</ele>
        <time>2026-05-06T11:33:28.998Z</time>
      </trkpt>
      <trkpt lat="49.740080" lon="14.535444">
        <ele>463.548851</ele>
        <time>2026-05-06T11:33:31.998Z</time>
      </trkpt>
      <trkpt lat="49.739977" lon="14.535465">
        <ele>463.745517</ele>
        <time>2026-05-06T11:33:34.998Z</time>
      </trkpt>
      <trkpt lat="49.739856" lon="14.535463">
        <ele>463.974584</ele>
        <time>2026-05-06T11:33:37.998Z</time>
      </trkpt>
      <trkpt lat="49.739735" lon="14.535458">
        <ele>464.203721</ele>
        <time>2026-05-06T11:33:40.998Z</time>
      </trkpt>
      <trkpt lat="49.739644" lon="14.535459">
        <ele>464.375989</ele>
        <time>2026-05-06T11:33:42.998Z</time>
      </trkpt>
      <trkpt lat="49.739542" lon="14.535451">
        <ele>464.569324</ele>
        <time>2026-05-06T11:33:44.998Z</time>
      </trkpt>
      <trkpt lat="49.739451" lon="14.535453">
        <ele>464.741606</ele>
        <time>2026-05-06T11:33:46.998Z</time>
      </trkpt>
      <trkpt lat="49.739358" lon="14.535462">
        <ele>464.918000</ele>
        <time>2026-05-06T11:33:48.998Z</time>
      </trkpt>
      <trkpt lat="49.739260" lon="14.535457">
        <ele>465.103616</ele>
        <time>2026-05-06T11:33:51.000Z</time>
      </trkpt>
      <trkpt lat="49.739157" lon="14.535449">
        <ele>465.298842</ele>
        <time>2026-05-06T11:33:53.000Z</time>
      </trkpt>
      <trkpt lat="49.739061" lon="14.535456">
        <ele>465.480773</ele>
        <time>2026-05-06T11:33:55.000Z</time>
      </trkpt>
      <trkpt lat="49.738940" lon="14.535444">
        <ele>465.710298</ele>
        <time>2026-05-06T11:33:58.000Z</time>
      </trkpt>
      <trkpt lat="49.738813" lon="14.535455">
        <ele>465.951087</ele>
        <time>2026-05-06T11:34:01.000Z</time>
      </trkpt>
      <trkpt lat="49.738699" lon="14.535441">
        <ele>466.167569</ele>
        <time>2026-05-06T11:34:04.000Z</time>
      </trkpt>
      <trkpt lat="49.738599" lon="14.535452">
        <ele>466.429062</ele>
        <time>2026-05-06T11:34:08.000Z</time>
      </trkpt>
      <trkpt lat="49.738500" lon="14.535446">
        <ele>467.043575</ele>
        <time>2026-05-06T11:34:13.000Z</time>
      </trkpt>
      <trkpt lat="49.738408" lon="14.535464">
        <ele>467.618743</ele>
        <time>2026-05-06T11:34:18.000Z</time>
      </trkpt>
      <trkpt lat="49.738307" lon="14.535460">
        <ele>468.245395</ele>
        <time>2026-05-06T11:34:22.999Z</time>
      </trkpt>
      <trkpt lat="49.738198" lon="14.535472">
        <ele>468.923170</ele>
        <time>2026-05-06T11:34:29.999Z</time>
      </trkpt>
      <trkpt lat="49.738104" lon="14.535472">
        <ele>469.506200</ele>
        <time>2026-05-06T11:34:35.999Z</time>
      </trkpt>
      <trkpt lat="49.738005" lon="14.535475">
        <ele>470.120360</ele>
        <time>2026-05-06T11:34:39.999Z</time>
      </trkpt>
      <trkpt lat="49.737908" lon="14.535475">
        <ele>470.721997</ele>
        <time>2026-05-06T11:34:45.999Z</time>
      </trkpt>
      <trkpt lat="49.737785" lon="14.535500">
        <ele>471.491451</ele>
        <time>2026-05-06T11:34:50.999Z</time>
      </trkpt>
      <trkpt lat="49.737692" lon="14.535485">
        <ele>472.071404</ele>
        <time>2026-05-06T11:34:56.999Z</time>
      </trkpt>
      <trkpt lat="49.737592" lon="14.535486">
        <ele>472.691661</ele>
        <time>2026-05-06T11:35:02.999Z</time>
      </trkpt>
      <trkpt lat="49.737498" lon="14.535479">
        <ele>473.275365</ele>
        <time>2026-05-06T11:35:07.999Z</time>
      </trkpt>
      <trkpt lat="49.737390" lon="14.535471">
        <ele>473.945996</ele>
        <time>2026-05-06T11:35:13.999Z</time>
      </trkpt>
      <trkpt lat="49.737294" lon="14.535461">
        <ele>474.542779</ele>
        <time>2026-05-06T11:35:20.999Z</time>
      </trkpt>
      <trkpt lat="49.737187" lon="14.535445">
        <ele>475.209532</ele>
        <time>2026-05-06T11:35:27.999Z</time>
      </trkpt>
      <trkpt lat="49.737089" lon="14.535461">
        <ele>475.820746</ele>
        <time>2026-05-06T11:35:33.998Z</time>
      </trkpt>
      <trkpt lat="49.736993" lon="14.535462">
        <ele>476.416194</ele>
        <time>2026-05-06T11:35:39.998Z</time>
      </trkpt>
      <trkpt lat="49.736892" lon="14.535467">
        <ele>477.042962</ele>
        <time>2026-05-06T11:35:46.998Z</time>
      </trkpt>
      <trkpt lat="49.736795" lon="14.535471">
        <ele>477.706766</ele>
        <time>2026-05-06T11:35:52.998Z</time>
      </trkpt>
      <trkpt lat="49.736698" lon="14.535463">
        <ele>478.538278</ele>
        <time>2026-05-06T11:35:58.000Z</time>
      </trkpt>
      <trkpt lat="49.736604" lon="14.535459">
        <ele>479.343235</ele>
        <time>2026-05-06T11:36:04.000Z</time>
      </trkpt>
      <trkpt lat="49.736508" lon="14.535479">
        <ele>480.172424</ele>
        <time>2026-05-06T11:36:10.000Z</time>
      </trkpt>
      <trkpt lat="49.736406" lon="14.535495">
        <ele>481.050033</ele>
        <time>2026-05-06T11:36:17.000Z</time>
      </trkpt>
      <trkpt lat="49.736304" lon="14.535489">
        <ele>481.923798</ele>
        <time>2026-05-06T11:36:23.000Z</time>
      </trkpt>
      <trkpt lat="49.736202" lon="14.535492">
        <ele>482.797089</ele>
        <time>2026-05-06T11:36:29.999Z</time>
      </trkpt>
      <trkpt lat="49.736107" lon="14.535504">
        <ele>483.613008</ele>
        <time>2026-05-06T11:36:35.999Z</time>
      </trkpt>
      <trkpt lat="49.736016" lon="14.535513">
        <ele>484.393570</ele>
        <time>2026-05-06T11:36:41.999Z</time>
      </trkpt>
      <trkpt lat="49.735920" lon="14.535499">
        <ele>485.218985</ele>
        <time>2026-05-06T11:36:48.999Z</time>
      </trkpt>
      <trkpt lat="49.735831" lon="14.535482">
        <ele>485.986621</ele>
        <time>2026-05-06T11:36:54.999Z</time>
      </trkpt>
      <trkpt lat="49.735736" lon="14.535481">
        <ele>486.799853</ele>
        <time>2026-05-06T11:37:00.999Z</time>
      </trkpt>
      <trkpt lat="49.735637" lon="14.535497">
        <ele>487.651917</ele>
        <time>2026-05-06T11:37:07.999Z</time>
      </trkpt>
      <trkpt lat="49.735546" lon="14.535503">
        <ele>488.431596</ele>
        <time>2026-05-06T11:37:12.999Z</time>
      </trkpt>
      <trkpt lat="49.735449" lon="14.535508">
        <ele>489.262390</ele>
        <time>2026-05-06T11:37:17.999Z</time>
      </trkpt>
      <trkpt lat="49.735343" lon="14.535506">
        <ele>490.169832</ele>
        <time>2026-05-06T11:37:23.999Z</time>
      </trkpt>
      <trkpt lat="49.735243" lon="14.535488">
        <ele>491.031619</ele>
        <time>2026-05-06T11:37:29.999Z</time>
      </trkpt>
      <trkpt lat="49.735138" lon="14.535477">
        <ele>491.932491</ele>
        <time>2026-05-06T11:37:36.998Z</time>
      </trkpt>
      <trkpt lat="49.735033" lon="14.535496">
        <ele>492.837431</ele>
        <time>2026-05-06T11:37:43.998Z</time>
      </trkpt>
      <trkpt lat="49.734935" lon="14.535493">
        <ele>493.491890</ele>
        <time>2026-05-06T11:37:49.998Z</time>
      </trkpt>
      <trkpt lat="49.734834" lon="14.535495">
        <ele>494.156528</ele>
        <time>2026-05-06T11:37:55.998Z</time>
      </trkpt>
      <trkpt lat="49.734741" lon="14.535506">
        <ele>494.770256</ele>
        <time>2026-05-06T11:38:03.000Z</time>
      </trkpt>
      <trkpt lat="49.734650" lon="14.535511">
        <ele>495.369415</ele>
        <time>2026-05-06T11:38:08.000Z</time>
      </trkpt>
      <trkpt lat="49.734549" lon="14.535508">
        <ele>496.034120</ele>
        <time>2026-05-06T11:38:14.000Z</time>
      </trkpt>
      <trkpt lat="49.734450" lon="14.535502">
        <ele>496.686043</ele>
        <time>2026-05-06T11:38:20.000Z</time>
      </trkpt>
      <trkpt lat="49.734358" lon="14.535469">
        <ele>497.307461</ele>
        <time>2026-05-06T11:38:26.000Z</time>
      </trkpt>
      <trkpt lat="49.734257" lon="14.535469">
        <ele>497.972043</ele>
        <time>2026-05-06T11:38:31.999Z</time>
      </trkpt>
      <trkpt lat="49.734158" lon="14.535465">
        <ele>498.623688</ele>
        <time>2026-05-06T11:38:37.999Z</time>
      </trkpt>
      <trkpt lat="49.734066" lon="14.535465">
        <ele>499.229050</ele>
        <time>2026-05-06T11:38:43.999Z</time>
      </trkpt>
      <trkpt lat="49.733970" lon="14.535441">
        <ele>499.868926</ele>
        <time>2026-05-06T11:38:49.999Z</time>
      </trkpt>
      <trkpt lat="49.733878" lon="14.535433">
        <ele>500.475244</ele>
        <time>2026-05-06T11:38:55.999Z</time>
      </trkpt>
      <trkpt lat="49.733779" lon="14.535420">
        <ele>501.129009</ele>
        <time>2026-05-06T11:39:01.999Z</time>
      </trkpt>
      <trkpt lat="49.733688" lon="14.535403">
        <ele>501.732140</ele>
        <time>2026-05-06T11:39:06.999Z</time>
      </trkpt>
      <trkpt lat="49.733593" lon="14.535390">
        <ele>502.359683</ele>
        <time>2026-05-06T11:39:12.999Z</time>
      </trkpt>
      <trkpt lat="49.733499" lon="14.535376">
        <ele>502.981065</ele>
        <time>2026-05-06T11:39:18.999Z</time>
      </trkpt>
      <trkpt lat="49.733068" lon="14.535447">
        <ele>504.819541</ele>
        <time>2026-05-06T11:40:21.000Z</time>
      </trkpt>
      <trkpt lat="49.732936" lon="14.535456">
        <ele>504.901831</ele>
        <time>2026-05-06T11:40:24.000Z</time>
      </trkpt>
      <trkpt lat="49.732836" lon="14.535474">
        <ele>504.964532</ele>
        <time>2026-05-06T11:40:26.000Z</time>
      </trkpt>
      <trkpt lat="49.732722" lon="14.535499">
        <ele>505.036242</ele>
        <time>2026-05-06T11:40:28.000Z</time>
      </trkpt>
      <trkpt lat="49.732602" lon="14.535507">
        <ele>505.111048</ele>
        <time>2026-05-06T11:40:30.000Z</time>
      </trkpt>
      <trkpt lat="49.732476" lon="14.535523">
        <ele>505.189786</ele>
        <time>2026-05-06T11:40:32.000Z</time>
      </trkpt>
      <trkpt lat="49.732343" lon="14.535546">
        <ele>505.273135</ele>
        <time>2026-05-06T11:40:33.999Z</time>
      </trkpt>
      <trkpt lat="49.732205" lon="14.535551">
        <ele>505.359106</ele>
        <time>2026-05-06T11:40:35.999Z</time>
      </trkpt>
      <trkpt lat="49.732070" lon="14.535571">
        <ele>505.443570</ele>
        <time>2026-05-06T11:40:37.999Z</time>
      </trkpt>
      <trkpt lat="49.731932" lon="14.535598">
        <ele>505.530202</ele>
        <time>2026-05-06T11:40:39.999Z</time>
      </trkpt>
      <trkpt lat="49.731799" lon="14.535625">
        <ele>505.613745</ele>
        <time>2026-05-06T11:40:41.999Z</time>
      </trkpt>
      <trkpt lat="49.731667" lon="14.535654">
        <ele>505.696780</ele>
        <time>2026-05-06T11:40:43.999Z</time>
      </trkpt>
      <trkpt lat="49.731535" lon="14.535678">
        <ele>505.779557</ele>
        <time>2026-05-06T11:40:45.999Z</time>
      </trkpt>
      <trkpt lat="49.731406" lon="14.535683">
        <ele>505.873550</ele>
        <time>2026-05-06T11:40:47.999Z</time>
      </trkpt>
      <trkpt lat="49.731280" lon="14.535691">
        <ele>505.993032</ele>
        <time>2026-05-06T11:40:49.999Z</time>
      </trkpt>
      <trkpt lat="49.731156" lon="14.535719">
        <ele>506.111764</ele>
        <time>2026-05-06T11:40:51.999Z</time>
      </trkpt>
      <trkpt lat="49.731040" lon="14.535726">
        <ele>506.221755</ele>
        <time>2026-05-06T11:40:53.999Z</time>
      </trkpt>
      <trkpt lat="49.730940" lon="14.535740">
        <ele>506.316890</ele>
        <time>2026-05-06T11:40:55.999Z</time>
      </trkpt>
      <trkpt lat="49.730846" lon="14.535750">
        <ele>506.406163</ele>
        <time>2026-05-06T11:40:57.999Z</time>
      </trkpt>
      <trkpt lat="49.730717" lon="14.535771">
        <ele>506.529062</ele>
        <time>2026-05-06T11:41:00.999Z</time>
      </trkpt>
      <trkpt lat="49.730609" lon="14.535777">
        <ele>506.631456</ele>
        <time>2026-05-06T11:41:03.999Z</time>
      </trkpt>
      <trkpt lat="49.730513" lon="14.535796">
        <ele>506.723155</ele>
        <time>2026-05-06T11:41:06.999Z</time>
      </trkpt>
      <trkpt lat="49.730406" lon="14.535811">
        <ele>506.824950</ele>
        <time>2026-05-06T11:41:09.999Z</time>
      </trkpt>
      <trkpt lat="49.730305" lon="14.535826">
        <ele>506.921085</ele>
        <time>2026-05-06T11:41:12.999Z</time>
      </trkpt>
      <trkpt lat="49.730206" lon="14.535845">
        <ele>507.015604</ele>
        <time>2026-05-06T11:41:15.999Z</time>
      </trkpt>
      <trkpt lat="49.730112" lon="14.535853">
        <ele>507.104802</ele>
        <time>2026-05-06T11:41:18.999Z</time>
      </trkpt>
      <trkpt lat="49.730013" lon="14.535852">
        <ele>507.198604</ele>
        <time>2026-05-06T11:41:21.999Z</time>
      </trkpt>
      <trkpt lat="49.729901" lon="14.535853">
        <ele>507.304723</ele>
        <time>2026-05-06T11:41:24.999Z</time>
      </trkpt>
      <trkpt lat="49.729784" lon="14.535847">
        <ele>507.415639</ele>
        <time>2026-05-06T11:41:27.999Z</time>
      </trkpt>
      <trkpt lat="49.729688" lon="14.535851">
        <ele>507.506629</ele>
        <time>2026-05-06T11:41:29.999Z</time>
      </trkpt>
      <trkpt lat="49.729583" lon="14.535864">
        <ele>507.373937</ele>
        <time>2026-05-06T11:41:31.999Z</time>
      </trkpt>
      <trkpt lat="49.729461" lon="14.535878">
        <ele>507.096288</ele>
        <time>2026-05-06T11:41:33.999Z</time>
      </trkpt>
      <trkpt lat="49.729334" lon="14.535911">
        <ele>506.804013</ele>
        <time>2026-05-06T11:41:35.999Z</time>
      </trkpt>
      <trkpt lat="49.729190" lon="14.535973">
        <ele>506.464772</ele>
        <time>2026-05-06T11:41:37.999Z</time>
      </trkpt>
      <trkpt lat="49.729027" lon="14.536022">
        <ele>506.087911</ele>
        <time>2026-05-06T11:41:39.999Z</time>
      </trkpt>
      <trkpt lat="49.728864" lon="14.536065">
        <ele>505.712629</ele>
        <time>2026-05-06T11:41:41.998Z</time>
      </trkpt>
      <trkpt lat="49.728772" lon="14.536099">
        <ele>505.497952</ele>
        <time>2026-05-06T11:41:42.998Z</time>
      </trkpt>
      <trkpt lat="49.728607" lon="14.536145">
        <ele>505.117438</ele>
        <time>2026-05-06T11:41:44.998Z</time>
      </trkpt>
      <trkpt lat="49.728450" lon="14.536185">
        <ele>504.756314</ele>
        <time>2026-05-06T11:41:46.998Z</time>
      </trkpt>
      <trkpt lat="49.728288" lon="14.536234">
        <ele>504.381680</ele>
        <time>2026-05-06T11:41:48.998Z</time>
      </trkpt>
      <trkpt lat="49.728130" lon="14.536281">
        <ele>504.016517</ele>
        <time>2026-05-06T11:41:50.998Z</time>
      </trkpt>
      <trkpt lat="49.727971" lon="14.536315">
        <ele>503.652222</ele>
        <time>2026-05-06T11:41:52.998Z</time>
      </trkpt>
      <trkpt lat="49.727825" lon="14.536352">
        <ele>503.478856</ele>
        <time>2026-05-06T11:41:54.998Z</time>
      </trkpt>
      <trkpt lat="49.727682" lon="14.536371">
        <ele>503.532776</ele>
        <time>2026-05-06T11:41:56.998Z</time>
      </trkpt>
      <trkpt lat="49.727544" lon="14.536391">
        <ele>503.584846</ele>
        <time>2026-05-06T11:41:58.998Z</time>
      </trkpt>
      <trkpt lat="49.727419" lon="14.536417">
        <ele>503.632229</ele>
        <time>2026-05-06T11:42:00.998Z</time>
      </trkpt>
      <trkpt lat="49.727296" lon="14.536439">
        <ele>503.678745</ele>
        <time>2026-05-06T11:42:02.998Z</time>
      </trkpt>
      <trkpt lat="49.727177" lon="14.536462">
        <ele>503.723799</ele>
        <time>2026-05-06T11:42:04.998Z</time>
      </trkpt>
      <trkpt lat="49.727047" lon="14.536482">
        <ele>503.772878</ele>
        <time>2026-05-06T11:42:06.998Z</time>
      </trkpt>
      <trkpt lat="49.726921" lon="14.536515">
        <ele>503.820887</ele>
        <time>2026-05-06T11:42:08.998Z</time>
      </trkpt>
      <trkpt lat="49.726796" lon="14.536518">
        <ele>503.867853</ele>
        <time>2026-05-06T11:42:10.998Z</time>
      </trkpt>
      <trkpt lat="49.726664" lon="14.536548">
        <ele>503.917975</ele>
        <time>2026-05-06T11:42:12.998Z</time>
      </trkpt>
      <trkpt lat="49.726514" lon="14.536582">
        <ele>503.974928</ele>
        <time>2026-05-06T11:42:14.999Z</time>
      </trkpt>
      <trkpt lat="49.726364" lon="14.536604">
        <ele>504.031533</ele>
        <time>2026-05-06T11:42:16.999Z</time>
      </trkpt>
      <trkpt lat="49.726196" lon="14.536623">
        <ele>504.094816</ele>
        <time>2026-05-06T11:42:18.999Z</time>
      </trkpt>
      <trkpt lat="49.726064" lon="14.536652">
        <ele>504.177724</ele>
        <time>2026-05-06T11:42:20.999Z</time>
      </trkpt>
      <trkpt lat="49.725922" lon="14.536700">
        <ele>504.366081</ele>
        <time>2026-05-06T11:42:22.999Z</time>
      </trkpt>
      <trkpt lat="49.725803" lon="14.536739">
        <ele>504.523714</ele>
        <time>2026-05-06T11:42:24.999Z</time>
      </trkpt>
      <trkpt lat="49.725688" lon="14.536751">
        <ele>504.673080</ele>
        <time>2026-05-06T11:42:27.000Z</time>
      </trkpt>
      <trkpt lat="49.725603" lon="14.536804">
        <ele>504.791841</ele>
        <time>2026-05-06T11:42:29.000Z</time>
      </trkpt>
      <trkpt lat="49.725511" lon="14.536830">
        <ele>504.913036</ele>
        <time>2026-05-06T11:42:30.999Z</time>
      </trkpt>
      <trkpt lat="49.725416" lon="14.536903">
        <ele>505.050497</ele>
        <time>2026-05-06T11:42:32.999Z</time>
      </trkpt>
      <trkpt lat="49.725308" lon="14.536942">
        <ele>505.194216</ele>
        <time>2026-05-06T11:42:34.999Z</time>
      </trkpt>
      <trkpt lat="49.725209" lon="14.537008">
        <ele>505.333915</ele>
        <time>2026-05-06T11:42:36.999Z</time>
      </trkpt>
      <trkpt lat="49.725114" lon="14.537073">
        <ele>505.468529</ele>
        <time>2026-05-06T11:42:38.999Z</time>
      </trkpt>
      <trkpt lat="49.725033" lon="14.537136">
        <ele>505.586017</ele>
        <time>2026-05-06T11:42:40.999Z</time>
      </trkpt>
      <trkpt lat="49.724937" lon="14.537182">
        <ele>505.716253</ele>
        <time>2026-05-06T11:42:42.999Z</time>
      </trkpt>
      <trkpt lat="49.724820" lon="14.537254">
        <ele>505.879429</ele>
        <time>2026-05-06T11:42:45.999Z</time>
      </trkpt>
      <trkpt lat="49.724735" lon="14.537305">
        <ele>505.997575</ele>
        <time>2026-05-06T11:42:47.999Z</time>
      </trkpt>
      <trkpt lat="49.724631" lon="14.537381">
        <ele>506.146629</ele>
        <time>2026-05-06T11:42:50.999Z</time>
      </trkpt>
      <trkpt lat="49.724531" lon="14.537433">
        <ele>506.283343</ele>
        <time>2026-05-06T11:42:53.999Z</time>
      </trkpt>
      <trkpt lat="49.724442" lon="14.537488">
        <ele>506.407540</ele>
        <time>2026-05-06T11:42:56.999Z</time>
      </trkpt>
      <trkpt lat="49.724330" lon="14.537549">
        <ele>506.464772</ele>
        <time>2026-05-06T11:43:00.999Z</time>
      </trkpt>
      <trkpt lat="49.724216" lon="14.537591">
        <ele>506.468505</ele>
        <time>2026-05-06T11:43:05.999Z</time>
      </trkpt>
      <trkpt lat="49.724128" lon="14.537625">
        <ele>506.471395</ele>
        <time>2026-05-06T11:43:07.999Z</time>
      </trkpt>
      <trkpt lat="49.724034" lon="14.537619">
        <ele>506.474392</ele>
        <time>2026-05-06T11:43:09.999Z</time>
      </trkpt>
      <trkpt lat="49.723932" lon="14.537594">
        <ele>506.477682</ele>
        <time>2026-05-06T11:43:11.999Z</time>
      </trkpt>
      <trkpt lat="49.723825" lon="14.537540">
        <ele>506.481268</ele>
        <time>2026-05-06T11:43:13.999Z</time>
      </trkpt>
      <trkpt lat="49.723709" lon="14.537489">
        <ele>506.485110</ele>
        <time>2026-05-06T11:43:15.999Z</time>
      </trkpt>
      <trkpt lat="49.723597" lon="14.537426">
        <ele>506.488907</ele>
        <time>2026-05-06T11:43:17.999Z</time>
      </trkpt>
      <trkpt lat="49.723480" lon="14.537366">
        <ele>506.492834</ele>
        <time>2026-05-06T11:43:19.999Z</time>
      </trkpt>
      <trkpt lat="49.723360" lon="14.537301">
        <ele>506.496884</ele>
        <time>2026-05-06T11:43:21.999Z</time>
      </trkpt>
      <trkpt lat="49.723239" lon="14.537234">
        <ele>506.500979</ele>
        <time>2026-05-06T11:43:23.999Z</time>
      </trkpt>
      <trkpt lat="49.723116" lon="14.537164">
        <ele>506.505154</ele>
        <time>2026-05-06T11:43:25.999Z</time>
      </trkpt>
      <trkpt lat="49.722992" lon="14.537101">
        <ele>506.509312</ele>
        <time>2026-05-06T11:43:27.999Z</time>
      </trkpt>
      <trkpt lat="49.722877" lon="14.537035">
        <ele>506.513220</ele>
        <time>2026-05-06T11:43:29.999Z</time>
      </trkpt>
      <trkpt lat="49.722762" lon="14.536960">
        <ele>506.517196</ele>
        <time>2026-05-06T11:43:31.999Z</time>
      </trkpt>
      <trkpt lat="49.722650" lon="14.536892">
        <ele>506.409592</ele>
        <time>2026-05-06T11:43:33.999Z</time>
      </trkpt>
      <trkpt lat="49.722536" lon="14.536828">
        <ele>506.103935</ele>
        <time>2026-05-06T11:43:35.999Z</time>
      </trkpt>
      <trkpt lat="49.722422" lon="14.536763">
        <ele>505.797718</ele>
        <time>2026-05-06T11:43:37.999Z</time>
      </trkpt>
      <trkpt lat="49.722309" lon="14.536694">
        <ele>505.491533</ele>
        <time>2026-05-06T11:43:39.999Z</time>
      </trkpt>
      <trkpt lat="49.722189" lon="14.536637">
        <ele>505.175153</ele>
        <time>2026-05-06T11:43:41.999Z</time>
      </trkpt>
      <trkpt lat="49.722079" lon="14.536546">
        <ele>504.860756</ele>
        <time>2026-05-06T11:43:43.999Z</time>
      </trkpt>
      <trkpt lat="49.721948" lon="14.536520">
        <ele>504.527885</ele>
        <time>2026-05-06T11:43:45.999Z</time>
      </trkpt>
      <trkpt lat="49.721815" lon="14.536485">
        <ele>504.187864</ele>
        <time>2026-05-06T11:43:47.999Z</time>
      </trkpt>
      <trkpt lat="49.721669" lon="14.536510">
        <ele>503.817647</ele>
        <time>2026-05-06T11:43:49.998Z</time>
      </trkpt>
      <trkpt lat="49.721524" lon="14.536542">
        <ele>503.448497</ele>
        <time>2026-05-06T11:43:51.998Z</time>
      </trkpt>
      <trkpt lat="49.721375" lon="14.536584">
        <ele>503.066782</ele>
        <time>2026-05-06T11:43:53.998Z</time>
      </trkpt>
      <trkpt lat="49.721223" lon="14.536632">
        <ele>502.675789</ele>
        <time>2026-05-06T11:43:55.998Z</time>
      </trkpt>
      <trkpt lat="49.721072" lon="14.536681">
        <ele>502.286933</ele>
        <time>2026-05-06T11:43:57.998Z</time>
      </trkpt>
      <trkpt lat="49.720925" lon="14.536723">
        <ele>501.860237</ele>
        <time>2026-05-06T11:43:59.998Z</time>
      </trkpt>
      <trkpt lat="49.720768" lon="14.536777">
        <ele>501.189485</ele>
        <time>2026-05-06T11:44:01.998Z</time>
      </trkpt>
      <trkpt lat="49.720612" lon="14.536823">
        <ele>500.527179</ele>
        <time>2026-05-06T11:44:03.998Z</time>
      </trkpt>
      <trkpt lat="49.720443" lon="14.536859">
        <ele>499.815722</ele>
        <time>2026-05-06T11:44:05.998Z</time>
      </trkpt>
      <trkpt lat="49.720277" lon="14.536902">
        <ele>499.113788</ele>
        <time>2026-05-06T11:44:07.998Z</time>
      </trkpt>
      <trkpt lat="49.720186" lon="14.536905">
        <ele>498.734191</ele>
        <time>2026-05-06T11:44:08.998Z</time>
      </trkpt>
      <trkpt lat="49.720016" lon="14.536919">
        <ele>498.024212</ele>
        <time>2026-05-06T11:44:10.998Z</time>
      </trkpt>
      <trkpt lat="49.719853" lon="14.536910">
        <ele>497.343997</ele>
        <time>2026-05-06T11:44:12.998Z</time>
      </trkpt>
      <trkpt lat="49.719684" lon="14.536863">
        <ele>496.627890</ele>
        <time>2026-05-06T11:44:14.998Z</time>
      </trkpt>
      <trkpt lat="49.719533" lon="14.536725">
        <ele>495.896440</ele>
        <time>2026-05-06T11:44:16.998Z</time>
      </trkpt>
      <trkpt lat="49.719379" lon="14.536591">
        <ele>495.159537</ele>
        <time>2026-05-06T11:44:18.998Z</time>
      </trkpt>
      <trkpt lat="49.719284" lon="14.536361">
        <ele>494.475120</ele>
        <time>2026-05-06T11:44:21.000Z</time>
      </trkpt>
      <trkpt lat="49.719177" lon="14.536143">
        <ele>494.353144</ele>
        <time>2026-05-06T11:44:23.000Z</time>
      </trkpt>
      <trkpt lat="49.719130" lon="14.536023">
        <ele>494.290618</ele>
        <time>2026-05-06T11:44:24.000Z</time>
      </trkpt>
      <trkpt lat="49.719080" lon="14.535901">
        <ele>494.226246</ele>
        <time>2026-05-06T11:44:25.000Z</time>
      </trkpt>
      <trkpt lat="49.719035" lon="14.535778">
        <ele>494.163263</ele>
        <time>2026-05-06T11:44:26.000Z</time>
      </trkpt>
      <trkpt lat="49.718946" lon="14.535536">
        <ele>494.039188</ele>
        <time>2026-05-06T11:44:28.000Z</time>
      </trkpt>
      <trkpt lat="49.718851" lon="14.535309">
        <ele>493.918680</ele>
        <time>2026-05-06T11:44:30.000Z</time>
      </trkpt>
      <trkpt lat="49.718743" lon="14.535104">
        <ele>493.800832</ele>
        <time>2026-05-06T11:44:32.000Z</time>
      </trkpt>
      <trkpt lat="49.718616" lon="14.534951">
        <ele>493.689870</ele>
        <time>2026-05-06T11:44:34.000Z</time>
      </trkpt>
      <trkpt lat="49.718487" lon="14.534832">
        <ele>493.586337</ele>
        <time>2026-05-06T11:44:36.000Z</time>
      </trkpt>
      <trkpt lat="49.718360" lon="14.534739">
        <ele>493.489481</ele>
        <time>2026-05-06T11:44:38.000Z</time>
      </trkpt>
      <trkpt lat="49.718247" lon="14.534664">
        <ele>493.404722</ele>
        <time>2026-05-06T11:44:40.000Z</time>
      </trkpt>
      <trkpt lat="49.718135" lon="14.534605">
        <ele>493.323167</ele>
        <time>2026-05-06T11:44:42.000Z</time>
      </trkpt>
      <trkpt lat="49.718028" lon="14.534562">
        <ele>493.246963</ele>
        <time>2026-05-06T11:44:44.000Z</time>
      </trkpt>
      <trkpt lat="49.717931" lon="14.534518">
        <ele>493.322455</ele>
        <time>2026-05-06T11:44:45.999Z</time>
      </trkpt>
      <trkpt lat="49.717836" lon="14.534491">
        <ele>493.397513</ele>
        <time>2026-05-06T11:44:47.999Z</time>
      </trkpt>
      <trkpt lat="49.717725" lon="14.534447">
        <ele>493.486556</ele>
        <time>2026-05-06T11:44:50.999Z</time>
      </trkpt>
      <trkpt lat="49.717616" lon="14.534403">
        <ele>493.574095</ele>
        <time>2026-05-06T11:44:53.999Z</time>
      </trkpt>
      <trkpt lat="49.717498" lon="14.534362">
        <ele>493.668075</ele>
        <time>2026-05-06T11:44:56.999Z</time>
      </trkpt>
      <trkpt lat="49.717390" lon="14.534318">
        <ele>493.754862</ele>
        <time>2026-05-06T11:44:59.999Z</time>
      </trkpt>
      <trkpt lat="49.717281" lon="14.534267">
        <ele>493.843354</ele>
        <time>2026-05-06T11:45:02.999Z</time>
      </trkpt>
      <trkpt lat="49.717164" lon="14.534212">
        <ele>493.938379</ele>
        <time>2026-05-06T11:45:05.999Z</time>
      </trkpt>
      <trkpt lat="49.717036" lon="14.534162">
        <ele>494.040968</ele>
        <time>2026-05-06T11:45:08.999Z</time>
      </trkpt>
      <trkpt lat="49.716909" lon="14.534110">
        <ele>494.143056</ele>
        <time>2026-05-06T11:45:11.999Z</time>
      </trkpt>
      <trkpt lat="49.716790" lon="14.534054">
        <ele>494.239714</ele>
        <time>2026-05-06T11:45:14.999Z</time>
      </trkpt>
      <trkpt lat="49.716659" lon="14.533998">
        <ele>494.345327</ele>
        <time>2026-05-06T11:45:17.999Z</time>
      </trkpt>
      <trkpt lat="49.716572" lon="14.533961">
        <ele>494.415442</ele>
        <time>2026-05-06T11:45:19.999Z</time>
      </trkpt>
      <trkpt lat="49.716448" lon="14.533909">
        <ele>494.515279</ele>
        <time>2026-05-06T11:45:22.999Z</time>
      </trkpt>
      <trkpt lat="49.716329" lon="14.533851">
        <ele>494.612234</ele>
        <time>2026-05-06T11:45:25.999Z</time>
      </trkpt>
      <trkpt lat="49.716205" lon="14.533800">
        <ele>494.293280</ele>
        <time>2026-05-06T11:45:28.999Z</time>
      </trkpt>
      <trkpt lat="49.716114" lon="14.533760">
        <ele>493.919012</ele>
        <time>2026-05-06T11:45:30.999Z</time>
      </trkpt>
      <trkpt lat="49.716017" lon="14.533719">
        <ele>493.521192</ele>
        <time>2026-05-06T11:45:32.999Z</time>
      </trkpt>
      <trkpt lat="49.715909" lon="14.533676">
        <ele>493.079997</ele>
        <time>2026-05-06T11:45:34.999Z</time>
      </trkpt>
      <trkpt lat="49.715796" lon="14.533626">
        <ele>492.615015</ele>
        <time>2026-05-06T11:45:36.999Z</time>
      </trkpt>
      <trkpt lat="49.715669" lon="14.533571">
        <ele>492.093258</ele>
        <time>2026-05-06T11:45:38.999Z</time>
      </trkpt>
      <trkpt lat="49.715540" lon="14.533518">
        <ele>491.565213</ele>
        <time>2026-05-06T11:45:40.999Z</time>
      </trkpt>
      <trkpt lat="49.715404" lon="14.533456">
        <ele>491.004289</ele>
        <time>2026-05-06T11:45:42.999Z</time>
      </trkpt>
      <trkpt lat="49.715264" lon="14.533398">
        <ele>490.430900</ele>
        <time>2026-05-06T11:45:44.999Z</time>
      </trkpt>
      <trkpt lat="49.715110" lon="14.533334">
        <ele>489.800040</ele>
        <time>2026-05-06T11:45:46.999Z</time>
      </trkpt>
      <trkpt lat="49.714960" lon="14.533270">
        <ele>489.184448</ele>
        <time>2026-05-06T11:45:48.999Z</time>
      </trkpt>
      <trkpt lat="49.714804" lon="14.533201">
        <ele>488.542544</ele>
        <time>2026-05-06T11:45:50.999Z</time>
      </trkpt>
      <trkpt lat="49.714642" lon="14.533132">
        <ele>487.877787</ele>
        <time>2026-05-06T11:45:52.999Z</time>
      </trkpt>
      <trkpt lat="49.714473" lon="14.533059">
        <ele>486.970789</ele>
        <time>2026-05-06T11:45:54.999Z</time>
      </trkpt>
      <trkpt lat="49.714385" lon="14.533029">
        <ele>486.393665</ele>
        <time>2026-05-06T11:45:55.998Z</time>
      </trkpt>
      <trkpt lat="49.714293" lon="14.533002">
        <ele>485.793937</ele>
        <time>2026-05-06T11:45:56.998Z</time>
      </trkpt>
      <trkpt lat="49.714201" lon="14.532987">
        <ele>485.201460</ele>
        <time>2026-05-06T11:45:57.998Z</time>
      </trkpt>
      <trkpt lat="49.714104" lon="14.532980">
        <ele>484.579549</ele>
        <time>2026-05-06T11:45:58.998Z</time>
      </trkpt>
      <trkpt lat="49.714004" lon="14.532973">
        <ele>483.938445</ele>
        <time>2026-05-06T11:45:59.998Z</time>
      </trkpt>
      <trkpt lat="49.713909" lon="14.532962">
        <ele>483.328316</ele>
        <time>2026-05-06T11:46:00.998Z</time>
      </trkpt>
      <trkpt lat="49.713810" lon="14.532955">
        <ele>482.693610</ele>
        <time>2026-05-06T11:46:01.998Z</time>
      </trkpt>
      <trkpt lat="49.713707" lon="14.532944">
        <ele>482.032378</ele>
        <time>2026-05-06T11:46:02.998Z</time>
      </trkpt>
      <trkpt lat="49.713607" lon="14.532936">
        <ele>481.391073</ele>
        <time>2026-05-06T11:46:03.998Z</time>
      </trkpt>
      <trkpt lat="49.713507" lon="14.532929">
        <ele>480.749969</ele>
        <time>2026-05-06T11:46:04.998Z</time>
      </trkpt>
      <trkpt lat="49.713407" lon="14.532923">
        <ele>480.109039</ele>
        <time>2026-05-06T11:46:05.998Z</time>
      </trkpt>
      <trkpt lat="49.713308" lon="14.532917">
        <ele>479.474509</ele>
        <time>2026-05-06T11:46:06.998Z</time>
      </trkpt>
      <trkpt lat="49.713209" lon="14.532913">
        <ele>478.840249</ele>
        <time>2026-05-06T11:46:07.998Z</time>
      </trkpt>
      <trkpt lat="49.713109" lon="14.532903">
        <ele>478.198463</ele>
        <time>2026-05-06T11:46:08.998Z</time>
      </trkpt>
      <trkpt lat="49.713006" lon="14.532897">
        <ele>477.538333</ele>
        <time>2026-05-06T11:46:09.998Z</time>
      </trkpt>
      <trkpt lat="49.712903" lon="14.532910">
        <ele>476.876478</ele>
        <time>2026-05-06T11:46:10.998Z</time>
      </trkpt>
      <trkpt lat="49.712805" lon="14.532928">
        <ele>476.244428</ele>
        <time>2026-05-06T11:46:11.998Z</time>
      </trkpt>
      <trkpt lat="49.712704" lon="14.532959">
        <ele>475.703959</ele>
        <time>2026-05-06T11:46:12.998Z</time>
      </trkpt>
      <trkpt lat="49.712600" lon="14.532992">
        <ele>475.215231</ele>
        <time>2026-05-06T11:46:13.998Z</time>
      </trkpt>
      <trkpt lat="49.712492" lon="14.533036">
        <ele>474.701099</ele>
        <time>2026-05-06T11:46:14.998Z</time>
      </trkpt>
      <trkpt lat="49.712378" lon="14.533070">
        <ele>474.166640</ele>
        <time>2026-05-06T11:46:15.998Z</time>
      </trkpt>
      <trkpt lat="49.712273" lon="14.533102">
        <ele>473.673986</ele>
        <time>2026-05-06T11:46:16.998Z</time>
      </trkpt>
      <trkpt lat="49.712163" lon="14.533134">
        <ele>473.158729</ele>
        <time>2026-05-06T11:46:17.998Z</time>
      </trkpt>
      <trkpt lat="49.712056" lon="14.533168">
        <ele>472.655873</ele>
        <time>2026-05-06T11:46:18.998Z</time>
      </trkpt>
      <trkpt lat="49.711950" lon="14.533205">
        <ele>472.155636</ele>
        <time>2026-05-06T11:46:19.998Z</time>
      </trkpt>
      <trkpt lat="49.711839" lon="14.533242">
        <ele>471.632922</ele>
        <time>2026-05-06T11:46:20.998Z</time>
      </trkpt>
      <trkpt lat="49.711732" lon="14.533274">
        <ele>471.131231</ele>
        <time>2026-05-06T11:46:21.998Z</time>
      </trkpt>
      <trkpt lat="49.711624" lon="14.533308">
        <ele>470.623865</ele>
        <time>2026-05-06T11:46:22.998Z</time>
      </trkpt>
      <trkpt lat="49.711515" lon="14.533341">
        <ele>470.112568</ele>
        <time>2026-05-06T11:46:23.998Z</time>
      </trkpt>
      <trkpt lat="49.711406" lon="14.533373">
        <ele>469.601835</ele>
        <time>2026-05-06T11:46:24.998Z</time>
      </trkpt>
      <trkpt lat="49.711302" lon="14.533402">
        <ele>469.115359</ele>
        <time>2026-05-06T11:46:26.000Z</time>
      </trkpt>
      <trkpt lat="49.711193" lon="14.533434">
        <ele>468.604625</ele>
        <time>2026-05-06T11:46:27.000Z</time>
      </trkpt>
      <trkpt lat="49.711085" lon="14.533471">
        <ele>468.095403</ele>
        <time>2026-05-06T11:46:28.000Z</time>
      </trkpt>
      <trkpt lat="49.710976" lon="14.533507">
        <ele>467.630066</ele>
        <time>2026-05-06T11:46:29.000Z</time>
      </trkpt>
      <trkpt lat="49.710869" lon="14.533540">
        <ele>467.292182</ele>
        <time>2026-05-06T11:46:30.000Z</time>
      </trkpt>
      <trkpt lat="49.710759" lon="14.533569">
        <ele>466.946618</ele>
        <time>2026-05-06T11:46:31.000Z</time>
      </trkpt>
      <trkpt lat="49.710655" lon="14.533600">
        <ele>466.618622</ele>
        <time>2026-05-06T11:46:32.000Z</time>
      </trkpt>
      <trkpt lat="49.710557" lon="14.533630">
        <ele>466.309245</ele>
        <time>2026-05-06T11:46:33.000Z</time>
      </trkpt>
      <trkpt lat="49.710456" lon="14.533658">
        <ele>465.991481</ele>
        <time>2026-05-06T11:46:34.000Z</time>
      </trkpt>
      <trkpt lat="49.710359" lon="14.533688">
        <ele>465.685142</ele>
        <time>2026-05-06T11:46:35.000Z</time>
      </trkpt>
      <trkpt lat="49.710259" lon="14.533718">
        <ele>465.369688</ele>
        <time>2026-05-06T11:46:36.000Z</time>
      </trkpt>
      <trkpt lat="49.710166" lon="14.533750">
        <ele>465.074642</ele>
        <time>2026-05-06T11:46:37.000Z</time>
      </trkpt>
      <trkpt lat="49.710069" lon="14.533779">
        <ele>464.768689</ele>
        <time>2026-05-06T11:46:38.000Z</time>
      </trkpt>
      <trkpt lat="49.709973" lon="14.533807">
        <ele>464.466154</ele>
        <time>2026-05-06T11:46:39.000Z</time>
      </trkpt>
      <trkpt lat="49.709880" lon="14.533836">
        <ele>464.172353</ele>
        <time>2026-05-06T11:46:40.000Z</time>
      </trkpt>
      <trkpt lat="49.709787" lon="14.533866">
        <ele>463.878151</ele>
        <time>2026-05-06T11:46:41.000Z</time>
      </trkpt>
      <trkpt lat="49.709695" lon="14.533896">
        <ele>463.586979</ele>
        <time>2026-05-06T11:46:42.000Z</time>
      </trkpt>
      <trkpt lat="49.709604" lon="14.533928">
        <ele>463.297975</ele>
        <time>2026-05-06T11:46:43.000Z</time>
      </trkpt>
      <trkpt lat="49.709508" lon="14.533961">
        <ele>462.993425</ele>
        <time>2026-05-06T11:46:44.000Z</time>
      </trkpt>
      <trkpt lat="49.709412" lon="14.533990">
        <ele>462.690512</ele>
        <time>2026-05-06T11:46:45.000Z</time>
      </trkpt>
      <trkpt lat="49.709316" lon="14.534019">
        <ele>462.387599</ele>
        <time>2026-05-06T11:46:46.000Z</time>
      </trkpt>
      <trkpt lat="49.709218" lon="14.534051">
        <ele>462.094387</ele>
        <time>2026-05-06T11:46:47.000Z</time>
      </trkpt>
      <trkpt lat="49.709121" lon="14.534085">
        <ele>461.851099</ele>
        <time>2026-05-06T11:46:48.000Z</time>
      </trkpt>
      <trkpt lat="49.709022" lon="14.534115">
        <ele>461.604333</ele>
        <time>2026-05-06T11:46:49.000Z</time>
      </trkpt>
      <trkpt lat="49.708923" lon="14.534141">
        <ele>461.358705</ele>
        <time>2026-05-06T11:46:50.000Z</time>
      </trkpt>
      <trkpt lat="49.708825" lon="14.534174">
        <ele>461.113373</ele>
        <time>2026-05-06T11:46:51.000Z</time>
      </trkpt>
      <trkpt lat="49.708729" lon="14.534208">
        <ele>460.872470</ele>
        <time>2026-05-06T11:46:52.000Z</time>
      </trkpt>
      <trkpt lat="49.708638" lon="14.534237">
        <ele>460.645200</ele>
        <time>2026-05-06T11:46:53.000Z</time>
      </trkpt>
      <trkpt lat="49.708547" lon="14.534266">
        <ele>460.417931</ele>
        <time>2026-05-06T11:46:54.000Z</time>
      </trkpt>
      <trkpt lat="49.708458" lon="14.534292">
        <ele>460.196380</ele>
        <time>2026-05-06T11:46:55.000Z</time>
      </trkpt>
      <trkpt lat="49.708292" lon="14.534346">
        <ele>459.781446</ele>
        <time>2026-05-06T11:46:56.999Z</time>
      </trkpt>
      <trkpt lat="49.708131" lon="14.534398">
        <ele>459.379130</ele>
        <time>2026-05-06T11:46:58.999Z</time>
      </trkpt>
      <trkpt lat="49.707982" lon="14.534444">
        <ele>459.007474</ele>
        <time>2026-05-06T11:47:00.999Z</time>
      </trkpt>
      <trkpt lat="49.707831" lon="14.534493">
        <ele>458.630072</ele>
        <time>2026-05-06T11:47:02.999Z</time>
      </trkpt>
      <trkpt lat="49.707684" lon="14.534540">
        <ele>458.262895</ele>
        <time>2026-05-06T11:47:04.999Z</time>
      </trkpt>
      <trkpt lat="49.707537" lon="14.534585">
        <ele>457.896345</ele>
        <time>2026-05-06T11:47:06.999Z</time>
      </trkpt>
      <trkpt lat="49.707396" lon="14.534612">
        <ele>457.713651</ele>
        <time>2026-05-06T11:47:08.999Z</time>
      </trkpt>
      <trkpt lat="49.707259" lon="14.534629">
        <ele>457.641667</ele>
        <time>2026-05-06T11:47:10.999Z</time>
      </trkpt>
      <trkpt lat="49.707120" lon="14.534644">
        <ele>457.568689</ele>
        <time>2026-05-06T11:47:12.999Z</time>
      </trkpt>
      <trkpt lat="49.706988" lon="14.534654">
        <ele>457.499472</ele>
        <time>2026-05-06T11:47:14.999Z</time>
      </trkpt>
      <trkpt lat="49.706860" lon="14.534661">
        <ele>457.432391</ele>
        <time>2026-05-06T11:47:16.999Z</time>
      </trkpt>
      <trkpt lat="49.706730" lon="14.534666">
        <ele>457.364283</ele>
        <time>2026-05-06T11:47:18.999Z</time>
      </trkpt>
      <trkpt lat="49.706607" lon="14.534668">
        <ele>457.299859</ele>
        <time>2026-05-06T11:47:20.999Z</time>
      </trkpt>
      <trkpt lat="49.706484" lon="14.534687">
        <ele>457.235118</ele>
        <time>2026-05-06T11:47:22.999Z</time>
      </trkpt>
      <trkpt lat="49.706365" lon="14.534694">
        <ele>457.172747</ele>
        <time>2026-05-06T11:47:24.999Z</time>
      </trkpt>
      <trkpt lat="49.706253" lon="14.534688">
        <ele>457.114053</ele>
        <time>2026-05-06T11:47:26.999Z</time>
      </trkpt>
      <trkpt lat="49.706142" lon="14.534673">
        <ele>457.055696</ele>
        <time>2026-05-06T11:47:28.999Z</time>
      </trkpt>
      <trkpt lat="49.706032" lon="14.534645">
        <ele>456.997308</ele>
        <time>2026-05-06T11:47:30.999Z</time>
      </trkpt>
      <trkpt lat="49.705920" lon="14.534604">
        <ele>456.937027</ele>
        <time>2026-05-06T11:47:32.999Z</time>
      </trkpt>
      <trkpt lat="49.705815" lon="14.534551">
        <ele>456.879178</ele>
        <time>2026-05-06T11:47:34.999Z</time>
      </trkpt>
      <trkpt lat="49.705713" lon="14.534494">
        <ele>456.822375</ele>
        <time>2026-05-06T11:47:36.999Z</time>
      </trkpt>
      <trkpt lat="49.705619" lon="14.534425">
        <ele>457.211285</ele>
        <time>2026-05-06T11:47:38.999Z</time>
      </trkpt>
      <trkpt lat="49.705526" lon="14.534365">
        <ele>457.639495</ele>
        <time>2026-05-06T11:47:40.999Z</time>
      </trkpt>
      <trkpt lat="49.705437" lon="14.534299">
        <ele>458.058933</ele>
        <time>2026-05-06T11:47:42.999Z</time>
      </trkpt>
      <trkpt lat="49.705356" lon="14.534230">
        <ele>458.451908</ele>
        <time>2026-05-06T11:47:44.999Z</time>
      </trkpt>
      <trkpt lat="49.705242" lon="14.534136">
        <ele>459.000909</ele>
        <time>2026-05-06T11:47:47.999Z</time>
      </trkpt>
      <trkpt lat="49.705133" lon="14.534050">
        <ele>459.520903</ele>
        <time>2026-05-06T11:47:50.999Z</time>
      </trkpt>
      <trkpt lat="49.705033" lon="14.533964">
        <ele>460.007142</ele>
        <time>2026-05-06T11:47:53.999Z</time>
      </trkpt>
      <trkpt lat="49.704938" lon="14.533884">
        <ele>460.466817</ele>
        <time>2026-05-06T11:47:56.999Z</time>
      </trkpt>
      <trkpt lat="49.704850" lon="14.533813">
        <ele>460.888606</ele>
        <time>2026-05-06T11:47:59.999Z</time>
      </trkpt>
      <trkpt lat="49.704767" lon="14.533741">
        <ele>461.293016</ele>
        <time>2026-05-06T11:48:02.999Z</time>
      </trkpt>
      <trkpt lat="49.704687" lon="14.533672">
        <ele>461.682275</ele>
        <time>2026-05-06T11:48:05.999Z</time>
      </trkpt>
      <trkpt lat="49.704588" lon="14.533586">
        <ele>462.164806</ele>
        <time>2026-05-06T11:48:09.998Z</time>
      </trkpt>
      <trkpt lat="49.704494" lon="14.533497">
        <ele>462.633182</ele>
        <time>2026-05-06T11:48:13.998Z</time>
      </trkpt>
      <trkpt lat="49.704413" lon="14.533409">
        <ele>463.053848</ele>
        <time>2026-05-06T11:48:17.998Z</time>
      </trkpt>
      <trkpt lat="49.704332" lon="14.533337">
        <ele>463.450869</ele>
        <time>2026-05-06T11:48:21.998Z</time>
      </trkpt>
      <trkpt lat="49.704252" lon="14.533256">
        <ele>463.857216</ele>
        <time>2026-05-06T11:48:25.998Z</time>
      </trkpt>
      <trkpt lat="49.704165" lon="14.533156">
        <ele>464.317869</ele>
        <time>2026-05-06T11:48:30.998Z</time>
      </trkpt>
      <trkpt lat="49.704075" lon="14.533062">
        <ele>464.719508</ele>
        <time>2026-05-06T11:48:36.000Z</time>
      </trkpt>
      <trkpt lat="49.703928" lon="14.532903">
        <ele>465.339079</ele>
        <time>2026-05-06T11:50:46.000Z</time>
      </trkpt>
      <trkpt lat="49.703848" lon="14.532813">
        <ele>465.680761</ele>
        <time>2026-05-06T11:50:50.000Z</time>
      </trkpt>
      <trkpt lat="49.703764" lon="14.532718">
        <ele>466.040187</ele>
        <time>2026-05-06T11:50:54.000Z</time>
      </trkpt>
      <trkpt lat="49.703684" lon="14.532635">
        <ele>466.372911</ele>
        <time>2026-05-06T11:50:58.000Z</time>
      </trkpt>
      <trkpt lat="49.703613" lon="14.532547">
        <ele>466.687175</ele>
        <time>2026-05-06T11:51:02.000Z</time>
      </trkpt>
      <trkpt lat="49.703536" lon="14.532463">
        <ele>467.012630</ele>
        <time>2026-05-06T11:51:05.999Z</time>
      </trkpt>
      <trkpt lat="49.703458" lon="14.532375">
        <ele>467.346101</ele>
        <time>2026-05-06T11:51:09.999Z</time>
      </trkpt>
      <trkpt lat="49.703368" lon="14.532277">
        <ele>467.726270</ele>
        <time>2026-05-06T11:51:13.999Z</time>
      </trkpt>
      <trkpt lat="49.703296" lon="14.532191">
        <ele>468.040486</ele>
        <time>2026-05-06T11:51:16.999Z</time>
      </trkpt>
      <trkpt lat="49.703220" lon="14.532106">
        <ele>468.364430</ele>
        <time>2026-05-06T11:51:19.999Z</time>
      </trkpt>
      <trkpt lat="49.703140" lon="14.532000">
        <ele>468.728290</ele>
        <time>2026-05-06T11:51:22.999Z</time>
      </trkpt>
      <trkpt lat="49.703063" lon="14.531890">
        <ele>469.090349</ele>
        <time>2026-05-06T11:51:25.999Z</time>
      </trkpt>
      <trkpt lat="49.702982" lon="14.531784">
        <ele>469.456839</ele>
        <time>2026-05-06T11:51:28.999Z</time>
      </trkpt>
      <trkpt lat="49.702909" lon="14.531661">
        <ele>469.829723</ele>
        <time>2026-05-06T11:51:31.999Z</time>
      </trkpt>
      <trkpt lat="49.702830" lon="14.531516">
        <ele>470.253206</ele>
        <time>2026-05-06T11:51:34.999Z</time>
      </trkpt>
      <trkpt lat="49.702776" lon="14.531401">
        <ele>470.570637</ele>
        <time>2026-05-06T11:51:36.999Z</time>
      </trkpt>
      <trkpt lat="49.702723" lon="14.531274">
        <ele>470.420091</ele>
        <time>2026-05-06T11:51:38.999Z</time>
      </trkpt>
      <trkpt lat="49.702670" lon="14.531144">
        <ele>470.055633</ele>
        <time>2026-05-06T11:51:40.999Z</time>
      </trkpt>
      <trkpt lat="49.702620" lon="14.531006">
        <ele>469.680486</ele>
        <time>2026-05-06T11:51:42.999Z</time>
      </trkpt>
      <trkpt lat="49.702565" lon="14.530860">
        <ele>469.279769</ele>
        <time>2026-05-06T11:51:44.999Z</time>
      </trkpt>
      <trkpt lat="49.702509" lon="14.530705">
        <ele>468.858694</ele>
        <time>2026-05-06T11:51:46.999Z</time>
      </trkpt>
      <trkpt lat="49.702455" lon="14.530536">
        <ele>468.411636</ele>
        <time>2026-05-06T11:51:48.999Z</time>
      </trkpt>
      <trkpt lat="49.702386" lon="14.530365">
        <ele>467.933624</ele>
        <time>2026-05-06T11:51:50.999Z</time>
      </trkpt>
      <trkpt lat="49.702320" lon="14.530181">
        <ele>467.434617</ele>
        <time>2026-05-06T11:51:52.999Z</time>
      </trkpt>
      <trkpt lat="49.702252" lon="14.529987">
        <ele>466.911287</ele>
        <time>2026-05-06T11:51:54.999Z</time>
      </trkpt>
      <trkpt lat="49.702181" lon="14.529784">
        <ele>466.363948</ele>
        <time>2026-05-06T11:51:56.999Z</time>
      </trkpt>
      <trkpt lat="49.702108" lon="14.529587">
        <ele>465.825474</ele>
        <time>2026-05-06T11:51:58.999Z</time>
      </trkpt>
      <trkpt lat="49.702028" lon="14.529384">
        <ele>465.261687</ele>
        <time>2026-05-06T11:52:00.999Z</time>
      </trkpt>
      <trkpt lat="49.701950" lon="14.529166">
        <ele>464.670816</ele>
        <time>2026-05-06T11:52:02.999Z</time>
      </trkpt>
      <trkpt lat="49.701862" lon="14.528930">
        <ele>463.972455</ele>
        <time>2026-05-06T11:52:04.999Z</time>
      </trkpt>
      <trkpt lat="49.701771" lon="14.528681">
        <ele>462.600212</ele>
        <time>2026-05-06T11:52:06.999Z</time>
      </trkpt>
      <trkpt lat="49.701722" lon="14.528544">
        <ele>461.849069</ele>
        <time>2026-05-06T11:52:07.999Z</time>
      </trkpt>
      <trkpt lat="49.701672" lon="14.528410">
        <ele>461.106809</ele>
        <time>2026-05-06T11:52:08.999Z</time>
      </trkpt>
      <trkpt lat="49.701625" lon="14.528276">
        <ele>460.375417</ele>
        <time>2026-05-06T11:52:09.999Z</time>
      </trkpt>
      <trkpt lat="49.701577" lon="14.528145">
        <ele>459.653016</ele>
        <time>2026-05-06T11:52:10.999Z</time>
      </trkpt>
      <trkpt lat="49.701528" lon="14.528012">
        <ele>458.918607</ele>
        <time>2026-05-06T11:52:11.999Z</time>
      </trkpt>
      <trkpt lat="49.701479" lon="14.527878">
        <ele>458.180025</ele>
        <time>2026-05-06T11:52:12.999Z</time>
      </trkpt>
      <trkpt lat="49.701428" lon="14.527742">
        <ele>457.425741</ele>
        <time>2026-05-06T11:52:13.999Z</time>
      </trkpt>
      <trkpt lat="49.701379" lon="14.527602">
        <ele>456.661966</ele>
        <time>2026-05-06T11:52:14.999Z</time>
      </trkpt>
      <trkpt lat="49.701329" lon="14.527457">
        <ele>455.873545</ele>
        <time>2026-05-06T11:52:15.998Z</time>
      </trkpt>
      <trkpt lat="49.701278" lon="14.527311">
        <ele>455.077388</ele>
        <time>2026-05-06T11:52:16.998Z</time>
      </trkpt>
      <trkpt lat="49.701226" lon="14.527162">
        <ele>454.265040</ele>
        <time>2026-05-06T11:52:17.998Z</time>
      </trkpt>
      <trkpt lat="49.701166" lon="14.527008">
        <ele>453.402429</ele>
        <time>2026-05-06T11:52:18.998Z</time>
      </trkpt>
      <trkpt lat="49.701112" lon="14.526857">
        <ele>452.574545</ele>
        <time>2026-05-06T11:52:19.998Z</time>
      </trkpt>
      <trkpt lat="49.701056" lon="14.526700">
        <ele>451.714287</ele>
        <time>2026-05-06T11:52:20.998Z</time>
      </trkpt>
      <trkpt lat="49.701000" lon="14.526537">
        <ele>450.828709</ele>
        <time>2026-05-06T11:52:21.998Z</time>
      </trkpt>
      <trkpt lat="49.700946" lon="14.526383">
        <ele>450.166092</ele>
        <time>2026-05-06T11:52:22.998Z</time>
      </trkpt>
      <trkpt lat="49.700891" lon="14.526233">
        <ele>449.536461</ele>
        <time>2026-05-06T11:52:23.998Z</time>
      </trkpt>
      <trkpt lat="49.700829" lon="14.526071">
        <ele>448.849100</ele>
        <time>2026-05-06T11:52:24.998Z</time>
      </trkpt>
      <trkpt lat="49.700771" lon="14.525891">
        <ele>448.114763</ele>
        <time>2026-05-06T11:52:25.998Z</time>
      </trkpt>
      <trkpt lat="49.700709" lon="14.525742">
        <ele>447.467803</ele>
        <time>2026-05-06T11:52:26.998Z</time>
      </trkpt>
      <trkpt lat="49.700644" lon="14.525587">
        <ele>446.793249</ele>
        <time>2026-05-06T11:52:27.998Z</time>
      </trkpt>
      <trkpt lat="49.700570" lon="14.525435">
        <ele>446.098540</ele>
        <time>2026-05-06T11:52:28.998Z</time>
      </trkpt>
      <trkpt lat="49.700489" lon="14.525290">
        <ele>445.398910</ele>
        <time>2026-05-06T11:52:29.998Z</time>
      </trkpt>
      <trkpt lat="49.700401" lon="14.525158">
        <ele>444.706685</ele>
        <time>2026-05-06T11:52:30.998Z</time>
      </trkpt>
      <trkpt lat="49.700314" lon="14.525028">
        <ele>444.023596</ele>
        <time>2026-05-06T11:52:31.998Z</time>
      </trkpt>
      <trkpt lat="49.700219" lon="14.524908">
        <ele>443.331002</ele>
        <time>2026-05-06T11:52:32.998Z</time>
      </trkpt>
      <trkpt lat="49.700130" lon="14.524794">
        <ele>442.678487</ele>
        <time>2026-05-06T11:52:33.998Z</time>
      </trkpt>
      <trkpt lat="49.700042" lon="14.524679">
        <ele>442.027959</ele>
        <time>2026-05-06T11:52:34.998Z</time>
      </trkpt>
      <trkpt lat="49.699954" lon="14.524558">
        <ele>441.363075</ele>
        <time>2026-05-06T11:52:35.998Z</time>
      </trkpt>
      <trkpt lat="49.699866" lon="14.524450">
        <ele>440.728746</ele>
        <time>2026-05-06T11:52:36.998Z</time>
      </trkpt>
      <trkpt lat="49.699778" lon="14.524344">
        <ele>440.514121</ele>
        <time>2026-05-06T11:52:37.998Z</time>
      </trkpt>
      <trkpt lat="49.699678" lon="14.524239">
        <ele>440.423238</ele>
        <time>2026-05-06T11:52:38.998Z</time>
      </trkpt>
      <trkpt lat="49.699588" lon="14.524154">
        <ele>440.343947</ele>
        <time>2026-05-06T11:52:39.998Z</time>
      </trkpt>
      <trkpt lat="49.699489" lon="14.524087">
        <ele>440.262697</ele>
        <time>2026-05-06T11:52:40.998Z</time>
      </trkpt>
      <trkpt lat="49.699391" lon="14.524011">
        <ele>440.180268</ele>
        <time>2026-05-06T11:52:41.998Z</time>
      </trkpt>
      <trkpt lat="49.699295" lon="14.523940">
        <ele>440.100259</ele>
        <time>2026-05-06T11:52:42.998Z</time>
      </trkpt>
      <trkpt lat="49.699201" lon="14.523878">
        <ele>440.023424</ele>
        <time>2026-05-06T11:52:44.000Z</time>
      </trkpt>
      <trkpt lat="49.699107" lon="14.523823">
        <ele>439.947859</ele>
        <time>2026-05-06T11:52:45.000Z</time>
      </trkpt>
      <trkpt lat="49.699016" lon="14.523766">
        <ele>439.874041</ele>
        <time>2026-05-06T11:52:46.000Z</time>
      </trkpt>
      <trkpt lat="49.698926" lon="14.523707">
        <ele>439.800544</ele>
        <time>2026-05-06T11:52:47.000Z</time>
      </trkpt>
      <trkpt lat="49.698761" lon="14.523588">
        <ele>439.663658</ele>
        <time>2026-05-06T11:52:49.000Z</time>
      </trkpt>
      <trkpt lat="49.698677" lon="14.523531">
        <ele>439.594688</ele>
        <time>2026-05-06T11:52:50.000Z</time>
      </trkpt>
      <trkpt lat="49.698517" lon="14.523421">
        <ele>439.463037</ele>
        <time>2026-05-06T11:52:52.000Z</time>
      </trkpt>
      <trkpt lat="49.698363" lon="14.523320">
        <ele>439.337268</ele>
        <time>2026-05-06T11:52:54.000Z</time>
      </trkpt>
      <trkpt lat="49.698224" lon="14.523222">
        <ele>439.243428</ele>
        <time>2026-05-06T11:52:56.000Z</time>
      </trkpt>
      <trkpt lat="49.698074" lon="14.523120">
        <ele>439.926407</ele>
        <time>2026-05-06T11:52:58.000Z</time>
      </trkpt>
      <trkpt lat="49.697939" lon="14.523020">
        <ele>440.550317</ele>
        <time>2026-05-06T11:53:00.000Z</time>
      </trkpt>
      <trkpt lat="49.697814" lon="14.522937">
        <ele>441.117317</ele>
        <time>2026-05-06T11:53:02.000Z</time>
      </trkpt>
      <trkpt lat="49.697714" lon="14.522868">
        <ele>441.573730</ele>
        <time>2026-05-06T11:53:04.000Z</time>
      </trkpt>
      <trkpt lat="49.697622" lon="14.522808">
        <ele>441.989893</ele>
        <time>2026-05-06T11:53:06.000Z</time>
      </trkpt>
      <trkpt lat="49.697506" lon="14.522727">
        <ele>442.520392</ele>
        <time>2026-05-06T11:53:08.999Z</time>
      </trkpt>
      <trkpt lat="49.697398" lon="14.522654">
        <ele>443.011662</ele>
        <time>2026-05-06T11:53:11.999Z</time>
      </trkpt>
      <trkpt lat="49.697306" lon="14.522587">
        <ele>443.435518</ele>
        <time>2026-05-06T11:53:14.999Z</time>
      </trkpt>
      <trkpt lat="49.697214" lon="14.522529">
        <ele>443.849616</ele>
        <time>2026-05-06T11:53:17.999Z</time>
      </trkpt>
      <trkpt lat="49.697128" lon="14.522462">
        <ele>444.250991</ele>
        <time>2026-05-06T11:53:20.999Z</time>
      </trkpt>
      <trkpt lat="49.697021" lon="14.522390">
        <ele>444.737363</ele>
        <time>2026-05-06T11:53:24.999Z</time>
      </trkpt>
      <trkpt lat="49.696938" lon="14.522336">
        <ele>445.112680</ele>
        <time>2026-05-06T11:53:27.999Z</time>
      </trkpt>
      <trkpt lat="49.696849" lon="14.522271">
        <ele>445.522928</ele>
        <time>2026-05-06T11:53:31.999Z</time>
      </trkpt>
      <trkpt lat="49.696758" lon="14.522229">
        <ele>445.918744</ele>
        <time>2026-05-06T11:53:35.999Z</time>
      </trkpt>
      <trkpt lat="49.696671" lon="14.522191">
        <ele>446.295542</ele>
        <time>2026-05-06T11:53:39.999Z</time>
      </trkpt>
      <trkpt lat="49.696580" lon="14.522163">
        <ele>446.682256</ele>
        <time>2026-05-06T11:53:43.999Z</time>
      </trkpt>
      <trkpt lat="49.696477" lon="14.522147">
        <ele>447.537284</ele>
        <time>2026-05-06T11:53:48.999Z</time>
      </trkpt>
      <trkpt lat="49.696369" lon="14.522157">
        <ele>448.475992</ele>
        <time>2026-05-06T11:53:53.999Z</time>
      </trkpt>
      <trkpt lat="49.696264" lon="14.522183">
        <ele>449.398604</ele>
        <time>2026-05-06T11:53:58.999Z</time>
      </trkpt>
      <trkpt lat="49.696159" lon="14.522234">
        <ele>450.353508</ele>
        <time>2026-05-06T11:54:03.999Z</time>
      </trkpt>
      <trkpt lat="49.696067" lon="14.522299">
        <ele>451.231124</ele>
        <time>2026-05-06T11:54:08.999Z</time>
      </trkpt>
      <trkpt lat="49.695984" lon="14.522400">
        <ele>452.147568</ele>
        <time>2026-05-06T11:54:13.999Z</time>
      </trkpt>
      <trkpt lat="49.695910" lon="14.522510">
        <ele>453.038251</ele>
        <time>2026-05-06T11:54:18.998Z</time>
      </trkpt>
      <trkpt lat="49.695847" lon="14.522613">
        <ele>453.833810</ele>
        <time>2026-05-06T11:54:23.998Z</time>
      </trkpt>
      <trkpt lat="49.695801" lon="14.522749">
        <ele>454.695112</ele>
        <time>2026-05-06T11:54:28.998Z</time>
      </trkpt>
      <trkpt lat="49.695745" lon="14.522866">
        <ele>455.511947</ele>
        <time>2026-05-06T11:54:33.998Z</time>
      </trkpt>
      <trkpt lat="49.695696" lon="14.522999">
        <ele>456.370946</ele>
        <time>2026-05-06T11:54:38.998Z</time>
      </trkpt>
      <trkpt lat="49.695644" lon="14.523129">
        <ele>457.228756</ele>
        <time>2026-05-06T11:54:43.998Z</time>
      </trkpt>
      <trkpt lat="49.695588" lon="14.523275">
        <ele>458.181356</ele>
        <time>2026-05-06T11:54:48.998Z</time>
      </trkpt>
      <trkpt lat="49.695534" lon="14.523402">
        <ele>459.034301</ele>
        <time>2026-05-06T11:54:54.000Z</time>
      </trkpt>
      <trkpt lat="49.695487" lon="14.523529">
        <ele>459.855456</ele>
        <time>2026-05-06T11:54:59.000Z</time>
      </trkpt>
      <trkpt lat="49.695432" lon="14.523652">
        <ele>460.694637</ele>
        <time>2026-05-06T11:55:04.000Z</time>
      </trkpt>
      <trkpt lat="49.695381" lon="14.523769">
        <ele>461.486441</ele>
        <time>2026-05-06T11:55:09.000Z</time>
      </trkpt>
      <trkpt lat="49.695331" lon="14.523889">
        <ele>462.287532</ele>
        <time>2026-05-06T11:55:14.000Z</time>
      </trkpt>
      <trkpt lat="49.695269" lon="14.524027">
        <ele>462.931943</ele>
        <time>2026-05-06T11:55:18.999Z</time>
      </trkpt>
      <trkpt lat="49.695207" lon="14.524149">
        <ele>463.514784</ele>
        <time>2026-05-06T11:55:24.999Z</time>
      </trkpt>
      <trkpt lat="49.695142" lon="14.524254">
        <ele>464.060763</ele>
        <time>2026-05-06T11:55:29.999Z</time>
      </trkpt>
      <trkpt lat="49.695061" lon="14.524338">
        <ele>464.627218</ele>
        <time>2026-05-06T11:55:35.999Z</time>
      </trkpt>
      <trkpt lat="49.694974" lon="14.524375">
        <ele>465.151250</ele>
        <time>2026-05-06T11:55:41.999Z</time>
      </trkpt>
      <trkpt lat="49.694866" lon="14.524391">
        <ele>465.781346</ele>
        <time>2026-05-06T11:55:46.999Z</time>
      </trkpt>
      <trkpt lat="49.694766" lon="14.524375">
        <ele>466.365209</ele>
        <time>2026-05-06T11:55:51.999Z</time>
      </trkpt>
      <trkpt lat="49.694667" lon="14.524352">
        <ele>466.946619</ele>
        <time>2026-05-06T11:55:56.999Z</time>
      </trkpt>
      <trkpt lat="49.694576" lon="14.524319">
        <ele>467.489457</ele>
        <time>2026-05-06T11:56:01.999Z</time>
      </trkpt>
      <trkpt lat="49.694483" lon="14.524282">
        <ele>468.047164</ele>
        <time>2026-05-06T11:56:06.999Z</time>
      </trkpt>
      <trkpt lat="49.694379" lon="14.524263">
        <ele>468.655359</ele>
        <time>2026-05-06T11:56:11.999Z</time>
      </trkpt>
      <trkpt lat="49.694285" lon="14.524222">
        <ele>469.222587</ele>
        <time>2026-05-06T11:56:16.999Z</time>
      </trkpt>
      <trkpt lat="49.694185" lon="14.524175">
        <ele>469.829596</ele>
        <time>2026-05-06T11:56:21.999Z</time>
      </trkpt>
      <trkpt lat="49.694084" lon="14.524136">
        <ele>470.434186</ele>
        <time>2026-05-06T11:56:26.999Z</time>
      </trkpt>
      <trkpt lat="49.693990" lon="14.524091">
        <ele>471.005677</ele>
        <time>2026-05-06T11:56:31.998Z</time>
      </trkpt>
      <trkpt lat="49.693893" lon="14.524052">
        <ele>471.587757</ele>
        <time>2026-05-06T11:56:36.998Z</time>
      </trkpt>
      <trkpt lat="49.693805" lon="14.524015">
        <ele>472.117392</ele>
        <time>2026-05-06T11:56:41.998Z</time>
      </trkpt>
      <trkpt lat="49.693715" lon="14.523988">
        <ele>472.649828</ele>
        <time>2026-05-06T11:56:46.998Z</time>
      </trkpt>
      <trkpt lat="49.693618" lon="14.523960">
        <ele>472.849631</ele>
        <time>2026-05-06T11:56:51.998Z</time>
      </trkpt>
      <trkpt lat="49.693530" lon="14.523911">
        <ele>472.941840</ele>
        <time>2026-05-06T11:56:57.000Z</time>
      </trkpt>
      <trkpt lat="49.693428" lon="14.523873">
        <ele>473.045273</ele>
        <time>2026-05-06T11:57:02.000Z</time>
      </trkpt>
      <trkpt lat="49.693334" lon="14.523830">
        <ele>473.141912</ele>
        <time>2026-05-06T11:57:07.000Z</time>
      </trkpt>
      <trkpt lat="49.693235" lon="14.523771">
        <ele>473.246510</ele>
        <time>2026-05-06T11:57:12.000Z</time>
      </trkpt>
      <trkpt lat="49.693140" lon="14.523698">
        <ele>473.351096</ele>
        <time>2026-05-06T11:57:16.000Z</time>
      </trkpt>
      <trkpt lat="49.693058" lon="14.523618">
        <ele>473.446686</ele>
        <time>2026-05-06T11:57:20.000Z</time>
      </trkpt>
      <trkpt lat="49.692967" lon="14.523513">
        <ele>473.558630</ele>
        <time>2026-05-06T11:57:24.000Z</time>
      </trkpt>
      <trkpt lat="49.692895" lon="14.523422">
        <ele>473.650313</ele>
        <time>2026-05-06T11:57:26.999Z</time>
      </trkpt>
      <trkpt lat="49.692821" lon="14.523331">
        <ele>473.743531</ele>
        <time>2026-05-06T11:57:29.999Z</time>
      </trkpt>
      <trkpt lat="49.692735" lon="14.523207">
        <ele>473.859466</ele>
        <time>2026-05-06T11:57:32.999Z</time>
      </trkpt>
      <trkpt lat="49.692653" lon="14.523079">
        <ele>473.974348</ele>
        <time>2026-05-06T11:57:35.999Z</time>
      </trkpt>
      <trkpt lat="49.692559" lon="14.522986">
        <ele>474.084369</ele>
        <time>2026-05-06T11:57:37.999Z</time>
      </trkpt>
      <trkpt lat="49.692488" lon="14.522886">
        <ele>474.179058</ele>
        <time>2026-05-06T11:57:39.999Z</time>
      </trkpt>
      <trkpt lat="49.692407" lon="14.522778">
        <ele>474.284509</ele>
        <time>2026-05-06T11:57:41.999Z</time>
      </trkpt>
      <trkpt lat="49.692325" lon="14.522652">
        <ele>474.398488</ele>
        <time>2026-05-06T11:57:43.999Z</time>
      </trkpt>
      <trkpt lat="49.692229" lon="14.522545">
        <ele>474.515162</ele>
        <time>2026-05-06T11:57:45.999Z</time>
      </trkpt>
      <trkpt lat="49.692140" lon="14.522433">
        <ele>474.383859</ele>
        <time>2026-05-06T11:57:47.999Z</time>
      </trkpt>
      <trkpt lat="49.692053" lon="14.522325">
        <ele>474.165298</ele>
        <time>2026-05-06T11:57:49.999Z</time>
      </trkpt>
      <trkpt lat="49.691960" lon="14.522202">
        <ele>473.925556</ele>
        <time>2026-05-06T11:57:51.999Z</time>
      </trkpt>
      <trkpt lat="49.691866" lon="14.522084">
        <ele>473.688367</ele>
        <time>2026-05-06T11:57:53.999Z</time>
      </trkpt>
      <trkpt lat="49.691777" lon="14.521970">
        <ele>473.461964</ele>
        <time>2026-05-06T11:57:55.999Z</time>
      </trkpt>
      <trkpt lat="49.691687" lon="14.521864">
        <ele>473.240335</ele>
        <time>2026-05-06T11:57:57.999Z</time>
      </trkpt>
      <trkpt lat="49.691599" lon="14.521747">
        <ele>473.012976</ele>
        <time>2026-05-06T11:57:59.999Z</time>
      </trkpt>
      <trkpt lat="49.691512" lon="14.521641">
        <ele>472.795992</ele>
        <time>2026-05-06T11:58:01.999Z</time>
      </trkpt>
      <trkpt lat="49.691422" lon="14.521532">
        <ele>472.572039</ele>
        <time>2026-05-06T11:58:03.999Z</time>
      </trkpt>
      <trkpt lat="49.691338" lon="14.521434">
        <ele>472.365899</ele>
        <time>2026-05-06T11:58:05.999Z</time>
      </trkpt>
      <trkpt lat="49.691256" lon="14.521333">
        <ele>472.160526</ele>
        <time>2026-05-06T11:58:07.999Z</time>
      </trkpt>
      <trkpt lat="49.691181" lon="14.521238">
        <ele>471.970596</ele>
        <time>2026-05-06T11:58:09.999Z</time>
      </trkpt>
      <trkpt lat="49.691089" lon="14.521123">
        <ele>471.738842</ele>
        <time>2026-05-06T11:58:11.999Z</time>
      </trkpt>
      <trkpt lat="49.691000" lon="14.521000">
        <ele>471.504996</ele>
        <time>2026-05-06T11:58:13.999Z</time>
      </trkpt>
      <trkpt lat="49.690901" lon="14.520880">
        <ele>471.258568</ele>
        <time>2026-05-06T11:58:15.999Z</time>
      </trkpt>
      <trkpt lat="49.690797" lon="14.520769">
        <ele>470.991929</ele>
        <time>2026-05-06T11:58:17.999Z</time>
      </trkpt>
      <trkpt lat="49.690697" lon="14.520637">
        <ele>470.334503</ele>
        <time>2026-05-06T11:58:19.999Z</time>
      </trkpt>
      <trkpt lat="49.690590" lon="14.520502">
        <ele>469.643991</ele>
        <time>2026-05-06T11:58:21.999Z</time>
      </trkpt>
      <trkpt lat="49.690480" lon="14.520364">
        <ele>468.935722</ele>
        <time>2026-05-06T11:58:23.999Z</time>
      </trkpt>
      <trkpt lat="49.690362" lon="14.520214">
        <ele>468.171923</ele>
        <time>2026-05-06T11:58:25.999Z</time>
      </trkpt>
      <trkpt lat="49.690234" lon="14.520069">
        <ele>467.378545</ele>
        <time>2026-05-06T11:58:27.999Z</time>
      </trkpt>
      <trkpt lat="49.690113" lon="14.519939">
        <ele>466.641841</ele>
        <time>2026-05-06T11:58:29.999Z</time>
      </trkpt>
      <trkpt lat="49.689989" lon="14.519799">
        <ele>465.874150</ele>
        <time>2026-05-06T11:58:31.999Z</time>
      </trkpt>
      <trkpt lat="49.689856" lon="14.519653">
        <ele>465.058605</ele>
        <time>2026-05-06T11:58:33.999Z</time>
      </trkpt>
      <trkpt lat="49.689709" lon="14.519501">
        <ele>464.174411</ele>
        <time>2026-05-06T11:58:35.998Z</time>
      </trkpt>
      <trkpt lat="49.689639" lon="14.519411">
        <ele>463.719211</ele>
        <time>2026-05-06T11:58:36.998Z</time>
      </trkpt>
      <trkpt lat="49.689563" lon="14.519330">
        <ele>463.257688</ele>
        <time>2026-05-06T11:58:37.998Z</time>
      </trkpt>
      <trkpt lat="49.689489" lon="14.519240">
        <ele>462.786939</ele>
        <time>2026-05-06T11:58:38.998Z</time>
      </trkpt>
      <trkpt lat="49.689413" lon="14.519157">
        <ele>462.321713</ele>
        <time>2026-05-06T11:58:39.998Z</time>
      </trkpt>
      <trkpt lat="49.689336" lon="14.519073">
        <ele>461.975836</ele>
        <time>2026-05-06T11:58:40.998Z</time>
      </trkpt>
      <trkpt lat="49.689187" lon="14.518897">
        <ele>461.689227</ele>
        <time>2026-05-06T11:58:42.998Z</time>
      </trkpt>
      <trkpt lat="49.689114" lon="14.518808">
        <ele>461.547126</ele>
        <time>2026-05-06T11:58:43.998Z</time>
      </trkpt>
      <trkpt lat="49.689036" lon="14.518707">
        <ele>461.391610</ele>
        <time>2026-05-06T11:58:44.998Z</time>
      </trkpt>
      <trkpt lat="49.688905" lon="14.518524">
        <ele>461.121742</ele>
        <time>2026-05-06T11:58:46.998Z</time>
      </trkpt>
      <trkpt lat="49.688827" lon="14.518438">
        <ele>460.975307</ele>
        <time>2026-05-06T11:58:47.998Z</time>
      </trkpt>
      <trkpt lat="49.688759" lon="14.518337">
        <ele>460.831172</ele>
        <time>2026-05-06T11:58:48.998Z</time>
      </trkpt>
      <trkpt lat="49.688643" lon="14.518110">
        <ele>460.545144</ele>
        <time>2026-05-06T11:58:50.998Z</time>
      </trkpt>
      <trkpt lat="49.688556" lon="14.517920">
        <ele>460.314980</ele>
        <time>2026-05-06T11:58:52.998Z</time>
      </trkpt>
      <trkpt lat="49.688470" lon="14.517731">
        <ele>460.086505</ele>
        <time>2026-05-06T11:58:54.998Z</time>
      </trkpt>
      <trkpt lat="49.688390" lon="14.517537">
        <ele>459.859026</ele>
        <time>2026-05-06T11:58:56.998Z</time>
      </trkpt>
      <trkpt lat="49.688316" lon="14.517347">
        <ele>459.639739</ele>
        <time>2026-05-06T11:58:58.998Z</time>
      </trkpt>
      <trkpt lat="49.688249" lon="14.517181">
        <ele>459.446277</ele>
        <time>2026-05-06T11:59:01.000Z</time>
      </trkpt>
      <trkpt lat="49.688202" lon="14.516997">
        <ele>459.233849</ele>
        <time>2026-05-06T11:59:03.000Z</time>
      </trkpt>
      <trkpt lat="49.688155" lon="14.516820">
        <ele>458.942995</ele>
        <time>2026-05-06T11:59:05.000Z</time>
      </trkpt>
      <trkpt lat="49.688110" lon="14.516622">
        <ele>458.623968</ele>
        <time>2026-05-06T11:59:07.000Z</time>
      </trkpt>
      <trkpt lat="49.688063" lon="14.516433">
        <ele>458.316160</ele>
        <time>2026-05-06T11:59:09.000Z</time>
      </trkpt>
      <trkpt lat="49.688025" lon="14.516231">
        <ele>457.996366</ele>
        <time>2026-05-06T11:59:11.000Z</time>
      </trkpt>
      <trkpt lat="49.687923" lon="14.516051">
        <ele>457.632610</ele>
        <time>2026-05-06T11:59:13.000Z</time>
      </trkpt>
      <trkpt lat="49.687824" lon="14.515914">
        <ele>457.320377</ele>
        <time>2026-05-06T11:59:15.000Z</time>
      </trkpt>
      <trkpt lat="49.687703" lon="14.515777">
        <ele>456.967938</ele>
        <time>2026-05-06T11:59:17.000Z</time>
      </trkpt>
      <trkpt lat="49.687570" lon="14.515671">
        <ele>456.616322</ele>
        <time>2026-05-06T11:59:19.000Z</time>
      </trkpt>
      <trkpt lat="49.687423" lon="14.515539">
        <ele>456.216850</ele>
        <time>2026-05-06T11:59:21.000Z</time>
      </trkpt>
      <trkpt lat="49.687268" lon="14.515417">
        <ele>455.808135</ele>
        <time>2026-05-06T11:59:23.000Z</time>
      </trkpt>
      <trkpt lat="49.687126" lon="14.515281">
        <ele>455.415607</ele>
        <time>2026-05-06T11:59:25.000Z</time>
      </trkpt>
      <trkpt lat="49.687000" lon="14.515121">
        <ele>455.043470</ele>
        <time>2026-05-06T11:59:27.000Z</time>
      </trkpt>
      <trkpt lat="49.686894" lon="14.514949">
        <ele>454.854416</ele>
        <time>2026-05-06T11:59:29.000Z</time>
      </trkpt>
      <trkpt lat="49.686802" lon="14.514774">
        <ele>454.674956</ele>
        <time>2026-05-06T11:59:30.999Z</time>
      </trkpt>
      <trkpt lat="49.686720" lon="14.514587">
        <ele>454.495166</ele>
        <time>2026-05-06T11:59:32.999Z</time>
      </trkpt>
      <trkpt lat="49.686642" lon="14.514385">
        <ele>454.307944</ele>
        <time>2026-05-06T11:59:34.999Z</time>
      </trkpt>
      <trkpt lat="49.686574" lon="14.514185">
        <ele>454.128129</ele>
        <time>2026-05-06T11:59:36.999Z</time>
      </trkpt>
      <trkpt lat="49.686504" lon="14.513986">
        <ele>453.947856</ele>
        <time>2026-05-06T11:59:38.999Z</time>
      </trkpt>
      <trkpt lat="49.686436" lon="14.513794">
        <ele>453.773651</ele>
        <time>2026-05-06T11:59:40.999Z</time>
      </trkpt>
      <trkpt lat="49.686364" lon="14.513600">
        <ele>453.595652</ele>
        <time>2026-05-06T11:59:42.999Z</time>
      </trkpt>
      <trkpt lat="49.686282" lon="14.513386">
        <ele>453.397705</ele>
        <time>2026-05-06T11:59:44.999Z</time>
      </trkpt>
      <trkpt lat="49.686181" lon="14.513174">
        <ele>453.188171</ele>
        <time>2026-05-06T11:59:46.999Z</time>
      </trkpt>
      <trkpt lat="49.686074" lon="14.512966">
        <ele>452.976677</ele>
        <time>2026-05-06T11:59:48.999Z</time>
      </trkpt>
      <trkpt lat="49.685979" lon="14.512739">
        <ele>452.758052</ele>
        <time>2026-05-06T11:59:50.999Z</time>
      </trkpt>
      <trkpt lat="49.685916" lon="14.512498">
        <ele>452.542400</ele>
        <time>2026-05-06T11:59:52.999Z</time>
      </trkpt>
      <trkpt lat="49.685882" lon="14.512249">
        <ele>452.331265</ele>
        <time>2026-05-06T11:59:54.999Z</time>
      </trkpt>
      <trkpt lat="49.685852" lon="14.512002">
        <ele>452.122759</ele>
        <time>2026-05-06T11:59:56.999Z</time>
      </trkpt>
      <trkpt lat="49.685817" lon="14.511754">
        <ele>451.912165</ele>
        <time>2026-05-06T11:59:58.999Z</time>
      </trkpt>
      <trkpt lat="49.685790" lon="14.511513">
        <ele>451.709242</ele>
        <time>2026-05-06T12:00:00.999Z</time>
      </trkpt>
      <trkpt lat="49.685756" lon="14.511288">
        <ele>451.517544</ele>
        <time>2026-05-06T12:00:02.999Z</time>
      </trkpt>
      <trkpt lat="49.685714" lon="14.511075">
        <ele>451.332801</ele>
        <time>2026-05-06T12:00:04.999Z</time>
      </trkpt>
      <trkpt lat="49.685648" lon="14.510893">
        <ele>451.159701</ele>
        <time>2026-05-06T12:00:06.999Z</time>
      </trkpt>
      <trkpt lat="49.685555" lon="14.510747">
        <ele>450.989714</ele>
        <time>2026-05-06T12:00:08.999Z</time>
      </trkpt>
      <trkpt lat="49.685436" lon="14.510630">
        <ele>450.808856</ele>
        <time>2026-05-06T12:00:10.999Z</time>
      </trkpt>
      <trkpt lat="49.685294" lon="14.510524">
        <ele>450.606636</ele>
        <time>2026-05-06T12:00:12.999Z</time>
      </trkpt>
      <trkpt lat="49.685157" lon="14.510406">
        <ele>450.010049</ele>
        <time>2026-05-06T12:00:14.999Z</time>
      </trkpt>
      <trkpt lat="49.685028" lon="14.510281">
        <ele>449.225268</ele>
        <time>2026-05-06T12:00:16.999Z</time>
      </trkpt>
      <trkpt lat="49.684871" lon="14.510180">
        <ele>448.348731</ele>
        <time>2026-05-06T12:00:18.999Z</time>
      </trkpt>
      <trkpt lat="49.684720" lon="14.510042">
        <ele>447.444538</ele>
        <time>2026-05-06T12:00:20.999Z</time>
      </trkpt>
      <trkpt lat="49.684581" lon="14.509912">
        <ele>446.607122</ele>
        <time>2026-05-06T12:00:22.999Z</time>
      </trkpt>
      <trkpt lat="49.684440" lon="14.509785">
        <ele>445.765950</ele>
        <time>2026-05-06T12:00:24.999Z</time>
      </trkpt>
      <trkpt lat="49.684319" lon="14.509642">
        <ele>444.980838</ele>
        <time>2026-05-06T12:00:26.999Z</time>
      </trkpt>
      <trkpt lat="49.684210" lon="14.509475">
        <ele>444.189751</ele>
        <time>2026-05-06T12:00:28.999Z</time>
      </trkpt>
      <trkpt lat="49.684133" lon="14.509276">
        <ele>443.416482</ele>
        <time>2026-05-06T12:00:30.999Z</time>
      </trkpt>
      <trkpt lat="49.684097" lon="14.509149">
        <ele>442.954085</ele>
        <time>2026-05-06T12:00:31.999Z</time>
      </trkpt>
      <trkpt lat="49.684073" lon="14.509014">
        <ele>442.487187</ele>
        <time>2026-05-06T12:00:32.999Z</time>
      </trkpt>
      <trkpt lat="49.684049" lon="14.508880">
        <ele>442.023504</ele>
        <time>2026-05-06T12:00:33.999Z</time>
      </trkpt>
      <trkpt lat="49.684024" lon="14.508723">
        <ele>441.484300</ele>
        <time>2026-05-06T12:00:34.999Z</time>
      </trkpt>
      <trkpt lat="49.683969" lon="14.508460">
        <ele>440.433694</ele>
        <time>2026-05-06T12:00:36.999Z</time>
      </trkpt>
      <trkpt lat="49.683946" lon="14.508322">
        <ele>439.871353</ele>
        <time>2026-05-06T12:00:37.999Z</time>
      </trkpt>
      <trkpt lat="49.683897" lon="14.508060">
        <ele>438.795144</ele>
        <time>2026-05-06T12:00:39.999Z</time>
      </trkpt>
      <trkpt lat="49.683861" lon="14.507920">
        <ele>438.200654</ele>
        <time>2026-05-06T12:00:40.999Z</time>
      </trkpt>
      <trkpt lat="49.683814" lon="14.507795">
        <ele>437.630144</ele>
        <time>2026-05-06T12:00:41.998Z</time>
      </trkpt>
      <trkpt lat="49.683691" lon="14.507608">
        <ele>436.577855</ele>
        <time>2026-05-06T12:00:43.998Z</time>
      </trkpt>
      <trkpt lat="49.683606" lon="14.507540">
        <ele>435.994104</ele>
        <time>2026-05-06T12:00:44.998Z</time>
      </trkpt>
      <trkpt lat="49.683512" lon="14.507490">
        <ele>435.387790</ele>
        <time>2026-05-06T12:00:45.998Z</time>
      </trkpt>
      <trkpt lat="49.683410" lon="14.507457">
        <ele>434.752203</ele>
        <time>2026-05-06T12:00:46.998Z</time>
      </trkpt>
      <trkpt lat="49.683310" lon="14.507423">
        <ele>434.127713</ele>
        <time>2026-05-06T12:00:47.998Z</time>
      </trkpt>
      <trkpt lat="49.683201" lon="14.507392">
        <ele>433.451754</ele>
        <time>2026-05-06T12:00:48.998Z</time>
      </trkpt>
      <trkpt lat="49.683100" lon="14.507363">
        <ele>432.825209</ele>
        <time>2026-05-06T12:00:49.998Z</time>
      </trkpt>
      <trkpt lat="49.682993" lon="14.507328">
        <ele>432.158154</ele>
        <time>2026-05-06T12:00:50.998Z</time>
      </trkpt>
      <trkpt lat="49.682887" lon="14.507306">
        <ele>431.505850</ele>
        <time>2026-05-06T12:00:51.998Z</time>
      </trkpt>
      <trkpt lat="49.682794" lon="14.507293">
        <ele>430.936322</ele>
        <time>2026-05-06T12:00:52.998Z</time>
      </trkpt>
      <trkpt lat="49.682695" lon="14.507266">
        <ele>430.323186</ele>
        <time>2026-05-06T12:00:53.998Z</time>
      </trkpt>
      <trkpt lat="49.682597" lon="14.507223">
        <ele>430.223129</ele>
        <time>2026-05-06T12:00:54.998Z</time>
      </trkpt>
      <trkpt lat="49.682503" lon="14.507164">
        <ele>430.147659</ele>
        <time>2026-05-06T12:00:55.998Z</time>
      </trkpt>
      <trkpt lat="49.682418" lon="14.507095">
        <ele>430.076239</ele>
        <time>2026-05-06T12:00:56.998Z</time>
      </trkpt>
      <trkpt lat="49.682337" lon="14.506984">
        <ele>429.995712</ele>
        <time>2026-05-06T12:00:57.998Z</time>
      </trkpt>
      <trkpt lat="49.682268" lon="14.506878">
        <ele>429.923342</ele>
        <time>2026-05-06T12:00:58.998Z</time>
      </trkpt>
      <trkpt lat="49.682224" lon="14.506755">
        <ele>429.855697</ele>
        <time>2026-05-06T12:00:59.998Z</time>
      </trkpt>
      <trkpt lat="49.682110" lon="14.506552">
        <ele>429.726323</ele>
        <time>2026-05-06T12:01:01.998Z</time>
      </trkpt>
      <trkpt lat="49.682009" lon="14.506340">
        <ele>429.599611</ele>
        <time>2026-05-06T12:01:03.998Z</time>
      </trkpt>
      <trkpt lat="49.681906" lon="14.506142">
        <ele>429.477331</ele>
        <time>2026-05-06T12:01:05.998Z</time>
      </trkpt>
      <trkpt lat="49.681800" lon="14.505959">
        <ele>429.359114</ele>
        <time>2026-05-06T12:01:08.000Z</time>
      </trkpt>
      <trkpt lat="49.681691" lon="14.505801">
        <ele>429.247951</ele>
        <time>2026-05-06T12:01:10.000Z</time>
      </trkpt>
      <trkpt lat="49.681562" lon="14.505677">
        <ele>429.134946</ele>
        <time>2026-05-06T12:01:12.000Z</time>
      </trkpt>
      <trkpt lat="49.681422" lon="14.505619">
        <ele>429.027127</ele>
        <time>2026-05-06T12:01:14.000Z</time>
      </trkpt>
      <trkpt lat="49.681307" lon="14.505640">
        <ele>429.017957</ele>
        <time>2026-05-06T12:01:16.000Z</time>
      </trkpt>
      <trkpt lat="49.681213" lon="14.505605">
        <ele>429.279663</ele>
        <time>2026-05-06T12:01:17.000Z</time>
      </trkpt>
      <trkpt lat="49.681080" lon="14.505589">
        <ele>429.640740</ele>
        <time>2026-05-06T12:01:19.000Z</time>
      </trkpt>
      <trkpt lat="49.680952" lon="14.505582">
        <ele>429.987410</ele>
        <time>2026-05-06T12:01:21.000Z</time>
      </trkpt>
      <trkpt lat="49.680830" lon="14.505569">
        <ele>430.318408</ele>
        <time>2026-05-06T12:01:23.000Z</time>
      </trkpt>
      <trkpt lat="49.680714" lon="14.505557">
        <ele>430.633085</ele>
        <time>2026-05-06T12:01:25.000Z</time>
      </trkpt>
      <trkpt lat="49.680602" lon="14.505540">
        <ele>430.937690</ele>
        <time>2026-05-06T12:01:27.000Z</time>
      </trkpt>
      <trkpt lat="49.680494" lon="14.505518">
        <ele>431.232539</ele>
        <time>2026-05-06T12:01:29.000Z</time>
      </trkpt>
      <trkpt lat="49.680397" lon="14.505512">
        <ele>431.495296</ele>
        <time>2026-05-06T12:01:31.000Z</time>
      </trkpt>
      <trkpt lat="49.680305" lon="14.505500">
        <ele>431.745195</ele>
        <time>2026-05-06T12:01:33.000Z</time>
      </trkpt>
      <trkpt lat="49.680183" lon="14.505483">
        <ele>432.076749</ele>
        <time>2026-05-06T12:01:36.000Z</time>
      </trkpt>
      <trkpt lat="49.680074" lon="14.505468">
        <ele>432.372943</ele>
        <time>2026-05-06T12:01:39.000Z</time>
      </trkpt>
      <trkpt lat="49.679973" lon="14.505454">
        <ele>432.647414</ele>
        <time>2026-05-06T12:01:41.999Z</time>
      </trkpt>
      <trkpt lat="49.679879" lon="14.505444">
        <ele>432.902443</ele>
        <time>2026-05-06T12:01:44.999Z</time>
      </trkpt>
      <trkpt lat="49.679784" lon="14.505427">
        <ele>433.161295</ele>
        <time>2026-05-06T12:01:47.999Z</time>
      </trkpt>
      <trkpt lat="49.679689" lon="14.505425">
        <ele>433.418453</ele>
        <time>2026-05-06T12:01:50.999Z</time>
      </trkpt>
      <trkpt lat="49.679599" lon="14.505415">
        <ele>433.662682</ele>
        <time>2026-05-06T12:01:53.999Z</time>
      </trkpt>
      <trkpt lat="49.679485" lon="14.505395">
        <ele>434.027899</ele>
        <time>2026-05-06T12:01:57.999Z</time>
      </trkpt>
      <trkpt lat="49.679382" lon="14.505385">
        <ele>434.410914</ele>
        <time>2026-05-06T12:02:01.999Z</time>
      </trkpt>
      <trkpt lat="49.679287" lon="14.505374">
        <ele>434.764473</ele>
        <time>2026-05-06T12:02:05.999Z</time>
      </trkpt>
      <trkpt lat="49.679188" lon="14.505364">
        <ele>435.132672</ele>
        <time>2026-05-06T12:02:09.999Z</time>
      </trkpt>
      <trkpt lat="49.679095" lon="14.505353">
        <ele>435.478830</ele>
        <time>2026-05-06T12:02:13.999Z</time>
      </trkpt>
      <trkpt lat="49.679004" lon="14.505361">
        <ele>435.817102</ele>
        <time>2026-05-06T12:02:17.999Z</time>
      </trkpt>
      <trkpt lat="49.678914" lon="14.505338">
        <ele>436.155652</ele>
        <time>2026-05-06T12:02:21.999Z</time>
      </trkpt>
      <trkpt lat="49.678818" lon="14.505329">
        <ele>436.512589</ele>
        <time>2026-05-06T12:02:25.999Z</time>
      </trkpt>
      <trkpt lat="49.678714" lon="14.505317">
        <ele>436.899636</ele>
        <time>2026-05-06T12:02:29.999Z</time>
      </trkpt>
      <trkpt lat="49.678603" lon="14.505307">
        <ele>437.312286</ele>
        <time>2026-05-06T12:02:33.999Z</time>
      </trkpt>
      <trkpt lat="49.678486" lon="14.505296">
        <ele>437.747308</ele>
        <time>2026-05-06T12:02:37.999Z</time>
      </trkpt>
      <trkpt lat="49.678372" lon="14.505254">
        <ele>438.182250</ele>
        <time>2026-05-06T12:02:41.999Z</time>
      </trkpt>
      <trkpt lat="49.678259" lon="14.505219">
        <ele>438.609963</ele>
        <time>2026-05-06T12:02:45.999Z</time>
      </trkpt>
      <trkpt lat="49.678150" lon="14.505167">
        <ele>439.033328</ele>
        <time>2026-05-06T12:02:49.999Z</time>
      </trkpt>
      <trkpt lat="49.678044" lon="14.505101">
        <ele>439.457452</ele>
        <time>2026-05-06T12:02:53.998Z</time>
      </trkpt>
      <trkpt lat="49.677962" lon="14.505040">
        <ele>439.795199</ele>
        <time>2026-05-06T12:02:56.998Z</time>
      </trkpt>
      <trkpt lat="49.677864" lon="14.504964">
        <ele>440.202130</ele>
        <time>2026-05-06T12:03:00.998Z</time>
      </trkpt>
      <trkpt lat="49.677778" lon="14.504885">
        <ele>440.519824</ele>
        <time>2026-05-06T12:03:03.998Z</time>
      </trkpt>
      <trkpt lat="49.677673" lon="14.504787">
        <ele>440.637345</ele>
        <time>2026-05-06T12:03:06.998Z</time>
      </trkpt>
      <trkpt lat="49.677592" lon="14.504708">
        <ele>440.729112</ele>
        <time>2026-05-06T12:03:08.998Z</time>
      </trkpt>
      <trkpt lat="49.677504" lon="14.504631">
        <ele>440.825999</ele>
        <time>2026-05-06T12:03:10.998Z</time>
      </trkpt>
      <trkpt lat="49.677405" lon="14.504539">
        <ele>440.936677</ele>
        <time>2026-05-06T12:03:13.000Z</time>
      </trkpt>
      <trkpt lat="49.677301" lon="14.504439">
        <ele>441.054030</ele>
        <time>2026-05-06T12:03:15.000Z</time>
      </trkpt>
      <trkpt lat="49.677192" lon="14.504344">
        <ele>441.173923</ele>
        <time>2026-05-06T12:03:17.000Z</time>
      </trkpt>
      <trkpt lat="49.677093" lon="14.504253">
        <ele>441.284283</ele>
        <time>2026-05-06T12:03:19.000Z</time>
      </trkpt>
      <trkpt lat="49.677001" lon="14.504123">
        <ele>441.403719</ele>
        <time>2026-05-06T12:03:21.000Z</time>
      </trkpt>
      <trkpt lat="49.676902" lon="14.504057">
        <ele>441.507018</ele>
        <time>2026-05-06T12:03:23.000Z</time>
      </trkpt>
      <trkpt lat="49.676814" lon="14.503983">
        <ele>441.603003</ele>
        <time>2026-05-06T12:03:25.000Z</time>
      </trkpt>
      <trkpt lat="49.676724" lon="14.503896">
        <ele>441.704710</ele>
        <time>2026-05-06T12:03:27.000Z</time>
      </trkpt>
      <trkpt lat="49.676637" lon="14.503811">
        <ele>441.803324</ele>
        <time>2026-05-06T12:03:29.000Z</time>
      </trkpt>
      <trkpt lat="49.676551" lon="14.503723">
        <ele>441.902144</ele>
        <time>2026-05-06T12:03:31.000Z</time>
      </trkpt>
      <trkpt lat="49.676469" lon="14.503633">
        <ele>441.998505</ele>
        <time>2026-05-06T12:03:33.000Z</time>
      </trkpt>
      <trkpt lat="49.676389" lon="14.503545">
        <ele>442.092585</ele>
        <time>2026-05-06T12:03:35.000Z</time>
      </trkpt>
      <trkpt lat="49.676314" lon="14.503466">
        <ele>442.179546</ele>
        <time>2026-05-06T12:03:37.000Z</time>
      </trkpt>
      <trkpt lat="49.676213" lon="14.503354">
        <ele>442.586232</ele>
        <time>2026-05-06T12:03:40.000Z</time>
      </trkpt>
      <trkpt lat="49.676122" lon="14.503247">
        <ele>443.120170</ele>
        <time>2026-05-06T12:03:42.999Z</time>
      </trkpt>
      <trkpt lat="49.676030" lon="14.503148">
        <ele>443.643651</ele>
        <time>2026-05-06T12:03:45.999Z</time>
      </trkpt>
      <trkpt lat="49.675951" lon="14.503043">
        <ele>444.130210</ele>
        <time>2026-05-06T12:03:48.999Z</time>
      </trkpt>
      <trkpt lat="49.675867" lon="14.502949">
        <ele>444.614485</ele>
        <time>2026-05-06T12:03:51.999Z</time>
      </trkpt>
      <trkpt lat="49.675779" lon="14.502824">
        <ele>445.172617</ele>
        <time>2026-05-06T12:03:55.999Z</time>
      </trkpt>
      <trkpt lat="49.675694" lon="14.502706">
        <ele>445.706156</ele>
        <time>2026-05-06T12:03:59.999Z</time>
      </trkpt>
      <trkpt lat="49.675607" lon="14.502589">
        <ele>446.244690</ele>
        <time>2026-05-06T12:04:03.999Z</time>
      </trkpt>
      <trkpt lat="49.675525" lon="14.502469">
        <ele>446.772030</ele>
        <time>2026-05-06T12:04:07.999Z</time>
      </trkpt>
      <trkpt lat="49.675437" lon="14.502360">
        <ele>447.298650</ele>
        <time>2026-05-06T12:04:11.999Z</time>
      </trkpt>
      <trkpt lat="49.675358" lon="14.502246">
        <ele>447.803365</ele>
        <time>2026-05-06T12:04:15.999Z</time>
      </trkpt>
      <trkpt lat="49.675273" lon="14.502132">
        <ele>448.328906</ele>
        <time>2026-05-06T12:04:19.999Z</time>
      </trkpt>
      <trkpt lat="49.675200" lon="14.502032">
        <ele>448.784426</ele>
        <time>2026-05-06T12:04:23.999Z</time>
      </trkpt>
      <trkpt lat="49.675120" lon="14.501925">
        <ele>449.278471</ele>
        <time>2026-05-06T12:04:28.999Z</time>
      </trkpt>
      <trkpt lat="49.675038" lon="14.501823">
        <ele>449.770003</ele>
        <time>2026-05-06T12:04:33.999Z</time>
      </trkpt>
      <trkpt lat="49.674953" lon="14.501731">
        <ele>450.254579</ele>
        <time>2026-05-06T12:04:38.999Z</time>
      </trkpt>
      <trkpt lat="49.674863" lon="14.501652">
        <ele>450.715578</ele>
        <time>2026-05-06T12:04:43.999Z</time>
      </trkpt>
      <trkpt lat="49.674772" lon="14.501595">
        <ele>451.084953</ele>
        <time>2026-05-06T12:04:48.999Z</time>
      </trkpt>
      <trkpt lat="49.674669" lon="14.501554">
        <ele>451.485065</ele>
        <time>2026-05-06T12:04:54.998Z</time>
      </trkpt>
      <trkpt lat="49.674575" lon="14.501527">
        <ele>451.844730</ele>
        <time>2026-05-06T12:04:59.998Z</time>
      </trkpt>
      <trkpt lat="49.674482" lon="14.501509">
        <ele>452.197309</ele>
        <time>2026-05-06T12:05:04.998Z</time>
      </trkpt>
      <trkpt lat="49.674376" lon="14.501507">
        <ele>452.596088</ele>
        <time>2026-05-06T12:05:09.998Z</time>
      </trkpt>
      <trkpt lat="49.674270" lon="14.501488">
        <ele>452.997511</ele>
        <time>2026-05-06T12:05:14.998Z</time>
      </trkpt>
      <trkpt lat="49.674160" lon="14.501461">
        <ele>453.416494</ele>
        <time>2026-05-06T12:05:20.000Z</time>
      </trkpt>
      <trkpt lat="49.674072" lon="14.501427">
        <ele>453.757722</ele>
        <time>2026-05-06T12:05:24.000Z</time>
      </trkpt>
      <trkpt lat="49.673982" lon="14.501386">
        <ele>454.110688</ele>
        <time>2026-05-06T12:05:28.000Z</time>
      </trkpt>
      <trkpt lat="49.673888" lon="14.501329">
        <ele>454.490547</ele>
        <time>2026-05-06T12:05:32.000Z</time>
      </trkpt>
      <trkpt lat="49.673786" lon="14.501255">
        <ele>454.914433</ele>
        <time>2026-05-06T12:05:36.000Z</time>
      </trkpt>
      <trkpt lat="49.673704" lon="14.501199">
        <ele>455.251681</ele>
        <time>2026-05-06T12:05:39.000Z</time>
      </trkpt>
      <trkpt lat="49.673620" lon="14.501145">
        <ele>455.593925</ele>
        <time>2026-05-06T12:05:42.000Z</time>
      </trkpt>
      <trkpt lat="49.673508" lon="14.501071">
        <ele>456.052142</ele>
        <time>2026-05-06T12:05:45.999Z</time>
      </trkpt>
      <trkpt lat="49.673421" lon="14.501004">
        <ele>456.417809</ele>
        <time>2026-05-06T12:05:48.999Z</time>
      </trkpt>
      <trkpt lat="49.673324" lon="14.500945">
        <ele>456.809952</ele>
        <time>2026-05-06T12:05:51.999Z</time>
      </trkpt>
      <trkpt lat="49.673220" lon="14.500876">
        <ele>457.235714</ele>
        <time>2026-05-06T12:05:54.999Z</time>
      </trkpt>
      <trkpt lat="49.673107" lon="14.500799">
        <ele>457.318220</ele>
        <time>2026-05-06T12:05:57.999Z</time>
      </trkpt>
      <trkpt lat="49.673029" lon="14.500729">
        <ele>457.240821</ele>
        <time>2026-05-06T12:05:59.999Z</time>
      </trkpt>
      <trkpt lat="49.672916" lon="14.500646">
        <ele>457.133461</ele>
        <time>2026-05-06T12:06:02.999Z</time>
      </trkpt>
      <trkpt lat="49.672833" lon="14.500589">
        <ele>457.055524</ele>
        <time>2026-05-06T12:06:04.999Z</time>
      </trkpt>
      <trkpt lat="49.672741" lon="14.500516">
        <ele>456.966781</ele>
        <time>2026-05-06T12:06:06.999Z</time>
      </trkpt>
      <trkpt lat="49.672644" lon="14.500439">
        <ele>456.873207</ele>
        <time>2026-05-06T12:06:08.999Z</time>
      </trkpt>
      <trkpt lat="49.672545" lon="14.500346">
        <ele>456.773790</ele>
        <time>2026-05-06T12:06:10.999Z</time>
      </trkpt>
      <trkpt lat="49.672439" lon="14.500254">
        <ele>456.669468</ele>
        <time>2026-05-06T12:06:12.999Z</time>
      </trkpt>
      <trkpt lat="49.672331" lon="14.500156">
        <ele>456.561998</ele>
        <time>2026-05-06T12:06:14.999Z</time>
      </trkpt>
      <trkpt lat="49.672219" lon="14.500058">
        <ele>456.451555</ele>
        <time>2026-05-06T12:06:16.999Z</time>
      </trkpt>
      <trkpt lat="49.672103" lon="14.499951">
        <ele>456.335631</ele>
        <time>2026-05-06T12:06:18.999Z</time>
      </trkpt>
      <trkpt lat="49.671983" lon="14.499841">
        <ele>456.215906</ele>
        <time>2026-05-06T12:06:20.999Z</time>
      </trkpt>
      <trkpt lat="49.671863" lon="14.499732">
        <ele>456.096464</ele>
        <time>2026-05-06T12:06:22.999Z</time>
      </trkpt>
      <trkpt lat="49.671740" lon="14.499624">
        <ele>455.975070</ele>
        <time>2026-05-06T12:06:24.999Z</time>
      </trkpt>
      <trkpt lat="49.671621" lon="14.499515">
        <ele>455.856366</ele>
        <time>2026-05-06T12:06:26.999Z</time>
      </trkpt>
      <trkpt lat="49.671506" lon="14.499410">
        <ele>455.925656</ele>
        <time>2026-05-06T12:06:28.999Z</time>
      </trkpt>
      <trkpt lat="49.671394" lon="14.499308">
        <ele>456.011258</ele>
        <time>2026-05-06T12:06:30.999Z</time>
      </trkpt>
      <trkpt lat="49.671289" lon="14.499209">
        <ele>456.092250</ele>
        <time>2026-05-06T12:06:32.999Z</time>
      </trkpt>
      <trkpt lat="49.671186" lon="14.499103">
        <ele>456.173735</ele>
        <time>2026-05-06T12:06:34.999Z</time>
      </trkpt>
      <trkpt lat="49.671085" lon="14.499021">
        <ele>456.248859</ele>
        <time>2026-05-06T12:06:36.999Z</time>
      </trkpt>
      <trkpt lat="49.670973" lon="14.498942">
        <ele>456.329926</ele>
        <time>2026-05-06T12:06:38.999Z</time>
      </trkpt>
      <trkpt lat="49.670884" lon="14.498891">
        <ele>456.392428</ele>
        <time>2026-05-06T12:06:40.999Z</time>
      </trkpt>
      <trkpt lat="49.670787" lon="14.498845">
        <ele>456.459237</ele>
        <time>2026-05-06T12:06:42.999Z</time>
      </trkpt>
      <trkpt lat="49.670690" lon="14.498813">
        <ele>456.524546</ele>
        <time>2026-05-06T12:06:44.999Z</time>
      </trkpt>
      <trkpt lat="49.670586" lon="14.498780">
        <ele>456.594453</ele>
        <time>2026-05-06T12:06:46.999Z</time>
      </trkpt>
      <trkpt lat="49.670483" lon="14.498774">
        <ele>456.662322</ele>
        <time>2026-05-06T12:06:48.999Z</time>
      </trkpt>
      <trkpt lat="49.670373" lon="14.498744">
        <ele>456.735870</ele>
        <time>2026-05-06T12:06:50.999Z</time>
      </trkpt>
      <trkpt lat="49.670270" lon="14.498699">
        <ele>456.806349</ele>
        <time>2026-05-06T12:06:52.999Z</time>
      </trkpt>
      <trkpt lat="49.670159" lon="14.498651">
        <ele>456.882245</ele>
        <time>2026-05-06T12:06:54.998Z</time>
      </trkpt>
      <trkpt lat="49.670056" lon="14.498599">
        <ele>456.953593</ele>
        <time>2026-05-06T12:06:56.998Z</time>
      </trkpt>
      <trkpt lat="49.669951" lon="14.498534">
        <ele>457.028073</ele>
        <time>2026-05-06T12:06:58.998Z</time>
      </trkpt>
      <trkpt lat="49.669846" lon="14.498479">
        <ele>457.052589</ele>
        <time>2026-05-06T12:07:00.998Z</time>
      </trkpt>
      <trkpt lat="49.669745" lon="14.498415">
        <ele>457.075354</ele>
        <time>2026-05-06T12:07:02.998Z</time>
      </trkpt>
      <trkpt lat="49.669647" lon="14.498351">
        <ele>457.097540</ele>
        <time>2026-05-06T12:07:04.998Z</time>
      </trkpt>
      <trkpt lat="49.669552" lon="14.498279">
        <ele>457.119605</ele>
        <time>2026-05-06T12:07:06.998Z</time>
      </trkpt>
      <trkpt lat="49.669448" lon="14.498195">
        <ele>457.144077</ele>
        <time>2026-05-06T12:07:08.998Z</time>
      </trkpt>
      <trkpt lat="49.669343" lon="14.498116">
        <ele>457.168431</ele>
        <time>2026-05-06T12:07:10.998Z</time>
      </trkpt>
      <trkpt lat="49.669232" lon="14.498028">
        <ele>457.194447</ele>
        <time>2026-05-06T12:07:12.998Z</time>
      </trkpt>
      <trkpt lat="49.669119" lon="14.497949">
        <ele>457.220311</ele>
        <time>2026-05-06T12:07:14.998Z</time>
      </trkpt>
      <trkpt lat="49.669008" lon="14.497852">
        <ele>457.246904</ele>
        <time>2026-05-06T12:07:16.998Z</time>
      </trkpt>
      <trkpt lat="49.668894" lon="14.497763">
        <ele>457.273539</ele>
        <time>2026-05-06T12:07:18.998Z</time>
      </trkpt>
      <trkpt lat="49.668779" lon="14.497672">
        <ele>457.300482</ele>
        <time>2026-05-06T12:07:20.998Z</time>
      </trkpt>
      <trkpt lat="49.668667" lon="14.497573">
        <ele>457.327389</ele>
        <time>2026-05-06T12:07:22.998Z</time>
      </trkpt>
      <trkpt lat="49.668556" lon="14.497478">
        <ele>457.353850</ele>
        <time>2026-05-06T12:07:25.000Z</time>
      </trkpt>
      <trkpt lat="49.668450" lon="14.497382">
        <ele>457.379472</ele>
        <time>2026-05-06T12:07:27.000Z</time>
      </trkpt>
      <trkpt lat="49.668344" lon="14.497291">
        <ele>457.404759</ele>
        <time>2026-05-06T12:07:29.000Z</time>
      </trkpt>
      <trkpt lat="49.668245" lon="14.497193">
        <ele>456.833326</ele>
        <time>2026-05-06T12:07:31.000Z</time>
      </trkpt>
      <trkpt lat="49.668145" lon="14.497104">
        <ele>456.261936</ele>
        <time>2026-05-06T12:07:33.000Z</time>
      </trkpt>
      <trkpt lat="49.668051" lon="14.497019">
        <ele>455.722674</ele>
        <time>2026-05-06T12:07:35.000Z</time>
      </trkpt>
      <trkpt lat="49.667957" lon="14.496933">
        <ele>455.181786</ele>
        <time>2026-05-06T12:07:37.000Z</time>
      </trkpt>
      <trkpt lat="49.667861" lon="14.496845">
        <ele>454.629111</ele>
        <time>2026-05-06T12:07:39.000Z</time>
      </trkpt>
      <trkpt lat="49.667772" lon="14.496755">
        <ele>454.102462</ele>
        <time>2026-05-06T12:07:41.000Z</time>
      </trkpt>
      <trkpt lat="49.667681" lon="14.496655">
        <ele>453.549564</ele>
        <time>2026-05-06T12:07:43.000Z</time>
      </trkpt>
      <trkpt lat="49.667582" lon="14.496534">
        <ele>452.924570</ele>
        <time>2026-05-06T12:07:45.000Z</time>
      </trkpt>
      <trkpt lat="49.667478" lon="14.496393">
        <ele>452.239508</ele>
        <time>2026-05-06T12:07:47.000Z</time>
      </trkpt>
      <trkpt lat="49.667374" lon="14.496236">
        <ele>451.519595</ele>
        <time>2026-05-06T12:07:49.000Z</time>
      </trkpt>
      <trkpt lat="49.667275" lon="14.496024">
        <ele>450.681856</ele>
        <time>2026-05-06T12:07:51.000Z</time>
      </trkpt>
      <trkpt lat="49.667229" lon="14.495900">
        <ele>450.223847</ele>
        <time>2026-05-06T12:07:51.999Z</time>
      </trkpt>
      <trkpt lat="49.667187" lon="14.495763">
        <ele>449.738062</ele>
        <time>2026-05-06T12:07:52.999Z</time>
      </trkpt>
      <trkpt lat="49.667132" lon="14.495624">
        <ele>449.215981</ele>
        <time>2026-05-06T12:07:53.999Z</time>
      </trkpt>
      <trkpt lat="49.667077" lon="14.495488">
        <ele>448.702077</ele>
        <time>2026-05-06T12:07:54.999Z</time>
      </trkpt>
      <trkpt lat="49.667025" lon="14.495351">
        <ele>448.322855</ele>
        <time>2026-05-06T12:07:55.999Z</time>
      </trkpt>
      <trkpt lat="49.666972" lon="14.495213">
        <ele>448.026228</ele>
        <time>2026-05-06T12:07:56.999Z</time>
      </trkpt>
      <trkpt lat="49.666920" lon="14.495066">
        <ele>447.716557</ele>
        <time>2026-05-06T12:07:57.999Z</time>
      </trkpt>
      <trkpt lat="49.666863" lon="14.494900">
        <ele>447.369191</ele>
        <time>2026-05-06T12:07:58.999Z</time>
      </trkpt>
      <trkpt lat="49.666793" lon="14.494751">
        <ele>447.028849</ele>
        <time>2026-05-06T12:07:59.999Z</time>
      </trkpt>
      <trkpt lat="49.666732" lon="14.494591">
        <ele>446.685585</ele>
        <time>2026-05-06T12:08:00.999Z</time>
      </trkpt>
      <trkpt lat="49.666668" lon="14.494433">
        <ele>446.341034</ele>
        <time>2026-05-06T12:08:01.999Z</time>
      </trkpt>
      <trkpt lat="49.666606" lon="14.494283">
        <ele>446.012034</ele>
        <time>2026-05-06T12:08:02.999Z</time>
      </trkpt>
      <trkpt lat="49.666551" lon="14.494137">
        <ele>445.699761</ele>
        <time>2026-05-06T12:08:03.999Z</time>
      </trkpt>
      <trkpt lat="49.666492" lon="14.493992">
        <ele>445.383154</ele>
        <time>2026-05-06T12:08:04.999Z</time>
      </trkpt>
      <trkpt lat="49.666435" lon="14.493846">
        <ele>445.067968</ele>
        <time>2026-05-06T12:08:05.999Z</time>
      </trkpt>
      <trkpt lat="49.666382" lon="14.493708">
        <ele>444.771338</ele>
        <time>2026-05-06T12:08:06.999Z</time>
      </trkpt>
      <trkpt lat="49.666330" lon="14.493575">
        <ele>444.484105</ele>
        <time>2026-05-06T12:08:07.999Z</time>
      </trkpt>
      <trkpt lat="49.666278" lon="14.493436">
        <ele>444.187323</ele>
        <time>2026-05-06T12:08:08.999Z</time>
      </trkpt>
      <trkpt lat="49.666224" lon="14.493308">
        <ele>443.904882</ele>
        <time>2026-05-06T12:08:09.999Z</time>
      </trkpt>
      <trkpt lat="49.666177" lon="14.493177">
        <ele>443.628005</ele>
        <time>2026-05-06T12:08:10.999Z</time>
      </trkpt>
      <trkpt lat="49.666124" lon="14.493057">
        <ele>443.356314</ele>
        <time>2026-05-06T12:08:11.999Z</time>
      </trkpt>
      <trkpt lat="49.666079" lon="14.492936">
        <ele>442.845835</ele>
        <time>2026-05-06T12:08:12.999Z</time>
      </trkpt>
      <trkpt lat="49.665975" lon="14.492753">
        <ele>441.955003</ele>
        <time>2026-05-06T12:08:14.999Z</time>
      </trkpt>
      <trkpt lat="49.665868" lon="14.492561">
        <ele>441.028200</ele>
        <time>2026-05-06T12:08:16.999Z</time>
      </trkpt>
      <trkpt lat="49.665766" lon="14.492403">
        <ele>440.211894</ele>
        <time>2026-05-06T12:08:18.999Z</time>
      </trkpt>
      <trkpt lat="49.665659" lon="14.492236">
        <ele>439.352317</ele>
        <time>2026-05-06T12:08:20.999Z</time>
      </trkpt>
      <trkpt lat="49.665552" lon="14.492068">
        <ele>438.490134</ele>
        <time>2026-05-06T12:08:22.999Z</time>
      </trkpt>
      <trkpt lat="49.665435" lon="14.491873">
        <ele>437.517481</ele>
        <time>2026-05-06T12:08:24.999Z</time>
      </trkpt>
      <trkpt lat="49.665374" lon="14.491770">
        <ele>437.006782</ele>
        <time>2026-05-06T12:08:25.999Z</time>
      </trkpt>
      <trkpt lat="49.665316" lon="14.491649">
        <ele>436.455998</ele>
        <time>2026-05-06T12:08:26.999Z</time>
      </trkpt>
      <trkpt lat="49.665266" lon="14.491531">
        <ele>435.940079</ele>
        <time>2026-05-06T12:08:27.999Z</time>
      </trkpt>
      <trkpt lat="49.665216" lon="14.491404">
        <ele>435.396317</ele>
        <time>2026-05-06T12:08:28.999Z</time>
      </trkpt>
      <trkpt lat="49.665168" lon="14.491266">
        <ele>434.823233</ele>
        <time>2026-05-06T12:08:29.999Z</time>
      </trkpt>
      <trkpt lat="49.665127" lon="14.491118">
        <ele>434.234339</ele>
        <time>2026-05-06T12:08:30.999Z</time>
      </trkpt>
      <trkpt lat="49.665086" lon="14.490971">
        <ele>433.648806</ele>
        <time>2026-05-06T12:08:31.999Z</time>
      </trkpt>
      <trkpt lat="49.665039" lon="14.490822">
        <ele>433.086780</ele>
        <time>2026-05-06T12:08:32.999Z</time>
      </trkpt>
      <trkpt lat="49.664996" lon="14.490665">
        <ele>432.641521</ele>
        <time>2026-05-06T12:08:33.999Z</time>
      </trkpt>
      <trkpt lat="49.664945" lon="14.490507">
        <ele>432.180382</ele>
        <time>2026-05-06T12:08:34.999Z</time>
      </trkpt>
      <trkpt lat="49.664892" lon="14.490354">
        <ele>431.727140</ele>
        <time>2026-05-06T12:08:35.999Z</time>
      </trkpt>
      <trkpt lat="49.664842" lon="14.490219">
        <ele>431.320896</ele>
        <time>2026-05-06T12:08:36.999Z</time>
      </trkpt>
      <trkpt lat="49.664787" lon="14.490074">
        <ele>430.881939</ele>
        <time>2026-05-06T12:08:37.999Z</time>
      </trkpt>
      <trkpt lat="49.664731" lon="14.489932">
        <ele>430.447637</ele>
        <time>2026-05-06T12:08:38.999Z</time>
      </trkpt>
      <trkpt lat="49.664674" lon="14.489781">
        <ele>429.991077</ele>
        <time>2026-05-06T12:08:39.999Z</time>
      </trkpt>
      <trkpt lat="49.664627" lon="14.489658">
        <ele>429.618014</ele>
        <time>2026-05-06T12:08:40.999Z</time>
      </trkpt>
      <trkpt lat="49.664580" lon="14.489499">
        <ele>429.161471</ele>
        <time>2026-05-06T12:08:41.999Z</time>
      </trkpt>
      <trkpt lat="49.664528" lon="14.489361">
        <ele>428.744405</ele>
        <time>2026-05-06T12:08:42.999Z</time>
      </trkpt>
      <trkpt lat="49.664421" lon="14.489081">
        <ele>427.895136</ele>
        <time>2026-05-06T12:08:44.999Z</time>
      </trkpt>
      <trkpt lat="49.664368" lon="14.488950">
        <ele>427.491640</ele>
        <time>2026-05-06T12:08:45.999Z</time>
      </trkpt>
      <trkpt lat="49.664309" lon="14.488811">
        <ele>427.057489</ele>
        <time>2026-05-06T12:08:46.999Z</time>
      </trkpt>
      <trkpt lat="49.664251" lon="14.488676">
        <ele>426.634280</ele>
        <time>2026-05-06T12:08:47.999Z</time>
      </trkpt>
      <trkpt lat="49.664184" lon="14.488557">
        <ele>426.222333</ele>
        <time>2026-05-06T12:08:48.999Z</time>
      </trkpt>
      <trkpt lat="49.664106" lon="14.488445">
        <ele>425.887618</ele>
        <time>2026-05-06T12:08:49.999Z</time>
      </trkpt>
      <trkpt lat="49.664026" lon="14.488342">
        <ele>425.739327</ele>
        <time>2026-05-06T12:08:50.999Z</time>
      </trkpt>
      <trkpt lat="49.663945" lon="14.488240">
        <ele>425.590523</ele>
        <time>2026-05-06T12:08:51.999Z</time>
      </trkpt>
      <trkpt lat="49.663868" lon="14.488140">
        <ele>425.447282</ele>
        <time>2026-05-06T12:08:52.999Z</time>
      </trkpt>
      <trkpt lat="49.663793" lon="14.488042">
        <ele>425.307406</ele>
        <time>2026-05-06T12:08:53.999Z</time>
      </trkpt>
      <trkpt lat="49.663719" lon="14.487947">
        <ele>425.170399</ele>
        <time>2026-05-06T12:08:54.999Z</time>
      </trkpt>
      <trkpt lat="49.663645" lon="14.487855">
        <ele>425.035141</ele>
        <time>2026-05-06T12:08:55.999Z</time>
      </trkpt>
      <trkpt lat="49.663573" lon="14.487765">
        <ele>424.903258</ele>
        <time>2026-05-06T12:08:56.999Z</time>
      </trkpt>
      <trkpt lat="49.663440" lon="14.487602">
        <ele>424.661512</ele>
        <time>2026-05-06T12:08:58.999Z</time>
      </trkpt>
      <trkpt lat="49.663312" lon="14.487482">
        <ele>424.448308</ele>
        <time>2026-05-06T12:09:00.999Z</time>
      </trkpt>
      <trkpt lat="49.663180" lon="14.487360">
        <ele>424.229272</ele>
        <time>2026-05-06T12:09:02.998Z</time>
      </trkpt>
      <trkpt lat="49.663049" lon="14.487210">
        <ele>423.997079</ele>
        <time>2026-05-06T12:09:04.998Z</time>
      </trkpt>
      <trkpt lat="49.662927" lon="14.487043">
        <ele>423.764970</ele>
        <time>2026-05-06T12:09:06.998Z</time>
      </trkpt>
      <trkpt lat="49.662820" lon="14.486873">
        <ele>423.546409</ele>
        <time>2026-05-06T12:09:08.998Z</time>
      </trkpt>
      <trkpt lat="49.662718" lon="14.486691">
        <ele>423.240273</ele>
        <time>2026-05-06T12:09:10.998Z</time>
      </trkpt>
      <trkpt lat="49.662617" lon="14.486512">
        <ele>422.677737</ele>
        <time>2026-05-06T12:09:12.998Z</time>
      </trkpt>
      <trkpt lat="49.662515" lon="14.486342">
        <ele>422.128611</ele>
        <time>2026-05-06T12:09:14.998Z</time>
      </trkpt>
      <trkpt lat="49.662412" lon="14.486168">
        <ele>421.570035</ele>
        <time>2026-05-06T12:09:16.998Z</time>
      </trkpt>
      <trkpt lat="49.662310" lon="14.486001">
        <ele>421.026099</ele>
        <time>2026-05-06T12:09:18.998Z</time>
      </trkpt>
      <trkpt lat="49.662202" lon="14.485825">
        <ele>420.451583</ele>
        <time>2026-05-06T12:09:20.998Z</time>
      </trkpt>
      <trkpt lat="49.662097" lon="14.485645">
        <ele>419.877560</ele>
        <time>2026-05-06T12:09:22.998Z</time>
      </trkpt>
      <trkpt lat="49.661987" lon="14.485466">
        <ele>419.292849</ele>
        <time>2026-05-06T12:09:24.998Z</time>
      </trkpt>
      <trkpt lat="49.661880" lon="14.485277">
        <ele>418.698021</ele>
        <time>2026-05-06T12:09:26.998Z</time>
      </trkpt>
      <trkpt lat="49.661768" lon="14.485093">
        <ele>418.099672</ele>
        <time>2026-05-06T12:09:28.998Z</time>
      </trkpt>
      <trkpt lat="49.661660" lon="14.484911">
        <ele>417.514756</ele>
        <time>2026-05-06T12:09:31.000Z</time>
      </trkpt>
      <trkpt lat="49.661543" lon="14.484714">
        <ele>416.881387</ele>
        <time>2026-05-06T12:09:33.000Z</time>
      </trkpt>
      <trkpt lat="49.661423" lon="14.484510">
        <ele>416.263652</ele>
        <time>2026-05-06T12:09:35.000Z</time>
      </trkpt>
      <trkpt lat="49.661302" lon="14.484306">
        <ele>415.648949</ele>
        <time>2026-05-06T12:09:37.000Z</time>
      </trkpt>
      <trkpt lat="49.661168" lon="14.484117">
        <ele>415.026202</ele>
        <time>2026-05-06T12:09:39.000Z</time>
      </trkpt>
      <trkpt lat="49.661096" lon="14.484034">
        <ele>414.717875</ele>
        <time>2026-05-06T12:09:40.000Z</time>
      </trkpt>
      <trkpt lat="49.661017" lon="14.483958">
        <ele>414.398465</ele>
        <time>2026-05-06T12:09:41.000Z</time>
      </trkpt>
      <trkpt lat="49.660935" lon="14.483889">
        <ele>414.077992</ele>
        <time>2026-05-06T12:09:42.000Z</time>
      </trkpt>
      <trkpt lat="49.660852" lon="14.483828">
        <ele>413.762535</ele>
        <time>2026-05-06T12:09:43.000Z</time>
      </trkpt>
      <trkpt lat="49.660766" lon="14.483779">
        <ele>413.447939</ele>
        <time>2026-05-06T12:09:44.000Z</time>
      </trkpt>
      <trkpt lat="49.660679" lon="14.483726">
        <ele>413.126969</ele>
        <time>2026-05-06T12:09:45.000Z</time>
      </trkpt>
      <trkpt lat="49.660502" lon="14.483636">
        <ele>412.487427</ele>
        <time>2026-05-06T12:09:47.000Z</time>
      </trkpt>
      <trkpt lat="49.660411" lon="14.483598">
        <ele>412.163897</ele>
        <time>2026-05-06T12:09:48.000Z</time>
      </trkpt>
      <trkpt lat="49.660317" lon="14.483557">
        <ele>411.828667</ele>
        <time>2026-05-06T12:09:49.000Z</time>
      </trkpt>
      <trkpt lat="49.660149" lon="14.483461">
        <ele>411.213892</ele>
        <time>2026-05-06T12:09:51.000Z</time>
      </trkpt>
      <trkpt lat="49.659981" lon="14.483328">
        <ele>410.587865</ele>
        <time>2026-05-06T12:09:53.000Z</time>
      </trkpt>
      <trkpt lat="49.659903" lon="14.483246">
        <ele>410.389748</ele>
        <time>2026-05-06T12:09:54.000Z</time>
      </trkpt>
      <trkpt lat="49.659834" lon="14.483147">
        <ele>410.192007</ele>
        <time>2026-05-06T12:09:55.000Z</time>
      </trkpt>
      <trkpt lat="49.659772" lon="14.483034">
        <ele>409.990656</ele>
        <time>2026-05-06T12:09:56.000Z</time>
      </trkpt>
      <trkpt lat="49.659716" lon="14.482923">
        <ele>409.799363</ele>
        <time>2026-05-06T12:09:57.000Z</time>
      </trkpt>
      <trkpt lat="49.659659" lon="14.482815">
        <ele>409.609951</ele>
        <time>2026-05-06T12:09:58.000Z</time>
      </trkpt>
      <trkpt lat="49.659546" lon="14.482605">
        <ele>409.238757</ele>
        <time>2026-05-06T12:09:59.999Z</time>
      </trkpt>
      <trkpt lat="49.659440" lon="14.482388">
        <ele>408.869232</ele>
        <time>2026-05-06T12:10:01.999Z</time>
      </trkpt>
      <trkpt lat="49.659379" lon="14.482286">
        <ele>408.680471</ele>
        <time>2026-05-06T12:10:02.999Z</time>
      </trkpt>
      <trkpt lat="49.659316" lon="14.482185">
        <ele>408.489817</ele>
        <time>2026-05-06T12:10:03.999Z</time>
      </trkpt>
      <trkpt lat="49.659255" lon="14.482077">
        <ele>408.294987</ele>
        <time>2026-05-06T12:10:04.999Z</time>
      </trkpt>
      <trkpt lat="49.659195" lon="14.481973">
        <ele>408.105624</ele>
        <time>2026-05-06T12:10:05.999Z</time>
      </trkpt>
      <trkpt lat="49.659089" lon="14.481764">
        <ele>407.744718</ele>
        <time>2026-05-06T12:10:07.999Z</time>
      </trkpt>
      <trkpt lat="49.659005" lon="14.481580">
        <ele>407.438665</ele>
        <time>2026-05-06T12:10:09.999Z</time>
      </trkpt>
      <trkpt lat="49.658933" lon="14.481402">
        <ele>407.153357</ele>
        <time>2026-05-06T12:10:11.999Z</time>
      </trkpt>
      <trkpt lat="49.658875" lon="14.481258">
        <ele>406.922819</ele>
        <time>2026-05-06T12:10:13.999Z</time>
      </trkpt>
      <trkpt lat="49.658815" lon="14.481108">
        <ele>406.759597</ele>
        <time>2026-05-06T12:10:15.999Z</time>
      </trkpt>
      <trkpt lat="49.658746" lon="14.480949">
        <ele>406.621961</ele>
        <time>2026-05-06T12:10:18.999Z</time>
      </trkpt>
      <trkpt lat="49.658677" lon="14.480778">
        <ele>406.477078</ele>
        <time>2026-05-06T12:10:21.999Z</time>
      </trkpt>
      <trkpt lat="49.658628" lon="14.480652">
        <ele>406.371390</ele>
        <time>2026-05-06T12:10:23.999Z</time>
      </trkpt>
      <trkpt lat="49.658574" lon="14.480510">
        <ele>406.252975</ele>
        <time>2026-05-06T12:10:26.999Z</time>
      </trkpt>
      <trkpt lat="49.658388" lon="14.480104">
        <ele>405.895342</ele>
        <time>2026-05-06T12:11:32.998Z</time>
      </trkpt>
      <trkpt lat="49.658331" lon="14.479993">
        <ele>405.793468</ele>
        <time>2026-05-06T12:11:34.998Z</time>
      </trkpt>
      <trkpt lat="49.658261" lon="14.479880">
        <ele>405.681010</ele>
        <time>2026-05-06T12:11:37.000Z</time>
      </trkpt>
      <trkpt lat="49.658185" lon="14.479761">
        <ele>405.560814</ele>
        <time>2026-05-06T12:11:39.000Z</time>
      </trkpt>
      <trkpt lat="49.658107" lon="14.479636">
        <ele>405.435978</ele>
        <time>2026-05-06T12:11:41.000Z</time>
      </trkpt>
      <trkpt lat="49.658020" lon="14.479509">
        <ele>405.303024</ele>
        <time>2026-05-06T12:11:43.000Z</time>
      </trkpt>
      <trkpt lat="49.657931" lon="14.479381">
        <ele>405.167957</ele>
        <time>2026-05-06T12:11:45.000Z</time>
      </trkpt>
      <trkpt lat="49.657834" lon="14.479239">
        <ele>405.019522</ele>
        <time>2026-05-06T12:11:47.000Z</time>
      </trkpt>
      <trkpt lat="49.657724" lon="14.479108">
        <ele>404.865248</ele>
        <time>2026-05-06T12:11:49.000Z</time>
      </trkpt>
      <trkpt lat="49.657618" lon="14.478958">
        <ele>404.261081</ele>
        <time>2026-05-06T12:11:51.000Z</time>
      </trkpt>
      <trkpt lat="49.657499" lon="14.478790">
        <ele>403.521797</ele>
        <time>2026-05-06T12:11:53.000Z</time>
      </trkpt>
      <trkpt lat="49.657393" lon="14.478622">
        <ele>402.825356</ele>
        <time>2026-05-06T12:11:55.000Z</time>
      </trkpt>
      <trkpt lat="49.657275" lon="14.478458">
        <ele>402.097444</ele>
        <time>2026-05-06T12:11:57.000Z</time>
      </trkpt>
      <trkpt lat="49.657165" lon="14.478296">
        <ele>401.400484</ele>
        <time>2026-05-06T12:11:59.000Z</time>
      </trkpt>
      <trkpt lat="49.657052" lon="14.478133">
        <ele>400.691480</ele>
        <time>2026-05-06T12:12:01.000Z</time>
      </trkpt>
      <trkpt lat="49.656911" lon="14.478015">
        <ele>399.956082</ele>
        <time>2026-05-06T12:12:02.999Z</time>
      </trkpt>
      <trkpt lat="49.656753" lon="14.477959">
        <ele>399.212692</ele>
        <time>2026-05-06T12:12:04.999Z</time>
      </trkpt>
      <trkpt lat="49.656591" lon="14.477905">
        <ele>398.452686</ele>
        <time>2026-05-06T12:12:06.999Z</time>
      </trkpt>
      <trkpt lat="49.656428" lon="14.477809">
        <ele>397.652706</ele>
        <time>2026-05-06T12:12:08.999Z</time>
      </trkpt>
      <trkpt lat="49.656286" lon="14.477679">
        <ele>396.895743</ele>
        <time>2026-05-06T12:12:10.999Z</time>
      </trkpt>
      <trkpt lat="49.656146" lon="14.477555">
        <ele>396.429629</ele>
        <time>2026-05-06T12:12:12.999Z</time>
      </trkpt>
      <trkpt lat="49.656021" lon="14.477400">
        <ele>396.148426</ele>
        <time>2026-05-06T12:12:14.999Z</time>
      </trkpt>
      <trkpt lat="49.655934" lon="14.477198">
        <ele>395.872884</ele>
        <time>2026-05-06T12:12:16.999Z</time>
      </trkpt>
      <trkpt lat="49.655874" lon="14.476979">
        <ele>395.602810</ele>
        <time>2026-05-06T12:12:18.999Z</time>
      </trkpt>
      <trkpt lat="49.655834" lon="14.476758">
        <ele>395.342195</ele>
        <time>2026-05-06T12:12:20.999Z</time>
      </trkpt>
      <trkpt lat="49.655807" lon="14.476534">
        <ele>395.083426</ele>
        <time>2026-05-06T12:12:22.999Z</time>
      </trkpt>
      <trkpt lat="49.655788" lon="14.476311">
        <ele>394.827980</ele>
        <time>2026-05-06T12:12:24.999Z</time>
      </trkpt>
      <trkpt lat="49.655767" lon="14.476107">
        <ele>394.593386</ele>
        <time>2026-05-06T12:12:26.999Z</time>
      </trkpt>
      <trkpt lat="49.655744" lon="14.475902">
        <ele>394.357097</ele>
        <time>2026-05-06T12:12:28.999Z</time>
      </trkpt>
      <trkpt lat="49.655722" lon="14.475696">
        <ele>394.119980</ele>
        <time>2026-05-06T12:12:30.999Z</time>
      </trkpt>
      <trkpt lat="49.655700" lon="14.475499">
        <ele>393.892942</ele>
        <time>2026-05-06T12:12:32.999Z</time>
      </trkpt>
      <trkpt lat="49.655677" lon="14.475311">
        <ele>393.675650</ele>
        <time>2026-05-06T12:12:34.999Z</time>
      </trkpt>
      <trkpt lat="49.655657" lon="14.475128">
        <ele>393.464876</ele>
        <time>2026-05-06T12:12:36.999Z</time>
      </trkpt>
      <trkpt lat="49.655634" lon="14.474939">
        <ele>392.906288</ele>
        <time>2026-05-06T12:12:38.999Z</time>
      </trkpt>
      <trkpt lat="49.655606" lon="14.474736">
        <ele>392.264583</ele>
        <time>2026-05-06T12:12:40.999Z</time>
      </trkpt>
      <trkpt lat="49.655578" lon="14.474545">
        <ele>391.659114</ele>
        <time>2026-05-06T12:12:42.999Z</time>
      </trkpt>
      <trkpt lat="49.655530" lon="14.474364">
        <ele>391.054380</ele>
        <time>2026-05-06T12:12:44.999Z</time>
      </trkpt>
      <trkpt lat="49.655463" lon="14.474192">
        <ele>390.433760</ele>
        <time>2026-05-06T12:12:46.999Z</time>
      </trkpt>
      <trkpt lat="49.655366" lon="14.474063">
        <ele>389.822478</ele>
        <time>2026-05-06T12:12:48.999Z</time>
      </trkpt>
      <trkpt lat="49.655235" lon="14.473972">
        <ele>389.136505</ele>
        <time>2026-05-06T12:12:50.999Z</time>
      </trkpt>
      <trkpt lat="49.655088" lon="14.473902">
        <ele>388.401870</ele>
        <time>2026-05-06T12:12:52.999Z</time>
      </trkpt>
      <trkpt lat="49.654939" lon="14.473830">
        <ele>387.656279</ele>
        <time>2026-05-06T12:12:54.999Z</time>
      </trkpt>
      <trkpt lat="49.654787" lon="14.473740">
        <ele>386.878863</ele>
        <time>2026-05-06T12:12:56.999Z</time>
      </trkpt>
      <trkpt lat="49.654642" lon="14.473627">
        <ele>386.103241</ele>
        <time>2026-05-06T12:12:58.999Z</time>
      </trkpt>
      <trkpt lat="49.654520" lon="14.473463">
        <ele>385.330861</ele>
        <time>2026-05-06T12:13:00.999Z</time>
      </trkpt>
      <trkpt lat="49.654416" lon="14.473284">
        <ele>384.707170</ele>
        <time>2026-05-06T12:13:02.999Z</time>
      </trkpt>
      <trkpt lat="49.654326" lon="14.473079">
        <ele>384.285469</ele>
        <time>2026-05-06T12:13:04.999Z</time>
      </trkpt>
      <trkpt lat="49.654251" lon="14.472907">
        <ele>383.932406</ele>
        <time>2026-05-06T12:13:06.999Z</time>
      </trkpt>
      <trkpt lat="49.654167" lon="14.472739">
        <ele>383.571008</ele>
        <time>2026-05-06T12:13:08.999Z</time>
      </trkpt>
      <trkpt lat="49.654080" lon="14.472573">
        <ele>383.207387</ele>
        <time>2026-05-06T12:13:10.998Z</time>
      </trkpt>
      <trkpt lat="49.653986" lon="14.472448">
        <ele>382.881198</ele>
        <time>2026-05-06T12:13:12.998Z</time>
      </trkpt>
      <trkpt lat="49.653962" lon="14.472310">
        <ele>382.637918</ele>
        <time>2026-05-06T12:13:14.998Z</time>
      </trkpt>
      <trkpt lat="49.653954" lon="14.472165">
        <ele>382.390155</ele>
        <time>2026-05-06T12:13:17.998Z</time>
      </trkpt>
      <trkpt lat="49.653845" lon="14.472098">
        <ele>382.081644</ele>
        <time>2026-05-06T12:13:19.998Z</time>
      </trkpt>
      <trkpt lat="49.653741" lon="14.472063">
        <ele>381.801728</ele>
        <time>2026-05-06T12:13:21.998Z</time>
      </trkpt>
      <trkpt lat="49.653633" lon="14.472034">
        <ele>381.513450</ele>
        <time>2026-05-06T12:13:23.998Z</time>
      </trkpt>
      <trkpt lat="49.653523" lon="14.472058">
        <ele>381.221301</ele>
        <time>2026-05-06T12:13:25.998Z</time>
      </trkpt>
      <trkpt lat="49.653427" lon="14.472126">
        <ele>380.943560</ele>
        <time>2026-05-06T12:13:27.998Z</time>
      </trkpt>
      <trkpt lat="49.653342" lon="14.472186">
        <ele>380.697791</ele>
        <time>2026-05-06T12:13:30.998Z</time>
      </trkpt>
      <trkpt lat="49.653330" lon="14.471809">
        <ele>380.218665</ele>
        <time>2026-05-06T12:13:50.000Z</time>
      </trkpt>
      <trkpt lat="49.653275" lon="14.471651">
        <ele>380.637854</ele>
        <time>2026-05-06T12:13:53.000Z</time>
      </trkpt>
      <trkpt lat="49.653182" lon="14.471524">
        <ele>381.085897</ele>
        <time>2026-05-06T12:13:56.000Z</time>
      </trkpt>
      <trkpt lat="49.653074" lon="14.471437">
        <ele>381.525534</ele>
        <time>2026-05-06T12:13:59.000Z</time>
      </trkpt>
      <trkpt lat="49.652977" lon="14.471346">
        <ele>381.935158</ele>
        <time>2026-05-06T12:14:02.000Z</time>
      </trkpt>
      <trkpt lat="49.652873" lon="14.471267">
        <ele>382.353466</ele>
        <time>2026-05-06T12:14:05.000Z</time>
      </trkpt>
      <trkpt lat="49.652778" lon="14.471205">
        <ele>382.725705</ele>
        <time>2026-05-06T12:14:07.999Z</time>
      </trkpt>
      <trkpt lat="49.652669" lon="14.471167">
        <ele>383.129020</ele>
        <time>2026-05-06T12:14:11.999Z</time>
      </trkpt>
      <trkpt lat="49.652584" lon="14.471061">
        <ele>383.523325</ele>
        <time>2026-05-06T12:14:14.999Z</time>
      </trkpt>
      <trkpt lat="49.652488" lon="14.470950">
        <ele>383.956151</ele>
        <time>2026-05-06T12:14:17.999Z</time>
      </trkpt>
      <trkpt lat="49.652405" lon="14.470816">
        <ele>384.389503</ele>
        <time>2026-05-06T12:14:20.999Z</time>
      </trkpt>
      <trkpt lat="49.652314" lon="14.470704">
        <ele>384.809475</ele>
        <time>2026-05-06T12:14:23.999Z</time>
      </trkpt>
      <trkpt lat="49.652227" lon="14.470599">
        <ele>385.207980</ele>
        <time>2026-05-06T12:14:26.999Z</time>
      </trkpt>
      <trkpt lat="49.652138" lon="14.470524">
        <ele>385.573911</ele>
        <time>2026-05-06T12:14:29.999Z</time>
      </trkpt>
      <trkpt lat="49.652069" lon="14.470397">
        <ele>385.961334</ele>
        <time>2026-05-06T12:14:33.999Z</time>
      </trkpt>
      <trkpt lat="49.652015" lon="14.470285">
        <ele>386.287655</ele>
        <time>2026-05-06T12:14:37.999Z</time>
      </trkpt>
      <trkpt lat="49.651964" lon="14.470147">
        <ele>386.652149</ele>
        <time>2026-05-06T12:14:42.999Z</time>
      </trkpt>
      <trkpt lat="49.651931" lon="14.470008">
        <ele>386.943197</ele>
        <time>2026-05-06T12:14:46.999Z</time>
      </trkpt>
      <trkpt lat="49.651907" lon="14.469864">
        <ele>387.235512</ele>
        <time>2026-05-06T12:14:50.999Z</time>
      </trkpt>
      <trkpt lat="49.651881" lon="14.469701">
        <ele>387.565531</ele>
        <time>2026-05-06T12:14:55.999Z</time>
      </trkpt>
      <trkpt lat="49.651854" lon="14.469536">
        <ele>387.900101</ele>
        <time>2026-05-06T12:15:00.999Z</time>
      </trkpt>
      <trkpt lat="49.651830" lon="14.469401">
        <ele>388.175317</ele>
        <time>2026-05-06T12:15:04.999Z</time>
      </trkpt>
      <trkpt lat="49.651806" lon="14.469263">
        <ele>388.456225</ele>
        <time>2026-05-06T12:15:08.999Z</time>
      </trkpt>
      <trkpt lat="49.651761" lon="14.469117">
        <ele>388.774108</ele>
        <time>2026-05-06T12:15:12.999Z</time>
      </trkpt>
      <trkpt lat="49.651718" lon="14.468952">
        <ele>389.123770</ele>
        <time>2026-05-06T12:15:16.999Z</time>
      </trkpt>
      <trkpt lat="49.651668" lon="14.468783">
        <ele>389.489049</ele>
        <time>2026-05-06T12:15:20.998Z</time>
      </trkpt>
      <trkpt lat="49.651615" lon="14.468666">
        <ele>389.769767</ele>
        <time>2026-05-06T12:15:23.998Z</time>
      </trkpt>
      <trkpt lat="49.651560" lon="14.468541">
        <ele>390.066880</ele>
        <time>2026-05-06T12:15:26.998Z</time>
      </trkpt>
      <trkpt lat="49.651510" lon="14.468417">
        <ele>390.354062</ele>
        <time>2026-05-06T12:15:29.998Z</time>
      </trkpt>
      <trkpt lat="49.651454" lon="14.468260">
        <ele>390.706447</ele>
        <time>2026-05-06T12:15:33.998Z</time>
      </trkpt>
      <trkpt lat="49.651390" lon="14.468117">
        <ele>391.048199</ele>
        <time>2026-05-06T12:15:37.998Z</time>
      </trkpt>
      <trkpt lat="49.651332" lon="14.467975">
        <ele>391.378266</ele>
        <time>2026-05-06T12:15:41.998Z</time>
      </trkpt>
      <trkpt lat="49.651263" lon="14.467848">
        <ele>391.704196</ele>
        <time>2026-05-06T12:15:45.998Z</time>
      </trkpt>
      <trkpt lat="49.651194" lon="14.467733">
        <ele>392.012428</ele>
        <time>2026-05-06T12:15:50.000Z</time>
      </trkpt>
      <trkpt lat="49.651125" lon="14.467622">
        <ele>392.478496</ele>
        <time>2026-05-06T12:15:55.000Z</time>
      </trkpt>
      <trkpt lat="49.651057" lon="14.467509">
        <ele>392.990637</ele>
        <time>2026-05-06T12:16:00.000Z</time>
      </trkpt>
      <trkpt lat="49.650989" lon="14.467399">
        <ele>393.495530</ele>
        <time>2026-05-06T12:16:05.000Z</time>
      </trkpt>
      <trkpt lat="49.650918" lon="14.467295">
        <ele>393.997257</ele>
        <time>2026-05-06T12:16:10.000Z</time>
      </trkpt>
      <trkpt lat="49.650844" lon="14.467186">
        <ele>394.521569</ele>
        <time>2026-05-06T12:16:14.999Z</time>
      </trkpt>
      <trkpt lat="49.650765" lon="14.467066">
        <ele>395.089704</ele>
        <time>2026-05-06T12:16:20.999Z</time>
      </trkpt>
      <trkpt lat="49.650684" lon="14.466962">
        <ele>395.629789</ele>
        <time>2026-05-06T12:16:26.999Z</time>
      </trkpt>
      <trkpt lat="49.650610" lon="14.466864">
        <ele>396.129600</ele>
        <time>2026-05-06T12:16:32.999Z</time>
      </trkpt>
      <trkpt lat="49.650536" lon="14.466776">
        <ele>396.608465</ele>
        <time>2026-05-06T12:16:38.999Z</time>
      </trkpt>
      <trkpt lat="49.650460" lon="14.466667">
        <ele>397.140248</ele>
        <time>2026-05-06T12:16:44.999Z</time>
      </trkpt>
      <trkpt lat="49.650389" lon="14.466571">
        <ele>397.624086</ele>
        <time>2026-05-06T12:16:51.999Z</time>
      </trkpt>
      <trkpt lat="49.650248" lon="14.466326">
        <ele>398.712300</ele>
        <time>2026-05-06T12:17:10.999Z</time>
      </trkpt>
      <trkpt lat="49.650163" lon="14.466236">
        <ele>399.240712</ele>
        <time>2026-05-06T12:17:15.999Z</time>
      </trkpt>
      <trkpt lat="49.650076" lon="14.466151">
        <ele>399.768557</ele>
        <time>2026-05-06T12:17:20.999Z</time>
      </trkpt>
      <trkpt lat="49.649996" lon="14.466074">
        <ele>400.251883</ele>
        <time>2026-05-06T12:17:24.998Z</time>
      </trkpt>
      <trkpt lat="49.649905" lon="14.465981">
        <ele>400.811377</ele>
        <time>2026-05-06T12:17:29.998Z</time>
      </trkpt>
      <trkpt lat="49.649814" lon="14.465902">
        <ele>401.317999</ele>
        <time>2026-05-06T12:17:33.998Z</time>
      </trkpt>
      <trkpt lat="49.649715" lon="14.465823">
        <ele>401.539481</ele>
        <time>2026-05-06T12:17:37.998Z</time>
      </trkpt>
      <trkpt lat="49.649636" lon="14.465752">
        <ele>401.721150</ele>
        <time>2026-05-06T12:17:40.998Z</time>
      </trkpt>
      <trkpt lat="49.649534" lon="14.465694">
        <ele>401.937187</ele>
        <time>2026-05-06T12:17:43.998Z</time>
      </trkpt>
      <trkpt lat="49.649433" lon="14.465613">
        <ele>402.163383</ele>
        <time>2026-05-06T12:17:46.998Z</time>
      </trkpt>
      <trkpt lat="49.649331" lon="14.465535">
        <ele>402.389605</ele>
        <time>2026-05-06T12:17:49.998Z</time>
      </trkpt>
      <trkpt lat="49.649225" lon="14.465457">
        <ele>402.622979</ele>
        <time>2026-05-06T12:17:52.998Z</time>
      </trkpt>
      <trkpt lat="49.649116" lon="14.465379">
        <ele>402.861750</ele>
        <time>2026-05-06T12:17:56.000Z</time>
      </trkpt>
      <trkpt lat="49.649009" lon="14.465298">
        <ele>403.098594</ele>
        <time>2026-05-06T12:17:59.000Z</time>
      </trkpt>
      <trkpt lat="49.648896" lon="14.465197">
        <ele>403.358090</ele>
        <time>2026-05-06T12:18:02.000Z</time>
      </trkpt>
      <trkpt lat="49.648821" lon="14.465116">
        <ele>403.539989</ele>
        <time>2026-05-06T12:18:04.000Z</time>
      </trkpt>
      <trkpt lat="49.648713" lon="14.464998">
        <ele>403.802931</ele>
        <time>2026-05-06T12:18:07.000Z</time>
      </trkpt>
      <trkpt lat="49.648612" lon="14.464865">
        <ele>404.066739</ele>
        <time>2026-05-06T12:18:10.000Z</time>
      </trkpt>
      <trkpt lat="49.648521" lon="14.464724">
        <ele>404.322941</ele>
        <time>2026-05-06T12:18:13.000Z</time>
      </trkpt>
      <trkpt lat="49.648444" lon="14.464580">
        <ele>404.563284</ele>
        <time>2026-05-06T12:18:16.000Z</time>
      </trkpt>
      <trkpt lat="49.648377" lon="14.464436">
        <ele>404.791485</ele>
        <time>2026-05-06T12:18:19.000Z</time>
      </trkpt>
      <trkpt lat="49.648307" lon="14.464294">
        <ele>404.672607</ele>
        <time>2026-05-06T12:18:22.000Z</time>
      </trkpt>
      <trkpt lat="49.648255" lon="14.464176">
        <ele>404.418743</ele>
        <time>2026-05-06T12:18:23.999Z</time>
      </trkpt>
      <trkpt lat="49.648197" lon="14.464052">
        <ele>404.146676</ele>
        <time>2026-05-06T12:18:25.999Z</time>
      </trkpt>
      <trkpt lat="49.648139" lon="14.463914">
        <ele>403.854061</ele>
        <time>2026-05-06T12:18:27.999Z</time>
      </trkpt>
      <trkpt lat="49.648081" lon="14.463773">
        <ele>403.556957</ele>
        <time>2026-05-06T12:18:29.999Z</time>
      </trkpt>
      <trkpt lat="49.648021" lon="14.463623">
        <ele>403.243370</ele>
        <time>2026-05-06T12:18:31.999Z</time>
      </trkpt>
      <trkpt lat="49.647965" lon="14.463471">
        <ele>402.932330</ele>
        <time>2026-05-06T12:18:33.999Z</time>
      </trkpt>
      <trkpt lat="49.647905" lon="14.463305">
        <ele>402.594202</ele>
        <time>2026-05-06T12:18:35.999Z</time>
      </trkpt>
      <trkpt lat="49.647844" lon="14.463114">
        <ele>402.215420</ele>
        <time>2026-05-06T12:18:37.999Z</time>
      </trkpt>
      <trkpt lat="49.647788" lon="14.462917">
        <ele>401.832763</ele>
        <time>2026-05-06T12:18:39.999Z</time>
      </trkpt>
      <trkpt lat="49.647737" lon="14.462717">
        <ele>401.450458</ele>
        <time>2026-05-06T12:18:41.999Z</time>
      </trkpt>
      <trkpt lat="49.647676" lon="14.462496">
        <ele>401.023171</ele>
        <time>2026-05-06T12:18:43.999Z</time>
      </trkpt>
      <trkpt lat="49.647624" lon="14.462286">
        <ele>400.623290</ele>
        <time>2026-05-06T12:18:45.999Z</time>
      </trkpt>
      <trkpt lat="49.647588" lon="14.462081">
        <ele>400.245511</ele>
        <time>2026-05-06T12:18:47.999Z</time>
      </trkpt>
      <trkpt lat="49.647527" lon="14.461881">
        <ele>400.037012</ele>
        <time>2026-05-06T12:18:49.999Z</time>
      </trkpt>
      <trkpt lat="49.647460" lon="14.461704">
        <ele>400.495068</ele>
        <time>2026-05-06T12:18:51.999Z</time>
      </trkpt>
      <trkpt lat="49.647388" lon="14.461535">
        <ele>400.947035</ele>
        <time>2026-05-06T12:18:53.999Z</time>
      </trkpt>
      <trkpt lat="49.647299" lon="14.461400">
        <ele>401.377465</ele>
        <time>2026-05-06T12:18:55.999Z</time>
      </trkpt>
      <trkpt lat="49.647208" lon="14.461270">
        <ele>401.805183</ele>
        <time>2026-05-06T12:18:57.999Z</time>
      </trkpt>
      <trkpt lat="49.647116" lon="14.461152">
        <ele>402.217818</ele>
        <time>2026-05-06T12:18:59.999Z</time>
      </trkpt>
      <trkpt lat="49.647023" lon="14.461058">
        <ele>402.601321</ele>
        <time>2026-05-06T12:19:01.999Z</time>
      </trkpt>
      <trkpt lat="49.646928" lon="14.460971">
        <ele>402.982407</ele>
        <time>2026-05-06T12:19:03.999Z</time>
      </trkpt>
      <trkpt lat="49.646853" lon="14.460881">
        <ele>403.310124</ele>
        <time>2026-05-06T12:19:05.999Z</time>
      </trkpt>
      <trkpt lat="49.646773" lon="14.460784">
        <ele>403.661065</ele>
        <time>2026-05-06T12:19:07.999Z</time>
      </trkpt>
      <trkpt lat="49.646671" lon="14.460682">
        <ele>404.080345</ele>
        <time>2026-05-06T12:19:10.999Z</time>
      </trkpt>
      <trkpt lat="49.646569" lon="14.460579">
        <ele>404.500844</ele>
        <time>2026-05-06T12:19:13.999Z</time>
      </trkpt>
      <trkpt lat="49.646464" lon="14.460480">
        <ele>404.925319</ele>
        <time>2026-05-06T12:19:16.999Z</time>
      </trkpt>
      <trkpt lat="49.646369" lon="14.460378">
        <ele>405.324542</ele>
        <time>2026-05-06T12:19:19.999Z</time>
      </trkpt>
      <trkpt lat="49.646293" lon="14.460293">
        <ele>405.648316</ele>
        <time>2026-05-06T12:19:22.999Z</time>
      </trkpt>
      <trkpt lat="49.646213" lon="14.460210">
        <ele>405.980854</ele>
        <time>2026-05-06T12:19:26.999Z</time>
      </trkpt>
      <trkpt lat="49.646119" lon="14.460124">
        <ele>406.285616</ele>
        <time>2026-05-06T12:19:31.999Z</time>
      </trkpt>
      <trkpt lat="49.646050" lon="14.460031">
        <ele>406.496719</ele>
        <time>2026-05-06T12:19:35.999Z</time>
      </trkpt>
      <trkpt lat="49.645967" lon="14.459962">
        <ele>406.713997</ele>
        <time>2026-05-06T12:19:40.998Z</time>
      </trkpt>
      <trkpt lat="49.645890" lon="14.459874">
        <ele>406.934800</ele>
        <time>2026-05-06T12:19:46.998Z</time>
      </trkpt>
      <trkpt lat="49.645798" lon="14.459793">
        <ele>407.178907</ele>
        <time>2026-05-06T12:19:52.998Z</time>
      </trkpt>
      <trkpt lat="49.645717" lon="14.459682">
        <ele>407.428524</ele>
        <time>2026-05-06T12:19:58.998Z</time>
      </trkpt>
      <trkpt lat="49.645650" lon="14.459571">
        <ele>407.655018</ele>
        <time>2026-05-06T12:20:04.000Z</time>
      </trkpt>
      <trkpt lat="49.645598" lon="14.459436">
        <ele>407.889471</ele>
        <time>2026-05-06T12:20:09.000Z</time>
      </trkpt>
      <trkpt lat="49.645545" lon="14.459296">
        <ele>408.131522</ele>
        <time>2026-05-06T12:20:13.000Z</time>
      </trkpt>
      <trkpt lat="49.645490" lon="14.459147">
        <ele>408.387513</ele>
        <time>2026-05-06T12:20:16.000Z</time>
      </trkpt>
      <trkpt lat="49.645440" lon="14.458943">
        <ele>408.713080</ele>
        <time>2026-05-06T12:20:19.000Z</time>
      </trkpt>
      <trkpt lat="49.645403" lon="14.458773">
        <ele>408.980767</ele>
        <time>2026-05-06T12:20:21.000Z</time>
      </trkpt>
      <trkpt lat="49.645340" lon="14.458595">
        <ele>409.283542</ele>
        <time>2026-05-06T12:20:24.000Z</time>
      </trkpt>
      <trkpt lat="49.645300" lon="14.458461">
        <ele>409.503777</ele>
        <time>2026-05-06T12:20:26.000Z</time>
      </trkpt>
      <trkpt lat="49.645243" lon="14.458295">
        <ele>409.784226</ele>
        <time>2026-05-06T12:20:29.000Z</time>
      </trkpt>
      <trkpt lat="49.645163" lon="14.458153">
        <ele>410.065164</ele>
        <time>2026-05-06T12:20:31.999Z</time>
      </trkpt>
      <trkpt lat="49.644971" lon="14.457916">
        <ele>410.424788</ele>
        <time>2026-05-06T12:24:13.000Z</time>
      </trkpt>
      <trkpt lat="49.644892" lon="14.457821">
        <ele>410.517328</ele>
        <time>2026-05-06T12:24:16.000Z</time>
      </trkpt>
      <trkpt lat="49.644816" lon="14.457689">
        <ele>410.623037</ele>
        <time>2026-05-06T12:24:20.000Z</time>
      </trkpt>
      <trkpt lat="49.644758" lon="14.457552">
        <ele>410.720996</ele>
        <time>2026-05-06T12:24:23.000Z</time>
      </trkpt>
      <trkpt lat="49.644708" lon="14.457415">
        <ele>410.815112</ele>
        <time>2026-05-06T12:24:26.000Z</time>
      </trkpt>
      <trkpt lat="49.644661" lon="14.457269">
        <ele>410.912691</ele>
        <time>2026-05-06T12:24:29.000Z</time>
      </trkpt>
      <trkpt lat="49.644628" lon="14.457066">
        <ele>411.037950</ele>
        <time>2026-05-06T12:24:32.000Z</time>
      </trkpt>
      <trkpt lat="49.644618" lon="14.456907">
        <ele>411.133554</ele>
        <time>2026-05-06T12:24:34.000Z</time>
      </trkpt>
      <trkpt lat="49.644601" lon="14.456762">
        <ele>411.221743</ele>
        <time>2026-05-06T12:24:36.000Z</time>
      </trkpt>
      <trkpt lat="49.644441" lon="14.456700">
        <ele>411.374205</ele>
        <time>2026-05-06T12:24:38.000Z</time>
      </trkpt>
      <trkpt lat="49.644330" lon="14.456677">
        <ele>411.477714</ele>
        <time>2026-05-06T12:24:39.999Z</time>
      </trkpt>
      <trkpt lat="49.644220" lon="14.456654">
        <ele>411.580308</ele>
        <time>2026-05-06T12:24:42.999Z</time>
      </trkpt>
      <trkpt lat="49.644117" lon="14.456622">
        <ele>411.677412</ele>
        <time>2026-05-06T12:24:46.999Z</time>
      </trkpt>
      <trkpt lat="49.644057" lon="14.456749">
        <ele>411.771498</ele>
        <time>2026-05-06T12:24:49.999Z</time>
      </trkpt>
      <trkpt lat="49.643988" lon="14.456877">
        <ele>411.871173</ele>
        <time>2026-05-06T12:24:53.999Z</time>
      </trkpt>
      <trkpt lat="49.643927" lon="14.457003">
        <ele>412.021837</ele>
        <time>2026-05-06T12:24:57.999Z</time>
      </trkpt>
      <trkpt lat="49.643870" lon="14.457138">
        <ele>412.445001</ele>
        <time>2026-05-06T12:25:01.999Z</time>
      </trkpt>
      <trkpt lat="49.643807" lon="14.457275">
        <ele>412.886200</ele>
        <time>2026-05-06T12:25:05.999Z</time>
      </trkpt>
      <trkpt lat="49.643750" lon="14.457408">
        <ele>413.304976</ele>
        <time>2026-05-06T12:25:09.999Z</time>
      </trkpt>
      <trkpt lat="49.643698" lon="14.457526">
        <ele>413.679749</ele>
        <time>2026-05-06T12:25:13.999Z</time>
      </trkpt>
      <trkpt lat="49.643638" lon="14.457674">
        <ele>414.138230</ele>
        <time>2026-05-06T12:25:17.999Z</time>
      </trkpt>
      <trkpt lat="49.643583" lon="14.457811">
        <ele>414.561475</ele>
        <time>2026-05-06T12:25:21.999Z</time>
      </trkpt>
      <trkpt lat="49.643528" lon="14.457957">
        <ele>415.004980</ele>
        <time>2026-05-06T12:25:25.999Z</time>
      </trkpt>
      <trkpt lat="49.643472" lon="14.458096">
        <ele>415.434826</ele>
        <time>2026-05-06T12:25:29.999Z</time>
      </trkpt>
      <trkpt lat="49.643418" lon="14.458238">
        <ele>415.867218</ele>
        <time>2026-05-06T12:25:33.999Z</time>
      </trkpt>
      <trkpt lat="49.643367" lon="14.458381">
        <ele>416.295877</ele>
        <time>2026-05-06T12:25:37.999Z</time>
      </trkpt>
      <trkpt lat="49.643314" lon="14.458522">
        <ele>416.723958</ele>
        <time>2026-05-06T12:25:41.999Z</time>
      </trkpt>
      <trkpt lat="49.643268" lon="14.458663">
        <ele>417.138517</ele>
        <time>2026-05-06T12:25:45.999Z</time>
      </trkpt>
      <trkpt lat="49.643219" lon="14.458805">
        <ele>417.561005</ele>
        <time>2026-05-06T12:25:49.999Z</time>
      </trkpt>
      <trkpt lat="49.643177" lon="14.458952">
        <ele>417.982888</ele>
        <time>2026-05-06T12:25:53.998Z</time>
      </trkpt>
      <trkpt lat="49.643130" lon="14.459087">
        <ele>418.385345</ele>
        <time>2026-05-06T12:25:57.998Z</time>
      </trkpt>
      <trkpt lat="49.643086" lon="14.459233">
        <ele>418.808186</ele>
        <time>2026-05-06T12:26:01.998Z</time>
      </trkpt>
      <trkpt lat="49.643034" lon="14.459389">
        <ele>419.258163</ele>
        <time>2026-05-06T12:26:05.998Z</time>
      </trkpt>
      <trkpt lat="49.642982" lon="14.459539">
        <ele>419.527184</ele>
        <time>2026-05-06T12:26:09.998Z</time>
      </trkpt>
      <trkpt lat="49.642935" lon="14.459695">
        <ele>419.799234</ele>
        <time>2026-05-06T12:26:13.998Z</time>
      </trkpt>
      <trkpt lat="49.642885" lon="14.459852">
        <ele>420.075873</ele>
        <time>2026-05-06T12:26:17.998Z</time>
      </trkpt>
      <trkpt lat="49.642836" lon="14.460001">
        <ele>420.340105</ele>
        <time>2026-05-06T12:26:22.000Z</time>
      </trkpt>
      <trkpt lat="49.642784" lon="14.460154">
        <ele>420.613318</ele>
        <time>2026-05-06T12:26:26.000Z</time>
      </trkpt>
      <trkpt lat="49.642724" lon="14.460314">
        <ele>420.905663</ele>
        <time>2026-05-06T12:26:30.000Z</time>
      </trkpt>
      <trkpt lat="49.642671" lon="14.460443">
        <ele>421.147223</ele>
        <time>2026-05-06T12:26:33.000Z</time>
      </trkpt>
      <trkpt lat="49.642612" lon="14.460563">
        <ele>421.385456</ele>
        <time>2026-05-06T12:26:36.000Z</time>
      </trkpt>
      <trkpt lat="49.642555" lon="14.460693">
        <ele>421.633694</ele>
        <time>2026-05-06T12:26:39.000Z</time>
      </trkpt>
      <trkpt lat="49.642484" lon="14.460803">
        <ele>421.879267</ele>
        <time>2026-05-06T12:26:42.000Z</time>
      </trkpt>
      <trkpt lat="49.642415" lon="14.460907">
        <ele>422.114696</ele>
        <time>2026-05-06T12:26:45.000Z</time>
      </trkpt>
      <trkpt lat="49.642333" lon="14.461010">
        <ele>422.372791</ele>
        <time>2026-05-06T12:26:48.000Z</time>
      </trkpt>
      <trkpt lat="49.642243" lon="14.461111">
        <ele>422.644447</ele>
        <time>2026-05-06T12:26:50.999Z</time>
      </trkpt>
      <trkpt lat="49.642154" lon="14.461217">
        <ele>422.918887</ele>
        <time>2026-05-06T12:26:53.999Z</time>
      </trkpt>
      <trkpt lat="49.642064" lon="14.461322">
        <ele>423.194309</ele>
        <time>2026-05-06T12:26:56.999Z</time>
      </trkpt>
      <trkpt lat="49.641973" lon="14.461430">
        <ele>423.474548</ele>
        <time>2026-05-06T12:26:59.999Z</time>
      </trkpt>
      <trkpt lat="49.641882" lon="14.461535">
        <ele>423.715144</ele>
        <time>2026-05-06T12:27:02.999Z</time>
      </trkpt>
      <trkpt lat="49.641789" lon="14.461644">
        <ele>423.911486</ele>
        <time>2026-05-06T12:27:05.999Z</time>
      </trkpt>
      <trkpt lat="49.641690" lon="14.461753">
        <ele>424.115957</ele>
        <time>2026-05-06T12:27:08.999Z</time>
      </trkpt>
      <trkpt lat="49.641583" lon="14.461860">
        <ele>424.330332</ele>
        <time>2026-05-06T12:27:11.999Z</time>
      </trkpt>
      <trkpt lat="49.641470" lon="14.461947">
        <ele>424.542672</ele>
        <time>2026-05-06T12:27:14.999Z</time>
      </trkpt>
      <trkpt lat="49.641360" lon="14.462018">
        <ele>424.743167</ele>
        <time>2026-05-06T12:27:17.999Z</time>
      </trkpt>
      <trkpt lat="49.641242" lon="14.462067">
        <ele>424.948657</ele>
        <time>2026-05-06T12:27:20.999Z</time>
      </trkpt>
      <trkpt lat="49.641128" lon="14.462114">
        <ele>425.147085</ele>
        <time>2026-05-06T12:27:23.999Z</time>
      </trkpt>
      <trkpt lat="49.641017" lon="14.462158">
        <ele>425.339805</ele>
        <time>2026-05-06T12:27:26.999Z</time>
      </trkpt>
      <trkpt lat="49.640902" lon="14.462204">
        <ele>425.539582</ele>
        <time>2026-05-06T12:27:29.999Z</time>
      </trkpt>
      <trkpt lat="49.640787" lon="14.462251">
        <ele>425.739636</ele>
        <time>2026-05-06T12:27:32.999Z</time>
      </trkpt>
      <trkpt lat="49.640673" lon="14.462297">
        <ele>425.937786</ele>
        <time>2026-05-06T12:27:35.999Z</time>
      </trkpt>
      <trkpt lat="49.640567" lon="14.462339">
        <ele>426.121820</ele>
        <time>2026-05-06T12:27:38.999Z</time>
      </trkpt>
      <trkpt lat="49.640459" lon="14.462383">
        <ele>426.309658</ele>
        <time>2026-05-06T12:27:41.999Z</time>
      </trkpt>
      <trkpt lat="49.640349" lon="14.462437">
        <ele>426.503767</ele>
        <time>2026-05-06T12:27:44.999Z</time>
      </trkpt>
      <trkpt lat="49.640233" lon="14.462481">
        <ele>426.771575</ele>
        <time>2026-05-06T12:27:47.999Z</time>
      </trkpt>
      <trkpt lat="49.640122" lon="14.462522">
        <ele>427.242148</ele>
        <time>2026-05-06T12:27:50.999Z</time>
      </trkpt>
      <trkpt lat="49.640019" lon="14.462562">
        <ele>427.680050</ele>
        <time>2026-05-06T12:27:53.999Z</time>
      </trkpt>
      <trkpt lat="49.639916" lon="14.462602">
        <ele>428.117952</ele>
        <time>2026-05-06T12:27:56.999Z</time>
      </trkpt>
      <trkpt lat="49.639802" lon="14.462623">
        <ele>428.591316</ele>
        <time>2026-05-06T12:27:59.999Z</time>
      </trkpt>
      <trkpt lat="49.639695" lon="14.462682">
        <ele>429.059769</ele>
        <time>2026-05-06T12:28:02.999Z</time>
      </trkpt>
      <trkpt lat="49.639590" lon="14.462723">
        <ele>429.506320</ele>
        <time>2026-05-06T12:28:05.999Z</time>
      </trkpt>
      <trkpt lat="49.639480" lon="14.462767">
        <ele>429.974828</ele>
        <time>2026-05-06T12:28:08.998Z</time>
      </trkpt>
      <trkpt lat="49.639367" lon="14.462814">
        <ele>430.457342</ele>
        <time>2026-05-06T12:28:11.998Z</time>
      </trkpt>
      <trkpt lat="49.639267" lon="14.462862">
        <ele>430.889111</ele>
        <time>2026-05-06T12:28:14.998Z</time>
      </trkpt>
      <trkpt lat="49.639166" lon="14.462898">
        <ele>431.316493</ele>
        <time>2026-05-06T12:28:17.998Z</time>
      </trkpt>
      <trkpt lat="49.639062" lon="14.462963">
        <ele>431.779086</ele>
        <time>2026-05-06T12:28:20.998Z</time>
      </trkpt>
      <trkpt lat="49.638953" lon="14.463026">
        <ele>432.258952</ele>
        <time>2026-05-06T12:28:23.998Z</time>
      </trkpt>
      <trkpt lat="49.638862" lon="14.463102">
        <ele>432.685515</ele>
        <time>2026-05-06T12:28:27.000Z</time>
      </trkpt>
      <trkpt lat="49.638770" lon="14.463170">
        <ele>433.106055</ele>
        <time>2026-05-06T12:28:30.000Z</time>
      </trkpt>
      <trkpt lat="49.638678" lon="14.463242">
        <ele>433.531315</ele>
        <time>2026-05-06T12:28:33.000Z</time>
      </trkpt>
      <trkpt lat="49.638591" lon="14.463319">
        <ele>433.944768</ele>
        <time>2026-05-06T12:28:36.000Z</time>
      </trkpt>
      <trkpt lat="49.638506" lon="14.463377">
        <ele>434.389296</ele>
        <time>2026-05-06T12:28:39.000Z</time>
      </trkpt>
      <trkpt lat="49.638414" lon="14.463432">
        <ele>434.894561</ele>
        <time>2026-05-06T12:28:42.000Z</time>
      </trkpt>
      <trkpt lat="49.638323" lon="14.463466">
        <ele>435.374074</ele>
        <time>2026-05-06T12:28:45.000Z</time>
      </trkpt>
      <trkpt lat="49.638226" lon="14.463469">
        <ele>435.870966</ele>
        <time>2026-05-06T12:28:48.000Z</time>
      </trkpt>
      <trkpt lat="49.638129" lon="14.463444">
        <ele>436.374631</ele>
        <time>2026-05-06T12:28:51.000Z</time>
      </trkpt>
      <trkpt lat="49.638042" lon="14.463403">
        <ele>436.840498</ele>
        <time>2026-05-06T12:28:53.999Z</time>
      </trkpt>
      <trkpt lat="49.637941" lon="14.463333">
        <ele>437.407493</ele>
        <time>2026-05-06T12:28:57.999Z</time>
      </trkpt>
      <trkpt lat="49.637835" lon="14.463313">
        <ele>437.954418</ele>
        <time>2026-05-06T12:29:01.999Z</time>
      </trkpt>
      <trkpt lat="49.637745" lon="14.463245">
        <ele>438.467582</ele>
        <time>2026-05-06T12:29:05.999Z</time>
      </trkpt>
      <trkpt lat="49.637655" lon="14.463205">
        <ele>438.947237</ele>
        <time>2026-05-06T12:29:09.999Z</time>
      </trkpt>
      <trkpt lat="49.637561" lon="14.463193">
        <ele>439.430308</ele>
        <time>2026-05-06T12:29:13.999Z</time>
      </trkpt>
      <trkpt lat="49.637463" lon="14.463126">
        <ele>439.979219</ele>
        <time>2026-05-06T12:29:18.999Z</time>
      </trkpt>
      <trkpt lat="49.637376" lon="14.463068">
        <ele>440.464552</ele>
        <time>2026-05-06T12:29:23.999Z</time>
      </trkpt>
      <trkpt lat="49.637293" lon="14.463005">
        <ele>440.938226</ele>
        <time>2026-05-06T12:29:28.999Z</time>
      </trkpt>
      <trkpt lat="49.637211" lon="14.462948">
        <ele>441.398788</ele>
        <time>2026-05-06T12:29:33.999Z</time>
      </trkpt>
      <trkpt lat="49.637128" lon="14.462879">
        <ele>441.881573</ele>
        <time>2026-05-06T12:29:38.999Z</time>
      </trkpt>
      <trkpt lat="49.637047" lon="14.462805">
        <ele>442.363593</ele>
        <time>2026-05-06T12:29:43.999Z</time>
      </trkpt>
      <trkpt lat="49.636975" lon="14.462719">
        <ele>442.829798</ele>
        <time>2026-05-06T12:29:48.999Z</time>
      </trkpt>
      <trkpt lat="49.636893" lon="14.462662">
        <ele>443.287949</ele>
        <time>2026-05-06T12:29:53.999Z</time>
      </trkpt>
      <trkpt lat="49.636800" lon="14.462620">
        <ele>443.483575</ele>
        <time>2026-05-06T12:29:58.999Z</time>
      </trkpt>
      <trkpt lat="49.636707" lon="14.462622">
        <ele>443.671353</ele>
        <time>2026-05-06T12:30:03.999Z</time>
      </trkpt>
      <trkpt lat="49.636612" lon="14.462623">
        <ele>443.863155</ele>
        <time>2026-05-06T12:30:08.998Z</time>
      </trkpt>
      <trkpt lat="49.636528" lon="14.462693">
        <ele>444.055866</ele>
        <time>2026-05-06T12:30:13.998Z</time>
      </trkpt>
      <trkpt lat="49.636470" lon="14.462799">
        <ele>444.237308</ele>
        <time>2026-05-06T12:30:18.998Z</time>
      </trkpt>
      <trkpt lat="49.636425" lon="14.462926">
        <ele>444.426592</ele>
        <time>2026-05-06T12:30:23.998Z</time>
      </trkpt>
      <trkpt lat="49.636376" lon="14.463056">
        <ele>444.623262</ele>
        <time>2026-05-06T12:30:28.998Z</time>
      </trkpt>
      <trkpt lat="49.636326" lon="14.463204">
        <ele>444.841523</ele>
        <time>2026-05-06T12:30:34.000Z</time>
      </trkpt>
      <trkpt lat="49.636285" lon="14.463336">
        <ele>445.032940</ele>
        <time>2026-05-06T12:30:38.000Z</time>
      </trkpt>
      <trkpt lat="49.636239" lon="14.463482">
        <ele>445.245231</ele>
        <time>2026-05-06T12:30:42.000Z</time>
      </trkpt>
      <trkpt lat="49.636183" lon="14.463635">
        <ele>445.475021</ele>
        <time>2026-05-06T12:30:46.000Z</time>
      </trkpt>
      <trkpt lat="49.636130" lon="14.463761">
        <ele>445.671469</ele>
        <time>2026-05-06T12:30:49.000Z</time>
      </trkpt>
      <trkpt lat="49.636070" lon="14.463891">
        <ele>445.880195</ele>
        <time>2026-05-06T12:30:52.000Z</time>
      </trkpt>
      <trkpt lat="49.636006" lon="14.464026">
        <ele>446.098951</ele>
        <time>2026-05-06T12:30:55.000Z</time>
      </trkpt>
      <trkpt lat="49.635933" lon="14.464170">
        <ele>446.338059</ele>
        <time>2026-05-06T12:30:58.000Z</time>
      </trkpt>
      <trkpt lat="49.635863" lon="14.464326">
        <ele>446.586209</ele>
        <time>2026-05-06T12:31:01.000Z</time>
      </trkpt>
      <trkpt lat="49.635782" lon="14.464483">
        <ele>446.848668</ele>
        <time>2026-05-06T12:31:03.999Z</time>
      </trkpt>
      <trkpt lat="49.635705" lon="14.464647">
        <ele>446.813962</ele>
        <time>2026-05-06T12:31:06.999Z</time>
      </trkpt>
      <trkpt lat="49.635646" lon="14.464757">
        <ele>446.715035</ele>
        <time>2026-05-06T12:31:08.999Z</time>
      </trkpt>
      <trkpt lat="49.635590" lon="14.464882">
        <ele>446.609758</ele>
        <time>2026-05-06T12:31:10.999Z</time>
      </trkpt>
      <trkpt lat="49.635533" lon="14.465002">
        <ele>446.506681</ele>
        <time>2026-05-06T12:31:12.999Z</time>
      </trkpt>
      <trkpt lat="49.635471" lon="14.465134">
        <ele>446.393738</ele>
        <time>2026-05-06T12:31:14.999Z</time>
      </trkpt>
      <trkpt lat="49.635407" lon="14.465265">
        <ele>446.280079</ele>
        <time>2026-05-06T12:31:16.999Z</time>
      </trkpt>
      <trkpt lat="49.635343" lon="14.465405">
        <ele>446.161384</ele>
        <time>2026-05-06T12:31:18.999Z</time>
      </trkpt>
      <trkpt lat="49.635270" lon="14.465549">
        <ele>446.034720</ele>
        <time>2026-05-06T12:31:20.999Z</time>
      </trkpt>
      <trkpt lat="49.635205" lon="14.465692">
        <ele>445.913711</ele>
        <time>2026-05-06T12:31:22.999Z</time>
      </trkpt>
      <trkpt lat="49.635132" lon="14.465837">
        <ele>445.786500</ele>
        <time>2026-05-06T12:31:24.999Z</time>
      </trkpt>
      <trkpt lat="49.635059" lon="14.465983">
        <ele>445.658742</ele>
        <time>2026-05-06T12:31:26.999Z</time>
      </trkpt>
      <trkpt lat="49.634988" lon="14.466136">
        <ele>445.528370</ele>
        <time>2026-05-06T12:31:28.999Z</time>
      </trkpt>
      <trkpt lat="49.634914" lon="14.466290">
        <ele>445.395547</ele>
        <time>2026-05-06T12:31:30.999Z</time>
      </trkpt>
      <trkpt lat="49.634840" lon="14.466443">
        <ele>445.263280</ele>
        <time>2026-05-06T12:31:32.999Z</time>
      </trkpt>
      <trkpt lat="49.634770" lon="14.466600">
        <ele>445.131255</ele>
        <time>2026-05-06T12:31:34.999Z</time>
      </trkpt>
      <trkpt lat="49.634696" lon="14.466759">
        <ele>444.995635</ele>
        <time>2026-05-06T12:31:36.999Z</time>
      </trkpt>
      <trkpt lat="49.634618" lon="14.466915">
        <ele>444.862930</ele>
        <time>2026-05-06T12:31:38.999Z</time>
      </trkpt>
      <trkpt lat="49.634539" lon="14.467077">
        <ele>444.726426</ele>
        <time>2026-05-06T12:31:40.999Z</time>
      </trkpt>
      <trkpt lat="49.634452" lon="14.467240">
        <ele>444.584246</ele>
        <time>2026-05-06T12:31:42.999Z</time>
      </trkpt>
      <trkpt lat="49.634364" lon="14.467392">
        <ele>444.447008</ele>
        <time>2026-05-06T12:31:44.999Z</time>
      </trkpt>
      <trkpt lat="49.634274" lon="14.467544">
        <ele>444.308376</ele>
        <time>2026-05-06T12:31:46.999Z</time>
      </trkpt>
      <trkpt lat="49.634173" lon="14.467694">
        <ele>444.162724</ele>
        <time>2026-05-06T12:31:48.999Z</time>
      </trkpt>
      <trkpt lat="49.634074" lon="14.467841">
        <ele>444.019969</ele>
        <time>2026-05-06T12:31:50.999Z</time>
      </trkpt>
      <trkpt lat="49.633969" lon="14.467993">
        <ele>443.870374</ele>
        <time>2026-05-06T12:31:52.999Z</time>
      </trkpt>
      <trkpt lat="49.633860" lon="14.468130">
        <ele>443.724296</ele>
        <time>2026-05-06T12:31:54.999Z</time>
      </trkpt>
      <trkpt lat="49.633749" lon="14.468268">
        <ele>443.576178</ele>
        <time>2026-05-06T12:31:56.999Z</time>
      </trkpt>
      <trkpt lat="49.633636" lon="14.468389">
        <ele>443.433252</ele>
        <time>2026-05-06T12:31:58.999Z</time>
      </trkpt>
      <trkpt lat="49.633522" lon="14.468517">
        <ele>443.286750</ele>
        <time>2026-05-06T12:32:00.999Z</time>
      </trkpt>
      <trkpt lat="49.633400" lon="14.468634">
        <ele>443.137482</ele>
        <time>2026-05-06T12:32:02.999Z</time>
      </trkpt>
      <trkpt lat="49.633276" lon="14.468755">
        <ele>443.257431</ele>
        <time>2026-05-06T12:32:04.999Z</time>
      </trkpt>
      <trkpt lat="49.633154" lon="14.468859">
        <ele>443.395126</ele>
        <time>2026-05-06T12:32:06.999Z</time>
      </trkpt>
      <trkpt lat="49.633028" lon="14.468955">
        <ele>443.533953</ele>
        <time>2026-05-06T12:32:08.999Z</time>
      </trkpt>
      <trkpt lat="49.632902" lon="14.469051">
        <ele>443.672780</ele>
        <time>2026-05-06T12:32:10.999Z</time>
      </trkpt>
      <trkpt lat="49.632776" lon="14.469140">
        <ele>443.809684</ele>
        <time>2026-05-06T12:32:12.999Z</time>
      </trkpt>
      <trkpt lat="49.632649" lon="14.469210">
        <ele>443.942922</ele>
        <time>2026-05-06T12:32:14.999Z</time>
      </trkpt>
      <trkpt lat="49.632525" lon="14.469290">
        <ele>444.075707</ele>
        <time>2026-05-06T12:32:16.999Z</time>
      </trkpt>
      <trkpt lat="49.632403" lon="14.469352">
        <ele>444.202611</ele>
        <time>2026-05-06T12:32:18.999Z</time>
      </trkpt>
      <trkpt lat="49.632285" lon="14.469399">
        <ele>444.323018</ele>
        <time>2026-05-06T12:32:20.998Z</time>
      </trkpt>
      <trkpt lat="49.632164" lon="14.469455">
        <ele>444.447827</ele>
        <time>2026-05-06T12:32:22.998Z</time>
      </trkpt>
      <trkpt lat="49.632050" lon="14.469499">
        <ele>444.563931</ele>
        <time>2026-05-06T12:32:24.998Z</time>
      </trkpt>
      <trkpt lat="49.631932" lon="14.469528">
        <ele>444.681989</ele>
        <time>2026-05-06T12:32:26.998Z</time>
      </trkpt>
      <trkpt lat="49.631817" lon="14.469570">
        <ele>444.798750</ele>
        <time>2026-05-06T12:32:28.998Z</time>
      </trkpt>
      <trkpt lat="49.631704" lon="14.469599">
        <ele>444.886535</ele>
        <time>2026-05-06T12:32:30.998Z</time>
      </trkpt>
      <trkpt lat="49.631594" lon="14.469623">
        <ele>444.720609</ele>
        <time>2026-05-06T12:32:32.998Z</time>
      </trkpt>
      <trkpt lat="49.631483" lon="14.469643">
        <ele>444.553697</ele>
        <time>2026-05-06T12:32:34.998Z</time>
      </trkpt>
      <trkpt lat="49.631375" lon="14.469658">
        <ele>444.391739</ele>
        <time>2026-05-06T12:32:37.000Z</time>
      </trkpt>
      <trkpt lat="49.631280" lon="14.469678">
        <ele>444.248536</ele>
        <time>2026-05-06T12:32:39.000Z</time>
      </trkpt>
      <trkpt lat="49.631182" lon="14.469695">
        <ele>444.101244</ele>
        <time>2026-05-06T12:32:41.000Z</time>
      </trkpt>
      <trkpt lat="49.631088" lon="14.469712">
        <ele>443.959888</ele>
        <time>2026-05-06T12:32:43.000Z</time>
      </trkpt>
      <trkpt lat="49.630985" lon="14.469739">
        <ele>443.803848</ele>
        <time>2026-05-06T12:32:45.000Z</time>
      </trkpt>
      <trkpt lat="49.630881" lon="14.469765">
        <ele>443.646492</ele>
        <time>2026-05-06T12:32:47.000Z</time>
      </trkpt>
      <trkpt lat="49.630779" lon="14.469785">
        <ele>443.492923</ele>
        <time>2026-05-06T12:32:49.000Z</time>
      </trkpt>
      <trkpt lat="49.630677" lon="14.469814">
        <ele>443.338017</ele>
        <time>2026-05-06T12:32:51.000Z</time>
      </trkpt>
      <trkpt lat="49.630573" lon="14.469819">
        <ele>443.182609</ele>
        <time>2026-05-06T12:32:53.000Z</time>
      </trkpt>
      <trkpt lat="49.630455" lon="14.469847">
        <ele>443.004298</ele>
        <time>2026-05-06T12:32:55.000Z</time>
      </trkpt>
      <trkpt lat="49.630340" lon="14.469891">
        <ele>442.827340</ele>
        <time>2026-05-06T12:32:57.000Z</time>
      </trkpt>
      <trkpt lat="49.630233" lon="14.469913">
        <ele>442.666116</ele>
        <time>2026-05-06T12:32:59.000Z</time>
      </trkpt>
      <trkpt lat="49.630122" lon="14.469950">
        <ele>442.496509</ele>
        <time>2026-05-06T12:33:01.000Z</time>
      </trkpt>
      <trkpt lat="49.630002" lon="14.469984">
        <ele>442.314286</ele>
        <time>2026-05-06T12:33:03.000Z</time>
      </trkpt>
      <trkpt lat="49.629874" lon="14.470022">
        <ele>441.840076</ele>
        <time>2026-05-06T12:33:05.000Z</time>
      </trkpt>
      <trkpt lat="49.629737" lon="14.470051">
        <ele>441.030901</ele>
        <time>2026-05-06T12:33:07.000Z</time>
      </trkpt>
      <trkpt lat="49.629601" lon="14.470090">
        <ele>440.221466</ele>
        <time>2026-05-06T12:33:09.000Z</time>
      </trkpt>
      <trkpt lat="49.629447" lon="14.470132">
        <ele>439.306360</ele>
        <time>2026-05-06T12:33:10.999Z</time>
      </trkpt>
      <trkpt lat="49.629305" lon="14.470170">
        <ele>438.463036</ele>
        <time>2026-05-06T12:33:12.999Z</time>
      </trkpt>
      <trkpt lat="49.629151" lon="14.470211">
        <ele>437.548582</ele>
        <time>2026-05-06T12:33:14.999Z</time>
      </trkpt>
      <trkpt lat="49.628992" lon="14.470255">
        <ele>436.603343</ele>
        <time>2026-05-06T12:33:16.999Z</time>
      </trkpt>
      <trkpt lat="49.628843" lon="14.470307">
        <ele>435.709448</ele>
        <time>2026-05-06T12:33:18.999Z</time>
      </trkpt>
      <trkpt lat="49.628701" lon="14.470336">
        <ele>434.871276</ele>
        <time>2026-05-06T12:33:20.999Z</time>
      </trkpt>
      <trkpt lat="49.628600" lon="14.470374">
        <ele>434.262963</ele>
        <time>2026-05-06T12:33:22.999Z</time>
      </trkpt>
      <trkpt lat="49.628483" lon="14.470372">
        <ele>433.578279</ele>
        <time>2026-05-06T12:33:24.999Z</time>
      </trkpt>
      <trkpt lat="49.628438" lon="14.470202">
        <ele>432.882190</ele>
        <time>2026-05-06T12:33:26.999Z</time>
      </trkpt>
      <trkpt lat="49.628398" lon="14.469986">
        <ele>432.030672</ele>
        <time>2026-05-06T12:33:28.999Z</time>
      </trkpt>
      <trkpt lat="49.628366" lon="14.469771">
        <ele>431.207974</ele>
        <time>2026-05-06T12:33:30.999Z</time>
      </trkpt>
      <trkpt lat="49.628326" lon="14.469494">
        <ele>430.161480</ele>
        <time>2026-05-06T12:33:32.999Z</time>
      </trkpt>
      <trkpt lat="49.628289" lon="14.469299">
        <ele>429.412214</ele>
        <time>2026-05-06T12:33:33.999Z</time>
      </trkpt>
      <trkpt lat="49.628256" lon="14.469135">
        <ele>428.778967</ele>
        <time>2026-05-06T12:33:34.999Z</time>
      </trkpt>
      <trkpt lat="49.628229" lon="14.468996">
        <ele>428.243862</ele>
        <time>2026-05-06T12:33:35.999Z</time>
      </trkpt>
      <trkpt lat="49.628204" lon="14.468857">
        <ele>427.711916</ele>
        <time>2026-05-06T12:33:36.999Z</time>
      </trkpt>
      <trkpt lat="49.628178" lon="14.468696">
        <ele>427.100065</ele>
        <time>2026-05-06T12:33:37.999Z</time>
      </trkpt>
      <trkpt lat="49.628149" lon="14.468542">
        <ele>426.508687</ele>
        <time>2026-05-06T12:33:38.999Z</time>
      </trkpt>
      <trkpt lat="49.628106" lon="14.468405">
        <ele>425.947324</ele>
        <time>2026-05-06T12:33:39.999Z</time>
      </trkpt>
      <trkpt lat="49.628067" lon="14.468276">
        <ele>425.422381</ele>
        <time>2026-05-06T12:33:40.999Z</time>
      </trkpt>
      <trkpt lat="49.627951" lon="14.468017">
        <ele>424.261262</ele>
        <time>2026-05-06T12:33:42.999Z</time>
      </trkpt>
      <trkpt lat="49.627877" lon="14.467911">
        <ele>423.686594</ele>
        <time>2026-05-06T12:33:43.999Z</time>
      </trkpt>
      <trkpt lat="49.627796" lon="14.467814">
        <ele>423.103017</ele>
        <time>2026-05-06T12:33:44.999Z</time>
      </trkpt>
      <trkpt lat="49.627695" lon="14.467737">
        <ele>422.461763</ele>
        <time>2026-05-06T12:33:45.999Z</time>
      </trkpt>
      <trkpt lat="49.627593" lon="14.467685">
        <ele>421.850262</ele>
        <time>2026-05-06T12:33:46.999Z</time>
      </trkpt>
      <trkpt lat="49.627494" lon="14.467660">
        <ele>421.287979</ele>
        <time>2026-05-06T12:33:47.999Z</time>
      </trkpt>
      <trkpt lat="49.627388" lon="14.467662">
        <ele>420.715344</ele>
        <time>2026-05-06T12:33:48.999Z</time>
      </trkpt>
      <trkpt lat="49.627285" lon="14.467646">
        <ele>420.156147</ele>
        <time>2026-05-06T12:33:49.999Z</time>
      </trkpt>
      <trkpt lat="49.627184" lon="14.467627">
        <ele>419.606528</ele>
        <time>2026-05-06T12:33:50.999Z</time>
      </trkpt>
      <trkpt lat="49.627088" lon="14.467618">
        <ele>419.086998</ele>
        <time>2026-05-06T12:33:51.999Z</time>
      </trkpt>
      <trkpt lat="49.626989" lon="14.467607">
        <ele>418.550835</ele>
        <time>2026-05-06T12:33:52.999Z</time>
      </trkpt>
      <trkpt lat="49.626899" lon="14.467607">
        <ele>418.064671</ele>
        <time>2026-05-06T12:33:53.999Z</time>
      </trkpt>
      <trkpt lat="49.626723" lon="14.467601">
        <ele>417.113720</ele>
        <time>2026-05-06T12:33:55.999Z</time>
      </trkpt>
      <trkpt lat="49.626560" lon="14.467537">
        <ele>416.205191</ele>
        <time>2026-05-06T12:33:57.999Z</time>
      </trkpt>
      <trkpt lat="49.626427" lon="14.467411">
        <ele>415.362255</ele>
        <time>2026-05-06T12:33:59.999Z</time>
      </trkpt>
      <trkpt lat="49.626283" lon="14.467277">
        <ele>414.454003</ele>
        <time>2026-05-06T12:34:01.999Z</time>
      </trkpt>
      <trkpt lat="49.626150" lon="14.467137">
        <ele>413.584440</ele>
        <time>2026-05-06T12:34:03.999Z</time>
      </trkpt>
      <trkpt lat="49.626012" lon="14.467007">
        <ele>412.711158</ele>
        <time>2026-05-06T12:34:05.999Z</time>
      </trkpt>
      <trkpt lat="49.625857" lon="14.466880">
        <ele>411.763251</ele>
        <time>2026-05-06T12:34:07.999Z</time>
      </trkpt>
      <trkpt lat="49.625690" lon="14.466785">
        <ele>410.554074</ele>
        <time>2026-05-06T12:34:09.999Z</time>
      </trkpt>
      <trkpt lat="49.625601" lon="14.466742">
        <ele>409.916590</ele>
        <time>2026-05-06T12:34:10.999Z</time>
      </trkpt>
      <trkpt lat="49.625512" lon="14.466705">
        <ele>409.286532</ele>
        <time>2026-05-06T12:34:11.999Z</time>
      </trkpt>
      <trkpt lat="49.625419" lon="14.466660">
        <ele>408.620307</ele>
        <time>2026-05-06T12:34:12.999Z</time>
      </trkpt>
      <trkpt lat="49.625327" lon="14.466625">
        <ele>407.972601</ele>
        <time>2026-05-06T12:34:13.999Z</time>
      </trkpt>
      <trkpt lat="49.625232" lon="14.466605">
        <ele>407.317191</ele>
        <time>2026-05-06T12:34:14.999Z</time>
      </trkpt>
      <trkpt lat="49.625123" lon="14.466568">
        <ele>406.554291</ele>
        <time>2026-05-06T12:34:15.999Z</time>
      </trkpt>
      <trkpt lat="49.625015" lon="14.466544">
        <ele>405.808418</ele>
        <time>2026-05-06T12:34:16.999Z</time>
      </trkpt>
      <trkpt lat="49.624912" lon="14.466525">
        <ele>405.099324</ele>
        <time>2026-05-06T12:34:17.999Z</time>
      </trkpt>
      <trkpt lat="49.624803" lon="14.466499">
        <ele>404.345382</ele>
        <time>2026-05-06T12:34:18.999Z</time>
      </trkpt>
      <trkpt lat="49.624698" lon="14.466479">
        <ele>403.622183</ele>
        <time>2026-05-06T12:34:19.999Z</time>
      </trkpt>
      <trkpt lat="49.624589" lon="14.466455">
        <ele>402.869543</ele>
        <time>2026-05-06T12:34:20.999Z</time>
      </trkpt>
      <trkpt lat="49.624487" lon="14.466447">
        <ele>402.171394</ele>
        <time>2026-05-06T12:34:21.999Z</time>
      </trkpt>
      <trkpt lat="49.624383" lon="14.466429">
        <ele>401.456020</ele>
        <time>2026-05-06T12:34:22.999Z</time>
      </trkpt>
      <trkpt lat="49.624281" lon="14.466381">
        <ele>400.727092</ele>
        <time>2026-05-06T12:34:23.999Z</time>
      </trkpt>
      <trkpt lat="49.624165" lon="14.466351">
        <ele>399.923092</ele>
        <time>2026-05-06T12:34:24.998Z</time>
      </trkpt>
      <trkpt lat="49.624074" lon="14.466323">
        <ele>399.466080</ele>
        <time>2026-05-06T12:34:25.998Z</time>
      </trkpt>
      <trkpt lat="49.623985" lon="14.466299">
        <ele>399.572043</ele>
        <time>2026-05-06T12:34:26.998Z</time>
      </trkpt>
      <trkpt lat="49.623883" lon="14.466262">
        <ele>399.694932</ele>
        <time>2026-05-06T12:34:27.998Z</time>
      </trkpt>
      <trkpt lat="49.623794" lon="14.466227">
        <ele>399.802648</ele>
        <time>2026-05-06T12:34:28.998Z</time>
      </trkpt>
      <trkpt lat="49.623708" lon="14.466179">
        <ele>399.909903</ele>
        <time>2026-05-06T12:34:29.998Z</time>
      </trkpt>
      <trkpt lat="49.623554" lon="14.466066">
        <ele>400.109887</ele>
        <time>2026-05-06T12:34:31.998Z</time>
      </trkpt>
      <trkpt lat="49.623419" lon="14.465949">
        <ele>400.291468</ele>
        <time>2026-05-06T12:34:33.998Z</time>
      </trkpt>
      <trkpt lat="49.623306" lon="14.465826">
        <ele>400.453635</ele>
        <time>2026-05-06T12:34:35.998Z</time>
      </trkpt>
      <trkpt lat="49.623202" lon="14.465704">
        <ele>400.606834</ele>
        <time>2026-05-06T12:34:37.998Z</time>
      </trkpt>
      <trkpt lat="49.623134" lon="14.465558">
        <ele>400.743456</ele>
        <time>2026-05-06T12:34:39.998Z</time>
      </trkpt>
      <trkpt lat="49.623062" lon="14.465427">
        <ele>400.873983</ele>
        <time>2026-05-06T12:34:41.998Z</time>
      </trkpt>
      <trkpt lat="49.622995" lon="14.465281">
        <ele>401.009924</ele>
        <time>2026-05-06T12:34:44.000Z</time>
      </trkpt>
      <trkpt lat="49.622927" lon="14.465140">
        <ele>401.143481</ele>
        <time>2026-05-06T12:34:46.000Z</time>
      </trkpt>
      <trkpt lat="49.622862" lon="14.465014">
        <ele>401.265859</ele>
        <time>2026-05-06T12:34:48.000Z</time>
      </trkpt>
      <trkpt lat="49.622798" lon="14.464884">
        <ele>401.389916</ele>
        <time>2026-05-06T12:34:50.000Z</time>
      </trkpt>
      <trkpt lat="49.622736" lon="14.464760">
        <ele>401.508928</ele>
        <time>2026-05-06T12:34:52.000Z</time>
      </trkpt>
      <trkpt lat="49.622664" lon="14.464627">
        <ele>401.370098</ele>
        <time>2026-05-06T12:34:54.000Z</time>
      </trkpt>
      <trkpt lat="49.622584" lon="14.464509">
        <ele>401.113992</ele>
        <time>2026-05-06T12:34:56.000Z</time>
      </trkpt>
      <trkpt lat="49.622494" lon="14.464391">
        <ele>400.840684</ele>
        <time>2026-05-06T12:34:58.000Z</time>
      </trkpt>
      <trkpt lat="49.622402" lon="14.464276">
        <ele>400.566683</ele>
        <time>2026-05-06T12:35:00.000Z</time>
      </trkpt>
      <trkpt lat="49.622305" lon="14.464166">
        <ele>400.288098</ele>
        <time>2026-05-06T12:35:02.000Z</time>
      </trkpt>
      <trkpt lat="49.622205" lon="14.464063">
        <ele>400.009847</ele>
        <time>2026-05-06T12:35:04.000Z</time>
      </trkpt>
      <trkpt lat="49.622106" lon="14.463957">
        <ele>399.730980</ele>
        <time>2026-05-06T12:35:06.000Z</time>
      </trkpt>
      <trkpt lat="49.621997" lon="14.463855">
        <ele>399.435955</ele>
        <time>2026-05-06T12:35:08.000Z</time>
      </trkpt>
      <trkpt lat="49.621890" lon="14.463756">
        <ele>399.147216</ele>
        <time>2026-05-06T12:35:10.000Z</time>
      </trkpt>
      <trkpt lat="49.621782" lon="14.463653">
        <ele>398.853383</ele>
        <time>2026-05-06T12:35:11.999Z</time>
      </trkpt>
      <trkpt lat="49.621667" lon="14.463546">
        <ele>398.542594</ele>
        <time>2026-05-06T12:35:13.999Z</time>
      </trkpt>
      <trkpt lat="49.621527" lon="14.463421">
        <ele>398.168254</ele>
        <time>2026-05-06T12:35:15.999Z</time>
      </trkpt>
      <trkpt lat="49.621412" lon="14.463315">
        <ele>397.858236</ele>
        <time>2026-05-06T12:35:17.999Z</time>
      </trkpt>
      <trkpt lat="49.621278" lon="14.463190">
        <ele>397.495850</ele>
        <time>2026-05-06T12:35:19.999Z</time>
      </trkpt>
      <trkpt lat="49.621140" lon="14.463054">
        <ele>396.885261</ele>
        <time>2026-05-06T12:35:21.999Z</time>
      </trkpt>
      <trkpt lat="49.620993" lon="14.462913">
        <ele>396.140629</ele>
        <time>2026-05-06T12:35:23.999Z</time>
      </trkpt>
      <trkpt lat="49.620843" lon="14.462773">
        <ele>395.386449</ele>
        <time>2026-05-06T12:35:25.999Z</time>
      </trkpt>
      <trkpt lat="49.620765" lon="14.462702">
        <ele>394.996847</ele>
        <time>2026-05-06T12:35:26.999Z</time>
      </trkpt>
      <trkpt lat="49.620687" lon="14.462631">
        <ele>394.607245</ele>
        <time>2026-05-06T12:35:27.999Z</time>
      </trkpt>
      <trkpt lat="49.620528" lon="14.462484">
        <ele>393.809825</ele>
        <time>2026-05-06T12:35:29.999Z</time>
      </trkpt>
      <trkpt lat="49.620447" lon="14.462401">
        <ele>393.391522</ele>
        <time>2026-05-06T12:35:30.999Z</time>
      </trkpt>
      <trkpt lat="49.620366" lon="14.462324">
        <ele>392.982230</ele>
        <time>2026-05-06T12:35:31.999Z</time>
      </trkpt>
      <trkpt lat="49.620282" lon="14.462245">
        <ele>392.559020</ele>
        <time>2026-05-06T12:35:32.999Z</time>
      </trkpt>
      <trkpt lat="49.620199" lon="14.462167">
        <ele>392.140934</ele>
        <time>2026-05-06T12:35:33.999Z</time>
      </trkpt>
      <trkpt lat="49.620114" lon="14.462084">
        <ele>391.708187</ele>
        <time>2026-05-06T12:35:34.999Z</time>
      </trkpt>
      <trkpt lat="49.620025" lon="14.462000">
        <ele>391.259353</ele>
        <time>2026-05-06T12:35:35.999Z</time>
      </trkpt>
      <trkpt lat="49.619940" lon="14.461921">
        <ele>390.832462</ele>
        <time>2026-05-06T12:35:36.999Z</time>
      </trkpt>
      <trkpt lat="49.619855" lon="14.461844">
        <ele>390.408420</ele>
        <time>2026-05-06T12:35:37.999Z</time>
      </trkpt>
      <trkpt lat="49.619768" lon="14.461764">
        <ele>389.972714</ele>
        <time>2026-05-06T12:35:38.999Z</time>
      </trkpt>
      <trkpt lat="49.619680" lon="14.461679">
        <ele>389.501413</ele>
        <time>2026-05-06T12:35:39.999Z</time>
      </trkpt>
      <trkpt lat="49.619595" lon="14.461600">
        <ele>388.988124</ele>
        <time>2026-05-06T12:35:40.999Z</time>
      </trkpt>
      <trkpt lat="49.619506" lon="14.461519">
        <ele>388.453626</ele>
        <time>2026-05-06T12:35:41.999Z</time>
      </trkpt>
      <trkpt lat="49.619418" lon="14.461436">
        <ele>387.920114</ele>
        <time>2026-05-06T12:35:42.999Z</time>
      </trkpt>
      <trkpt lat="49.619331" lon="14.461352">
        <ele>387.389239</ele>
        <time>2026-05-06T12:35:43.999Z</time>
      </trkpt>
      <trkpt lat="49.619241" lon="14.461268">
        <ele>386.845144</ele>
        <time>2026-05-06T12:35:44.999Z</time>
      </trkpt>
      <trkpt lat="49.619157" lon="14.461187">
        <ele>386.332759</ele>
        <time>2026-05-06T12:35:45.999Z</time>
      </trkpt>
      <trkpt lat="49.619066" lon="14.461110">
        <ele>385.795893</ele>
        <time>2026-05-06T12:35:46.999Z</time>
      </trkpt>
      <trkpt lat="49.618979" lon="14.461038">
        <ele>385.285207</ele>
        <time>2026-05-06T12:35:47.999Z</time>
      </trkpt>
      <trkpt lat="49.618890" lon="14.460979">
        <ele>384.784117</ele>
        <time>2026-05-06T12:35:48.999Z</time>
      </trkpt>
      <trkpt lat="49.618799" lon="14.460932">
        <ele>384.287693</ele>
        <time>2026-05-06T12:35:49.999Z</time>
      </trkpt>
      <trkpt lat="49.618707" lon="14.460896">
        <ele>383.796695</ele>
        <time>2026-05-06T12:35:50.999Z</time>
      </trkpt>
      <trkpt lat="49.618617" lon="14.460871">
        <ele>383.323620</ele>
        <time>2026-05-06T12:35:51.999Z</time>
      </trkpt>
      <trkpt lat="49.618524" lon="14.460851">
        <ele>382.837858</ele>
        <time>2026-05-06T12:35:52.999Z</time>
      </trkpt>
      <trkpt lat="49.618428" lon="14.460836">
        <ele>382.338685</ele>
        <time>2026-05-06T12:35:53.999Z</time>
      </trkpt>
      <trkpt lat="49.618330" lon="14.460825">
        <ele>381.830365</ele>
        <time>2026-05-06T12:35:54.999Z</time>
      </trkpt>
      <trkpt lat="49.618238" lon="14.460811">
        <ele>381.352116</ele>
        <time>2026-05-06T12:35:55.999Z</time>
      </trkpt>
      <trkpt lat="49.618147" lon="14.460799">
        <ele>380.879633</ele>
        <time>2026-05-06T12:35:56.999Z</time>
      </trkpt>
      <trkpt lat="49.618055" lon="14.460790">
        <ele>380.402736</ele>
        <time>2026-05-06T12:35:57.999Z</time>
      </trkpt>
      <trkpt lat="49.617957" lon="14.460781">
        <ele>379.655947</ele>
        <time>2026-05-06T12:35:58.999Z</time>
      </trkpt>
      <trkpt lat="49.617865" lon="14.460767">
        <ele>378.922751</ele>
        <time>2026-05-06T12:35:59.999Z</time>
      </trkpt>
      <trkpt lat="49.617693" lon="14.460707">
        <ele>377.524203</ele>
        <time>2026-05-06T12:36:01.999Z</time>
      </trkpt>
      <trkpt lat="49.617538" lon="14.460595">
        <ele>376.166845</ele>
        <time>2026-05-06T12:36:03.999Z</time>
      </trkpt>
      <trkpt lat="49.617454" lon="14.460527">
        <ele>375.414565</ele>
        <time>2026-05-06T12:36:04.999Z</time>
      </trkpt>
      <trkpt lat="49.617375" lon="14.460458">
        <ele>374.694650</ele>
        <time>2026-05-06T12:36:05.999Z</time>
      </trkpt>
      <trkpt lat="49.617226" lon="14.460332">
        <ele>373.347182</ele>
        <time>2026-05-06T12:36:07.999Z</time>
      </trkpt>
      <trkpt lat="49.617080" lon="14.460207">
        <ele>372.023031</ele>
        <time>2026-05-06T12:36:09.999Z</time>
      </trkpt>
      <trkpt lat="49.616929" lon="14.460074">
        <ele>370.644160</ele>
        <time>2026-05-06T12:36:11.999Z</time>
      </trkpt>
      <trkpt lat="49.616798" lon="14.459959">
        <ele>369.448897</ele>
        <time>2026-05-06T12:36:13.999Z</time>
      </trkpt>
      <trkpt lat="49.616679" lon="14.459866">
        <ele>368.391011</ele>
        <time>2026-05-06T12:36:15.999Z</time>
      </trkpt>
      <trkpt lat="49.616543" lon="14.459810">
        <ele>367.274661</ele>
        <time>2026-05-06T12:36:17.999Z</time>
      </trkpt>
      <trkpt lat="49.616410" lon="14.459764">
        <ele>366.193670</ele>
        <time>2026-05-06T12:36:19.999Z</time>
      </trkpt>
      <trkpt lat="49.616267" lon="14.459717">
        <ele>365.657581</ele>
        <time>2026-05-06T12:36:21.998Z</time>
      </trkpt>
      <trkpt lat="49.616153" lon="14.459621">
        <ele>365.242854</ele>
        <time>2026-05-06T12:36:23.998Z</time>
      </trkpt>
      <trkpt lat="49.616134" lon="14.459330">
        <ele>364.637691</ele>
        <time>2026-05-06T12:36:26.998Z</time>
      </trkpt>
      <trkpt lat="49.616165" lon="14.459120">
        <ele>364.192041</ele>
        <time>2026-05-06T12:36:28.998Z</time>
      </trkpt>
      <trkpt lat="49.616192" lon="14.458962">
        <ele>363.853941</ele>
        <time>2026-05-06T12:36:30.998Z</time>
      </trkpt>
      <trkpt lat="49.616017" lon="14.458808">
        <ele>363.210613</ele>
        <time>2026-05-06T12:36:32.998Z</time>
      </trkpt>
      <trkpt lat="49.615880" lon="14.458800">
        <ele>362.772784</ele>
        <time>2026-05-06T12:36:34.998Z</time>
      </trkpt>
      <trkpt lat="49.615751" lon="14.458837">
        <ele>362.353763</ele>
        <time>2026-05-06T12:36:36.998Z</time>
      </trkpt>
      <trkpt lat="49.615618" lon="14.458845">
        <ele>361.928699</ele>
        <time>2026-05-06T12:36:38.998Z</time>
      </trkpt>
      <trkpt lat="49.615482" lon="14.458855">
        <ele>361.493884</ele>
        <time>2026-05-06T12:36:40.998Z</time>
      </trkpt>
      <trkpt lat="49.615348" lon="14.458867">
        <ele>361.065229</ele>
        <time>2026-05-06T12:36:42.998Z</time>
      </trkpt>
      <trkpt lat="49.615208" lon="14.458871">
        <ele>360.618056</ele>
        <time>2026-05-06T12:36:44.998Z</time>
      </trkpt>
      <trkpt lat="49.615068" lon="14.458883">
        <ele>360.599237</ele>
        <time>2026-05-06T12:36:46.998Z</time>
      </trkpt>
      <trkpt lat="49.614934" lon="14.458889">
        <ele>361.294028</ele>
        <time>2026-05-06T12:36:49.000Z</time>
      </trkpt>
      <trkpt lat="49.614807" lon="14.458894">
        <ele>361.952462</ele>
        <time>2026-05-06T12:36:51.000Z</time>
      </trkpt>
      <trkpt lat="49.614683" lon="14.458926">
        <ele>362.604055</ele>
        <time>2026-05-06T12:36:53.000Z</time>
      </trkpt>
      <trkpt lat="49.614559" lon="14.458950">
        <ele>363.251760</ele>
        <time>2026-05-06T12:36:55.000Z</time>
      </trkpt>
      <trkpt lat="49.614457" lon="14.458988">
        <ele>363.795592</ele>
        <time>2026-05-06T12:36:57.000Z</time>
      </trkpt>
      <trkpt lat="49.614369" lon="14.459030">
        <ele>364.272991</ele>
        <time>2026-05-06T12:36:59.000Z</time>
      </trkpt>
      <trkpt lat="49.614249" lon="14.459097">
        <ele>364.934377</ele>
        <time>2026-05-06T12:37:02.000Z</time>
      </trkpt>
      <trkpt lat="49.614153" lon="14.459181">
        <ele>365.506328</ele>
        <time>2026-05-06T12:37:05.000Z</time>
      </trkpt>
      <trkpt lat="49.614064" lon="14.459221">
        <ele>365.986760</ele>
        <time>2026-05-06T12:37:08.000Z</time>
      </trkpt>
      <trkpt lat="49.613963" lon="14.459271">
        <ele>366.536496</ele>
        <time>2026-05-06T12:37:12.000Z</time>
      </trkpt>
      <trkpt lat="49.613869" lon="14.459325">
        <ele>367.056337</ele>
        <time>2026-05-06T12:37:16.000Z</time>
      </trkpt>
      <trkpt lat="49.613771" lon="14.459390">
        <ele>367.609171</ele>
        <time>2026-05-06T12:37:20.999Z</time>
      </trkpt>
      <trkpt lat="49.613666" lon="14.459442">
        <ele>368.180699</ele>
        <time>2026-05-06T12:37:25.999Z</time>
      </trkpt>
      <trkpt lat="49.613569" lon="14.459478">
        <ele>368.697765</ele>
        <time>2026-05-06T12:37:30.999Z</time>
      </trkpt>
      <trkpt lat="49.613467" lon="14.459511">
        <ele>369.237905</ele>
        <time>2026-05-06T12:37:35.999Z</time>
      </trkpt>
      <trkpt lat="49.613365" lon="14.459523">
        <ele>369.814739</ele>
        <time>2026-05-06T12:37:40.999Z</time>
      </trkpt>
      <trkpt lat="49.613260" lon="14.459536">
        <ele>370.587669</ele>
        <time>2026-05-06T12:37:45.999Z</time>
      </trkpt>
      <trkpt lat="49.613161" lon="14.459522">
        <ele>371.317141</ele>
        <time>2026-05-06T12:37:50.999Z</time>
      </trkpt>
      <trkpt lat="49.613066" lon="14.459497">
        <ele>372.024280</ele>
        <time>2026-05-06T12:37:55.999Z</time>
      </trkpt>
      <trkpt lat="49.612971" lon="14.459461">
        <ele>372.742064</ele>
        <time>2026-05-06T12:38:00.999Z</time>
      </trkpt>
      <trkpt lat="49.612878" lon="14.459416">
        <ele>373.457220</ele>
        <time>2026-05-06T12:38:05.999Z</time>
      </trkpt>
      <trkpt lat="49.612788" lon="14.459365">
        <ele>374.160719</ele>
        <time>2026-05-06T12:38:10.999Z</time>
      </trkpt>
      <trkpt lat="49.612709" lon="14.459280">
        <ele>374.867361</ele>
        <time>2026-05-06T12:38:15.999Z</time>
      </trkpt>
      <trkpt lat="49.612627" lon="14.459221">
        <ele>375.531226</ele>
        <time>2026-05-06T12:38:20.999Z</time>
      </trkpt>
      <trkpt lat="49.612542" lon="14.459152">
        <ele>376.235943</ele>
        <time>2026-05-06T12:38:25.999Z</time>
      </trkpt>
      <trkpt lat="49.612458" lon="14.459083">
        <ele>376.934174</ele>
        <time>2026-05-06T12:38:30.999Z</time>
      </trkpt>
      <trkpt lat="49.612373" lon="14.459013">
        <ele>377.641117</ele>
        <time>2026-05-06T12:38:35.998Z</time>
      </trkpt>
      <trkpt lat="49.612290" lon="14.458944">
        <ele>378.332880</ele>
        <time>2026-05-06T12:38:40.998Z</time>
      </trkpt>
      <trkpt lat="49.612204" lon="14.458901">
        <ele>378.996211</ele>
        <time>2026-05-06T12:38:45.998Z</time>
      </trkpt>
      <trkpt lat="49.612111" lon="14.458827">
        <ele>379.763974</ele>
        <time>2026-05-06T12:38:51.998Z</time>
      </trkpt>
      <trkpt lat="49.612021" lon="14.458754">
        <ele>380.510017</ele>
        <time>2026-05-06T12:38:58.000Z</time>
      </trkpt>
      <trkpt lat="49.611939" lon="14.458689">
        <ele>381.186432</ele>
        <time>2026-05-06T12:39:03.000Z</time>
      </trkpt>
      <trkpt lat="49.611860" lon="14.458617">
        <ele>381.859641</ele>
        <time>2026-05-06T12:39:08.000Z</time>
      </trkpt>
      <trkpt lat="49.611777" lon="14.458534">
        <ele>382.585343</ele>
        <time>2026-05-06T12:39:13.000Z</time>
      </trkpt>
      <trkpt lat="49.611689" lon="14.458442">
        <ele>383.106304</ele>
        <time>2026-05-06T12:39:19.000Z</time>
      </trkpt>
      <trkpt lat="49.611605" lon="14.458359">
        <ele>383.467671</ele>
        <time>2026-05-06T12:39:23.999Z</time>
      </trkpt>
      <trkpt lat="49.611524" lon="14.458270">
        <ele>383.827915</ele>
        <time>2026-05-06T12:39:28.999Z</time>
      </trkpt>
      <trkpt lat="49.611448" lon="14.458176">
        <ele>384.180782</ele>
        <time>2026-05-06T12:39:33.999Z</time>
      </trkpt>
      <trkpt lat="49.611369" lon="14.458076">
        <ele>384.550962</ele>
        <time>2026-05-06T12:39:38.999Z</time>
      </trkpt>
      <trkpt lat="49.611303" lon="14.457979">
        <ele>384.881165</ele>
        <time>2026-05-06T12:39:43.999Z</time>
      </trkpt>
      <trkpt lat="49.611234" lon="14.457883">
        <ele>385.217745</ele>
        <time>2026-05-06T12:39:48.999Z</time>
      </trkpt>
      <trkpt lat="49.611166" lon="14.457776">
        <ele>385.569590</ele>
        <time>2026-05-06T12:39:53.999Z</time>
      </trkpt>
      <trkpt lat="49.611087" lon="14.457661">
        <ele>385.963048</ele>
        <time>2026-05-06T12:39:58.999Z</time>
      </trkpt>
      <trkpt lat="49.611004" lon="14.457539">
        <ele>386.378328</ele>
        <time>2026-05-06T12:40:03.999Z</time>
      </trkpt>
      <trkpt lat="49.610936" lon="14.457426">
        <ele>386.740365</ele>
        <time>2026-05-06T12:40:07.999Z</time>
      </trkpt>
      <trkpt lat="49.610867" lon="14.457307">
        <ele>387.115252</ele>
        <time>2026-05-06T12:40:11.999Z</time>
      </trkpt>
      <trkpt lat="49.610790" lon="14.457185">
        <ele>387.515074</ele>
        <time>2026-05-06T12:40:15.999Z</time>
      </trkpt>
      <trkpt lat="49.610713" lon="14.457055">
        <ele>387.928557</ele>
        <time>2026-05-06T12:40:19.999Z</time>
      </trkpt>
      <trkpt lat="49.610631" lon="14.456974">
        <ele>388.281292</ele>
        <time>2026-05-06T12:40:22.999Z</time>
      </trkpt>
      <trkpt lat="49.610558" lon="14.456835">
        <ele>388.701336</ele>
        <time>2026-05-06T12:40:25.999Z</time>
      </trkpt>
      <trkpt lat="49.610464" lon="14.456725">
        <ele>389.128738</ele>
        <time>2026-05-06T12:40:28.999Z</time>
      </trkpt>
      <trkpt lat="49.610366" lon="14.456616">
        <ele>389.531562</ele>
        <time>2026-05-06T12:40:31.998Z</time>
      </trkpt>
      <trkpt lat="49.610263" lon="14.456548">
        <ele>389.865358</ele>
        <time>2026-05-06T12:40:34.998Z</time>
      </trkpt>
      <trkpt lat="49.610158" lon="14.456506">
        <ele>390.188549</ele>
        <time>2026-05-06T12:40:37.998Z</time>
      </trkpt>
      <trkpt lat="49.610061" lon="14.456452">
        <ele>390.495794</ele>
        <time>2026-05-06T12:40:40.998Z</time>
      </trkpt>
      <trkpt lat="49.609963" lon="14.456388">
        <ele>390.812858</ele>
        <time>2026-05-06T12:40:43.998Z</time>
      </trkpt>
      <trkpt lat="49.609870" lon="14.456338">
        <ele>391.106290</ele>
        <time>2026-05-06T12:40:46.998Z</time>
      </trkpt>
      <trkpt lat="49.609767" lon="14.456264">
        <ele>391.444810</ele>
        <time>2026-05-06T12:40:50.998Z</time>
      </trkpt>
      <trkpt lat="49.609666" lon="14.456167">
        <ele>391.799261</ele>
        <time>2026-05-06T12:40:54.998Z</time>
      </trkpt>
      <trkpt lat="49.609573" lon="14.456093">
        <ele>392.111023</ele>
        <time>2026-05-06T12:40:57.998Z</time>
      </trkpt>
      <trkpt lat="49.609475" lon="14.456033">
        <ele>392.425159</ele>
        <time>2026-05-06T12:41:01.000Z</time>
      </trkpt>
      <trkpt lat="49.609366" lon="14.455999">
        <ele>392.756497</ele>
        <time>2026-05-06T12:41:04.000Z</time>
      </trkpt>
      <trkpt lat="49.609266" lon="14.455952">
        <ele>393.067964</ele>
        <time>2026-05-06T12:41:07.000Z</time>
      </trkpt>
      <trkpt lat="49.609176" lon="14.455910">
        <ele>393.348115</ele>
        <time>2026-05-06T12:41:10.000Z</time>
      </trkpt>
      <trkpt lat="49.608917" lon="14.455801">
        <ele>394.147999</ele>
        <time>2026-05-06T12:46:22.999Z</time>
      </trkpt>
      <trkpt lat="49.608806" lon="14.455735">
        <ele>394.502428</ele>
        <time>2026-05-06T12:46:26.999Z</time>
      </trkpt>
      <trkpt lat="49.608722" lon="14.455674">
        <ele>394.738002</ele>
        <time>2026-05-06T12:46:29.999Z</time>
      </trkpt>
      <trkpt lat="49.608622" lon="14.455598">
        <ele>394.795580</ele>
        <time>2026-05-06T12:46:33.999Z</time>
      </trkpt>
      <trkpt lat="49.608535" lon="14.455757">
        <ele>394.865237</ele>
        <time>2026-05-06T12:46:36.999Z</time>
      </trkpt>
      <trkpt lat="49.608454" lon="14.455853">
        <ele>394.917992</ele>
        <time>2026-05-06T12:46:39.999Z</time>
      </trkpt>
      <trkpt lat="49.608468" lon="14.455465">
        <ele>395.048067</ele>
        <time>2026-05-06T12:46:40.999Z</time>
      </trkpt>
      <trkpt lat="49.608407" lon="14.455350">
        <ele>395.097812</ele>
        <time>2026-05-06T12:46:44.999Z</time>
      </trkpt>
      <trkpt lat="49.608271" lon="14.455402">
        <ele>395.170186</ele>
        <time>2026-05-06T12:46:45.999Z</time>
      </trkpt>
      <trkpt lat="49.608172" lon="14.455451">
        <ele>395.223890</ele>
        <time>2026-05-06T12:46:48.999Z</time>
      </trkpt>
      <trkpt lat="49.608078" lon="14.455378">
        <ele>395.278247</ele>
        <time>2026-05-06T12:46:51.998Z</time>
      </trkpt>
      <trkpt lat="49.607957" lon="14.455366">
        <ele>395.340877</ele>
        <time>2026-05-06T12:46:55.998Z</time>
      </trkpt>
      <trkpt lat="49.607852" lon="14.455365">
        <ele>395.395116</ele>
        <time>2026-05-06T12:46:58.998Z</time>
      </trkpt>
      <trkpt lat="49.607720" lon="14.455376">
        <ele>395.463399</ele>
        <time>2026-05-06T12:47:03.998Z</time>
      </trkpt>
      <trkpt lat="49.607618" lon="14.455380">
        <ele>395.516103</ele>
        <time>2026-05-06T12:47:06.998Z</time>
      </trkpt>
      <trkpt lat="49.607490" lon="14.455360">
        <ele>395.582559</ele>
        <time>2026-05-06T12:47:10.998Z</time>
      </trkpt>
      <trkpt lat="49.607386" lon="14.455397">
        <ele>395.637689</ele>
        <time>2026-05-06T12:47:13.998Z</time>
      </trkpt>
      <trkpt lat="49.607285" lon="14.455370">
        <ele>395.912171</ele>
        <time>2026-05-06T12:47:16.998Z</time>
      </trkpt>
      <trkpt lat="49.607182" lon="14.455370">
        <ele>396.331843</ele>
        <time>2026-05-06T12:47:20.000Z</time>
      </trkpt>
      <trkpt lat="49.607086" lon="14.455369">
        <ele>396.723003</ele>
        <time>2026-05-06T12:47:23.000Z</time>
      </trkpt>
      <trkpt lat="49.606997" lon="14.455341">
        <ele>397.093092</ele>
        <time>2026-05-06T12:47:26.000Z</time>
      </trkpt>
      <trkpt lat="49.606899" lon="14.455321">
        <ele>397.495868</ele>
        <time>2026-05-06T12:47:29.000Z</time>
      </trkpt>
      <trkpt lat="49.606794" lon="14.455270">
        <ele>397.944382</ele>
        <time>2026-05-06T12:47:32.000Z</time>
      </trkpt>
      <trkpt lat="49.606693" lon="14.455229">
        <ele>398.369906</ele>
        <time>2026-05-06T12:47:36.000Z</time>
      </trkpt>
      <trkpt lat="49.606586" lon="14.455187">
        <ele>398.819759</ele>
        <time>2026-05-06T12:47:40.000Z</time>
      </trkpt>
      <trkpt lat="49.606473" lon="14.455143">
        <ele>399.294607</ele>
        <time>2026-05-06T12:47:44.999Z</time>
      </trkpt>
      <trkpt lat="49.606383" lon="14.455110">
        <ele>399.671521</ele>
        <time>2026-05-06T12:47:48.999Z</time>
      </trkpt>
      <trkpt lat="49.606287" lon="14.455082">
        <ele>400.069598</ele>
        <time>2026-05-06T12:47:52.999Z</time>
      </trkpt>
      <trkpt lat="49.606189" lon="14.455069">
        <ele>400.470370</ele>
        <time>2026-05-06T12:47:56.999Z</time>
      </trkpt>
      <trkpt lat="49.606098" lon="14.455065">
        <ele>400.841299</ele>
        <time>2026-05-06T12:48:00.999Z</time>
      </trkpt>
      <trkpt lat="49.606001" lon="14.455084">
        <ele>401.239695</ele>
        <time>2026-05-06T12:48:04.999Z</time>
      </trkpt>
      <trkpt lat="49.605904" lon="14.455075">
        <ele>401.635634</ele>
        <time>2026-05-06T12:48:09.999Z</time>
      </trkpt>
      <trkpt lat="49.605812" lon="14.455081">
        <ele>402.010822</ele>
        <time>2026-05-06T12:48:14.999Z</time>
      </trkpt>
      <trkpt lat="49.605723" lon="14.455113">
        <ele>402.383165</ele>
        <time>2026-05-06T12:48:17.999Z</time>
      </trkpt>
      <trkpt lat="49.605624" lon="14.455107">
        <ele>402.786850</ele>
        <time>2026-05-06T12:48:21.999Z</time>
      </trkpt>
      <trkpt lat="49.605520" lon="14.455132">
        <ele>403.219936</ele>
        <time>2026-05-06T12:48:25.999Z</time>
      </trkpt>
      <trkpt lat="49.605408" lon="14.455153">
        <ele>403.688136</ele>
        <time>2026-05-06T12:48:30.999Z</time>
      </trkpt>
      <trkpt lat="49.605314" lon="14.455184">
        <ele>404.087030</ele>
        <time>2026-05-06T12:48:34.999Z</time>
      </trkpt>
      <trkpt lat="49.605218" lon="14.455206">
        <ele>404.489783</ele>
        <time>2026-05-06T12:48:38.999Z</time>
      </trkpt>
      <trkpt lat="49.605124" lon="14.455230">
        <ele>404.885171</ele>
        <time>2026-05-06T12:48:42.999Z</time>
      </trkpt>
      <trkpt lat="49.605025" lon="14.455239">
        <ele>405.296716</ele>
        <time>2026-05-06T12:48:46.999Z</time>
      </trkpt>
      <trkpt lat="49.604926" lon="14.455265">
        <ele>405.713458</ele>
        <time>2026-05-06T12:48:50.999Z</time>
      </trkpt>
      <trkpt lat="49.604831" lon="14.455289">
        <ele>406.112940</ele>
        <time>2026-05-06T12:48:54.998Z</time>
      </trkpt>
      <trkpt lat="49.604739" lon="14.455322">
        <ele>406.504904</ele>
        <time>2026-05-06T12:48:58.998Z</time>
      </trkpt>
      <trkpt lat="49.604644" lon="14.455341">
        <ele>406.902436</ele>
        <time>2026-05-06T12:49:02.998Z</time>
      </trkpt>
      <trkpt lat="49.604551" lon="14.455370">
        <ele>407.296172</ele>
        <time>2026-05-06T12:49:06.998Z</time>
      </trkpt>
      <trkpt lat="49.604457" lon="14.455406">
        <ele>407.698091</ele>
        <time>2026-05-06T12:49:10.998Z</time>
      </trkpt>
      <trkpt lat="49.604358" lon="14.455439">
        <ele>408.118401</ele>
        <time>2026-05-06T12:49:14.998Z</time>
      </trkpt>
      <trkpt lat="49.604267" lon="14.455479">
        <ele>408.511059</ele>
        <time>2026-05-06T12:49:18.998Z</time>
      </trkpt>
      <trkpt lat="49.604173" lon="14.455530">
        <ele>408.924553</ele>
        <time>2026-05-06T12:49:22.998Z</time>
      </trkpt>
      <trkpt lat="49.604081" lon="14.455567">
        <ele>409.319092</ele>
        <time>2026-05-06T12:49:27.000Z</time>
      </trkpt>
      <trkpt lat="49.603993" lon="14.455614">
        <ele>409.705534</ele>
        <time>2026-05-06T12:49:31.000Z</time>
      </trkpt>
      <trkpt lat="49.603902" lon="14.455667">
        <ele>410.109173</ele>
        <time>2026-05-06T12:49:35.000Z</time>
      </trkpt>
      <trkpt lat="49.603810" lon="14.455714">
        <ele>410.488218</ele>
        <time>2026-05-06T12:49:39.000Z</time>
      </trkpt>
      <trkpt lat="49.603720" lon="14.455754">
        <ele>410.727731</ele>
        <time>2026-05-06T12:49:43.000Z</time>
      </trkpt>
      <trkpt lat="49.603630" lon="14.455805">
        <ele>410.972917</ele>
        <time>2026-05-06T12:49:47.000Z</time>
      </trkpt>
      <trkpt lat="49.603537" lon="14.455847">
        <ele>411.220723</ele>
        <time>2026-05-06T12:49:50.999Z</time>
      </trkpt>
      <trkpt lat="49.603442" lon="14.455895">
        <ele>411.476358</ele>
        <time>2026-05-06T12:49:54.999Z</time>
      </trkpt>
      <trkpt lat="49.603342" lon="14.455953">
        <ele>411.749557</ele>
        <time>2026-05-06T12:49:58.999Z</time>
      </trkpt>
      <trkpt lat="49.603236" lon="14.455989">
        <ele>412.027119</ele>
        <time>2026-05-06T12:50:02.999Z</time>
      </trkpt>
      <trkpt lat="49.603125" lon="14.456048">
        <ele>412.327348</ele>
        <time>2026-05-06T12:50:06.999Z</time>
      </trkpt>
      <trkpt lat="49.603039" lon="14.456093">
        <ele>412.559577</ele>
        <time>2026-05-06T12:50:09.999Z</time>
      </trkpt>
      <trkpt lat="49.602950" lon="14.456149">
        <ele>412.805372</ele>
        <time>2026-05-06T12:50:12.999Z</time>
      </trkpt>
      <trkpt lat="49.602862" lon="14.456191">
        <ele>413.040933</ele>
        <time>2026-05-06T12:50:15.999Z</time>
      </trkpt>
      <trkpt lat="49.602749" lon="14.456250">
        <ele>413.346003</ele>
        <time>2026-05-06T12:50:19.999Z</time>
      </trkpt>
      <trkpt lat="49.602660" lon="14.456298">
        <ele>413.587105</ele>
        <time>2026-05-06T12:50:22.999Z</time>
      </trkpt>
      <trkpt lat="49.602571" lon="14.456344">
        <ele>413.827133</ele>
        <time>2026-05-06T12:50:25.999Z</time>
      </trkpt>
      <trkpt lat="49.602482" lon="14.456387">
        <ele>414.065629</ele>
        <time>2026-05-06T12:50:28.999Z</time>
      </trkpt>
      <trkpt lat="49.602392" lon="14.456413">
        <ele>414.299785</ele>
        <time>2026-05-06T12:50:31.999Z</time>
      </trkpt>
      <trkpt lat="49.602302" lon="14.456454">
        <ele>414.539763</ele>
        <time>2026-05-06T12:50:34.999Z</time>
      </trkpt>
      <trkpt lat="49.602213" lon="14.456503">
        <ele>414.781417</ele>
        <time>2026-05-06T12:50:37.999Z</time>
      </trkpt>
      <trkpt lat="49.602126" lon="14.456550">
        <ele>415.017144</ele>
        <time>2026-05-06T12:50:40.999Z</time>
      </trkpt>
      <trkpt lat="49.602039" lon="14.456600">
        <ele>415.373220</ele>
        <time>2026-05-06T12:50:43.999Z</time>
      </trkpt>
      <trkpt lat="49.601953" lon="14.456646">
        <ele>415.741507</ele>
        <time>2026-05-06T12:50:46.999Z</time>
      </trkpt>
      <trkpt lat="49.601864" lon="14.456690">
        <ele>416.119650</ele>
        <time>2026-05-06T12:50:49.999Z</time>
      </trkpt>
      <trkpt lat="49.601772" lon="14.456738">
        <ele>416.512604</ele>
        <time>2026-05-06T12:50:52.999Z</time>
      </trkpt>
      <trkpt lat="49.601684" lon="14.456788">
        <ele>416.892042</ele>
        <time>2026-05-06T12:50:55.999Z</time>
      </trkpt>
      <trkpt lat="49.601577" lon="14.456853">
        <ele>417.357330</ele>
        <time>2026-05-06T12:50:59.999Z</time>
      </trkpt>
      <trkpt lat="49.601468" lon="14.456925">
        <ele>417.837079</ele>
        <time>2026-05-06T12:51:03.998Z</time>
      </trkpt>
      <trkpt lat="49.601385" lon="14.456982">
        <ele>418.204674</ele>
        <time>2026-05-06T12:51:06.998Z</time>
      </trkpt>
      <trkpt lat="49.601293" lon="14.457010">
        <ele>418.584096</ele>
        <time>2026-05-06T12:51:09.998Z</time>
      </trkpt>
      <trkpt lat="49.601193" lon="14.457108">
        <ele>419.063429</ele>
        <time>2026-05-06T12:51:13.998Z</time>
      </trkpt>
      <trkpt lat="49.601090" lon="14.457179">
        <ele>419.519885</ele>
        <time>2026-05-06T12:51:17.998Z</time>
      </trkpt>
      <trkpt lat="49.600998" lon="14.457257">
        <ele>419.944629</ele>
        <time>2026-05-06T12:51:21.998Z</time>
      </trkpt>
      <trkpt lat="49.600905" lon="14.457336">
        <ele>420.374182</ele>
        <time>2026-05-06T12:51:25.998Z</time>
      </trkpt>
      <trkpt lat="49.600814" lon="14.457402">
        <ele>420.781035</ele>
        <time>2026-05-06T12:51:29.998Z</time>
      </trkpt>
      <trkpt lat="49.600741" lon="14.457526">
        <ele>421.220333</ele>
        <time>2026-05-06T12:51:34.000Z</time>
      </trkpt>
      <trkpt lat="49.600669" lon="14.457610">
        <ele>421.585563</ele>
        <time>2026-05-06T12:51:37.000Z</time>
      </trkpt>
      <trkpt lat="49.600596" lon="14.457699">
        <ele>421.962015</ele>
        <time>2026-05-06T12:51:40.000Z</time>
      </trkpt>
      <trkpt lat="49.600523" lon="14.457793">
        <ele>422.340025</ele>
        <time>2026-05-06T12:51:43.000Z</time>
      </trkpt>
      <trkpt lat="49.600439" lon="14.457883">
        <ele>422.602418</ele>
        <time>2026-05-06T12:51:46.000Z</time>
      </trkpt>
      <trkpt lat="49.600364" lon="14.457978">
        <ele>422.851392</ele>
        <time>2026-05-06T12:51:49.000Z</time>
      </trkpt>
      <trkpt lat="49.600286" lon="14.458062">
        <ele>423.095450</ele>
        <time>2026-05-06T12:51:52.000Z</time>
      </trkpt>
      <trkpt lat="49.600209" lon="14.458160">
        <ele>423.351556</ele>
        <time>2026-05-06T12:51:55.999Z</time>
      </trkpt>
      <trkpt lat="49.600121" lon="14.458243">
        <ele>423.616190</ele>
        <time>2026-05-06T12:52:00.999Z</time>
      </trkpt>
      <trkpt lat="49.600043" lon="14.458353">
        <ele>423.887323</ele>
        <time>2026-05-06T12:52:05.999Z</time>
      </trkpt>
      <trkpt lat="49.599961" lon="14.458419">
        <ele>424.124623</ele>
        <time>2026-05-06T12:52:09.999Z</time>
      </trkpt>
      <trkpt lat="49.599871" lon="14.458513">
        <ele>424.403476</ele>
        <time>2026-05-06T12:52:13.999Z</time>
      </trkpt>
      <trkpt lat="49.599779" lon="14.458591">
        <ele>424.672818</ele>
        <time>2026-05-06T12:52:17.999Z</time>
      </trkpt>
      <trkpt lat="49.599681" lon="14.458675">
        <ele>424.960461</ele>
        <time>2026-05-06T12:52:21.999Z</time>
      </trkpt>
      <trkpt lat="49.599577" lon="14.458758">
        <ele>425.260886</ele>
        <time>2026-05-06T12:52:25.999Z</time>
      </trkpt>
      <trkpt lat="49.599477" lon="14.458825">
        <ele>425.540611</ele>
        <time>2026-05-06T12:52:29.999Z</time>
      </trkpt>
      <trkpt lat="49.599396" lon="14.458892">
        <ele>425.776422</ele>
        <time>2026-05-06T12:52:33.999Z</time>
      </trkpt>
      <trkpt lat="49.599297" lon="14.458952">
        <ele>426.049328</ele>
        <time>2026-05-06T12:52:36.999Z</time>
      </trkpt>
      <trkpt lat="49.599208" lon="14.459004">
        <ele>426.293508</ele>
        <time>2026-05-06T12:52:39.999Z</time>
      </trkpt>
      <trkpt lat="49.599120" lon="14.459057">
        <ele>426.535889</ele>
        <time>2026-05-06T12:52:42.999Z</time>
      </trkpt>
      <trkpt lat="49.599034" lon="14.459111">
        <ele>426.774120</ele>
        <time>2026-05-06T12:52:45.999Z</time>
      </trkpt>
      <trkpt lat="49.598922" lon="14.459174">
        <ele>427.163050</ele>
        <time>2026-05-06T12:52:49.999Z</time>
      </trkpt>
      <trkpt lat="49.598834" lon="14.459225">
        <ele>427.550832</ele>
        <time>2026-05-06T12:52:52.999Z</time>
      </trkpt>
      <trkpt lat="49.598731" lon="14.459297">
        <ele>428.017302</ele>
        <time>2026-05-06T12:52:56.999Z</time>
      </trkpt>
      <trkpt lat="49.598632" lon="14.459379">
        <ele>428.480825</ele>
        <time>2026-05-06T12:53:00.999Z</time>
      </trkpt>
      <trkpt lat="49.598539" lon="14.459477">
        <ele>428.945408</ele>
        <time>2026-05-06T12:53:04.999Z</time>
      </trkpt>
      <trkpt lat="49.598450" lon="14.459586">
        <ele>429.414159</ele>
        <time>2026-05-06T12:53:08.998Z</time>
      </trkpt>
      <trkpt lat="49.598357" lon="14.459691">
        <ele>429.889550</ele>
        <time>2026-05-06T12:53:12.998Z</time>
      </trkpt>
      <trkpt lat="49.598271" lon="14.459799">
        <ele>430.346981</ele>
        <time>2026-05-06T12:53:16.998Z</time>
      </trkpt>
      <trkpt lat="49.598178" lon="14.459890">
        <ele>430.801273</ele>
        <time>2026-05-06T12:53:20.998Z</time>
      </trkpt>
      <trkpt lat="49.598080" lon="14.459980">
        <ele>431.271739</ele>
        <time>2026-05-06T12:53:24.998Z</time>
      </trkpt>
      <trkpt lat="49.597989" lon="14.460060">
        <ele>431.703795</ele>
        <time>2026-05-06T12:53:28.998Z</time>
      </trkpt>
      <trkpt lat="49.597898" lon="14.460127">
        <ele>432.119741</ele>
        <time>2026-05-06T12:53:32.998Z</time>
      </trkpt>
      <trkpt lat="49.597810" lon="14.460204">
        <ele>432.537074</ele>
        <time>2026-05-06T12:53:37.000Z</time>
      </trkpt>
      <trkpt lat="49.597717" lon="14.460295">
        <ele>432.991368</ele>
        <time>2026-05-06T12:53:42.000Z</time>
      </trkpt>
      <trkpt lat="49.597628" lon="14.460378">
        <ele>433.420369</ele>
        <time>2026-05-06T12:53:47.000Z</time>
      </trkpt>
      <trkpt lat="49.597542" lon="14.460467">
        <ele>433.847554</ele>
        <time>2026-05-06T12:53:52.000Z</time>
      </trkpt>
      <trkpt lat="49.597473" lon="14.460557">
        <ele>434.220281</ele>
        <time>2026-05-06T12:53:56.000Z</time>
      </trkpt>
      <trkpt lat="49.597401" lon="14.460648">
        <ele>434.640802</ele>
        <time>2026-05-06T12:54:00.000Z</time>
      </trkpt>
      <trkpt lat="49.597331" lon="14.460753">
        <ele>435.104621</ele>
        <time>2026-05-06T12:54:03.999Z</time>
      </trkpt>
      <trkpt lat="49.597254" lon="14.460865">
        <ele>435.607368</ele>
        <time>2026-05-06T12:54:07.999Z</time>
      </trkpt>
      <trkpt lat="49.597164" lon="14.460978">
        <ele>436.158629</ele>
        <time>2026-05-06T12:54:11.999Z</time>
      </trkpt>
      <trkpt lat="49.597078" lon="14.461071">
        <ele>436.657562</ele>
        <time>2026-05-06T12:54:15.999Z</time>
      </trkpt>
      <trkpt lat="49.596992" lon="14.461146">
        <ele>437.126882</ele>
        <time>2026-05-06T12:54:19.999Z</time>
      </trkpt>
      <trkpt lat="49.596901" lon="14.461208">
        <ele>437.599480</ele>
        <time>2026-05-06T12:54:23.999Z</time>
      </trkpt>
      <trkpt lat="49.596802" lon="14.461267">
        <ele>438.103676</ele>
        <time>2026-05-06T12:54:28.999Z</time>
      </trkpt>
      <trkpt lat="49.596707" lon="14.461312">
        <ele>438.575792</ele>
        <time>2026-05-06T12:54:33.999Z</time>
      </trkpt>
      <trkpt lat="49.596609" lon="14.461357">
        <ele>439.061550</ele>
        <time>2026-05-06T12:54:38.999Z</time>
      </trkpt>
      <trkpt lat="49.596508" lon="14.461387">
        <ele>439.550190</ele>
        <time>2026-05-06T12:54:43.999Z</time>
      </trkpt>
      <trkpt lat="49.596406" lon="14.461413">
        <ele>440.041338</ele>
        <time>2026-05-06T12:54:48.999Z</time>
      </trkpt>
      <trkpt lat="49.596301" lon="14.461442">
        <ele>440.548099</ele>
        <time>2026-05-06T12:54:53.999Z</time>
      </trkpt>
      <trkpt lat="49.596205" lon="14.461470">
        <ele>441.012251</ele>
        <time>2026-05-06T12:54:57.999Z</time>
      </trkpt>
      <trkpt lat="49.596104" lon="14.461504">
        <ele>441.503368</ele>
        <time>2026-05-06T12:55:01.999Z</time>
      </trkpt>
      <trkpt lat="49.596013" lon="14.461547">
        <ele>441.955511</ele>
        <time>2026-05-06T12:55:05.999Z</time>
      </trkpt>
      <trkpt lat="49.595921" lon="14.461592">
        <ele>442.414022</ele>
        <time>2026-05-06T12:55:09.999Z</time>
      </trkpt>
      <trkpt lat="49.595832" lon="14.461637">
        <ele>442.858969</ele>
        <time>2026-05-06T12:55:13.999Z</time>
      </trkpt>
      <trkpt lat="49.595746" lon="14.461686">
        <ele>443.370292</ele>
        <time>2026-05-06T12:55:17.999Z</time>
      </trkpt>
      <trkpt lat="49.595642" lon="14.461751">
        <ele>444.007907</ele>
        <time>2026-05-06T12:55:22.998Z</time>
      </trkpt>
      <trkpt lat="49.595540" lon="14.461813">
        <ele>444.630869</ele>
        <time>2026-05-06T12:55:27.998Z</time>
      </trkpt>
      <trkpt lat="49.595454" lon="14.461862">
        <ele>445.151812</ele>
        <time>2026-05-06T12:55:31.998Z</time>
      </trkpt>
      <trkpt lat="49.595354" lon="14.461925">
        <ele>445.765597</ele>
        <time>2026-05-06T12:55:36.998Z</time>
      </trkpt>
      <trkpt lat="49.595253" lon="14.461989">
        <ele>446.386038</ele>
        <time>2026-05-06T12:55:41.998Z</time>
      </trkpt>
      <trkpt lat="49.595163" lon="14.462034">
        <ele>446.923636</ele>
        <time>2026-05-06T12:55:47.000Z</time>
      </trkpt>
      <trkpt lat="49.595076" lon="14.462103">
        <ele>447.479499</ele>
        <time>2026-05-06T12:55:52.000Z</time>
      </trkpt>
      <trkpt lat="49.594986" lon="14.462156">
        <ele>448.026900</ele>
        <time>2026-05-06T12:55:57.000Z</time>
      </trkpt>
      <trkpt lat="49.594909" lon="14.462243">
        <ele>448.569232</ele>
        <time>2026-05-06T12:56:02.000Z</time>
      </trkpt>
      <trkpt lat="49.594826" lon="14.462313">
        <ele>449.106738</ele>
        <time>2026-05-06T12:56:07.000Z</time>
      </trkpt>
      <trkpt lat="49.594744" lon="14.462403">
        <ele>449.678575</ele>
        <time>2026-05-06T12:56:11.999Z</time>
      </trkpt>
      <trkpt lat="49.594658" lon="14.462502">
        <ele>450.288307</ele>
        <time>2026-05-06T12:56:16.999Z</time>
      </trkpt>
      <trkpt lat="49.594570" lon="14.462599">
        <ele>450.902873</ele>
        <time>2026-05-06T12:56:21.999Z</time>
      </trkpt>
      <trkpt lat="49.594495" lon="14.462690">
        <ele>451.445062</ele>
        <time>2026-05-06T12:56:26.999Z</time>
      </trkpt>
      <trkpt lat="49.594423" lon="14.462791">
        <ele>451.998033</ele>
        <time>2026-05-06T12:56:30.999Z</time>
      </trkpt>
      <trkpt lat="49.594344" lon="14.462880">
        <ele>452.553888</ele>
        <time>2026-05-06T12:56:34.999Z</time>
      </trkpt>
      <trkpt lat="49.594267" lon="14.463000">
        <ele>453.130423</ele>
        <time>2026-05-06T12:56:39.999Z</time>
      </trkpt>
      <trkpt lat="49.594205" lon="14.463106">
        <ele>453.151493</ele>
        <time>2026-05-06T12:56:43.999Z</time>
      </trkpt>
      <trkpt lat="49.594142" lon="14.463212">
        <ele>453.172716</ele>
        <time>2026-05-06T12:56:47.999Z</time>
      </trkpt>
      <trkpt lat="49.594080" lon="14.463315">
        <ele>453.193459</ele>
        <time>2026-05-06T12:56:51.999Z</time>
      </trkpt>
      <trkpt lat="49.594000" lon="14.463432">
        <ele>453.218555</ele>
        <time>2026-05-06T12:56:56.999Z</time>
      </trkpt>
      <trkpt lat="49.593923" lon="14.463516">
        <ele>453.240025</ele>
        <time>2026-05-06T12:56:59.999Z</time>
      </trkpt>
      <trkpt lat="49.593833" lon="14.463569">
        <ele>453.261957</ele>
        <time>2026-05-06T12:57:04.999Z</time>
      </trkpt>
      <trkpt lat="49.593748" lon="14.463617">
        <ele>453.282564</ele>
        <time>2026-05-06T12:57:08.999Z</time>
      </trkpt>
      <trkpt lat="49.593672" lon="14.463701">
        <ele>453.303849</ele>
        <time>2026-05-06T12:57:24.999Z</time>
      </trkpt>
      <trkpt lat="49.593297" lon="14.463791">
        <ele>453.390250</ele>
        <time>2026-05-06T13:04:48.999Z</time>
      </trkpt>
      <trkpt lat="49.593182" lon="14.463812">
        <ele>453.416614</ele>
        <time>2026-05-06T13:04:51.999Z</time>
      </trkpt>
      <trkpt lat="49.593053" lon="14.463819">
        <ele>453.446001</ele>
        <time>2026-05-06T13:04:54.999Z</time>
      </trkpt>
      <trkpt lat="49.592926" lon="14.463820">
        <ele>453.474915</ele>
        <time>2026-05-06T13:04:57.999Z</time>
      </trkpt>
      <trkpt lat="49.592828" lon="14.463800">
        <ele>453.497420</ele>
        <time>2026-05-06T13:04:59.999Z</time>
      </trkpt>
      <trkpt lat="49.592737" lon="14.463780">
        <ele>453.518347</ele>
        <time>2026-05-06T13:05:01.999Z</time>
      </trkpt>
      <trkpt lat="49.592638" lon="14.463762">
        <ele>453.510255</ele>
        <time>2026-05-06T13:05:03.999Z</time>
      </trkpt>
      <trkpt lat="49.592545" lon="14.463726">
        <ele>453.310016</ele>
        <time>2026-05-06T13:05:05.999Z</time>
      </trkpt>
      <trkpt lat="49.592416" lon="14.463635">
        <ele>453.013787</ele>
        <time>2026-05-06T13:05:07.999Z</time>
      </trkpt>
      <trkpt lat="49.592274" lon="14.463591">
        <ele>452.711316</ele>
        <time>2026-05-06T13:05:09.999Z</time>
      </trkpt>
      <trkpt lat="49.592152" lon="14.463566">
        <ele>452.454297</ele>
        <time>2026-05-06T13:05:11.999Z</time>
      </trkpt>
      <trkpt lat="49.592026" lon="14.463535">
        <ele>452.187837</ele>
        <time>2026-05-06T13:05:13.999Z</time>
      </trkpt>
      <trkpt lat="49.591892" lon="14.463496">
        <ele>451.903059</ele>
        <time>2026-05-06T13:05:15.999Z</time>
      </trkpt>
      <trkpt lat="49.591762" lon="14.463455">
        <ele>451.625955</ele>
        <time>2026-05-06T13:05:17.999Z</time>
      </trkpt>
      <trkpt lat="49.591628" lon="14.463422">
        <ele>451.342571</ele>
        <time>2026-05-06T13:05:19.999Z</time>
      </trkpt>
      <trkpt lat="49.591491" lon="14.463415">
        <ele>451.056307</ele>
        <time>2026-05-06T13:05:21.999Z</time>
      </trkpt>
      <trkpt lat="49.591366" lon="14.463423">
        <ele>450.795037</ele>
        <time>2026-05-06T13:05:23.999Z</time>
      </trkpt>
      <trkpt lat="49.591241" lon="14.463444">
        <ele>450.532447</ele>
        <time>2026-05-06T13:05:25.999Z</time>
      </trkpt>
      <trkpt lat="49.591117" lon="14.463480">
        <ele>450.268943</ele>
        <time>2026-05-06T13:05:27.999Z</time>
      </trkpt>
      <trkpt lat="49.590997" lon="14.463518">
        <ele>450.013114</ele>
        <time>2026-05-06T13:05:29.999Z</time>
      </trkpt>
      <trkpt lat="49.590882" lon="14.463561">
        <ele>449.794717</ele>
        <time>2026-05-06T13:05:31.999Z</time>
      </trkpt>
      <trkpt lat="49.590761" lon="14.463616">
        <ele>450.010485</ele>
        <time>2026-05-06T13:05:33.999Z</time>
      </trkpt>
      <trkpt lat="49.590635" lon="14.463658">
        <ele>450.230981</ele>
        <time>2026-05-06T13:05:35.999Z</time>
      </trkpt>
      <trkpt lat="49.590522" lon="14.463744">
        <ele>450.446510</ele>
        <time>2026-05-06T13:05:37.999Z</time>
      </trkpt>
      <trkpt lat="49.590408" lon="14.463824">
        <ele>450.660735</ele>
        <time>2026-05-06T13:05:39.999Z</time>
      </trkpt>
      <trkpt lat="49.590299" lon="14.463901">
        <ele>450.865799</ele>
        <time>2026-05-06T13:05:41.999Z</time>
      </trkpt>
      <trkpt lat="49.590203" lon="14.463930">
        <ele>451.033125</ele>
        <time>2026-05-06T13:05:43.999Z</time>
      </trkpt>
      <trkpt lat="49.590095" lon="14.463959">
        <ele>451.220636</ele>
        <time>2026-05-06T13:05:45.999Z</time>
      </trkpt>
      <trkpt lat="49.590003" lon="14.463984">
        <ele>451.380425</ele>
        <time>2026-05-06T13:05:47.999Z</time>
      </trkpt>
      <trkpt lat="49.589883" lon="14.463958">
        <ele>451.587699</ele>
        <time>2026-05-06T13:05:50.999Z</time>
      </trkpt>
      <trkpt lat="49.589769" lon="14.463941">
        <ele>451.783605</ele>
        <time>2026-05-06T13:05:52.999Z</time>
      </trkpt>
      <trkpt lat="49.589670" lon="14.463867">
        <ele>451.971776</ele>
        <time>2026-05-06T13:05:54.999Z</time>
      </trkpt>
      <trkpt lat="49.589564" lon="14.463796">
        <ele>452.169444</ele>
        <time>2026-05-06T13:05:56.999Z</time>
      </trkpt>
      <trkpt lat="49.589475" lon="14.463733">
        <ele>452.336941</ele>
        <time>2026-05-06T13:05:58.999Z</time>
      </trkpt>
      <trkpt lat="49.589361" lon="14.463626">
        <ele>452.565196</ele>
        <time>2026-05-06T13:06:00.999Z</time>
      </trkpt>
      <trkpt lat="49.589265" lon="14.463553">
        <ele>452.748271</ele>
        <time>2026-05-06T13:06:02.999Z</time>
      </trkpt>
      <trkpt lat="49.589171" lon="14.463473">
        <ele>453.093795</ele>
        <time>2026-05-06T13:06:04.998Z</time>
      </trkpt>
      <trkpt lat="49.589071" lon="14.463420">
        <ele>453.672765</ele>
        <time>2026-05-06T13:06:06.998Z</time>
      </trkpt>
      <trkpt lat="49.588968" lon="14.463288">
        <ele>454.405982</ele>
        <time>2026-05-06T13:06:09.998Z</time>
      </trkpt>
      <trkpt lat="49.588909" lon="14.463173">
        <ele>454.926555</ele>
        <time>2026-05-06T13:06:13.000Z</time>
      </trkpt>
      <trkpt lat="49.588834" lon="14.463085">
        <ele>455.442517</ele>
        <time>2026-05-06T13:06:17.000Z</time>
      </trkpt>
      <trkpt lat="49.588789" lon="14.462960">
        <ele>455.950044</ele>
        <time>2026-05-06T13:06:23.000Z</time>
      </trkpt>
      <trkpt lat="49.588732" lon="14.462845">
        <ele>456.463893</ele>
        <time>2026-05-06T13:06:28.000Z</time>
      </trkpt>
      <trkpt lat="49.588662" lon="14.462741">
        <ele>456.996047</ele>
        <time>2026-05-06T13:06:33.000Z</time>
      </trkpt>
      <trkpt lat="49.588577" lon="14.462649">
        <ele>457.564607</ele>
        <time>2026-05-06T13:06:39.000Z</time>
      </trkpt>
      <trkpt lat="49.588501" lon="14.462570">
        <ele>458.066412</ele>
        <time>2026-05-06T13:06:44.000Z</time>
      </trkpt>
      <trkpt lat="49.588424" lon="14.462492">
        <ele>458.570810</ele>
        <time>2026-05-06T13:06:49.999Z</time>
      </trkpt>
      <trkpt lat="49.588337" lon="14.462450">
        <ele>459.069965</ele>
        <time>2026-05-06T13:06:55.999Z</time>
      </trkpt>
      <trkpt lat="49.588236" lon="14.462361">
        <ele>459.706867</ele>
        <time>2026-05-06T13:07:01.999Z</time>
      </trkpt>
      <trkpt lat="49.588156" lon="14.462278">
        <ele>460.234771</ele>
        <time>2026-05-06T13:07:08.999Z</time>
      </trkpt>
      <trkpt lat="49.588083" lon="14.462196">
        <ele>460.729234</ele>
        <time>2026-05-06T13:07:15.999Z</time>
      </trkpt>
      <trkpt lat="49.588001" lon="14.462122">
        <ele>461.249419</ele>
        <time>2026-05-06T13:07:22.999Z</time>
      </trkpt>
      <trkpt lat="49.587919" lon="14.462052">
        <ele>461.762582</ele>
        <time>2026-05-06T13:07:30.999Z</time>
      </trkpt>
      <trkpt lat="49.587829" lon="14.461991">
        <ele>462.300851</ele>
        <time>2026-05-06T13:07:36.999Z</time>
      </trkpt>
      <trkpt lat="49.587745" lon="14.461935">
        <ele>462.596016</ele>
        <time>2026-05-06T13:07:39.999Z</time>
      </trkpt>
      <trkpt lat="49.587637" lon="14.461886">
        <ele>461.877064</ele>
        <time>2026-05-06T13:07:42.999Z</time>
      </trkpt>
      <trkpt lat="49.587549" lon="14.461824">
        <ele>461.259210</ele>
        <time>2026-05-06T13:07:44.999Z</time>
      </trkpt>
      <trkpt lat="49.587454" lon="14.461754">
        <ele>460.586831</ele>
        <time>2026-05-06T13:07:46.999Z</time>
      </trkpt>
      <trkpt lat="49.587364" lon="14.461677">
        <ele>459.929560</ele>
        <time>2026-05-06T13:07:48.999Z</time>
      </trkpt>
      <trkpt lat="49.587279" lon="14.461596">
        <ele>459.291477</ele>
        <time>2026-05-06T13:07:50.999Z</time>
      </trkpt>
      <trkpt lat="49.587169" lon="14.461524">
        <ele>458.528338</ele>
        <time>2026-05-06T13:07:52.999Z</time>
      </trkpt>
      <trkpt lat="49.587062" lon="14.461415">
        <ele>457.709419</ele>
        <time>2026-05-06T13:07:54.999Z</time>
      </trkpt>
      <trkpt lat="49.586925" lon="14.461345">
        <ele>456.787725</ele>
        <time>2026-05-06T13:07:56.999Z</time>
      </trkpt>
      <trkpt lat="49.586776" lon="14.461307">
        <ele>455.823226</ele>
        <time>2026-05-06T13:07:58.999Z</time>
      </trkpt>
      <trkpt lat="49.586620" lon="14.461245">
        <ele>454.794403</ele>
        <time>2026-05-06T13:08:00.999Z</time>
      </trkpt>
      <trkpt lat="49.586453" lon="14.461211">
        <ele>453.718617</ele>
        <time>2026-05-06T13:08:02.999Z</time>
      </trkpt>
      <trkpt lat="49.586282" lon="14.461174">
        <ele>452.615843</ele>
        <time>2026-05-06T13:08:04.999Z</time>
      </trkpt>
      <trkpt lat="49.586121" lon="14.461107">
        <ele>451.550863</ele>
        <time>2026-05-06T13:08:06.998Z</time>
      </trkpt>
      <trkpt lat="49.585962" lon="14.461062">
        <ele>451.055252</ele>
        <time>2026-05-06T13:08:08.998Z</time>
      </trkpt>
      <trkpt lat="49.585873" lon="14.461035">
        <ele>450.919251</ele>
        <time>2026-05-06T13:08:09.998Z</time>
      </trkpt>
      <trkpt lat="49.585777" lon="14.461013">
        <ele>450.773731</ele>
        <time>2026-05-06T13:08:10.998Z</time>
      </trkpt>
      <trkpt lat="49.585611" lon="14.460971">
        <ele>450.521508</ele>
        <time>2026-05-06T13:08:12.998Z</time>
      </trkpt>
      <trkpt lat="49.585451" lon="14.460949">
        <ele>450.280656</ele>
        <time>2026-05-06T13:08:14.998Z</time>
      </trkpt>
      <trkpt lat="49.585356" lon="14.460917">
        <ele>450.134858</ele>
        <time>2026-05-06T13:08:15.998Z</time>
      </trkpt>
      <trkpt lat="49.585261" lon="14.460902">
        <ele>449.991673</ele>
        <time>2026-05-06T13:08:16.998Z</time>
      </trkpt>
      <trkpt lat="49.585092" lon="14.460845">
        <ele>449.732291</ele>
        <time>2026-05-06T13:08:19.000Z</time>
      </trkpt>
      <trkpt lat="49.584996" lon="14.460795">
        <ele>449.580366</ele>
        <time>2026-05-06T13:08:20.000Z</time>
      </trkpt>
      <trkpt lat="49.584831" lon="14.460752">
        <ele>449.329463</ele>
        <time>2026-05-06T13:08:22.000Z</time>
      </trkpt>
      <trkpt lat="49.584676" lon="14.460699">
        <ele>449.091417</ele>
        <time>2026-05-06T13:08:24.000Z</time>
      </trkpt>
      <trkpt lat="49.584519" lon="14.460708">
        <ele>448.855852</ele>
        <time>2026-05-06T13:08:26.000Z</time>
      </trkpt>
      <trkpt lat="49.584372" lon="14.460734">
        <ele>448.634000</ele>
        <time>2026-05-06T13:08:28.000Z</time>
      </trkpt>
      <trkpt lat="49.584229" lon="14.460745">
        <ele>448.735912</ele>
        <time>2026-05-06T13:08:30.000Z</time>
      </trkpt>
      <trkpt lat="49.584092" lon="14.460758">
        <ele>449.157973</ele>
        <time>2026-05-06T13:08:32.000Z</time>
      </trkpt>
      <trkpt lat="49.583964" lon="14.460753">
        <ele>449.551689</ele>
        <time>2026-05-06T13:08:34.000Z</time>
      </trkpt>
      <trkpt lat="49.583843" lon="14.460744">
        <ele>449.924186</ele>
        <time>2026-05-06T13:08:36.000Z</time>
      </trkpt>
      <trkpt lat="49.583725" lon="14.460723">
        <ele>450.289434</ele>
        <time>2026-05-06T13:08:38.000Z</time>
      </trkpt>
      <trkpt lat="49.583605" lon="14.460694">
        <ele>450.662926</ele>
        <time>2026-05-06T13:08:40.000Z</time>
      </trkpt>
      <trkpt lat="49.583484" lon="14.460669">
        <ele>451.038314</ele>
        <time>2026-05-06T13:08:42.000Z</time>
      </trkpt>
      <trkpt lat="49.583367" lon="14.460649">
        <ele>451.400282</ele>
        <time>2026-05-06T13:08:44.000Z</time>
      </trkpt>
      <trkpt lat="49.583257" lon="14.460631">
        <ele>451.740422</ele>
        <time>2026-05-06T13:08:46.000Z</time>
      </trkpt>
      <trkpt lat="49.583143" lon="14.460605">
        <ele>452.094774</ele>
        <time>2026-05-06T13:08:48.000Z</time>
      </trkpt>
      <trkpt lat="49.583037" lon="14.460581">
        <ele>452.424209</ele>
        <time>2026-05-06T13:08:50.000Z</time>
      </trkpt>
      <trkpt lat="49.582930" lon="14.460566">
        <ele>452.754581</ele>
        <time>2026-05-06T13:08:52.000Z</time>
      </trkpt>
      <trkpt lat="49.582824" lon="14.460541">
        <ele>453.084311</ele>
        <time>2026-05-06T13:08:54.000Z</time>
      </trkpt>
      <trkpt lat="49.582728" lon="14.460511">
        <ele>453.385501</ele>
        <time>2026-05-06T13:08:56.000Z</time>
      </trkpt>
      <trkpt lat="49.582632" lon="14.460488">
        <ele>453.684234</ele>
        <time>2026-05-06T13:08:57.999Z</time>
      </trkpt>
      <trkpt lat="49.582534" lon="14.460456">
        <ele>453.992255</ele>
        <time>2026-05-06T13:08:59.999Z</time>
      </trkpt>
      <trkpt lat="49.582444" lon="14.460430">
        <ele>454.218066</ele>
        <time>2026-05-06T13:09:01.999Z</time>
      </trkpt>
      <trkpt lat="49.582346" lon="14.460423">
        <ele>454.443306</ele>
        <time>2026-05-06T13:09:03.999Z</time>
      </trkpt>
      <trkpt lat="49.582252" lon="14.460424">
        <ele>454.659126</ele>
        <time>2026-05-06T13:09:05.999Z</time>
      </trkpt>
      <trkpt lat="49.582155" lon="14.460431">
        <ele>454.882073</ele>
        <time>2026-05-06T13:09:07.999Z</time>
      </trkpt>
      <trkpt lat="49.582056" lon="14.460419">
        <ele>455.110068</ele>
        <time>2026-05-06T13:09:09.999Z</time>
      </trkpt>
      <trkpt lat="49.581951" lon="14.460438">
        <ele>455.352792</ele>
        <time>2026-05-06T13:09:11.999Z</time>
      </trkpt>
      <trkpt lat="49.581836" lon="14.460434">
        <ele>455.616888</ele>
        <time>2026-05-06T13:09:13.999Z</time>
      </trkpt>
      <trkpt lat="49.581729" lon="14.460415">
        <ele>455.864173</ele>
        <time>2026-05-06T13:09:15.999Z</time>
      </trkpt>
      <trkpt lat="49.581609" lon="14.460402">
        <ele>456.140361</ele>
        <time>2026-05-06T13:09:17.999Z</time>
      </trkpt>
      <trkpt lat="49.581496" lon="14.460387">
        <ele>456.400757</ele>
        <time>2026-05-06T13:09:19.999Z</time>
      </trkpt>
      <trkpt lat="49.581387" lon="14.460378">
        <ele>456.651369</ele>
        <time>2026-05-06T13:09:21.999Z</time>
      </trkpt>
      <trkpt lat="49.581269" lon="14.460360">
        <ele>456.923608</ele>
        <time>2026-05-06T13:09:23.999Z</time>
      </trkpt>
      <trkpt lat="49.581158" lon="14.460332">
        <ele>457.181840</ele>
        <time>2026-05-06T13:09:25.999Z</time>
      </trkpt>
      <trkpt lat="49.581063" lon="14.460276">
        <ele>457.415338</ele>
        <time>2026-05-06T13:09:27.999Z</time>
      </trkpt>
      <trkpt lat="49.580954" lon="14.460257">
        <ele>457.667186</ele>
        <time>2026-05-06T13:09:29.999Z</time>
      </trkpt>
      <trkpt lat="49.580842" lon="14.460223">
        <ele>457.929261</ele>
        <time>2026-05-06T13:09:31.999Z</time>
      </trkpt>
      <trkpt lat="49.580749" lon="14.460182">
        <ele>458.151332</ele>
        <time>2026-05-06T13:09:33.999Z</time>
      </trkpt>
      <trkpt lat="49.580665" lon="14.460108">
        <ele>458.358820</ele>
        <time>2026-05-06T13:09:35.999Z</time>
      </trkpt>
      <trkpt lat="49.580572" lon="14.460048">
        <ele>458.572482</ele>
        <time>2026-05-06T13:09:37.999Z</time>
      </trkpt>
      <trkpt lat="49.580472" lon="14.459995">
        <ele>458.796594</ele>
        <time>2026-05-06T13:09:39.999Z</time>
      </trkpt>
      <trkpt lat="49.580392" lon="14.459910">
        <ele>459.002493</ele>
        <time>2026-05-06T13:09:41.999Z</time>
      </trkpt>
      <trkpt lat="49.580307" lon="14.459823">
        <ele>459.218711</ele>
        <time>2026-05-06T13:09:43.999Z</time>
      </trkpt>
      <trkpt lat="49.580224" lon="14.459724">
        <ele>459.441098</ele>
        <time>2026-05-06T13:09:45.999Z</time>
      </trkpt>
      <trkpt lat="49.580101" lon="14.459592">
        <ele>459.758694</ele>
        <time>2026-05-06T13:09:48.999Z</time>
      </trkpt>
      <trkpt lat="49.580023" lon="14.459478">
        <ele>459.986452</ele>
        <time>2026-05-06T13:09:51.999Z</time>
      </trkpt>
      <trkpt lat="49.579928" lon="14.459362">
        <ele>460.243267</ele>
        <time>2026-05-06T13:09:54.999Z</time>
      </trkpt>
      <trkpt lat="49.579819" lon="14.459249">
        <ele>460.521631</ele>
        <time>2026-05-06T13:09:57.999Z</time>
      </trkpt>
      <trkpt lat="49.579728" lon="14.459130">
        <ele>460.774502</ele>
        <time>2026-05-06T13:10:00.999Z</time>
      </trkpt>
      <trkpt lat="49.579631" lon="14.459028">
        <ele>461.023330</ele>
        <time>2026-05-06T13:10:03.999Z</time>
      </trkpt>
      <trkpt lat="49.579539" lon="14.458928">
        <ele>461.261882</ele>
        <time>2026-05-06T13:10:06.999Z</time>
      </trkpt>
      <trkpt lat="49.579456" lon="14.458836">
        <ele>461.478519</ele>
        <time>2026-05-06T13:10:09.999Z</time>
      </trkpt>
      <trkpt lat="49.579388" lon="14.458741">
        <ele>461.672983</ele>
        <time>2026-05-06T13:10:12.998Z</time>
      </trkpt>
      <trkpt lat="49.579293" lon="14.458655">
        <ele>461.906456</ele>
        <time>2026-05-06T13:10:16.998Z</time>
      </trkpt>
      <trkpt lat="49.579204" lon="14.458565">
        <ele>462.389780</ele>
        <time>2026-05-06T13:10:20.998Z</time>
      </trkpt>
      <trkpt lat="49.579115" lon="14.458490">
        <ele>463.010501</ele>
        <time>2026-05-06T13:10:25.000Z</time>
      </trkpt>
      <trkpt lat="49.579015" lon="14.458439">
        <ele>463.655131</ele>
        <time>2026-05-06T13:10:30.000Z</time>
      </trkpt>
      <trkpt lat="49.578926" lon="14.458389">
        <ele>464.234857</ele>
        <time>2026-05-06T13:10:34.000Z</time>
      </trkpt>
      <trkpt lat="49.578840" lon="14.458322">
        <ele>464.824551</ele>
        <time>2026-05-06T13:10:39.000Z</time>
      </trkpt>
      <trkpt lat="49.578766" lon="14.458202">
        <ele>465.481744</ele>
        <time>2026-05-06T13:10:45.000Z</time>
      </trkpt>
      <trkpt lat="49.578689" lon="14.458111">
        <ele>466.075467</ele>
        <time>2026-05-06T13:10:52.000Z</time>
      </trkpt>
      <trkpt lat="49.578601" lon="14.458007">
        <ele>466.754008</ele>
        <time>2026-05-06T13:10:58.000Z</time>
      </trkpt>
      <trkpt lat="49.578527" lon="14.457909">
        <ele>467.350979</ele>
        <time>2026-05-06T13:11:02.999Z</time>
      </trkpt>
      <trkpt lat="49.578446" lon="14.457811">
        <ele>467.981072</ele>
        <time>2026-05-06T13:11:07.999Z</time>
      </trkpt>
      <trkpt lat="49.578359" lon="14.457764">
        <ele>468.545265</ele>
        <time>2026-05-06T13:11:12.999Z</time>
      </trkpt>
      <trkpt lat="49.578273" lon="14.457716">
        <ele>469.105024</ele>
        <time>2026-05-06T13:11:18.999Z</time>
      </trkpt>
      <trkpt lat="49.578177" lon="14.457705">
        <ele>469.694197</ele>
        <time>2026-05-06T13:11:24.999Z</time>
      </trkpt>
      <trkpt lat="49.578080" lon="14.457717">
        <ele>470.289778</ele>
        <time>2026-05-06T13:11:30.999Z</time>
      </trkpt>
      <trkpt lat="49.577980" lon="14.457693">
        <ele>470.909180</ele>
        <time>2026-05-06T13:11:36.999Z</time>
      </trkpt>
      <trkpt lat="49.577876" lon="14.457671">
        <ele>471.551656</ele>
        <time>2026-05-06T13:11:42.999Z</time>
      </trkpt>
      <trkpt lat="49.577762" lon="14.457644">
        <ele>472.257556</ele>
        <time>2026-05-06T13:11:47.999Z</time>
      </trkpt>
      <trkpt lat="49.577653" lon="14.457588">
        <ele>472.960717</ele>
        <time>2026-05-06T13:11:51.999Z</time>
      </trkpt>
      <trkpt lat="49.577530" lon="14.457550">
        <ele>472.814798</ele>
        <time>2026-05-06T13:11:55.999Z</time>
      </trkpt>
      <trkpt lat="49.577425" lon="14.457495">
        <ele>472.637788</ele>
        <time>2026-05-06T13:11:58.999Z</time>
      </trkpt>
      <trkpt lat="49.577330" lon="14.457475">
        <ele>472.484738</ele>
        <time>2026-05-06T13:12:00.999Z</time>
      </trkpt>
      <trkpt lat="49.577197" lon="14.457439">
        <ele>472.269191</ele>
        <time>2026-05-06T13:12:03.999Z</time>
      </trkpt>
      <trkpt lat="49.577068" lon="14.457377">
        <ele>472.053507</ele>
        <time>2026-05-06T13:12:06.999Z</time>
      </trkpt>
      <trkpt lat="49.576980" lon="14.457308">
        <ele>471.895924</ele>
        <time>2026-05-06T13:12:08.999Z</time>
      </trkpt>
      <trkpt lat="49.576886" lon="14.457270">
        <ele>471.740807</ele>
        <time>2026-05-06T13:12:10.998Z</time>
      </trkpt>
      <trkpt lat="49.576791" lon="14.457232">
        <ele>471.584145</ele>
        <time>2026-05-06T13:12:12.998Z</time>
      </trkpt>
      <trkpt lat="49.576661" lon="14.457207">
        <ele>471.375025</ele>
        <time>2026-05-06T13:12:15.998Z</time>
      </trkpt>
      <trkpt lat="49.576534" lon="14.457238">
        <ele>471.169778</ele>
        <time>2026-05-06T13:12:18.998Z</time>
      </trkpt>
      <trkpt lat="49.576419" lon="14.457290">
        <ele>470.978481</ele>
        <time>2026-05-06T13:12:21.998Z</time>
      </trkpt>
      <trkpt lat="49.576335" lon="14.457352">
        <ele>470.829830</ele>
        <time>2026-05-06T13:12:24.998Z</time>
      </trkpt>
      <trkpt lat="49.576244" lon="14.457428">
        <ele>470.664638</ele>
        <time>2026-05-06T13:12:26.998Z</time>
      </trkpt>
      <trkpt lat="49.576144" lon="14.457518">
        <ele>470.479819</ele>
        <time>2026-05-06T13:12:30.000Z</time>
      </trkpt>
      <trkpt lat="49.576052" lon="14.457602">
        <ele>470.309155</ele>
        <time>2026-05-06T13:12:33.000Z</time>
      </trkpt>
      <trkpt lat="49.575963" lon="14.457690">
        <ele>470.140396</ele>
        <time>2026-05-06T13:12:36.000Z</time>
      </trkpt>
      <trkpt lat="49.575871" lon="14.457767">
        <ele>470.214352</ele>
        <time>2026-05-06T13:12:39.000Z</time>
      </trkpt>
      <trkpt lat="49.575771" lon="14.457843">
        <ele>470.305488</ele>
        <time>2026-05-06T13:12:42.000Z</time>
      </trkpt>
      <trkpt lat="49.575667" lon="14.457901">
        <ele>470.395896</ele>
        <time>2026-05-06T13:12:45.000Z</time>
      </trkpt>
      <trkpt lat="49.575563" lon="14.457959">
        <ele>470.486303</ele>
        <time>2026-05-06T13:12:48.000Z</time>
      </trkpt>
      <trkpt lat="49.575449" lon="14.458014">
        <ele>470.583951</ele>
        <time>2026-05-06T13:12:51.000Z</time>
      </trkpt>
      <trkpt lat="49.575328" lon="14.458069">
        <ele>470.687074</ele>
        <time>2026-05-06T13:12:54.000Z</time>
      </trkpt>
      <trkpt lat="49.575207" lon="14.458130">
        <ele>470.791141</ele>
        <time>2026-05-06T13:12:57.000Z</time>
      </trkpt>
      <trkpt lat="49.575087" lon="14.458210">
        <ele>470.898014</ele>
        <time>2026-05-06T13:13:00.000Z</time>
      </trkpt>
      <trkpt lat="49.574978" lon="14.458331">
        <ele>471.007806</ele>
        <time>2026-05-06T13:13:02.999Z</time>
      </trkpt>
      <trkpt lat="49.574909" lon="14.458434">
        <ele>471.086310</ele>
        <time>2026-05-06T13:13:04.999Z</time>
      </trkpt>
      <trkpt lat="49.574841" lon="14.458549">
        <ele>471.168811</ele>
        <time>2026-05-06T13:13:06.999Z</time>
      </trkpt>
      <trkpt lat="49.574773" lon="14.458659">
        <ele>471.249374</ele>
        <time>2026-05-06T13:13:08.999Z</time>
      </trkpt>
      <trkpt lat="49.574714" lon="14.458775">
        <ele>471.327525</ele>
        <time>2026-05-06T13:13:10.999Z</time>
      </trkpt>
      <trkpt lat="49.574656" lon="14.458884">
        <ele>471.402270</ele>
        <time>2026-05-06T13:13:12.999Z</time>
      </trkpt>
      <trkpt lat="49.574580" lon="14.459032">
        <ele>471.502347</ele>
        <time>2026-05-06T13:13:15.999Z</time>
      </trkpt>
      <trkpt lat="49.574515" lon="14.459165">
        <ele>471.590633</ele>
        <time>2026-05-06T13:13:18.999Z</time>
      </trkpt>
      <trkpt lat="49.574468" lon="14.459285">
        <ele>471.677837</ele>
        <time>2026-05-06T13:13:21.999Z</time>
      </trkpt>
      <trkpt lat="49.574418" lon="14.459410">
        <ele>471.771913</ele>
        <time>2026-05-06T13:13:25.999Z</time>
      </trkpt>
      <trkpt lat="49.574367" lon="14.459532">
        <ele>471.864890</ele>
        <time>2026-05-06T13:13:30.999Z</time>
      </trkpt>
      <trkpt lat="49.574318" lon="14.459661">
        <ele>471.960653</ele>
        <time>2026-05-06T13:13:35.999Z</time>
      </trkpt>
      <trkpt lat="49.574270" lon="14.459802">
        <ele>472.062660</ele>
        <time>2026-05-06T13:13:40.999Z</time>
      </trkpt>
      <trkpt lat="49.574223" lon="14.459935">
        <ele>472.159682</ele>
        <time>2026-05-06T13:13:45.999Z</time>
      </trkpt>
      <trkpt lat="49.574197" lon="14.460082">
        <ele>472.257282</ele>
        <time>2026-05-06T13:13:49.999Z</time>
      </trkpt>
      <trkpt lat="49.574203" lon="14.460287">
        <ele>472.388728</ele>
        <time>2026-05-06T13:13:52.999Z</time>
      </trkpt>
      <trkpt lat="49.574232" lon="14.460447">
        <ele>472.495144</ele>
        <time>2026-05-06T13:13:54.999Z</time>
      </trkpt>
      <trkpt lat="49.574242" lon="14.460634">
        <ele>472.615333</ele>
        <time>2026-05-06T13:13:56.999Z</time>
      </trkpt>
      <trkpt lat="49.574212" lon="14.460821">
        <ele>472.738727</ele>
        <time>2026-05-06T13:13:58.999Z</time>
      </trkpt>
      <trkpt lat="49.574164" lon="14.460990">
        <ele>472.856908</ele>
        <time>2026-05-06T13:14:00.999Z</time>
      </trkpt>
      <trkpt lat="49.574113" lon="14.461155">
        <ele>472.973991</ele>
        <time>2026-05-06T13:14:02.999Z</time>
      </trkpt>
      <trkpt lat="49.574060" lon="14.461309">
        <ele>473.085668</ele>
        <time>2026-05-06T13:14:04.999Z</time>
      </trkpt>
      <trkpt lat="49.574008" lon="14.461446">
        <ele>473.187351</ele>
        <time>2026-05-06T13:14:06.999Z</time>
      </trkpt>
      <trkpt lat="49.573932" lon="14.461609">
        <ele>473.315948</ele>
        <time>2026-05-06T13:14:09.999Z</time>
      </trkpt>
      <trkpt lat="49.573869" lon="14.461762">
        <ele>473.813970</ele>
        <time>2026-05-06T13:14:12.999Z</time>
      </trkpt>
      <trkpt lat="49.573818" lon="14.461890">
        <ele>474.613420</ele>
        <time>2026-05-06T13:14:15.998Z</time>
      </trkpt>
      <trkpt lat="49.573759" lon="14.462032">
        <ele>475.510875</ele>
        <time>2026-05-06T13:14:20.998Z</time>
      </trkpt>
      <trkpt lat="49.573702" lon="14.462152">
        <ele>476.302442</ele>
        <time>2026-05-06T13:14:25.998Z</time>
      </trkpt>
      <trkpt lat="49.573640" lon="14.462255">
        <ele>477.050300</ele>
        <time>2026-05-06T13:14:36.000Z</time>
      </trkpt>
      <trkpt lat="49.573539" lon="14.462221">
        <ele>477.898648</ele>
        <time>2026-05-06T13:14:43.000Z</time>
      </trkpt>
      <trkpt lat="49.573443" lon="14.462196">
        <ele>478.697600</ele>
        <time>2026-05-06T13:14:51.000Z</time>
      </trkpt>
      <trkpt lat="49.573348" lon="14.462165">
        <ele>479.494455</ele>
        <time>2026-05-06T13:14:59.000Z</time>
      </trkpt>
      <trkpt lat="49.573251" lon="14.462137">
        <ele>480.304285</ele>
        <time>2026-05-06T13:15:06.999Z</time>
      </trkpt>
      <trkpt lat="49.573151" lon="14.462138">
        <ele>481.124925</ele>
        <time>2026-05-06T13:15:14.999Z</time>
      </trkpt>
      <trkpt lat="49.573057" lon="14.462149">
        <ele>481.898529</ele>
        <time>2026-05-06T13:15:21.999Z</time>
      </trkpt>
      <trkpt lat="49.572960" lon="14.462149">
        <ele>482.694533</ele>
        <time>2026-05-06T13:15:29.999Z</time>
      </trkpt>
      <trkpt lat="49.572865" lon="14.462095">
        <ele>483.525402</ele>
        <time>2026-05-06T13:15:37.999Z</time>
      </trkpt>
      <trkpt lat="49.572787" lon="14.461979">
        <ele>484.414656</ele>
        <time>2026-05-06T13:15:47.999Z</time>
      </trkpt>
      <trkpt lat="49.572731" lon="14.461851">
        <ele>485.236343</ele>
        <time>2026-05-06T13:15:52.999Z</time>
      </trkpt>
      <trkpt lat="49.572672" lon="14.461746">
        <ele>485.975694</ele>
        <time>2026-05-06T13:16:04.999Z</time>
      </trkpt>
      <trkpt lat="49.572556" lon="14.461356">
        <ele>488.226982</ele>
        <time>2026-05-06T13:17:26.999Z</time>
      </trkpt>
      <trkpt lat="49.572524" lon="14.461184">
        <ele>488.923229</ele>
        <time>2026-05-06T13:17:30.999Z</time>
      </trkpt>
      <trkpt lat="49.572491" lon="14.461054">
        <ele>489.466431</ele>
        <time>2026-05-06T13:17:33.999Z</time>
      </trkpt>
      <trkpt lat="49.572451" lon="14.460891">
        <ele>490.144555</ele>
        <time>2026-05-06T13:17:37.999Z</time>
      </trkpt>
      <trkpt lat="49.572405" lon="14.460724">
        <ele>490.850539</ele>
        <time>2026-05-06T13:17:41.999Z</time>
      </trkpt>
      <trkpt lat="49.572351" lon="14.460581">
        <ele>491.494414</ele>
        <time>2026-05-06T13:17:45.999Z</time>
      </trkpt>
      <trkpt lat="49.572300" lon="14.460464">
        <ele>492.042949</ele>
        <time>2026-05-06T13:17:49.999Z</time>
      </trkpt>
      <trkpt lat="49.572231" lon="14.460354">
        <ele>492.638428</ele>
        <time>2026-05-06T13:17:54.999Z</time>
      </trkpt>
      <trkpt lat="49.572162" lon="14.460259">
        <ele>493.193443</ele>
        <time>2026-05-06T13:17:59.999Z</time>
      </trkpt>
      <trkpt lat="49.572075" lon="14.460186">
        <ele>493.787729</ele>
        <time>2026-05-06T13:18:05.999Z</time>
      </trkpt>
      <trkpt lat="49.571994" lon="14.460103">
        <ele>494.371257</ele>
        <time>2026-05-06T13:18:11.999Z</time>
      </trkpt>
      <trkpt lat="49.571906" lon="14.460039">
        <ele>494.955046</ele>
        <time>2026-05-06T13:18:17.999Z</time>
      </trkpt>
      <trkpt lat="49.571824" lon="14.459958">
        <ele>495.539347</ele>
        <time>2026-05-06T13:18:23.999Z</time>
      </trkpt>
      <trkpt lat="49.571732" lon="14.459882">
        <ele>496.165579</ele>
        <time>2026-05-06T13:18:29.998Z</time>
      </trkpt>
      <trkpt lat="49.571631" lon="14.459824">
        <ele>496.812250</ele>
        <time>2026-05-06T13:18:35.998Z</time>
      </trkpt>
      <trkpt lat="49.571544" lon="14.459746">
        <ele>497.416078</ele>
        <time>2026-05-06T13:18:40.998Z</time>
      </trkpt>
      <trkpt lat="49.571454" lon="14.459671">
        <ele>498.029899</ele>
        <time>2026-05-06T13:18:45.998Z</time>
      </trkpt>
      <trkpt lat="49.571359" lon="14.459609">
        <ele>498.648860</ele>
        <time>2026-05-06T13:18:51.000Z</time>
      </trkpt>
      <trkpt lat="49.571259" lon="14.459534">
        <ele>499.427664</ele>
        <time>2026-05-06T13:18:56.000Z</time>
      </trkpt>
      <trkpt lat="49.571165" lon="14.459458">
        <ele>500.249488</ele>
        <time>2026-05-06T13:19:01.000Z</time>
      </trkpt>
      <trkpt lat="49.571083" lon="14.459392">
        <ele>500.965705</ele>
        <time>2026-05-06T13:19:05.000Z</time>
      </trkpt>
      <trkpt lat="49.570996" lon="14.459303">
        <ele>501.774109</ele>
        <time>2026-05-06T13:19:09.000Z</time>
      </trkpt>
      <trkpt lat="49.570914" lon="14.459243">
        <ele>502.476893</ele>
        <time>2026-05-06T13:19:12.000Z</time>
      </trkpt>
      <trkpt lat="49.570825" lon="14.459178">
        <ele>503.239408</ele>
        <time>2026-05-06T13:19:16.999Z</time>
      </trkpt>
      <trkpt lat="49.570733" lon="14.459141">
        <ele>503.975596</ele>
        <time>2026-05-06T13:19:21.999Z</time>
      </trkpt>
      <trkpt lat="49.570641" lon="14.459120">
        <ele>504.695717</ele>
        <time>2026-05-06T13:19:26.999Z</time>
      </trkpt>
      <trkpt lat="49.570535" lon="14.459102">
        <ele>505.521439</ele>
        <time>2026-05-06T13:19:32.999Z</time>
      </trkpt>
      <trkpt lat="49.570428" lon="14.459099">
        <ele>506.350079</ele>
        <time>2026-05-06T13:19:38.999Z</time>
      </trkpt>
      <trkpt lat="49.570339" lon="14.459126">
        <ele>507.052419</ele>
        <time>2026-05-06T13:19:44.999Z</time>
      </trkpt>
      <trkpt lat="49.570234" lon="14.459160">
        <ele>507.883169</ele>
        <time>2026-05-06T13:19:51.999Z</time>
      </trkpt>
      <trkpt lat="49.570131" lon="14.459205">
        <ele>508.712094</ele>
        <time>2026-05-06T13:19:57.999Z</time>
      </trkpt>
      <trkpt lat="49.570045" lon="14.459256">
        <ele>509.425542</ele>
        <time>2026-05-06T13:20:02.999Z</time>
      </trkpt>
      <trkpt lat="49.569944" lon="14.459299">
        <ele>510.236848</ele>
        <time>2026-05-06T13:20:08.999Z</time>
      </trkpt>
      <trkpt lat="49.569840" lon="14.459339">
        <ele>511.066795</ele>
        <time>2026-05-06T13:20:14.999Z</time>
      </trkpt>
      <trkpt lat="49.569748" lon="14.459374">
        <ele>511.800513</ele>
        <time>2026-05-06T13:20:19.999Z</time>
      </trkpt>
      <trkpt lat="49.569650" lon="14.459404">
        <ele>512.574139</ele>
        <time>2026-05-06T13:20:24.999Z</time>
      </trkpt>
      <trkpt lat="49.569559" lon="14.459443">
        <ele>513.086930</ele>
        <time>2026-05-06T13:20:28.998Z</time>
      </trkpt>
      <trkpt lat="49.569460" lon="14.459460">
        <ele>513.480810</ele>
        <time>2026-05-06T13:20:32.998Z</time>
      </trkpt>
      <trkpt lat="49.569359" lon="14.459503">
        <ele>513.895122</ele>
        <time>2026-05-06T13:20:36.998Z</time>
      </trkpt>
      <trkpt lat="49.569241" lon="14.459515">
        <ele>514.362724</ele>
        <time>2026-05-06T13:20:40.998Z</time>
      </trkpt>
      <trkpt lat="49.569149" lon="14.459516">
        <ele>514.726515</ele>
        <time>2026-05-06T13:20:43.998Z</time>
      </trkpt>
      <trkpt lat="49.569041" lon="14.459538">
        <ele>515.157273</ele>
        <time>2026-05-06T13:20:46.998Z</time>
      </trkpt>
      <trkpt lat="49.568940" lon="14.459510">
        <ele>515.563045</ele>
        <time>2026-05-06T13:20:49.998Z</time>
      </trkpt>
      <trkpt lat="49.568835" lon="14.459532">
        <ele>515.982045</ele>
        <time>2026-05-06T13:20:52.998Z</time>
      </trkpt>
      <trkpt lat="49.568741" lon="14.459521">
        <ele>516.354804</ele>
        <time>2026-05-06T13:20:56.000Z</time>
      </trkpt>
      <trkpt lat="49.568631" lon="14.459508">
        <ele>516.791035</ele>
        <time>2026-05-06T13:21:00.000Z</time>
      </trkpt>
      <trkpt lat="49.568520" lon="14.459505">
        <ele>517.230012</ele>
        <time>2026-05-06T13:21:04.000Z</time>
      </trkpt>
      <trkpt lat="49.568411" lon="14.459503">
        <ele>517.661045</ele>
        <time>2026-05-06T13:21:08.000Z</time>
      </trkpt>
      <trkpt lat="49.568304" lon="14.459503">
        <ele>518.084138</ele>
        <time>2026-05-06T13:21:13.000Z</time>
      </trkpt>
      <trkpt lat="49.568214" lon="14.459503">
        <ele>518.440011</ele>
        <time>2026-05-06T13:21:18.000Z</time>
      </trkpt>
      <trkpt lat="49.568122" lon="14.459486">
        <ele>518.806395</ele>
        <time>2026-05-06T13:21:22.999Z</time>
      </trkpt>
      <trkpt lat="49.568022" lon="14.459470">
        <ele>519.203933</ele>
        <time>2026-05-06T13:21:28.999Z</time>
      </trkpt>
      <trkpt lat="49.567930" lon="14.459460">
        <ele>519.568617</ele>
        <time>2026-05-06T13:21:34.999Z</time>
      </trkpt>
      <trkpt lat="49.567838" lon="14.459432">
        <ele>519.939417</ele>
        <time>2026-05-06T13:21:40.999Z</time>
      </trkpt>
      <trkpt lat="49.567749" lon="14.459386">
        <ele>520.723839</ele>
        <time>2026-05-06T13:21:47.999Z</time>
      </trkpt>
      <trkpt lat="49.567658" lon="14.459369">
        <ele>521.527344</ele>
        <time>2026-05-06T13:21:52.999Z</time>
      </trkpt>
      <trkpt lat="49.567559" lon="14.459338">
        <ele>522.412854</ele>
        <time>2026-05-06T13:21:58.999Z</time>
      </trkpt>
      <trkpt lat="49.567464" lon="14.459308">
        <ele>523.262873</ele>
        <time>2026-05-06T13:22:05.999Z</time>
      </trkpt>
      <trkpt lat="49.567369" lon="14.459246">
        <ele>524.167130</ele>
        <time>2026-05-06T13:22:10.999Z</time>
      </trkpt>
      <trkpt lat="49.567273" lon="14.459220">
        <ele>525.021512</ele>
        <time>2026-05-06T13:22:16.999Z</time>
      </trkpt>
      <trkpt lat="49.567184" lon="14.459184">
        <ele>525.828051</ele>
        <time>2026-05-06T13:22:22.999Z</time>
      </trkpt>
      <trkpt lat="49.567086" lon="14.459140">
        <ele>526.722760</ele>
        <time>2026-05-06T13:22:29.999Z</time>
      </trkpt>
      <trkpt lat="49.566987" lon="14.459103">
        <ele>527.615685</ele>
        <time>2026-05-06T13:22:36.998Z</time>
      </trkpt>
      <trkpt lat="49.566891" lon="14.459045">
        <ele>528.519480</ele>
        <time>2026-05-06T13:22:43.998Z</time>
      </trkpt>
      <trkpt lat="49.566804" lon="14.459006">
        <ele>529.313665</ele>
        <time>2026-05-06T13:22:49.998Z</time>
      </trkpt>
      <trkpt lat="49.566708" lon="14.458971">
        <ele>530.178370</ele>
        <time>2026-05-06T13:22:55.998Z</time>
      </trkpt>
      <trkpt lat="49.566615" lon="14.458929">
        <ele>531.027821</ele>
        <time>2026-05-06T13:23:02.000Z</time>
      </trkpt>
      <trkpt lat="49.566522" lon="14.458884">
        <ele>531.882223</ele>
        <time>2026-05-06T13:23:08.000Z</time>
      </trkpt>
      <trkpt lat="49.566420" lon="14.458845">
        <ele>532.803398</ele>
        <time>2026-05-06T13:23:14.000Z</time>
      </trkpt>
      <trkpt lat="49.566326" lon="14.458803">
        <ele>533.661265</ele>
        <time>2026-05-06T13:23:19.000Z</time>
      </trkpt>
      <trkpt lat="49.566228" lon="14.458756">
        <ele>534.560893</ele>
        <time>2026-05-06T13:23:25.000Z</time>
      </trkpt>
      <trkpt lat="49.566123" lon="14.458726">
        <ele>535.496952</ele>
        <time>2026-05-06T13:23:30.999Z</time>
      </trkpt>
      <trkpt lat="49.566027" lon="14.458705">
        <ele>536.046308</ele>
        <time>2026-05-06T13:23:35.999Z</time>
      </trkpt>
      <trkpt lat="49.565932" lon="14.458680">
        <ele>536.474622</ele>
        <time>2026-05-06T13:23:40.999Z</time>
      </trkpt>
      <trkpt lat="49.565830" lon="14.458655">
        <ele>536.933633</ele>
        <time>2026-05-06T13:23:45.999Z</time>
      </trkpt>
      <trkpt lat="49.565738" lon="14.458659">
        <ele>537.342671</ele>
        <time>2026-05-06T13:23:50.999Z</time>
      </trkpt>
      <trkpt lat="49.565640" lon="14.458659">
        <ele>537.778213</ele>
        <time>2026-05-06T13:23:55.999Z</time>
      </trkpt>
      <trkpt lat="49.565535" lon="14.458692">
        <ele>538.254461</ele>
        <time>2026-05-06T13:24:01.999Z</time>
      </trkpt>
      <trkpt lat="49.565440" lon="14.458729">
        <ele>538.689931</ele>
        <time>2026-05-06T13:24:07.999Z</time>
      </trkpt>
      <trkpt lat="49.565355" lon="14.458783">
        <ele>539.098508</ele>
        <time>2026-05-06T13:24:12.999Z</time>
      </trkpt>
      <trkpt lat="49.565261" lon="14.458863">
        <ele>539.575691</ele>
        <time>2026-05-06T13:24:18.999Z</time>
      </trkpt>
      <trkpt lat="49.565176" lon="14.458956">
        <ele>540.038907</ele>
        <time>2026-05-06T13:24:24.999Z</time>
      </trkpt>
      <trkpt lat="49.565111" lon="14.459053">
        <ele>540.440938</ele>
        <time>2026-05-06T13:24:30.999Z</time>
      </trkpt>
      <trkpt lat="49.565061" lon="14.459173">
        <ele>540.852067</ele>
        <time>2026-05-06T13:24:36.999Z</time>
      </trkpt>
      <trkpt lat="49.565007" lon="14.459289">
        <ele>541.263649</ele>
        <time>2026-05-06T13:24:42.999Z</time>
      </trkpt>
      <trkpt lat="49.564948" lon="14.459411">
        <ele>541.702312</ele>
        <time>2026-05-06T13:24:48.998Z</time>
      </trkpt>
      <trkpt lat="49.564886" lon="14.459539">
        <ele>542.162810</ele>
        <time>2026-05-06T13:24:54.998Z</time>
      </trkpt>
      <trkpt lat="49.564831" lon="14.459657">
        <ele>542.581669</ele>
        <time>2026-05-06T13:25:00.998Z</time>
      </trkpt>
      <trkpt lat="49.564760" lon="14.459773">
        <ele>543.041423</ele>
        <time>2026-05-06T13:25:08.000Z</time>
      </trkpt>
      <trkpt lat="49.564692" lon="14.459878">
        <ele>543.469136</ele>
        <time>2026-05-06T13:25:13.000Z</time>
      </trkpt>
      <trkpt lat="49.564605" lon="14.459969">
        <ele>543.896786</ele>
        <time>2026-05-06T13:25:19.000Z</time>
      </trkpt>
      <trkpt lat="49.564521" lon="14.460023">
        <ele>544.223338</ele>
        <time>2026-05-06T13:25:24.000Z</time>
      </trkpt>
      <trkpt lat="49.564433" lon="14.460067">
        <ele>544.555280</ele>
        <time>2026-05-06T13:25:27.000Z</time>
      </trkpt>
      <trkpt lat="49.564316" lon="14.460156">
        <ele>545.023404</ele>
        <time>2026-05-06T13:25:30.000Z</time>
      </trkpt>
      <trkpt lat="49.564224" lon="14.460189">
        <ele>545.362327</ele>
        <time>2026-05-06T13:25:32.000Z</time>
      </trkpt>
      <trkpt lat="49.564120" lon="14.460161">
        <ele>545.741137</ele>
        <time>2026-05-06T13:25:34.000Z</time>
      </trkpt>
      <trkpt lat="49.564014" lon="14.460136">
        <ele>546.125902</ele>
        <time>2026-05-06T13:25:35.999Z</time>
      </trkpt>
      <trkpt lat="49.563907" lon="14.460114">
        <ele>546.513229</ele>
        <time>2026-05-06T13:25:37.999Z</time>
      </trkpt>
      <trkpt lat="49.563815" lon="14.460030">
        <ele>546.896878</ele>
        <time>2026-05-06T13:25:39.999Z</time>
      </trkpt>
      <trkpt lat="49.563714" lon="14.460006">
        <ele>547.263556</ele>
        <time>2026-05-06T13:25:41.999Z</time>
      </trkpt>
      <trkpt lat="49.563605" lon="14.460014">
        <ele>547.655104</ele>
        <time>2026-05-06T13:25:43.999Z</time>
      </trkpt>
      <trkpt lat="49.563511" lon="14.460071">
        <ele>548.017536</ele>
        <time>2026-05-06T13:25:45.999Z</time>
      </trkpt>
      <trkpt lat="49.563420" lon="14.460103">
        <ele>548.352439</ele>
        <time>2026-05-06T13:25:47.999Z</time>
      </trkpt>
      <trkpt lat="49.563295" lon="14.460060">
        <ele>548.811982</ele>
        <time>2026-05-06T13:25:50.999Z</time>
      </trkpt>
      <trkpt lat="49.563203" lon="14.460013">
        <ele>549.159739</ele>
        <time>2026-05-06T13:25:53.999Z</time>
      </trkpt>
      <trkpt lat="49.563099" lon="14.459985">
        <ele>549.538550</ele>
        <time>2026-05-06T13:25:57.999Z</time>
      </trkpt>
      <trkpt lat="49.563002" lon="14.460019">
        <ele>549.895479</ele>
        <time>2026-05-06T13:26:03.999Z</time>
      </trkpt>
      <trkpt lat="49.562904" lon="14.460036">
        <ele>550.330963</ele>
        <time>2026-05-06T13:26:09.999Z</time>
      </trkpt>
      <trkpt lat="49.562804" lon="14.460069">
        <ele>551.160882</ele>
        <time>2026-05-06T13:26:15.999Z</time>
      </trkpt>
      <trkpt lat="49.562711" lon="14.460104">
        <ele>551.937772</ele>
        <time>2026-05-06T13:26:20.999Z</time>
      </trkpt>
      <trkpt lat="49.562612" lon="14.460141">
        <ele>552.764463</ele>
        <time>2026-05-06T13:26:25.999Z</time>
      </trkpt>
      <trkpt lat="49.562509" lon="14.460190">
        <ele>553.639236</ele>
        <time>2026-05-06T13:26:31.999Z</time>
      </trkpt>
      <trkpt lat="49.562411" lon="14.460223">
        <ele>554.453291</ele>
        <time>2026-05-06T13:26:37.999Z</time>
      </trkpt>
      <trkpt lat="49.562312" lon="14.460256">
        <ele>555.275277</ele>
        <time>2026-05-06T13:26:43.999Z</time>
      </trkpt>
      <trkpt lat="49.562213" lon="14.460281">
        <ele>556.089405</ele>
        <time>2026-05-06T13:26:49.998Z</time>
      </trkpt>
      <trkpt lat="49.562119" lon="14.460285">
        <ele>556.852541</ele>
        <time>2026-05-06T13:26:55.998Z</time>
      </trkpt>
      <trkpt lat="49.562014" lon="14.460266">
        <ele>557.710505</ele>
        <time>2026-05-06T13:27:02.998Z</time>
      </trkpt>
      <trkpt lat="49.561914" lon="14.460223">
        <ele>558.553016</ele>
        <time>2026-05-06T13:27:09.998Z</time>
      </trkpt>
      <trkpt lat="49.561819" lon="14.460174">
        <ele>559.365978</ele>
        <time>2026-05-06T13:27:17.000Z</time>
      </trkpt>
      <trkpt lat="49.561721" lon="14.460119">
        <ele>560.212341</ele>
        <time>2026-05-06T13:27:24.000Z</time>
      </trkpt>
      <trkpt lat="49.561634" lon="14.460074">
        <ele>560.957055</ele>
        <time>2026-05-06T13:27:30.000Z</time>
      </trkpt>
      <trkpt lat="49.561546" lon="14.460029">
        <ele>561.709467</ele>
        <time>2026-05-06T13:27:36.000Z</time>
      </trkpt>
      <trkpt lat="49.561453" lon="14.460008">
        <ele>562.472249</ele>
        <time>2026-05-06T13:27:42.999Z</time>
      </trkpt>
      <trkpt lat="49.561369" lon="14.459942">
        <ele>563.237365</ele>
        <time>2026-05-06T13:27:50.999Z</time>
      </trkpt>
      <trkpt lat="49.561279" lon="14.459902">
        <ele>563.997493</ele>
        <time>2026-05-06T13:27:58.999Z</time>
      </trkpt>
      <trkpt lat="49.561184" lon="14.459858">
        <ele>564.809509</ele>
        <time>2026-05-06T13:28:06.999Z</time>
      </trkpt>
      <trkpt lat="49.561030" lon="14.459798">
        <ele>566.525341</ele>
        <time>2026-05-06T13:30:00.999Z</time>
      </trkpt>
      <trkpt lat="49.560941" lon="14.459731">
        <ele>567.595229</ele>
        <time>2026-05-06T13:30:06.999Z</time>
      </trkpt>
      <trkpt lat="49.560843" lon="14.459662">
        <ele>568.759014</ele>
        <time>2026-05-06T13:30:13.999Z</time>
      </trkpt>
      <trkpt lat="49.560757" lon="14.459609">
        <ele>569.759475</ele>
        <time>2026-05-06T13:30:20.999Z</time>
      </trkpt>
      <trkpt lat="49.560668" lon="14.459546">
        <ele>570.817366</ele>
        <time>2026-05-06T13:30:27.999Z</time>
      </trkpt>
      <trkpt lat="49.560576" lon="14.459514">
        <ele>571.836144</ele>
        <time>2026-05-06T13:30:34.999Z</time>
      </trkpt>
      <trkpt lat="49.560488" lon="14.459436">
        <ele>572.932646</ele>
        <time>2026-05-06T13:30:41.999Z</time>
      </trkpt>
      <trkpt lat="49.560391" lon="14.459374">
        <ele>574.066942</ele>
        <time>2026-05-06T13:30:48.999Z</time>
      </trkpt>
      <trkpt lat="49.560304" lon="14.459316">
        <ele>575.090836</ele>
        <time>2026-05-06T13:30:56.998Z</time>
      </trkpt>
      <trkpt lat="49.560214" lon="14.459280">
        <ele>576.095222</ele>
        <time>2026-05-06T13:31:02.998Z</time>
      </trkpt>
      <trkpt lat="49.560131" lon="14.459207">
        <ele>577.127445</ele>
        <time>2026-05-06T13:31:09.998Z</time>
      </trkpt>
      <trkpt lat="49.560039" lon="14.459148">
        <ele>578.203800</ele>
        <time>2026-05-06T13:31:17.998Z</time>
      </trkpt>
      <trkpt lat="49.559957" lon="14.459089">
        <ele>579.181300</ele>
        <time>2026-05-06T13:31:25.000Z</time>
      </trkpt>
      <trkpt lat="49.559867" lon="14.459103">
        <ele>580.158431</ele>
        <time>2026-05-06T13:31:34.000Z</time>
      </trkpt>
      <trkpt lat="49.559617" lon="14.458898">
        <ele>583.217222</ele>
        <time>2026-05-06T13:34:10.999Z</time>
      </trkpt>
      <trkpt lat="49.559532" lon="14.458850">
        <ele>584.195067</ele>
        <time>2026-05-06T13:34:22.999Z</time>
      </trkpt>
      <trkpt lat="49.559285" lon="14.458897">
        <ele>587.503848</ele>
        <time>2026-05-06T13:37:41.000Z</time>
      </trkpt>
      <trkpt lat="49.559207" lon="14.458973">
        <ele>588.731949</ele>
        <time>2026-05-06T13:37:50.000Z</time>
      </trkpt>
      <trkpt lat="49.559135" lon="14.459060">
        <ele>589.949507</ele>
        <time>2026-05-06T13:37:59.000Z</time>
      </trkpt>
      <trkpt lat="49.559050" lon="14.459129">
        <ele>591.228061</ele>
        <time>2026-05-06T13:38:08.999Z</time>
      </trkpt>
      <trkpt lat="49.558967" lon="14.459202">
        <ele>592.499877</ele>
        <time>2026-05-06T13:38:18.999Z</time>
      </trkpt>
      <trkpt lat="49.558878" lon="14.459270">
        <ele>593.821914</ele>
        <time>2026-05-06T13:38:29.999Z</time>
      </trkpt>
      <trkpt lat="49.558792" lon="14.459338">
        <ele>595.108298</ele>
        <time>2026-05-06T13:38:38.999Z</time>
      </trkpt>
      <trkpt lat="49.558711" lon="14.459410">
        <ele>596.352731</ele>
        <time>2026-05-06T13:38:48.999Z</time>
      </trkpt>
      <trkpt lat="49.558628" lon="14.459482">
        <ele>597.620293</ele>
        <time>2026-05-06T13:38:59.999Z</time>
      </trkpt>
      <trkpt lat="49.558543" lon="14.459553">
        <ele>598.906986</ele>
        <time>2026-05-06T13:39:10.999Z</time>
      </trkpt>
      <trkpt lat="49.558463" lon="14.459620">
        <ele>600.118718</ele>
        <time>2026-05-06T13:39:20.999Z</time>
      </trkpt>
      <trkpt lat="49.558385" lon="14.459694">
        <ele>601.337687</ele>
        <time>2026-05-06T13:39:30.998Z</time>
      </trkpt>
      <trkpt lat="49.558313" lon="14.459783">
        <ele>602.565979</ele>
        <time>2026-05-06T13:39:41.998Z</time>
      </trkpt>
      <trkpt lat="49.558236" lon="14.459877">
        <ele>603.873219</ele>
        <time>2026-05-06T13:39:53.000Z</time>
      </trkpt>
      <trkpt lat="49.558150" lon="14.459935">
        <ele>605.122569</ele>
        <time>2026-05-06T13:40:02.000Z</time>
      </trkpt>
      <trkpt lat="49.558056" lon="14.459957">
        <ele>606.387991</ele>
        <time>2026-05-06T13:40:12.000Z</time>
      </trkpt>
      <trkpt lat="49.557966" lon="14.459965">
        <ele>607.587828</ele>
        <time>2026-05-06T13:40:20.999Z</time>
      </trkpt>
      <trkpt lat="49.557866" lon="14.459939">
        <ele>608.578482</ele>
        <time>2026-05-06T13:40:30.999Z</time>
      </trkpt>
      <trkpt lat="49.557776" lon="14.459907">
        <ele>609.247681</ele>
        <time>2026-05-06T13:40:40.999Z</time>
      </trkpt>
      <trkpt lat="49.557689" lon="14.459866">
        <ele>609.906821</ele>
        <time>2026-05-06T13:40:50.999Z</time>
      </trkpt>
      <trkpt lat="49.557604" lon="14.459818">
        <ele>610.562694</ele>
        <time>2026-05-06T13:40:59.999Z</time>
      </trkpt>
      <trkpt lat="49.557511" lon="14.459779">
        <ele>611.260997</ele>
        <time>2026-05-06T13:41:08.999Z</time>
      </trkpt>
      <trkpt lat="49.557423" lon="14.459741">
        <ele>611.923128</ele>
        <time>2026-05-06T13:41:15.999Z</time>
      </trkpt>
      <trkpt lat="49.557338" lon="14.459693">
        <ele>612.579001</ele>
        <time>2026-05-06T13:41:23.999Z</time>
      </trkpt>
      <trkpt lat="49.557251" lon="14.459645">
        <ele>613.248500</ele>
        <time>2026-05-06T13:41:31.998Z</time>
      </trkpt>
      <trkpt lat="49.557158" lon="14.459608">
        <ele>613.944395</ele>
        <time>2026-05-06T13:41:39.998Z</time>
      </trkpt>
      <trkpt lat="49.557068" lon="14.459574">
        <ele>614.615770</ele>
        <time>2026-05-06T13:41:47.998Z</time>
      </trkpt>
      <trkpt lat="49.556977" lon="14.459554">
        <ele>615.281762</ele>
        <time>2026-05-06T13:41:56.000Z</time>
      </trkpt>
      <trkpt lat="49.556615" lon="14.459626">
        <ele>617.926315</ele>
        <time>2026-05-06T13:43:41.998Z</time>
      </trkpt>
      <trkpt lat="49.556525" lon="14.459693">
        <ele>618.650450</ele>
        <time>2026-05-06T13:43:44.998Z</time>
      </trkpt>
      <trkpt lat="49.556429" lon="14.459749">
        <ele>619.394136</ele>
        <time>2026-05-06T13:43:47.998Z</time>
      </trkpt>
      <trkpt lat="49.556333" lon="14.459804">
        <ele>620.136171</ele>
        <time>2026-05-06T13:43:50.998Z</time>
      </trkpt>
      <trkpt lat="49.556234" lon="14.459850">
        <ele>620.885335</ele>
        <time>2026-05-06T13:43:53.998Z</time>
      </trkpt>
      <trkpt lat="49.556130" lon="14.459884">
        <ele>621.263014</ele>
        <time>2026-05-06T13:43:56.998Z</time>
      </trkpt>
      <trkpt lat="49.556021" lon="14.459916">
        <ele>621.401622</ele>
        <time>2026-05-06T13:44:00.000Z</time>
      </trkpt>
      <trkpt lat="49.555906" lon="14.459939">
        <ele>621.546482</ele>
        <time>2026-05-06T13:44:03.000Z</time>
      </trkpt>
      <trkpt lat="49.555782" lon="14.459961">
        <ele>621.702403</ele>
        <time>2026-05-06T13:44:06.000Z</time>
      </trkpt>
      <trkpt lat="49.555687" lon="14.459971">
        <ele>621.821351</ele>
        <time>2026-05-06T13:44:08.000Z</time>
      </trkpt>
      <trkpt lat="49.555592" lon="14.459951">
        <ele>621.941125</ele>
        <time>2026-05-06T13:44:10.000Z</time>
      </trkpt>
      <trkpt lat="49.555496" lon="14.459932">
        <ele>622.062031</ele>
        <time>2026-05-06T13:44:12.000Z</time>
      </trkpt>
      <trkpt lat="49.555398" lon="14.459926">
        <ele>622.184547</ele>
        <time>2026-05-06T13:44:14.000Z</time>
      </trkpt>
      <trkpt lat="49.555298" lon="14.459909">
        <ele>622.310223</ele>
        <time>2026-05-06T13:44:16.000Z</time>
      </trkpt>
      <trkpt lat="49.555163" lon="14.459880">
        <ele>622.480492</ele>
        <time>2026-05-06T13:44:18.000Z</time>
      </trkpt>
      <trkpt lat="49.555001" lon="14.459871">
        <ele>622.682991</ele>
        <time>2026-05-06T13:44:20.000Z</time>
      </trkpt>
      <trkpt lat="49.554837" lon="14.459886">
        <ele>622.888217</ele>
        <time>2026-05-06T13:44:22.000Z</time>
      </trkpt>
      <trkpt lat="49.554709" lon="14.459886">
        <ele>623.048112</ele>
        <time>2026-05-06T13:44:24.000Z</time>
      </trkpt>
      <trkpt lat="49.554595" lon="14.459915">
        <ele>623.192445</ele>
        <time>2026-05-06T13:44:26.000Z</time>
      </trkpt>
      <trkpt lat="49.554485" lon="14.460008">
        <ele>623.349165</ele>
        <time>2026-05-06T13:44:28.999Z</time>
      </trkpt>
      <trkpt lat="49.554407" lon="14.460123">
        <ele>623.638056</ele>
        <time>2026-05-06T13:44:34.999Z</time>
      </trkpt>
      <trkpt lat="49.554334" lon="14.460238">
        <ele>624.127548</ele>
        <time>2026-05-06T13:44:40.999Z</time>
      </trkpt>
      <trkpt lat="49.554262" lon="14.460340">
        <ele>624.586137</ele>
        <time>2026-05-06T13:44:46.999Z</time>
      </trkpt>
      <trkpt lat="49.554192" lon="14.460456">
        <ele>625.068119</ele>
        <time>2026-05-06T13:44:51.999Z</time>
      </trkpt>
      <trkpt lat="49.554110" lon="14.460557">
        <ele>625.560353</ele>
        <time>2026-05-06T13:44:57.999Z</time>
      </trkpt>
      <trkpt lat="49.554049" lon="14.460689">
        <ele>626.053409</ele>
        <time>2026-05-06T13:45:03.999Z</time>
      </trkpt>
      <trkpt lat="49.553992" lon="14.460833">
        <ele>626.566613</ele>
        <time>2026-05-06T13:45:09.999Z</time>
      </trkpt>
      <trkpt lat="49.553939" lon="14.460958">
        <ele>627.020922</ele>
        <time>2026-05-06T13:45:14.999Z</time>
      </trkpt>
      <trkpt lat="49.553878" lon="14.461086">
        <ele>627.504119</ele>
        <time>2026-05-06T13:45:19.999Z</time>
      </trkpt>
      <trkpt lat="49.553829" lon="14.461223">
        <ele>627.980065</ele>
        <time>2026-05-06T13:45:23.999Z</time>
      </trkpt>
      <trkpt lat="49.553777" lon="14.461362">
        <ele>628.468222</ele>
        <time>2026-05-06T13:45:27.999Z</time>
      </trkpt>
      <trkpt lat="49.553741" lon="14.461494">
        <ele>628.903853</ele>
        <time>2026-05-06T13:45:31.999Z</time>
      </trkpt>
      <trkpt lat="49.553711" lon="14.461632">
        <ele>629.346639</ele>
        <time>2026-05-06T13:45:35.999Z</time>
      </trkpt>
      <trkpt lat="49.553675" lon="14.461792">
        <ele>629.861857</ele>
        <time>2026-05-06T13:45:39.998Z</time>
      </trkpt>
      <trkpt lat="49.553613" lon="14.461954">
        <ele>630.434088</ele>
        <time>2026-05-06T13:45:43.998Z</time>
      </trkpt>
      <trkpt lat="49.553561" lon="14.462084">
        <ele>630.898729</ele>
        <time>2026-05-06T13:45:46.998Z</time>
      </trkpt>
      <trkpt lat="49.553494" lon="14.462206">
        <ele>631.385029</ele>
        <time>2026-05-06T13:45:49.998Z</time>
      </trkpt>
      <trkpt lat="49.553419" lon="14.462305">
        <ele>631.848090</ele>
        <time>2026-05-06T13:45:52.998Z</time>
      </trkpt>
      <trkpt lat="49.553350" lon="14.462401">
        <ele>632.128254</ele>
        <time>2026-05-06T13:45:55.998Z</time>
      </trkpt>
      <trkpt lat="49.553283" lon="14.462508">
        <ele>632.413310</ele>
        <time>2026-05-06T13:45:58.998Z</time>
      </trkpt>
      <trkpt lat="49.553181" lon="14.462599">
        <ele>632.761530</ele>
        <time>2026-05-06T13:46:02.998Z</time>
      </trkpt>
      <trkpt lat="49.553083" lon="14.462684">
        <ele>633.093784</ele>
        <time>2026-05-06T13:46:07.000Z</time>
      </trkpt>
      <trkpt lat="49.552980" lon="14.462781">
        <ele>633.450423</ele>
        <time>2026-05-06T13:46:11.000Z</time>
      </trkpt>
      <trkpt lat="49.552890" lon="14.462838">
        <ele>633.737918</ele>
        <time>2026-05-06T13:46:14.000Z</time>
      </trkpt>
      <trkpt lat="49.552794" lon="14.462919">
        <ele>634.061285</ele>
        <time>2026-05-06T13:46:18.000Z</time>
      </trkpt>
      <trkpt lat="49.552711" lon="14.462991">
        <ele>634.342693</ele>
        <time>2026-05-06T13:46:22.000Z</time>
      </trkpt>
      <trkpt lat="49.552629" lon="14.463094">
        <ele>634.655238</ele>
        <time>2026-05-06T13:46:26.000Z</time>
      </trkpt>
      <trkpt lat="49.552541" lon="14.463177">
        <ele>634.960066</ele>
        <time>2026-05-06T13:46:30.000Z</time>
      </trkpt>
      <trkpt lat="49.552458" lon="14.463308">
        <ele>635.311064</ele>
        <time>2026-05-06T13:46:34.000Z</time>
      </trkpt>
      <trkpt lat="49.552410" lon="14.463426">
        <ele>635.578041</ele>
        <time>2026-05-06T13:46:36.999Z</time>
      </trkpt>
      <trkpt lat="49.552375" lon="14.463559">
        <ele>635.853162</ele>
        <time>2026-05-06T13:46:39.999Z</time>
      </trkpt>
      <trkpt lat="49.552338" lon="14.463699">
        <ele>636.142938</ele>
        <time>2026-05-06T13:46:42.999Z</time>
      </trkpt>
      <trkpt lat="49.552296" lon="14.463827">
        <ele>636.417896</ele>
        <time>2026-05-06T13:46:45.999Z</time>
      </trkpt>
      <trkpt lat="49.552262" lon="14.463959">
        <ele>636.690138</ele>
        <time>2026-05-06T13:46:48.999Z</time>
      </trkpt>
      <trkpt lat="49.552199" lon="14.464099">
        <ele>637.016741</ele>
        <time>2026-05-06T13:46:52.999Z</time>
      </trkpt>
      <trkpt lat="49.552137" lon="14.464238">
        <ele>637.441465</ele>
        <time>2026-05-06T13:46:56.999Z</time>
      </trkpt>
      <trkpt lat="49.552083" lon="14.464368">
        <ele>637.921854</ele>
        <time>2026-05-06T13:47:00.999Z</time>
      </trkpt>
      <trkpt lat="49.552003" lon="14.464435">
        <ele>638.358596</ele>
        <time>2026-05-06T13:47:03.999Z</time>
      </trkpt>
      <trkpt lat="49.551900" lon="14.464516">
        <ele>638.913270</ele>
        <time>2026-05-06T13:47:07.999Z</time>
      </trkpt>
      <trkpt lat="49.551806" lon="14.464613">
        <ele>639.455900</ele>
        <time>2026-05-06T13:47:11.999Z</time>
      </trkpt>
      <trkpt lat="49.551741" lon="14.464725">
        <ele>639.923563</ele>
        <time>2026-05-06T13:47:15.999Z</time>
      </trkpt>
      <trkpt lat="49.551677" lon="14.464846">
        <ele>640.409413</ele>
        <time>2026-05-06T13:47:19.999Z</time>
      </trkpt>
      <trkpt lat="49.551624" lon="14.464959">
        <ele>640.843354</ele>
        <time>2026-05-06T13:47:22.999Z</time>
      </trkpt>
      <trkpt lat="49.551575" lon="14.465120">
        <ele>641.396793</ele>
        <time>2026-05-06T13:47:26.999Z</time>
      </trkpt>
      <trkpt lat="49.551557" lon="14.465258">
        <ele>641.834854</ele>
        <time>2026-05-06T13:47:29.999Z</time>
      </trkpt>
      <trkpt lat="49.551543" lon="14.465431">
        <ele>642.377417</ele>
        <time>2026-05-06T13:47:33.999Z</time>
      </trkpt>
      <trkpt lat="49.551531" lon="14.465589">
        <ele>642.872484</ele>
        <time>2026-05-06T13:47:37.999Z</time>
      </trkpt>
      <trkpt lat="49.551518" lon="14.465753">
        <ele>643.386662</ele>
        <time>2026-05-06T13:47:42.999Z</time>
      </trkpt>
      <trkpt lat="49.551506" lon="14.465916">
        <ele>643.897188</ele>
        <time>2026-05-06T13:47:47.998Z</time>
      </trkpt>
      <trkpt lat="49.551495" lon="14.466068">
        <ele>644.373159</ele>
        <time>2026-05-06T13:47:52.998Z</time>
      </trkpt>
      <trkpt lat="49.551485" lon="14.466208">
        <ele>644.811484</ele>
        <time>2026-05-06T13:47:57.998Z</time>
      </trkpt>
      <trkpt lat="49.551474" lon="14.466374">
        <ele>645.330778</ele>
        <time>2026-05-06T13:48:02.998Z</time>
      </trkpt>
      <trkpt lat="49.551464" lon="14.466521">
        <ele>645.790763</ele>
        <time>2026-05-06T13:48:07.998Z</time>
      </trkpt>
      <trkpt lat="49.551439" lon="14.466687">
        <ele>646.221594</ele>
        <time>2026-05-06T13:48:14.000Z</time>
      </trkpt>
      <trkpt lat="49.551414" lon="14.466827">
        <ele>646.586275</ele>
        <time>2026-05-06T13:48:19.000Z</time>
      </trkpt>
      <trkpt lat="49.551378" lon="14.466987">
        <ele>647.011591</ele>
        <time>2026-05-06T13:48:25.000Z</time>
      </trkpt>
      <trkpt lat="49.551340" lon="14.467124">
        <ele>647.385790</ele>
        <time>2026-05-06T13:48:30.000Z</time>
      </trkpt>
      <trkpt lat="49.551293" lon="14.467263">
        <ele>647.779453</ele>
        <time>2026-05-06T13:48:35.000Z</time>
      </trkpt>
      <trkpt lat="49.551243" lon="14.467400">
        <ele>648.174232</ele>
        <time>2026-05-06T13:48:40.000Z</time>
      </trkpt>
      <trkpt lat="49.551185" lon="14.467536">
        <ele>648.582982</ele>
        <time>2026-05-06T13:48:44.999Z</time>
      </trkpt>
      <trkpt lat="49.551137" lon="14.467664">
        <ele>648.954291</ele>
        <time>2026-05-06T13:48:48.999Z</time>
      </trkpt>
      <trkpt lat="49.551077" lon="14.467806">
        <ele>649.379890</ele>
        <time>2026-05-06T13:48:52.999Z</time>
      </trkpt>
      <trkpt lat="49.551010" lon="14.467941">
        <ele>649.806770</ele>
        <time>2026-05-06T13:48:56.999Z</time>
      </trkpt>
      <trkpt lat="49.550990" lon="14.468099">
        <ele>650.211068</ele>
        <time>2026-05-06T13:49:00.999Z</time>
      </trkpt>
      <trkpt lat="49.550990" lon="14.468238">
        <ele>650.560166</ele>
        <time>2026-05-06T13:49:03.999Z</time>
      </trkpt>
      <trkpt lat="49.551003" lon="14.468396">
        <ele>650.960160</ele>
        <time>2026-05-06T13:49:07.999Z</time>
      </trkpt>
      <trkpt lat="49.550997" lon="14.468551">
        <ele>651.350133</ele>
        <time>2026-05-06T13:49:12.999Z</time>
      </trkpt>
      <trkpt lat="49.550975" lon="14.468691">
        <ele>651.711909</ele>
        <time>2026-05-06T13:49:16.999Z</time>
      </trkpt>
      <trkpt lat="49.550935" lon="14.468820">
        <ele>652.070994</ele>
        <time>2026-05-06T13:49:20.999Z</time>
      </trkpt>
      <trkpt lat="49.550902" lon="14.468956">
        <ele>652.435666</ele>
        <time>2026-05-06T13:49:24.999Z</time>
      </trkpt>
      <trkpt lat="49.550886" lon="14.469099">
        <ele>652.813042</ele>
        <time>2026-05-06T13:49:28.999Z</time>
      </trkpt>
      <trkpt lat="49.550892" lon="14.469242">
        <ele>653.319258</ele>
        <time>2026-05-06T13:49:32.999Z</time>
      </trkpt>
      <trkpt lat="49.550907" lon="14.469414">
        <ele>653.932328</ele>
        <time>2026-05-06T13:49:37.999Z</time>
      </trkpt>
      <trkpt lat="49.550925" lon="14.469551">
        <ele>654.426117</ele>
        <time>2026-05-06T13:49:41.999Z</time>
      </trkpt>
      <trkpt lat="49.550959" lon="14.469712">
        <ele>655.024236</ele>
        <time>2026-05-06T13:49:46.999Z</time>
      </trkpt>
      <trkpt lat="49.550892" lon="14.469853">
        <ele>655.641642</ele>
        <time>2026-05-06T13:49:51.998Z</time>
      </trkpt>
      <trkpt lat="49.550824" lon="14.469946">
        <ele>656.136644</ele>
        <time>2026-05-06T13:49:57.998Z</time>
      </trkpt>
      <trkpt lat="49.550736" lon="14.470051">
        <ele>656.742599</ele>
        <time>2026-05-06T13:50:02.998Z</time>
      </trkpt>
      <trkpt lat="49.550635" lon="14.470115">
        <ele>657.337207</ele>
        <time>2026-05-06T13:50:08.998Z</time>
      </trkpt>
      <trkpt lat="49.550544" lon="14.470187">
        <ele>657.894173</ele>
        <time>2026-05-06T13:50:13.998Z</time>
      </trkpt>
      <trkpt lat="49.550450" lon="14.470270">
        <ele>658.484041</ele>
        <time>2026-05-06T13:50:20.000Z</time>
      </trkpt>
      <trkpt lat="49.550370" lon="14.470340">
        <ele>658.984939</ele>
        <time>2026-05-06T13:50:25.000Z</time>
      </trkpt>
      <trkpt lat="49.550280" lon="14.470410">
        <ele>659.533849</ele>
        <time>2026-05-06T13:50:31.000Z</time>
      </trkpt>
      <trkpt lat="49.550183" lon="14.470467">
        <ele>660.099099</ele>
        <time>2026-05-06T13:50:38.000Z</time>
      </trkpt>
      <trkpt lat="49.550111" lon="14.470552">
        <ele>660.592924</ele>
        <time>2026-05-06T13:50:44.000Z</time>
      </trkpt>
      <trkpt lat="49.550047" lon="14.470656">
        <ele>661.099302</ele>
        <time>2026-05-06T13:50:49.999Z</time>
      </trkpt>
      <trkpt lat="49.549985" lon="14.470776">
        <ele>661.641220</ele>
        <time>2026-05-06T13:50:55.999Z</time>
      </trkpt>
      <trkpt lat="49.549925" lon="14.470900">
        <ele>662.187683</ele>
        <time>2026-05-06T13:51:01.999Z</time>
      </trkpt>
      <trkpt lat="49.549884" lon="14.471026">
        <ele>662.658998</ele>
        <time>2026-05-06T13:51:07.999Z</time>
      </trkpt>
      <trkpt lat="49.549818" lon="14.471146">
        <ele>663.094988</ele>
        <time>2026-05-06T13:51:13.999Z</time>
      </trkpt>
      <trkpt lat="49.549769" lon="14.471268">
        <ele>663.492645</ele>
        <time>2026-05-06T13:51:19.999Z</time>
      </trkpt>
      <trkpt lat="49.549707" lon="14.471401">
        <ele>663.946525</ele>
        <time>2026-05-06T13:51:25.999Z</time>
      </trkpt>
      <trkpt lat="49.549644" lon="14.471525">
        <ele>664.383013</ele>
        <time>2026-05-06T13:51:31.999Z</time>
      </trkpt>
      <trkpt lat="49.549593" lon="14.471660">
        <ele>664.815960</ele>
        <time>2026-05-06T13:51:36.999Z</time>
      </trkpt>
      <trkpt lat="49.549521" lon="14.471778">
        <ele>665.264893</ele>
        <time>2026-05-06T13:51:41.999Z</time>
      </trkpt>
      <trkpt lat="49.549443" lon="14.471883">
        <ele>665.707270</ele>
        <time>2026-05-06T13:51:46.999Z</time>
      </trkpt>
      <trkpt lat="49.549343" lon="14.471957">
        <ele>666.181119</ele>
        <time>2026-05-06T13:51:51.998Z</time>
      </trkpt>
      <trkpt lat="49.549266" lon="14.472062">
        <ele>666.620288</ele>
        <time>2026-05-06T13:51:55.998Z</time>
      </trkpt>
      <trkpt lat="49.549181" lon="14.472144">
        <ele>667.048637</ele>
        <time>2026-05-06T13:51:59.998Z</time>
      </trkpt>
      <trkpt lat="49.549093" lon="14.472218">
        <ele>667.476851</ele>
        <time>2026-05-06T13:52:03.998Z</time>
      </trkpt>
      <trkpt lat="49.549000" lon="14.472273">
        <ele>667.902357</ele>
        <time>2026-05-06T13:52:07.998Z</time>
      </trkpt>
      <trkpt lat="49.548909" lon="14.472356">
        <ele>668.354042</ele>
        <time>2026-05-06T13:52:11.998Z</time>
      </trkpt>
      <trkpt lat="49.548809" lon="14.472416">
        <ele>668.812435</ele>
        <time>2026-05-06T13:52:16.998Z</time>
      </trkpt>
      <trkpt lat="49.548711" lon="14.472462">
        <ele>669.250041</ele>
        <time>2026-05-06T13:52:20.998Z</time>
      </trkpt>
      <trkpt lat="49.548614" lon="14.472514">
        <ele>669.688742</ele>
        <time>2026-05-06T13:52:25.000Z</time>
      </trkpt>
      <trkpt lat="49.548503" lon="14.472557">
        <ele>670.177645</ele>
        <time>2026-05-06T13:52:30.000Z</time>
      </trkpt>
      <trkpt lat="49.548402" lon="14.472621">
        <ele>670.387715</ele>
        <time>2026-05-06T13:52:35.000Z</time>
      </trkpt>
      <trkpt lat="49.548311" lon="14.472687">
        <ele>670.541185</ele>
        <time>2026-05-06T13:52:39.000Z</time>
      </trkpt>
      <trkpt lat="49.548227" lon="14.472743">
        <ele>670.680844</ele>
        <time>2026-05-06T13:52:43.000Z</time>
      </trkpt>
      <trkpt lat="49.548130" lon="14.472820">
        <ele>670.847342</ele>
        <time>2026-05-06T13:52:48.000Z</time>
      </trkpt>
      <trkpt lat="49.548037" lon="14.472877">
        <ele>671.000067</ele>
        <time>2026-05-06T13:52:52.999Z</time>
      </trkpt>
      <trkpt lat="49.547959" lon="14.472958">
        <ele>671.143589</ele>
        <time>2026-05-06T13:52:57.999Z</time>
      </trkpt>
      <trkpt lat="49.547874" lon="14.473012">
        <ele>671.283883</ele>
        <time>2026-05-06T13:53:01.999Z</time>
      </trkpt>
      <trkpt lat="49.547781" lon="14.473093">
        <ele>671.446891</ele>
        <time>2026-05-06T13:53:06.999Z</time>
      </trkpt>
      <trkpt lat="49.547693" lon="14.473161">
        <ele>671.597109</ele>
        <time>2026-05-06T13:53:10.999Z</time>
      </trkpt>
      <trkpt lat="49.547600" lon="14.473208">
        <ele>671.746459</ele>
        <time>2026-05-06T13:53:15.999Z</time>
      </trkpt>
      <trkpt lat="49.547498" lon="14.473224">
        <ele>671.902912</ele>
        <time>2026-05-06T13:53:19.999Z</time>
      </trkpt>
      <trkpt lat="49.547407" lon="14.473236">
        <ele>672.042284</ele>
        <time>2026-05-06T13:53:23.999Z</time>
      </trkpt>
      <trkpt lat="49.547299" lon="14.473242">
        <ele>672.207196</ele>
        <time>2026-05-06T13:53:27.999Z</time>
      </trkpt>
      <trkpt lat="49.547200" lon="14.473250">
        <ele>672.358475</ele>
        <time>2026-05-06T13:53:30.999Z</time>
      </trkpt>
      <trkpt lat="49.547101" lon="14.473277">
        <ele>672.511894</ele>
        <time>2026-05-06T13:53:33.999Z</time>
      </trkpt>
      <trkpt lat="49.546998" lon="14.473333">
        <ele>672.678562</ele>
        <time>2026-05-06T13:53:36.999Z</time>
      </trkpt>
      <trkpt lat="49.546907" lon="14.473395">
        <ele>672.830389</ele>
        <time>2026-05-06T13:53:39.999Z</time>
      </trkpt>
      <trkpt lat="49.546816" lon="14.473497">
        <ele>672.981483</ele>
        <time>2026-05-06T13:53:42.999Z</time>
      </trkpt>
      <trkpt lat="49.546726" lon="14.473565">
        <ele>672.875936</ele>
        <time>2026-05-06T13:53:45.999Z</time>
      </trkpt>
      <trkpt lat="49.546622" lon="14.473606">
        <ele>672.762897</ele>
        <time>2026-05-06T13:53:48.999Z</time>
      </trkpt>
      <trkpt lat="49.546530" lon="14.473635">
        <ele>672.664014</ele>
        <time>2026-05-06T13:53:51.999Z</time>
      </trkpt>
      <trkpt lat="49.546434" lon="14.473659">
        <ele>672.561603</ele>
        <time>2026-05-06T13:53:54.999Z</time>
      </trkpt>
      <trkpt lat="49.546328" lon="14.473689">
        <ele>672.448117</ele>
        <time>2026-05-06T13:53:57.999Z</time>
      </trkpt>
      <trkpt lat="49.546221" lon="14.473761">
        <ele>672.325174</ele>
        <time>2026-05-06T13:54:01.998Z</time>
      </trkpt>
      <trkpt lat="49.546127" lon="14.473809">
        <ele>672.220899</ele>
        <time>2026-05-06T13:54:04.998Z</time>
      </trkpt>
      <trkpt lat="49.546035" lon="14.473875">
        <ele>672.114041</ele>
        <time>2026-05-06T13:54:07.998Z</time>
      </trkpt>
      <trkpt lat="49.545953" lon="14.473949">
        <ele>672.013980</ele>
        <time>2026-05-06T13:54:10.998Z</time>
      </trkpt>
      <trkpt lat="49.545869" lon="14.474039">
        <ele>671.906253</ele>
        <time>2026-05-06T13:54:14.998Z</time>
      </trkpt>
      <trkpt lat="49.545766" lon="14.474152">
        <ele>671.773120</ele>
        <time>2026-05-06T13:54:18.998Z</time>
      </trkpt>
      <trkpt lat="49.545672" lon="14.474223">
        <ele>671.662888</ele>
        <time>2026-05-06T13:54:21.998Z</time>
      </trkpt>
      <trkpt lat="49.545577" lon="14.474261">
        <ele>671.559537</ele>
        <time>2026-05-06T13:54:24.998Z</time>
      </trkpt>
      <trkpt lat="49.545476" lon="14.474279">
        <ele>671.452474</ele>
        <time>2026-05-06T13:54:27.998Z</time>
      </trkpt>
      <trkpt lat="49.545372" lon="14.474285">
        <ele>671.342884</ele>
        <time>2026-05-06T13:54:31.000Z</time>
      </trkpt>
      <trkpt lat="49.545288" lon="14.474369">
        <ele>671.237442</ele>
        <time>2026-05-06T13:54:34.000Z</time>
      </trkpt>
      <trkpt lat="49.545210" lon="14.474476">
        <ele>671.127484</ele>
        <time>2026-05-06T13:54:37.000Z</time>
      </trkpt>
      <trkpt lat="49.545140" lon="14.474612">
        <ele>670.758211</ele>
        <time>2026-05-06T13:54:40.000Z</time>
      </trkpt>
      <trkpt lat="49.545068" lon="14.474747">
        <ele>670.294884</ele>
        <time>2026-05-06T13:54:43.000Z</time>
      </trkpt>
      <trkpt lat="49.544998" lon="14.474881">
        <ele>669.838770</ele>
        <time>2026-05-06T13:54:46.000Z</time>
      </trkpt>
      <trkpt lat="49.544936" lon="14.474987">
        <ele>669.460393</ele>
        <time>2026-05-06T13:54:49.000Z</time>
      </trkpt>
      <trkpt lat="49.544856" lon="14.475139">
        <ele>668.941476</ele>
        <time>2026-05-06T13:54:52.000Z</time>
      </trkpt>
      <trkpt lat="49.544758" lon="14.475273">
        <ele>668.406141</ele>
        <time>2026-05-06T13:54:54.999Z</time>
      </trkpt>
      <trkpt lat="49.544683" lon="14.475396">
        <ele>667.958621</ele>
        <time>2026-05-06T13:54:57.999Z</time>
      </trkpt>
      <trkpt lat="49.544597" lon="14.475528">
        <ele>667.462659</ele>
        <time>2026-05-06T13:55:01.999Z</time>
      </trkpt>
      <trkpt lat="49.544546" lon="14.475655">
        <ele>667.066664</ele>
        <time>2026-05-06T13:55:03.999Z</time>
      </trkpt>
      <trkpt lat="49.544483" lon="14.475765">
        <ele>666.677651</ele>
        <time>2026-05-06T13:55:06.999Z</time>
      </trkpt>
      <trkpt lat="49.544403" lon="14.475835">
        <ele>666.301742</ele>
        <time>2026-05-06T13:55:08.999Z</time>
      </trkpt>
      <trkpt lat="49.544373" lon="14.475970">
        <ele>665.923396</ele>
        <time>2026-05-06T13:55:12.999Z</time>
      </trkpt>
      <trkpt lat="49.544312" lon="14.476100">
        <ele>665.498033</ele>
        <time>2026-05-06T13:55:15.999Z</time>
      </trkpt>
      <trkpt lat="49.544254" lon="14.476251">
        <ele>665.032784</ele>
        <time>2026-05-06T13:55:18.999Z</time>
      </trkpt>
      <trkpt lat="49.544200" lon="14.476364">
        <ele>664.660692</ele>
        <time>2026-05-06T13:55:21.999Z</time>
      </trkpt>
      <trkpt lat="49.544161" lon="14.476537">
        <ele>664.175107</ele>
        <time>2026-05-06T13:55:24.999Z</time>
      </trkpt>
      <trkpt lat="49.544121" lon="14.476679">
        <ele>663.764661</ele>
        <time>2026-05-06T13:55:27.999Z</time>
      </trkpt>
      <trkpt lat="49.544064" lon="14.476822">
        <ele>663.621203</ele>
        <time>2026-05-06T13:55:30.999Z</time>
      </trkpt>
      <trkpt lat="49.544009" lon="14.476936">
        <ele>663.510783</ele>
        <time>2026-05-06T13:55:33.999Z</time>
      </trkpt>
      <trkpt lat="49.543916" lon="14.477055">
        <ele>663.365984</ele>
        <time>2026-05-06T13:55:36.999Z</time>
      </trkpt>
      <trkpt lat="49.543810" lon="14.477167">
        <ele>663.212030</ele>
        <time>2026-05-06T13:55:39.999Z</time>
      </trkpt>
      <trkpt lat="49.543713" lon="14.477269">
        <ele>663.071362</ele>
        <time>2026-05-06T13:55:41.999Z</time>
      </trkpt>
      <trkpt lat="49.543625" lon="14.477392">
        <ele>662.929049</ele>
        <time>2026-05-06T13:55:44.999Z</time>
      </trkpt>
      <trkpt lat="49.543550" lon="14.477472">
        <ele>662.819786</ele>
        <time>2026-05-06T13:55:46.999Z</time>
      </trkpt>
      <trkpt lat="49.543471" lon="14.477547">
        <ele>662.708636</ele>
        <time>2026-05-06T13:55:48.999Z</time>
      </trkpt>
      <trkpt lat="49.543391" lon="14.477632">
        <ele>662.592236</ele>
        <time>2026-05-06T13:55:50.999Z</time>
      </trkpt>
      <trkpt lat="49.543312" lon="14.477718">
        <ele>662.476373</ele>
        <time>2026-05-06T13:55:52.999Z</time>
      </trkpt>
      <trkpt lat="49.543233" lon="14.477798">
        <ele>662.363137</ele>
        <time>2026-05-06T13:55:54.999Z</time>
      </trkpt>
      <trkpt lat="49.543154" lon="14.477895">
        <ele>662.242139</ele>
        <time>2026-05-06T13:55:56.999Z</time>
      </trkpt>
      <trkpt lat="49.543068" lon="14.477988">
        <ele>662.116288</ele>
        <time>2026-05-06T13:55:58.999Z</time>
      </trkpt>
      <trkpt lat="49.542992" lon="14.478082">
        <ele>661.999553</ele>
        <time>2026-05-06T13:56:00.998Z</time>
      </trkpt>
      <trkpt lat="49.542906" lon="14.478180">
        <ele>661.871429</ele>
        <time>2026-05-06T13:56:02.998Z</time>
      </trkpt>
      <trkpt lat="49.542830" lon="14.478290">
        <ele>661.746533</ele>
        <time>2026-05-06T13:56:04.998Z</time>
      </trkpt>
      <trkpt lat="49.542749" lon="14.478399">
        <ele>661.617718</ele>
        <time>2026-05-06T13:56:06.998Z</time>
      </trkpt>
      <trkpt lat="49.542674" lon="14.478501">
        <ele>661.599884</ele>
        <time>2026-05-06T13:56:08.998Z</time>
      </trkpt>
      <trkpt lat="49.542599" lon="14.478608">
        <ele>661.610637</ele>
        <time>2026-05-06T13:56:10.998Z</time>
      </trkpt>
      <trkpt lat="49.542525" lon="14.478714">
        <ele>661.621266</ele>
        <time>2026-05-06T13:56:12.998Z</time>
      </trkpt>
      <trkpt lat="49.542456" lon="14.478822">
        <ele>661.631613</ele>
        <time>2026-05-06T13:56:14.998Z</time>
      </trkpt>
      <trkpt lat="49.542390" lon="14.478927">
        <ele>661.641593</ele>
        <time>2026-05-06T13:56:16.998Z</time>
      </trkpt>
      <trkpt lat="49.542309" lon="14.479067">
        <ele>661.654398</ele>
        <time>2026-05-06T13:56:19.998Z</time>
      </trkpt>
      <trkpt lat="49.542230" lon="14.479179">
        <ele>661.665692</ele>
        <time>2026-05-06T13:56:23.998Z</time>
      </trkpt>
      <trkpt lat="49.542022" lon="14.478860">
        <ele>661.696565</ele>
        <time>2026-05-06T13:58:30.998Z</time>
      </trkpt>
      <trkpt lat="49.541971" lon="14.478743">
        <ele>661.706188</ele>
        <time>2026-05-06T13:58:32.998Z</time>
      </trkpt>
      <trkpt lat="49.541920" lon="14.478619">
        <ele>661.716210</ele>
        <time>2026-05-06T13:58:34.998Z</time>
      </trkpt>
      <trkpt lat="49.541871" lon="14.478489">
        <ele>661.726474</ele>
        <time>2026-05-06T13:58:36.998Z</time>
      </trkpt>
      <trkpt lat="49.541820" lon="14.478348">
        <ele>661.737494</ele>
        <time>2026-05-06T13:58:38.998Z</time>
      </trkpt>
      <trkpt lat="49.541765" lon="14.478208">
        <ele>661.748667</ele>
        <time>2026-05-06T13:58:41.000Z</time>
      </trkpt>
      <trkpt lat="49.541712" lon="14.478058">
        <ele>661.760327</ele>
        <time>2026-05-06T13:58:43.000Z</time>
      </trkpt>
      <trkpt lat="49.541658" lon="14.477904">
        <ele>661.772278</ele>
        <time>2026-05-06T13:58:45.000Z</time>
      </trkpt>
      <trkpt lat="49.541601" lon="14.477741">
        <ele>661.741466</ele>
        <time>2026-05-06T13:58:47.000Z</time>
      </trkpt>
      <trkpt lat="49.541544" lon="14.477570">
        <ele>661.613259</ele>
        <time>2026-05-06T13:58:49.000Z</time>
      </trkpt>
      <trkpt lat="49.541489" lon="14.477404">
        <ele>661.488957</ele>
        <time>2026-05-06T13:58:51.000Z</time>
      </trkpt>
      <trkpt lat="49.541435" lon="14.477242">
        <ele>661.367497</ele>
        <time>2026-05-06T13:58:53.000Z</time>
      </trkpt>
      <trkpt lat="49.541374" lon="14.477084">
        <ele>661.244887</ele>
        <time>2026-05-06T13:58:55.000Z</time>
      </trkpt>
      <trkpt lat="49.541306" lon="14.476932">
        <ele>661.121760</ele>
        <time>2026-05-06T13:58:57.000Z</time>
      </trkpt>
      <trkpt lat="49.541235" lon="14.476789">
        <ele>661.001679</ele>
        <time>2026-05-06T13:58:59.000Z</time>
      </trkpt>
      <trkpt lat="49.541159" lon="14.476643">
        <ele>660.876852</ele>
        <time>2026-05-06T13:59:01.000Z</time>
      </trkpt>
      <trkpt lat="49.541076" lon="14.476498">
        <ele>660.747903</ele>
        <time>2026-05-06T13:59:03.000Z</time>
      </trkpt>
      <trkpt lat="49.541007" lon="14.476337">
        <ele>660.619226</ele>
        <time>2026-05-06T13:59:05.000Z</time>
      </trkpt>
      <trkpt lat="49.540937" lon="14.476153">
        <ele>660.476980</ele>
        <time>2026-05-06T13:59:06.999Z</time>
      </trkpt>
      <trkpt lat="49.540881" lon="14.475952">
        <ele>660.331097</ele>
        <time>2026-05-06T13:59:08.999Z</time>
      </trkpt>
      <trkpt lat="49.540823" lon="14.475745">
        <ele>660.180727</ele>
        <time>2026-05-06T13:59:10.999Z</time>
      </trkpt>
      <trkpt lat="49.540767" lon="14.475526">
        <ele>660.023742</ele>
        <time>2026-05-06T13:59:12.999Z</time>
      </trkpt>
      <trkpt lat="49.540709" lon="14.475311">
        <ele>659.759470</ele>
        <time>2026-05-06T13:59:14.999Z</time>
      </trkpt>
      <trkpt lat="49.540650" lon="14.475100">
        <ele>659.344772</ele>
        <time>2026-05-06T13:59:16.999Z</time>
      </trkpt>
      <trkpt lat="49.540590" lon="14.474896">
        <ele>658.940506</ele>
        <time>2026-05-06T13:59:18.999Z</time>
      </trkpt>
      <trkpt lat="49.540532" lon="14.474686">
        <ele>658.528562</ele>
        <time>2026-05-06T13:59:20.999Z</time>
      </trkpt>
      <trkpt lat="49.540475" lon="14.474480">
        <ele>658.124349</ele>
        <time>2026-05-06T13:59:22.999Z</time>
      </trkpt>
      <trkpt lat="49.540415" lon="14.474272">
        <ele>657.713495</ele>
        <time>2026-05-06T13:59:24.999Z</time>
      </trkpt>
      <trkpt lat="49.540356" lon="14.474072">
        <ele>657.316951</ele>
        <time>2026-05-06T13:59:26.999Z</time>
      </trkpt>
      <trkpt lat="49.540296" lon="14.473872">
        <ele>656.919248</ele>
        <time>2026-05-06T13:59:28.999Z</time>
      </trkpt>
      <trkpt lat="49.540235" lon="14.473664">
        <ele>656.507255</ele>
        <time>2026-05-06T13:59:30.999Z</time>
      </trkpt>
      <trkpt lat="49.540177" lon="14.473462">
        <ele>656.108554</ele>
        <time>2026-05-06T13:59:32.999Z</time>
      </trkpt>
      <trkpt lat="49.540114" lon="14.473259">
        <ele>655.702398</ele>
        <time>2026-05-06T13:59:34.999Z</time>
      </trkpt>
      <trkpt lat="49.540054" lon="14.473052">
        <ele>655.293190</ele>
        <time>2026-05-06T13:59:36.999Z</time>
      </trkpt>
      <trkpt lat="49.539991" lon="14.472834">
        <ele>654.872510</ele>
        <time>2026-05-06T13:59:38.999Z</time>
      </trkpt>
      <trkpt lat="49.539930" lon="14.472616">
        <ele>654.508424</ele>
        <time>2026-05-06T13:59:40.999Z</time>
      </trkpt>
      <trkpt lat="49.539861" lon="14.472397">
        <ele>654.135066</ele>
        <time>2026-05-06T13:59:42.999Z</time>
      </trkpt>
      <trkpt lat="49.539799" lon="14.472174">
        <ele>653.763000</ele>
        <time>2026-05-06T13:59:44.999Z</time>
      </trkpt>
      <trkpt lat="49.539731" lon="14.471947">
        <ele>653.379563</ele>
        <time>2026-05-06T13:59:46.999Z</time>
      </trkpt>
      <trkpt lat="49.539664" lon="14.471724">
        <ele>653.002686</ele>
        <time>2026-05-06T13:59:48.999Z</time>
      </trkpt>
      <trkpt lat="49.539600" lon="14.471503">
        <ele>652.631535</ele>
        <time>2026-05-06T13:59:50.999Z</time>
      </trkpt>
      <trkpt lat="49.539532" lon="14.471279">
        <ele>652.252270</ele>
        <time>2026-05-06T13:59:52.999Z</time>
      </trkpt>
      <trkpt lat="49.539455" lon="14.471056">
        <ele>651.864868</ele>
        <time>2026-05-06T13:59:54.999Z</time>
      </trkpt>
      <trkpt lat="49.539377" lon="14.470829">
        <ele>651.470939</ele>
        <time>2026-05-06T13:59:56.999Z</time>
      </trkpt>
      <trkpt lat="49.539291" lon="14.470605">
        <ele>651.071782</ele>
        <time>2026-05-06T13:59:58.999Z</time>
      </trkpt>
      <trkpt lat="49.539206" lon="14.470385">
        <ele>650.679107</ele>
        <time>2026-05-06T14:00:00.999Z</time>
      </trkpt>
      <trkpt lat="49.539120" lon="14.470159">
        <ele>650.881714</ele>
        <time>2026-05-06T14:00:02.999Z</time>
      </trkpt>
      <trkpt lat="49.539034" lon="14.469946">
        <ele>651.076523</ele>
        <time>2026-05-06T14:00:04.999Z</time>
      </trkpt>
      <trkpt lat="49.538961" lon="14.469768">
        <ele>651.240040</ele>
        <time>2026-05-06T14:00:06.999Z</time>
      </trkpt>
      <trkpt lat="49.538884" lon="14.469571">
        <ele>651.418628</ele>
        <time>2026-05-06T14:00:08.999Z</time>
      </trkpt>
      <trkpt lat="49.538808" lon="14.469383">
        <ele>651.590632</ele>
        <time>2026-05-06T14:00:10.999Z</time>
      </trkpt>
      <trkpt lat="49.538727" lon="14.469200">
        <ele>651.762652</ele>
        <time>2026-05-06T14:00:12.999Z</time>
      </trkpt>
      <trkpt lat="49.538649" lon="14.469016">
        <ele>651.933324</ele>
        <time>2026-05-06T14:00:14.998Z</time>
      </trkpt>
      <trkpt lat="49.538572" lon="14.468826">
        <ele>652.107279</ele>
        <time>2026-05-06T14:00:16.998Z</time>
      </trkpt>
      <trkpt lat="49.538493" lon="14.468650">
        <ele>652.273464</ele>
        <time>2026-05-06T14:00:18.998Z</time>
      </trkpt>
      <trkpt lat="49.538434" lon="14.468449">
        <ele>652.444779</ele>
        <time>2026-05-06T14:00:20.998Z</time>
      </trkpt>
      <trkpt lat="49.538356" lon="14.468265">
        <ele>652.615452</ele>
        <time>2026-05-06T14:00:22.998Z</time>
      </trkpt>
      <trkpt lat="49.538292" lon="14.468068">
        <ele>652.786535</ele>
        <time>2026-05-06T14:00:24.998Z</time>
      </trkpt>
      <trkpt lat="49.538221" lon="14.467865">
        <ele>652.503651</ele>
        <time>2026-05-06T14:00:26.998Z</time>
      </trkpt>
      <trkpt lat="49.538170" lon="14.467639">
        <ele>652.052141</ele>
        <time>2026-05-06T14:00:28.998Z</time>
      </trkpt>
      <trkpt lat="49.538112" lon="14.467425">
        <ele>651.614521</ele>
        <time>2026-05-06T14:00:30.998Z</time>
      </trkpt>
      <trkpt lat="49.538046" lon="14.467216">
        <ele>651.175922</ele>
        <time>2026-05-06T14:00:32.998Z</time>
      </trkpt>
      <trkpt lat="49.537995" lon="14.466991">
        <ele>650.726194</ele>
        <time>2026-05-06T14:00:34.998Z</time>
      </trkpt>
      <trkpt lat="49.537934" lon="14.466766">
        <ele>650.266056</ele>
        <time>2026-05-06T14:00:36.998Z</time>
      </trkpt>
      <trkpt lat="49.537878" lon="14.466549">
        <ele>649.825387</ele>
        <time>2026-05-06T14:00:38.998Z</time>
      </trkpt>
      <trkpt lat="49.537825" lon="14.466343">
        <ele>649.407228</ele>
        <time>2026-05-06T14:00:40.998Z</time>
      </trkpt>
      <trkpt lat="49.537756" lon="14.466116">
        <ele>648.934217</ele>
        <time>2026-05-06T14:00:42.998Z</time>
      </trkpt>
      <trkpt lat="49.537701" lon="14.465912">
        <ele>648.517367</ele>
        <time>2026-05-06T14:00:44.998Z</time>
      </trkpt>
      <trkpt lat="49.537645" lon="14.465700">
        <ele>648.085449</ele>
        <time>2026-05-06T14:00:47.000Z</time>
      </trkpt>
      <trkpt lat="49.537578" lon="14.465489">
        <ele>647.642180</ele>
        <time>2026-05-06T14:00:49.000Z</time>
      </trkpt>
      <trkpt lat="49.537513" lon="14.465273">
        <ele>647.229025</ele>
        <time>2026-05-06T14:00:51.000Z</time>
      </trkpt>
      <trkpt lat="49.537461" lon="14.465059">
        <ele>646.836015</ele>
        <time>2026-05-06T14:00:53.000Z</time>
      </trkpt>
      <trkpt lat="49.537404" lon="14.464848">
        <ele>646.442932</ele>
        <time>2026-05-06T14:00:55.000Z</time>
      </trkpt>
      <trkpt lat="49.537346" lon="14.464631">
        <ele>646.039300</ele>
        <time>2026-05-06T14:00:57.000Z</time>
      </trkpt>
      <trkpt lat="49.537274" lon="14.464427">
        <ele>645.639910</ele>
        <time>2026-05-06T14:00:59.000Z</time>
      </trkpt>
      <trkpt lat="49.537209" lon="14.464225">
        <ele>645.252127</ele>
        <time>2026-05-06T14:01:01.000Z</time>
      </trkpt>
      <trkpt lat="49.537113" lon="14.464040">
        <ele>644.844732</ele>
        <time>2026-05-06T14:01:03.000Z</time>
      </trkpt>
      <trkpt lat="49.537002" lon="14.463874">
        <ele>644.434789</ele>
        <time>2026-05-06T14:01:05.000Z</time>
      </trkpt>
      <trkpt lat="49.536893" lon="14.463696">
        <ele>644.013868</ele>
        <time>2026-05-06T14:01:07.000Z</time>
      </trkpt>
      <trkpt lat="49.536768" lon="14.463561">
        <ele>643.609321</ele>
        <time>2026-05-06T14:01:09.000Z</time>
      </trkpt>
      <trkpt lat="49.536631" lon="14.463438">
        <ele>643.189102</ele>
        <time>2026-05-06T14:01:11.000Z</time>
      </trkpt>
      <trkpt lat="49.536488" lon="14.463310">
        <ele>642.877027</ele>
        <time>2026-05-06T14:01:13.000Z</time>
      </trkpt>
      <trkpt lat="49.536352" lon="14.463159">
        <ele>643.107091</ele>
        <time>2026-05-06T14:01:14.999Z</time>
      </trkpt>
      <trkpt lat="49.536260" lon="14.462934">
        <ele>643.343959</ele>
        <time>2026-05-06T14:01:16.999Z</time>
      </trkpt>
      <trkpt lat="49.536163" lon="14.462714">
        <ele>643.580858</ele>
        <time>2026-05-06T14:01:18.999Z</time>
      </trkpt>
      <trkpt lat="49.536066" lon="14.462490">
        <ele>643.820713</ele>
        <time>2026-05-06T14:01:20.999Z</time>
      </trkpt>
      <trkpt lat="49.535958" lon="14.462303">
        <ele>644.043679</ele>
        <time>2026-05-06T14:01:22.999Z</time>
      </trkpt>
      <trkpt lat="49.535867" lon="14.462127">
        <ele>644.244113</ele>
        <time>2026-05-06T14:01:24.999Z</time>
      </trkpt>
      <trkpt lat="49.535750" lon="14.461973">
        <ele>644.455303</ele>
        <time>2026-05-06T14:01:26.999Z</time>
      </trkpt>
      <trkpt lat="49.535667" lon="14.461804">
        <ele>644.644077</ele>
        <time>2026-05-06T14:01:28.999Z</time>
      </trkpt>
      <trkpt lat="49.535583" lon="14.461666">
        <ele>644.812601</ele>
        <time>2026-05-06T14:01:30.999Z</time>
      </trkpt>
      <trkpt lat="49.535510" lon="14.461534">
        <ele>644.967073</ele>
        <time>2026-05-06T14:01:32.999Z</time>
      </trkpt>
      <trkpt lat="49.535439" lon="14.461418">
        <ele>645.109099</ele>
        <time>2026-05-06T14:01:34.999Z</time>
      </trkpt>
      <trkpt lat="49.535378" lon="14.461297">
        <ele>645.245572</ele>
        <time>2026-05-06T14:01:36.999Z</time>
      </trkpt>
      <trkpt lat="49.535315" lon="14.461188">
        <ele>645.377199</ele>
        <time>2026-05-06T14:01:38.999Z</time>
      </trkpt>
      <trkpt lat="49.535233" lon="14.461050">
        <ele>645.547551</ele>
        <time>2026-05-06T14:01:41.999Z</time>
      </trkpt>
      <trkpt lat="49.535152" lon="14.460958">
        <ele>645.688721</ele>
        <time>2026-05-06T14:01:44.999Z</time>
      </trkpt>
      <trkpt lat="49.535069" lon="14.460893">
        <ele>645.819338</ele>
        <time>2026-05-06T14:01:46.999Z</time>
      </trkpt>
      <trkpt lat="49.534964" lon="14.460836">
        <ele>645.975517</ele>
        <time>2026-05-06T14:01:49.999Z</time>
      </trkpt>
      <trkpt lat="49.534876" lon="14.460769">
        <ele>646.113220</ele>
        <time>2026-05-06T14:01:52.999Z</time>
      </trkpt>
      <trkpt lat="49.534781" lon="14.460719">
        <ele>646.254056</ele>
        <time>2026-05-06T14:01:55.999Z</time>
      </trkpt>
      <trkpt lat="49.534675" lon="14.460619">
        <ele>646.428422</ele>
        <time>2026-05-06T14:01:58.999Z</time>
      </trkpt>
      <trkpt lat="49.534597" lon="14.460482">
        <ele>646.594351</ele>
        <time>2026-05-06T14:02:01.999Z</time>
      </trkpt>
      <trkpt lat="49.534542" lon="14.460318">
        <ele>646.762426</ele>
        <time>2026-05-06T14:02:04.999Z</time>
      </trkpt>
      <trkpt lat="49.534530" lon="14.460121">
        <ele>646.942576</ele>
        <time>2026-05-06T14:02:07.999Z</time>
      </trkpt>
      <trkpt lat="49.534547" lon="14.459926">
        <ele>647.121712</ele>
        <time>2026-05-06T14:02:10.999Z</time>
      </trkpt>
      <trkpt lat="49.534566" lon="14.459741">
        <ele>647.292245</ele>
        <time>2026-05-06T14:02:13.999Z</time>
      </trkpt>
      <trkpt lat="49.534608" lon="14.459573">
        <ele>647.456160</ele>
        <time>2026-05-06T14:02:16.999Z</time>
      </trkpt>
      <trkpt lat="49.534642" lon="14.459409">
        <ele>647.612910</ele>
        <time>2026-05-06T14:02:19.999Z</time>
      </trkpt>
      <trkpt lat="49.534680" lon="14.459248">
        <ele>647.768888</ele>
        <time>2026-05-06T14:02:22.998Z</time>
      </trkpt>
      <trkpt lat="49.534719" lon="14.459089">
        <ele>647.679196</ele>
        <time>2026-05-06T14:02:25.998Z</time>
      </trkpt>
      <trkpt lat="49.534757" lon="14.458913">
        <ele>647.425794</ele>
        <time>2026-05-06T14:02:28.998Z</time>
      </trkpt>
      <trkpt lat="49.534801" lon="14.458717">
        <ele>647.142460</ele>
        <time>2026-05-06T14:02:31.998Z</time>
      </trkpt>
      <trkpt lat="49.534827" lon="14.458570">
        <ele>646.934310</ele>
        <time>2026-05-06T14:02:33.998Z</time>
      </trkpt>
      <trkpt lat="49.534848" lon="14.458405">
        <ele>646.704600</ele>
        <time>2026-05-06T14:02:35.998Z</time>
      </trkpt>
      <trkpt lat="49.534873" lon="14.458226">
        <ele>646.454459</ele>
        <time>2026-05-06T14:02:37.998Z</time>
      </trkpt>
      <trkpt lat="49.534890" lon="14.458030">
        <ele>646.184312</ele>
        <time>2026-05-06T14:02:39.998Z</time>
      </trkpt>
      <trkpt lat="49.534902" lon="14.457799">
        <ele>645.867720</ele>
        <time>2026-05-06T14:02:41.998Z</time>
      </trkpt>
      <trkpt lat="49.534926" lon="14.457561">
        <ele>645.538673</ele>
        <time>2026-05-06T14:02:43.998Z</time>
      </trkpt>
      <trkpt lat="49.534949" lon="14.457312">
        <ele>645.195072</ele>
        <time>2026-05-06T14:02:45.998Z</time>
      </trkpt>
      <trkpt lat="49.534979" lon="14.457042">
        <ele>644.820843</ele>
        <time>2026-05-06T14:02:47.998Z</time>
      </trkpt>
      <trkpt lat="49.535015" lon="14.456774">
        <ele>644.446954</ele>
        <time>2026-05-06T14:02:49.998Z</time>
      </trkpt>
      <trkpt lat="49.535070" lon="14.456501">
        <ele>644.056436</ele>
        <time>2026-05-06T14:02:51.998Z</time>
      </trkpt>
      <trkpt lat="49.535094" lon="14.456367">
        <ele>644.095560</ele>
        <time>2026-05-06T14:02:53.000Z</time>
      </trkpt>
      <trkpt lat="49.535120" lon="14.456231">
        <ele>644.158156</ele>
        <time>2026-05-06T14:02:54.000Z</time>
      </trkpt>
      <trkpt lat="49.535184" lon="14.455974">
        <ele>644.279691</ele>
        <time>2026-05-06T14:02:56.000Z</time>
      </trkpt>
      <trkpt lat="49.535245" lon="14.455724">
        <ele>644.397611</ele>
        <time>2026-05-06T14:02:58.000Z</time>
      </trkpt>
      <trkpt lat="49.535304" lon="14.455480">
        <ele>644.512573</ele>
        <time>2026-05-06T14:03:00.000Z</time>
      </trkpt>
      <trkpt lat="49.535362" lon="14.455251">
        <ele>644.621105</ele>
        <time>2026-05-06T14:03:02.000Z</time>
      </trkpt>
      <trkpt lat="49.535405" lon="14.455031">
        <ele>644.722546</ele>
        <time>2026-05-06T14:03:04.000Z</time>
      </trkpt>
      <trkpt lat="49.535449" lon="14.454835">
        <ele>644.814112</ele>
        <time>2026-05-06T14:03:06.000Z</time>
      </trkpt>
      <trkpt lat="49.535480" lon="14.454649">
        <ele>644.898897</ele>
        <time>2026-05-06T14:03:08.000Z</time>
      </trkpt>
      <trkpt lat="49.535507" lon="14.454472">
        <ele>644.979173</ele>
        <time>2026-05-06T14:03:10.000Z</time>
      </trkpt>
      <trkpt lat="49.535531" lon="14.454301">
        <ele>645.056416</ele>
        <time>2026-05-06T14:03:12.000Z</time>
      </trkpt>
      <trkpt lat="49.535554" lon="14.454143">
        <ele>645.127907</ele>
        <time>2026-05-06T14:03:14.000Z</time>
      </trkpt>
      <trkpt lat="49.535574" lon="14.453995">
        <ele>645.194651</ele>
        <time>2026-05-06T14:03:16.000Z</time>
      </trkpt>
      <trkpt lat="49.535593" lon="14.453856">
        <ele>645.257367</ele>
        <time>2026-05-06T14:03:18.000Z</time>
      </trkpt>
      <trkpt lat="49.535613" lon="14.453718">
        <ele>645.649730</ele>
        <time>2026-05-06T14:03:19.999Z</time>
      </trkpt>
      <trkpt lat="49.535640" lon="14.453532">
        <ele>646.224920</ele>
        <time>2026-05-06T14:03:22.999Z</time>
      </trkpt>
      <trkpt lat="49.535663" lon="14.453356">
        <ele>646.766723</ele>
        <time>2026-05-06T14:03:25.999Z</time>
      </trkpt>
      <trkpt lat="49.535684" lon="14.453188">
        <ele>647.283040</ele>
        <time>2026-05-06T14:03:28.999Z</time>
      </trkpt>
      <trkpt lat="49.535708" lon="14.453040">
        <ele>647.743413</ele>
        <time>2026-05-06T14:03:31.999Z</time>
      </trkpt>
      <trkpt lat="49.535722" lon="14.452896">
        <ele>648.182832</ele>
        <time>2026-05-06T14:03:34.999Z</time>
      </trkpt>
      <trkpt lat="49.535741" lon="14.452716">
        <ele>648.733182</ele>
        <time>2026-05-06T14:03:38.999Z</time>
      </trkpt>
      <trkpt lat="49.535765" lon="14.452579">
        <ele>649.161425</ele>
        <time>2026-05-06T14:03:41.999Z</time>
      </trkpt>
      <trkpt lat="49.535780" lon="14.452403">
        <ele>649.697125</ele>
        <time>2026-05-06T14:03:45.999Z</time>
      </trkpt>
      <trkpt lat="49.535798" lon="14.452227">
        <ele>650.234819</ele>
        <time>2026-05-06T14:03:49.999Z</time>
      </trkpt>
      <trkpt lat="49.535810" lon="14.452068">
        <ele>650.717890</ele>
        <time>2026-05-06T14:03:53.999Z</time>
      </trkpt>
      <trkpt lat="49.535829" lon="14.451918">
        <ele>651.179107</ele>
        <time>2026-05-06T14:03:57.999Z</time>
      </trkpt>
      <trkpt lat="49.535848" lon="14.451772">
        <ele>651.628482</ele>
        <time>2026-05-06T14:04:01.999Z</time>
      </trkpt>
      <trkpt lat="49.535865" lon="14.451619">
        <ele>652.096929</ele>
        <time>2026-05-06T14:04:05.999Z</time>
      </trkpt>
      <trkpt lat="49.535879" lon="14.451480">
        <ele>652.521430</ele>
        <time>2026-05-06T14:04:09.999Z</time>
      </trkpt>
      <trkpt lat="49.535885" lon="14.451317">
        <ele>653.014127</ele>
        <time>2026-05-06T14:04:14.999Z</time>
      </trkpt>
      <trkpt lat="49.535901" lon="14.451172">
        <ele>653.457993</ele>
        <time>2026-05-06T14:04:18.999Z</time>
      </trkpt>
      <trkpt lat="49.535913" lon="14.451030">
        <ele>653.899327</ele>
        <time>2026-05-06T14:04:22.999Z</time>
      </trkpt>
      <trkpt lat="49.535914" lon="14.450887">
        <ele>654.345978</ele>
        <time>2026-05-06T14:04:26.998Z</time>
      </trkpt>
      <trkpt lat="49.535926" lon="14.450749">
        <ele>654.780840</ele>
        <time>2026-05-06T14:04:30.998Z</time>
      </trkpt>
      <trkpt lat="49.535932" lon="14.450602">
        <ele>655.240865</ele>
        <time>2026-05-06T14:04:34.998Z</time>
      </trkpt>
      <trkpt lat="49.535930" lon="14.450443">
        <ele>655.737556</ele>
        <time>2026-05-06T14:04:38.998Z</time>
      </trkpt>
      <trkpt lat="49.535934" lon="14.450296">
        <ele>656.197078</ele>
        <time>2026-05-06T14:04:42.998Z</time>
      </trkpt>
      <trkpt lat="49.535937" lon="14.450123">
        <ele>656.737594</ele>
        <time>2026-05-06T14:04:47.998Z</time>
      </trkpt>
      <trkpt lat="49.535931" lon="14.449974">
        <ele>657.203854</ele>
        <time>2026-05-06T14:04:51.998Z</time>
      </trkpt>
      <trkpt lat="49.535921" lon="14.449813">
        <ele>657.708996</ele>
        <time>2026-05-06T14:04:55.998Z</time>
      </trkpt>
      <trkpt lat="49.535902" lon="14.449669">
        <ele>658.167946</ele>
        <time>2026-05-06T14:05:00.000Z</time>
      </trkpt>
      <trkpt lat="49.535890" lon="14.449515">
        <ele>658.652382</ele>
        <time>2026-05-06T14:05:04.000Z</time>
      </trkpt>
      <trkpt lat="49.535867" lon="14.449371">
        <ele>659.115552</ele>
        <time>2026-05-06T14:05:08.000Z</time>
      </trkpt>
      <trkpt lat="49.535835" lon="14.449212">
        <ele>659.635482</ele>
        <time>2026-05-06T14:05:12.000Z</time>
      </trkpt>
      <trkpt lat="49.535801" lon="14.449065">
        <ele>660.122889</ele>
        <time>2026-05-06T14:05:16.000Z</time>
      </trkpt>
      <trkpt lat="49.535756" lon="14.448937">
        <ele>660.577558</ele>
        <time>2026-05-06T14:05:20.000Z</time>
      </trkpt>
      <trkpt lat="49.535709" lon="14.448815">
        <ele>661.020677</ele>
        <time>2026-05-06T14:05:23.999Z</time>
      </trkpt>
      <trkpt lat="49.535658" lon="14.448658">
        <ele>661.569028</ele>
        <time>2026-05-06T14:05:28.999Z</time>
      </trkpt>
      <trkpt lat="49.535627" lon="14.448513">
        <ele>662.045844</ele>
        <time>2026-05-06T14:05:32.999Z</time>
      </trkpt>
      <trkpt lat="49.535610" lon="14.448353">
        <ele>662.177905</ele>
        <time>2026-05-06T14:05:36.999Z</time>
      </trkpt>
      <trkpt lat="49.535584" lon="14.448174">
        <ele>661.952905</ele>
        <time>2026-05-06T14:05:40.999Z</time>
      </trkpt>
      <trkpt lat="49.535543" lon="14.448005">
        <ele>661.731591</ele>
        <time>2026-05-06T14:05:44.999Z</time>
      </trkpt>
      <trkpt lat="49.535494" lon="14.447865">
        <ele>661.536479</ele>
        <time>2026-05-06T14:05:47.999Z</time>
      </trkpt>
      <trkpt lat="49.535432" lon="14.447718">
        <ele>661.321428</ele>
        <time>2026-05-06T14:05:50.999Z</time>
      </trkpt>
      <trkpt lat="49.535347" lon="14.447581">
        <ele>661.088937</ele>
        <time>2026-05-06T14:05:53.999Z</time>
      </trkpt>
      <trkpt lat="49.535264" lon="14.447417">
        <ele>660.833828</ele>
        <time>2026-05-06T14:05:56.999Z</time>
      </trkpt>
      <trkpt lat="49.535168" lon="14.447268">
        <ele>660.576282</ele>
        <time>2026-05-06T14:05:59.999Z</time>
      </trkpt>
      <trkpt lat="49.535096" lon="14.447157">
        <ele>660.383775</ele>
        <time>2026-05-06T14:06:01.999Z</time>
      </trkpt>
      <trkpt lat="49.535017" lon="14.447043">
        <ele>660.179200</ele>
        <time>2026-05-06T14:06:03.999Z</time>
      </trkpt>
      <trkpt lat="49.534934" lon="14.446927">
        <ele>659.967402</ele>
        <time>2026-05-06T14:06:05.999Z</time>
      </trkpt>
      <trkpt lat="49.534840" lon="14.446809">
        <ele>659.738234</ele>
        <time>2026-05-06T14:06:07.999Z</time>
      </trkpt>
      <trkpt lat="49.534743" lon="14.446688">
        <ele>659.502344</ele>
        <time>2026-05-06T14:06:09.999Z</time>
      </trkpt>
      <trkpt lat="49.534633" lon="14.446550">
        <ele>659.234233</ele>
        <time>2026-05-06T14:06:11.999Z</time>
      </trkpt>
      <trkpt lat="49.534522" lon="14.446424">
        <ele>658.973645</ele>
        <time>2026-05-06T14:06:13.999Z</time>
      </trkpt>
      <trkpt lat="49.534405" lon="14.446281">
        <ele>658.556592</ele>
        <time>2026-05-06T14:06:15.999Z</time>
      </trkpt>
      <trkpt lat="49.534286" lon="14.446139">
        <ele>658.072847</ele>
        <time>2026-05-06T14:06:17.999Z</time>
      </trkpt>
      <trkpt lat="49.534149" lon="14.446002">
        <ele>657.547928</ele>
        <time>2026-05-06T14:06:19.999Z</time>
      </trkpt>
      <trkpt lat="49.534021" lon="14.445860">
        <ele>657.041002</ele>
        <time>2026-05-06T14:06:21.999Z</time>
      </trkpt>
      <trkpt lat="49.533896" lon="14.445693">
        <ele>656.509265</ele>
        <time>2026-05-06T14:06:23.999Z</time>
      </trkpt>
      <trkpt lat="49.533791" lon="14.445505">
        <ele>655.991903</ele>
        <time>2026-05-06T14:06:25.999Z</time>
      </trkpt>
      <trkpt lat="49.533695" lon="14.445324">
        <ele>655.504318</ele>
        <time>2026-05-06T14:06:27.999Z</time>
      </trkpt>
      <trkpt lat="49.533598" lon="14.445153">
        <ele>655.030590</ele>
        <time>2026-05-06T14:06:29.999Z</time>
      </trkpt>
      <trkpt lat="49.533508" lon="14.444984">
        <ele>654.574587</ele>
        <time>2026-05-06T14:06:31.998Z</time>
      </trkpt>
      <trkpt lat="49.533420" lon="14.444818">
        <ele>654.127498</ele>
        <time>2026-05-06T14:06:33.998Z</time>
      </trkpt>
      <trkpt lat="49.533336" lon="14.444663">
        <ele>653.706286</ele>
        <time>2026-05-06T14:06:35.998Z</time>
      </trkpt>
      <trkpt lat="49.533254" lon="14.444521">
        <ele>653.309813</ele>
        <time>2026-05-06T14:06:37.998Z</time>
      </trkpt>
      <trkpt lat="49.533178" lon="14.444373">
        <ele>652.931110</ele>
        <time>2026-05-06T14:06:39.998Z</time>
      </trkpt>
      <trkpt lat="49.533082" lon="14.444252">
        <ele>652.564398</ele>
        <time>2026-05-06T14:06:41.998Z</time>
      </trkpt>
      <trkpt lat="49.532970" lon="14.444176">
        <ele>652.202558</ele>
        <time>2026-05-06T14:06:43.998Z</time>
      </trkpt>
      <trkpt lat="49.532861" lon="14.444109">
        <ele>651.855581</ele>
        <time>2026-05-06T14:06:45.998Z</time>
      </trkpt>
      <trkpt lat="49.532743" lon="14.444030">
        <ele>651.475181</ele>
        <time>2026-05-06T14:06:47.998Z</time>
      </trkpt>
      <trkpt lat="49.532637" lon="14.443904">
        <ele>651.079347</ele>
        <time>2026-05-06T14:06:49.998Z</time>
      </trkpt>
      <trkpt lat="49.532549" lon="14.443734">
        <ele>650.662074</ele>
        <time>2026-05-06T14:06:51.998Z</time>
      </trkpt>
      <trkpt lat="49.532475" lon="14.443545">
        <ele>650.238509</ele>
        <time>2026-05-06T14:06:53.998Z</time>
      </trkpt>
      <trkpt lat="49.532402" lon="14.443351">
        <ele>649.808191</ele>
        <time>2026-05-06T14:06:55.998Z</time>
      </trkpt>
      <trkpt lat="49.532323" lon="14.443162">
        <ele>649.376803</ele>
        <time>2026-05-06T14:06:57.998Z</time>
      </trkpt>
      <trkpt lat="49.532241" lon="14.442985">
        <ele>648.959496</ele>
        <time>2026-05-06T14:06:59.998Z</time>
      </trkpt>
      <trkpt lat="49.532151" lon="14.442807">
        <ele>648.526504</ele>
        <time>2026-05-06T14:07:01.998Z</time>
      </trkpt>
      <trkpt lat="49.532065" lon="14.442604">
        <ele>648.061313</ele>
        <time>2026-05-06T14:07:03.998Z</time>
      </trkpt>
      <trkpt lat="49.531964" lon="14.442407">
        <ele>647.528903</ele>
        <time>2026-05-06T14:07:06.000Z</time>
      </trkpt>
      <trkpt lat="49.531850" lon="14.442222">
        <ele>646.918646</ele>
        <time>2026-05-06T14:07:08.000Z</time>
      </trkpt>
      <trkpt lat="49.531714" lon="14.442051">
        <ele>646.271644</ele>
        <time>2026-05-06T14:07:10.000Z</time>
      </trkpt>
      <trkpt lat="49.531636" lon="14.441969">
        <ele>645.923602</ele>
        <time>2026-05-06T14:07:11.000Z</time>
      </trkpt>
      <trkpt lat="49.531555" lon="14.441898">
        <ele>645.580117</ele>
        <time>2026-05-06T14:07:12.000Z</time>
      </trkpt>
      <trkpt lat="49.531473" lon="14.441823">
        <ele>645.228636</ele>
        <time>2026-05-06T14:07:13.000Z</time>
      </trkpt>
      <trkpt lat="49.531387" lon="14.441758">
        <ele>644.875569</ele>
        <time>2026-05-06T14:07:14.000Z</time>
      </trkpt>
      <trkpt lat="49.531306" lon="14.441693">
        <ele>644.538949</ele>
        <time>2026-05-06T14:07:15.000Z</time>
      </trkpt>
      <trkpt lat="49.531219" lon="14.441626">
        <ele>644.180456</ele>
        <time>2026-05-06T14:07:16.000Z</time>
      </trkpt>
      <trkpt lat="49.531131" lon="14.441558">
        <ele>643.817595</ele>
        <time>2026-05-06T14:07:17.000Z</time>
      </trkpt>
      <trkpt lat="49.531048" lon="14.441493">
        <ele>643.474420</ele>
        <time>2026-05-06T14:07:18.000Z</time>
      </trkpt>
      <trkpt lat="49.530965" lon="14.441424">
        <ele>643.126805</ele>
        <time>2026-05-06T14:07:19.000Z</time>
      </trkpt>
      <trkpt lat="49.530880" lon="14.441359">
        <ele>642.777042</ele>
        <time>2026-05-06T14:07:20.000Z</time>
      </trkpt>
      <trkpt lat="49.530791" lon="14.441294">
        <ele>642.414014</ele>
        <time>2026-05-06T14:07:21.000Z</time>
      </trkpt>
      <trkpt lat="49.530710" lon="14.441222">
        <ele>642.069338</ele>
        <time>2026-05-06T14:07:22.000Z</time>
      </trkpt>
      <trkpt lat="49.530634" lon="14.441143">
        <ele>641.731424</ele>
        <time>2026-05-06T14:07:23.000Z</time>
      </trkpt>
      <trkpt lat="49.530504" lon="14.440948">
        <ele>641.251658</ele>
        <time>2026-05-06T14:07:25.000Z</time>
      </trkpt>
      <trkpt lat="49.530437" lon="14.440847">
        <ele>641.609981</ele>
        <time>2026-05-06T14:07:26.000Z</time>
      </trkpt>
      <trkpt lat="49.530339" lon="14.440631">
        <ele>642.263860</ele>
        <time>2026-05-06T14:07:28.000Z</time>
      </trkpt>
      <trkpt lat="49.530254" lon="14.440426">
        <ele>642.867420</ele>
        <time>2026-05-06T14:07:29.999Z</time>
      </trkpt>
      <trkpt lat="49.530178" lon="14.440238">
        <ele>643.416950</ele>
        <time>2026-05-06T14:07:31.999Z</time>
      </trkpt>
      <trkpt lat="49.530109" lon="14.440061">
        <ele>643.929235</ele>
        <time>2026-05-06T14:07:33.999Z</time>
      </trkpt>
      <trkpt lat="49.530057" lon="14.439887">
        <ele>644.404518</ele>
        <time>2026-05-06T14:07:35.999Z</time>
      </trkpt>
      <trkpt lat="49.530026" lon="14.439725">
        <ele>644.823567</ele>
        <time>2026-05-06T14:07:37.999Z</time>
      </trkpt>
      <trkpt lat="49.530002" lon="14.439577">
        <ele>645.202063</ele>
        <time>2026-05-06T14:07:39.999Z</time>
      </trkpt>
      <trkpt lat="49.529980" lon="14.439379">
        <ele>645.700475</ele>
        <time>2026-05-06T14:07:42.999Z</time>
      </trkpt>
      <trkpt lat="49.529965" lon="14.439205">
        <ele>646.135984</ele>
        <time>2026-05-06T14:07:45.999Z</time>
      </trkpt>
      <trkpt lat="49.529947" lon="14.439041">
        <ele>646.548668</ele>
        <time>2026-05-06T14:07:48.999Z</time>
      </trkpt>
      <trkpt lat="49.529930" lon="14.438896">
        <ele>646.914256</ele>
        <time>2026-05-06T14:07:51.999Z</time>
      </trkpt>
      <trkpt lat="49.529934" lon="14.438724">
        <ele>647.341286</ele>
        <time>2026-05-06T14:07:55.999Z</time>
      </trkpt>
      <trkpt lat="49.529905" lon="14.438544">
        <ele>647.801445</ele>
        <time>2026-05-06T14:07:59.999Z</time>
      </trkpt>
      <trkpt lat="49.529882" lon="14.438367">
        <ele>648.336880</ele>
        <time>2026-05-06T14:08:03.999Z</time>
      </trkpt>
      <trkpt lat="49.529856" lon="14.438214">
        <ele>648.886786</ele>
        <time>2026-05-06T14:08:07.999Z</time>
      </trkpt>
      <trkpt lat="49.529832" lon="14.438076">
        <ele>649.383533</ele>
        <time>2026-05-06T14:08:11.999Z</time>
      </trkpt>
      <trkpt lat="49.529803" lon="14.437935">
        <ele>649.897811</ele>
        <time>2026-05-06T14:08:15.999Z</time>
      </trkpt>
      <trkpt lat="49.529771" lon="14.437803">
        <ele>650.387739</ele>
        <time>2026-05-06T14:08:19.999Z</time>
      </trkpt>
      <trkpt lat="49.529729" lon="14.437654">
        <ele>650.952555</ele>
        <time>2026-05-06T14:08:24.999Z</time>
      </trkpt>
      <trkpt lat="49.529696" lon="14.437522">
        <ele>651.444385</ele>
        <time>2026-05-06T14:08:29.999Z</time>
      </trkpt>
      <trkpt lat="49.529653" lon="14.437390">
        <ele>651.957908</ele>
        <time>2026-05-06T14:08:34.999Z</time>
      </trkpt>
      <trkpt lat="49.529620" lon="14.437254">
        <ele>652.462741</ele>
        <time>2026-05-06T14:08:39.998Z</time>
      </trkpt>
      <trkpt lat="49.529579" lon="14.437120">
        <ele>652.977831</ele>
        <time>2026-05-06T14:08:44.998Z</time>
      </trkpt>
      <trkpt lat="49.529540" lon="14.436991">
        <ele>653.472632</ele>
        <time>2026-05-06T14:08:49.998Z</time>
      </trkpt>
      <trkpt lat="49.529497" lon="14.436841">
        <ele>654.042784</ele>
        <time>2026-05-06T14:08:55.998Z</time>
      </trkpt>
      <trkpt lat="49.529457" lon="14.436712">
        <ele>654.539872</ele>
        <time>2026-05-06T14:09:00.998Z</time>
      </trkpt>
      <trkpt lat="49.529403" lon="14.436570">
        <ele>655.112108</ele>
        <time>2026-05-06T14:09:06.998Z</time>
      </trkpt>
      <trkpt lat="49.529345" lon="14.436430">
        <ele>655.689595</ele>
        <time>2026-05-06T14:09:13.000Z</time>
      </trkpt>
      <trkpt lat="49.529294" lon="14.436316">
        <ele>656.171007</ele>
        <time>2026-05-06T14:09:18.000Z</time>
      </trkpt>
      <trkpt lat="49.529240" lon="14.436195">
        <ele>656.681580</ele>
        <time>2026-05-06T14:09:23.000Z</time>
      </trkpt>
      <trkpt lat="49.529186" lon="14.436071">
        <ele>657.200782</ele>
        <time>2026-05-06T14:09:28.000Z</time>
      </trkpt>
      <trkpt lat="49.529136" lon="14.435950">
        <ele>657.693770</ele>
        <time>2026-05-06T14:09:33.000Z</time>
      </trkpt>
      <trkpt lat="49.529082" lon="14.435829">
        <ele>658.115412</ele>
        <time>2026-05-06T14:09:38.000Z</time>
      </trkpt>
      <trkpt lat="49.529028" lon="14.435698">
        <ele>658.561012</ele>
        <time>2026-05-06T14:09:42.999Z</time>
      </trkpt>
      <trkpt lat="49.528970" lon="14.435572">
        <ele>659.004557</ele>
        <time>2026-05-06T14:09:47.999Z</time>
      </trkpt>
      <trkpt lat="49.528916" lon="14.435444">
        <ele>659.442910</ele>
        <time>2026-05-06T14:09:52.999Z</time>
      </trkpt>
      <trkpt lat="49.528860" lon="14.435312">
        <ele>659.895717</ele>
        <time>2026-05-06T14:09:57.999Z</time>
      </trkpt>
      <trkpt lat="49.528803" lon="14.435179">
        <ele>660.353353</ele>
        <time>2026-05-06T14:10:02.999Z</time>
      </trkpt>
      <trkpt lat="49.528744" lon="14.435044">
        <ele>660.820676</ele>
        <time>2026-05-06T14:10:07.999Z</time>
      </trkpt>
      <trkpt lat="49.528687" lon="14.434908">
        <ele>661.285525</ele>
        <time>2026-05-06T14:10:12.999Z</time>
      </trkpt>
      <trkpt lat="49.528625" lon="14.434777">
        <ele>661.751060</ele>
        <time>2026-05-06T14:10:17.999Z</time>
      </trkpt>
      <trkpt lat="49.528565" lon="14.434646">
        <ele>662.211439</ele>
        <time>2026-05-06T14:10:22.999Z</time>
      </trkpt>
      <trkpt lat="49.528508" lon="14.434522">
        <ele>662.647743</ele>
        <time>2026-05-06T14:10:27.999Z</time>
      </trkpt>
      <trkpt lat="49.528455" lon="14.434396">
        <ele>663.078874</ele>
        <time>2026-05-06T14:10:32.999Z</time>
      </trkpt>
      <trkpt lat="49.528386" lon="14.434253">
        <ele>663.590519</ele>
        <time>2026-05-06T14:10:38.999Z</time>
      </trkpt>
      <trkpt lat="49.528328" lon="14.434143">
        <ele>663.997461</ele>
        <time>2026-05-06T14:10:42.999Z</time>
      </trkpt>
      <trkpt lat="49.528277" lon="14.433999">
        <ele>664.468497</ele>
        <time>2026-05-06T14:10:47.999Z</time>
      </trkpt>
      <trkpt lat="49.528214" lon="14.433875">
        <ele>664.920664</ele>
        <time>2026-05-06T14:10:52.998Z</time>
      </trkpt>
      <trkpt lat="49.528157" lon="14.433739">
        <ele>665.385517</ele>
        <time>2026-05-06T14:10:57.998Z</time>
      </trkpt>
      <trkpt lat="49.528088" lon="14.433613">
        <ele>665.829097</ele>
        <time>2026-05-06T14:11:02.998Z</time>
      </trkpt>
      <trkpt lat="49.528033" lon="14.433486">
        <ele>666.212011</ele>
        <time>2026-05-06T14:11:07.998Z</time>
      </trkpt>
      <trkpt lat="49.527970" lon="14.433359">
        <ele>666.612908</ele>
        <time>2026-05-06T14:11:12.998Z</time>
      </trkpt>
      <trkpt lat="49.527902" lon="14.433241">
        <ele>667.008671</ele>
        <time>2026-05-06T14:11:18.000Z</time>
      </trkpt>
      <trkpt lat="49.527834" lon="14.433114">
        <ele>667.421587</ele>
        <time>2026-05-06T14:11:23.000Z</time>
      </trkpt>
      <trkpt lat="49.527766" lon="14.432994">
        <ele>667.821115</ele>
        <time>2026-05-06T14:11:28.000Z</time>
      </trkpt>
      <trkpt lat="49.527696" lon="14.432877">
        <ele>668.220204</ele>
        <time>2026-05-06T14:11:33.000Z</time>
      </trkpt>
      <trkpt lat="49.527624" lon="14.432756">
        <ele>668.631909</ele>
        <time>2026-05-06T14:11:38.000Z</time>
      </trkpt>
      <trkpt lat="49.527551" lon="14.432645">
        <ele>669.028232</ele>
        <time>2026-05-06T14:11:43.000Z</time>
      </trkpt>
      <trkpt lat="49.527482" lon="14.432529">
        <ele>669.422860</ele>
        <time>2026-05-06T14:11:47.999Z</time>
      </trkpt>
      <trkpt lat="49.527416" lon="14.432413">
        <ele>669.809751</ele>
        <time>2026-05-06T14:11:51.999Z</time>
      </trkpt>
      <trkpt lat="49.527341" lon="14.432288">
        <ele>670.236689</ele>
        <time>2026-05-06T14:11:56.999Z</time>
      </trkpt>
      <trkpt lat="49.527277" lon="14.432191">
        <ele>670.583597</ele>
        <time>2026-05-06T14:12:00.999Z</time>
      </trkpt>
      <trkpt lat="49.527217" lon="14.432082">
        <ele>670.942052</ele>
        <time>2026-05-06T14:12:04.999Z</time>
      </trkpt>
      <trkpt lat="49.527144" lon="14.431956">
        <ele>671.365652</ele>
        <time>2026-05-06T14:12:09.999Z</time>
      </trkpt>
      <trkpt lat="49.527079" lon="14.431820">
        <ele>671.789249</ele>
        <time>2026-05-06T14:12:14.999Z</time>
      </trkpt>
      <trkpt lat="49.527028" lon="14.431706">
        <ele>672.136507</ele>
        <time>2026-05-06T14:12:18.999Z</time>
      </trkpt>
      <trkpt lat="49.526969" lon="14.431561">
        <ele>672.565734</ele>
        <time>2026-05-06T14:12:23.999Z</time>
      </trkpt>
      <trkpt lat="49.526913" lon="14.431412">
        <ele>672.522978</ele>
        <time>2026-05-06T14:12:28.999Z</time>
      </trkpt>
      <trkpt lat="49.526872" lon="14.431285">
        <ele>672.480546</ele>
        <time>2026-05-06T14:12:33.999Z</time>
      </trkpt>
      <trkpt lat="49.526731" lon="14.430844">
        <ele>672.333483</ele>
        <time>2026-05-06T14:14:02.999Z</time>
      </trkpt>
      <trkpt lat="49.526692" lon="14.430673">
        <ele>672.279262</ele>
        <time>2026-05-06T14:14:05.999Z</time>
      </trkpt>
      <trkpt lat="49.526647" lon="14.430471">
        <ele>672.215373</ele>
        <time>2026-05-06T14:14:08.999Z</time>
      </trkpt>
      <trkpt lat="49.526603" lon="14.430322">
        <ele>672.166403</ele>
        <time>2026-05-06T14:14:10.999Z</time>
      </trkpt>
      <trkpt lat="49.526543" lon="14.430187">
        <ele>672.117457</ele>
        <time>2026-05-06T14:14:12.999Z</time>
      </trkpt>
      <trkpt lat="49.526472" lon="14.430055">
        <ele>672.066173</ele>
        <time>2026-05-06T14:14:14.999Z</time>
      </trkpt>
      <trkpt lat="49.526373" lon="14.429936">
        <ele>672.008301</ele>
        <time>2026-05-06T14:14:16.999Z</time>
      </trkpt>
      <trkpt lat="49.526267" lon="14.429849">
        <ele>671.952948</ele>
        <time>2026-05-06T14:14:18.999Z</time>
      </trkpt>
      <trkpt lat="49.526136" lon="14.429773">
        <ele>671.888433</ele>
        <time>2026-05-06T14:14:20.999Z</time>
      </trkpt>
      <trkpt lat="49.526000" lon="14.429727">
        <ele>671.824261</ele>
        <time>2026-05-06T14:14:22.999Z</time>
      </trkpt>
      <trkpt lat="49.525871" lon="14.429688">
        <ele>671.763674</ele>
        <time>2026-05-06T14:14:24.999Z</time>
      </trkpt>
      <trkpt lat="49.525740" lon="14.429647">
        <ele>671.902402</ele>
        <time>2026-05-06T14:14:26.999Z</time>
      </trkpt>
      <trkpt lat="49.525601" lon="14.429608">
        <ele>672.144010</ele>
        <time>2026-05-06T14:14:28.999Z</time>
      </trkpt>
      <trkpt lat="49.525458" lon="14.429566">
        <ele>672.392952</ele>
        <time>2026-05-06T14:14:30.999Z</time>
      </trkpt>
      <trkpt lat="49.525321" lon="14.429510">
        <ele>672.635337</ele>
        <time>2026-05-06T14:14:32.999Z</time>
      </trkpt>
      <trkpt lat="49.525194" lon="14.429436">
        <ele>672.867529</ele>
        <time>2026-05-06T14:14:34.999Z</time>
      </trkpt>
      <trkpt lat="49.525077" lon="14.429341">
        <ele>673.093695</ele>
        <time>2026-05-06T14:14:36.999Z</time>
      </trkpt>
      <trkpt lat="49.524973" lon="14.429234">
        <ele>673.307555</ele>
        <time>2026-05-06T14:14:38.999Z</time>
      </trkpt>
      <trkpt lat="49.524869" lon="14.429138">
        <ele>673.514883</ele>
        <time>2026-05-06T14:14:40.999Z</time>
      </trkpt>
      <trkpt lat="49.524774" lon="14.429043">
        <ele>673.708563</ele>
        <time>2026-05-06T14:14:42.999Z</time>
      </trkpt>
      <trkpt lat="49.524679" lon="14.428954">
        <ele>673.898700</ele>
        <time>2026-05-06T14:14:44.999Z</time>
      </trkpt>
      <trkpt lat="49.524595" lon="14.428884">
        <ele>674.062014</ele>
        <time>2026-05-06T14:14:46.999Z</time>
      </trkpt>
      <trkpt lat="49.524519" lon="14.428795">
        <ele>674.225265</ele>
        <time>2026-05-06T14:14:48.999Z</time>
      </trkpt>
      <trkpt lat="49.524391" lon="14.428734">
        <ele>674.454386</ele>
        <time>2026-05-06T14:14:51.999Z</time>
      </trkpt>
      <trkpt lat="49.524267" lon="14.428695">
        <ele>674.670808</ele>
        <time>2026-05-06T14:14:54.999Z</time>
      </trkpt>
      <trkpt lat="49.524133" lon="14.428644">
        <ele>674.566381</ele>
        <time>2026-05-06T14:14:57.998Z</time>
      </trkpt>
      <trkpt lat="49.524044" lon="14.428571">
        <ele>674.059867</ele>
        <time>2026-05-06T14:14:59.998Z</time>
      </trkpt>
      <trkpt lat="49.523956" lon="14.428473">
        <ele>673.514388</ele>
        <time>2026-05-06T14:15:01.998Z</time>
      </trkpt>
      <trkpt lat="49.523852" lon="14.428345">
        <ele>672.845682</ele>
        <time>2026-05-06T14:15:03.998Z</time>
      </trkpt>
      <trkpt lat="49.523774" lon="14.428231">
        <ele>672.305565</ele>
        <time>2026-05-06T14:15:05.998Z</time>
      </trkpt>
      <trkpt lat="49.523690" lon="14.428090">
        <ele>671.681491</ele>
        <time>2026-05-06T14:15:07.998Z</time>
      </trkpt>
      <trkpt lat="49.523630" lon="14.427943">
        <ele>671.115250</ele>
        <time>2026-05-06T14:15:09.998Z</time>
      </trkpt>
      <trkpt lat="49.523602" lon="14.427783">
        <ele>670.574874</ele>
        <time>2026-05-06T14:15:11.998Z</time>
      </trkpt>
      <trkpt lat="49.523614" lon="14.427621">
        <ele>670.043176</ele>
        <time>2026-05-06T14:15:13.998Z</time>
      </trkpt>
      <trkpt lat="49.523642" lon="14.427437">
        <ele>669.426899</ele>
        <time>2026-05-06T14:15:15.998Z</time>
      </trkpt>
      <trkpt lat="49.523674" lon="14.427272">
        <ele>668.865346</ele>
        <time>2026-05-06T14:15:17.998Z</time>
      </trkpt>
      <trkpt lat="49.523720" lon="14.427082">
        <ele>668.204081</ele>
        <time>2026-05-06T14:15:19.998Z</time>
      </trkpt>
      <trkpt lat="49.523790" lon="14.426897">
        <ele>667.505806</ele>
        <time>2026-05-06T14:15:21.998Z</time>
      </trkpt>
      <trkpt lat="49.523865" lon="14.426709">
        <ele>666.786236</ele>
        <time>2026-05-06T14:15:23.998Z</time>
      </trkpt>
      <trkpt lat="49.523913" lon="14.426514">
        <ele>666.106175</ele>
        <time>2026-05-06T14:15:25.998Z</time>
      </trkpt>
      <trkpt lat="49.523950" lon="14.426296">
        <ele>665.202886</ele>
        <time>2026-05-06T14:15:27.998Z</time>
      </trkpt>
      <trkpt lat="49.524026" lon="14.426079">
        <ele>664.071175</ele>
        <time>2026-05-06T14:15:30.000Z</time>
      </trkpt>
      <trkpt lat="49.524127" lon="14.425858">
        <ele>662.830649</ele>
        <time>2026-05-06T14:15:32.000Z</time>
      </trkpt>
      <trkpt lat="49.524175" lon="14.425727">
        <ele>662.140208</ele>
        <time>2026-05-06T14:15:33.000Z</time>
      </trkpt>
      <trkpt lat="49.524212" lon="14.425594">
        <ele>661.476066</ele>
        <time>2026-05-06T14:15:34.000Z</time>
      </trkpt>
      <trkpt lat="49.524251" lon="14.425450">
        <ele>660.759915</ele>
        <time>2026-05-06T14:15:35.000Z</time>
      </trkpt>
      <trkpt lat="49.524278" lon="14.425292">
        <ele>660.010019</ele>
        <time>2026-05-06T14:15:36.000Z</time>
      </trkpt>
      <trkpt lat="49.524296" lon="14.425131">
        <ele>659.260182</ele>
        <time>2026-05-06T14:15:37.000Z</time>
      </trkpt>
      <trkpt lat="49.524310" lon="14.424963">
        <ele>658.482769</ele>
        <time>2026-05-06T14:15:38.000Z</time>
      </trkpt>
      <trkpt lat="49.524318" lon="14.424793">
        <ele>657.700457</ele>
        <time>2026-05-06T14:15:39.000Z</time>
      </trkpt>
      <trkpt lat="49.524328" lon="14.424624">
        <ele>656.921567</ele>
        <time>2026-05-06T14:15:40.000Z</time>
      </trkpt>
      <trkpt lat="49.524335" lon="14.424454">
        <ele>656.139734</ele>
        <time>2026-05-06T14:15:41.000Z</time>
      </trkpt>
      <trkpt lat="49.524351" lon="14.424290">
        <ele>655.378555</ele>
        <time>2026-05-06T14:15:42.000Z</time>
      </trkpt>
      <trkpt lat="49.524364" lon="14.424128">
        <ele>654.629350</ele>
        <time>2026-05-06T14:15:43.000Z</time>
      </trkpt>
      <trkpt lat="49.524382" lon="14.423969">
        <ele>653.888559</ele>
        <time>2026-05-06T14:15:44.000Z</time>
      </trkpt>
      <trkpt lat="49.524400" lon="14.423815">
        <ele>653.170365</ele>
        <time>2026-05-06T14:15:45.000Z</time>
      </trkpt>
      <trkpt lat="49.524419" lon="14.423651">
        <ele>652.387772</ele>
        <time>2026-05-06T14:15:46.000Z</time>
      </trkpt>
      <trkpt lat="49.524434" lon="14.423484">
        <ele>651.592948</ele>
        <time>2026-05-06T14:15:47.000Z</time>
      </trkpt>
      <trkpt lat="49.524448" lon="14.423313">
        <ele>650.780381</ele>
        <time>2026-05-06T14:15:48.000Z</time>
      </trkpt>
      <trkpt lat="49.524466" lon="14.423141">
        <ele>649.959016</ele>
        <time>2026-05-06T14:15:49.000Z</time>
      </trkpt>
      <trkpt lat="49.524481" lon="14.422979">
        <ele>649.187537</ele>
        <time>2026-05-06T14:15:50.000Z</time>
      </trkpt>
      <trkpt lat="49.524495" lon="14.422806">
        <ele>648.365615</ele>
        <time>2026-05-06T14:15:51.000Z</time>
      </trkpt>
      <trkpt lat="49.524515" lon="14.422630">
        <ele>647.523245</ele>
        <time>2026-05-06T14:15:52.000Z</time>
      </trkpt>
      <trkpt lat="49.524536" lon="14.422452">
        <ele>646.670317</ele>
        <time>2026-05-06T14:15:53.000Z</time>
      </trkpt>
      <trkpt lat="49.524557" lon="14.422276">
        <ele>645.826665</ele>
        <time>2026-05-06T14:15:53.999Z</time>
      </trkpt>
      <trkpt lat="49.524577" lon="14.422102">
        <ele>644.993582</ele>
        <time>2026-05-06T14:15:54.999Z</time>
      </trkpt>
      <trkpt lat="49.524597" lon="14.421929">
        <ele>644.165142</ele>
        <time>2026-05-06T14:15:55.999Z</time>
      </trkpt>
      <trkpt lat="49.524613" lon="14.421750">
        <ele>643.313285</ele>
        <time>2026-05-06T14:15:56.999Z</time>
      </trkpt>
      <trkpt lat="49.524630" lon="14.421567">
        <ele>642.441744</ele>
        <time>2026-05-06T14:15:57.999Z</time>
      </trkpt>
      <trkpt lat="49.524648" lon="14.421392">
        <ele>641.606416</ele>
        <time>2026-05-06T14:15:58.999Z</time>
      </trkpt>
      <trkpt lat="49.524668" lon="14.421215">
        <ele>640.759405</ele>
        <time>2026-05-06T14:15:59.999Z</time>
      </trkpt>
      <trkpt lat="49.524689" lon="14.421030">
        <ele>639.885798</ele>
        <time>2026-05-06T14:16:00.999Z</time>
      </trkpt>
      <trkpt lat="49.524708" lon="14.420840">
        <ele>639.061878</ele>
        <time>2026-05-06T14:16:01.999Z</time>
      </trkpt>
      <trkpt lat="49.524731" lon="14.420660">
        <ele>638.275619</ele>
        <time>2026-05-06T14:16:02.999Z</time>
      </trkpt>
      <trkpt lat="49.524752" lon="14.420469">
        <ele>637.445360</ele>
        <time>2026-05-06T14:16:03.999Z</time>
      </trkpt>
      <trkpt lat="49.524778" lon="14.420287">
        <ele>636.646668</ele>
        <time>2026-05-06T14:16:04.999Z</time>
      </trkpt>
      <trkpt lat="49.524799" lon="14.420102">
        <ele>635.841753</ele>
        <time>2026-05-06T14:16:05.999Z</time>
      </trkpt>
      <trkpt lat="49.524822" lon="14.419917">
        <ele>635.034459</ele>
        <time>2026-05-06T14:16:06.999Z</time>
      </trkpt>
      <trkpt lat="49.524830" lon="14.419728">
        <ele>634.222713</ele>
        <time>2026-05-06T14:16:07.999Z</time>
      </trkpt>
      <trkpt lat="49.524846" lon="14.419544">
        <ele>633.427072</ele>
        <time>2026-05-06T14:16:08.999Z</time>
      </trkpt>
      <trkpt lat="49.524862" lon="14.419359">
        <ele>632.627184</ele>
        <time>2026-05-06T14:16:09.999Z</time>
      </trkpt>
      <trkpt lat="49.524880" lon="14.419168">
        <ele>631.800005</ele>
        <time>2026-05-06T14:16:10.999Z</time>
      </trkpt>
      <trkpt lat="49.524898" lon="14.418989">
        <ele>631.023688</ele>
        <time>2026-05-06T14:16:11.999Z</time>
      </trkpt>
      <trkpt lat="49.524913" lon="14.418806">
        <ele>630.233151</ele>
        <time>2026-05-06T14:16:12.999Z</time>
      </trkpt>
      <trkpt lat="49.524924" lon="14.418625">
        <ele>629.454021</ele>
        <time>2026-05-06T14:16:13.999Z</time>
      </trkpt>
      <trkpt lat="49.524936" lon="14.418432">
        <ele>628.623068</ele>
        <time>2026-05-06T14:16:14.999Z</time>
      </trkpt>
      <trkpt lat="49.524941" lon="14.418247">
        <ele>627.940885</ele>
        <time>2026-05-06T14:16:15.999Z</time>
      </trkpt>
      <trkpt lat="49.524946" lon="14.418060">
        <ele>627.437873</ele>
        <time>2026-05-06T14:16:16.999Z</time>
      </trkpt>
      <trkpt lat="49.524951" lon="14.417875">
        <ele>626.940231</ele>
        <time>2026-05-06T14:16:17.999Z</time>
      </trkpt>
      <trkpt lat="49.524977" lon="14.417718">
        <ele>626.504758</ele>
        <time>2026-05-06T14:16:18.999Z</time>
      </trkpt>
      <trkpt lat="49.524965" lon="14.417541">
        <ele>626.026460</ele>
        <time>2026-05-06T14:16:19.999Z</time>
      </trkpt>
      <trkpt lat="49.524970" lon="14.417366">
        <ele>625.555670</ele>
        <time>2026-05-06T14:16:20.999Z</time>
      </trkpt>
      <trkpt lat="49.524976" lon="14.417187">
        <ele>625.073944</ele>
        <time>2026-05-06T14:16:21.999Z</time>
      </trkpt>
      <trkpt lat="49.524990" lon="14.417039">
        <ele>624.671974</ele>
        <time>2026-05-06T14:16:22.999Z</time>
      </trkpt>
      <trkpt lat="49.524990" lon="14.416844">
        <ele>624.147887</ele>
        <time>2026-05-06T14:16:23.999Z</time>
      </trkpt>
      <trkpt lat="49.524991" lon="14.416665">
        <ele>623.666785</ele>
        <time>2026-05-06T14:16:24.999Z</time>
      </trkpt>
      <trkpt lat="49.524994" lon="14.416490">
        <ele>623.196286</ele>
        <time>2026-05-06T14:16:25.999Z</time>
      </trkpt>
      <trkpt lat="49.525004" lon="14.416328">
        <ele>622.758927</ele>
        <time>2026-05-06T14:16:26.999Z</time>
      </trkpt>
      <trkpt lat="49.525009" lon="14.416162">
        <ele>622.312301</ele>
        <time>2026-05-06T14:16:27.999Z</time>
      </trkpt>
      <trkpt lat="49.525009" lon="14.415999">
        <ele>621.874219</ele>
        <time>2026-05-06T14:16:28.999Z</time>
      </trkpt>
      <trkpt lat="49.524996" lon="14.415836">
        <ele>621.432841</ele>
        <time>2026-05-06T14:16:29.999Z</time>
      </trkpt>
      <trkpt lat="49.524971" lon="14.415676">
        <ele>620.990539</ele>
        <time>2026-05-06T14:16:30.999Z</time>
      </trkpt>
      <trkpt lat="49.524932" lon="14.415539">
        <ele>620.590681</ele>
        <time>2026-05-06T14:16:31.999Z</time>
      </trkpt>
      <trkpt lat="49.524879" lon="14.415400">
        <ele>620.167715</ele>
        <time>2026-05-06T14:16:32.999Z</time>
      </trkpt>
      <trkpt lat="49.524809" lon="14.415285">
        <ele>619.754075</ele>
        <time>2026-05-06T14:16:33.999Z</time>
      </trkpt>
      <trkpt lat="49.524726" lon="14.415190">
        <ele>619.336126</ele>
        <time>2026-05-06T14:16:34.999Z</time>
      </trkpt>
      <trkpt lat="49.524635" lon="14.415123">
        <ele>618.928453</ele>
        <time>2026-05-06T14:16:35.999Z</time>
      </trkpt>
      <trkpt lat="49.524546" lon="14.415086">
        <ele>618.555844</ele>
        <time>2026-05-06T14:16:36.999Z</time>
      </trkpt>
      <trkpt lat="49.524450" lon="14.415069">
        <ele>618.165254</ele>
        <time>2026-05-06T14:16:37.999Z</time>
      </trkpt>
      <trkpt lat="49.524360" lon="14.415065">
        <ele>617.801320</ele>
        <time>2026-05-06T14:16:38.999Z</time>
      </trkpt>
      <trkpt lat="49.524267" lon="14.415072">
        <ele>617.424963</ele>
        <time>2026-05-06T14:16:39.999Z</time>
      </trkpt>
      <trkpt lat="49.524176" lon="14.415088">
        <ele>617.054751</ele>
        <time>2026-05-06T14:16:40.999Z</time>
      </trkpt>
      <trkpt lat="49.524086" lon="14.415108">
        <ele>616.687203</ele>
        <time>2026-05-06T14:16:41.999Z</time>
      </trkpt>
      <trkpt lat="49.523994" lon="14.415119">
        <ele>616.314219</ele>
        <time>2026-05-06T14:16:42.999Z</time>
      </trkpt>
      <trkpt lat="49.523903" lon="14.415137">
        <ele>615.943375</ele>
        <time>2026-05-06T14:16:43.999Z</time>
      </trkpt>
      <trkpt lat="49.523812" lon="14.415149">
        <ele>615.574205</ele>
        <time>2026-05-06T14:16:44.999Z</time>
      </trkpt>
      <trkpt lat="49.523721" lon="14.415165">
        <ele>615.203993</ele>
        <time>2026-05-06T14:16:45.999Z</time>
      </trkpt>
      <trkpt lat="49.523630" lon="14.415182">
        <ele>614.833474</ele>
        <time>2026-05-06T14:16:46.999Z</time>
      </trkpt>
      <trkpt lat="49.523458" lon="14.415196">
        <ele>614.137275</ele>
        <time>2026-05-06T14:16:48.999Z</time>
      </trkpt>
      <trkpt lat="49.523278" lon="14.415199">
        <ele>613.410590</ele>
        <time>2026-05-06T14:16:50.999Z</time>
      </trkpt>
      <trkpt lat="49.523185" lon="14.415196">
        <ele>613.324661</ele>
        <time>2026-05-06T14:16:51.999Z</time>
      </trkpt>
      <trkpt lat="49.523093" lon="14.415183">
        <ele>613.239318</ele>
        <time>2026-05-06T14:16:52.999Z</time>
      </trkpt>
      <trkpt lat="49.523000" lon="14.415163">
        <ele>613.152575</ele>
        <time>2026-05-06T14:16:53.999Z</time>
      </trkpt>
      <trkpt lat="49.522908" lon="14.415132">
        <ele>613.065579</ele>
        <time>2026-05-06T14:16:54.999Z</time>
      </trkpt>
      <trkpt lat="49.522817" lon="14.415100">
        <ele>612.979354</ele>
        <time>2026-05-06T14:16:55.999Z</time>
      </trkpt>
      <trkpt lat="49.522727" lon="14.415058">
        <ele>612.892483</ele>
        <time>2026-05-06T14:16:56.999Z</time>
      </trkpt>
      <trkpt lat="49.522639" lon="14.415013">
        <ele>612.806830</ele>
        <time>2026-05-06T14:16:57.999Z</time>
      </trkpt>
      <trkpt lat="49.522556" lon="14.414958">
        <ele>612.723365</ele>
        <time>2026-05-06T14:16:58.999Z</time>
      </trkpt>
      <trkpt lat="49.522475" lon="14.414889">
        <ele>612.637861</ele>
        <time>2026-05-06T14:16:59.999Z</time>
      </trkpt>
      <trkpt lat="49.522398" lon="14.414805">
        <ele>612.550702</ele>
        <time>2026-05-06T14:17:00.998Z</time>
      </trkpt>
      <trkpt lat="49.522260" lon="14.414632">
        <ele>612.386344</ele>
        <time>2026-05-06T14:17:02.998Z</time>
      </trkpt>
      <trkpt lat="49.522147" lon="14.414439">
        <ele>612.230488</ele>
        <time>2026-05-06T14:17:04.998Z</time>
      </trkpt>
      <trkpt lat="49.522054" lon="14.414242">
        <ele>612.084418</ele>
        <time>2026-05-06T14:17:06.998Z</time>
      </trkpt>
      <trkpt lat="49.521962" lon="14.414069">
        <ele>611.950309</ele>
        <time>2026-05-06T14:17:08.998Z</time>
      </trkpt>
      <trkpt lat="49.521883" lon="14.413902">
        <ele>611.826395</ele>
        <time>2026-05-06T14:17:10.998Z</time>
      </trkpt>
      <trkpt lat="49.521804" lon="14.413745">
        <ele>611.921365</ele>
        <time>2026-05-06T14:17:12.998Z</time>
      </trkpt>
      <trkpt lat="49.521725" lon="14.413600">
        <ele>612.385645</ele>
        <time>2026-05-06T14:17:14.998Z</time>
      </trkpt>
      <trkpt lat="49.521653" lon="14.413450">
        <ele>612.843182</ele>
        <time>2026-05-06T14:17:16.998Z</time>
      </trkpt>
      <trkpt lat="49.521593" lon="14.413315">
        <ele>613.244450</ele>
        <time>2026-05-06T14:17:18.998Z</time>
      </trkpt>
      <trkpt lat="49.521536" lon="14.413191">
        <ele>613.617099</ele>
        <time>2026-05-06T14:17:20.998Z</time>
      </trkpt>
      <trkpt lat="49.521482" lon="14.413072">
        <ele>613.973198</ele>
        <time>2026-05-06T14:17:22.998Z</time>
      </trkpt>
      <trkpt lat="49.521436" lon="14.412949">
        <ele>614.321350</ele>
        <time>2026-05-06T14:17:24.998Z</time>
      </trkpt>
      <trkpt lat="49.521392" lon="14.412823">
        <ele>614.672254</ele>
        <time>2026-05-06T14:17:26.998Z</time>
      </trkpt>
      <trkpt lat="49.521364" lon="14.412679">
        <ele>615.040934</ele>
        <time>2026-05-06T14:17:28.998Z</time>
      </trkpt>
      <trkpt lat="49.521333" lon="14.412534">
        <ele>615.415354</ele>
        <time>2026-05-06T14:17:30.998Z</time>
      </trkpt>
      <trkpt lat="49.521314" lon="14.412390">
        <ele>615.775753</ele>
        <time>2026-05-06T14:17:32.998Z</time>
      </trkpt>
      <trkpt lat="49.521289" lon="14.412244">
        <ele>616.146083</ele>
        <time>2026-05-06T14:17:35.000Z</time>
      </trkpt>
      <trkpt lat="49.521265" lon="14.412094">
        <ele>616.524986</ele>
        <time>2026-05-06T14:17:37.000Z</time>
      </trkpt>
      <trkpt lat="49.521240" lon="14.411952">
        <ele>616.885839</ele>
        <time>2026-05-06T14:17:39.000Z</time>
      </trkpt>
      <trkpt lat="49.521223" lon="14.411813">
        <ele>617.232752</ele>
        <time>2026-05-06T14:17:41.000Z</time>
      </trkpt>
      <trkpt lat="49.521201" lon="14.411677">
        <ele>617.576509</ele>
        <time>2026-05-06T14:17:43.000Z</time>
      </trkpt>
      <trkpt lat="49.521165" lon="14.411488">
        <ele>618.059598</ele>
        <time>2026-05-06T14:17:46.000Z</time>
      </trkpt>
      <trkpt lat="49.521145" lon="14.411351">
        <ele>618.404000</ele>
        <time>2026-05-06T14:17:48.000Z</time>
      </trkpt>
      <trkpt lat="49.521116" lon="14.411164">
        <ele>618.715271</ele>
        <time>2026-05-06T14:17:51.000Z</time>
      </trkpt>
      <trkpt lat="49.521085" lon="14.410991">
        <ele>618.942129</ele>
        <time>2026-05-06T14:17:54.000Z</time>
      </trkpt>
      <trkpt lat="49.521056" lon="14.410798">
        <ele>619.192541</ele>
        <time>2026-05-06T14:17:57.000Z</time>
      </trkpt>
      <trkpt lat="49.521034" lon="14.410637">
        <ele>619.400512</ele>
        <time>2026-05-06T14:18:00.000Z</time>
      </trkpt>
      <trkpt lat="49.521012" lon="14.410476">
        <ele>619.608484</ele>
        <time>2026-05-06T14:18:02.999Z</time>
      </trkpt>
      <trkpt lat="49.520978" lon="14.410328">
        <ele>619.806933</ele>
        <time>2026-05-06T14:18:05.999Z</time>
      </trkpt>
      <trkpt lat="49.520935" lon="14.410145">
        <ele>620.052941</ele>
        <time>2026-05-06T14:18:08.999Z</time>
      </trkpt>
      <trkpt lat="49.520902" lon="14.409972">
        <ele>620.280867</ele>
        <time>2026-05-06T14:18:11.999Z</time>
      </trkpt>
      <trkpt lat="49.520843" lon="14.409800">
        <ele>620.526771</ele>
        <time>2026-05-06T14:18:14.999Z</time>
      </trkpt>
      <trkpt lat="49.520782" lon="14.409631">
        <ele>620.771197</ele>
        <time>2026-05-06T14:18:17.999Z</time>
      </trkpt>
      <trkpt lat="49.520720" lon="14.409467">
        <ele>621.011093</ele>
        <time>2026-05-06T14:18:20.999Z</time>
      </trkpt>
      <trkpt lat="49.520666" lon="14.409339">
        <ele>621.204057</ele>
        <time>2026-05-06T14:18:23.999Z</time>
      </trkpt>
      <trkpt lat="49.520624" lon="14.409206">
        <ele>621.391013</ele>
        <time>2026-05-06T14:18:25.999Z</time>
      </trkpt>
      <trkpt lat="49.520567" lon="14.409098">
        <ele>621.566956</ele>
        <time>2026-05-06T14:18:28.999Z</time>
      </trkpt>
      <trkpt lat="49.520516" lon="14.408932">
        <ele>621.799103</ele>
        <time>2026-05-06T14:18:31.999Z</time>
      </trkpt>
      <trkpt lat="49.520443" lon="14.408790">
        <ele>622.028067</ele>
        <time>2026-05-06T14:18:34.999Z</time>
      </trkpt>
      <trkpt lat="49.520367" lon="14.408664">
        <ele>622.408149</ele>
        <time>2026-05-06T14:18:37.999Z</time>
      </trkpt>
      <trkpt lat="49.520281" lon="14.408536">
        <ele>622.831952</ele>
        <time>2026-05-06T14:18:40.999Z</time>
      </trkpt>
      <trkpt lat="49.520184" lon="14.408433">
        <ele>623.249473</ele>
        <time>2026-05-06T14:18:43.999Z</time>
      </trkpt>
      <trkpt lat="49.520102" lon="14.408304">
        <ele>623.664841</ele>
        <time>2026-05-06T14:18:46.999Z</time>
      </trkpt>
      <trkpt lat="49.520018" lon="14.408193">
        <ele>624.057058</ele>
        <time>2026-05-06T14:18:49.999Z</time>
      </trkpt>
      <trkpt lat="49.519939" lon="14.408076">
        <ele>624.445438</ele>
        <time>2026-05-06T14:18:52.999Z</time>
      </trkpt>
      <trkpt lat="49.519852" lon="14.407960">
        <ele>624.853219</ele>
        <time>2026-05-06T14:18:55.999Z</time>
      </trkpt>
      <trkpt lat="49.519774" lon="14.407850">
        <ele>625.227995</ele>
        <time>2026-05-06T14:18:58.999Z</time>
      </trkpt>
      <trkpt lat="49.519691" lon="14.407737">
        <ele>625.620562</ele>
        <time>2026-05-06T14:19:01.999Z</time>
      </trkpt>
      <trkpt lat="49.519609" lon="14.407631">
        <ele>625.999933</ele>
        <time>2026-05-06T14:19:04.999Z</time>
      </trkpt>
      <trkpt lat="49.519519" lon="14.407514">
        <ele>626.417292</ele>
        <time>2026-05-06T14:19:07.999Z</time>
      </trkpt>
      <trkpt lat="49.519435" lon="14.407384">
        <ele>626.839279</ele>
        <time>2026-05-06T14:19:10.998Z</time>
      </trkpt>
      <trkpt lat="49.519343" lon="14.407269">
        <ele>627.259166</ele>
        <time>2026-05-06T14:19:13.998Z</time>
      </trkpt>
      <trkpt lat="49.519256" lon="14.407151">
        <ele>627.669975</ele>
        <time>2026-05-06T14:19:16.998Z</time>
      </trkpt>
      <trkpt lat="49.519164" lon="14.407029">
        <ele>628.100191</ele>
        <time>2026-05-06T14:19:19.998Z</time>
      </trkpt>
      <trkpt lat="49.519097" lon="14.406934">
        <ele>628.421667</ele>
        <time>2026-05-06T14:19:22.998Z</time>
      </trkpt>
      <trkpt lat="49.519010" lon="14.406854">
        <ele>628.492295</ele>
        <time>2026-05-06T14:19:24.998Z</time>
      </trkpt>
      <trkpt lat="49.518918" lon="14.406736">
        <ele>628.575745</ele>
        <time>2026-05-06T14:19:27.998Z</time>
      </trkpt>
      <trkpt lat="49.518840" lon="14.406628">
        <ele>628.648853</ele>
        <time>2026-05-06T14:19:30.998Z</time>
      </trkpt>
      <trkpt lat="49.518757" lon="14.406515">
        <ele>628.726068</ele>
        <time>2026-05-06T14:19:33.998Z</time>
      </trkpt>
      <trkpt lat="49.518675" lon="14.406440">
        <ele>628.792544</ele>
        <time>2026-05-06T14:19:36.998Z</time>
      </trkpt>
      <trkpt lat="49.518605" lon="14.406337">
        <ele>628.860023</ele>
        <time>2026-05-06T14:19:39.998Z</time>
      </trkpt>
      <trkpt lat="49.518508" lon="14.406212">
        <ele>628.948179</ele>
        <time>2026-05-06T14:19:43.000Z</time>
      </trkpt>
      <trkpt lat="49.518442" lon="14.406114">
        <ele>629.012080</ele>
        <time>2026-05-06T14:19:46.000Z</time>
      </trkpt>
      <trkpt lat="49.518361" lon="14.406010">
        <ele>629.085585</ele>
        <time>2026-05-06T14:19:49.000Z</time>
      </trkpt>
      <trkpt lat="49.518291" lon="14.405913">
        <ele>629.151218</ele>
        <time>2026-05-06T14:19:52.000Z</time>
      </trkpt>
      <trkpt lat="49.518206" lon="14.405816">
        <ele>629.224957</ele>
        <time>2026-05-06T14:19:55.000Z</time>
      </trkpt>
      <trkpt lat="49.518115" lon="14.405720">
        <ele>629.301840</ele>
        <time>2026-05-06T14:19:58.000Z</time>
      </trkpt>
      <trkpt lat="49.518009" lon="14.405626">
        <ele>629.387098</ele>
        <time>2026-05-06T14:20:01.000Z</time>
      </trkpt>
      <trkpt lat="49.517922" lon="14.405553">
        <ele>629.456157</ele>
        <time>2026-05-06T14:20:03.000Z</time>
      </trkpt>
      <trkpt lat="49.517830" lon="14.405492">
        <ele>629.525975</ele>
        <time>2026-05-06T14:20:05.000Z</time>
      </trkpt>
      <trkpt lat="49.517729" lon="14.405420">
        <ele>629.603552</ele>
        <time>2026-05-06T14:20:07.000Z</time>
      </trkpt>
      <trkpt lat="49.517604" lon="14.405365">
        <ele>629.419152</ele>
        <time>2026-05-06T14:20:08.999Z</time>
      </trkpt>
      <trkpt lat="49.517461" lon="14.405308">
        <ele>628.035481</ele>
        <time>2026-05-06T14:20:10.999Z</time>
      </trkpt>
      <trkpt lat="49.517319" lon="14.405293">
        <ele>626.702179</ele>
        <time>2026-05-06T14:20:12.999Z</time>
      </trkpt>
      <trkpt lat="49.517225" lon="14.405284">
        <ele>625.819939</ele>
        <time>2026-05-06T14:20:13.999Z</time>
      </trkpt>
      <trkpt lat="49.517062" lon="14.405274">
        <ele>624.291834</ele>
        <time>2026-05-06T14:20:15.999Z</time>
      </trkpt>
      <trkpt lat="49.516955" lon="14.405258">
        <ele>623.284805</ele>
        <time>2026-05-06T14:20:16.999Z</time>
      </trkpt>
      <trkpt lat="49.516859" lon="14.405248">
        <ele>622.383475</ele>
        <time>2026-05-06T14:20:17.999Z</time>
      </trkpt>
      <trkpt lat="49.516759" lon="14.405239">
        <ele>621.445133</ele>
        <time>2026-05-06T14:20:18.999Z</time>
      </trkpt>
      <trkpt lat="49.516662" lon="14.405238">
        <ele>620.536470</ele>
        <time>2026-05-06T14:20:19.999Z</time>
      </trkpt>
      <trkpt lat="49.516556" lon="14.405232">
        <ele>619.542849</ele>
        <time>2026-05-06T14:20:20.999Z</time>
      </trkpt>
      <trkpt lat="49.516446" lon="14.405224">
        <ele>618.511282</ele>
        <time>2026-05-06T14:20:21.999Z</time>
      </trkpt>
      <trkpt lat="49.516342" lon="14.405226">
        <ele>617.536991</ele>
        <time>2026-05-06T14:20:22.999Z</time>
      </trkpt>
      <trkpt lat="49.516235" lon="14.405208">
        <ele>616.528714</ele>
        <time>2026-05-06T14:20:23.999Z</time>
      </trkpt>
      <trkpt lat="49.516121" lon="14.405173">
        <ele>615.439817</ele>
        <time>2026-05-06T14:20:24.999Z</time>
      </trkpt>
      <trkpt lat="49.516008" lon="14.405127">
        <ele>614.344950</ele>
        <time>2026-05-06T14:20:25.999Z</time>
      </trkpt>
      <trkpt lat="49.515898" lon="14.405076">
        <ele>613.268861</ele>
        <time>2026-05-06T14:20:26.999Z</time>
      </trkpt>
      <trkpt lat="49.515795" lon="14.405015">
        <ele>612.445029</ele>
        <time>2026-05-06T14:20:27.999Z</time>
      </trkpt>
      <trkpt lat="49.515678" lon="14.404951">
        <ele>611.694815</ele>
        <time>2026-05-06T14:20:28.999Z</time>
      </trkpt>
      <trkpt lat="49.515569" lon="14.404868">
        <ele>610.960109</ele>
        <time>2026-05-06T14:20:29.999Z</time>
      </trkpt>
      <trkpt lat="49.515461" lon="14.404771">
        <ele>610.204694</ele>
        <time>2026-05-06T14:20:30.999Z</time>
      </trkpt>
      <trkpt lat="49.515372" lon="14.404633">
        <ele>609.441624</ele>
        <time>2026-05-06T14:20:31.999Z</time>
      </trkpt>
      <trkpt lat="49.515293" lon="14.404497">
        <ele>608.725729</ele>
        <time>2026-05-06T14:20:32.999Z</time>
      </trkpt>
      <trkpt lat="49.515228" lon="14.404342">
        <ele>608.001856</ele>
        <time>2026-05-06T14:20:33.999Z</time>
      </trkpt>
      <trkpt lat="49.515176" lon="14.404173">
        <ele>607.268188</ele>
        <time>2026-05-06T14:20:34.999Z</time>
      </trkpt>
      <trkpt lat="49.515119" lon="14.403998">
        <ele>606.500117</ele>
        <time>2026-05-06T14:20:35.999Z</time>
      </trkpt>
      <trkpt lat="49.515090" lon="14.403816">
        <ele>605.764946</ele>
        <time>2026-05-06T14:20:36.999Z</time>
      </trkpt>
      <trkpt lat="49.515068" lon="14.403632">
        <ele>605.030979</ele>
        <time>2026-05-06T14:20:37.999Z</time>
      </trkpt>
      <trkpt lat="49.515047" lon="14.403443">
        <ele>604.278755</ele>
        <time>2026-05-06T14:20:38.999Z</time>
      </trkpt>
      <trkpt lat="49.515025" lon="14.403268">
        <ele>603.579481</ele>
        <time>2026-05-06T14:20:39.999Z</time>
      </trkpt>
      <trkpt lat="49.514997" lon="14.403097">
        <ele>602.887644</ele>
        <time>2026-05-06T14:20:40.999Z</time>
      </trkpt>
      <trkpt lat="49.514942" lon="14.402934">
        <ele>602.166994</ele>
        <time>2026-05-06T14:20:41.999Z</time>
      </trkpt>
      <trkpt lat="49.514871" lon="14.402785">
        <ele>602.108721</ele>
        <time>2026-05-06T14:20:42.999Z</time>
      </trkpt>
      <trkpt lat="49.514786" lon="14.402654">
        <ele>602.320213</ele>
        <time>2026-05-06T14:20:43.999Z</time>
      </trkpt>
      <trkpt lat="49.514698" lon="14.402534">
        <ele>602.526936</ele>
        <time>2026-05-06T14:20:44.999Z</time>
      </trkpt>
      <trkpt lat="49.514620" lon="14.402419">
        <ele>602.716850</ele>
        <time>2026-05-06T14:20:45.999Z</time>
      </trkpt>
      <trkpt lat="49.514538" lon="14.402307">
        <ele>602.909616</ele>
        <time>2026-05-06T14:20:46.999Z</time>
      </trkpt>
      <trkpt lat="49.514452" lon="14.402212">
        <ele>603.095758</ele>
        <time>2026-05-06T14:20:47.999Z</time>
      </trkpt>
      <trkpt lat="49.514359" lon="14.402148">
        <ele>603.274916</ele>
        <time>2026-05-06T14:20:48.999Z</time>
      </trkpt>
      <trkpt lat="49.514262" lon="14.402105">
        <ele>603.452450</ele>
        <time>2026-05-06T14:20:49.999Z</time>
      </trkpt>
      <trkpt lat="49.514168" lon="14.402081">
        <ele>603.620038</ele>
        <time>2026-05-06T14:20:50.999Z</time>
      </trkpt>
      <trkpt lat="49.514075" lon="14.402064">
        <ele>603.784759</ele>
        <time>2026-05-06T14:20:51.999Z</time>
      </trkpt>
      <trkpt lat="49.513912" lon="14.402007">
        <ele>604.078749</ele>
        <time>2026-05-06T14:20:53.999Z</time>
      </trkpt>
      <trkpt lat="49.513821" lon="14.402009">
        <ele>604.238820</ele>
        <time>2026-05-06T14:20:54.999Z</time>
      </trkpt>
      <trkpt lat="49.513659" lon="14.401970">
        <ele>604.527214</ele>
        <time>2026-05-06T14:20:56.999Z</time>
      </trkpt>
      <trkpt lat="49.513519" lon="14.401917">
        <ele>604.780782</ele>
        <time>2026-05-06T14:20:58.999Z</time>
      </trkpt>
      <trkpt lat="49.513398" lon="14.401881">
        <ele>604.997537</ele>
        <time>2026-05-06T14:21:00.999Z</time>
      </trkpt>
      <trkpt lat="49.513299" lon="14.401827">
        <ele>605.151420</ele>
        <time>2026-05-06T14:21:02.999Z</time>
      </trkpt>
      <trkpt lat="49.513189" lon="14.401768">
        <ele>605.251557</ele>
        <time>2026-05-06T14:21:05.999Z</time>
      </trkpt>
      <trkpt lat="49.513086" lon="14.401728">
        <ele>605.342878</ele>
        <time>2026-05-06T14:21:08.999Z</time>
      </trkpt>
      <trkpt lat="49.512991" lon="14.401689">
        <ele>605.427401</ele>
        <time>2026-05-06T14:21:11.999Z</time>
      </trkpt>
      <trkpt lat="49.512898" lon="14.401626">
        <ele>605.514744</ele>
        <time>2026-05-06T14:21:14.998Z</time>
      </trkpt>
      <trkpt lat="49.512807" lon="14.401581">
        <ele>605.596911</ele>
        <time>2026-05-06T14:21:17.998Z</time>
      </trkpt>
      <trkpt lat="49.512716" lon="14.401529">
        <ele>605.680354</ele>
        <time>2026-05-06T14:21:20.998Z</time>
      </trkpt>
      <trkpt lat="49.512634" lon="14.401436">
        <ele>605.767901</ele>
        <time>2026-05-06T14:21:24.998Z</time>
      </trkpt>
      <trkpt lat="49.512537" lon="14.401382">
        <ele>605.856572</ele>
        <time>2026-05-06T14:21:28.998Z</time>
      </trkpt>
      <trkpt lat="49.512449" lon="14.401331">
        <ele>605.937404</ele>
        <time>2026-05-06T14:21:32.998Z</time>
      </trkpt>
      <trkpt lat="49.512355" lon="14.401263">
        <ele>606.026686</ele>
        <time>2026-05-06T14:21:37.998Z</time>
      </trkpt>
      <trkpt lat="49.512265" lon="14.401224">
        <ele>606.107063</ele>
        <time>2026-05-06T14:21:42.998Z</time>
      </trkpt>
      <trkpt lat="49.512113" lon="14.401195">
        <ele>606.238737</ele>
        <time>2026-05-06T14:22:59.999Z</time>
      </trkpt>
      <trkpt lat="49.512023" lon="14.401167">
        <ele>606.317672</ele>
        <time>2026-05-06T14:23:02.999Z</time>
      </trkpt>
      <trkpt lat="49.511904" lon="14.401138">
        <ele>606.421249</ele>
        <time>2026-05-06T14:23:05.999Z</time>
      </trkpt>
      <trkpt lat="49.511804" lon="14.401120">
        <ele>606.507805</ele>
        <time>2026-05-06T14:23:07.999Z</time>
      </trkpt>
      <trkpt lat="49.511688" lon="14.401102">
        <ele>606.608035</ele>
        <time>2026-05-06T14:23:09.999Z</time>
      </trkpt>
      <trkpt lat="49.511558" lon="14.401081">
        <ele>606.488037</ele>
        <time>2026-05-06T14:23:11.999Z</time>
      </trkpt>
      <trkpt lat="49.511412" lon="14.401059">
        <ele>606.052560</ele>
        <time>2026-05-06T14:23:13.999Z</time>
      </trkpt>
      <trkpt lat="49.511258" lon="14.401052">
        <ele>605.595205</ele>
        <time>2026-05-06T14:23:15.999Z</time>
      </trkpt>
      <trkpt lat="49.511097" lon="14.401031">
        <ele>605.115559</ele>
        <time>2026-05-06T14:23:17.999Z</time>
      </trkpt>
      <trkpt lat="49.510933" lon="14.401008">
        <ele>604.626703</ele>
        <time>2026-05-06T14:23:19.999Z</time>
      </trkpt>
      <trkpt lat="49.510766" lon="14.400987">
        <ele>604.129307</ele>
        <time>2026-05-06T14:23:21.998Z</time>
      </trkpt>
      <trkpt lat="49.510596" lon="14.400961">
        <ele>603.622172</ele>
        <time>2026-05-06T14:23:23.998Z</time>
      </trkpt>
      <trkpt lat="49.510417" lon="14.400928">
        <ele>603.087009</ele>
        <time>2026-05-06T14:23:25.998Z</time>
      </trkpt>
      <trkpt lat="49.510247" lon="14.400854">
        <ele>602.562586</ele>
        <time>2026-05-06T14:23:27.998Z</time>
      </trkpt>
      <trkpt lat="49.510159" lon="14.400811">
        <ele>602.288521</ele>
        <time>2026-05-06T14:23:28.998Z</time>
      </trkpt>
      <trkpt lat="49.510068" lon="14.400785">
        <ele>602.013775</ele>
        <time>2026-05-06T14:23:29.998Z</time>
      </trkpt>
      <trkpt lat="49.509925" lon="14.400635">
        <ele>601.500163</ele>
        <time>2026-05-06T14:23:31.998Z</time>
      </trkpt>
      <trkpt lat="49.509787" lon="14.400504">
        <ele>601.483088</ele>
        <time>2026-05-06T14:23:33.998Z</time>
      </trkpt>
      <trkpt lat="49.509664" lon="14.400358">
        <ele>601.712461</ele>
        <time>2026-05-06T14:23:35.998Z</time>
      </trkpt>
      <trkpt lat="49.509558" lon="14.400212">
        <ele>601.922508</ele>
        <time>2026-05-06T14:23:37.998Z</time>
      </trkpt>
      <trkpt lat="49.509461" lon="14.400080">
        <ele>602.113698</ele>
        <time>2026-05-06T14:23:39.998Z</time>
      </trkpt>
      <trkpt lat="49.509381" lon="14.399979">
        <ele>602.266490</ele>
        <time>2026-05-06T14:23:41.998Z</time>
      </trkpt>
      <trkpt lat="49.509272" lon="14.399826">
        <ele>602.484325</ele>
        <time>2026-05-06T14:23:43.998Z</time>
      </trkpt>
      <trkpt lat="49.509179" lon="14.399696">
        <ele>602.669835</ele>
        <time>2026-05-06T14:23:45.998Z</time>
      </trkpt>
      <trkpt lat="49.509086" lon="14.399572">
        <ele>602.851527</ele>
        <time>2026-05-06T14:23:47.998Z</time>
      </trkpt>
      <trkpt lat="49.508998" lon="14.399457">
        <ele>603.021995</ele>
        <time>2026-05-06T14:23:49.998Z</time>
      </trkpt>
      <trkpt lat="49.508911" lon="14.399335">
        <ele>603.195787</ele>
        <time>2026-05-06T14:23:51.998Z</time>
      </trkpt>
      <trkpt lat="49.508830" lon="14.399218">
        <ele>603.359815</ele>
        <time>2026-05-06T14:23:54.000Z</time>
      </trkpt>
      <trkpt lat="49.508752" lon="14.399100">
        <ele>603.521311</ele>
        <time>2026-05-06T14:23:56.000Z</time>
      </trkpt>
      <trkpt lat="49.508679" lon="14.398991">
        <ele>603.671493</ele>
        <time>2026-05-06T14:23:58.000Z</time>
      </trkpt>
      <trkpt lat="49.508614" lon="14.398891">
        <ele>603.807197</ele>
        <time>2026-05-06T14:24:00.000Z</time>
      </trkpt>
      <trkpt lat="49.508514" lon="14.398797">
        <ele>603.980241</ele>
        <time>2026-05-06T14:24:02.000Z</time>
      </trkpt>
      <trkpt lat="49.508416" lon="14.398715">
        <ele>603.706160</ele>
        <time>2026-05-06T14:24:04.000Z</time>
      </trkpt>
      <trkpt lat="49.508304" lon="14.398643">
        <ele>603.392074</ele>
        <time>2026-05-06T14:24:06.000Z</time>
      </trkpt>
      <trkpt lat="49.508195" lon="14.398569">
        <ele>603.083798</ele>
        <time>2026-05-06T14:24:08.000Z</time>
      </trkpt>
      <trkpt lat="49.508080" lon="14.398499">
        <ele>602.763784</ele>
        <time>2026-05-06T14:24:10.000Z</time>
      </trkpt>
      <trkpt lat="49.507924" lon="14.398423">
        <ele>602.340349</ele>
        <time>2026-05-06T14:24:12.000Z</time>
      </trkpt>
      <trkpt lat="49.507776" lon="14.398335">
        <ele>601.929781</ele>
        <time>2026-05-06T14:24:14.000Z</time>
      </trkpt>
      <trkpt lat="49.507632" lon="14.398242">
        <ele>601.525677</ele>
        <time>2026-05-06T14:24:16.000Z</time>
      </trkpt>
      <trkpt lat="49.507481" lon="14.398149">
        <ele>601.104809</ele>
        <time>2026-05-06T14:24:18.000Z</time>
      </trkpt>
      <trkpt lat="49.507328" lon="14.398051">
        <ele>600.675974</ele>
        <time>2026-05-06T14:24:19.999Z</time>
      </trkpt>
      <trkpt lat="49.507173" lon="14.397964">
        <ele>600.249034</ele>
        <time>2026-05-06T14:24:21.999Z</time>
      </trkpt>
      <trkpt lat="49.507017" lon="14.397875">
        <ele>599.818506</ele>
        <time>2026-05-06T14:24:23.999Z</time>
      </trkpt>
      <trkpt lat="49.506864" lon="14.397784">
        <ele>599.394049</ele>
        <time>2026-05-06T14:24:25.999Z</time>
      </trkpt>
      <trkpt lat="49.506714" lon="14.397695">
        <ele>599.370895</ele>
        <time>2026-05-06T14:24:27.999Z</time>
      </trkpt>
      <trkpt lat="49.506563" lon="14.397607">
        <ele>599.418405</ele>
        <time>2026-05-06T14:24:29.999Z</time>
      </trkpt>
      <trkpt lat="49.506416" lon="14.397517">
        <ele>599.464955</ele>
        <time>2026-05-06T14:24:31.999Z</time>
      </trkpt>
      <trkpt lat="49.506269" lon="14.397427">
        <ele>599.511505</ele>
        <time>2026-05-06T14:24:33.999Z</time>
      </trkpt>
      <trkpt lat="49.506128" lon="14.397341">
        <ele>599.556132</ele>
        <time>2026-05-06T14:24:35.999Z</time>
      </trkpt>
      <trkpt lat="49.505983" lon="14.397255">
        <ele>599.601856</ele>
        <time>2026-05-06T14:24:37.999Z</time>
      </trkpt>
      <trkpt lat="49.505841" lon="14.397163">
        <ele>599.647189</ele>
        <time>2026-05-06T14:24:39.999Z</time>
      </trkpt>
      <trkpt lat="49.505698" lon="14.397082">
        <ele>599.692025</ele>
        <time>2026-05-06T14:24:41.999Z</time>
      </trkpt>
      <trkpt lat="49.505559" lon="14.397000">
        <ele>599.735826</ele>
        <time>2026-05-06T14:24:43.999Z</time>
      </trkpt>
      <trkpt lat="49.505426" lon="14.396913">
        <ele>599.778348</ele>
        <time>2026-05-06T14:24:45.999Z</time>
      </trkpt>
      <trkpt lat="49.505295" lon="14.396834">
        <ele>599.819747</ele>
        <time>2026-05-06T14:24:47.999Z</time>
      </trkpt>
      <trkpt lat="49.505166" lon="14.396762">
        <ele>599.859969</ele>
        <time>2026-05-06T14:24:49.999Z</time>
      </trkpt>
      <trkpt lat="49.505044" lon="14.396683">
        <ele>599.799540</ele>
        <time>2026-05-06T14:24:51.999Z</time>
      </trkpt>
      <trkpt lat="49.504929" lon="14.396609">
        <ele>599.742631</ele>
        <time>2026-05-06T14:24:53.999Z</time>
      </trkpt>
      <trkpt lat="49.504816" lon="14.396547">
        <ele>599.687858</ele>
        <time>2026-05-06T14:24:55.999Z</time>
      </trkpt>
      <trkpt lat="49.504708" lon="14.396488">
        <ele>599.635535</ele>
        <time>2026-05-06T14:24:57.999Z</time>
      </trkpt>
      <trkpt lat="49.504606" lon="14.396425">
        <ele>599.585355</ele>
        <time>2026-05-06T14:24:59.999Z</time>
      </trkpt>
      <trkpt lat="49.504513" lon="14.396365">
        <ele>599.539315</ele>
        <time>2026-05-06T14:25:01.999Z</time>
      </trkpt>
      <trkpt lat="49.504410" lon="14.396322">
        <ele>599.490588</ele>
        <time>2026-05-06T14:25:03.999Z</time>
      </trkpt>
      <trkpt lat="49.504301" lon="14.396279">
        <ele>599.439212</ele>
        <time>2026-05-06T14:25:05.999Z</time>
      </trkpt>
      <trkpt lat="49.504184" lon="14.396243">
        <ele>599.384734</ele>
        <time>2026-05-06T14:25:07.999Z</time>
      </trkpt>
      <trkpt lat="49.504061" lon="14.396194">
        <ele>599.326723</ele>
        <time>2026-05-06T14:25:09.999Z</time>
      </trkpt>
      <trkpt lat="49.503934" lon="14.396161">
        <ele>599.267916</ele>
        <time>2026-05-06T14:25:11.999Z</time>
      </trkpt>
      <trkpt lat="49.503803" lon="14.396114">
        <ele>599.206499</ele>
        <time>2026-05-06T14:25:13.999Z</time>
      </trkpt>
      <trkpt lat="49.503666" lon="14.396071">
        <ele>599.142659</ele>
        <time>2026-05-06T14:25:15.999Z</time>
      </trkpt>
      <trkpt lat="49.503517" lon="14.396023">
        <ele>599.073153</ele>
        <time>2026-05-06T14:25:17.999Z</time>
      </trkpt>
      <trkpt lat="49.503361" lon="14.395970">
        <ele>598.530428</ele>
        <time>2026-05-06T14:25:19.999Z</time>
      </trkpt>
      <trkpt lat="49.503195" lon="14.395919">
        <ele>597.512376</ele>
        <time>2026-05-06T14:25:21.999Z</time>
      </trkpt>
      <trkpt lat="49.503019" lon="14.395873">
        <ele>596.438719</ele>
        <time>2026-05-06T14:25:23.999Z</time>
      </trkpt>
      <trkpt lat="49.502842" lon="14.395807">
        <ele>595.343420</ele>
        <time>2026-05-06T14:25:25.999Z</time>
      </trkpt>
      <trkpt lat="49.502749" lon="14.395783">
        <ele>594.776289</ele>
        <time>2026-05-06T14:25:26.999Z</time>
      </trkpt>
      <trkpt lat="49.502655" lon="14.395751">
        <ele>594.197293</ele>
        <time>2026-05-06T14:25:27.999Z</time>
      </trkpt>
      <trkpt lat="49.502562" lon="14.395720">
        <ele>593.625008</ele>
        <time>2026-05-06T14:25:28.999Z</time>
      </trkpt>
      <trkpt lat="49.502461" lon="14.395695">
        <ele>593.009765</ele>
        <time>2026-05-06T14:25:29.998Z</time>
      </trkpt>
      <trkpt lat="49.502363" lon="14.395659">
        <ele>592.403823</ele>
        <time>2026-05-06T14:25:30.998Z</time>
      </trkpt>
      <trkpt lat="49.502263" lon="14.395628">
        <ele>591.790325</ele>
        <time>2026-05-06T14:25:31.998Z</time>
      </trkpt>
      <trkpt lat="49.502159" lon="14.395592">
        <ele>591.149228</ele>
        <time>2026-05-06T14:25:32.998Z</time>
      </trkpt>
      <trkpt lat="49.502055" lon="14.395560">
        <ele>590.511375</ele>
        <time>2026-05-06T14:25:33.998Z</time>
      </trkpt>
      <trkpt lat="49.501948" lon="14.395530">
        <ele>589.857263</ele>
        <time>2026-05-06T14:25:34.998Z</time>
      </trkpt>
      <trkpt lat="49.501840" lon="14.395495">
        <ele>589.193489</ele>
        <time>2026-05-06T14:25:35.998Z</time>
      </trkpt>
      <trkpt lat="49.501731" lon="14.395453">
        <ele>588.517716</ele>
        <time>2026-05-06T14:25:36.998Z</time>
      </trkpt>
      <trkpt lat="49.501619" lon="14.395417">
        <ele>587.848773</ele>
        <time>2026-05-06T14:25:37.998Z</time>
      </trkpt>
      <trkpt lat="49.501511" lon="14.395380">
        <ele>587.215933</ele>
        <time>2026-05-06T14:25:38.998Z</time>
      </trkpt>
      <trkpt lat="49.501401" lon="14.395345">
        <ele>586.573466</ele>
        <time>2026-05-06T14:25:39.998Z</time>
      </trkpt>
      <trkpt lat="49.501290" lon="14.395309">
        <ele>585.924641</ele>
        <time>2026-05-06T14:25:40.998Z</time>
      </trkpt>
      <trkpt lat="49.501180" lon="14.395274">
        <ele>585.282174</ele>
        <time>2026-05-06T14:25:41.998Z</time>
      </trkpt>
      <trkpt lat="49.501070" lon="14.395246">
        <ele>584.644461</ele>
        <time>2026-05-06T14:25:42.998Z</time>
      </trkpt>
      <trkpt lat="49.500957" lon="14.395221">
        <ele>583.991489</ele>
        <time>2026-05-06T14:25:43.998Z</time>
      </trkpt>
      <trkpt lat="49.500845" lon="14.395200">
        <ele>583.346143</ele>
        <time>2026-05-06T14:25:44.998Z</time>
      </trkpt>
      <trkpt lat="49.500735" lon="14.395180">
        <ele>582.712597</ele>
        <time>2026-05-06T14:25:45.998Z</time>
      </trkpt>
      <trkpt lat="49.500621" lon="14.395158">
        <ele>582.055443</ele>
        <time>2026-05-06T14:25:46.998Z</time>
      </trkpt>
      <trkpt lat="49.500514" lon="14.395140">
        <ele>581.439785</ele>
        <time>2026-05-06T14:25:47.998Z</time>
      </trkpt>
      <trkpt lat="49.500398" lon="14.395118">
        <ele>580.771278</ele>
        <time>2026-05-06T14:25:48.998Z</time>
      </trkpt>
      <trkpt lat="49.500284" lon="14.395081">
        <ele>580.104896</ele>
        <time>2026-05-06T14:25:49.998Z</time>
      </trkpt>
      <trkpt lat="49.500175" lon="14.395056">
        <ele>579.474563</ele>
        <time>2026-05-06T14:25:50.998Z</time>
      </trkpt>
      <trkpt lat="49.500059" lon="14.395050">
        <ele>578.810695</ele>
        <time>2026-05-06T14:25:51.998Z</time>
      </trkpt>
      <trkpt lat="49.499949" lon="14.395015">
        <ele>578.168228</ele>
        <time>2026-05-06T14:25:52.998Z</time>
      </trkpt>
      <trkpt lat="49.499832" lon="14.395015">
        <ele>577.627280</ele>
        <time>2026-05-06T14:25:53.998Z</time>
      </trkpt>
      <trkpt lat="49.499721" lon="14.394993">
        <ele>577.176170</ele>
        <time>2026-05-06T14:25:54.998Z</time>
      </trkpt>
      <trkpt lat="49.499607" lon="14.394979">
        <ele>576.715201</ele>
        <time>2026-05-06T14:25:55.998Z</time>
      </trkpt>
      <trkpt lat="49.499498" lon="14.394952">
        <ele>576.270195</ele>
        <time>2026-05-06T14:25:56.998Z</time>
      </trkpt>
      <trkpt lat="49.499386" lon="14.394942">
        <ele>575.817988</ele>
        <time>2026-05-06T14:25:57.998Z</time>
      </trkpt>
      <trkpt lat="49.499277" lon="14.394916">
        <ele>575.373391</ele>
        <time>2026-05-06T14:25:59.000Z</time>
      </trkpt>
      <trkpt lat="49.499167" lon="14.394892">
        <ele>574.925574</ele>
        <time>2026-05-06T14:26:00.000Z</time>
      </trkpt>
      <trkpt lat="49.499058" lon="14.394872">
        <ele>574.483109</ele>
        <time>2026-05-06T14:26:01.000Z</time>
      </trkpt>
      <trkpt lat="49.498953" lon="14.394862">
        <ele>574.059067</ele>
        <time>2026-05-06T14:26:02.000Z</time>
      </trkpt>
      <trkpt lat="49.498848" lon="14.394841">
        <ele>573.632279</ele>
        <time>2026-05-06T14:26:03.000Z</time>
      </trkpt>
      <trkpt lat="49.498743" lon="14.394819">
        <ele>573.205145</ele>
        <time>2026-05-06T14:26:04.000Z</time>
      </trkpt>
      <trkpt lat="49.498637" lon="14.394800">
        <ele>572.774995</ele>
        <time>2026-05-06T14:26:05.000Z</time>
      </trkpt>
      <trkpt lat="49.498532" lon="14.394783">
        <ele>572.349429</ele>
        <time>2026-05-06T14:26:06.000Z</time>
      </trkpt>
      <trkpt lat="49.498427" lon="14.394764">
        <ele>571.923283</ele>
        <time>2026-05-06T14:26:07.000Z</time>
      </trkpt>
      <trkpt lat="49.498323" lon="14.394745">
        <ele>571.501139</ele>
        <time>2026-05-06T14:26:08.000Z</time>
      </trkpt>
      <trkpt lat="49.498215" lon="14.394720">
        <ele>571.060922</ele>
        <time>2026-05-06T14:26:09.000Z</time>
      </trkpt>
      <trkpt lat="49.498111" lon="14.394701">
        <ele>570.642241</ele>
        <time>2026-05-06T14:26:10.000Z</time>
      </trkpt>
      <trkpt lat="49.498000" lon="14.394680">
        <ele>570.226410</ele>
        <time>2026-05-06T14:26:11.000Z</time>
      </trkpt>
      <trkpt lat="49.497890" lon="14.394660">
        <ele>569.814560</ele>
        <time>2026-05-06T14:26:12.000Z</time>
      </trkpt>
      <trkpt lat="49.497779" lon="14.394634">
        <ele>569.397085</ele>
        <time>2026-05-06T14:26:13.000Z</time>
      </trkpt>
      <trkpt lat="49.497665" lon="14.394615">
        <ele>568.970728</ele>
        <time>2026-05-06T14:26:14.000Z</time>
      </trkpt>
      <trkpt lat="49.497555" lon="14.394598">
        <ele>568.559665</ele>
        <time>2026-05-06T14:26:15.000Z</time>
      </trkpt>
      <trkpt lat="49.497442" lon="14.394577">
        <ele>568.136452</ele>
        <time>2026-05-06T14:26:16.000Z</time>
      </trkpt>
      <trkpt lat="49.497333" lon="14.394566">
        <ele>567.730293</ele>
        <time>2026-05-06T14:26:17.000Z</time>
      </trkpt>
      <trkpt lat="49.497216" lon="14.394533">
        <ele>567.288017</ele>
        <time>2026-05-06T14:26:18.000Z</time>
      </trkpt>
      <trkpt lat="49.497106" lon="14.394513">
        <ele>566.876167</ele>
        <time>2026-05-06T14:26:19.000Z</time>
      </trkpt>
      <trkpt lat="49.496998" lon="14.394493">
        <ele>566.471701</ele>
        <time>2026-05-06T14:26:20.000Z</time>
      </trkpt>
      <trkpt lat="49.496886" lon="14.394474">
        <ele>566.052737</ele>
        <time>2026-05-06T14:26:21.000Z</time>
      </trkpt>
      <trkpt lat="49.496775" lon="14.394464">
        <ele>565.639304</ele>
        <time>2026-05-06T14:26:22.000Z</time>
      </trkpt>
      <trkpt lat="49.496665" lon="14.394434">
        <ele>565.223929</ele>
        <time>2026-05-06T14:26:23.000Z</time>
      </trkpt>
      <trkpt lat="49.496557" lon="14.394420">
        <ele>564.820937</ele>
        <time>2026-05-06T14:26:24.000Z</time>
      </trkpt>
      <trkpt lat="49.496469" lon="14.394391">
        <ele>564.486319</ele>
        <time>2026-05-06T14:26:25.000Z</time>
      </trkpt>
      <trkpt lat="49.496304" lon="14.394356">
        <ele>563.887131</ele>
        <time>2026-05-06T14:26:26.999Z</time>
      </trkpt>
      <trkpt lat="49.496133" lon="14.394324">
        <ele>563.346832</ele>
        <time>2026-05-06T14:26:28.999Z</time>
      </trkpt>
      <trkpt lat="49.495956" lon="14.394292">
        <ele>562.787847</ele>
        <time>2026-05-06T14:26:30.999Z</time>
      </trkpt>
      <trkpt lat="49.495779" lon="14.394269">
        <ele>562.230702</ele>
        <time>2026-05-06T14:26:32.999Z</time>
      </trkpt>
      <trkpt lat="49.495606" lon="14.394236">
        <ele>561.683929</ele>
        <time>2026-05-06T14:26:34.999Z</time>
      </trkpt>
      <trkpt lat="49.495431" lon="14.394200">
        <ele>561.130154</ele>
        <time>2026-05-06T14:26:36.999Z</time>
      </trkpt>
      <trkpt lat="49.495256" lon="14.394162">
        <ele>560.575824</ele>
        <time>2026-05-06T14:26:38.999Z</time>
      </trkpt>
      <trkpt lat="49.495167" lon="14.394151">
        <ele>560.295772</ele>
        <time>2026-05-06T14:26:39.999Z</time>
      </trkpt>
      <trkpt lat="49.494999" lon="14.394127">
        <ele>559.766567</ele>
        <time>2026-05-06T14:26:41.999Z</time>
      </trkpt>
      <trkpt lat="49.494827" lon="14.394094">
        <ele>559.222907</ele>
        <time>2026-05-06T14:26:43.999Z</time>
      </trkpt>
      <trkpt lat="49.494653" lon="14.394063">
        <ele>558.673504</ele>
        <time>2026-05-06T14:26:45.999Z</time>
      </trkpt>
      <trkpt lat="49.494484" lon="14.394029">
        <ele>558.080121</ele>
        <time>2026-05-06T14:26:47.999Z</time>
      </trkpt>
      <trkpt lat="49.494312" lon="14.393998">
        <ele>557.388504</ele>
        <time>2026-05-06T14:26:49.999Z</time>
      </trkpt>
      <trkpt lat="49.494137" lon="14.393964">
        <ele>556.684054</ele>
        <time>2026-05-06T14:26:51.999Z</time>
      </trkpt>
      <trkpt lat="49.493965" lon="14.393926">
        <ele>555.990091</ele>
        <time>2026-05-06T14:26:53.999Z</time>
      </trkpt>
      <trkpt lat="49.493787" lon="14.393886">
        <ele>555.271670</ele>
        <time>2026-05-06T14:26:55.999Z</time>
      </trkpt>
      <trkpt lat="49.493703" lon="14.393824">
        <ele>554.899634</ele>
        <time>2026-05-06T14:26:56.999Z</time>
      </trkpt>
      <trkpt lat="49.493613" lon="14.393792">
        <ele>554.530735</ele>
        <time>2026-05-06T14:26:57.999Z</time>
      </trkpt>
      <trkpt lat="49.493530" lon="14.393717">
        <ele>554.146376</ele>
        <time>2026-05-06T14:26:58.999Z</time>
      </trkpt>
      <trkpt lat="49.493448" lon="14.393644">
        <ele>553.768079</ele>
        <time>2026-05-06T14:26:59.999Z</time>
      </trkpt>
      <trkpt lat="49.493366" lon="14.393572">
        <ele>553.391074</ele>
        <time>2026-05-06T14:27:00.999Z</time>
      </trkpt>
      <trkpt lat="49.493276" lon="14.393503">
        <ele>552.989534</ele>
        <time>2026-05-06T14:27:01.999Z</time>
      </trkpt>
      <trkpt lat="49.493193" lon="14.393432">
        <ele>552.610321</ele>
        <time>2026-05-06T14:27:02.999Z</time>
      </trkpt>
      <trkpt lat="49.493102" lon="14.393361">
        <ele>552.202883</ele>
        <time>2026-05-06T14:27:03.999Z</time>
      </trkpt>
      <trkpt lat="49.493017" lon="14.393291">
        <ele>551.817899</ele>
        <time>2026-05-06T14:27:04.999Z</time>
      </trkpt>
      <trkpt lat="49.492934" lon="14.393218">
        <ele>551.436138</ele>
        <time>2026-05-06T14:27:05.999Z</time>
      </trkpt>
      <trkpt lat="49.492847" lon="14.393146">
        <ele>551.028511</ele>
        <time>2026-05-06T14:27:06.999Z</time>
      </trkpt>
      <trkpt lat="49.492761" lon="14.393074">
        <ele>550.597709</ele>
        <time>2026-05-06T14:27:07.999Z</time>
      </trkpt>
      <trkpt lat="49.492674" lon="14.393004">
        <ele>550.165714</ele>
        <time>2026-05-06T14:27:08.999Z</time>
      </trkpt>
      <trkpt lat="49.492591" lon="14.392931">
        <ele>549.745052</ele>
        <time>2026-05-06T14:27:09.999Z</time>
      </trkpt>
      <trkpt lat="49.492505" lon="14.392858">
        <ele>549.312877</ele>
        <time>2026-05-06T14:27:10.999Z</time>
      </trkpt>
      <trkpt lat="49.492421" lon="14.392789">
        <ele>548.893891</ele>
        <time>2026-05-06T14:27:11.999Z</time>
      </trkpt>
      <trkpt lat="49.492339" lon="14.392711">
        <ele>548.469709</ele>
        <time>2026-05-06T14:27:12.999Z</time>
      </trkpt>
      <trkpt lat="49.492251" lon="14.392642">
        <ele>548.035113</ele>
        <time>2026-05-06T14:27:13.999Z</time>
      </trkpt>
      <trkpt lat="49.492162" lon="14.392573">
        <ele>547.596590</ele>
        <time>2026-05-06T14:27:14.999Z</time>
      </trkpt>
      <trkpt lat="49.492072" lon="14.392504">
        <ele>547.154133</ele>
        <time>2026-05-06T14:27:15.999Z</time>
      </trkpt>
      <trkpt lat="49.491983" lon="14.392430">
        <ele>546.708998</ele>
        <time>2026-05-06T14:27:16.999Z</time>
      </trkpt>
      <trkpt lat="49.491892" lon="14.392353">
        <ele>546.252032</ele>
        <time>2026-05-06T14:27:17.999Z</time>
      </trkpt>
      <trkpt lat="49.491801" lon="14.392273">
        <ele>545.790874</ele>
        <time>2026-05-06T14:27:18.999Z</time>
      </trkpt>
      <trkpt lat="49.491715" lon="14.392200">
        <ele>545.358698</ele>
        <time>2026-05-06T14:27:19.999Z</time>
      </trkpt>
      <trkpt lat="49.491620" lon="14.392125">
        <ele>544.888865</ele>
        <time>2026-05-06T14:27:20.999Z</time>
      </trkpt>
      <trkpt lat="49.491525" lon="14.392054">
        <ele>544.424138</ele>
        <time>2026-05-06T14:27:21.999Z</time>
      </trkpt>
      <trkpt lat="49.491437" lon="14.391987">
        <ele>543.992105</ele>
        <time>2026-05-06T14:27:22.999Z</time>
      </trkpt>
      <trkpt lat="49.491350" lon="14.391919">
        <ele>543.562725</ele>
        <time>2026-05-06T14:27:23.999Z</time>
      </trkpt>
      <trkpt lat="49.491260" lon="14.391855">
        <ele>543.072418</ele>
        <time>2026-05-06T14:27:24.999Z</time>
      </trkpt>
      <trkpt lat="49.491172" lon="14.391782">
        <ele>542.448210</ele>
        <time>2026-05-06T14:27:25.999Z</time>
      </trkpt>
      <trkpt lat="49.491085" lon="14.391715">
        <ele>541.840762</ele>
        <time>2026-05-06T14:27:26.999Z</time>
      </trkpt>
      <trkpt lat="49.490987" lon="14.391676">
        <ele>541.208693</ele>
        <time>2026-05-06T14:27:27.999Z</time>
      </trkpt>
      <trkpt lat="49.490893" lon="14.391625">
        <ele>540.586331</ele>
        <time>2026-05-06T14:27:28.999Z</time>
      </trkpt>
      <trkpt lat="49.490785" lon="14.391561">
        <ele>539.863695</ele>
        <time>2026-05-06T14:27:29.999Z</time>
      </trkpt>
      <trkpt lat="49.490698" lon="14.391498">
        <ele>539.263330</ele>
        <time>2026-05-06T14:27:30.999Z</time>
      </trkpt>
      <trkpt lat="49.490575" lon="14.391455">
        <ele>538.475711</ele>
        <time>2026-05-06T14:27:31.999Z</time>
      </trkpt>
      <trkpt lat="49.490465" lon="14.391400">
        <ele>537.753503</ele>
        <time>2026-05-06T14:27:32.999Z</time>
      </trkpt>
      <trkpt lat="49.490360" lon="14.391347">
        <ele>537.063494</ele>
        <time>2026-05-06T14:27:33.999Z</time>
      </trkpt>
      <trkpt lat="49.490247" lon="14.391289">
        <ele>536.319687</ele>
        <time>2026-05-06T14:27:34.999Z</time>
      </trkpt>
      <trkpt lat="49.490136" lon="14.391238">
        <ele>535.596344</ele>
        <time>2026-05-06T14:27:35.998Z</time>
      </trkpt>
      <trkpt lat="49.490026" lon="14.391178">
        <ele>534.867616</ele>
        <time>2026-05-06T14:27:36.998Z</time>
      </trkpt>
      <trkpt lat="49.489916" lon="14.391110">
        <ele>534.127417</ele>
        <time>2026-05-06T14:27:37.998Z</time>
      </trkpt>
      <trkpt lat="49.489799" lon="14.391059">
        <ele>533.368096</ele>
        <time>2026-05-06T14:27:38.998Z</time>
      </trkpt>
      <trkpt lat="49.489679" lon="14.390985">
        <ele>532.560881</ele>
        <time>2026-05-06T14:27:39.998Z</time>
      </trkpt>
      <trkpt lat="49.489561" lon="14.390921">
        <ele>531.756031</ele>
        <time>2026-05-06T14:27:40.998Z</time>
      </trkpt>
      <trkpt lat="49.489448" lon="14.390841">
        <ele>530.904290</ele>
        <time>2026-05-06T14:27:41.998Z</time>
      </trkpt>
      <trkpt lat="49.489328" lon="14.390779">
        <ele>530.037474</ele>
        <time>2026-05-06T14:27:42.998Z</time>
      </trkpt>
      <trkpt lat="49.489206" lon="14.390720">
        <ele>529.161755</ele>
        <time>2026-05-06T14:27:43.998Z</time>
      </trkpt>
      <trkpt lat="49.489081" lon="14.390669">
        <ele>528.276192</ele>
        <time>2026-05-06T14:27:44.998Z</time>
      </trkpt>
      <trkpt lat="49.488958" lon="14.390593">
        <ele>527.368563</ele>
        <time>2026-05-06T14:27:45.998Z</time>
      </trkpt>
      <trkpt lat="49.488835" lon="14.390524">
        <ele>526.472067</ele>
        <time>2026-05-06T14:27:46.998Z</time>
      </trkpt>
      <trkpt lat="49.488712" lon="14.390462">
        <ele>525.585749</ele>
        <time>2026-05-06T14:27:47.998Z</time>
      </trkpt>
      <trkpt lat="49.488592" lon="14.390397">
        <ele>524.714594</ele>
        <time>2026-05-06T14:27:48.998Z</time>
      </trkpt>
      <trkpt lat="49.488470" lon="14.390337">
        <ele>523.837529</ele>
        <time>2026-05-06T14:27:49.998Z</time>
      </trkpt>
      <trkpt lat="49.488343" lon="14.390279">
        <ele>522.930359</ele>
        <time>2026-05-06T14:27:50.998Z</time>
      </trkpt>
      <trkpt lat="49.488223" lon="14.390208">
        <ele>522.049983</ele>
        <time>2026-05-06T14:27:51.998Z</time>
      </trkpt>
      <trkpt lat="49.488101" lon="14.390137">
        <ele>521.156810</ele>
        <time>2026-05-06T14:27:52.998Z</time>
      </trkpt>
      <trkpt lat="49.487982" lon="14.390077">
        <ele>520.299291</ele>
        <time>2026-05-06T14:27:53.998Z</time>
      </trkpt>
      <trkpt lat="49.487864" lon="14.390015">
        <ele>519.579365</ele>
        <time>2026-05-06T14:27:54.998Z</time>
      </trkpt>
      <trkpt lat="49.487749" lon="14.389957">
        <ele>519.175467</ele>
        <time>2026-05-06T14:27:55.998Z</time>
      </trkpt>
      <trkpt lat="49.487629" lon="14.389900">
        <ele>518.756323</ele>
        <time>2026-05-06T14:27:56.998Z</time>
      </trkpt>
      <trkpt lat="49.487516" lon="14.389844">
        <ele>518.360113</ele>
        <time>2026-05-06T14:27:57.998Z</time>
      </trkpt>
      <trkpt lat="49.487403" lon="14.389788">
        <ele>517.963903</ele>
        <time>2026-05-06T14:27:58.998Z</time>
      </trkpt>
      <trkpt lat="49.487290" lon="14.389725">
        <ele>517.562782</ele>
        <time>2026-05-06T14:27:59.998Z</time>
      </trkpt>
      <trkpt lat="49.487177" lon="14.389665">
        <ele>517.163828</ele>
        <time>2026-05-06T14:28:00.998Z</time>
      </trkpt>
      <trkpt lat="49.487061" lon="14.389607">
        <ele>516.756757</ele>
        <time>2026-05-06T14:28:01.998Z</time>
      </trkpt>
      <trkpt lat="49.486948" lon="14.389543">
        <ele>516.354891</ele>
        <time>2026-05-06T14:28:02.998Z</time>
      </trkpt>
      <trkpt lat="49.486835" lon="14.389494">
        <ele>515.963065</ele>
        <time>2026-05-06T14:28:03.998Z</time>
      </trkpt>
      <trkpt lat="49.486726" lon="14.389440">
        <ele>515.580892</ele>
        <time>2026-05-06T14:28:05.000Z</time>
      </trkpt>
      <trkpt lat="49.486620" lon="14.389411">
        <ele>515.221563</ele>
        <time>2026-05-06T14:28:06.000Z</time>
      </trkpt>
      <trkpt lat="49.486510" lon="14.389403">
        <ele>514.854018</ele>
        <time>2026-05-06T14:28:07.000Z</time>
      </trkpt>
      <trkpt lat="49.486402" lon="14.389396">
        <ele>514.493239</ele>
        <time>2026-05-06T14:28:08.000Z</time>
      </trkpt>
      <trkpt lat="49.486301" lon="14.389380">
        <ele>514.154362</ele>
        <time>2026-05-06T14:28:09.000Z</time>
      </trkpt>
      <trkpt lat="49.486198" lon="14.389358">
        <ele>513.807296</ele>
        <time>2026-05-06T14:28:10.000Z</time>
      </trkpt>
      <trkpt lat="49.486084" lon="14.389366">
        <ele>513.350165</ele>
        <time>2026-05-06T14:28:11.000Z</time>
      </trkpt>
      <trkpt lat="49.485983" lon="14.389383">
        <ele>512.917758</ele>
        <time>2026-05-06T14:28:12.000Z</time>
      </trkpt>
      <trkpt lat="49.485877" lon="14.389413">
        <ele>512.459072</ele>
        <time>2026-05-06T14:28:13.000Z</time>
      </trkpt>
      <trkpt lat="49.485763" lon="14.389443">
        <ele>511.966862</ele>
        <time>2026-05-06T14:28:14.000Z</time>
      </trkpt>
      <trkpt lat="49.485655" lon="14.389438">
        <ele>511.507018</ele>
        <time>2026-05-06T14:28:15.000Z</time>
      </trkpt>
      <trkpt lat="49.485550" lon="14.389410">
        <ele>511.053493</ele>
        <time>2026-05-06T14:28:16.000Z</time>
      </trkpt>
      <trkpt lat="49.485438" lon="14.389362">
        <ele>510.558704</ele>
        <time>2026-05-06T14:28:17.000Z</time>
      </trkpt>
      <trkpt lat="49.485337" lon="14.389298">
        <ele>510.093863</ele>
        <time>2026-05-06T14:28:18.000Z</time>
      </trkpt>
      <trkpt lat="49.485246" lon="14.389197">
        <ele>509.616402</ele>
        <time>2026-05-06T14:28:19.000Z</time>
      </trkpt>
      <trkpt lat="49.485160" lon="14.389095">
        <ele>509.154351</ele>
        <time>2026-05-06T14:28:20.000Z</time>
      </trkpt>
      <trkpt lat="49.485078" lon="14.388972">
        <ele>508.667074</ele>
        <time>2026-05-06T14:28:21.000Z</time>
      </trkpt>
      <trkpt lat="49.485013" lon="14.388832">
        <ele>508.191308</ele>
        <time>2026-05-06T14:28:22.000Z</time>
      </trkpt>
      <trkpt lat="49.484940" lon="14.388699">
        <ele>507.709913</ele>
        <time>2026-05-06T14:28:23.000Z</time>
      </trkpt>
      <trkpt lat="49.484880" lon="14.388550">
        <ele>507.225231</ele>
        <time>2026-05-06T14:28:24.000Z</time>
      </trkpt>
      <trkpt lat="49.484820" lon="14.388404">
        <ele>506.747579</ele>
        <time>2026-05-06T14:28:25.000Z</time>
      </trkpt>
      <trkpt lat="49.484762" lon="14.388254">
        <ele>506.264953</ele>
        <time>2026-05-06T14:28:26.000Z</time>
      </trkpt>
      <trkpt lat="49.484700" lon="14.388106">
        <ele>505.766075</ele>
        <time>2026-05-06T14:28:27.000Z</time>
      </trkpt>
      <trkpt lat="49.484636" lon="14.387958">
        <ele>505.252754</ele>
        <time>2026-05-06T14:28:28.000Z</time>
      </trkpt>
      <trkpt lat="49.484575" lon="14.387813">
        <ele>504.753990</ele>
        <time>2026-05-06T14:28:29.000Z</time>
      </trkpt>
      <trkpt lat="49.484513" lon="14.387664">
        <ele>504.243110</ele>
        <time>2026-05-06T14:28:30.000Z</time>
      </trkpt>
      <trkpt lat="49.484452" lon="14.387513">
        <ele>503.729718</ele>
        <time>2026-05-06T14:28:30.999Z</time>
      </trkpt>
      <trkpt lat="49.484388" lon="14.387367">
        <ele>503.221191</ele>
        <time>2026-05-06T14:28:31.999Z</time>
      </trkpt>
      <trkpt lat="49.484331" lon="14.387215">
        <ele>502.714461</ele>
        <time>2026-05-06T14:28:32.999Z</time>
      </trkpt>
      <trkpt lat="49.484263" lon="14.387060">
        <ele>502.174450</ele>
        <time>2026-05-06T14:28:33.999Z</time>
      </trkpt>
      <trkpt lat="49.484204" lon="14.386906">
        <ele>501.658252</ele>
        <time>2026-05-06T14:28:34.999Z</time>
      </trkpt>
      <trkpt lat="49.484141" lon="14.386754">
        <ele>501.137677</ele>
        <time>2026-05-06T14:28:35.999Z</time>
      </trkpt>
      <trkpt lat="49.484076" lon="14.386602">
        <ele>500.612268</ele>
        <time>2026-05-06T14:28:36.999Z</time>
      </trkpt>
      <trkpt lat="49.484013" lon="14.386457">
        <ele>500.108614</ele>
        <time>2026-05-06T14:28:37.999Z</time>
      </trkpt>
      <trkpt lat="49.483955" lon="14.386316">
        <ele>499.626762</ele>
        <time>2026-05-06T14:28:38.999Z</time>
      </trkpt>
      <trkpt lat="49.483897" lon="14.386175">
        <ele>499.144909</ele>
        <time>2026-05-06T14:28:39.999Z</time>
      </trkpt>
      <trkpt lat="49.483841" lon="14.386036">
        <ele>498.672669</ele>
        <time>2026-05-06T14:28:40.999Z</time>
      </trkpt>
      <trkpt lat="49.483786" lon="14.385901">
        <ele>498.212581</ele>
        <time>2026-05-06T14:28:41.999Z</time>
      </trkpt>
      <trkpt lat="49.483735" lon="14.385772">
        <ele>498.189542</ele>
        <time>2026-05-06T14:28:42.999Z</time>
      </trkpt>
      <trkpt lat="49.483686" lon="14.385640">
        <ele>498.401615</ele>
        <time>2026-05-06T14:28:43.999Z</time>
      </trkpt>
      <trkpt lat="49.483636" lon="14.385518">
        <ele>498.602833</ele>
        <time>2026-05-06T14:28:44.999Z</time>
      </trkpt>
      <trkpt lat="49.483587" lon="14.385397">
        <ele>498.801729</ele>
        <time>2026-05-06T14:28:45.999Z</time>
      </trkpt>
      <trkpt lat="49.483537" lon="14.385278">
        <ele>498.999421</ele>
        <time>2026-05-06T14:28:46.999Z</time>
      </trkpt>
      <trkpt lat="49.483491" lon="14.385158">
        <ele>499.193783</ele>
        <time>2026-05-06T14:28:47.999Z</time>
      </trkpt>
      <trkpt lat="49.483405" lon="14.384925">
        <ele>499.567602</ele>
        <time>2026-05-06T14:28:49.999Z</time>
      </trkpt>
      <trkpt lat="49.483334" lon="14.384701">
        <ele>499.915280</ele>
        <time>2026-05-06T14:28:51.999Z</time>
      </trkpt>
      <trkpt lat="49.483265" lon="14.384497">
        <ele>500.236110</ele>
        <time>2026-05-06T14:28:53.999Z</time>
      </trkpt>
      <trkpt lat="49.483204" lon="14.384306">
        <ele>500.533002</ele>
        <time>2026-05-06T14:28:55.999Z</time>
      </trkpt>
      <trkpt lat="49.483151" lon="14.384133">
        <ele>500.799818</ele>
        <time>2026-05-06T14:28:57.999Z</time>
      </trkpt>
      <trkpt lat="49.483115" lon="14.383970">
        <ele>501.039978</ele>
        <time>2026-05-06T14:28:59.999Z</time>
      </trkpt>
      <trkpt lat="49.483072" lon="14.383833">
        <ele>501.252224</ele>
        <time>2026-05-06T14:29:01.999Z</time>
      </trkpt>
      <trkpt lat="49.483013" lon="14.383657">
        <ele>501.528496</ele>
        <time>2026-05-06T14:29:04.999Z</time>
      </trkpt>
      <trkpt lat="49.482962" lon="14.383496">
        <ele>501.778362</ele>
        <time>2026-05-06T14:29:07.999Z</time>
      </trkpt>
      <trkpt lat="49.482917" lon="14.383351">
        <ele>502.029868</ele>
        <time>2026-05-06T14:29:10.999Z</time>
      </trkpt>
      <trkpt lat="49.482877" lon="14.383212">
        <ele>502.309775</ele>
        <time>2026-05-06T14:29:13.999Z</time>
      </trkpt>
      <trkpt lat="49.482828" lon="14.383080">
        <ele>502.589687</ele>
        <time>2026-05-06T14:29:16.999Z</time>
      </trkpt>
      <trkpt lat="49.482790" lon="14.382946">
        <ele>502.858885</ele>
        <time>2026-05-06T14:29:19.999Z</time>
      </trkpt>
      <trkpt lat="49.482753" lon="14.382810">
        <ele>503.130356</ele>
        <time>2026-05-06T14:29:22.999Z</time>
      </trkpt>
      <trkpt lat="49.482711" lon="14.382684">
        <ele>503.391099</ele>
        <time>2026-05-06T14:29:25.999Z</time>
      </trkpt>
      <trkpt lat="49.482660" lon="14.382531">
        <ele>503.707716</ele>
        <time>2026-05-06T14:29:29.999Z</time>
      </trkpt>
      <trkpt lat="49.482605" lon="14.382407">
        <ele>503.984157</ele>
        <time>2026-05-06T14:29:33.999Z</time>
      </trkpt>
      <trkpt lat="49.482537" lon="14.382276">
        <ele>504.292887</ele>
        <time>2026-05-06T14:29:38.999Z</time>
      </trkpt>
      <trkpt lat="49.482468" lon="14.382170">
        <ele>504.569163</ele>
        <time>2026-05-06T14:29:42.998Z</time>
      </trkpt>
      <trkpt lat="49.482404" lon="14.382069">
        <ele>504.828930</ele>
        <time>2026-05-06T14:29:46.998Z</time>
      </trkpt>
      <trkpt lat="49.482331" lon="14.381968">
        <ele>505.107106</ele>
        <time>2026-05-06T14:29:50.998Z</time>
      </trkpt>
      <trkpt lat="49.482255" lon="14.381860">
        <ele>505.400248</ele>
        <time>2026-05-06T14:29:54.998Z</time>
      </trkpt>
      <trkpt lat="49.482182" lon="14.381748">
        <ele>505.692352</ele>
        <time>2026-05-06T14:29:58.998Z</time>
      </trkpt>
      <trkpt lat="49.482091" lon="14.381631">
        <ele>506.028382</ele>
        <time>2026-05-06T14:30:02.998Z</time>
      </trkpt>
      <trkpt lat="49.482027" lon="14.381503">
        <ele>506.325771</ele>
        <time>2026-05-06T14:30:05.998Z</time>
      </trkpt>
      <trkpt lat="49.481937" lon="14.381375">
        <ele>506.673045</ele>
        <time>2026-05-06T14:30:08.998Z</time>
      </trkpt>
      <trkpt lat="49.481845" lon="14.381233">
        <ele>507.002911</ele>
        <time>2026-05-06T14:30:12.000Z</time>
      </trkpt>
      <trkpt lat="49.481786" lon="14.381116">
        <ele>506.890374</ele>
        <time>2026-05-06T14:30:14.000Z</time>
      </trkpt>
      <trkpt lat="49.481714" lon="14.381011">
        <ele>506.774373</ele>
        <time>2026-05-06T14:30:16.000Z</time>
      </trkpt>
      <trkpt lat="49.481645" lon="14.380899">
        <ele>506.657093</ele>
        <time>2026-05-06T14:30:18.000Z</time>
      </trkpt>
      <trkpt lat="49.481573" lon="14.380783">
        <ele>506.535193</ele>
        <time>2026-05-06T14:30:20.000Z</time>
      </trkpt>
      <trkpt lat="49.481500" lon="14.380669">
        <ele>506.413569</ele>
        <time>2026-05-06T14:30:22.000Z</time>
      </trkpt>
      <trkpt lat="49.481432" lon="14.380554">
        <ele>506.295415</ele>
        <time>2026-05-06T14:30:24.000Z</time>
      </trkpt>
      <trkpt lat="49.481358" lon="14.380443">
        <ele>506.174568</ele>
        <time>2026-05-06T14:30:26.000Z</time>
      </trkpt>
      <trkpt lat="49.481284" lon="14.380319">
        <ele>506.046632</ele>
        <time>2026-05-06T14:30:28.000Z</time>
      </trkpt>
      <trkpt lat="49.481214" lon="14.380206">
        <ele>505.927995</ele>
        <time>2026-05-06T14:30:30.000Z</time>
      </trkpt>
      <trkpt lat="49.481148" lon="14.380073">
        <ele>505.800829</ele>
        <time>2026-05-06T14:30:32.000Z</time>
      </trkpt>
      <trkpt lat="49.481078" lon="14.379922">
        <ele>505.659879</ele>
        <time>2026-05-06T14:30:34.000Z</time>
      </trkpt>
      <trkpt lat="49.481016" lon="14.379762">
        <ele>505.518321</ele>
        <time>2026-05-06T14:30:35.999Z</time>
      </trkpt>
      <trkpt lat="49.480945" lon="14.379582">
        <ele>505.358315</ele>
        <time>2026-05-06T14:30:37.999Z</time>
      </trkpt>
      <trkpt lat="49.480879" lon="14.379399">
        <ele>505.199274</ele>
        <time>2026-05-06T14:30:39.999Z</time>
      </trkpt>
      <trkpt lat="49.480823" lon="14.379204">
        <ele>505.037274</ele>
        <time>2026-05-06T14:30:41.999Z</time>
      </trkpt>
      <trkpt lat="49.480735" lon="14.379026">
        <ele>504.747846</ele>
        <time>2026-05-06T14:30:43.999Z</time>
      </trkpt>
      <trkpt lat="49.480665" lon="14.378839">
        <ele>504.133632</ele>
        <time>2026-05-06T14:30:45.999Z</time>
      </trkpt>
      <trkpt lat="49.480608" lon="14.378643">
        <ele>503.522487</ele>
        <time>2026-05-06T14:30:47.999Z</time>
      </trkpt>
      <trkpt lat="49.480544" lon="14.378461">
        <ele>502.933514</ele>
        <time>2026-05-06T14:30:49.999Z</time>
      </trkpt>
      <trkpt lat="49.480473" lon="14.378273">
        <ele>502.314641</ele>
        <time>2026-05-06T14:30:51.999Z</time>
      </trkpt>
      <trkpt lat="49.480401" lon="14.378084">
        <ele>501.691100</ele>
        <time>2026-05-06T14:30:53.999Z</time>
      </trkpt>
      <trkpt lat="49.480326" lon="14.377887">
        <ele>501.041272</ele>
        <time>2026-05-06T14:30:55.999Z</time>
      </trkpt>
      <trkpt lat="49.480218" lon="14.377718">
        <ele>500.366624</ele>
        <time>2026-05-06T14:30:57.999Z</time>
      </trkpt>
      <trkpt lat="49.480084" lon="14.377570">
        <ele>499.644155</ele>
        <time>2026-05-06T14:30:59.999Z</time>
      </trkpt>
      <trkpt lat="49.479931" lon="14.377430">
        <ele>498.864453</ele>
        <time>2026-05-06T14:31:01.999Z</time>
      </trkpt>
      <trkpt lat="49.479850" lon="14.377360">
        <ele>498.457533</ele>
        <time>2026-05-06T14:31:02.999Z</time>
      </trkpt>
      <trkpt lat="49.479773" lon="14.377280">
        <ele>498.050586</ele>
        <time>2026-05-06T14:31:03.999Z</time>
      </trkpt>
      <trkpt lat="49.479694" lon="14.377191">
        <ele>497.621734</ele>
        <time>2026-05-06T14:31:04.999Z</time>
      </trkpt>
      <trkpt lat="49.479609" lon="14.377118">
        <ele>497.195354</ele>
        <time>2026-05-06T14:31:05.999Z</time>
      </trkpt>
      <trkpt lat="49.479524" lon="14.377032">
        <ele>496.801042</ele>
        <time>2026-05-06T14:31:06.999Z</time>
      </trkpt>
      <trkpt lat="49.479444" lon="14.376948">
        <ele>496.453893</ele>
        <time>2026-05-06T14:31:07.999Z</time>
      </trkpt>
      <trkpt lat="49.479363" lon="14.376871">
        <ele>496.112619</ele>
        <time>2026-05-06T14:31:08.999Z</time>
      </trkpt>
      <trkpt lat="49.479283" lon="14.376789">
        <ele>495.768073</ele>
        <time>2026-05-06T14:31:09.999Z</time>
      </trkpt>
      <trkpt lat="49.479202" lon="14.376701">
        <ele>495.412666</ele>
        <time>2026-05-06T14:31:10.999Z</time>
      </trkpt>
      <trkpt lat="49.479054" lon="14.376555">
        <ele>494.782517</ele>
        <time>2026-05-06T14:31:12.999Z</time>
      </trkpt>
      <trkpt lat="49.478908" lon="14.376412">
        <ele>494.162170</ele>
        <time>2026-05-06T14:31:14.999Z</time>
      </trkpt>
      <trkpt lat="49.478769" lon="14.376267">
        <ele>493.560240</ele>
        <time>2026-05-06T14:31:16.999Z</time>
      </trkpt>
      <trkpt lat="49.478628" lon="14.376137">
        <ele>492.971054</ele>
        <time>2026-05-06T14:31:18.999Z</time>
      </trkpt>
      <trkpt lat="49.478480" lon="14.376033">
        <ele>492.387845</ele>
        <time>2026-05-06T14:31:20.999Z</time>
      </trkpt>
      <trkpt lat="49.478312" lon="14.375963">
        <ele>491.763945</ele>
        <time>2026-05-06T14:31:22.999Z</time>
      </trkpt>
      <trkpt lat="49.478224" lon="14.375935">
        <ele>491.441825</ele>
        <time>2026-05-06T14:31:23.999Z</time>
      </trkpt>
      <trkpt lat="49.478054" lon="14.375870">
        <ele>490.813910</ele>
        <time>2026-05-06T14:31:25.999Z</time>
      </trkpt>
      <trkpt lat="49.477883" lon="14.375796">
        <ele>490.038855</ele>
        <time>2026-05-06T14:31:27.999Z</time>
      </trkpt>
      <trkpt lat="49.477795" lon="14.375763">
        <ele>489.603927</ele>
        <time>2026-05-06T14:31:28.999Z</time>
      </trkpt>
      <trkpt lat="49.477644" lon="14.375702">
        <ele>488.854281</ele>
        <time>2026-05-06T14:31:30.999Z</time>
      </trkpt>
      <trkpt lat="49.477544" lon="14.375633">
        <ele>488.328043</ele>
        <time>2026-05-06T14:31:33.999Z</time>
      </trkpt>
      <trkpt lat="49.477457" lon="14.375562">
        <ele>487.855182</ele>
        <time>2026-05-06T14:31:37.999Z</time>
      </trkpt>
      <trkpt lat="49.477353" lon="14.375455">
        <ele>487.254477</ele>
        <time>2026-05-06T14:31:40.999Z</time>
      </trkpt>
      <trkpt lat="49.477283" lon="14.375345">
        <ele>486.774089</ele>
        <time>2026-05-06T14:31:42.999Z</time>
      </trkpt>
      <trkpt lat="49.477153" lon="14.375502">
        <ele>485.980598</ele>
        <time>2026-05-06T14:31:47.998Z</time>
      </trkpt>
      <trkpt lat="49.477089" lon="14.375615">
        <ele>485.512894</ele>
        <time>2026-05-06T14:31:49.998Z</time>
      </trkpt>
      <trkpt lat="49.476990" lon="14.375574">
        <ele>485.020597</ele>
        <time>2026-05-06T14:31:51.998Z</time>
      </trkpt>
      <trkpt lat="49.476911" lon="14.375487">
        <ele>484.554135</ele>
        <time>2026-05-06T14:31:53.998Z</time>
      </trkpt>
      <trkpt lat="49.476809" lon="14.375413">
        <ele>484.012652</ele>
        <time>2026-05-06T14:31:55.998Z</time>
      </trkpt>
      <trkpt lat="49.476716" lon="14.375353">
        <ele>483.528426</ele>
        <time>2026-05-06T14:31:57.998Z</time>
      </trkpt>
      <trkpt lat="49.476632" lon="14.375269">
        <ele>483.047400</ele>
        <time>2026-05-06T14:31:59.998Z</time>
      </trkpt>
      <trkpt lat="49.476539" lon="14.375212">
        <ele>482.566715</ele>
        <time>2026-05-06T14:32:01.998Z</time>
      </trkpt>
      <trkpt lat="49.476449" lon="14.375137">
        <ele>482.075259</ele>
        <time>2026-05-06T14:32:03.998Z</time>
      </trkpt>
      <trkpt lat="49.476356" lon="14.375084">
        <ele>482.029854</ele>
        <time>2026-05-06T14:32:05.998Z</time>
      </trkpt>
      <trkpt lat="49.476236" lon="14.375010">
        <ele>482.176351</ele>
        <time>2026-05-06T14:32:08.998Z</time>
      </trkpt>
      <trkpt lat="49.476116" lon="14.374926">
        <ele>482.325743</ele>
        <time>2026-05-06T14:32:11.998Z</time>
      </trkpt>
      <trkpt lat="49.475995" lon="14.374869">
        <ele>482.469142</ele>
        <time>2026-05-06T14:32:14.998Z</time>
      </trkpt>
      <trkpt lat="49.475899" lon="14.374815">
        <ele>482.584970</ele>
        <time>2026-05-06T14:32:18.000Z</time>
      </trkpt>
      <trkpt lat="49.476034" lon="14.374901">
        <ele>482.750543</ele>
        <time>2026-05-06T14:33:08.999Z</time>
      </trkpt>
      <trkpt lat="49.476131" lon="14.374952">
        <ele>482.866703</ele>
        <time>2026-05-06T14:33:10.999Z</time>
      </trkpt>
      <trkpt lat="49.476219" lon="14.375003">
        <ele>482.973263</ele>
        <time>2026-05-06T14:33:12.999Z</time>
      </trkpt>
      <trkpt lat="49.476307" lon="14.375053">
        <ele>483.079565</ele>
        <time>2026-05-06T14:33:14.999Z</time>
      </trkpt>
      <trkpt lat="49.476423" lon="14.375133">
        <ele>483.223614</ele>
        <time>2026-05-06T14:33:17.999Z</time>
      </trkpt>
      <trkpt lat="49.476510" lon="14.375195">
        <ele>483.332261</ele>
        <time>2026-05-06T14:33:19.999Z</time>
      </trkpt>
      <trkpt lat="49.476595" lon="14.375252">
        <ele>483.437331</ele>
        <time>2026-05-06T14:33:21.999Z</time>
      </trkpt>
      <trkpt lat="49.476687" lon="14.375315">
        <ele>483.551442</ele>
        <time>2026-05-06T14:33:23.999Z</time>
      </trkpt>
      <trkpt lat="49.476778" lon="14.375381">
        <ele>483.665442</ele>
        <time>2026-05-06T14:33:25.999Z</time>
      </trkpt>
      <trkpt lat="49.476882" lon="14.375450">
        <ele>483.793781</ele>
        <time>2026-05-06T14:33:27.999Z</time>
      </trkpt>
      <trkpt lat="49.476968" lon="14.375528">
        <ele>483.906902</ele>
        <time>2026-05-06T14:33:29.999Z</time>
      </trkpt>
      <trkpt lat="49.477088" lon="14.375580">
        <ele>483.827361</ele>
        <time>2026-05-06T14:33:32.999Z</time>
      </trkpt>
      <trkpt lat="49.477187" lon="14.375494">
        <ele>483.499703</ele>
        <time>2026-05-06T14:33:35.999Z</time>
      </trkpt>
      <trkpt lat="49.477203" lon="14.375339">
        <ele>483.205787</ele>
        <time>2026-05-06T14:33:39.999Z</time>
      </trkpt>
      <trkpt lat="49.477191" lon="14.375166">
        <ele>482.879961</ele>
        <time>2026-05-06T14:33:43.999Z</time>
      </trkpt>
      <trkpt lat="49.477110" lon="14.375026">
        <ele>482.528897</ele>
        <time>2026-05-06T14:33:46.998Z</time>
      </trkpt>
      <trkpt lat="49.477075" lon="14.374887">
        <ele>482.249722</ele>
        <time>2026-05-06T14:33:48.998Z</time>
      </trkpt>
      <trkpt lat="49.477042" lon="14.374713">
        <ele>481.910265</ele>
        <time>2026-05-06T14:33:50.998Z</time>
      </trkpt>
      <trkpt lat="49.477019" lon="14.374532">
        <ele>481.564875</ele>
        <time>2026-05-06T14:33:52.998Z</time>
      </trkpt>
      <trkpt lat="49.476986" lon="14.374336">
        <ele>481.185692</ele>
        <time>2026-05-06T14:33:54.998Z</time>
      </trkpt>
      <trkpt lat="49.476954" lon="14.374128">
        <ele>480.785389</ele>
        <time>2026-05-06T14:33:56.998Z</time>
      </trkpt>
      <trkpt lat="49.476921" lon="14.373906">
        <ele>480.358896</ele>
        <time>2026-05-06T14:33:58.998Z</time>
      </trkpt>
      <trkpt lat="49.476884" lon="14.373675">
        <ele>479.913338</ele>
        <time>2026-05-06T14:34:00.998Z</time>
      </trkpt>
      <trkpt lat="49.476849" lon="14.373443">
        <ele>479.467300</ele>
        <time>2026-05-06T14:34:02.998Z</time>
      </trkpt>
      <trkpt lat="49.476809" lon="14.373209">
        <ele>479.014163</ele>
        <time>2026-05-06T14:34:04.998Z</time>
      </trkpt>
      <trkpt lat="49.476775" lon="14.372978">
        <ele>478.393400</ele>
        <time>2026-05-06T14:34:06.998Z</time>
      </trkpt>
      <trkpt lat="49.476730" lon="14.372757">
        <ele>477.627141</ele>
        <time>2026-05-06T14:34:08.998Z</time>
      </trkpt>
      <trkpt lat="49.476660" lon="14.372551">
        <ele>476.857995</ele>
        <time>2026-05-06T14:34:10.998Z</time>
      </trkpt>
      <trkpt lat="49.476570" lon="14.372355">
        <ele>476.063921</ele>
        <time>2026-05-06T14:34:12.998Z</time>
      </trkpt>
      <trkpt lat="49.476477" lon="14.372159">
        <ele>475.260932</ele>
        <time>2026-05-06T14:34:14.998Z</time>
      </trkpt>
      <trkpt lat="49.476376" lon="14.371954">
        <ele>474.409733</ele>
        <time>2026-05-06T14:34:16.998Z</time>
      </trkpt>
      <trkpt lat="49.476282" lon="14.371736">
        <ele>473.544085</ele>
        <time>2026-05-06T14:34:18.998Z</time>
      </trkpt>
      <trkpt lat="49.476231" lon="14.371619">
        <ele>473.077938</ele>
        <time>2026-05-06T14:34:19.998Z</time>
      </trkpt>
      <trkpt lat="49.476151" lon="14.371371">
        <ele>472.161846</ele>
        <time>2026-05-06T14:34:21.998Z</time>
      </trkpt>
      <trkpt lat="49.476107" lon="14.371113">
        <ele>471.279309</ele>
        <time>2026-05-06T14:34:24.000Z</time>
      </trkpt>
      <trkpt lat="49.476085" lon="14.370976">
        <ele>470.812389</ele>
        <time>2026-05-06T14:34:25.000Z</time>
      </trkpt>
      <trkpt lat="49.476049" lon="14.370841">
        <ele>470.329572</ele>
        <time>2026-05-06T14:34:26.000Z</time>
      </trkpt>
      <trkpt lat="49.476006" lon="14.370550">
        <ele>469.403345</ele>
        <time>2026-05-06T14:34:28.000Z</time>
      </trkpt>
      <trkpt lat="49.475978" lon="14.370394">
        <ele>468.976759</ele>
        <time>2026-05-06T14:34:29.000Z</time>
      </trkpt>
      <trkpt lat="49.475949" lon="14.370246">
        <ele>468.569306</ele>
        <time>2026-05-06T14:34:30.000Z</time>
      </trkpt>
      <trkpt lat="49.475924" lon="14.370095">
        <ele>468.158581</ele>
        <time>2026-05-06T14:34:31.000Z</time>
      </trkpt>
      <trkpt lat="49.475903" lon="14.369941">
        <ele>467.743822</ele>
        <time>2026-05-06T14:34:32.000Z</time>
      </trkpt>
      <trkpt lat="49.475874" lon="14.369786">
        <ele>467.318671</ele>
        <time>2026-05-06T14:34:33.000Z</time>
      </trkpt>
      <trkpt lat="49.475841" lon="14.369636">
        <ele>466.901250</ele>
        <time>2026-05-06T14:34:34.000Z</time>
      </trkpt>
      <trkpt lat="49.475836" lon="14.369477">
        <ele>466.481664</ele>
        <time>2026-05-06T14:34:35.000Z</time>
      </trkpt>
      <trkpt lat="49.475825" lon="14.369315">
        <ele>466.052336</ele>
        <time>2026-05-06T14:34:36.000Z</time>
      </trkpt>
      <trkpt lat="49.475828" lon="14.369157">
        <ele>465.635698</ele>
        <time>2026-05-06T14:34:37.000Z</time>
      </trkpt>
      <trkpt lat="49.475834" lon="14.368988">
        <ele>465.189580</ele>
        <time>2026-05-06T14:34:38.000Z</time>
      </trkpt>
      <trkpt lat="49.475841" lon="14.368822">
        <ele>464.751113</ele>
        <time>2026-05-06T14:34:39.000Z</time>
      </trkpt>
      <trkpt lat="49.475850" lon="14.368658">
        <ele>464.317300</ele>
        <time>2026-05-06T14:34:40.000Z</time>
      </trkpt>
      <trkpt lat="49.475859" lon="14.368501">
        <ele>463.901869</ele>
        <time>2026-05-06T14:34:41.000Z</time>
      </trkpt>
      <trkpt lat="49.475870" lon="14.368342">
        <ele>463.480404</ele>
        <time>2026-05-06T14:34:42.000Z</time>
      </trkpt>
      <trkpt lat="49.475880" lon="14.368191">
        <ele>463.080334</ele>
        <time>2026-05-06T14:34:43.000Z</time>
      </trkpt>
      <trkpt lat="49.475890" lon="14.368039">
        <ele>462.677641</ele>
        <time>2026-05-06T14:34:44.000Z</time>
      </trkpt>
      <trkpt lat="49.475900" lon="14.367900">
        <ele>462.359370</ele>
        <time>2026-05-06T14:34:45.000Z</time>
      </trkpt>
      <trkpt lat="49.475909" lon="14.367755">
        <ele>462.488780</ele>
        <time>2026-05-06T14:34:45.999Z</time>
      </trkpt>
      <trkpt lat="49.475927" lon="14.367490">
        <ele>462.725498</ele>
        <time>2026-05-06T14:34:47.999Z</time>
      </trkpt>
      <trkpt lat="49.475932" lon="14.367233">
        <ele>462.953928</ele>
        <time>2026-05-06T14:34:49.999Z</time>
      </trkpt>
      <trkpt lat="49.475951" lon="14.366999">
        <ele>463.163439</ele>
        <time>2026-05-06T14:34:51.999Z</time>
      </trkpt>
      <trkpt lat="49.475967" lon="14.366780">
        <ele>463.359233</ele>
        <time>2026-05-06T14:34:53.999Z</time>
      </trkpt>
      <trkpt lat="49.475982" lon="14.366573">
        <ele>463.544279</ele>
        <time>2026-05-06T14:34:55.999Z</time>
      </trkpt>
      <trkpt lat="49.475999" lon="14.366387">
        <ele>463.711154</ele>
        <time>2026-05-06T14:34:57.999Z</time>
      </trkpt>
      <trkpt lat="49.476010" lon="14.366212">
        <ele>463.867356</ele>
        <time>2026-05-06T14:34:59.999Z</time>
      </trkpt>
      <trkpt lat="49.476019" lon="14.366040">
        <ele>464.020662</ele>
        <time>2026-05-06T14:35:01.999Z</time>
      </trkpt>
      <trkpt lat="49.476033" lon="14.365885">
        <ele>464.159693</ele>
        <time>2026-05-06T14:35:03.999Z</time>
      </trkpt>
      <trkpt lat="49.476046" lon="14.365742">
        <ele>464.287977</ele>
        <time>2026-05-06T14:35:05.999Z</time>
      </trkpt>
      <trkpt lat="49.476058" lon="14.365543">
        <ele>464.465535</ele>
        <time>2026-05-06T14:35:08.999Z</time>
      </trkpt>
      <trkpt lat="49.476061" lon="14.365369">
        <ele>464.620176</ele>
        <time>2026-05-06T14:35:11.999Z</time>
      </trkpt>
      <trkpt lat="49.476071" lon="14.365214">
        <ele>464.758561</ele>
        <time>2026-05-06T14:35:14.999Z</time>
      </trkpt>
      <trkpt lat="49.476092" lon="14.365044">
        <ele>464.704090</ele>
        <time>2026-05-06T14:35:18.999Z</time>
      </trkpt>
      <trkpt lat="49.475967" lon="14.364990">
        <ele>464.533943</ele>
        <time>2026-05-06T14:35:20.999Z</time>
      </trkpt>
      <trkpt lat="49.475854" lon="14.364951">
        <ele>464.382176</ele>
        <time>2026-05-06T14:35:23.999Z</time>
      </trkpt>
      <trkpt lat="49.475757" lon="14.364913">
        <ele>464.251001</ele>
        <time>2026-05-06T14:35:25.999Z</time>
      </trkpt>
      <trkpt lat="49.475663" lon="14.364879">
        <ele>464.124455</ele>
        <time>2026-05-06T14:35:27.999Z</time>
      </trkpt>
      <trkpt lat="49.475561" lon="14.364845">
        <ele>463.987682</ele>
        <time>2026-05-06T14:35:29.999Z</time>
      </trkpt>
      <trkpt lat="49.475457" lon="14.364807">
        <ele>463.847599</ele>
        <time>2026-05-06T14:35:31.999Z</time>
      </trkpt>
      <trkpt lat="49.475345" lon="14.364764">
        <ele>463.696322</ele>
        <time>2026-05-06T14:35:33.999Z</time>
      </trkpt>
      <trkpt lat="49.475235" lon="14.364727">
        <ele>463.548761</ele>
        <time>2026-05-06T14:35:35.999Z</time>
      </trkpt>
      <trkpt lat="49.475123" lon="14.364683">
        <ele>463.397275</ele>
        <time>2026-05-06T14:35:37.999Z</time>
      </trkpt>
      <trkpt lat="49.475011" lon="14.364642">
        <ele>463.246401</ele>
        <time>2026-05-06T14:35:39.999Z</time>
      </trkpt>
      <trkpt lat="49.474901" lon="14.364596">
        <ele>463.097016</ele>
        <time>2026-05-06T14:35:41.999Z</time>
      </trkpt>
      <trkpt lat="49.474787" lon="14.364558">
        <ele>462.944152</ele>
        <time>2026-05-06T14:35:43.999Z</time>
      </trkpt>
      <trkpt lat="49.474676" lon="14.364512">
        <ele>462.793502</ele>
        <time>2026-05-06T14:35:45.999Z</time>
      </trkpt>
      <trkpt lat="49.474556" lon="14.364468">
        <ele>462.631837</ele>
        <time>2026-05-06T14:35:47.999Z</time>
      </trkpt>
      <trkpt lat="49.474429" lon="14.364419">
        <ele>462.460249</ele>
        <time>2026-05-06T14:35:49.999Z</time>
      </trkpt>
      <trkpt lat="49.474293" lon="14.364370">
        <ele>462.223904</ele>
        <time>2026-05-06T14:35:51.999Z</time>
      </trkpt>
      <trkpt lat="49.474150" lon="14.364312">
        <ele>461.969917</ele>
        <time>2026-05-06T14:35:53.999Z</time>
      </trkpt>
      <trkpt lat="49.473999" lon="14.364248">
        <ele>461.700921</ele>
        <time>2026-05-06T14:35:55.999Z</time>
      </trkpt>
      <trkpt lat="49.473849" lon="14.364145">
        <ele>461.418816</ele>
        <time>2026-05-06T14:35:57.999Z</time>
      </trkpt>
      <trkpt lat="49.473721" lon="14.363959">
        <ele>461.116462</ele>
        <time>2026-05-06T14:35:59.998Z</time>
      </trkpt>
      <trkpt lat="49.473617" lon="14.363736">
        <ele>460.810126</ele>
        <time>2026-05-06T14:36:01.998Z</time>
      </trkpt>
      <trkpt lat="49.473522" lon="14.363519">
        <ele>460.518114</ele>
        <time>2026-05-06T14:36:03.998Z</time>
      </trkpt>
      <trkpt lat="49.473421" lon="14.363301">
        <ele>460.219313</ele>
        <time>2026-05-06T14:36:05.998Z</time>
      </trkpt>
      <trkpt lat="49.473329" lon="14.363089">
        <ele>459.934804</ele>
        <time>2026-05-06T14:36:07.998Z</time>
      </trkpt>
      <trkpt lat="49.473236" lon="14.362883">
        <ele>459.654863</ele>
        <time>2026-05-06T14:36:09.998Z</time>
      </trkpt>
      <trkpt lat="49.473145" lon="14.362683">
        <ele>459.382378</ele>
        <time>2026-05-06T14:36:11.998Z</time>
      </trkpt>
      <trkpt lat="49.473048" lon="14.362495">
        <ele>459.358246</ele>
        <time>2026-05-06T14:36:13.998Z</time>
      </trkpt>
      <trkpt lat="49.472955" lon="14.362311">
        <ele>459.356732</ele>
        <time>2026-05-06T14:36:15.998Z</time>
      </trkpt>
      <trkpt lat="49.472859" lon="14.362139">
        <ele>459.355260</ele>
        <time>2026-05-06T14:36:17.998Z</time>
      </trkpt>
      <trkpt lat="49.472749" lon="14.361993">
        <ele>459.353808</ele>
        <time>2026-05-06T14:36:19.998Z</time>
      </trkpt>
      <trkpt lat="49.472630" lon="14.361883">
        <ele>459.352421</ele>
        <time>2026-05-06T14:36:21.998Z</time>
      </trkpt>
      <trkpt lat="49.472502" lon="14.361818">
        <ele>459.351074</ele>
        <time>2026-05-06T14:36:23.998Z</time>
      </trkpt>
      <trkpt lat="49.472373" lon="14.361765">
        <ele>459.349739</ele>
        <time>2026-05-06T14:36:25.998Z</time>
      </trkpt>
      <trkpt lat="49.472235" lon="14.361756">
        <ele>459.348359</ele>
        <time>2026-05-06T14:36:27.998Z</time>
      </trkpt>
      <trkpt lat="49.472095" lon="14.361739">
        <ele>459.346956</ele>
        <time>2026-05-06T14:36:30.000Z</time>
      </trkpt>
      <trkpt lat="49.471955" lon="14.361728">
        <ele>459.345555</ele>
        <time>2026-05-06T14:36:32.000Z</time>
      </trkpt>
      <trkpt lat="49.471824" lon="14.361711">
        <ele>459.344241</ele>
        <time>2026-05-06T14:36:34.000Z</time>
      </trkpt>
      <trkpt lat="49.471688" lon="14.361695">
        <ele>459.342878</ele>
        <time>2026-05-06T14:36:36.000Z</time>
      </trkpt>
      <trkpt lat="49.471568" lon="14.361688">
        <ele>459.343007</ele>
        <time>2026-05-06T14:36:38.000Z</time>
      </trkpt>
      <trkpt lat="49.471455" lon="14.361668">
        <ele>459.417022</ele>
        <time>2026-05-06T14:36:40.000Z</time>
      </trkpt>
      <trkpt lat="49.471342" lon="14.361659">
        <ele>459.490651</ele>
        <time>2026-05-06T14:36:42.000Z</time>
      </trkpt>
      <trkpt lat="49.471224" lon="14.361647">
        <ele>459.567603</ele>
        <time>2026-05-06T14:36:44.000Z</time>
      </trkpt>
      <trkpt lat="49.471102" lon="14.361637">
        <ele>459.647103</ele>
        <time>2026-05-06T14:36:46.000Z</time>
      </trkpt>
      <trkpt lat="49.470983" lon="14.361626">
        <ele>459.724677</ele>
        <time>2026-05-06T14:36:48.000Z</time>
      </trkpt>
      <trkpt lat="49.470865" lon="14.361612">
        <ele>459.801689</ele>
        <time>2026-05-06T14:36:50.000Z</time>
      </trkpt>
      <trkpt lat="49.470748" lon="14.361601">
        <ele>459.877965</ele>
        <time>2026-05-06T14:36:52.000Z</time>
      </trkpt>
      <trkpt lat="49.470634" lon="14.361589">
        <ele>459.952319</ele>
        <time>2026-05-06T14:36:54.000Z</time>
      </trkpt>
      <trkpt lat="49.470525" lon="14.361578">
        <ele>460.023399</ele>
        <time>2026-05-06T14:36:55.999Z</time>
      </trkpt>
      <trkpt lat="49.470420" lon="14.361564">
        <ele>460.091980</ele>
        <time>2026-05-06T14:36:57.999Z</time>
      </trkpt>
      <trkpt lat="49.470312" lon="14.361557">
        <ele>460.162320</ele>
        <time>2026-05-06T14:36:59.999Z</time>
      </trkpt>
      <trkpt lat="49.470204" lon="14.361541">
        <ele>460.232922</ele>
        <time>2026-05-06T14:37:01.999Z</time>
      </trkpt>
      <trkpt lat="49.470098" lon="14.361529">
        <ele>460.302084</ele>
        <time>2026-05-06T14:37:03.999Z</time>
      </trkpt>
      <trkpt lat="49.469987" lon="14.361518">
        <ele>460.374462</ele>
        <time>2026-05-06T14:37:05.999Z</time>
      </trkpt>
      <trkpt lat="49.469876" lon="14.361511">
        <ele>460.446752</ele>
        <time>2026-05-06T14:37:07.999Z</time>
      </trkpt>
      <trkpt lat="49.469767" lon="14.361496">
        <ele>460.537201</ele>
        <time>2026-05-06T14:37:09.999Z</time>
      </trkpt>
      <trkpt lat="49.469661" lon="14.361480">
        <ele>460.833888</ele>
        <time>2026-05-06T14:37:11.999Z</time>
      </trkpt>
      <trkpt lat="49.469561" lon="14.361469">
        <ele>461.113156</ele>
        <time>2026-05-06T14:37:13.999Z</time>
      </trkpt>
      <trkpt lat="49.469464" lon="14.361460">
        <ele>461.383846</ele>
        <time>2026-05-06T14:37:15.999Z</time>
      </trkpt>
      <trkpt lat="49.469372" lon="14.361452">
        <ele>461.640527</ele>
        <time>2026-05-06T14:37:17.999Z</time>
      </trkpt>
      <trkpt lat="49.469259" lon="14.361436">
        <ele>461.956625</ele>
        <time>2026-05-06T14:37:20.999Z</time>
      </trkpt>
      <trkpt lat="49.469159" lon="14.361422">
        <ele>462.236332</ele>
        <time>2026-05-06T14:37:23.999Z</time>
      </trkpt>
      <trkpt lat="49.469069" lon="14.361408">
        <ele>462.488310</ele>
        <time>2026-05-06T14:37:26.999Z</time>
      </trkpt>
      <trkpt lat="49.468975" lon="14.361403">
        <ele>462.750310</ele>
        <time>2026-05-06T14:37:29.999Z</time>
      </trkpt>
      <trkpt lat="49.468857" lon="14.361379">
        <ele>463.081865</ele>
        <time>2026-05-06T14:37:33.999Z</time>
      </trkpt>
      <trkpt lat="49.468740" lon="14.361365">
        <ele>463.408760</ele>
        <time>2026-05-06T14:37:37.999Z</time>
      </trkpt>
      <trkpt lat="49.468650" lon="14.361363">
        <ele>463.659487</ele>
        <time>2026-05-06T14:37:40.999Z</time>
      </trkpt>
      <trkpt lat="49.468560" lon="14.361353">
        <ele>463.910840</ele>
        <time>2026-05-06T14:37:43.999Z</time>
      </trkpt>
      <trkpt lat="49.468443" lon="14.361338">
        <ele>464.237881</ele>
        <time>2026-05-06T14:37:47.999Z</time>
      </trkpt>
      <trkpt lat="49.468350" lon="14.361330">
        <ele>464.497343</ele>
        <time>2026-05-06T14:37:50.999Z</time>
      </trkpt>
      <trkpt lat="49.468251" lon="14.361331">
        <ele>464.773119</ele>
        <time>2026-05-06T14:37:53.999Z</time>
      </trkpt>
      <trkpt lat="49.468144" lon="14.361340">
        <ele>465.071620</ele>
        <time>2026-05-06T14:37:56.999Z</time>
      </trkpt>
      <trkpt lat="49.468024" lon="14.361353">
        <ele>465.406715</ele>
        <time>2026-05-06T14:37:59.999Z</time>
      </trkpt>
      <trkpt lat="49.467898" lon="14.361362">
        <ele>465.422484</ele>
        <time>2026-05-06T14:38:02.999Z</time>
      </trkpt>
      <trkpt lat="49.467766" lon="14.361379">
        <ele>465.266198</ele>
        <time>2026-05-06T14:38:05.999Z</time>
      </trkpt>
      <trkpt lat="49.467672" lon="14.361384">
        <ele>465.155224</ele>
        <time>2026-05-06T14:38:07.999Z</time>
      </trkpt>
      <trkpt lat="49.467576" lon="14.361395">
        <ele>465.041643</ele>
        <time>2026-05-06T14:38:09.998Z</time>
      </trkpt>
      <trkpt lat="49.467475" lon="14.361402">
        <ele>464.922356</ele>
        <time>2026-05-06T14:38:11.998Z</time>
      </trkpt>
      <trkpt lat="49.467374" lon="14.361411">
        <ele>464.802990</ele>
        <time>2026-05-06T14:38:13.998Z</time>
      </trkpt>
      <trkpt lat="49.467273" lon="14.361417">
        <ele>464.683735</ele>
        <time>2026-05-06T14:38:15.998Z</time>
      </trkpt>
      <trkpt lat="49.467175" lon="14.361441">
        <ele>464.566653</ele>
        <time>2026-05-06T14:38:17.998Z</time>
      </trkpt>
      <trkpt lat="49.467074" lon="14.361460">
        <ele>464.446600</ele>
        <time>2026-05-06T14:38:19.998Z</time>
      </trkpt>
      <trkpt lat="49.466967" lon="14.361471">
        <ele>464.320073</ele>
        <time>2026-05-06T14:38:21.998Z</time>
      </trkpt>
      <trkpt lat="49.466867" lon="14.361508">
        <ele>464.198723</ele>
        <time>2026-05-06T14:38:24.998Z</time>
      </trkpt>
      <trkpt lat="49.466893" lon="14.361753">
        <ele>464.008374</ele>
        <time>2026-05-06T14:38:25.998Z</time>
      </trkpt>
      <trkpt lat="49.466922" lon="14.361941">
        <ele>463.860215</ele>
        <time>2026-05-06T14:38:28.998Z</time>
      </trkpt>
      <trkpt lat="49.466936" lon="14.362143">
        <ele>463.704448</ele>
        <time>2026-05-06T14:38:31.998Z</time>
      </trkpt>
      <trkpt lat="49.466956" lon="14.362336">
        <ele>463.554590</ele>
        <time>2026-05-06T14:38:35.000Z</time>
      </trkpt>
      <trkpt lat="49.466964" lon="14.362483">
        <ele>463.441479</ele>
        <time>2026-05-06T14:38:37.000Z</time>
      </trkpt>
      <trkpt lat="49.466973" lon="14.362632">
        <ele>463.400180</ele>
        <time>2026-05-06T14:38:39.000Z</time>
      </trkpt>
      <trkpt lat="49.466994" lon="14.362791">
        <ele>463.400180</ele>
        <time>2026-05-06T14:38:41.000Z</time>
      </trkpt>
      <trkpt lat="49.467014" lon="14.362961">
        <ele>463.400180</ele>
        <time>2026-05-06T14:38:43.000Z</time>
      </trkpt>
      <trkpt lat="49.467031" lon="14.363141">
        <ele>463.400180</ele>
        <time>2026-05-06T14:38:45.000Z</time>
      </trkpt>
      <trkpt lat="49.467043" lon="14.363328">
        <ele>463.400180</ele>
        <time>2026-05-06T14:38:47.000Z</time>
      </trkpt>
      <trkpt lat="49.467063" lon="14.363524">
        <ele>463.400180</ele>
        <time>2026-05-06T14:38:49.000Z</time>
      </trkpt>
      <trkpt lat="49.467086" lon="14.363697">
        <ele>463.400180</ele>
        <time>2026-05-06T14:38:51.000Z</time>
      </trkpt>
      <trkpt lat="49.467102" lon="14.363845">
        <ele>463.400180</ele>
        <time>2026-05-06T14:38:53.000Z</time>
      </trkpt>
      <trkpt lat="49.467112" lon="14.363987">
        <ele>463.400180</ele>
        <time>2026-05-06T14:38:55.000Z</time>
      </trkpt>
      <trkpt lat="49.467126" lon="14.364162">
        <ele>463.400180</ele>
        <time>2026-05-06T14:38:58.000Z</time>
      </trkpt>
      <trkpt lat="49.467144" lon="14.364302">
        <ele>463.400180</ele>
        <time>2026-05-06T14:39:01.000Z</time>
      </trkpt>
      <trkpt lat="49.467254" lon="14.364330">
        <ele>463.400180</ele>
        <time>2026-05-06T14:39:05.999Z</time>
      </trkpt>
      <trkpt lat="49.467365" lon="14.364193">
        <ele>463.400180</ele>
        <time>2026-05-06T14:40:15.998Z</time>
      </trkpt>
      <trkpt lat="49.467486" lon="14.364136">
        <ele>463.400180</ele>
        <time>2026-05-06T14:40:31.998Z</time>
      </trkpt>
      <trkpt lat="49.467353" lon="14.364128">
        <ele>463.400180</ele>
        <time>2026-05-06T14:40:34.998Z</time>
      </trkpt>
      <trkpt lat="49.467340" lon="14.364287">
        <ele>463.400180</ele>
        <time>2026-05-06T14:40:38.998Z</time>
      </trkpt>
    </trkseg>
  </trk>
</gpx>