<?xml version='1.0' encoding='UTF-8'?>
<gpx version="1.1" creator="https://www.komoot.de" xmlns="http://www.topografix.com/GPX/1/1" xmlns:xsi="http://www.w3.org/2001/XMLSchema-instance" xsi:schemaLocation="http://www.topografix.com/GPX/1/1 http://www.topografix.com/GPX/1/1/gpx.xsd">
  <metadata>
    <name>Tag 3 wir sind in Tschechieeeen</name>
    <author>
      <link href="https://www.komoot.de">
        <text>komoot</text>
        <type>text/html</type>
      </link>
    </author>
  </metadata>
  <trk>
    <name>Tag 3 wir sind in Tschechieeeen</name>
    <trkseg>
      <trkpt lat="50.958614" lon="14.050679">
        <ele>119.113349</ele>
        <time>2026-05-03T09:56:07.000Z</time>
      </trkpt>
      <trkpt lat="50.958639" lon="14.050356">
        <ele>119.113349</ele>
        <time>2026-05-03T09:57:06.999Z</time>
      </trkpt>
      <trkpt lat="50.958563" lon="14.050440">
        <ele>119.113349</ele>
        <time>2026-05-03T09:57:21.999Z</time>
      </trkpt>
      <trkpt lat="50.958562" lon="14.050590">
        <ele>119.113349</ele>
        <time>2026-05-03T09:57:32.999Z</time>
      </trkpt>
      <trkpt lat="50.958556" lon="14.050759">
        <ele>119.113349</ele>
        <time>2026-05-03T09:57:38.999Z</time>
      </trkpt>
      <trkpt lat="50.958566" lon="14.050928">
        <ele>119.113349</ele>
        <time>2026-05-03T09:57:42.999Z</time>
      </trkpt>
      <trkpt lat="50.958562" lon="14.051091">
        <ele>119.113349</ele>
        <time>2026-05-03T09:57:45.999Z</time>
      </trkpt>
      <trkpt lat="50.958573" lon="14.051267">
        <ele>119.113349</ele>
        <time>2026-05-03T09:57:48.999Z</time>
      </trkpt>
      <trkpt lat="50.958565" lon="14.051443">
        <ele>119.188237</ele>
        <time>2026-05-03T09:57:51.999Z</time>
      </trkpt>
      <trkpt lat="50.958558" lon="14.051605">
        <ele>119.430710</ele>
        <time>2026-05-03T09:57:54.999Z</time>
      </trkpt>
      <trkpt lat="50.958550" lon="14.051779">
        <ele>119.691224</ele>
        <time>2026-05-03T09:57:57.999Z</time>
      </trkpt>
      <trkpt lat="50.958527" lon="14.051942">
        <ele>119.940653</ele>
        <time>2026-05-03T09:58:00.999Z</time>
      </trkpt>
      <trkpt lat="50.958513" lon="14.052099">
        <ele>120.177429</ele>
        <time>2026-05-03T09:58:03.999Z</time>
      </trkpt>
      <trkpt lat="50.958513" lon="14.052266">
        <ele>120.426799</ele>
        <time>2026-05-03T09:58:06.999Z</time>
      </trkpt>
      <trkpt lat="50.958497" lon="14.052428">
        <ele>120.671659</ele>
        <time>2026-05-03T09:58:10.999Z</time>
      </trkpt>
      <trkpt lat="50.958525" lon="14.052607">
        <ele>120.947067</ele>
        <time>2026-05-03T09:58:15.000Z</time>
      </trkpt>
      <trkpt lat="50.958516" lon="14.052754">
        <ele>121.167607</ele>
        <time>2026-05-03T09:58:18.000Z</time>
      </trkpt>
      <trkpt lat="50.958541" lon="14.052921">
        <ele>121.423923</ele>
        <time>2026-05-03T09:58:21.000Z</time>
      </trkpt>
      <trkpt lat="50.958553" lon="14.053073">
        <ele>121.652671</ele>
        <time>2026-05-03T09:58:24.000Z</time>
      </trkpt>
      <trkpt lat="50.958587" lon="14.053250">
        <ele>121.928990</ele>
        <time>2026-05-03T09:58:27.000Z</time>
      </trkpt>
      <trkpt lat="50.958627" lon="14.053400">
        <ele>122.172221</ele>
        <time>2026-05-03T09:58:30.000Z</time>
      </trkpt>
      <trkpt lat="50.958648" lon="14.053585">
        <ele>122.452919</ele>
        <time>2026-05-03T09:58:33.000Z</time>
      </trkpt>
      <trkpt lat="50.958662" lon="14.053749">
        <ele>122.700047</ele>
        <time>2026-05-03T09:58:36.000Z</time>
      </trkpt>
      <trkpt lat="50.958696" lon="14.053907">
        <ele>122.949366</ele>
        <time>2026-05-03T09:58:39.000Z</time>
      </trkpt>
      <trkpt lat="50.958727" lon="14.054079">
        <ele>123.216509</ele>
        <time>2026-05-03T09:58:42.000Z</time>
      </trkpt>
      <trkpt lat="50.958735" lon="14.054242">
        <ele>123.323042</ele>
        <time>2026-05-03T09:58:45.000Z</time>
      </trkpt>
      <trkpt lat="50.958745" lon="14.054398">
        <ele>123.170550</ele>
        <time>2026-05-03T09:58:48.000Z</time>
      </trkpt>
      <trkpt lat="50.958742" lon="14.054565">
        <ele>123.008078</ele>
        <time>2026-05-03T09:58:51.000Z</time>
      </trkpt>
      <trkpt lat="50.958751" lon="14.054753">
        <ele>122.824723</ele>
        <time>2026-05-03T09:58:54.000Z</time>
      </trkpt>
      <trkpt lat="50.958755" lon="14.054968">
        <ele>122.615546</ele>
        <time>2026-05-03T09:58:57.000Z</time>
      </trkpt>
      <trkpt lat="50.958761" lon="14.055175">
        <ele>122.414028</ele>
        <time>2026-05-03T09:59:00.000Z</time>
      </trkpt>
      <trkpt lat="50.958763" lon="14.055364">
        <ele>122.230202</ele>
        <time>2026-05-03T09:59:03.000Z</time>
      </trkpt>
      <trkpt lat="50.958757" lon="14.055540">
        <ele>122.058794</ele>
        <time>2026-05-03T09:59:05.999Z</time>
      </trkpt>
      <trkpt lat="50.958777" lon="14.055697">
        <ele>121.903022</ele>
        <time>2026-05-03T09:59:08.999Z</time>
      </trkpt>
      <trkpt lat="50.958763" lon="14.055883">
        <ele>121.720852</ele>
        <time>2026-05-03T09:59:11.999Z</time>
      </trkpt>
      <trkpt lat="50.958797" lon="14.056040">
        <ele>121.559399</ele>
        <time>2026-05-03T09:59:14.999Z</time>
      </trkpt>
      <trkpt lat="50.958809" lon="14.056199">
        <ele>121.403668</ele>
        <time>2026-05-03T09:59:17.999Z</time>
      </trkpt>
      <trkpt lat="50.958816" lon="14.056350">
        <ele>121.256425</ele>
        <time>2026-05-03T09:59:20.999Z</time>
      </trkpt>
      <trkpt lat="50.958818" lon="14.056523">
        <ele>121.088156</ele>
        <time>2026-05-03T09:59:23.999Z</time>
      </trkpt>
      <trkpt lat="50.958860" lon="14.056659">
        <ele>120.940857</ele>
        <time>2026-05-03T09:59:26.999Z</time>
      </trkpt>
      <trkpt lat="50.958900" lon="14.056841">
        <ele>120.753400</ele>
        <time>2026-05-03T09:59:30.999Z</time>
      </trkpt>
      <trkpt lat="50.958917" lon="14.057014">
        <ele>120.605020</ele>
        <time>2026-05-03T09:59:33.999Z</time>
      </trkpt>
      <trkpt lat="50.958943" lon="14.057162">
        <ele>120.645677</ele>
        <time>2026-05-03T09:59:36.999Z</time>
      </trkpt>
      <trkpt lat="50.958974" lon="14.057336">
        <ele>120.693526</ele>
        <time>2026-05-03T09:59:39.999Z</time>
      </trkpt>
      <trkpt lat="50.959010" lon="14.057491">
        <ele>120.737240</ele>
        <time>2026-05-03T09:59:42.999Z</time>
      </trkpt>
      <trkpt lat="50.959038" lon="14.057684">
        <ele>120.789647</ele>
        <time>2026-05-03T09:59:45.999Z</time>
      </trkpt>
      <trkpt lat="50.959063" lon="14.057850">
        <ele>120.834811</ele>
        <time>2026-05-03T09:59:48.999Z</time>
      </trkpt>
      <trkpt lat="50.959108" lon="14.058044">
        <ele>120.889516</ele>
        <time>2026-05-03T09:59:51.999Z</time>
      </trkpt>
      <trkpt lat="50.959135" lon="14.058185">
        <ele>120.928512</ele>
        <time>2026-05-03T09:59:53.999Z</time>
      </trkpt>
      <trkpt lat="50.959151" lon="14.058332">
        <ele>120.967986</ele>
        <time>2026-05-03T09:59:55.999Z</time>
      </trkpt>
      <trkpt lat="50.959181" lon="14.058470">
        <ele>121.006616</ele>
        <time>2026-05-03T09:59:57.999Z</time>
      </trkpt>
      <trkpt lat="50.959225" lon="14.058675">
        <ele>121.063924</ele>
        <time>2026-05-03T10:00:00.999Z</time>
      </trkpt>
      <trkpt lat="50.959269" lon="14.058868">
        <ele>121.118236</ele>
        <time>2026-05-03T10:00:03.999Z</time>
      </trkpt>
      <trkpt lat="50.959294" lon="14.059015">
        <ele>121.158526</ele>
        <time>2026-05-03T10:00:05.999Z</time>
      </trkpt>
      <trkpt lat="50.959328" lon="14.059225">
        <ele>121.215900</ele>
        <time>2026-05-03T10:00:08.999Z</time>
      </trkpt>
      <trkpt lat="50.959351" lon="14.059369">
        <ele>121.255210</ele>
        <time>2026-05-03T10:00:10.999Z</time>
      </trkpt>
      <trkpt lat="50.959369" lon="14.059512">
        <ele>121.293797</ele>
        <time>2026-05-03T10:00:12.999Z</time>
      </trkpt>
      <trkpt lat="50.959386" lon="14.059710">
        <ele>121.346674</ele>
        <time>2026-05-03T10:00:15.999Z</time>
      </trkpt>
      <trkpt lat="50.959441" lon="14.059901">
        <ele>121.352089</ele>
        <time>2026-05-03T10:00:19.000Z</time>
      </trkpt>
      <trkpt lat="50.959483" lon="14.060042">
        <ele>121.348650</ele>
        <time>2026-05-03T10:00:21.000Z</time>
      </trkpt>
      <trkpt lat="50.959504" lon="14.060183">
        <ele>121.345455</ele>
        <time>2026-05-03T10:00:23.000Z</time>
      </trkpt>
      <trkpt lat="50.959518" lon="14.060333">
        <ele>121.342111</ele>
        <time>2026-05-03T10:00:25.000Z</time>
      </trkpt>
      <trkpt lat="50.959542" lon="14.060493">
        <ele>121.338485</ele>
        <time>2026-05-03T10:00:27.000Z</time>
      </trkpt>
      <trkpt lat="50.959566" lon="14.060643">
        <ele>121.335072</ele>
        <time>2026-05-03T10:00:29.000Z</time>
      </trkpt>
      <trkpt lat="50.959581" lon="14.060788">
        <ele>121.331832</ele>
        <time>2026-05-03T10:00:31.000Z</time>
      </trkpt>
      <trkpt lat="50.959603" lon="14.060941">
        <ele>121.328372</ele>
        <time>2026-05-03T10:00:33.000Z</time>
      </trkpt>
      <trkpt lat="50.959631" lon="14.061148">
        <ele>121.323704</ele>
        <time>2026-05-03T10:00:36.000Z</time>
      </trkpt>
      <trkpt lat="50.959647" lon="14.061306">
        <ele>121.320175</ele>
        <time>2026-05-03T10:00:38.000Z</time>
      </trkpt>
      <trkpt lat="50.959663" lon="14.061455">
        <ele>121.316842</ele>
        <time>2026-05-03T10:00:40.000Z</time>
      </trkpt>
      <trkpt lat="50.959675" lon="14.061601">
        <ele>121.313596</ele>
        <time>2026-05-03T10:00:42.000Z</time>
      </trkpt>
      <trkpt lat="50.959691" lon="14.061753">
        <ele>121.310198</ele>
        <time>2026-05-03T10:00:44.000Z</time>
      </trkpt>
      <trkpt lat="50.959716" lon="14.061961">
        <ele>121.305529</ele>
        <time>2026-05-03T10:00:47.000Z</time>
      </trkpt>
      <trkpt lat="50.959731" lon="14.062103">
        <ele>121.302354</ele>
        <time>2026-05-03T10:00:49.000Z</time>
      </trkpt>
      <trkpt lat="50.959750" lon="14.062312">
        <ele>121.297698</ele>
        <time>2026-05-03T10:00:52.000Z</time>
      </trkpt>
      <trkpt lat="50.959771" lon="14.062518">
        <ele>121.293097</ele>
        <time>2026-05-03T10:00:55.000Z</time>
      </trkpt>
      <trkpt lat="50.959801" lon="14.062717">
        <ele>121.417414</ele>
        <time>2026-05-03T10:00:58.000Z</time>
      </trkpt>
      <trkpt lat="50.959828" lon="14.062917">
        <ele>121.545024</ele>
        <time>2026-05-03T10:01:01.000Z</time>
      </trkpt>
      <trkpt lat="50.959858" lon="14.063064">
        <ele>121.641429</ele>
        <time>2026-05-03T10:01:03.000Z</time>
      </trkpt>
      <trkpt lat="50.959876" lon="14.063226">
        <ele>121.744058</ele>
        <time>2026-05-03T10:01:05.000Z</time>
      </trkpt>
      <trkpt lat="50.959905" lon="14.063419">
        <ele>121.867847</ele>
        <time>2026-05-03T10:01:08.000Z</time>
      </trkpt>
      <trkpt lat="50.959937" lon="14.063614">
        <ele>121.993565</ele>
        <time>2026-05-03T10:01:11.000Z</time>
      </trkpt>
      <trkpt lat="50.959950" lon="14.063756">
        <ele>122.083087</ele>
        <time>2026-05-03T10:01:13.000Z</time>
      </trkpt>
      <trkpt lat="50.959964" lon="14.063957">
        <ele>122.209251</ele>
        <time>2026-05-03T10:01:16.000Z</time>
      </trkpt>
      <trkpt lat="50.959994" lon="14.064146">
        <ele>122.330851</ele>
        <time>2026-05-03T10:01:19.000Z</time>
      </trkpt>
      <trkpt lat="50.960004" lon="14.064338">
        <ele>122.451045</ele>
        <time>2026-05-03T10:01:22.000Z</time>
      </trkpt>
      <trkpt lat="50.960015" lon="14.064533">
        <ele>122.573189</ele>
        <time>2026-05-03T10:01:25.000Z</time>
      </trkpt>
      <trkpt lat="50.960049" lon="14.064709">
        <ele>122.688040</ele>
        <time>2026-05-03T10:01:27.999Z</time>
      </trkpt>
      <trkpt lat="50.960093" lon="14.064897">
        <ele>122.813165</ele>
        <time>2026-05-03T10:01:30.999Z</time>
      </trkpt>
      <trkpt lat="50.960140" lon="14.065085">
        <ele>122.939355</ele>
        <time>2026-05-03T10:01:33.999Z</time>
      </trkpt>
      <trkpt lat="50.960184" lon="14.065258">
        <ele>123.055753</ele>
        <time>2026-05-03T10:01:36.999Z</time>
      </trkpt>
      <trkpt lat="50.960230" lon="14.065427">
        <ele>123.148921</ele>
        <time>2026-05-03T10:01:39.999Z</time>
      </trkpt>
      <trkpt lat="50.960287" lon="14.065604">
        <ele>123.244940</ele>
        <time>2026-05-03T10:01:42.999Z</time>
      </trkpt>
      <trkpt lat="50.960324" lon="14.065783">
        <ele>123.335936</ele>
        <time>2026-05-03T10:01:45.999Z</time>
      </trkpt>
      <trkpt lat="50.960332" lon="14.065981">
        <ele>123.431769</ele>
        <time>2026-05-03T10:01:48.999Z</time>
      </trkpt>
      <trkpt lat="50.960332" lon="14.066189">
        <ele>123.532236</ele>
        <time>2026-05-03T10:01:51.999Z</time>
      </trkpt>
      <trkpt lat="50.960333" lon="14.066384">
        <ele>123.626426</ele>
        <time>2026-05-03T10:01:54.999Z</time>
      </trkpt>
      <trkpt lat="50.960335" lon="14.066538">
        <ele>123.700826</ele>
        <time>2026-05-03T10:01:56.999Z</time>
      </trkpt>
      <trkpt lat="50.960339" lon="14.066687">
        <ele>123.772860</ele>
        <time>2026-05-03T10:01:58.999Z</time>
      </trkpt>
      <trkpt lat="50.960336" lon="14.066901">
        <ele>123.876250</ele>
        <time>2026-05-03T10:02:01.999Z</time>
      </trkpt>
      <trkpt lat="50.960321" lon="14.067044">
        <ele>123.946272</ele>
        <time>2026-05-03T10:02:03.999Z</time>
      </trkpt>
      <trkpt lat="50.960312" lon="14.067262">
        <ele>124.051795</ele>
        <time>2026-05-03T10:02:06.999Z</time>
      </trkpt>
      <trkpt lat="50.960309" lon="14.067421">
        <ele>124.128628</ele>
        <time>2026-05-03T10:02:08.999Z</time>
      </trkpt>
      <trkpt lat="50.960302" lon="14.067585">
        <ele>124.208024</ele>
        <time>2026-05-03T10:02:10.999Z</time>
      </trkpt>
      <trkpt lat="50.960302" lon="14.067756">
        <ele>124.290619</ele>
        <time>2026-05-03T10:02:12.999Z</time>
      </trkpt>
      <trkpt lat="50.960310" lon="14.067922">
        <ele>124.371033</ele>
        <time>2026-05-03T10:02:14.999Z</time>
      </trkpt>
      <trkpt lat="50.960318" lon="14.068087">
        <ele>124.450966</ele>
        <time>2026-05-03T10:02:16.999Z</time>
      </trkpt>
      <trkpt lat="50.960324" lon="14.068251">
        <ele>124.534550</ele>
        <time>2026-05-03T10:02:18.999Z</time>
      </trkpt>
      <trkpt lat="50.960334" lon="14.068404">
        <ele>124.612965</ele>
        <time>2026-05-03T10:02:20.999Z</time>
      </trkpt>
      <trkpt lat="50.960335" lon="14.068563">
        <ele>124.694023</ele>
        <time>2026-05-03T10:02:22.999Z</time>
      </trkpt>
      <trkpt lat="50.960348" lon="14.068710">
        <ele>124.769695</ele>
        <time>2026-05-03T10:02:25.000Z</time>
      </trkpt>
      <trkpt lat="50.960359" lon="14.068858">
        <ele>124.845665</ele>
        <time>2026-05-03T10:02:27.000Z</time>
      </trkpt>
      <trkpt lat="50.960366" lon="14.069012">
        <ele>124.924374</ele>
        <time>2026-05-03T10:02:29.000Z</time>
      </trkpt>
      <trkpt lat="50.960383" lon="14.069158">
        <ele>125.000062</ele>
        <time>2026-05-03T10:02:31.000Z</time>
      </trkpt>
      <trkpt lat="50.960386" lon="14.069318">
        <ele>125.081662</ele>
        <time>2026-05-03T10:02:33.000Z</time>
      </trkpt>
      <trkpt lat="50.960403" lon="14.069466">
        <ele>125.158353</ele>
        <time>2026-05-03T10:02:35.000Z</time>
      </trkpt>
      <trkpt lat="50.960417" lon="14.069622">
        <ele>125.238681</ele>
        <time>2026-05-03T10:02:37.000Z</time>
      </trkpt>
      <trkpt lat="50.960438" lon="14.069770">
        <ele>125.316018</ele>
        <time>2026-05-03T10:02:39.000Z</time>
      </trkpt>
      <trkpt lat="50.960461" lon="14.069929">
        <ele>125.399182</ele>
        <time>2026-05-03T10:02:41.000Z</time>
      </trkpt>
      <trkpt lat="50.960475" lon="14.070086">
        <ele>125.480015</ele>
        <time>2026-05-03T10:02:43.000Z</time>
      </trkpt>
      <trkpt lat="50.960488" lon="14.070246">
        <ele>125.562254</ele>
        <time>2026-05-03T10:02:45.000Z</time>
      </trkpt>
      <trkpt lat="50.960502" lon="14.070399">
        <ele>125.641068</ele>
        <time>2026-05-03T10:02:47.000Z</time>
      </trkpt>
      <trkpt lat="50.960515" lon="14.070550">
        <ele>125.718760</ele>
        <time>2026-05-03T10:02:49.000Z</time>
      </trkpt>
      <trkpt lat="50.960525" lon="14.070694">
        <ele>125.792612</ele>
        <time>2026-05-03T10:02:51.000Z</time>
      </trkpt>
      <trkpt lat="50.960529" lon="14.070840">
        <ele>125.867109</ele>
        <time>2026-05-03T10:02:53.000Z</time>
      </trkpt>
      <trkpt lat="50.960524" lon="14.070996">
        <ele>125.975806</ele>
        <time>2026-05-03T10:02:55.000Z</time>
      </trkpt>
      <trkpt lat="50.960547" lon="14.071146">
        <ele>126.116067</ele>
        <time>2026-05-03T10:02:57.000Z</time>
      </trkpt>
      <trkpt lat="50.960551" lon="14.071295">
        <ele>126.251563</ele>
        <time>2026-05-03T10:02:59.000Z</time>
      </trkpt>
      <trkpt lat="50.960550" lon="14.071443">
        <ele>126.386034</ele>
        <time>2026-05-03T10:03:01.000Z</time>
      </trkpt>
      <trkpt lat="50.960531" lon="14.071585">
        <ele>126.517926</ele>
        <time>2026-05-03T10:03:03.000Z</time>
      </trkpt>
      <trkpt lat="50.960538" lon="14.071728">
        <ele>126.648239</ele>
        <time>2026-05-03T10:03:05.000Z</time>
      </trkpt>
      <trkpt lat="50.960529" lon="14.071936">
        <ele>126.837661</ele>
        <time>2026-05-03T10:03:08.000Z</time>
      </trkpt>
      <trkpt lat="50.960529" lon="14.072132">
        <ele>127.015736</ele>
        <time>2026-05-03T10:03:11.000Z</time>
      </trkpt>
      <trkpt lat="50.960522" lon="14.072323">
        <ele>127.189561</ele>
        <time>2026-05-03T10:03:14.000Z</time>
      </trkpt>
      <trkpt lat="50.960499" lon="14.072515">
        <ele>127.367128</ele>
        <time>2026-05-03T10:03:17.000Z</time>
      </trkpt>
      <trkpt lat="50.960486" lon="14.072702">
        <ele>127.538057</ele>
        <time>2026-05-03T10:03:20.000Z</time>
      </trkpt>
      <trkpt lat="50.960474" lon="14.072885">
        <ele>127.705219</ele>
        <time>2026-05-03T10:03:23.000Z</time>
      </trkpt>
      <trkpt lat="50.960451" lon="14.073113">
        <ele>127.915006</ele>
        <time>2026-05-03T10:03:26.000Z</time>
      </trkpt>
      <trkpt lat="50.960424" lon="14.073289">
        <ele>128.079585</ele>
        <time>2026-05-03T10:03:28.000Z</time>
      </trkpt>
      <trkpt lat="50.960396" lon="14.073479">
        <ele>128.256870</ele>
        <time>2026-05-03T10:03:29.999Z</time>
      </trkpt>
      <trkpt lat="50.960370" lon="14.073660">
        <ele>128.425539</ele>
        <time>2026-05-03T10:03:31.999Z</time>
      </trkpt>
      <trkpt lat="50.960340" lon="14.073834">
        <ele>128.410294</ele>
        <time>2026-05-03T10:03:33.999Z</time>
      </trkpt>
      <trkpt lat="50.960315" lon="14.073988">
        <ele>128.251664</ele>
        <time>2026-05-03T10:03:35.999Z</time>
      </trkpt>
      <trkpt lat="50.960289" lon="14.074127">
        <ele>128.107031</ele>
        <time>2026-05-03T10:03:37.999Z</time>
      </trkpt>
      <trkpt lat="50.960268" lon="14.074266">
        <ele>127.964450</ele>
        <time>2026-05-03T10:03:39.999Z</time>
      </trkpt>
      <trkpt lat="50.960236" lon="14.074471">
        <ele>127.753782</ele>
        <time>2026-05-03T10:03:42.999Z</time>
      </trkpt>
      <trkpt lat="50.960187" lon="14.074606">
        <ele>127.598365</ele>
        <time>2026-05-03T10:03:44.999Z</time>
      </trkpt>
      <trkpt lat="50.960157" lon="14.074766">
        <ele>127.431847</ele>
        <time>2026-05-03T10:03:46.999Z</time>
      </trkpt>
      <trkpt lat="50.960122" lon="14.074914">
        <ele>127.274159</ele>
        <time>2026-05-03T10:03:48.999Z</time>
      </trkpt>
      <trkpt lat="50.960105" lon="14.075069">
        <ele>127.117224</ele>
        <time>2026-05-03T10:03:50.999Z</time>
      </trkpt>
      <trkpt lat="50.960079" lon="14.075222">
        <ele>126.959153</ele>
        <time>2026-05-03T10:03:52.999Z</time>
      </trkpt>
      <trkpt lat="50.960052" lon="14.075367">
        <ele>126.808331</ele>
        <time>2026-05-03T10:03:54.999Z</time>
      </trkpt>
      <trkpt lat="50.960021" lon="14.075515">
        <ele>126.652756</ele>
        <time>2026-05-03T10:03:56.999Z</time>
      </trkpt>
      <trkpt lat="50.959989" lon="14.075659">
        <ele>126.500441</ele>
        <time>2026-05-03T10:03:58.999Z</time>
      </trkpt>
      <trkpt lat="50.959954" lon="14.075815">
        <ele>126.335258</ele>
        <time>2026-05-03T10:04:00.999Z</time>
      </trkpt>
      <trkpt lat="50.959921" lon="14.075961">
        <ele>126.180533</ele>
        <time>2026-05-03T10:04:02.999Z</time>
      </trkpt>
      <trkpt lat="50.959880" lon="14.076093">
        <ele>126.033727</ele>
        <time>2026-05-03T10:04:04.999Z</time>
      </trkpt>
      <trkpt lat="50.959847" lon="14.076246">
        <ele>125.872412</ele>
        <time>2026-05-03T10:04:06.999Z</time>
      </trkpt>
      <trkpt lat="50.959818" lon="14.076403">
        <ele>125.709212</ele>
        <time>2026-05-03T10:04:08.999Z</time>
      </trkpt>
      <trkpt lat="50.959775" lon="14.076564">
        <ele>125.537253</ele>
        <time>2026-05-03T10:04:10.999Z</time>
      </trkpt>
      <trkpt lat="50.959738" lon="14.076724">
        <ele>125.370723</ele>
        <time>2026-05-03T10:04:12.999Z</time>
      </trkpt>
      <trkpt lat="50.959685" lon="14.076870">
        <ele>125.206078</ele>
        <time>2026-05-03T10:04:14.999Z</time>
      </trkpt>
      <trkpt lat="50.959642" lon="14.077012">
        <ele>125.052137</ele>
        <time>2026-05-03T10:04:16.999Z</time>
      </trkpt>
      <trkpt lat="50.959594" lon="14.077148">
        <ele>124.899819</ele>
        <time>2026-05-03T10:04:18.999Z</time>
      </trkpt>
      <trkpt lat="50.959538" lon="14.077278">
        <ele>124.745939</ele>
        <time>2026-05-03T10:04:20.999Z</time>
      </trkpt>
      <trkpt lat="50.959483" lon="14.077409">
        <ele>124.592117</ele>
        <time>2026-05-03T10:04:22.999Z</time>
      </trkpt>
      <trkpt lat="50.959421" lon="14.077556">
        <ele>124.419264</ele>
        <time>2026-05-03T10:04:24.999Z</time>
      </trkpt>
      <trkpt lat="50.959345" lon="14.077686">
        <ele>124.245968</ele>
        <time>2026-05-03T10:04:26.999Z</time>
      </trkpt>
      <trkpt lat="50.959283" lon="14.077837">
        <ele>124.069854</ele>
        <time>2026-05-03T10:04:28.999Z</time>
      </trkpt>
      <trkpt lat="50.959217" lon="14.077994">
        <ele>123.885429</ele>
        <time>2026-05-03T10:04:31.000Z</time>
      </trkpt>
      <trkpt lat="50.959153" lon="14.078149">
        <ele>123.704346</ele>
        <time>2026-05-03T10:04:33.000Z</time>
      </trkpt>
      <trkpt lat="50.959095" lon="14.078291">
        <ele>123.538986</ele>
        <time>2026-05-03T10:04:35.000Z</time>
      </trkpt>
      <trkpt lat="50.959048" lon="14.078422">
        <ele>123.391684</ele>
        <time>2026-05-03T10:04:38.000Z</time>
      </trkpt>
      <trkpt lat="50.958985" lon="14.078555">
        <ele>123.229089</ele>
        <time>2026-05-03T10:04:41.000Z</time>
      </trkpt>
      <trkpt lat="50.958916" lon="14.078721">
        <ele>123.034764</ele>
        <time>2026-05-03T10:04:44.000Z</time>
      </trkpt>
      <trkpt lat="50.958843" lon="14.078896">
        <ele>122.819166</ele>
        <time>2026-05-03T10:04:47.000Z</time>
      </trkpt>
      <trkpt lat="50.958770" lon="14.079077">
        <ele>122.547682</ele>
        <time>2026-05-03T10:04:50.000Z</time>
      </trkpt>
      <trkpt lat="50.958701" lon="14.079239">
        <ele>122.300657</ele>
        <time>2026-05-03T10:04:53.000Z</time>
      </trkpt>
      <trkpt lat="50.958635" lon="14.079372">
        <ele>122.086782</ele>
        <time>2026-05-03T10:04:56.000Z</time>
      </trkpt>
      <trkpt lat="50.958580" lon="14.079495">
        <ele>121.896244</ele>
        <time>2026-05-03T10:04:59.000Z</time>
      </trkpt>
      <trkpt lat="50.958529" lon="14.079621">
        <ele>121.707057</ele>
        <time>2026-05-03T10:05:02.000Z</time>
      </trkpt>
      <trkpt lat="50.958479" lon="14.079753">
        <ele>121.512491</ele>
        <time>2026-05-03T10:05:05.000Z</time>
      </trkpt>
      <trkpt lat="50.958422" lon="14.079886">
        <ele>121.309290</ele>
        <time>2026-05-03T10:05:08.000Z</time>
      </trkpt>
      <trkpt lat="50.958358" lon="14.080011">
        <ele>121.105811</ele>
        <time>2026-05-03T10:05:11.000Z</time>
      </trkpt>
      <trkpt lat="50.958298" lon="14.080152">
        <ele>120.890869</ele>
        <time>2026-05-03T10:05:14.000Z</time>
      </trkpt>
      <trkpt lat="50.958240" lon="14.080282">
        <ele>120.689637</ele>
        <time>2026-05-03T10:05:17.000Z</time>
      </trkpt>
      <trkpt lat="50.958163" lon="14.080390">
        <ele>120.483590</ele>
        <time>2026-05-03T10:05:20.000Z</time>
      </trkpt>
      <trkpt lat="50.958106" lon="14.080525">
        <ele>120.278294</ele>
        <time>2026-05-03T10:05:23.000Z</time>
      </trkpt>
      <trkpt lat="50.958038" lon="14.080644">
        <ele>120.075337</ele>
        <time>2026-05-03T10:05:26.000Z</time>
      </trkpt>
      <trkpt lat="50.957993" lon="14.080777">
        <ele>119.884631</ele>
        <time>2026-05-03T10:05:28.999Z</time>
      </trkpt>
      <trkpt lat="50.958019" lon="14.080927">
        <ele>119.688111</ele>
        <time>2026-05-03T10:05:31.999Z</time>
      </trkpt>
      <trkpt lat="50.958090" lon="14.081050">
        <ele>119.477367</ele>
        <time>2026-05-03T10:05:36.999Z</time>
      </trkpt>
      <trkpt lat="50.958023" lon="14.081197">
        <ele>119.265139</ele>
        <time>2026-05-03T10:05:46.999Z</time>
      </trkpt>
      <trkpt lat="50.957939" lon="14.081271">
        <ele>119.386084</ele>
        <time>2026-05-03T10:05:50.999Z</time>
      </trkpt>
      <trkpt lat="50.957819" lon="14.081217">
        <ele>119.543114</ele>
        <time>2026-05-03T10:05:55.999Z</time>
      </trkpt>
      <trkpt lat="50.957698" lon="14.081128">
        <ele>119.711006</ele>
        <time>2026-05-03T10:05:58.999Z</time>
      </trkpt>
      <trkpt lat="50.957596" lon="14.081155">
        <ele>119.841195</ele>
        <time>2026-05-03T10:06:00.999Z</time>
      </trkpt>
      <trkpt lat="50.957528" lon="14.081292">
        <ele>119.979516</ele>
        <time>2026-05-03T10:06:02.999Z</time>
      </trkpt>
      <trkpt lat="50.957466" lon="14.081408">
        <ele>120.100161</ele>
        <time>2026-05-03T10:06:04.999Z</time>
      </trkpt>
      <trkpt lat="50.957387" lon="14.081519">
        <ele>120.232980</ele>
        <time>2026-05-03T10:06:06.999Z</time>
      </trkpt>
      <trkpt lat="50.957314" lon="14.081629">
        <ele>120.359693</ele>
        <time>2026-05-03T10:06:08.999Z</time>
      </trkpt>
      <trkpt lat="50.957246" lon="14.081742">
        <ele>120.483627</ele>
        <time>2026-05-03T10:06:10.999Z</time>
      </trkpt>
      <trkpt lat="50.957181" lon="14.081846">
        <ele>120.599812</ele>
        <time>2026-05-03T10:06:12.999Z</time>
      </trkpt>
      <trkpt lat="50.957082" lon="14.081970">
        <ele>120.758572</ele>
        <time>2026-05-03T10:06:15.999Z</time>
      </trkpt>
      <trkpt lat="50.956996" lon="14.082116">
        <ele>120.917092</ele>
        <time>2026-05-03T10:06:18.999Z</time>
      </trkpt>
      <trkpt lat="50.956915" lon="14.082261">
        <ele>121.070787</ele>
        <time>2026-05-03T10:06:21.999Z</time>
      </trkpt>
      <trkpt lat="50.956823" lon="14.082399">
        <ele>121.230138</ele>
        <time>2026-05-03T10:06:24.999Z</time>
      </trkpt>
      <trkpt lat="50.956726" lon="14.082534">
        <ele>121.392543</ele>
        <time>2026-05-03T10:06:27.999Z</time>
      </trkpt>
      <trkpt lat="50.956615" lon="14.082597">
        <ele>121.547668</ele>
        <time>2026-05-03T10:06:30.999Z</time>
      </trkpt>
      <trkpt lat="50.956530" lon="14.082717">
        <ele>121.744597</ele>
        <time>2026-05-03T10:06:33.999Z</time>
      </trkpt>
      <trkpt lat="50.956451" lon="14.082856">
        <ele>121.948764</ele>
        <time>2026-05-03T10:06:37.000Z</time>
      </trkpt>
      <trkpt lat="50.956365" lon="14.082980">
        <ele>122.149896</ele>
        <time>2026-05-03T10:06:40.000Z</time>
      </trkpt>
      <trkpt lat="50.956272" lon="14.083088">
        <ele>122.349383</ele>
        <time>2026-05-03T10:06:43.000Z</time>
      </trkpt>
      <trkpt lat="50.956207" lon="14.083208">
        <ele>122.521979</ele>
        <time>2026-05-03T10:06:46.000Z</time>
      </trkpt>
      <trkpt lat="50.956125" lon="14.083300">
        <ele>122.695818</ele>
        <time>2026-05-03T10:06:49.000Z</time>
      </trkpt>
      <trkpt lat="50.956043" lon="14.083415">
        <ele>122.885244</ele>
        <time>2026-05-03T10:06:52.000Z</time>
      </trkpt>
      <trkpt lat="50.955959" lon="14.083549">
        <ele>123.091408</ele>
        <time>2026-05-03T10:06:55.000Z</time>
      </trkpt>
      <trkpt lat="50.955877" lon="14.083672">
        <ele>123.286720</ele>
        <time>2026-05-03T10:06:58.000Z</time>
      </trkpt>
      <trkpt lat="50.955783" lon="14.083766">
        <ele>123.479055</ele>
        <time>2026-05-03T10:07:01.000Z</time>
      </trkpt>
      <trkpt lat="50.955707" lon="14.083869">
        <ele>123.652057</ele>
        <time>2026-05-03T10:07:04.000Z</time>
      </trkpt>
      <trkpt lat="50.955618" lon="14.083988">
        <ele>123.853510</ele>
        <time>2026-05-03T10:07:08.000Z</time>
      </trkpt>
      <trkpt lat="50.955551" lon="14.084102">
        <ele>124.023543</ele>
        <time>2026-05-03T10:07:12.000Z</time>
      </trkpt>
      <trkpt lat="50.955461" lon="14.084214">
        <ele>124.221525</ele>
        <time>2026-05-03T10:07:16.000Z</time>
      </trkpt>
      <trkpt lat="50.955397" lon="14.084324">
        <ele>124.384828</ele>
        <time>2026-05-03T10:07:19.000Z</time>
      </trkpt>
      <trkpt lat="50.955320" lon="14.084423">
        <ele>124.556372</ele>
        <time>2026-05-03T10:07:22.000Z</time>
      </trkpt>
      <trkpt lat="50.955231" lon="14.084514">
        <ele>124.747263</ele>
        <time>2026-05-03T10:07:27.000Z</time>
      </trkpt>
      <trkpt lat="50.955151" lon="14.084600">
        <ele>124.926935</ele>
        <time>2026-05-03T10:07:30.000Z</time>
      </trkpt>
      <trkpt lat="50.955065" lon="14.084670">
        <ele>125.106661</ele>
        <time>2026-05-03T10:07:34.000Z</time>
      </trkpt>
      <trkpt lat="50.954994" lon="14.084770">
        <ele>125.283172</ele>
        <time>2026-05-03T10:07:36.999Z</time>
      </trkpt>
      <trkpt lat="50.954921" lon="14.084874">
        <ele>125.465577</ele>
        <time>2026-05-03T10:07:39.999Z</time>
      </trkpt>
      <trkpt lat="50.954838" lon="14.084951">
        <ele>125.644351</ele>
        <time>2026-05-03T10:07:42.999Z</time>
      </trkpt>
      <trkpt lat="50.954750" lon="14.085037">
        <ele>125.836524</ele>
        <time>2026-05-03T10:07:45.999Z</time>
      </trkpt>
      <trkpt lat="50.954662" lon="14.085133">
        <ele>126.035089</ele>
        <time>2026-05-03T10:07:48.999Z</time>
      </trkpt>
      <trkpt lat="50.954566" lon="14.085199">
        <ele>126.229637</ele>
        <time>2026-05-03T10:07:51.999Z</time>
      </trkpt>
      <trkpt lat="50.954487" lon="14.085291">
        <ele>126.411841</ele>
        <time>2026-05-03T10:07:54.999Z</time>
      </trkpt>
      <trkpt lat="50.954403" lon="14.085377">
        <ele>126.597721</ele>
        <time>2026-05-03T10:07:57.999Z</time>
      </trkpt>
      <trkpt lat="50.954327" lon="14.085477">
        <ele>126.781291</ele>
        <time>2026-05-03T10:08:01.999Z</time>
      </trkpt>
      <trkpt lat="50.954232" lon="14.085546">
        <ele>126.975571</ele>
        <time>2026-05-03T10:08:05.999Z</time>
      </trkpt>
      <trkpt lat="50.954150" lon="14.085644">
        <ele>127.166445</ele>
        <time>2026-05-03T10:08:08.999Z</time>
      </trkpt>
      <trkpt lat="50.954054" lon="14.085730">
        <ele>127.371436</ele>
        <time>2026-05-03T10:08:13.999Z</time>
      </trkpt>
      <trkpt lat="50.953977" lon="14.085825">
        <ele>127.552791</ele>
        <time>2026-05-03T10:08:17.999Z</time>
      </trkpt>
      <trkpt lat="50.953884" lon="14.085919">
        <ele>127.757819</ele>
        <time>2026-05-03T10:08:20.999Z</time>
      </trkpt>
      <trkpt lat="50.953791" lon="14.086034">
        <ele>127.977044</ele>
        <time>2026-05-03T10:08:24.999Z</time>
      </trkpt>
      <trkpt lat="50.953712" lon="14.086105">
        <ele>128.055148</ele>
        <time>2026-05-03T10:08:27.999Z</time>
      </trkpt>
      <trkpt lat="50.953627" lon="14.086192">
        <ele>128.139229</ele>
        <time>2026-05-03T10:08:30.999Z</time>
      </trkpt>
      <trkpt lat="50.953530" lon="14.086267">
        <ele>128.228928</ele>
        <time>2026-05-03T10:08:33.999Z</time>
      </trkpt>
      <trkpt lat="50.953441" lon="14.086349">
        <ele>128.314478</ele>
        <time>2026-05-03T10:08:36.999Z</time>
      </trkpt>
      <trkpt lat="50.953347" lon="14.086403">
        <ele>128.397586</ele>
        <time>2026-05-03T10:08:39.999Z</time>
      </trkpt>
      <trkpt lat="50.953246" lon="14.086496">
        <ele>128.494656</ele>
        <time>2026-05-03T10:08:44.000Z</time>
      </trkpt>
      <trkpt lat="50.953145" lon="14.086573">
        <ele>128.587805</ele>
        <time>2026-05-03T10:08:48.000Z</time>
      </trkpt>
      <trkpt lat="50.953044" lon="14.086649">
        <ele>128.680728</ele>
        <time>2026-05-03T10:08:51.000Z</time>
      </trkpt>
      <trkpt lat="50.952939" lon="14.086715">
        <ele>128.774615</ele>
        <time>2026-05-03T10:08:54.000Z</time>
      </trkpt>
      <trkpt lat="50.952848" lon="14.086827">
        <ele>128.870344</ele>
        <time>2026-05-03T10:08:57.000Z</time>
      </trkpt>
      <trkpt lat="50.952719" lon="14.086898">
        <ele>128.983852</ele>
        <time>2026-05-03T10:09:00.000Z</time>
      </trkpt>
      <trkpt lat="50.952618" lon="14.086988">
        <ele>129.080145</ele>
        <time>2026-05-03T10:09:03.000Z</time>
      </trkpt>
      <trkpt lat="50.952518" lon="14.087015">
        <ele>129.164474</ele>
        <time>2026-05-03T10:09:05.000Z</time>
      </trkpt>
      <trkpt lat="50.952407" lon="14.087116">
        <ele>129.270840</ele>
        <time>2026-05-03T10:09:08.000Z</time>
      </trkpt>
      <trkpt lat="50.952310" lon="14.087161">
        <ele>129.354855</ele>
        <time>2026-05-03T10:09:12.000Z</time>
      </trkpt>
      <trkpt lat="50.952231" lon="14.087260">
        <ele>129.438532</ele>
        <time>2026-05-03T10:09:15.000Z</time>
      </trkpt>
      <trkpt lat="50.952136" lon="14.087314">
        <ele>129.463738</ele>
        <time>2026-05-03T10:09:18.000Z</time>
      </trkpt>
      <trkpt lat="50.952041" lon="14.087368">
        <ele>129.438963</ele>
        <time>2026-05-03T10:09:21.000Z</time>
      </trkpt>
      <trkpt lat="50.951919" lon="14.087387">
        <ele>129.408865</ele>
        <time>2026-05-03T10:09:24.000Z</time>
      </trkpt>
      <trkpt lat="50.951814" lon="14.087413">
        <ele>129.382774</ele>
        <time>2026-05-03T10:09:27.000Z</time>
      </trkpt>
      <trkpt lat="50.951702" lon="14.087451">
        <ele>129.354654</ele>
        <time>2026-05-03T10:09:30.000Z</time>
      </trkpt>
      <trkpt lat="50.951615" lon="14.087494">
        <ele>129.332282</ele>
        <time>2026-05-03T10:09:33.000Z</time>
      </trkpt>
      <trkpt lat="50.951491" lon="14.087527">
        <ele>129.301413</ele>
        <time>2026-05-03T10:09:37.000Z</time>
      </trkpt>
      <trkpt lat="50.951381" lon="14.087540">
        <ele>129.274330</ele>
        <time>2026-05-03T10:09:40.000Z</time>
      </trkpt>
      <trkpt lat="50.951282" lon="14.087616">
        <ele>129.247330</ele>
        <time>2026-05-03T10:09:42.999Z</time>
      </trkpt>
      <trkpt lat="50.951207" lon="14.087705">
        <ele>129.224339</ele>
        <time>2026-05-03T10:09:45.999Z</time>
      </trkpt>
      <trkpt lat="50.951100" lon="14.087785">
        <ele>129.195300</ele>
        <time>2026-05-03T10:09:48.999Z</time>
      </trkpt>
      <trkpt lat="50.950997" lon="14.087795">
        <ele>129.169964</ele>
        <time>2026-05-03T10:09:51.999Z</time>
      </trkpt>
      <trkpt lat="50.950900" lon="14.087813">
        <ele>129.145986</ele>
        <time>2026-05-03T10:09:53.999Z</time>
      </trkpt>
      <trkpt lat="50.950784" lon="14.087847">
        <ele>129.117024</ele>
        <time>2026-05-03T10:09:56.999Z</time>
      </trkpt>
      <trkpt lat="50.950700" lon="14.087776">
        <ele>129.093658</ele>
        <time>2026-05-03T10:09:59.999Z</time>
      </trkpt>
      <trkpt lat="50.950605" lon="14.087745">
        <ele>129.069846</ele>
        <time>2026-05-03T10:10:03.999Z</time>
      </trkpt>
      <trkpt lat="50.950494" lon="14.087803">
        <ele>129.041154</ele>
        <time>2026-05-03T10:10:06.999Z</time>
      </trkpt>
      <trkpt lat="50.950378" lon="14.087816">
        <ele>129.280240</ele>
        <time>2026-05-03T10:10:09.999Z</time>
      </trkpt>
      <trkpt lat="50.950262" lon="14.087840">
        <ele>129.587085</ele>
        <time>2026-05-03T10:10:12.999Z</time>
      </trkpt>
      <trkpt lat="50.950159" lon="14.087879">
        <ele>129.864837</ele>
        <time>2026-05-03T10:10:15.999Z</time>
      </trkpt>
      <trkpt lat="50.950042" lon="14.087917">
        <ele>130.178090</ele>
        <time>2026-05-03T10:10:18.999Z</time>
      </trkpt>
      <trkpt lat="50.949935" lon="14.087914">
        <ele>130.458798</ele>
        <time>2026-05-03T10:10:21.999Z</time>
      </trkpt>
      <trkpt lat="50.949821" lon="14.087956">
        <ele>130.765773</ele>
        <time>2026-05-03T10:10:24.999Z</time>
      </trkpt>
      <trkpt lat="50.949710" lon="14.088011">
        <ele>131.070785</ele>
        <time>2026-05-03T10:10:27.999Z</time>
      </trkpt>
      <trkpt lat="50.949594" lon="14.087948">
        <ele>131.392375</ele>
        <time>2026-05-03T10:10:30.999Z</time>
      </trkpt>
      <trkpt lat="50.949486" lon="14.087961">
        <ele>131.676475</ele>
        <time>2026-05-03T10:10:35.999Z</time>
      </trkpt>
      <trkpt lat="50.949382" lon="14.088018">
        <ele>131.965075</ele>
        <time>2026-05-03T10:10:39.999Z</time>
      </trkpt>
      <trkpt lat="50.949275" lon="14.088027">
        <ele>132.246133</ele>
        <time>2026-05-03T10:10:43.999Z</time>
      </trkpt>
      <trkpt lat="50.949182" lon="14.088015">
        <ele>132.490879</ele>
        <time>2026-05-03T10:10:46.999Z</time>
      </trkpt>
      <trkpt lat="50.949077" lon="14.088033">
        <ele>132.767899</ele>
        <time>2026-05-03T10:10:50.000Z</time>
      </trkpt>
      <trkpt lat="50.948986" lon="14.088094">
        <ele>133.027008</ele>
        <time>2026-05-03T10:10:53.000Z</time>
      </trkpt>
      <trkpt lat="50.948889" lon="14.088073">
        <ele>133.283797</ele>
        <time>2026-05-03T10:10:56.000Z</time>
      </trkpt>
      <trkpt lat="50.948791" lon="14.088047">
        <ele>133.544420</ele>
        <time>2026-05-03T10:11:00.000Z</time>
      </trkpt>
      <trkpt lat="50.948703" lon="14.088095">
        <ele>133.697969</ele>
        <time>2026-05-03T10:11:03.000Z</time>
      </trkpt>
      <trkpt lat="50.948615" lon="14.088142">
        <ele>133.313219</ele>
        <time>2026-05-03T10:11:06.000Z</time>
      </trkpt>
      <trkpt lat="50.948525" lon="14.088175">
        <ele>132.930449</ele>
        <time>2026-05-03T10:11:10.000Z</time>
      </trkpt>
      <trkpt lat="50.948432" lon="14.088207">
        <ele>132.536119</ele>
        <time>2026-05-03T10:11:13.000Z</time>
      </trkpt>
      <trkpt lat="50.948339" lon="14.088200">
        <ele>132.150307</ele>
        <time>2026-05-03T10:11:16.000Z</time>
      </trkpt>
      <trkpt lat="50.948208" lon="14.088152">
        <ele>131.593185</ele>
        <time>2026-05-03T10:11:19.000Z</time>
      </trkpt>
      <trkpt lat="50.948104" lon="14.088152">
        <ele>131.162223</ele>
        <time>2026-05-03T10:11:23.000Z</time>
      </trkpt>
      <trkpt lat="50.948000" lon="14.088132">
        <ele>130.728110</ele>
        <time>2026-05-03T10:11:28.000Z</time>
      </trkpt>
      <trkpt lat="50.947892" lon="14.088129">
        <ele>130.280505</ele>
        <time>2026-05-03T10:11:33.000Z</time>
      </trkpt>
      <trkpt lat="50.947782" lon="14.088125">
        <ele>129.824561</ele>
        <time>2026-05-03T10:11:37.000Z</time>
      </trkpt>
      <trkpt lat="50.947661" lon="14.088121">
        <ele>129.323045</ele>
        <time>2026-05-03T10:11:42.000Z</time>
      </trkpt>
      <trkpt lat="50.947571" lon="14.088098">
        <ele>128.945294</ele>
        <time>2026-05-03T10:11:45.000Z</time>
      </trkpt>
      <trkpt lat="50.947457" lon="14.088138">
        <ele>128.461489</ele>
        <time>2026-05-03T10:11:48.999Z</time>
      </trkpt>
      <trkpt lat="50.947345" lon="14.088113">
        <ele>127.992810</ele>
        <time>2026-05-03T10:11:52.999Z</time>
      </trkpt>
      <trkpt lat="50.947254" lon="14.088070">
        <ele>127.599362</ele>
        <time>2026-05-03T10:11:57.999Z</time>
      </trkpt>
      <trkpt lat="50.947157" lon="14.088091">
        <ele>127.193686</ele>
        <time>2026-05-03T10:12:00.999Z</time>
      </trkpt>
      <trkpt lat="50.947062" lon="14.088133">
        <ele>126.785033</ele>
        <time>2026-05-03T10:12:04.999Z</time>
      </trkpt>
      <trkpt lat="50.946946" lon="14.088123">
        <ele>126.303636</ele>
        <time>2026-05-03T10:12:08.999Z</time>
      </trkpt>
      <trkpt lat="50.946912" lon="14.087970">
        <ele>125.711277</ele>
        <time>2026-05-03T10:12:11.999Z</time>
      </trkpt>
      <trkpt lat="50.946873" lon="14.087783">
        <ele>124.990336</ele>
        <time>2026-05-03T10:13:22.000Z</time>
      </trkpt>
      <trkpt lat="50.946903" lon="14.087622">
        <ele>124.375847</ele>
        <time>2026-05-03T10:13:26.000Z</time>
      </trkpt>
      <trkpt lat="50.946987" lon="14.087498">
        <ele>123.709452</ele>
        <time>2026-05-03T10:13:31.000Z</time>
      </trkpt>
      <trkpt lat="50.947240" lon="14.087586">
        <ele>122.204865</ele>
        <time>2026-05-03T10:13:32.000Z</time>
      </trkpt>
      <trkpt lat="50.947287" lon="14.087463">
        <ele>121.678364</ele>
        <time>2026-05-03T10:13:35.000Z</time>
      </trkpt>
      <trkpt lat="50.947232" lon="14.087346">
        <ele>121.144089</ele>
        <time>2026-05-03T10:13:38.000Z</time>
      </trkpt>
      <trkpt lat="50.947121" lon="14.087323">
        <ele>120.493803</ele>
        <time>2026-05-03T10:13:42.000Z</time>
      </trkpt>
      <trkpt lat="50.947032" lon="14.087294">
        <ele>119.966008</ele>
        <time>2026-05-03T10:13:45.000Z</time>
      </trkpt>
      <trkpt lat="50.946937" lon="14.087257">
        <ele>119.397768</ele>
        <time>2026-05-03T10:13:48.000Z</time>
      </trkpt>
      <trkpt lat="50.946838" lon="14.087181">
        <ele>118.758927</ele>
        <time>2026-05-03T10:13:51.000Z</time>
      </trkpt>
      <trkpt lat="50.946743" lon="14.087103">
        <ele>118.137593</ele>
        <time>2026-05-03T10:13:53.999Z</time>
      </trkpt>
      <trkpt lat="50.946648" lon="14.087018">
        <ele>117.504077</ele>
        <time>2026-05-03T10:13:56.999Z</time>
      </trkpt>
      <trkpt lat="50.946556" lon="14.086923">
        <ele>116.866486</ele>
        <time>2026-05-03T10:13:59.999Z</time>
      </trkpt>
      <trkpt lat="50.946465" lon="14.086836">
        <ele>116.249361</ele>
        <time>2026-05-03T10:14:02.999Z</time>
      </trkpt>
      <trkpt lat="50.946367" lon="14.086749">
        <ele>115.835788</ele>
        <time>2026-05-03T10:14:05.999Z</time>
      </trkpt>
      <trkpt lat="50.946270" lon="14.086649">
        <ele>115.794247</ele>
        <time>2026-05-03T10:14:08.999Z</time>
      </trkpt>
      <trkpt lat="50.946176" lon="14.086564">
        <ele>115.755393</ele>
        <time>2026-05-03T10:14:11.999Z</time>
      </trkpt>
      <trkpt lat="50.946083" lon="14.086485">
        <ele>115.717510</ele>
        <time>2026-05-03T10:14:14.999Z</time>
      </trkpt>
      <trkpt lat="50.945991" lon="14.086419">
        <ele>115.681251</ele>
        <time>2026-05-03T10:14:17.999Z</time>
      </trkpt>
      <trkpt lat="50.945894" lon="14.086363">
        <ele>115.644181</ele>
        <time>2026-05-03T10:14:20.999Z</time>
      </trkpt>
      <trkpt lat="50.945795" lon="14.086293">
        <ele>115.605257</ele>
        <time>2026-05-03T10:14:23.999Z</time>
      </trkpt>
      <trkpt lat="50.945696" lon="14.086210">
        <ele>115.565047</ele>
        <time>2026-05-03T10:14:26.999Z</time>
      </trkpt>
      <trkpt lat="50.945587" lon="14.086116">
        <ele>115.520495</ele>
        <time>2026-05-03T10:14:30.999Z</time>
      </trkpt>
      <trkpt lat="50.945499" lon="14.086055">
        <ele>115.486008</ele>
        <time>2026-05-03T10:14:33.999Z</time>
      </trkpt>
      <trkpt lat="50.945401" lon="14.085949">
        <ele>115.443416</ele>
        <time>2026-05-03T10:14:36.999Z</time>
      </trkpt>
      <trkpt lat="50.945310" lon="14.085849">
        <ele>115.403665</ele>
        <time>2026-05-03T10:14:39.999Z</time>
      </trkpt>
      <trkpt lat="50.945210" lon="14.085746">
        <ele>115.360851</ele>
        <time>2026-05-03T10:14:42.999Z</time>
      </trkpt>
      <trkpt lat="50.945115" lon="14.085637">
        <ele>115.318751</ele>
        <time>2026-05-03T10:14:45.999Z</time>
      </trkpt>
      <trkpt lat="50.945029" lon="14.085551">
        <ele>115.282245</ele>
        <time>2026-05-03T10:14:48.999Z</time>
      </trkpt>
      <trkpt lat="50.944925" lon="14.085447">
        <ele>115.238099</ele>
        <time>2026-05-03T10:14:52.999Z</time>
      </trkpt>
      <trkpt lat="50.944833" lon="14.085355">
        <ele>115.201923</ele>
        <time>2026-05-03T10:14:55.999Z</time>
      </trkpt>
      <trkpt lat="50.944743" lon="14.085242">
        <ele>115.178938</ele>
        <time>2026-05-03T10:14:58.999Z</time>
      </trkpt>
      <trkpt lat="50.944651" lon="14.085159">
        <ele>115.157742</ele>
        <time>2026-05-03T10:15:02.000Z</time>
      </trkpt>
      <trkpt lat="50.944575" lon="14.085077">
        <ele>115.139335</ele>
        <time>2026-05-03T10:15:05.000Z</time>
      </trkpt>
      <trkpt lat="50.944493" lon="14.084985">
        <ele>115.119221</ele>
        <time>2026-05-03T10:15:08.000Z</time>
      </trkpt>
      <trkpt lat="50.944412" lon="14.084899">
        <ele>115.099702</ele>
        <time>2026-05-03T10:15:11.000Z</time>
      </trkpt>
      <trkpt lat="50.944328" lon="14.084815">
        <ele>115.079816</ele>
        <time>2026-05-03T10:15:14.000Z</time>
      </trkpt>
      <trkpt lat="50.944246" lon="14.084720">
        <ele>115.059481</ele>
        <time>2026-05-03T10:15:17.000Z</time>
      </trkpt>
      <trkpt lat="50.944154" lon="14.084630">
        <ele>115.037834</ele>
        <time>2026-05-03T10:15:20.000Z</time>
      </trkpt>
      <trkpt lat="50.944065" lon="14.084527">
        <ele>115.015772</ele>
        <time>2026-05-03T10:15:23.000Z</time>
      </trkpt>
      <trkpt lat="50.943978" lon="14.084446">
        <ele>114.995569</ele>
        <time>2026-05-03T10:15:26.000Z</time>
      </trkpt>
      <trkpt lat="50.943897" lon="14.084361">
        <ele>114.976120</ele>
        <time>2026-05-03T10:15:29.000Z</time>
      </trkpt>
      <trkpt lat="50.943803" lon="14.084240">
        <ele>114.951878</ele>
        <time>2026-05-03T10:15:33.000Z</time>
      </trkpt>
      <trkpt lat="50.943728" lon="14.084153">
        <ele>114.933271</ele>
        <time>2026-05-03T10:15:36.000Z</time>
      </trkpt>
      <trkpt lat="50.943646" lon="14.084064">
        <ele>114.913373</ele>
        <time>2026-05-03T10:15:39.000Z</time>
      </trkpt>
      <trkpt lat="50.943568" lon="14.083970">
        <ele>114.893756</ele>
        <time>2026-05-03T10:15:42.000Z</time>
      </trkpt>
      <trkpt lat="50.943492" lon="14.083873">
        <ele>114.874222</ele>
        <time>2026-05-03T10:15:45.000Z</time>
      </trkpt>
      <trkpt lat="50.943416" lon="14.083785">
        <ele>114.855379</ele>
        <time>2026-05-03T10:15:48.000Z</time>
      </trkpt>
      <trkpt lat="50.943323" lon="14.083666">
        <ele>114.878576</ele>
        <time>2026-05-03T10:15:51.999Z</time>
      </trkpt>
      <trkpt lat="50.943231" lon="14.083558">
        <ele>114.933705</ele>
        <time>2026-05-03T10:15:55.999Z</time>
      </trkpt>
      <trkpt lat="50.943136" lon="14.083452">
        <ele>114.989650</ele>
        <time>2026-05-03T10:15:59.999Z</time>
      </trkpt>
      <trkpt lat="50.943062" lon="14.083358">
        <ele>115.035313</ele>
        <time>2026-05-03T10:16:02.999Z</time>
      </trkpt>
      <trkpt lat="50.942990" lon="14.083264">
        <ele>115.080228</ele>
        <time>2026-05-03T10:16:05.999Z</time>
      </trkpt>
      <trkpt lat="50.942923" lon="14.083166">
        <ele>115.124123</ele>
        <time>2026-05-03T10:16:08.999Z</time>
      </trkpt>
      <trkpt lat="50.942826" lon="14.083073">
        <ele>115.178719</ele>
        <time>2026-05-03T10:16:12.999Z</time>
      </trkpt>
      <trkpt lat="50.942750" lon="14.082976">
        <ele>115.225703</ele>
        <time>2026-05-03T10:16:15.999Z</time>
      </trkpt>
      <trkpt lat="50.942677" lon="14.082877">
        <ele>115.271963</ele>
        <time>2026-05-03T10:16:18.999Z</time>
      </trkpt>
      <trkpt lat="50.942609" lon="14.082783">
        <ele>115.315407</ele>
        <time>2026-05-03T10:16:21.999Z</time>
      </trkpt>
      <trkpt lat="50.942523" lon="14.082661">
        <ele>115.370977</ele>
        <time>2026-05-03T10:16:25.999Z</time>
      </trkpt>
      <trkpt lat="50.942449" lon="14.082566">
        <ele>115.416830</ele>
        <time>2026-05-03T10:16:28.999Z</time>
      </trkpt>
      <trkpt lat="50.942375" lon="14.082482">
        <ele>115.460661</ele>
        <time>2026-05-03T10:16:31.999Z</time>
      </trkpt>
      <trkpt lat="50.942274" lon="14.082382">
        <ele>115.518010</ele>
        <time>2026-05-03T10:16:35.999Z</time>
      </trkpt>
      <trkpt lat="50.942188" lon="14.082298">
        <ele>115.566659</ele>
        <time>2026-05-03T10:16:38.999Z</time>
      </trkpt>
      <trkpt lat="50.942112" lon="14.082210">
        <ele>115.611982</ele>
        <time>2026-05-03T10:16:41.999Z</time>
      </trkpt>
      <trkpt lat="50.942024" lon="14.082104">
        <ele>115.665205</ele>
        <time>2026-05-03T10:16:45.999Z</time>
      </trkpt>
      <trkpt lat="50.941941" lon="14.081997">
        <ele>115.718618</ele>
        <time>2026-05-03T10:16:49.999Z</time>
      </trkpt>
      <trkpt lat="50.941859" lon="14.081910">
        <ele>115.784454</ele>
        <time>2026-05-03T10:16:52.999Z</time>
      </trkpt>
      <trkpt lat="50.941765" lon="14.081799">
        <ele>115.862659</ele>
        <time>2026-05-03T10:16:56.999Z</time>
      </trkpt>
      <trkpt lat="50.941687" lon="14.081708">
        <ele>115.927275</ele>
        <time>2026-05-03T10:16:59.999Z</time>
      </trkpt>
      <trkpt lat="50.941595" lon="14.081603">
        <ele>116.002912</ele>
        <time>2026-05-03T10:17:03.999Z</time>
      </trkpt>
      <trkpt lat="50.941521" lon="14.081503">
        <ele>116.067785</ele>
        <time>2026-05-03T10:17:07.000Z</time>
      </trkpt>
      <trkpt lat="50.941428" lon="14.081401">
        <ele>116.143241</ele>
        <time>2026-05-03T10:17:11.000Z</time>
      </trkpt>
      <trkpt lat="50.941333" lon="14.081276">
        <ele>116.225609</ele>
        <time>2026-05-03T10:17:15.000Z</time>
      </trkpt>
      <trkpt lat="50.941267" lon="14.081174">
        <ele>116.287099</ele>
        <time>2026-05-03T10:17:18.000Z</time>
      </trkpt>
      <trkpt lat="50.941188" lon="14.081042">
        <ele>116.363666</ele>
        <time>2026-05-03T10:17:22.000Z</time>
      </trkpt>
      <trkpt lat="50.941114" lon="14.080880">
        <ele>116.447820</ele>
        <time>2026-05-03T10:17:26.000Z</time>
      </trkpt>
      <trkpt lat="50.941042" lon="14.080766">
        <ele>116.515706</ele>
        <time>2026-05-03T10:17:29.000Z</time>
      </trkpt>
      <trkpt lat="50.940969" lon="14.080662">
        <ele>116.581184</ele>
        <time>2026-05-03T10:17:32.000Z</time>
      </trkpt>
      <trkpt lat="50.940894" lon="14.080550">
        <ele>116.649922</ele>
        <time>2026-05-03T10:17:35.000Z</time>
      </trkpt>
      <trkpt lat="50.940819" lon="14.080458">
        <ele>116.713193</ele>
        <time>2026-05-03T10:17:38.000Z</time>
      </trkpt>
      <trkpt lat="50.940752" lon="14.080359">
        <ele>116.774296</ele>
        <time>2026-05-03T10:17:41.000Z</time>
      </trkpt>
      <trkpt lat="50.940662" lon="14.080241">
        <ele>116.852217</ele>
        <time>2026-05-03T10:17:45.000Z</time>
      </trkpt>
      <trkpt lat="50.940594" lon="14.080139">
        <ele>116.914584</ele>
        <time>2026-05-03T10:17:48.000Z</time>
      </trkpt>
      <trkpt lat="50.940522" lon="14.080032">
        <ele>116.977970</ele>
        <time>2026-05-03T10:17:51.000Z</time>
      </trkpt>
      <trkpt lat="50.940456" lon="14.079917">
        <ele>117.040955</ele>
        <time>2026-05-03T10:17:54.000Z</time>
      </trkpt>
      <trkpt lat="50.940385" lon="14.079803">
        <ele>117.105858</ele>
        <time>2026-05-03T10:17:57.000Z</time>
      </trkpt>
      <trkpt lat="50.940310" lon="14.079698">
        <ele>117.170126</ele>
        <time>2026-05-03T10:18:00.000Z</time>
      </trkpt>
      <trkpt lat="50.940244" lon="14.079566">
        <ele>117.238358</ele>
        <time>2026-05-03T10:18:02.999Z</time>
      </trkpt>
      <trkpt lat="50.940173" lon="14.079449">
        <ele>117.304130</ele>
        <time>2026-05-03T10:18:05.999Z</time>
      </trkpt>
      <trkpt lat="50.940096" lon="14.079327">
        <ele>117.374050</ele>
        <time>2026-05-03T10:18:08.999Z</time>
      </trkpt>
      <trkpt lat="50.940023" lon="14.079234">
        <ele>117.434205</ele>
        <time>2026-05-03T10:18:11.999Z</time>
      </trkpt>
      <trkpt lat="50.939963" lon="14.079123">
        <ele>117.493422</ele>
        <time>2026-05-03T10:18:14.999Z</time>
      </trkpt>
      <trkpt lat="50.939896" lon="14.079005">
        <ele>117.557739</ele>
        <time>2026-05-03T10:18:17.999Z</time>
      </trkpt>
      <trkpt lat="50.939826" lon="14.078879">
        <ele>117.625757</ele>
        <time>2026-05-03T10:18:20.999Z</time>
      </trkpt>
      <trkpt lat="50.939763" lon="14.078762">
        <ele>117.688074</ele>
        <time>2026-05-03T10:18:23.999Z</time>
      </trkpt>
      <trkpt lat="50.939699" lon="14.078648">
        <ele>117.749899</ele>
        <time>2026-05-03T10:18:26.999Z</time>
      </trkpt>
      <trkpt lat="50.939636" lon="14.078537">
        <ele>117.810390</ele>
        <time>2026-05-03T10:18:29.999Z</time>
      </trkpt>
      <trkpt lat="50.939546" lon="14.078426">
        <ele>117.883636</ele>
        <time>2026-05-03T10:18:33.999Z</time>
      </trkpt>
      <trkpt lat="50.939457" lon="14.078338">
        <ele>117.951020</ele>
        <time>2026-05-03T10:18:37.999Z</time>
      </trkpt>
      <trkpt lat="50.939369" lon="14.078209">
        <ele>118.028002</ele>
        <time>2026-05-03T10:18:42.999Z</time>
      </trkpt>
      <trkpt lat="50.939315" lon="14.078094">
        <ele>118.085407</ele>
        <time>2026-05-03T10:18:45.999Z</time>
      </trkpt>
      <trkpt lat="50.939250" lon="14.077955">
        <ele>118.152884</ele>
        <time>2026-05-03T10:18:49.999Z</time>
      </trkpt>
      <trkpt lat="50.939190" lon="14.077847">
        <ele>118.209012</ele>
        <time>2026-05-03T10:18:52.999Z</time>
      </trkpt>
      <trkpt lat="50.939131" lon="14.077735">
        <ele>118.265920</ele>
        <time>2026-05-03T10:18:55.999Z</time>
      </trkpt>
      <trkpt lat="50.939069" lon="14.077615">
        <ele>118.326414</ele>
        <time>2026-05-03T10:18:58.999Z</time>
      </trkpt>
      <trkpt lat="50.939008" lon="14.077497">
        <ele>118.385913</ele>
        <time>2026-05-03T10:19:01.999Z</time>
      </trkpt>
      <trkpt lat="50.938946" lon="14.077379">
        <ele>118.445806</ele>
        <time>2026-05-03T10:19:04.999Z</time>
      </trkpt>
      <trkpt lat="50.938871" lon="14.077234">
        <ele>118.518936</ele>
        <time>2026-05-03T10:19:08.999Z</time>
      </trkpt>
      <trkpt lat="50.938813" lon="14.077124">
        <ele>118.574849</ele>
        <time>2026-05-03T10:19:11.999Z</time>
      </trkpt>
      <trkpt lat="50.938755" lon="14.077009">
        <ele>118.632271</ele>
        <time>2026-05-03T10:19:15.000Z</time>
      </trkpt>
      <trkpt lat="50.938706" lon="14.076889">
        <ele>118.688014</ele>
        <time>2026-05-03T10:19:18.000Z</time>
      </trkpt>
      <trkpt lat="50.938656" lon="14.076762">
        <ele>118.746392</ele>
        <time>2026-05-03T10:19:21.000Z</time>
      </trkpt>
      <trkpt lat="50.938592" lon="14.076644">
        <ele>118.807085</ele>
        <time>2026-05-03T10:19:24.000Z</time>
      </trkpt>
      <trkpt lat="50.938512" lon="14.076500">
        <ele>118.881923</ele>
        <time>2026-05-03T10:19:28.000Z</time>
      </trkpt>
      <trkpt lat="50.938439" lon="14.076344">
        <ele>118.957672</ele>
        <time>2026-05-03T10:19:32.000Z</time>
      </trkpt>
      <trkpt lat="50.938393" lon="14.076222">
        <ele>119.013096</ele>
        <time>2026-05-03T10:19:35.000Z</time>
      </trkpt>
      <trkpt lat="50.938327" lon="14.076079">
        <ele>119.082196</ele>
        <time>2026-05-03T10:19:39.000Z</time>
      </trkpt>
      <trkpt lat="50.938280" lon="14.075912">
        <ele>119.153497</ele>
        <time>2026-05-03T10:19:43.000Z</time>
      </trkpt>
      <trkpt lat="50.938231" lon="14.075781">
        <ele>119.140428</ele>
        <time>2026-05-03T10:19:46.000Z</time>
      </trkpt>
      <trkpt lat="50.938168" lon="14.075626">
        <ele>119.049710</ele>
        <time>2026-05-03T10:19:50.000Z</time>
      </trkpt>
      <trkpt lat="50.938115" lon="14.075501">
        <ele>118.975608</ele>
        <time>2026-05-03T10:19:53.000Z</time>
      </trkpt>
      <trkpt lat="50.938064" lon="14.075381">
        <ele>118.904418</ele>
        <time>2026-05-03T10:19:56.000Z</time>
      </trkpt>
      <trkpt lat="50.938001" lon="14.075227">
        <ele>118.814113</ele>
        <time>2026-05-03T10:20:00.000Z</time>
      </trkpt>
      <trkpt lat="50.937961" lon="14.075087">
        <ele>118.738508</ele>
        <time>2026-05-03T10:20:03.000Z</time>
      </trkpt>
      <trkpt lat="50.937930" lon="14.074932">
        <ele>118.658524</ele>
        <time>2026-05-03T10:20:06.000Z</time>
      </trkpt>
      <trkpt lat="50.937887" lon="14.074782">
        <ele>118.577472</ele>
        <time>2026-05-03T10:20:08.999Z</time>
      </trkpt>
      <trkpt lat="50.937832" lon="14.074653">
        <ele>118.500866</ele>
        <time>2026-05-03T10:20:11.999Z</time>
      </trkpt>
      <trkpt lat="50.937772" lon="14.074529">
        <ele>118.423972</ele>
        <time>2026-05-03T10:20:14.999Z</time>
      </trkpt>
      <trkpt lat="50.937711" lon="14.074399">
        <ele>118.344253</ele>
        <time>2026-05-03T10:20:17.999Z</time>
      </trkpt>
      <trkpt lat="50.937653" lon="14.074277">
        <ele>118.269087</ele>
        <time>2026-05-03T10:20:20.999Z</time>
      </trkpt>
      <trkpt lat="50.937604" lon="14.074146">
        <ele>118.194159</ele>
        <time>2026-05-03T10:20:23.999Z</time>
      </trkpt>
      <trkpt lat="50.937555" lon="14.074004">
        <ele>118.114531</ele>
        <time>2026-05-03T10:20:26.999Z</time>
      </trkpt>
      <trkpt lat="50.937516" lon="14.073860">
        <ele>118.037440</ele>
        <time>2026-05-03T10:20:29.999Z</time>
      </trkpt>
      <trkpt lat="50.937484" lon="14.073701">
        <ele>117.955345</ele>
        <time>2026-05-03T10:20:32.999Z</time>
      </trkpt>
      <trkpt lat="50.937435" lon="14.073559">
        <ele>117.875716</ele>
        <time>2026-05-03T10:20:35.999Z</time>
      </trkpt>
      <trkpt lat="50.937380" lon="14.073416">
        <ele>117.793316</ele>
        <time>2026-05-03T10:20:38.999Z</time>
      </trkpt>
      <trkpt lat="50.937322" lon="14.073273">
        <ele>117.752948</ele>
        <time>2026-05-03T10:20:41.999Z</time>
      </trkpt>
      <trkpt lat="50.937257" lon="14.073139">
        <ele>117.723239</ele>
        <time>2026-05-03T10:20:44.999Z</time>
      </trkpt>
      <trkpt lat="50.937200" lon="14.072999">
        <ele>117.693955</ele>
        <time>2026-05-03T10:20:47.999Z</time>
      </trkpt>
      <trkpt lat="50.937152" lon="14.072843">
        <ele>117.663455</ele>
        <time>2026-05-03T10:20:50.999Z</time>
      </trkpt>
      <trkpt lat="50.937100" lon="14.072724">
        <ele>117.638014</ele>
        <time>2026-05-03T10:20:53.999Z</time>
      </trkpt>
      <trkpt lat="50.937043" lon="14.072603">
        <ele>117.611472</ele>
        <time>2026-05-03T10:20:57.999Z</time>
      </trkpt>
      <trkpt lat="50.937009" lon="14.072449">
        <ele>117.582804</ele>
        <time>2026-05-03T10:21:00.999Z</time>
      </trkpt>
      <trkpt lat="50.936982" lon="14.072273">
        <ele>117.550980</ele>
        <time>2026-05-03T10:21:03.999Z</time>
      </trkpt>
      <trkpt lat="50.936923" lon="14.072098">
        <ele>117.516110</ele>
        <time>2026-05-03T10:21:06.999Z</time>
      </trkpt>
      <trkpt lat="50.936889" lon="14.071925">
        <ele>117.484272</ele>
        <time>2026-05-03T10:21:09.999Z</time>
      </trkpt>
      <trkpt lat="50.936838" lon="14.071799">
        <ele>117.457962</ele>
        <time>2026-05-03T10:21:11.999Z</time>
      </trkpt>
      <trkpt lat="50.936789" lon="14.071618">
        <ele>117.423352</ele>
        <time>2026-05-03T10:21:14.999Z</time>
      </trkpt>
      <trkpt lat="50.936738" lon="14.071442">
        <ele>117.389319</ele>
        <time>2026-05-03T10:21:17.999Z</time>
      </trkpt>
      <trkpt lat="50.936683" lon="14.071262">
        <ele>117.354173</ele>
        <time>2026-05-03T10:21:21.000Z</time>
      </trkpt>
      <trkpt lat="50.936632" lon="14.071079">
        <ele>117.319018</ele>
        <time>2026-05-03T10:21:24.000Z</time>
      </trkpt>
      <trkpt lat="50.936581" lon="14.070888">
        <ele>117.282573</ele>
        <time>2026-05-03T10:21:27.000Z</time>
      </trkpt>
      <trkpt lat="50.936533" lon="14.070700">
        <ele>117.419505</ele>
        <time>2026-05-03T10:21:30.000Z</time>
      </trkpt>
      <trkpt lat="50.936478" lon="14.070521">
        <ele>117.595567</ele>
        <time>2026-05-03T10:21:33.000Z</time>
      </trkpt>
      <trkpt lat="50.936436" lon="14.070340">
        <ele>117.766092</ele>
        <time>2026-05-03T10:21:36.000Z</time>
      </trkpt>
      <trkpt lat="50.936377" lon="14.070179">
        <ele>117.930749</ele>
        <time>2026-05-03T10:21:39.000Z</time>
      </trkpt>
      <trkpt lat="50.936303" lon="14.070042">
        <ele>118.090274</ele>
        <time>2026-05-03T10:21:42.000Z</time>
      </trkpt>
      <trkpt lat="50.936233" lon="14.069911">
        <ele>118.242122</ele>
        <time>2026-05-03T10:21:45.000Z</time>
      </trkpt>
      <trkpt lat="50.936169" lon="14.069770">
        <ele>118.395750</ele>
        <time>2026-05-03T10:21:48.000Z</time>
      </trkpt>
      <trkpt lat="50.936111" lon="14.069638">
        <ele>118.538018</ele>
        <time>2026-05-03T10:21:51.000Z</time>
      </trkpt>
      <trkpt lat="50.936051" lon="14.069495">
        <ele>118.689904</ele>
        <time>2026-05-03T10:21:54.000Z</time>
      </trkpt>
      <trkpt lat="50.936007" lon="14.069334">
        <ele>118.845053</ele>
        <time>2026-05-03T10:21:57.000Z</time>
      </trkpt>
      <trkpt lat="50.935953" lon="14.069181">
        <ele>119.000091</ele>
        <time>2026-05-03T10:22:00.000Z</time>
      </trkpt>
      <trkpt lat="50.935897" lon="14.069014">
        <ele>119.167338</ele>
        <time>2026-05-03T10:22:03.000Z</time>
      </trkpt>
      <trkpt lat="50.935822" lon="14.068843">
        <ele>119.351532</ele>
        <time>2026-05-03T10:22:06.000Z</time>
      </trkpt>
      <trkpt lat="50.935793" lon="14.068707">
        <ele>119.478467</ele>
        <time>2026-05-03T10:22:08.000Z</time>
      </trkpt>
      <trkpt lat="50.935718" lon="14.068530">
        <ele>119.667040</ele>
        <time>2026-05-03T10:22:10.999Z</time>
      </trkpt>
      <trkpt lat="50.935668" lon="14.068402">
        <ele>119.799404</ele>
        <time>2026-05-03T10:22:12.999Z</time>
      </trkpt>
      <trkpt lat="50.935600" lon="14.068297">
        <ele>119.851479</ele>
        <time>2026-05-03T10:22:14.999Z</time>
      </trkpt>
      <trkpt lat="50.935519" lon="14.068216">
        <ele>119.904027</ele>
        <time>2026-05-03T10:22:16.999Z</time>
      </trkpt>
      <trkpt lat="50.935433" lon="14.068157">
        <ele>119.955450</ele>
        <time>2026-05-03T10:22:18.999Z</time>
      </trkpt>
      <trkpt lat="50.935342" lon="14.068125">
        <ele>120.006607</ele>
        <time>2026-05-03T10:22:20.999Z</time>
      </trkpt>
      <trkpt lat="50.935219" lon="14.068054">
        <ele>120.078443</ele>
        <time>2026-05-03T10:22:23.999Z</time>
      </trkpt>
      <trkpt lat="50.935149" lon="14.067959">
        <ele>120.128997</ele>
        <time>2026-05-03T10:22:25.999Z</time>
      </trkpt>
      <trkpt lat="50.935099" lon="14.067771">
        <ele>120.199576</ele>
        <time>2026-05-03T10:22:28.999Z</time>
      </trkpt>
      <trkpt lat="50.935034" lon="14.067587">
        <ele>120.272536</ele>
        <time>2026-05-03T10:22:31.999Z</time>
      </trkpt>
      <trkpt lat="50.934989" lon="14.067460">
        <ele>120.322930</ele>
        <time>2026-05-03T10:22:33.999Z</time>
      </trkpt>
      <trkpt lat="50.934934" lon="14.067334">
        <ele>120.375945</ele>
        <time>2026-05-03T10:22:35.999Z</time>
      </trkpt>
      <trkpt lat="50.934890" lon="14.067206">
        <ele>120.426376</ele>
        <time>2026-05-03T10:22:37.999Z</time>
      </trkpt>
      <trkpt lat="50.934849" lon="14.067077">
        <ele>120.476348</ele>
        <time>2026-05-03T10:22:39.999Z</time>
      </trkpt>
      <trkpt lat="50.934825" lon="14.066938">
        <ele>120.526198</ele>
        <time>2026-05-03T10:22:41.999Z</time>
      </trkpt>
      <trkpt lat="50.934771" lon="14.066811">
        <ele>120.579188</ele>
        <time>2026-05-03T10:22:43.999Z</time>
      </trkpt>
      <trkpt lat="50.934730" lon="14.066680">
        <ele>120.629779</ele>
        <time>2026-05-03T10:22:45.999Z</time>
      </trkpt>
      <trkpt lat="50.934690" lon="14.066543">
        <ele>120.682004</ele>
        <time>2026-05-03T10:22:47.999Z</time>
      </trkpt>
      <trkpt lat="50.934661" lon="14.066402">
        <ele>120.733306</ele>
        <time>2026-05-03T10:22:49.999Z</time>
      </trkpt>
      <trkpt lat="50.934604" lon="14.066281">
        <ele>120.785558</ele>
        <time>2026-05-03T10:22:51.999Z</time>
      </trkpt>
      <trkpt lat="50.934564" lon="14.066144">
        <ele>120.833631</ele>
        <time>2026-05-03T10:22:53.999Z</time>
      </trkpt>
      <trkpt lat="50.934518" lon="14.066006">
        <ele>120.883292</ele>
        <time>2026-05-03T10:22:55.999Z</time>
      </trkpt>
      <trkpt lat="50.934471" lon="14.065861">
        <ele>120.935161</ele>
        <time>2026-05-03T10:22:57.999Z</time>
      </trkpt>
      <trkpt lat="50.934435" lon="14.065710">
        <ele>120.986518</ele>
        <time>2026-05-03T10:22:59.999Z</time>
      </trkpt>
      <trkpt lat="50.934374" lon="14.065582">
        <ele>121.037567</ele>
        <time>2026-05-03T10:23:01.999Z</time>
      </trkpt>
      <trkpt lat="50.934331" lon="14.065438">
        <ele>121.088257</ele>
        <time>2026-05-03T10:23:03.999Z</time>
      </trkpt>
      <trkpt lat="50.934300" lon="14.065282">
        <ele>121.140290</ele>
        <time>2026-05-03T10:23:05.999Z</time>
      </trkpt>
      <trkpt lat="50.934240" lon="14.065144">
        <ele>121.193623</ele>
        <time>2026-05-03T10:23:07.999Z</time>
      </trkpt>
      <trkpt lat="50.934164" lon="14.065033">
        <ele>121.245762</ele>
        <time>2026-05-03T10:23:09.999Z</time>
      </trkpt>
      <trkpt lat="50.934094" lon="14.064931">
        <ele>121.293734</ele>
        <time>2026-05-03T10:23:11.999Z</time>
      </trkpt>
      <trkpt lat="50.934030" lon="14.064830">
        <ele>121.339296</ele>
        <time>2026-05-03T10:23:13.999Z</time>
      </trkpt>
      <trkpt lat="50.933973" lon="14.064712">
        <ele>121.386591</ele>
        <time>2026-05-03T10:23:15.999Z</time>
      </trkpt>
      <trkpt lat="50.933900" lon="14.064627">
        <ele>121.432296</ele>
        <time>2026-05-03T10:23:17.999Z</time>
      </trkpt>
      <trkpt lat="50.933848" lon="14.064503">
        <ele>121.479676</ele>
        <time>2026-05-03T10:23:19.999Z</time>
      </trkpt>
      <trkpt lat="50.933774" lon="14.064412">
        <ele>121.526934</ele>
        <time>2026-05-03T10:23:21.999Z</time>
      </trkpt>
      <trkpt lat="50.933712" lon="14.064302">
        <ele>121.573879</ele>
        <time>2026-05-03T10:23:23.999Z</time>
      </trkpt>
      <trkpt lat="50.933642" lon="14.064128">
        <ele>121.639547</ele>
        <time>2026-05-03T10:23:27.000Z</time>
      </trkpt>
      <trkpt lat="50.933552" lon="14.063982">
        <ele>121.697433</ele>
        <time>2026-05-03T10:23:30.000Z</time>
      </trkpt>
      <trkpt lat="50.933473" lon="14.063819">
        <ele>121.718891</ele>
        <time>2026-05-03T10:23:33.000Z</time>
      </trkpt>
      <trkpt lat="50.933390" lon="14.063669">
        <ele>121.739721</ele>
        <time>2026-05-03T10:23:36.000Z</time>
      </trkpt>
      <trkpt lat="50.933313" lon="14.063507">
        <ele>121.760895</ele>
        <time>2026-05-03T10:23:39.000Z</time>
      </trkpt>
      <trkpt lat="50.933223" lon="14.063358">
        <ele>121.782433</ele>
        <time>2026-05-03T10:23:42.000Z</time>
      </trkpt>
      <trkpt lat="50.933129" lon="14.063224">
        <ele>121.803356</ele>
        <time>2026-05-03T10:23:45.000Z</time>
      </trkpt>
      <trkpt lat="50.933047" lon="14.063092">
        <ele>121.822698</ele>
        <time>2026-05-03T10:23:48.000Z</time>
      </trkpt>
      <trkpt lat="50.932965" lon="14.062957">
        <ele>121.842264</ele>
        <time>2026-05-03T10:23:51.000Z</time>
      </trkpt>
      <trkpt lat="50.932881" lon="14.062818">
        <ele>121.862361</ele>
        <time>2026-05-03T10:23:54.000Z</time>
      </trkpt>
      <trkpt lat="50.932801" lon="14.062674">
        <ele>121.882393</ele>
        <time>2026-05-03T10:23:57.000Z</time>
      </trkpt>
      <trkpt lat="50.932721" lon="14.062534">
        <ele>121.902114</ele>
        <time>2026-05-03T10:24:00.000Z</time>
      </trkpt>
      <trkpt lat="50.932643" lon="14.062392">
        <ele>121.921771</ele>
        <time>2026-05-03T10:24:03.000Z</time>
      </trkpt>
      <trkpt lat="50.932557" lon="14.062252">
        <ele>121.942173</ele>
        <time>2026-05-03T10:24:06.000Z</time>
      </trkpt>
      <trkpt lat="50.932478" lon="14.062109">
        <ele>121.962017</ele>
        <time>2026-05-03T10:24:09.000Z</time>
      </trkpt>
      <trkpt lat="50.932392" lon="14.061960">
        <ele>121.983102</ele>
        <time>2026-05-03T10:24:12.000Z</time>
      </trkpt>
      <trkpt lat="50.932304" lon="14.061808">
        <ele>121.985588</ele>
        <time>2026-05-03T10:24:15.000Z</time>
      </trkpt>
      <trkpt lat="50.932253" lon="14.061690">
        <ele>121.978364</ele>
        <time>2026-05-03T10:24:16.999Z</time>
      </trkpt>
      <trkpt lat="50.932151" lon="14.061554">
        <ele>121.967692</ele>
        <time>2026-05-03T10:24:19.999Z</time>
      </trkpt>
      <trkpt lat="50.932085" lon="14.061450">
        <ele>121.960241</ele>
        <time>2026-05-03T10:24:21.999Z</time>
      </trkpt>
      <trkpt lat="50.931978" lon="14.061330">
        <ele>121.949745</ele>
        <time>2026-05-03T10:24:24.999Z</time>
      </trkpt>
      <trkpt lat="50.931881" lon="14.061200">
        <ele>121.939574</ele>
        <time>2026-05-03T10:24:27.999Z</time>
      </trkpt>
      <trkpt lat="50.931793" lon="14.061051">
        <ele>121.929264</ele>
        <time>2026-05-03T10:24:30.999Z</time>
      </trkpt>
      <trkpt lat="50.931687" lon="14.060941">
        <ele>121.919119</ele>
        <time>2026-05-03T10:24:33.999Z</time>
      </trkpt>
      <trkpt lat="50.931584" lon="14.060805">
        <ele>121.908384</ele>
        <time>2026-05-03T10:24:36.999Z</time>
      </trkpt>
      <trkpt lat="50.931514" lon="14.060717">
        <ele>121.901230</ele>
        <time>2026-05-03T10:24:38.999Z</time>
      </trkpt>
      <trkpt lat="50.931409" lon="14.060597">
        <ele>121.890865</ele>
        <time>2026-05-03T10:24:41.999Z</time>
      </trkpt>
      <trkpt lat="50.931301" lon="14.060480">
        <ele>121.880389</ele>
        <time>2026-05-03T10:24:44.999Z</time>
      </trkpt>
      <trkpt lat="50.931194" lon="14.060355">
        <ele>121.869745</ele>
        <time>2026-05-03T10:24:47.999Z</time>
      </trkpt>
      <trkpt lat="50.931091" lon="14.060239">
        <ele>121.859627</ele>
        <time>2026-05-03T10:24:50.999Z</time>
      </trkpt>
      <trkpt lat="50.930987" lon="14.060122">
        <ele>121.849415</ele>
        <time>2026-05-03T10:24:53.999Z</time>
      </trkpt>
      <trkpt lat="50.930911" lon="14.060044">
        <ele>121.888700</ele>
        <time>2026-05-03T10:24:55.999Z</time>
      </trkpt>
      <trkpt lat="50.930820" lon="14.060007">
        <ele>121.944210</ele>
        <time>2026-05-03T10:24:57.999Z</time>
      </trkpt>
      <trkpt lat="50.930745" lon="14.059927">
        <ele>121.997611</ele>
        <time>2026-05-03T10:24:59.999Z</time>
      </trkpt>
      <trkpt lat="50.930628" lon="14.059833">
        <ele>122.075104</ele>
        <time>2026-05-03T10:25:02.999Z</time>
      </trkpt>
      <trkpt lat="50.930505" lon="14.059757">
        <ele>122.153102</ele>
        <time>2026-05-03T10:25:05.999Z</time>
      </trkpt>
      <trkpt lat="50.930390" lon="14.059707">
        <ele>122.223560</ele>
        <time>2026-05-03T10:25:08.999Z</time>
      </trkpt>
      <trkpt lat="50.930266" lon="14.059653">
        <ele>122.299542</ele>
        <time>2026-05-03T10:25:11.999Z</time>
      </trkpt>
      <trkpt lat="50.930178" lon="14.059614">
        <ele>122.353531</ele>
        <time>2026-05-03T10:25:13.999Z</time>
      </trkpt>
      <trkpt lat="50.930091" lon="14.059572">
        <ele>122.407267</ele>
        <time>2026-05-03T10:25:15.999Z</time>
      </trkpt>
      <trkpt lat="50.930001" lon="14.059537">
        <ele>122.462022</ele>
        <time>2026-05-03T10:25:17.999Z</time>
      </trkpt>
      <trkpt lat="50.929872" lon="14.059501">
        <ele>122.539418</ele>
        <time>2026-05-03T10:25:20.999Z</time>
      </trkpt>
      <trkpt lat="50.929748" lon="14.059466">
        <ele>122.613840</ele>
        <time>2026-05-03T10:25:23.999Z</time>
      </trkpt>
      <trkpt lat="50.929625" lon="14.059435">
        <ele>122.687432</ele>
        <time>2026-05-03T10:25:26.999Z</time>
      </trkpt>
      <trkpt lat="50.929504" lon="14.059421">
        <ele>122.759121</ele>
        <time>2026-05-03T10:25:29.999Z</time>
      </trkpt>
      <trkpt lat="50.929381" lon="14.059410">
        <ele>122.831917</ele>
        <time>2026-05-03T10:25:33.000Z</time>
      </trkpt>
      <trkpt lat="50.929262" lon="14.059405">
        <ele>122.902259</ele>
        <time>2026-05-03T10:25:36.000Z</time>
      </trkpt>
      <trkpt lat="50.929149" lon="14.059401">
        <ele>122.925439</ele>
        <time>2026-05-03T10:25:39.000Z</time>
      </trkpt>
      <trkpt lat="50.929041" lon="14.059407">
        <ele>122.941702</ele>
        <time>2026-05-03T10:25:42.000Z</time>
      </trkpt>
      <trkpt lat="50.928937" lon="14.059437">
        <ele>122.957609</ele>
        <time>2026-05-03T10:25:45.000Z</time>
      </trkpt>
      <trkpt lat="50.928831" lon="14.059477">
        <ele>122.974006</ele>
        <time>2026-05-03T10:25:48.000Z</time>
      </trkpt>
      <trkpt lat="50.928735" lon="14.059504">
        <ele>122.988678</ele>
        <time>2026-05-03T10:25:51.000Z</time>
      </trkpt>
      <trkpt lat="50.928640" lon="14.059541">
        <ele>123.003399</ele>
        <time>2026-05-03T10:25:54.000Z</time>
      </trkpt>
      <trkpt lat="50.928547" lon="14.059572">
        <ele>123.017701</ele>
        <time>2026-05-03T10:25:57.000Z</time>
      </trkpt>
      <trkpt lat="50.928452" lon="14.059609">
        <ele>123.032422</ele>
        <time>2026-05-03T10:26:00.000Z</time>
      </trkpt>
      <trkpt lat="50.928340" lon="14.059652">
        <ele>123.049763</ele>
        <time>2026-05-03T10:26:04.000Z</time>
      </trkpt>
      <trkpt lat="50.928245" lon="14.059694">
        <ele>123.064604</ele>
        <time>2026-05-03T10:26:08.000Z</time>
      </trkpt>
      <trkpt lat="50.928146" lon="14.059732">
        <ele>123.079932</ele>
        <time>2026-05-03T10:26:11.000Z</time>
      </trkpt>
      <trkpt lat="50.928027" lon="14.059770">
        <ele>123.098200</ele>
        <time>2026-05-03T10:26:14.000Z</time>
      </trkpt>
      <trkpt lat="50.927937" lon="14.059795">
        <ele>123.111950</ele>
        <time>2026-05-03T10:26:16.000Z</time>
      </trkpt>
      <trkpt lat="50.927842" lon="14.059831">
        <ele>123.126649</ele>
        <time>2026-05-03T10:26:18.000Z</time>
      </trkpt>
      <trkpt lat="50.927739" lon="14.059870">
        <ele>123.142584</ele>
        <time>2026-05-03T10:26:20.000Z</time>
      </trkpt>
      <trkpt lat="50.927641" lon="14.059905">
        <ele>123.157701</ele>
        <time>2026-05-03T10:26:22.000Z</time>
      </trkpt>
      <trkpt lat="50.927544" lon="14.059960">
        <ele>123.173203</ele>
        <time>2026-05-03T10:26:24.000Z</time>
      </trkpt>
      <trkpt lat="50.927450" lon="14.060008">
        <ele>123.226833</ele>
        <time>2026-05-03T10:26:25.999Z</time>
      </trkpt>
      <trkpt lat="50.927360" lon="14.060064">
        <ele>123.323741</ele>
        <time>2026-05-03T10:26:27.999Z</time>
      </trkpt>
      <trkpt lat="50.927238" lon="14.060157">
        <ele>123.459420</ele>
        <time>2026-05-03T10:26:30.999Z</time>
      </trkpt>
      <trkpt lat="50.927124" lon="14.060256">
        <ele>123.589695</ele>
        <time>2026-05-03T10:26:33.999Z</time>
      </trkpt>
      <trkpt lat="50.927048" lon="14.060334">
        <ele>123.680430</ele>
        <time>2026-05-03T10:26:35.999Z</time>
      </trkpt>
      <trkpt lat="50.926960" lon="14.060418">
        <ele>123.783378</ele>
        <time>2026-05-03T10:26:38.999Z</time>
      </trkpt>
      <trkpt lat="50.926862" lon="14.060514">
        <ele>123.898832</ele>
        <time>2026-05-03T10:26:41.999Z</time>
      </trkpt>
      <trkpt lat="50.926764" lon="14.060612">
        <ele>124.014955</ele>
        <time>2026-05-03T10:26:44.999Z</time>
      </trkpt>
      <trkpt lat="50.926665" lon="14.060713">
        <ele>124.132942</ele>
        <time>2026-05-03T10:26:47.999Z</time>
      </trkpt>
      <trkpt lat="50.926573" lon="14.060814">
        <ele>124.245091</ele>
        <time>2026-05-03T10:26:50.999Z</time>
      </trkpt>
      <trkpt lat="50.926476" lon="14.060919">
        <ele>124.362802</ele>
        <time>2026-05-03T10:26:53.999Z</time>
      </trkpt>
      <trkpt lat="50.926373" lon="14.061032">
        <ele>124.488333</ele>
        <time>2026-05-03T10:26:56.999Z</time>
      </trkpt>
      <trkpt lat="50.926267" lon="14.061146">
        <ele>124.616702</ele>
        <time>2026-05-03T10:26:59.999Z</time>
      </trkpt>
      <trkpt lat="50.926165" lon="14.061260">
        <ele>124.741773</ele>
        <time>2026-05-03T10:27:02.999Z</time>
      </trkpt>
      <trkpt lat="50.926067" lon="14.061371">
        <ele>124.862477</ele>
        <time>2026-05-03T10:27:05.999Z</time>
      </trkpt>
      <trkpt lat="50.925967" lon="14.061490">
        <ele>124.985483</ele>
        <time>2026-05-03T10:27:08.999Z</time>
      </trkpt>
      <trkpt lat="50.925876" lon="14.061609">
        <ele>125.027681</ele>
        <time>2026-05-03T10:27:11.999Z</time>
      </trkpt>
      <trkpt lat="50.925786" lon="14.061724">
        <ele>125.069032</ele>
        <time>2026-05-03T10:27:14.999Z</time>
      </trkpt>
      <trkpt lat="50.925696" lon="14.061839">
        <ele>125.110382</ele>
        <time>2026-05-03T10:27:17.999Z</time>
      </trkpt>
      <trkpt lat="50.925613" lon="14.061957">
        <ele>125.150262</ele>
        <time>2026-05-03T10:27:20.999Z</time>
      </trkpt>
      <trkpt lat="50.925535" lon="14.062074">
        <ele>125.188672</ele>
        <time>2026-05-03T10:27:23.999Z</time>
      </trkpt>
      <trkpt lat="50.925458" lon="14.062198">
        <ele>125.227932</ele>
        <time>2026-05-03T10:27:26.999Z</time>
      </trkpt>
      <trkpt lat="50.925388" lon="14.062316">
        <ele>125.264480</ele>
        <time>2026-05-03T10:27:29.999Z</time>
      </trkpt>
      <trkpt lat="50.925323" lon="14.062431">
        <ele>125.299319</ele>
        <time>2026-05-03T10:27:32.999Z</time>
      </trkpt>
      <trkpt lat="50.925257" lon="14.062543">
        <ele>125.333900</ele>
        <time>2026-05-03T10:27:35.999Z</time>
      </trkpt>
      <trkpt lat="50.925183" lon="14.062670">
        <ele>125.372909</ele>
        <time>2026-05-03T10:27:40.000Z</time>
      </trkpt>
      <trkpt lat="50.925110" lon="14.062801">
        <ele>125.412346</ele>
        <time>2026-05-03T10:27:44.000Z</time>
      </trkpt>
      <trkpt lat="50.925024" lon="14.062931">
        <ele>125.454852</ele>
        <time>2026-05-03T10:27:48.000Z</time>
      </trkpt>
      <trkpt lat="50.924952" lon="14.063028">
        <ele>125.488651</ele>
        <time>2026-05-03T10:27:51.000Z</time>
      </trkpt>
      <trkpt lat="50.924873" lon="14.063131">
        <ele>125.525241</ele>
        <time>2026-05-03T10:27:54.000Z</time>
      </trkpt>
      <trkpt lat="50.924801" lon="14.063226">
        <ele>125.558750</ele>
        <time>2026-05-03T10:27:57.000Z</time>
      </trkpt>
      <trkpt lat="50.924718" lon="14.063345">
        <ele>125.598781</ele>
        <time>2026-05-03T10:28:00.000Z</time>
      </trkpt>
      <trkpt lat="50.924638" lon="14.063456">
        <ele>125.580652</ele>
        <time>2026-05-03T10:28:03.000Z</time>
      </trkpt>
      <trkpt lat="50.924546" lon="14.063581">
        <ele>125.353755</ele>
        <time>2026-05-03T10:28:07.000Z</time>
      </trkpt>
      <trkpt lat="50.924484" lon="14.063705">
        <ele>125.166875</ele>
        <time>2026-05-03T10:28:10.000Z</time>
      </trkpt>
      <trkpt lat="50.924426" lon="14.063832">
        <ele>124.981699</ele>
        <time>2026-05-03T10:28:13.000Z</time>
      </trkpt>
      <trkpt lat="50.924348" lon="14.063957">
        <ele>124.774018</ele>
        <time>2026-05-03T10:28:16.000Z</time>
      </trkpt>
      <trkpt lat="50.924280" lon="14.064056">
        <ele>124.601134</ele>
        <time>2026-05-03T10:28:18.000Z</time>
      </trkpt>
      <trkpt lat="50.924207" lon="14.064184">
        <ele>124.397319</ele>
        <time>2026-05-03T10:28:20.000Z</time>
      </trkpt>
      <trkpt lat="50.924121" lon="14.064318">
        <ele>124.171520</ele>
        <time>2026-05-03T10:28:22.000Z</time>
      </trkpt>
      <trkpt lat="50.924035" lon="14.064452">
        <ele>123.945722</ele>
        <time>2026-05-03T10:28:24.000Z</time>
      </trkpt>
      <trkpt lat="50.923947" lon="14.064584">
        <ele>123.718864</ele>
        <time>2026-05-03T10:28:26.000Z</time>
      </trkpt>
      <trkpt lat="50.923860" lon="14.064716">
        <ele>123.493363</ele>
        <time>2026-05-03T10:28:28.000Z</time>
      </trkpt>
      <trkpt lat="50.923771" lon="14.064846">
        <ele>123.266746</ele>
        <time>2026-05-03T10:28:30.000Z</time>
      </trkpt>
      <trkpt lat="50.923680" lon="14.064982">
        <ele>123.032559</ele>
        <time>2026-05-03T10:28:31.999Z</time>
      </trkpt>
      <trkpt lat="50.923591" lon="14.065118">
        <ele>122.801085</ele>
        <time>2026-05-03T10:28:33.999Z</time>
      </trkpt>
      <trkpt lat="50.923512" lon="14.065265">
        <ele>122.572993</ele>
        <time>2026-05-03T10:28:35.999Z</time>
      </trkpt>
      <trkpt lat="50.923444" lon="14.065420">
        <ele>122.350011</ele>
        <time>2026-05-03T10:28:37.999Z</time>
      </trkpt>
      <trkpt lat="50.923384" lon="14.065573">
        <ele>122.269817</ele>
        <time>2026-05-03T10:28:39.999Z</time>
      </trkpt>
      <trkpt lat="50.923325" lon="14.065724">
        <ele>122.289157</ele>
        <time>2026-05-03T10:28:41.999Z</time>
      </trkpt>
      <trkpt lat="50.923272" lon="14.065879">
        <ele>122.308354</ele>
        <time>2026-05-03T10:28:43.999Z</time>
      </trkpt>
      <trkpt lat="50.923222" lon="14.066024">
        <ele>122.326347</ele>
        <time>2026-05-03T10:28:45.999Z</time>
      </trkpt>
      <trkpt lat="50.923173" lon="14.066173">
        <ele>122.344642</ele>
        <time>2026-05-03T10:28:47.999Z</time>
      </trkpt>
      <trkpt lat="50.923121" lon="14.066315">
        <ele>122.362520</ele>
        <time>2026-05-03T10:28:49.999Z</time>
      </trkpt>
      <trkpt lat="50.923062" lon="14.066450">
        <ele>122.380403</ele>
        <time>2026-05-03T10:28:51.999Z</time>
      </trkpt>
      <trkpt lat="50.923002" lon="14.066571">
        <ele>122.397163</ele>
        <time>2026-05-03T10:28:53.999Z</time>
      </trkpt>
      <trkpt lat="50.922940" lon="14.066684">
        <ele>122.413472</ele>
        <time>2026-05-03T10:28:55.999Z</time>
      </trkpt>
      <trkpt lat="50.922879" lon="14.066792">
        <ele>122.429259</ele>
        <time>2026-05-03T10:28:57.999Z</time>
      </trkpt>
      <trkpt lat="50.922818" lon="14.066900">
        <ele>122.445046</ele>
        <time>2026-05-03T10:28:59.999Z</time>
      </trkpt>
      <trkpt lat="50.922741" lon="14.067039">
        <ele>122.465191</ele>
        <time>2026-05-03T10:29:02.999Z</time>
      </trkpt>
      <trkpt lat="50.922664" lon="14.067140">
        <ele>122.482446</ele>
        <time>2026-05-03T10:29:05.999Z</time>
      </trkpt>
      <trkpt lat="50.922567" lon="14.067247">
        <ele>122.502850</ele>
        <time>2026-05-03T10:29:08.999Z</time>
      </trkpt>
      <trkpt lat="50.922481" lon="14.067382">
        <ele>122.523744</ele>
        <time>2026-05-03T10:29:11.999Z</time>
      </trkpt>
      <trkpt lat="50.922399" lon="14.067510">
        <ele>122.543612</ele>
        <time>2026-05-03T10:29:14.999Z</time>
      </trkpt>
      <trkpt lat="50.922325" lon="14.067645">
        <ele>122.563089</ele>
        <time>2026-05-03T10:29:17.999Z</time>
      </trkpt>
      <trkpt lat="50.922262" lon="14.067801">
        <ele>122.549167</ele>
        <time>2026-05-03T10:29:20.999Z</time>
      </trkpt>
      <trkpt lat="50.922216" lon="14.067976">
        <ele>122.519559</ele>
        <time>2026-05-03T10:29:23.999Z</time>
      </trkpt>
      <trkpt lat="50.922189" lon="14.068155">
        <ele>122.490818</ele>
        <time>2026-05-03T10:29:26.999Z</time>
      </trkpt>
      <trkpt lat="50.922158" lon="14.068343">
        <ele>122.460472</ele>
        <time>2026-05-03T10:29:29.999Z</time>
      </trkpt>
      <trkpt lat="50.922130" lon="14.068536">
        <ele>122.429546</ele>
        <time>2026-05-03T10:29:32.999Z</time>
      </trkpt>
      <trkpt lat="50.922095" lon="14.068713">
        <ele>122.400578</ele>
        <time>2026-05-03T10:29:35.999Z</time>
      </trkpt>
      <trkpt lat="50.922070" lon="14.068902">
        <ele>122.370421</ele>
        <time>2026-05-03T10:29:38.999Z</time>
      </trkpt>
      <trkpt lat="50.922037" lon="14.069079">
        <ele>122.341597</ele>
        <time>2026-05-03T10:29:41.999Z</time>
      </trkpt>
      <trkpt lat="50.922008" lon="14.069276">
        <ele>122.310006</ele>
        <time>2026-05-03T10:29:45.000Z</time>
      </trkpt>
      <trkpt lat="50.921972" lon="14.069465">
        <ele>122.279174</ele>
        <time>2026-05-03T10:29:48.000Z</time>
      </trkpt>
      <trkpt lat="50.921941" lon="14.069653">
        <ele>122.248828</ele>
        <time>2026-05-03T10:29:51.000Z</time>
      </trkpt>
      <trkpt lat="50.921908" lon="14.069846">
        <ele>122.217601</ele>
        <time>2026-05-03T10:29:54.000Z</time>
      </trkpt>
      <trkpt lat="50.921875" lon="14.070038">
        <ele>122.186524</ele>
        <time>2026-05-03T10:29:57.000Z</time>
      </trkpt>
      <trkpt lat="50.921843" lon="14.070231">
        <ele>122.155360</ele>
        <time>2026-05-03T10:30:00.000Z</time>
      </trkpt>
      <trkpt lat="50.921808" lon="14.070430">
        <ele>122.122251</ele>
        <time>2026-05-03T10:30:03.000Z</time>
      </trkpt>
      <trkpt lat="50.921780" lon="14.070624">
        <ele>122.046774</ele>
        <time>2026-05-03T10:30:06.000Z</time>
      </trkpt>
      <trkpt lat="50.921750" lon="14.070823">
        <ele>121.969175</ele>
        <time>2026-05-03T10:30:09.000Z</time>
      </trkpt>
      <trkpt lat="50.921714" lon="14.071023">
        <ele>121.890294</ele>
        <time>2026-05-03T10:30:12.000Z</time>
      </trkpt>
      <trkpt lat="50.921679" lon="14.071218">
        <ele>121.813402</ele>
        <time>2026-05-03T10:30:15.000Z</time>
      </trkpt>
      <trkpt lat="50.921625" lon="14.071410">
        <ele>121.733668</ele>
        <time>2026-05-03T10:30:18.000Z</time>
      </trkpt>
      <trkpt lat="50.921585" lon="14.071549">
        <ele>121.675719</ele>
        <time>2026-05-03T10:30:20.000Z</time>
      </trkpt>
      <trkpt lat="50.921540" lon="14.071690">
        <ele>121.615782</ele>
        <time>2026-05-03T10:30:22.000Z</time>
      </trkpt>
      <trkpt lat="50.921495" lon="14.071831">
        <ele>121.555846</ele>
        <time>2026-05-03T10:30:24.000Z</time>
      </trkpt>
      <trkpt lat="50.921459" lon="14.071976">
        <ele>121.496743</ele>
        <time>2026-05-03T10:30:26.000Z</time>
      </trkpt>
      <trkpt lat="50.921403" lon="14.072171">
        <ele>121.415477</ele>
        <time>2026-05-03T10:30:29.000Z</time>
      </trkpt>
      <trkpt lat="50.921361" lon="14.072311">
        <ele>121.356676</ele>
        <time>2026-05-03T10:30:31.000Z</time>
      </trkpt>
      <trkpt lat="50.921320" lon="14.072456">
        <ele>121.296406</ele>
        <time>2026-05-03T10:30:32.998Z</time>
      </trkpt>
      <trkpt lat="50.921275" lon="14.072597">
        <ele>121.236469</ele>
        <time>2026-05-03T10:30:34.998Z</time>
      </trkpt>
      <trkpt lat="50.921229" lon="14.072745">
        <ele>121.173888</ele>
        <time>2026-05-03T10:30:36.998Z</time>
      </trkpt>
      <trkpt lat="50.921178" lon="14.072891">
        <ele>121.110585</ele>
        <time>2026-05-03T10:30:38.998Z</time>
      </trkpt>
      <trkpt lat="50.921128" lon="14.073044">
        <ele>121.045226</ele>
        <time>2026-05-03T10:30:40.998Z</time>
      </trkpt>
      <trkpt lat="50.921076" lon="14.073206">
        <ele>120.810357</ele>
        <time>2026-05-03T10:30:42.998Z</time>
      </trkpt>
      <trkpt lat="50.921025" lon="14.073376">
        <ele>120.557575</ele>
        <time>2026-05-03T10:30:44.998Z</time>
      </trkpt>
      <trkpt lat="50.920970" lon="14.073546">
        <ele>120.301016</ele>
        <time>2026-05-03T10:30:46.998Z</time>
      </trkpt>
      <trkpt lat="50.920920" lon="14.073725">
        <ele>120.038140</ele>
        <time>2026-05-03T10:30:48.998Z</time>
      </trkpt>
      <trkpt lat="50.920871" lon="14.073901">
        <ele>119.779810</ele>
        <time>2026-05-03T10:30:50.998Z</time>
      </trkpt>
      <trkpt lat="50.920824" lon="14.074066">
        <ele>119.536702</ele>
        <time>2026-05-03T10:30:52.998Z</time>
      </trkpt>
      <trkpt lat="50.920773" lon="14.074220">
        <ele>119.303134</ele>
        <time>2026-05-03T10:30:54.998Z</time>
      </trkpt>
      <trkpt lat="50.920732" lon="14.074377">
        <ele>119.074962</ele>
        <time>2026-05-03T10:30:56.998Z</time>
      </trkpt>
      <trkpt lat="50.920688" lon="14.074539">
        <ele>118.838119</ele>
        <time>2026-05-03T10:30:58.998Z</time>
      </trkpt>
      <trkpt lat="50.920648" lon="14.074707">
        <ele>118.596997</ele>
        <time>2026-05-03T10:31:00.998Z</time>
      </trkpt>
      <trkpt lat="50.920623" lon="14.074885">
        <ele>118.352140</ele>
        <time>2026-05-03T10:31:02.998Z</time>
      </trkpt>
      <trkpt lat="50.920633" lon="14.075070">
        <ele>118.102833</ele>
        <time>2026-05-03T10:31:04.999Z</time>
      </trkpt>
      <trkpt lat="50.920647" lon="14.075234">
        <ele>117.880624</ele>
        <time>2026-05-03T10:31:06.999Z</time>
      </trkpt>
      <trkpt lat="50.920656" lon="14.075397">
        <ele>117.660929</ele>
        <time>2026-05-03T10:31:08.999Z</time>
      </trkpt>
      <trkpt lat="50.920666" lon="14.075560">
        <ele>117.441039</ele>
        <time>2026-05-03T10:31:10.999Z</time>
      </trkpt>
      <trkpt lat="50.920678" lon="14.075726">
        <ele>117.216694</ele>
        <time>2026-05-03T10:31:12.999Z</time>
      </trkpt>
      <trkpt lat="50.920690" lon="14.075887">
        <ele>117.343851</ele>
        <time>2026-05-03T10:31:14.999Z</time>
      </trkpt>
      <trkpt lat="50.920702" lon="14.076045">
        <ele>117.478301</ele>
        <time>2026-05-03T10:31:16.999Z</time>
      </trkpt>
      <trkpt lat="50.920712" lon="14.076199">
        <ele>117.609094</ele>
        <time>2026-05-03T10:31:18.999Z</time>
      </trkpt>
      <trkpt lat="50.920724" lon="14.076358">
        <ele>117.744382</ele>
        <time>2026-05-03T10:31:20.999Z</time>
      </trkpt>
      <trkpt lat="50.920736" lon="14.076517">
        <ele>117.879670</ele>
        <time>2026-05-03T10:31:22.999Z</time>
      </trkpt>
      <trkpt lat="50.920748" lon="14.076678">
        <ele>118.016636</ele>
        <time>2026-05-03T10:31:24.999Z</time>
      </trkpt>
      <trkpt lat="50.920760" lon="14.076837">
        <ele>118.151924</ele>
        <time>2026-05-03T10:31:26.999Z</time>
      </trkpt>
      <trkpt lat="50.920782" lon="14.076991">
        <ele>118.285328</ele>
        <time>2026-05-03T10:31:28.999Z</time>
      </trkpt>
      <trkpt lat="50.920803" lon="14.077141">
        <ele>118.415141</ele>
        <time>2026-05-03T10:31:30.999Z</time>
      </trkpt>
      <trkpt lat="50.920821" lon="14.077295">
        <ele>118.547463</ele>
        <time>2026-05-03T10:31:32.999Z</time>
      </trkpt>
      <trkpt lat="50.920846" lon="14.077448">
        <ele>118.680994</ele>
        <time>2026-05-03T10:31:34.999Z</time>
      </trkpt>
      <trkpt lat="50.920871" lon="14.077601">
        <ele>118.814525</ele>
        <time>2026-05-03T10:31:36.999Z</time>
      </trkpt>
      <trkpt lat="50.920896" lon="14.077755">
        <ele>118.948874</ele>
        <time>2026-05-03T10:31:38.999Z</time>
      </trkpt>
      <trkpt lat="50.920925" lon="14.077902">
        <ele>119.079003</ele>
        <time>2026-05-03T10:31:40.999Z</time>
      </trkpt>
      <trkpt lat="50.920948" lon="14.078047">
        <ele>119.205323</ele>
        <time>2026-05-03T10:31:42.999Z</time>
      </trkpt>
      <trkpt lat="50.920972" lon="14.078195">
        <ele>119.334428</ele>
        <time>2026-05-03T10:31:44.999Z</time>
      </trkpt>
      <trkpt lat="50.920996" lon="14.078336">
        <ele>119.457815</ele>
        <time>2026-05-03T10:31:46.999Z</time>
      </trkpt>
      <trkpt lat="50.921021" lon="14.078483">
        <ele>119.586446</ele>
        <time>2026-05-03T10:31:49.000Z</time>
      </trkpt>
      <trkpt lat="50.921049" lon="14.078620">
        <ele>119.750894</ele>
        <time>2026-05-03T10:31:51.000Z</time>
      </trkpt>
      <trkpt lat="50.921073" lon="14.078758">
        <ele>119.931328</ele>
        <time>2026-05-03T10:31:53.000Z</time>
      </trkpt>
      <trkpt lat="50.921112" lon="14.078951">
        <ele>120.186778</ele>
        <time>2026-05-03T10:31:56.000Z</time>
      </trkpt>
      <trkpt lat="50.921148" lon="14.079139">
        <ele>120.434424</ele>
        <time>2026-05-03T10:31:59.000Z</time>
      </trkpt>
      <trkpt lat="50.921179" lon="14.079331">
        <ele>120.684233</ele>
        <time>2026-05-03T10:32:02.000Z</time>
      </trkpt>
      <trkpt lat="50.921223" lon="14.079518">
        <ele>120.935811</ele>
        <time>2026-05-03T10:32:05.000Z</time>
      </trkpt>
      <trkpt lat="50.921256" lon="14.079712">
        <ele>121.189074</ele>
        <time>2026-05-03T10:32:08.000Z</time>
      </trkpt>
      <trkpt lat="50.921299" lon="14.079902">
        <ele>121.443515</ele>
        <time>2026-05-03T10:32:11.000Z</time>
      </trkpt>
      <trkpt lat="50.921331" lon="14.080040">
        <ele>121.628844</ele>
        <time>2026-05-03T10:32:13.000Z</time>
      </trkpt>
      <trkpt lat="50.921363" lon="14.080174">
        <ele>121.809450</ele>
        <time>2026-05-03T10:32:15.000Z</time>
      </trkpt>
      <trkpt lat="50.921409" lon="14.080373">
        <ele>122.076600</ele>
        <time>2026-05-03T10:32:18.000Z</time>
      </trkpt>
      <trkpt lat="50.921442" lon="14.080508">
        <ele>122.259098</ele>
        <time>2026-05-03T10:32:20.000Z</time>
      </trkpt>
      <trkpt lat="50.921498" lon="14.080697">
        <ele>122.522314</ele>
        <time>2026-05-03T10:32:23.000Z</time>
      </trkpt>
      <trkpt lat="50.921550" lon="14.080880">
        <ele>122.775315</ele>
        <time>2026-05-03T10:32:26.000Z</time>
      </trkpt>
      <trkpt lat="50.921600" lon="14.081062">
        <ele>123.025544</ele>
        <time>2026-05-03T10:32:29.000Z</time>
      </trkpt>
      <trkpt lat="50.921651" lon="14.081225">
        <ele>123.221245</ele>
        <time>2026-05-03T10:32:32.000Z</time>
      </trkpt>
      <trkpt lat="50.921710" lon="14.081395">
        <ele>123.246494</ele>
        <time>2026-05-03T10:32:35.000Z</time>
      </trkpt>
      <trkpt lat="50.921762" lon="14.081568">
        <ele>123.271430</ele>
        <time>2026-05-03T10:32:38.000Z</time>
      </trkpt>
      <trkpt lat="50.921817" lon="14.081726">
        <ele>123.294913</ele>
        <time>2026-05-03T10:32:40.999Z</time>
      </trkpt>
      <trkpt lat="50.921875" lon="14.081866">
        <ele>123.316709</ele>
        <time>2026-05-03T10:32:43.999Z</time>
      </trkpt>
      <trkpt lat="50.921927" lon="14.082021">
        <ele>123.339553</ele>
        <time>2026-05-03T10:32:46.999Z</time>
      </trkpt>
      <trkpt lat="50.921990" lon="14.082152">
        <ele>123.360991</ele>
        <time>2026-05-03T10:32:49.999Z</time>
      </trkpt>
      <trkpt lat="50.922043" lon="14.082296">
        <ele>123.382685</ele>
        <time>2026-05-03T10:32:52.999Z</time>
      </trkpt>
      <trkpt lat="50.922075" lon="14.082447">
        <ele>123.403412</ele>
        <time>2026-05-03T10:32:55.999Z</time>
      </trkpt>
      <trkpt lat="50.922150" lon="14.082589">
        <ele>123.427514</ele>
        <time>2026-05-03T10:32:58.999Z</time>
      </trkpt>
      <trkpt lat="50.922214" lon="14.082752">
        <ele>123.452498</ele>
        <time>2026-05-03T10:33:01.999Z</time>
      </trkpt>
      <trkpt lat="50.922250" lon="14.082923">
        <ele>123.475954</ele>
        <time>2026-05-03T10:33:04.999Z</time>
      </trkpt>
      <trkpt lat="50.922295" lon="14.083086">
        <ele>123.499106</ele>
        <time>2026-05-03T10:33:07.999Z</time>
      </trkpt>
      <trkpt lat="50.922342" lon="14.083255">
        <ele>123.523138</ele>
        <time>2026-05-03T10:33:10.999Z</time>
      </trkpt>
      <trkpt lat="50.922397" lon="14.083426">
        <ele>123.548115</ele>
        <time>2026-05-03T10:33:13.999Z</time>
      </trkpt>
      <trkpt lat="50.922453" lon="14.083599">
        <ele>123.573417</ele>
        <time>2026-05-03T10:33:16.999Z</time>
      </trkpt>
      <trkpt lat="50.922488" lon="14.083766">
        <ele>123.598526</ele>
        <time>2026-05-03T10:33:19.999Z</time>
      </trkpt>
      <trkpt lat="50.922539" lon="14.083928">
        <ele>123.628839</ele>
        <time>2026-05-03T10:33:22.999Z</time>
      </trkpt>
      <trkpt lat="50.922584" lon="14.084088">
        <ele>123.658169</ele>
        <time>2026-05-03T10:33:25.999Z</time>
      </trkpt>
      <trkpt lat="50.922636" lon="14.084240">
        <ele>123.687120</ele>
        <time>2026-05-03T10:33:28.999Z</time>
      </trkpt>
      <trkpt lat="50.922683" lon="14.084391">
        <ele>123.715311</ele>
        <time>2026-05-03T10:33:31.999Z</time>
      </trkpt>
      <trkpt lat="50.922727" lon="14.084531">
        <ele>123.741499</ele>
        <time>2026-05-03T10:33:34.999Z</time>
      </trkpt>
      <trkpt lat="50.922776" lon="14.084671">
        <ele>123.768306</ele>
        <time>2026-05-03T10:33:37.999Z</time>
      </trkpt>
      <trkpt lat="50.922829" lon="14.084825">
        <ele>123.797678</ele>
        <time>2026-05-03T10:33:40.999Z</time>
      </trkpt>
      <trkpt lat="50.922879" lon="14.084983">
        <ele>123.827273</ele>
        <time>2026-05-03T10:33:43.999Z</time>
      </trkpt>
      <trkpt lat="50.922936" lon="14.085137">
        <ele>123.857169</ele>
        <time>2026-05-03T10:33:46.999Z</time>
      </trkpt>
      <trkpt lat="50.922999" lon="14.085272">
        <ele>123.885287</ele>
        <time>2026-05-03T10:33:49.999Z</time>
      </trkpt>
      <trkpt lat="50.923077" lon="14.085384">
        <ele>123.913226</ele>
        <time>2026-05-03T10:33:52.999Z</time>
      </trkpt>
      <trkpt lat="50.923159" lon="14.085492">
        <ele>123.941530</ele>
        <time>2026-05-03T10:33:56.000Z</time>
      </trkpt>
      <trkpt lat="50.923253" lon="14.085610">
        <ele>123.973363</ele>
        <time>2026-05-03T10:34:00.000Z</time>
      </trkpt>
      <trkpt lat="50.923325" lon="14.085697">
        <ele>123.997398</ele>
        <time>2026-05-03T10:34:03.000Z</time>
      </trkpt>
      <trkpt lat="50.923409" lon="14.085783">
        <ele>124.023948</ele>
        <time>2026-05-03T10:34:06.000Z</time>
      </trkpt>
      <trkpt lat="50.923494" lon="14.085866">
        <ele>124.050454</ele>
        <time>2026-05-03T10:34:09.000Z</time>
      </trkpt>
      <trkpt lat="50.923595" lon="14.085955">
        <ele>124.102990</ele>
        <time>2026-05-03T10:34:13.000Z</time>
      </trkpt>
      <trkpt lat="50.923700" lon="14.086041">
        <ele>124.180448</ele>
        <time>2026-05-03T10:34:17.000Z</time>
      </trkpt>
      <trkpt lat="50.923764" lon="14.086154">
        <ele>124.243216</ele>
        <time>2026-05-03T10:34:21.000Z</time>
      </trkpt>
      <trkpt lat="50.923851" lon="14.086286">
        <ele>124.322126</ele>
        <time>2026-05-03T10:34:25.000Z</time>
      </trkpt>
      <trkpt lat="50.923929" lon="14.086416">
        <ele>124.396284</ele>
        <time>2026-05-03T10:34:29.000Z</time>
      </trkpt>
      <trkpt lat="50.924003" lon="14.086520">
        <ele>124.461086</ele>
        <time>2026-05-03T10:34:32.000Z</time>
      </trkpt>
      <trkpt lat="50.924068" lon="14.086648">
        <ele>124.529001</ele>
        <time>2026-05-03T10:34:35.000Z</time>
      </trkpt>
      <trkpt lat="50.924117" lon="14.086777">
        <ele>124.591232</ele>
        <time>2026-05-03T10:34:38.000Z</time>
      </trkpt>
      <trkpt lat="50.924178" lon="14.086901">
        <ele>124.656222</ele>
        <time>2026-05-03T10:34:41.000Z</time>
      </trkpt>
      <trkpt lat="50.924255" lon="14.087021">
        <ele>124.726974</ele>
        <time>2026-05-03T10:34:44.000Z</time>
      </trkpt>
      <trkpt lat="50.924334" lon="14.087117">
        <ele>124.792204</ele>
        <time>2026-05-03T10:34:47.000Z</time>
      </trkpt>
      <trkpt lat="50.924395" lon="14.087241">
        <ele>124.857195</ele>
        <time>2026-05-03T10:34:50.000Z</time>
      </trkpt>
      <trkpt lat="50.924442" lon="14.087433">
        <ele>124.942298</ele>
        <time>2026-05-03T10:34:52.999Z</time>
      </trkpt>
      <trkpt lat="50.924486" lon="14.087562">
        <ele>125.002901</ele>
        <time>2026-05-03T10:34:54.999Z</time>
      </trkpt>
      <trkpt lat="50.924532" lon="14.087692">
        <ele>125.064499</ele>
        <time>2026-05-03T10:34:56.999Z</time>
      </trkpt>
      <trkpt lat="50.924590" lon="14.087818">
        <ele>125.128964</ele>
        <time>2026-05-03T10:34:58.999Z</time>
      </trkpt>
      <trkpt lat="50.924647" lon="14.087941">
        <ele>125.192042</ele>
        <time>2026-05-03T10:35:00.999Z</time>
      </trkpt>
      <trkpt lat="50.924713" lon="14.088062">
        <ele>125.187276</ele>
        <time>2026-05-03T10:35:02.999Z</time>
      </trkpt>
      <trkpt lat="50.924773" lon="14.088176">
        <ele>124.911899</ele>
        <time>2026-05-03T10:35:04.999Z</time>
      </trkpt>
      <trkpt lat="50.924838" lon="14.088278">
        <ele>124.642957</ele>
        <time>2026-05-03T10:35:06.999Z</time>
      </trkpt>
      <trkpt lat="50.924909" lon="14.088441">
        <ele>124.275578</ele>
        <time>2026-05-03T10:35:09.999Z</time>
      </trkpt>
      <trkpt lat="50.924978" lon="14.088611">
        <ele>123.900667</ele>
        <time>2026-05-03T10:35:12.999Z</time>
      </trkpt>
      <trkpt lat="50.925024" lon="14.088784">
        <ele>123.552517</ele>
        <time>2026-05-03T10:35:15.999Z</time>
      </trkpt>
      <trkpt lat="50.925078" lon="14.088933">
        <ele>123.233831</ele>
        <time>2026-05-03T10:35:18.999Z</time>
      </trkpt>
      <trkpt lat="50.925121" lon="14.089094">
        <ele>122.909612</ele>
        <time>2026-05-03T10:35:21.999Z</time>
      </trkpt>
      <trkpt lat="50.925181" lon="14.089240">
        <ele>122.586445</ele>
        <time>2026-05-03T10:35:24.999Z</time>
      </trkpt>
      <trkpt lat="50.925230" lon="14.089374">
        <ele>122.299200</ele>
        <time>2026-05-03T10:35:27.999Z</time>
      </trkpt>
      <trkpt lat="50.925297" lon="14.089513">
        <ele>121.974746</ele>
        <time>2026-05-03T10:35:30.999Z</time>
      </trkpt>
      <trkpt lat="50.925377" lon="14.089645">
        <ele>121.635211</ele>
        <time>2026-05-03T10:35:33.999Z</time>
      </trkpt>
      <trkpt lat="50.925457" lon="14.089790">
        <ele>121.277910</ele>
        <time>2026-05-03T10:35:36.999Z</time>
      </trkpt>
      <trkpt lat="50.925544" lon="14.089941">
        <ele>120.898588</ele>
        <time>2026-05-03T10:35:39.999Z</time>
      </trkpt>
      <trkpt lat="50.925636" lon="14.090095">
        <ele>120.505173</ele>
        <time>2026-05-03T10:35:42.999Z</time>
      </trkpt>
      <trkpt lat="50.925725" lon="14.090252">
        <ele>120.113658</ele>
        <time>2026-05-03T10:35:45.999Z</time>
      </trkpt>
      <trkpt lat="50.925801" lon="14.090341">
        <ele>120.068793</ele>
        <time>2026-05-03T10:35:47.999Z</time>
      </trkpt>
      <trkpt lat="50.925874" lon="14.090445">
        <ele>120.347478</ele>
        <time>2026-05-03T10:35:49.999Z</time>
      </trkpt>
      <trkpt lat="50.925943" lon="14.090552">
        <ele>120.621543</ele>
        <time>2026-05-03T10:35:51.999Z</time>
      </trkpt>
      <trkpt lat="50.926018" lon="14.090666">
        <ele>120.916570</ele>
        <time>2026-05-03T10:35:53.999Z</time>
      </trkpt>
      <trkpt lat="50.926093" lon="14.090774">
        <ele>121.204271</ele>
        <time>2026-05-03T10:35:55.999Z</time>
      </trkpt>
      <trkpt lat="50.926161" lon="14.090886">
        <ele>121.482688</ele>
        <time>2026-05-03T10:35:57.999Z</time>
      </trkpt>
      <trkpt lat="50.926228" lon="14.090997">
        <ele>121.757846</ele>
        <time>2026-05-03T10:35:59.999Z</time>
      </trkpt>
      <trkpt lat="50.926316" lon="14.091099">
        <ele>122.067407</ele>
        <time>2026-05-03T10:36:02.000Z</time>
      </trkpt>
      <trkpt lat="50.926390" lon="14.091230">
        <ele>122.382350</ele>
        <time>2026-05-03T10:36:04.000Z</time>
      </trkpt>
      <trkpt lat="50.926463" lon="14.091339">
        <ele>122.667092</ele>
        <time>2026-05-03T10:36:06.000Z</time>
      </trkpt>
      <trkpt lat="50.926537" lon="14.091449">
        <ele>122.955131</ele>
        <time>2026-05-03T10:36:08.000Z</time>
      </trkpt>
      <trkpt lat="50.926608" lon="14.091560">
        <ele>123.238265</ele>
        <time>2026-05-03T10:36:10.000Z</time>
      </trkpt>
      <trkpt lat="50.926680" lon="14.091663">
        <ele>123.513639</ele>
        <time>2026-05-03T10:36:12.000Z</time>
      </trkpt>
      <trkpt lat="50.926749" lon="14.091765">
        <ele>123.781521</ele>
        <time>2026-05-03T10:36:14.000Z</time>
      </trkpt>
      <trkpt lat="50.926821" lon="14.091866">
        <ele>124.054509</ele>
        <time>2026-05-03T10:36:16.000Z</time>
      </trkpt>
      <trkpt lat="50.926894" lon="14.091972">
        <ele>124.335596</ele>
        <time>2026-05-03T10:36:18.000Z</time>
      </trkpt>
      <trkpt lat="50.926975" lon="14.092057">
        <ele>124.611446</ele>
        <time>2026-05-03T10:36:20.000Z</time>
      </trkpt>
      <trkpt lat="50.927068" lon="14.092207">
        <ele>124.988143</ele>
        <time>2026-05-03T10:36:23.000Z</time>
      </trkpt>
      <trkpt lat="50.927168" lon="14.092341">
        <ele>125.094195</ele>
        <time>2026-05-03T10:36:26.000Z</time>
      </trkpt>
      <trkpt lat="50.927263" lon="14.092469">
        <ele>125.131125</ele>
        <time>2026-05-03T10:36:29.000Z</time>
      </trkpt>
      <trkpt lat="50.927325" lon="14.092575">
        <ele>125.158133</ele>
        <time>2026-05-03T10:36:31.000Z</time>
      </trkpt>
      <trkpt lat="50.927417" lon="14.092730">
        <ele>125.197896</ele>
        <time>2026-05-03T10:36:34.000Z</time>
      </trkpt>
      <trkpt lat="50.927496" lon="14.092877">
        <ele>125.233974</ele>
        <time>2026-05-03T10:36:37.000Z</time>
      </trkpt>
      <trkpt lat="50.927571" lon="14.093023">
        <ele>125.269151</ele>
        <time>2026-05-03T10:36:40.000Z</time>
      </trkpt>
      <trkpt lat="50.927655" lon="14.093188">
        <ele>125.308763</ele>
        <time>2026-05-03T10:36:43.000Z</time>
      </trkpt>
      <trkpt lat="50.927730" lon="14.093359">
        <ele>125.347670</ele>
        <time>2026-05-03T10:36:46.000Z</time>
      </trkpt>
      <trkpt lat="50.927815" lon="14.093504">
        <ele>125.384652</ele>
        <time>2026-05-03T10:36:49.000Z</time>
      </trkpt>
      <trkpt lat="50.927904" lon="14.093630">
        <ele>125.419996</ele>
        <time>2026-05-03T10:36:52.000Z</time>
      </trkpt>
      <trkpt lat="50.927989" lon="14.093753">
        <ele>125.454084</ele>
        <time>2026-05-03T10:36:55.000Z</time>
      </trkpt>
      <trkpt lat="50.928076" lon="14.093875">
        <ele>125.488489</ele>
        <time>2026-05-03T10:36:57.999Z</time>
      </trkpt>
      <trkpt lat="50.928165" lon="14.094010">
        <ele>125.524973</ele>
        <time>2026-05-03T10:37:00.999Z</time>
      </trkpt>
      <trkpt lat="50.928251" lon="14.094151">
        <ele>125.561617</ele>
        <time>2026-05-03T10:37:03.999Z</time>
      </trkpt>
      <trkpt lat="50.928328" lon="14.094287">
        <ele>125.595759</ele>
        <time>2026-05-03T10:37:06.999Z</time>
      </trkpt>
      <trkpt lat="50.928411" lon="14.094434">
        <ele>125.549272</ele>
        <time>2026-05-03T10:37:09.999Z</time>
      </trkpt>
      <trkpt lat="50.928489" lon="14.094564">
        <ele>125.506096</ele>
        <time>2026-05-03T10:37:12.999Z</time>
      </trkpt>
      <trkpt lat="50.928567" lon="14.094694">
        <ele>125.462919</ele>
        <time>2026-05-03T10:37:15.999Z</time>
      </trkpt>
      <trkpt lat="50.928634" lon="14.094823">
        <ele>125.422709</ele>
        <time>2026-05-03T10:37:18.999Z</time>
      </trkpt>
      <trkpt lat="50.928711" lon="14.094950">
        <ele>125.380318</ele>
        <time>2026-05-03T10:37:21.999Z</time>
      </trkpt>
      <trkpt lat="50.928788" lon="14.095093">
        <ele>125.335074</ele>
        <time>2026-05-03T10:37:24.999Z</time>
      </trkpt>
      <trkpt lat="50.928864" lon="14.095214">
        <ele>125.293981</ele>
        <time>2026-05-03T10:37:27.999Z</time>
      </trkpt>
      <trkpt lat="50.928939" lon="14.095333">
        <ele>125.253499</ele>
        <time>2026-05-03T10:37:30.999Z</time>
      </trkpt>
      <trkpt lat="50.929019" lon="14.095458">
        <ele>125.210645</ele>
        <time>2026-05-03T10:37:33.999Z</time>
      </trkpt>
      <trkpt lat="50.929088" lon="14.095597">
        <ele>125.168082</ele>
        <time>2026-05-03T10:37:36.999Z</time>
      </trkpt>
      <trkpt lat="50.929176" lon="14.095755">
        <ele>125.117361</ele>
        <time>2026-05-03T10:37:39.999Z</time>
      </trkpt>
      <trkpt lat="50.929267" lon="14.095902">
        <ele>125.067796</ele>
        <time>2026-05-03T10:37:42.999Z</time>
      </trkpt>
      <trkpt lat="50.929355" lon="14.096060">
        <ele>125.017075</ele>
        <time>2026-05-03T10:37:45.999Z</time>
      </trkpt>
      <trkpt lat="50.929418" lon="14.096163">
        <ele>124.982549</ele>
        <time>2026-05-03T10:37:47.999Z</time>
      </trkpt>
      <trkpt lat="50.929502" lon="14.096318">
        <ele>124.933375</ele>
        <time>2026-05-03T10:37:50.999Z</time>
      </trkpt>
      <trkpt lat="50.929572" lon="14.096492">
        <ele>125.080622</ele>
        <time>2026-05-03T10:37:53.999Z</time>
      </trkpt>
      <trkpt lat="50.929637" lon="14.096671">
        <ele>125.407328</ele>
        <time>2026-05-03T10:37:56.999Z</time>
      </trkpt>
      <trkpt lat="50.929702" lon="14.096847">
        <ele>125.729931</ele>
        <time>2026-05-03T10:37:59.999Z</time>
      </trkpt>
      <trkpt lat="50.929766" lon="14.097014">
        <ele>126.039026</ele>
        <time>2026-05-03T10:38:02.999Z</time>
      </trkpt>
      <trkpt lat="50.929831" lon="14.097170">
        <ele>126.334772</ele>
        <time>2026-05-03T10:38:05.999Z</time>
      </trkpt>
      <trkpt lat="50.929897" lon="14.097329">
        <ele>126.635860</ele>
        <time>2026-05-03T10:38:09.000Z</time>
      </trkpt>
      <trkpt lat="50.929969" lon="14.097502">
        <ele>126.963718</ele>
        <time>2026-05-03T10:38:12.000Z</time>
      </trkpt>
      <trkpt lat="50.930021" lon="14.097622">
        <ele>127.194020</ele>
        <time>2026-05-03T10:38:14.000Z</time>
      </trkpt>
      <trkpt lat="50.930079" lon="14.097756">
        <ele>127.451096</ele>
        <time>2026-05-03T10:38:16.000Z</time>
      </trkpt>
      <trkpt lat="50.930129" lon="14.097900">
        <ele>127.711097</ele>
        <time>2026-05-03T10:38:18.000Z</time>
      </trkpt>
      <trkpt lat="50.930174" lon="14.098039">
        <ele>127.958222</ele>
        <time>2026-05-03T10:38:20.000Z</time>
      </trkpt>
      <trkpt lat="50.930226" lon="14.098160">
        <ele>128.189828</ele>
        <time>2026-05-03T10:38:22.000Z</time>
      </trkpt>
      <trkpt lat="50.930282" lon="14.098278">
        <ele>128.423426</ele>
        <time>2026-05-03T10:38:24.000Z</time>
      </trkpt>
      <trkpt lat="50.930335" lon="14.098393">
        <ele>128.648728</ele>
        <time>2026-05-03T10:38:26.000Z</time>
      </trkpt>
      <trkpt lat="50.930406" lon="14.098549">
        <ele>128.953033</ele>
        <time>2026-05-03T10:38:29.000Z</time>
      </trkpt>
      <trkpt lat="50.930475" lon="14.098682">
        <ele>129.225457</ele>
        <time>2026-05-03T10:38:32.000Z</time>
      </trkpt>
      <trkpt lat="50.930534" lon="14.098804">
        <ele>129.524930</ele>
        <time>2026-05-03T10:38:35.000Z</time>
      </trkpt>
      <trkpt lat="50.930595" lon="14.098910">
        <ele>130.030814</ele>
        <time>2026-05-03T10:38:38.000Z</time>
      </trkpt>
      <trkpt lat="50.930657" lon="14.099052">
        <ele>130.639634</ele>
        <time>2026-05-03T10:38:42.000Z</time>
      </trkpt>
      <trkpt lat="50.930714" lon="14.099175">
        <ele>131.177700</ele>
        <time>2026-05-03T10:38:46.000Z</time>
      </trkpt>
      <trkpt lat="50.930769" lon="14.099293">
        <ele>131.694945</ele>
        <time>2026-05-03T10:38:51.000Z</time>
      </trkpt>
      <trkpt lat="50.930835" lon="14.099422">
        <ele>132.280530</ele>
        <time>2026-05-03T10:38:57.000Z</time>
      </trkpt>
      <trkpt lat="50.930892" lon="14.099557">
        <ele>132.853215</ele>
        <time>2026-05-03T10:39:03.000Z</time>
      </trkpt>
      <trkpt lat="50.930935" lon="14.099711">
        <ele>133.446844</ele>
        <time>2026-05-03T10:39:08.999Z</time>
      </trkpt>
      <trkpt lat="50.930988" lon="14.099850">
        <ele>134.019402</ele>
        <time>2026-05-03T10:39:14.999Z</time>
      </trkpt>
      <trkpt lat="50.931030" lon="14.099984">
        <ele>134.546840</ele>
        <time>2026-05-03T10:39:20.999Z</time>
      </trkpt>
      <trkpt lat="50.931093" lon="14.100119">
        <ele>135.138854</ele>
        <time>2026-05-03T10:39:27.999Z</time>
      </trkpt>
      <trkpt lat="50.931131" lon="14.100265">
        <ele>135.695557</ele>
        <time>2026-05-03T10:39:34.999Z</time>
      </trkpt>
      <trkpt lat="50.931171" lon="14.100407">
        <ele>136.243724</ele>
        <time>2026-05-03T10:39:41.999Z</time>
      </trkpt>
      <trkpt lat="50.931184" lon="14.100562">
        <ele>136.794810</ele>
        <time>2026-05-03T10:39:47.999Z</time>
      </trkpt>
      <trkpt lat="50.931210" lon="14.100723">
        <ele>137.380558</ele>
        <time>2026-05-03T10:39:53.999Z</time>
      </trkpt>
      <trkpt lat="50.931235" lon="14.100884">
        <ele>137.964942</ele>
        <time>2026-05-03T10:39:58.999Z</time>
      </trkpt>
      <trkpt lat="50.931255" lon="14.101027">
        <ele>138.481180</ele>
        <time>2026-05-03T10:40:02.999Z</time>
      </trkpt>
      <trkpt lat="50.931293" lon="14.101326">
        <ele>139.468774</ele>
        <time>2026-05-03T10:45:43.999Z</time>
      </trkpt>
      <trkpt lat="50.931314" lon="14.101505">
        <ele>139.367286</ele>
        <time>2026-05-03T10:45:46.999Z</time>
      </trkpt>
      <trkpt lat="50.931333" lon="14.101661">
        <ele>139.278722</ele>
        <time>2026-05-03T10:45:48.999Z</time>
      </trkpt>
      <trkpt lat="50.931354" lon="14.101822">
        <ele>139.187079</ele>
        <time>2026-05-03T10:45:50.999Z</time>
      </trkpt>
      <trkpt lat="50.931355" lon="14.102005">
        <ele>139.085071</ele>
        <time>2026-05-03T10:45:52.999Z</time>
      </trkpt>
      <trkpt lat="50.931371" lon="14.102224">
        <ele>138.962183</ele>
        <time>2026-05-03T10:45:54.999Z</time>
      </trkpt>
      <trkpt lat="50.931387" lon="14.102449">
        <ele>138.835972</ele>
        <time>2026-05-03T10:45:56.999Z</time>
      </trkpt>
      <trkpt lat="50.931408" lon="14.102674">
        <ele>138.709190</ele>
        <time>2026-05-03T10:45:58.999Z</time>
      </trkpt>
      <trkpt lat="50.931430" lon="14.102901">
        <ele>138.581173</ele>
        <time>2026-05-03T10:46:00.999Z</time>
      </trkpt>
      <trkpt lat="50.931463" lon="14.103114">
        <ele>138.458912</ele>
        <time>2026-05-03T10:46:02.999Z</time>
      </trkpt>
      <trkpt lat="50.931479" lon="14.103299">
        <ele>138.354827</ele>
        <time>2026-05-03T10:46:04.999Z</time>
      </trkpt>
      <trkpt lat="50.931504" lon="14.103456">
        <ele>138.264565</ele>
        <time>2026-05-03T10:46:06.999Z</time>
      </trkpt>
      <trkpt lat="50.931534" lon="14.103596">
        <ele>138.182142</ele>
        <time>2026-05-03T10:46:08.999Z</time>
      </trkpt>
      <trkpt lat="50.931553" lon="14.103751">
        <ele>138.094127</ele>
        <time>2026-05-03T10:46:11.999Z</time>
      </trkpt>
      <trkpt lat="50.931581" lon="14.103933">
        <ele>137.989702</ele>
        <time>2026-05-03T10:46:15.999Z</time>
      </trkpt>
      <trkpt lat="50.931596" lon="14.104108">
        <ele>137.891259</ele>
        <time>2026-05-03T10:46:19.999Z</time>
      </trkpt>
      <trkpt lat="50.931636" lon="14.104250">
        <ele>138.445953</ele>
        <time>2026-05-03T10:46:23.999Z</time>
      </trkpt>
      <trkpt lat="50.931649" lon="14.104426">
        <ele>139.088942</ele>
        <time>2026-05-03T10:46:29.999Z</time>
      </trkpt>
      <trkpt lat="50.931687" lon="14.104583">
        <ele>139.699183</ele>
        <time>2026-05-03T10:46:35.000Z</time>
      </trkpt>
      <trkpt lat="50.931693" lon="14.104748">
        <ele>140.298883</ele>
        <time>2026-05-03T10:46:40.000Z</time>
      </trkpt>
      <trkpt lat="50.931724" lon="14.104883">
        <ele>140.820232</ele>
        <time>2026-05-03T10:46:45.000Z</time>
      </trkpt>
      <trkpt lat="50.931731" lon="14.105054">
        <ele>141.442014</ele>
        <time>2026-05-03T10:46:51.000Z</time>
      </trkpt>
      <trkpt lat="50.931746" lon="14.105198">
        <ele>141.971608</ele>
        <time>2026-05-03T10:46:56.000Z</time>
      </trkpt>
      <trkpt lat="50.931766" lon="14.105351">
        <ele>142.538584</ele>
        <time>2026-05-03T10:47:01.000Z</time>
      </trkpt>
      <trkpt lat="50.931779" lon="14.105513">
        <ele>143.131147</ele>
        <time>2026-05-03T10:47:07.000Z</time>
      </trkpt>
      <trkpt lat="50.931798" lon="14.105654">
        <ele>143.654329</ele>
        <time>2026-05-03T10:47:13.000Z</time>
      </trkpt>
      <trkpt lat="50.931800" lon="14.105822">
        <ele>144.264026</ele>
        <time>2026-05-03T10:47:20.000Z</time>
      </trkpt>
      <trkpt lat="50.931810" lon="14.105988">
        <ele>144.869102</ele>
        <time>2026-05-03T10:47:26.999Z</time>
      </trkpt>
      <trkpt lat="50.931827" lon="14.106136">
        <ele>145.414966</ele>
        <time>2026-05-03T10:47:33.999Z</time>
      </trkpt>
      <trkpt lat="50.931826" lon="14.106294">
        <ele>145.988298</ele>
        <time>2026-05-03T10:47:41.999Z</time>
      </trkpt>
      <trkpt lat="50.931835" lon="14.106454">
        <ele>146.571165</ele>
        <time>2026-05-03T10:47:48.999Z</time>
      </trkpt>
      <trkpt lat="50.931827" lon="14.106625">
        <ele>147.193346</ele>
        <time>2026-05-03T10:47:53.999Z</time>
      </trkpt>
      <trkpt lat="50.931830" lon="14.106785">
        <ele>147.774162</ele>
        <time>2026-05-03T10:47:59.999Z</time>
      </trkpt>
      <trkpt lat="50.931842" lon="14.106977">
        <ele>147.988543</ele>
        <time>2026-05-03T10:48:03.999Z</time>
      </trkpt>
      <trkpt lat="50.931820" lon="14.107169">
        <ele>147.194629</ele>
        <time>2026-05-03T10:48:06.999Z</time>
      </trkpt>
      <trkpt lat="50.931793" lon="14.107360">
        <ele>146.398281</ele>
        <time>2026-05-03T10:48:09.999Z</time>
      </trkpt>
      <trkpt lat="50.931779" lon="14.107512">
        <ele>145.773333</ele>
        <time>2026-05-03T10:48:11.999Z</time>
      </trkpt>
      <trkpt lat="50.931776" lon="14.107717">
        <ele>144.939111</ele>
        <time>2026-05-03T10:48:13.999Z</time>
      </trkpt>
      <trkpt lat="50.931782" lon="14.107969">
        <ele>143.913172</ele>
        <time>2026-05-03T10:48:15.999Z</time>
      </trkpt>
      <trkpt lat="50.931739" lon="14.108183">
        <ele>142.999382</ele>
        <time>2026-05-03T10:48:17.999Z</time>
      </trkpt>
      <trkpt lat="50.931733" lon="14.108450">
        <ele>141.912460</ele>
        <time>2026-05-03T10:48:19.999Z</time>
      </trkpt>
      <trkpt lat="50.931698" lon="14.108707">
        <ele>140.842778</ele>
        <time>2026-05-03T10:48:21.999Z</time>
      </trkpt>
      <trkpt lat="50.931676" lon="14.108917">
        <ele>139.976715</ele>
        <time>2026-05-03T10:48:23.999Z</time>
      </trkpt>
      <trkpt lat="50.931691" lon="14.109140">
        <ele>139.064333</ele>
        <time>2026-05-03T10:48:25.999Z</time>
      </trkpt>
      <trkpt lat="50.931689" lon="14.109313">
        <ele>138.360400</ele>
        <time>2026-05-03T10:48:27.999Z</time>
      </trkpt>
      <trkpt lat="50.931677" lon="14.109564">
        <ele>137.336325</ele>
        <time>2026-05-03T10:48:29.999Z</time>
      </trkpt>
      <trkpt lat="50.931643" lon="14.109812">
        <ele>136.425507</ele>
        <time>2026-05-03T10:48:31.999Z</time>
      </trkpt>
      <trkpt lat="50.931612" lon="14.110041">
        <ele>135.822908</ele>
        <time>2026-05-03T10:48:33.999Z</time>
      </trkpt>
      <trkpt lat="50.931580" lon="14.110228">
        <ele>135.324383</ele>
        <time>2026-05-03T10:48:35.999Z</time>
      </trkpt>
      <trkpt lat="50.931561" lon="14.110417">
        <ele>134.831984</ele>
        <time>2026-05-03T10:48:38.000Z</time>
      </trkpt>
      <trkpt lat="50.931561" lon="14.110569">
        <ele>134.440924</ele>
        <time>2026-05-03T10:48:40.000Z</time>
      </trkpt>
      <trkpt lat="50.931501" lon="14.110754">
        <ele>133.905640</ele>
        <time>2026-05-03T10:48:42.000Z</time>
      </trkpt>
      <trkpt lat="50.931450" lon="14.110945">
        <ele>133.371959</ele>
        <time>2026-05-03T10:48:45.000Z</time>
      </trkpt>
      <trkpt lat="50.931447" lon="14.111128">
        <ele>132.900983</ele>
        <time>2026-05-03T10:48:47.000Z</time>
      </trkpt>
      <trkpt lat="50.931474" lon="14.111312">
        <ele>132.414932</ele>
        <time>2026-05-03T10:48:49.000Z</time>
      </trkpt>
      <trkpt lat="50.931561" lon="14.111488">
        <ele>131.839465</ele>
        <time>2026-05-03T10:48:51.000Z</time>
      </trkpt>
      <trkpt lat="50.931674" lon="14.111623">
        <ele>131.262045</ele>
        <time>2026-05-03T10:48:53.000Z</time>
      </trkpt>
      <trkpt lat="50.931718" lon="14.111777">
        <ele>130.827029</ele>
        <time>2026-05-03T10:48:55.000Z</time>
      </trkpt>
      <trkpt lat="50.931604" lon="14.111897">
        <ele>130.268568</ele>
        <time>2026-05-03T10:48:57.000Z</time>
      </trkpt>
      <trkpt lat="50.931523" lon="14.111994">
        <ele>129.854308</ele>
        <time>2026-05-03T10:48:59.000Z</time>
      </trkpt>
      <trkpt lat="50.931440" lon="14.112109">
        <ele>129.404491</ele>
        <time>2026-05-03T10:49:02.000Z</time>
      </trkpt>
      <trkpt lat="50.931369" lon="14.112210">
        <ele>129.465184</ele>
        <time>2026-05-03T10:49:07.000Z</time>
      </trkpt>
      <trkpt lat="50.931288" lon="14.112307">
        <ele>129.723009</ele>
        <time>2026-05-03T10:49:12.000Z</time>
      </trkpt>
      <trkpt lat="50.931241" lon="14.112449">
        <ele>129.979832</ele>
        <time>2026-05-03T10:49:17.000Z</time>
      </trkpt>
      <trkpt lat="50.931176" lon="14.112567">
        <ele>130.230774</ele>
        <time>2026-05-03T10:49:23.000Z</time>
      </trkpt>
      <trkpt lat="50.931128" lon="14.112700">
        <ele>130.476183</ele>
        <time>2026-05-03T10:49:29.000Z</time>
      </trkpt>
      <trkpt lat="50.931070" lon="14.112841">
        <ele>130.745790</ele>
        <time>2026-05-03T10:49:36.000Z</time>
      </trkpt>
      <trkpt lat="50.931008" lon="14.113007">
        <ele>131.054764</ele>
        <time>2026-05-03T10:49:39.999Z</time>
      </trkpt>
      <trkpt lat="50.930939" lon="14.113149">
        <ele>131.341872</ele>
        <time>2026-05-03T10:49:42.999Z</time>
      </trkpt>
      <trkpt lat="50.930888" lon="14.113276">
        <ele>131.583001</ele>
        <time>2026-05-03T10:49:44.999Z</time>
      </trkpt>
      <trkpt lat="50.930830" lon="14.113425">
        <ele>131.863424</ele>
        <time>2026-05-03T10:49:47.999Z</time>
      </trkpt>
      <trkpt lat="50.930801" lon="14.113599">
        <ele>132.151618</ele>
        <time>2026-05-03T10:49:51.999Z</time>
      </trkpt>
      <trkpt lat="50.930763" lon="14.113736">
        <ele>132.391293</ele>
        <time>2026-05-03T10:49:55.999Z</time>
      </trkpt>
      <trkpt lat="50.930720" lon="14.113874">
        <ele>132.637796</ele>
        <time>2026-05-03T10:49:59.999Z</time>
      </trkpt>
      <trkpt lat="50.930676" lon="14.114036">
        <ele>132.920261</ele>
        <time>2026-05-03T10:50:03.999Z</time>
      </trkpt>
      <trkpt lat="50.930635" lon="14.114181">
        <ele>133.174738</ele>
        <time>2026-05-03T10:50:06.999Z</time>
      </trkpt>
      <trkpt lat="50.930583" lon="14.114328">
        <ele>133.444663</ele>
        <time>2026-05-03T10:50:09.999Z</time>
      </trkpt>
      <trkpt lat="50.930535" lon="14.114487">
        <ele>133.726962</ele>
        <time>2026-05-03T10:50:12.999Z</time>
      </trkpt>
      <trkpt lat="50.930471" lon="14.114663">
        <ele>133.934551</ele>
        <time>2026-05-03T10:50:15.999Z</time>
      </trkpt>
      <trkpt lat="50.930406" lon="14.114831">
        <ele>134.054626</ele>
        <time>2026-05-03T10:50:18.999Z</time>
      </trkpt>
      <trkpt lat="50.930350" lon="14.115003">
        <ele>134.172548</ele>
        <time>2026-05-03T10:50:21.999Z</time>
      </trkpt>
      <trkpt lat="50.930300" lon="14.115131">
        <ele>134.264275</ele>
        <time>2026-05-03T10:50:23.999Z</time>
      </trkpt>
      <trkpt lat="50.930237" lon="14.115304">
        <ele>134.385978</ele>
        <time>2026-05-03T10:50:26.999Z</time>
      </trkpt>
      <trkpt lat="50.930179" lon="14.115476">
        <ele>134.504800</ele>
        <time>2026-05-03T10:50:29.999Z</time>
      </trkpt>
      <trkpt lat="50.930120" lon="14.115645">
        <ele>134.622479</ele>
        <time>2026-05-03T10:50:32.999Z</time>
      </trkpt>
      <trkpt lat="50.930060" lon="14.115821">
        <ele>134.744362</ele>
        <time>2026-05-03T10:50:35.999Z</time>
      </trkpt>
      <trkpt lat="50.929999" lon="14.115985">
        <ele>134.860357</ele>
        <time>2026-05-03T10:50:38.999Z</time>
      </trkpt>
      <trkpt lat="50.929938" lon="14.116144">
        <ele>134.973739</ele>
        <time>2026-05-03T10:50:41.999Z</time>
      </trkpt>
      <trkpt lat="50.929870" lon="14.116300">
        <ele>135.089274</ele>
        <time>2026-05-03T10:50:45.000Z</time>
      </trkpt>
      <trkpt lat="50.929807" lon="14.116479">
        <ele>135.214156</ele>
        <time>2026-05-03T10:50:48.000Z</time>
      </trkpt>
      <trkpt lat="50.929740" lon="14.116661">
        <ele>135.342542</ele>
        <time>2026-05-03T10:50:51.000Z</time>
      </trkpt>
      <trkpt lat="50.929697" lon="14.116790">
        <ele>135.431432</ele>
        <time>2026-05-03T10:50:53.000Z</time>
      </trkpt>
      <trkpt lat="50.929632" lon="14.116955">
        <ele>135.549955</ele>
        <time>2026-05-03T10:50:56.000Z</time>
      </trkpt>
      <trkpt lat="50.929564" lon="14.117089">
        <ele>135.524540</ele>
        <time>2026-05-03T10:50:59.000Z</time>
      </trkpt>
      <trkpt lat="50.929518" lon="14.117231">
        <ele>135.388184</ele>
        <time>2026-05-03T10:51:02.000Z</time>
      </trkpt>
      <trkpt lat="50.929471" lon="14.117372">
        <ele>135.251958</ele>
        <time>2026-05-03T10:51:07.000Z</time>
      </trkpt>
      <trkpt lat="50.929400" lon="14.117664">
        <ele>134.984659</ele>
        <time>2026-05-03T10:51:42.999Z</time>
      </trkpt>
      <trkpt lat="50.929353" lon="14.117853">
        <ele>134.811132</ele>
        <time>2026-05-03T10:51:45.999Z</time>
      </trkpt>
      <trkpt lat="50.929306" lon="14.117984">
        <ele>134.682394</ele>
        <time>2026-05-03T10:51:47.999Z</time>
      </trkpt>
      <trkpt lat="50.929263" lon="14.118129">
        <ele>134.545532</ele>
        <time>2026-05-03T10:51:49.999Z</time>
      </trkpt>
      <trkpt lat="50.929220" lon="14.118288">
        <ele>134.397764</ele>
        <time>2026-05-03T10:51:51.999Z</time>
      </trkpt>
      <trkpt lat="50.929172" lon="14.118440">
        <ele>134.252564</ele>
        <time>2026-05-03T10:51:53.999Z</time>
      </trkpt>
      <trkpt lat="50.929123" lon="14.118590">
        <ele>134.108270</ele>
        <time>2026-05-03T10:51:55.999Z</time>
      </trkpt>
      <trkpt lat="50.929082" lon="14.118739">
        <ele>133.969416</ele>
        <time>2026-05-03T10:51:57.999Z</time>
      </trkpt>
      <trkpt lat="50.929037" lon="14.118879">
        <ele>133.835196</ele>
        <time>2026-05-03T10:51:59.999Z</time>
      </trkpt>
      <trkpt lat="50.928990" lon="14.119019">
        <ele>133.699723</ele>
        <time>2026-05-03T10:52:01.999Z</time>
      </trkpt>
      <trkpt lat="50.928946" lon="14.119153">
        <ele>133.570679</ele>
        <time>2026-05-03T10:52:03.999Z</time>
      </trkpt>
      <trkpt lat="50.928906" lon="14.119289">
        <ele>133.442502</ele>
        <time>2026-05-03T10:52:05.999Z</time>
      </trkpt>
      <trkpt lat="50.928847" lon="14.119481">
        <ele>133.260070</ele>
        <time>2026-05-03T10:52:08.999Z</time>
      </trkpt>
      <trkpt lat="50.928803" lon="14.119615">
        <ele>133.149499</ele>
        <time>2026-05-03T10:52:10.999Z</time>
      </trkpt>
      <trkpt lat="50.928756" lon="14.119766">
        <ele>133.088021</ele>
        <time>2026-05-03T10:52:12.999Z</time>
      </trkpt>
      <trkpt lat="50.928713" lon="14.119919">
        <ele>133.026866</ele>
        <time>2026-05-03T10:52:14.999Z</time>
      </trkpt>
      <trkpt lat="50.928671" lon="14.120072">
        <ele>132.965945</ele>
        <time>2026-05-03T10:52:16.999Z</time>
      </trkpt>
      <trkpt lat="50.928623" lon="14.120236">
        <ele>132.899936</ele>
        <time>2026-05-03T10:52:18.999Z</time>
      </trkpt>
      <trkpt lat="50.928590" lon="14.120375">
        <ele>132.845713</ele>
        <time>2026-05-03T10:52:20.999Z</time>
      </trkpt>
      <trkpt lat="50.928542" lon="14.120518">
        <ele>132.786568</ele>
        <time>2026-05-03T10:52:22.999Z</time>
      </trkpt>
      <trkpt lat="50.928512" lon="14.120680">
        <ele>132.724929</ele>
        <time>2026-05-03T10:52:24.999Z</time>
      </trkpt>
      <trkpt lat="50.928468" lon="14.120854">
        <ele>132.656488</ele>
        <time>2026-05-03T10:52:26.999Z</time>
      </trkpt>
      <trkpt lat="50.928420" lon="14.121024">
        <ele>132.588485</ele>
        <time>2026-05-03T10:52:28.999Z</time>
      </trkpt>
      <trkpt lat="50.928378" lon="14.121202">
        <ele>132.519101</ele>
        <time>2026-05-03T10:52:30.999Z</time>
      </trkpt>
      <trkpt lat="50.928326" lon="14.121370">
        <ele>132.450775</ele>
        <time>2026-05-03T10:52:32.999Z</time>
      </trkpt>
      <trkpt lat="50.928280" lon="14.121539">
        <ele>132.383573</ele>
        <time>2026-05-03T10:52:34.999Z</time>
      </trkpt>
      <trkpt lat="50.928230" lon="14.121710">
        <ele>132.314758</ele>
        <time>2026-05-03T10:52:36.999Z</time>
      </trkpt>
      <trkpt lat="50.928190" lon="14.121883">
        <ele>132.247487</ele>
        <time>2026-05-03T10:52:38.999Z</time>
      </trkpt>
      <trkpt lat="50.928152" lon="14.122050">
        <ele>132.182671</ele>
        <time>2026-05-03T10:52:40.999Z</time>
      </trkpt>
      <trkpt lat="50.928097" lon="14.122226">
        <ele>132.074930</ele>
        <time>2026-05-03T10:52:42.999Z</time>
      </trkpt>
      <trkpt lat="50.928064" lon="14.122391">
        <ele>131.796495</ele>
        <time>2026-05-03T10:52:44.999Z</time>
      </trkpt>
      <trkpt lat="50.928017" lon="14.122556">
        <ele>131.505257</ele>
        <time>2026-05-03T10:52:46.999Z</time>
      </trkpt>
      <trkpt lat="50.927970" lon="14.122735">
        <ele>131.193361</ele>
        <time>2026-05-03T10:52:49.000Z</time>
      </trkpt>
      <trkpt lat="50.927931" lon="14.122930">
        <ele>130.864301</ele>
        <time>2026-05-03T10:52:51.000Z</time>
      </trkpt>
      <trkpt lat="50.927890" lon="14.123128">
        <ele>130.529081</ele>
        <time>2026-05-03T10:52:53.000Z</time>
      </trkpt>
      <trkpt lat="50.927864" lon="14.123331">
        <ele>130.195891</ele>
        <time>2026-05-03T10:52:55.000Z</time>
      </trkpt>
      <trkpt lat="50.927819" lon="14.123541">
        <ele>129.839128</ele>
        <time>2026-05-03T10:52:57.000Z</time>
      </trkpt>
      <trkpt lat="50.927775" lon="14.123754">
        <ele>129.478596</ele>
        <time>2026-05-03T10:52:59.000Z</time>
      </trkpt>
      <trkpt lat="50.927738" lon="14.123966">
        <ele>129.124771</ele>
        <time>2026-05-03T10:53:01.000Z</time>
      </trkpt>
      <trkpt lat="50.927718" lon="14.124171">
        <ele>128.791110</ele>
        <time>2026-05-03T10:53:03.000Z</time>
      </trkpt>
      <trkpt lat="50.927696" lon="14.124360">
        <ele>128.481970</ele>
        <time>2026-05-03T10:53:05.000Z</time>
      </trkpt>
      <trkpt lat="50.927679" lon="14.124562">
        <ele>128.154177</ele>
        <time>2026-05-03T10:53:07.000Z</time>
      </trkpt>
      <trkpt lat="50.927660" lon="14.124769">
        <ele>127.817713</ele>
        <time>2026-05-03T10:53:09.000Z</time>
      </trkpt>
      <trkpt lat="50.927657" lon="14.124986">
        <ele>127.520401</ele>
        <time>2026-05-03T10:53:11.000Z</time>
      </trkpt>
      <trkpt lat="50.927659" lon="14.125202">
        <ele>127.458732</ele>
        <time>2026-05-03T10:53:13.000Z</time>
      </trkpt>
      <trkpt lat="50.927652" lon="14.125421">
        <ele>127.396133</ele>
        <time>2026-05-03T10:53:15.000Z</time>
      </trkpt>
      <trkpt lat="50.927648" lon="14.125637">
        <ele>127.334444</ele>
        <time>2026-05-03T10:53:17.000Z</time>
      </trkpt>
      <trkpt lat="50.927643" lon="14.125851">
        <ele>127.273311</ele>
        <time>2026-05-03T10:53:19.000Z</time>
      </trkpt>
      <trkpt lat="50.927654" lon="14.126063">
        <ele>127.212586</ele>
        <time>2026-05-03T10:53:21.000Z</time>
      </trkpt>
      <trkpt lat="50.927633" lon="14.126273">
        <ele>127.151886</ele>
        <time>2026-05-03T10:53:23.000Z</time>
      </trkpt>
      <trkpt lat="50.927622" lon="14.126473">
        <ele>127.094575</ele>
        <time>2026-05-03T10:53:25.000Z</time>
      </trkpt>
      <trkpt lat="50.927607" lon="14.126668">
        <ele>127.038494</ele>
        <time>2026-05-03T10:53:27.000Z</time>
      </trkpt>
      <trkpt lat="50.927601" lon="14.126865">
        <ele>126.982190</ele>
        <time>2026-05-03T10:53:29.000Z</time>
      </trkpt>
      <trkpt lat="50.927583" lon="14.127048">
        <ele>126.929316</ele>
        <time>2026-05-03T10:53:31.000Z</time>
      </trkpt>
      <trkpt lat="50.927552" lon="14.127236">
        <ele>126.873841</ele>
        <time>2026-05-03T10:53:33.000Z</time>
      </trkpt>
      <trkpt lat="50.927530" lon="14.127426">
        <ele>126.818693</ele>
        <time>2026-05-03T10:53:35.000Z</time>
      </trkpt>
      <trkpt lat="50.927507" lon="14.127617">
        <ele>126.763181</ele>
        <time>2026-05-03T10:53:37.000Z</time>
      </trkpt>
      <trkpt lat="50.927487" lon="14.127808">
        <ele>126.693752</ele>
        <time>2026-05-03T10:53:39.000Z</time>
      </trkpt>
      <trkpt lat="50.927470" lon="14.128006">
        <ele>126.547347</ele>
        <time>2026-05-03T10:53:41.000Z</time>
      </trkpt>
      <trkpt lat="50.927463" lon="14.128199">
        <ele>126.405712</ele>
        <time>2026-05-03T10:53:43.000Z</time>
      </trkpt>
      <trkpt lat="50.927450" lon="14.128401">
        <ele>126.256947</ele>
        <time>2026-05-03T10:53:45.000Z</time>
      </trkpt>
      <trkpt lat="50.927443" lon="14.128597">
        <ele>126.113117</ele>
        <time>2026-05-03T10:53:47.000Z</time>
      </trkpt>
      <trkpt lat="50.927427" lon="14.128795">
        <ele>125.966865</ele>
        <time>2026-05-03T10:53:48.999Z</time>
      </trkpt>
      <trkpt lat="50.927410" lon="14.128998">
        <ele>125.816830</ele>
        <time>2026-05-03T10:53:50.999Z</time>
      </trkpt>
      <trkpt lat="50.927407" lon="14.129212">
        <ele>125.660003</ele>
        <time>2026-05-03T10:53:52.999Z</time>
      </trkpt>
      <trkpt lat="50.927394" lon="14.129422">
        <ele>125.505406</ele>
        <time>2026-05-03T10:53:54.999Z</time>
      </trkpt>
      <trkpt lat="50.927389" lon="14.129633">
        <ele>125.350708</ele>
        <time>2026-05-03T10:53:56.999Z</time>
      </trkpt>
      <trkpt lat="50.927350" lon="14.129828">
        <ele>125.200821</ele>
        <time>2026-05-03T10:53:58.999Z</time>
      </trkpt>
      <trkpt lat="50.927289" lon="14.130003">
        <ele>125.054306</ele>
        <time>2026-05-03T10:54:00.999Z</time>
      </trkpt>
      <trkpt lat="50.927218" lon="14.130174">
        <ele>124.904283</ele>
        <time>2026-05-03T10:54:02.999Z</time>
      </trkpt>
      <trkpt lat="50.927138" lon="14.130329">
        <ele>124.757506</ele>
        <time>2026-05-03T10:54:04.999Z</time>
      </trkpt>
      <trkpt lat="50.927023" lon="14.130448">
        <ele>124.616630</ele>
        <time>2026-05-03T10:54:06.999Z</time>
      </trkpt>
      <trkpt lat="50.926898" lon="14.130508">
        <ele>124.565119</ele>
        <time>2026-05-03T10:54:08.999Z</time>
      </trkpt>
      <trkpt lat="50.926776" lon="14.130585">
        <ele>124.513331</ele>
        <time>2026-05-03T10:54:10.999Z</time>
      </trkpt>
      <trkpt lat="50.926649" lon="14.130626">
        <ele>124.462212</ele>
        <time>2026-05-03T10:54:12.999Z</time>
      </trkpt>
      <trkpt lat="50.926518" lon="14.130661">
        <ele>124.409814</ele>
        <time>2026-05-03T10:54:14.999Z</time>
      </trkpt>
      <trkpt lat="50.926393" lon="14.130687">
        <ele>124.360088</ele>
        <time>2026-05-03T10:54:16.999Z</time>
      </trkpt>
      <trkpt lat="50.926262" lon="14.130717">
        <ele>124.307883</ele>
        <time>2026-05-03T10:54:18.999Z</time>
      </trkpt>
      <trkpt lat="50.926133" lon="14.130735">
        <ele>124.256805</ele>
        <time>2026-05-03T10:54:20.999Z</time>
      </trkpt>
      <trkpt lat="50.926008" lon="14.130754">
        <ele>124.207275</ele>
        <time>2026-05-03T10:54:22.999Z</time>
      </trkpt>
      <trkpt lat="50.925890" lon="14.130763">
        <ele>124.160679</ele>
        <time>2026-05-03T10:54:24.999Z</time>
      </trkpt>
      <trkpt lat="50.925790" lon="14.130808">
        <ele>124.119680</ele>
        <time>2026-05-03T10:54:26.999Z</time>
      </trkpt>
      <trkpt lat="50.925714" lon="14.130935">
        <ele>124.076142</ele>
        <time>2026-05-03T10:54:28.999Z</time>
      </trkpt>
      <trkpt lat="50.925667" lon="14.131097">
        <ele>124.031804</ele>
        <time>2026-05-03T10:54:30.999Z</time>
      </trkpt>
      <trkpt lat="50.925673" lon="14.131286">
        <ele>123.984755</ele>
        <time>2026-05-03T10:54:32.999Z</time>
      </trkpt>
      <trkpt lat="50.925704" lon="14.131453">
        <ele>123.941472</ele>
        <time>2026-05-03T10:54:34.999Z</time>
      </trkpt>
      <trkpt lat="50.925714" lon="14.131622">
        <ele>124.065249</ele>
        <time>2026-05-03T10:54:36.999Z</time>
      </trkpt>
      <trkpt lat="50.925736" lon="14.131776">
        <ele>124.397606</ele>
        <time>2026-05-03T10:54:38.999Z</time>
      </trkpt>
      <trkpt lat="50.925760" lon="14.131917">
        <ele>124.705010</ele>
        <time>2026-05-03T10:54:40.999Z</time>
      </trkpt>
      <trkpt lat="50.925769" lon="14.132100">
        <ele>125.091356</ele>
        <time>2026-05-03T10:54:43.999Z</time>
      </trkpt>
      <trkpt lat="50.925792" lon="14.132259">
        <ele>125.434715</ele>
        <time>2026-05-03T10:54:48.999Z</time>
      </trkpt>
      <trkpt lat="50.925795" lon="14.132414">
        <ele>125.761109</ele>
        <time>2026-05-03T10:54:55.000Z</time>
      </trkpt>
      <trkpt lat="50.925680" lon="14.132502">
        <ele>126.187452</ele>
        <time>2026-05-03T10:55:00.000Z</time>
      </trkpt>
      <trkpt lat="50.925559" lon="14.132532">
        <ele>126.596398</ele>
        <time>2026-05-03T10:55:04.000Z</time>
      </trkpt>
      <trkpt lat="50.925462" lon="14.132557">
        <ele>126.924545</ele>
        <time>2026-05-03T10:55:07.000Z</time>
      </trkpt>
      <trkpt lat="50.925353" lon="14.132590">
        <ele>127.295085</ele>
        <time>2026-05-03T10:55:11.000Z</time>
      </trkpt>
      <trkpt lat="50.925266" lon="14.132550">
        <ele>127.597548</ele>
        <time>2026-05-03T10:55:14.000Z</time>
      </trkpt>
      <trkpt lat="50.925192" lon="14.132438">
        <ele>127.939060</ele>
        <time>2026-05-03T10:55:17.000Z</time>
      </trkpt>
      <trkpt lat="50.925108" lon="14.132316">
        <ele>128.319343</ele>
        <time>2026-05-03T10:55:21.000Z</time>
      </trkpt>
      <trkpt lat="50.925027" lon="14.132232">
        <ele>128.642478</ele>
        <time>2026-05-03T10:55:24.000Z</time>
      </trkpt>
      <trkpt lat="50.924957" lon="14.132130">
        <ele>128.959855</ele>
        <time>2026-05-03T10:55:27.000Z</time>
      </trkpt>
      <trkpt lat="50.924881" lon="14.132032">
        <ele>129.286889</ele>
        <time>2026-05-03T10:55:30.000Z</time>
      </trkpt>
      <trkpt lat="50.924807" lon="14.131936">
        <ele>129.606088</ele>
        <time>2026-05-03T10:55:33.000Z</time>
      </trkpt>
      <trkpt lat="50.924727" lon="14.131849">
        <ele>129.920555</ele>
        <time>2026-05-03T10:55:36.000Z</time>
      </trkpt>
      <trkpt lat="50.924633" lon="14.131876">
        <ele>129.819826</ele>
        <time>2026-05-03T10:55:39.000Z</time>
      </trkpt>
      <trkpt lat="50.924591" lon="14.132044">
        <ele>129.699702</ele>
        <time>2026-05-03T10:55:42.000Z</time>
      </trkpt>
      <trkpt lat="50.924557" lon="14.132205">
        <ele>129.586846</ele>
        <time>2026-05-03T10:55:45.000Z</time>
      </trkpt>
      <trkpt lat="50.924530" lon="14.132349">
        <ele>129.486990</ele>
        <time>2026-05-03T10:55:48.000Z</time>
      </trkpt>
      <trkpt lat="50.924470" lon="14.132479">
        <ele>129.379898</ele>
        <time>2026-05-03T10:55:51.000Z</time>
      </trkpt>
      <trkpt lat="50.924427" lon="14.132626">
        <ele>129.272185</ele>
        <time>2026-05-03T10:55:53.999Z</time>
      </trkpt>
      <trkpt lat="50.924378" lon="14.132774">
        <ele>129.161071</ele>
        <time>2026-05-03T10:55:56.999Z</time>
      </trkpt>
      <trkpt lat="50.924342" lon="14.132944">
        <ele>129.041873</ele>
        <time>2026-05-03T10:55:59.999Z</time>
      </trkpt>
      <trkpt lat="50.924304" lon="14.133091">
        <ele>128.936270</ele>
        <time>2026-05-03T10:56:02.999Z</time>
      </trkpt>
      <trkpt lat="50.924310" lon="14.133269">
        <ele>128.817791</ele>
        <time>2026-05-03T10:56:06.999Z</time>
      </trkpt>
      <trkpt lat="50.924182" lon="14.133341">
        <ele>128.674589</ele>
        <time>2026-05-03T10:56:07.999Z</time>
      </trkpt>
      <trkpt lat="50.924127" lon="14.133469">
        <ele>128.571626</ele>
        <time>2026-05-03T10:56:09.999Z</time>
      </trkpt>
      <trkpt lat="50.924070" lon="14.133621">
        <ele>128.454070</ele>
        <time>2026-05-03T10:56:11.999Z</time>
      </trkpt>
      <trkpt lat="50.924011" lon="14.133788">
        <ele>128.326825</ele>
        <time>2026-05-03T10:56:13.999Z</time>
      </trkpt>
      <trkpt lat="50.923954" lon="14.133981">
        <ele>128.185162</ele>
        <time>2026-05-03T10:56:15.999Z</time>
      </trkpt>
      <trkpt lat="50.923894" lon="14.134175">
        <ele>128.041532</ele>
        <time>2026-05-03T10:56:17.999Z</time>
      </trkpt>
      <trkpt lat="50.923841" lon="14.134388">
        <ele>127.770475</ele>
        <time>2026-05-03T10:56:19.999Z</time>
      </trkpt>
      <trkpt lat="50.923790" lon="14.134556">
        <ele>127.538954</ele>
        <time>2026-05-03T10:56:21.999Z</time>
      </trkpt>
      <trkpt lat="50.923732" lon="14.134715">
        <ele>127.310863</ele>
        <time>2026-05-03T10:56:23.999Z</time>
      </trkpt>
      <trkpt lat="50.923677" lon="14.134890">
        <ele>127.068069</ele>
        <time>2026-05-03T10:56:25.999Z</time>
      </trkpt>
      <trkpt lat="50.923629" lon="14.135037">
        <ele>126.862515</ele>
        <time>2026-05-03T10:56:27.999Z</time>
      </trkpt>
      <trkpt lat="50.923573" lon="14.135193">
        <ele>126.639615</ele>
        <time>2026-05-03T10:56:29.999Z</time>
      </trkpt>
      <trkpt lat="50.923522" lon="14.135341">
        <ele>126.430189</ele>
        <time>2026-05-03T10:56:31.999Z</time>
      </trkpt>
      <trkpt lat="50.923473" lon="14.135495">
        <ele>126.215999</ele>
        <time>2026-05-03T10:56:33.999Z</time>
      </trkpt>
      <trkpt lat="50.923427" lon="14.135642">
        <ele>126.012227</ele>
        <time>2026-05-03T10:56:35.999Z</time>
      </trkpt>
      <trkpt lat="50.923379" lon="14.135788">
        <ele>125.807774</ele>
        <time>2026-05-03T10:56:37.999Z</time>
      </trkpt>
      <trkpt lat="50.923332" lon="14.135935">
        <ele>125.603118</ele>
        <time>2026-05-03T10:56:39.999Z</time>
      </trkpt>
      <trkpt lat="50.923286" lon="14.136082">
        <ele>125.399345</ele>
        <time>2026-05-03T10:56:41.999Z</time>
      </trkpt>
      <trkpt lat="50.923228" lon="14.136216">
        <ele>125.197519</ele>
        <time>2026-05-03T10:56:43.999Z</time>
      </trkpt>
      <trkpt lat="50.923160" lon="14.136347">
        <ele>124.986814</ele>
        <time>2026-05-03T10:56:45.999Z</time>
      </trkpt>
      <trkpt lat="50.923079" lon="14.136471">
        <ele>124.765093</ele>
        <time>2026-05-03T10:56:47.999Z</time>
      </trkpt>
      <trkpt lat="50.923000" lon="14.136582">
        <ele>124.557226</ele>
        <time>2026-05-03T10:56:49.999Z</time>
      </trkpt>
      <trkpt lat="50.922925" lon="14.136683">
        <ele>124.396540</ele>
        <time>2026-05-03T10:56:51.999Z</time>
      </trkpt>
      <trkpt lat="50.922841" lon="14.136786">
        <ele>124.245104</ele>
        <time>2026-05-03T10:56:53.999Z</time>
      </trkpt>
      <trkpt lat="50.922771" lon="14.136888">
        <ele>124.109530</ele>
        <time>2026-05-03T10:56:55.999Z</time>
      </trkpt>
      <trkpt lat="50.922688" lon="14.137008">
        <ele>123.949349</ele>
        <time>2026-05-03T10:56:57.999Z</time>
      </trkpt>
      <trkpt lat="50.922618" lon="14.137106">
        <ele>123.816181</ele>
        <time>2026-05-03T10:56:59.999Z</time>
      </trkpt>
      <trkpt lat="50.922525" lon="14.137261">
        <ele>123.623774</ele>
        <time>2026-05-03T10:57:03.000Z</time>
      </trkpt>
      <trkpt lat="50.922459" lon="14.137386">
        <ele>123.477163</ele>
        <time>2026-05-03T10:57:05.000Z</time>
      </trkpt>
      <trkpt lat="50.922394" lon="14.137513">
        <ele>123.330072</ele>
        <time>2026-05-03T10:57:07.000Z</time>
      </trkpt>
      <trkpt lat="50.922333" lon="14.137642">
        <ele>123.185075</ele>
        <time>2026-05-03T10:57:09.000Z</time>
      </trkpt>
      <trkpt lat="50.922279" lon="14.137768">
        <ele>123.048078</ele>
        <time>2026-05-03T10:57:11.000Z</time>
      </trkpt>
      <trkpt lat="50.922233" lon="14.137900">
        <ele>122.912461</ele>
        <time>2026-05-03T10:57:13.000Z</time>
      </trkpt>
      <trkpt lat="50.922186" lon="14.138027">
        <ele>122.780044</ele>
        <time>2026-05-03T10:57:15.000Z</time>
      </trkpt>
      <trkpt lat="50.922138" lon="14.138156">
        <ele>122.645354</ele>
        <time>2026-05-03T10:57:17.000Z</time>
      </trkpt>
      <trkpt lat="50.922070" lon="14.138341">
        <ele>122.452797</ele>
        <time>2026-05-03T10:57:20.000Z</time>
      </trkpt>
      <trkpt lat="50.922003" lon="14.138523">
        <ele>122.263289</ele>
        <time>2026-05-03T10:57:23.000Z</time>
      </trkpt>
      <trkpt lat="50.921946" lon="14.138686">
        <ele>122.095686</ele>
        <time>2026-05-03T10:57:26.000Z</time>
      </trkpt>
      <trkpt lat="50.921895" lon="14.138822">
        <ele>121.953399</ele>
        <time>2026-05-03T10:57:29.000Z</time>
      </trkpt>
      <trkpt lat="50.921837" lon="14.138970">
        <ele>121.853640</ele>
        <time>2026-05-03T10:57:33.000Z</time>
      </trkpt>
      <trkpt lat="50.921775" lon="14.139135">
        <ele>121.762080</ele>
        <time>2026-05-03T10:57:36.000Z</time>
      </trkpt>
      <trkpt lat="50.921712" lon="14.139297">
        <ele>121.671351</ele>
        <time>2026-05-03T10:57:39.000Z</time>
      </trkpt>
      <trkpt lat="50.921683" lon="14.139446">
        <ele>121.597022</ele>
        <time>2026-05-03T10:57:42.000Z</time>
      </trkpt>
      <trkpt lat="50.921695" lon="14.139606">
        <ele>121.520219</ele>
        <time>2026-05-03T10:57:51.000Z</time>
      </trkpt>
      <trkpt lat="50.921692" lon="14.139758">
        <ele>121.447733</ele>
        <time>2026-05-03T10:57:54.000Z</time>
      </trkpt>
      <trkpt lat="50.921625" lon="14.139930">
        <ele>121.351359</ele>
        <time>2026-05-03T10:57:58.999Z</time>
      </trkpt>
      <trkpt lat="50.921365" lon="14.140020">
        <ele>121.150138</ele>
        <time>2026-05-03T10:57:59.999Z</time>
      </trkpt>
      <trkpt lat="50.921272" lon="14.140181">
        <ele>121.046050</ele>
        <time>2026-05-03T10:58:02.999Z</time>
      </trkpt>
      <trkpt lat="50.921197" lon="14.140357">
        <ele>120.944789</ele>
        <time>2026-05-03T10:58:05.999Z</time>
      </trkpt>
      <trkpt lat="50.921126" lon="14.140532">
        <ele>120.845591</ele>
        <time>2026-05-03T10:58:08.999Z</time>
      </trkpt>
      <trkpt lat="50.921077" lon="14.140655">
        <ele>120.776236</ele>
        <time>2026-05-03T10:58:10.999Z</time>
      </trkpt>
      <trkpt lat="50.921009" lon="14.140818">
        <ele>120.683068</ele>
        <time>2026-05-03T10:58:13.999Z</time>
      </trkpt>
      <trkpt lat="50.920955" lon="14.140936">
        <ele>120.613565</ele>
        <time>2026-05-03T10:58:15.999Z</time>
      </trkpt>
      <trkpt lat="50.920902" lon="14.141052">
        <ele>120.553698</ele>
        <time>2026-05-03T10:58:17.999Z</time>
      </trkpt>
      <trkpt lat="50.920857" lon="14.141181">
        <ele>120.530456</ele>
        <time>2026-05-03T10:58:19.999Z</time>
      </trkpt>
      <trkpt lat="50.920800" lon="14.141307">
        <ele>120.506008</ele>
        <time>2026-05-03T10:58:21.999Z</time>
      </trkpt>
      <trkpt lat="50.920743" lon="14.141439">
        <ele>120.480786</ele>
        <time>2026-05-03T10:58:23.999Z</time>
      </trkpt>
      <trkpt lat="50.920697" lon="14.141574">
        <ele>120.456594</ele>
        <time>2026-05-03T10:58:25.999Z</time>
      </trkpt>
      <trkpt lat="50.920626" lon="14.141718">
        <ele>120.427775</ele>
        <time>2026-05-03T10:58:27.999Z</time>
      </trkpt>
      <trkpt lat="50.920579" lon="14.141850">
        <ele>120.403877</ele>
        <time>2026-05-03T10:58:29.999Z</time>
      </trkpt>
      <trkpt lat="50.920530" lon="14.141974">
        <ele>120.380806</ele>
        <time>2026-05-03T10:58:31.999Z</time>
      </trkpt>
      <trkpt lat="50.920478" lon="14.142100">
        <ele>120.357066</ele>
        <time>2026-05-03T10:58:33.999Z</time>
      </trkpt>
      <trkpt lat="50.920426" lon="14.142236">
        <ele>120.331991</ele>
        <time>2026-05-03T10:58:35.999Z</time>
      </trkpt>
      <trkpt lat="50.920382" lon="14.142370">
        <ele>120.308173</ele>
        <time>2026-05-03T10:58:37.999Z</time>
      </trkpt>
      <trkpt lat="50.920333" lon="14.142490">
        <ele>120.285635</ele>
        <time>2026-05-03T10:58:39.999Z</time>
      </trkpt>
      <trkpt lat="50.920279" lon="14.142629">
        <ele>120.259896</ele>
        <time>2026-05-03T10:58:41.999Z</time>
      </trkpt>
      <trkpt lat="50.920220" lon="14.142758">
        <ele>120.234771</ele>
        <time>2026-05-03T10:58:43.999Z</time>
      </trkpt>
      <trkpt lat="50.920158" lon="14.142884">
        <ele>120.209574</ele>
        <time>2026-05-03T10:58:45.999Z</time>
      </trkpt>
      <trkpt lat="50.920104" lon="14.143017">
        <ele>120.184635</ele>
        <time>2026-05-03T10:58:47.999Z</time>
      </trkpt>
      <trkpt lat="50.920057" lon="14.143155">
        <ele>120.159908</ele>
        <time>2026-05-03T10:58:49.999Z</time>
      </trkpt>
      <trkpt lat="50.920013" lon="14.143306">
        <ele>120.133684</ele>
        <time>2026-05-03T10:58:51.999Z</time>
      </trkpt>
      <trkpt lat="50.919969" lon="14.143443">
        <ele>120.109446</ele>
        <time>2026-05-03T10:58:53.999Z</time>
      </trkpt>
      <trkpt lat="50.919924" lon="14.143571">
        <ele>120.092748</ele>
        <time>2026-05-03T10:58:55.999Z</time>
      </trkpt>
      <trkpt lat="50.919886" lon="14.143702">
        <ele>120.076716</ele>
        <time>2026-05-03T10:58:57.999Z</time>
      </trkpt>
      <trkpt lat="50.919822" lon="14.143890">
        <ele>120.052962</ele>
        <time>2026-05-03T10:59:00.999Z</time>
      </trkpt>
      <trkpt lat="50.919784" lon="14.144022">
        <ele>120.036828</ele>
        <time>2026-05-03T10:59:02.999Z</time>
      </trkpt>
      <trkpt lat="50.919697" lon="14.144195">
        <ele>120.012224</ele>
        <time>2026-05-03T10:59:05.999Z</time>
      </trkpt>
      <trkpt lat="50.919642" lon="14.144320">
        <ele>119.995276</ele>
        <time>2026-05-03T10:59:08.000Z</time>
      </trkpt>
      <trkpt lat="50.919584" lon="14.144447">
        <ele>119.977840</ele>
        <time>2026-05-03T10:59:10.000Z</time>
      </trkpt>
      <trkpt lat="50.919515" lon="14.144561">
        <ele>119.960270</ele>
        <time>2026-05-03T10:59:12.000Z</time>
      </trkpt>
      <trkpt lat="50.919458" lon="14.144716">
        <ele>119.940319</ele>
        <time>2026-05-03T10:59:14.000Z</time>
      </trkpt>
      <trkpt lat="50.919419" lon="14.144863">
        <ele>119.922587</ele>
        <time>2026-05-03T10:59:16.000Z</time>
      </trkpt>
      <trkpt lat="50.919369" lon="14.145012">
        <ele>119.903821</ele>
        <time>2026-05-03T10:59:18.000Z</time>
      </trkpt>
      <trkpt lat="50.919325" lon="14.145162">
        <ele>119.885427</ele>
        <time>2026-05-03T10:59:20.000Z</time>
      </trkpt>
      <trkpt lat="50.919269" lon="14.145310">
        <ele>119.866236</ele>
        <time>2026-05-03T10:59:22.000Z</time>
      </trkpt>
      <trkpt lat="50.919228" lon="14.145459">
        <ele>119.848160</ele>
        <time>2026-05-03T10:59:24.000Z</time>
      </trkpt>
      <trkpt lat="50.919184" lon="14.145606">
        <ele>119.830068</ele>
        <time>2026-05-03T10:59:26.000Z</time>
      </trkpt>
      <trkpt lat="50.919136" lon="14.145748">
        <ele>119.812154</ele>
        <time>2026-05-03T10:59:28.000Z</time>
      </trkpt>
      <trkpt lat="50.919082" lon="14.145883">
        <ele>119.794378</ele>
        <time>2026-05-03T10:59:30.000Z</time>
      </trkpt>
      <trkpt lat="50.919036" lon="14.146018">
        <ele>119.825169</ele>
        <time>2026-05-03T10:59:32.000Z</time>
      </trkpt>
      <trkpt lat="50.918992" lon="14.146152">
        <ele>119.867691</ele>
        <time>2026-05-03T10:59:34.000Z</time>
      </trkpt>
      <trkpt lat="50.918945" lon="14.146275">
        <ele>119.908172</ele>
        <time>2026-05-03T10:59:36.000Z</time>
      </trkpt>
      <trkpt lat="50.918887" lon="14.146453">
        <ele>119.964565</ele>
        <time>2026-05-03T10:59:39.000Z</time>
      </trkpt>
      <trkpt lat="50.918822" lon="14.146618">
        <ele>120.019324</ele>
        <time>2026-05-03T10:59:42.000Z</time>
      </trkpt>
      <trkpt lat="50.918756" lon="14.146799">
        <ele>120.078173</ele>
        <time>2026-05-03T10:59:45.000Z</time>
      </trkpt>
      <trkpt lat="50.918694" lon="14.146982">
        <ele>120.136644</ele>
        <time>2026-05-03T10:59:48.000Z</time>
      </trkpt>
      <trkpt lat="50.918625" lon="14.147162">
        <ele>120.195935</ele>
        <time>2026-05-03T10:59:51.000Z</time>
      </trkpt>
      <trkpt lat="50.918561" lon="14.147343">
        <ele>120.254342</ele>
        <time>2026-05-03T10:59:54.000Z</time>
      </trkpt>
      <trkpt lat="50.918493" lon="14.147522">
        <ele>120.313161</ele>
        <time>2026-05-03T10:59:57.000Z</time>
      </trkpt>
      <trkpt lat="50.918420" lon="14.147702">
        <ele>120.373399</ele>
        <time>2026-05-03T11:00:00.000Z</time>
      </trkpt>
      <trkpt lat="50.918385" lon="14.147836">
        <ele>120.414222</ele>
        <time>2026-05-03T11:00:02.000Z</time>
      </trkpt>
      <trkpt lat="50.918338" lon="14.147964">
        <ele>120.455912</ele>
        <time>2026-05-03T11:00:03.999Z</time>
      </trkpt>
      <trkpt lat="50.918267" lon="14.148153">
        <ele>120.517833</ele>
        <time>2026-05-03T11:00:06.999Z</time>
      </trkpt>
      <trkpt lat="50.918198" lon="14.148339">
        <ele>120.578574</ele>
        <time>2026-05-03T11:00:09.999Z</time>
      </trkpt>
      <trkpt lat="50.918136" lon="14.148511">
        <ele>120.562553</ele>
        <time>2026-05-03T11:00:12.999Z</time>
      </trkpt>
      <trkpt lat="50.918059" lon="14.148667">
        <ele>120.519442</ele>
        <time>2026-05-03T11:00:15.999Z</time>
      </trkpt>
      <trkpt lat="50.917997" lon="14.148844">
        <ele>120.475381</ele>
        <time>2026-05-03T11:00:18.999Z</time>
      </trkpt>
      <trkpt lat="50.917941" lon="14.149016">
        <ele>120.433259</ele>
        <time>2026-05-03T11:00:21.999Z</time>
      </trkpt>
      <trkpt lat="50.917892" lon="14.149174">
        <ele>120.394944</ele>
        <time>2026-05-03T11:00:24.999Z</time>
      </trkpt>
      <trkpt lat="50.917842" lon="14.149319">
        <ele>120.358981</ele>
        <time>2026-05-03T11:00:27.999Z</time>
      </trkpt>
      <trkpt lat="50.917791" lon="14.149451">
        <ele>120.325294</ele>
        <time>2026-05-03T11:00:30.999Z</time>
      </trkpt>
      <trkpt lat="50.917729" lon="14.149611">
        <ele>120.284428</ele>
        <time>2026-05-03T11:00:34.999Z</time>
      </trkpt>
      <trkpt lat="50.917671" lon="14.149764">
        <ele>120.245580</ele>
        <time>2026-05-03T11:00:38.999Z</time>
      </trkpt>
      <trkpt lat="50.917634" lon="14.149910">
        <ele>120.211340</ele>
        <time>2026-05-03T11:00:41.999Z</time>
      </trkpt>
      <trkpt lat="50.917580" lon="14.150071">
        <ele>120.171658</ele>
        <time>2026-05-03T11:00:44.999Z</time>
      </trkpt>
      <trkpt lat="50.917523" lon="14.150190">
        <ele>120.139138</ele>
        <time>2026-05-03T11:00:46.999Z</time>
      </trkpt>
      <trkpt lat="50.917450" lon="14.150283">
        <ele>120.106821</ele>
        <time>2026-05-03T11:00:48.999Z</time>
      </trkpt>
      <trkpt lat="50.917343" lon="14.150337">
        <ele>120.068066</ele>
        <time>2026-05-03T11:00:50.999Z</time>
      </trkpt>
      <trkpt lat="50.917264" lon="14.150454">
        <ele>120.030761</ele>
        <time>2026-05-03T11:00:52.999Z</time>
      </trkpt>
      <trkpt lat="50.917211" lon="14.150595">
        <ele>119.995040</ele>
        <time>2026-05-03T11:00:54.999Z</time>
      </trkpt>
      <trkpt lat="50.917176" lon="14.150735">
        <ele>119.955237</ele>
        <time>2026-05-03T11:00:56.999Z</time>
      </trkpt>
      <trkpt lat="50.917128" lon="14.150878">
        <ele>119.896986</ele>
        <time>2026-05-03T11:00:58.999Z</time>
      </trkpt>
      <trkpt lat="50.917093" lon="14.151018">
        <ele>119.842834</ele>
        <time>2026-05-03T11:01:00.999Z</time>
      </trkpt>
      <trkpt lat="50.917047" lon="14.151153">
        <ele>119.787658</ele>
        <time>2026-05-03T11:01:02.999Z</time>
      </trkpt>
      <trkpt lat="50.917003" lon="14.151314">
        <ele>119.724563</ele>
        <time>2026-05-03T11:01:05.999Z</time>
      </trkpt>
      <trkpt lat="50.916949" lon="14.151476">
        <ele>119.658674</ele>
        <time>2026-05-03T11:01:08.999Z</time>
      </trkpt>
      <trkpt lat="50.916911" lon="14.151639">
        <ele>119.596187</ele>
        <time>2026-05-03T11:01:11.999Z</time>
      </trkpt>
      <trkpt lat="50.916902" lon="14.151826">
        <ele>119.528753</ele>
        <time>2026-05-03T11:01:15.000Z</time>
      </trkpt>
      <trkpt lat="50.917007" lon="14.151884">
        <ele>119.465342</ele>
        <time>2026-05-03T11:01:18.000Z</time>
      </trkpt>
      <trkpt lat="50.916922" lon="14.152167">
        <ele>119.352628</ele>
        <time>2026-05-03T11:01:23.000Z</time>
      </trkpt>
      <trkpt lat="50.916892" lon="14.152325">
        <ele>119.293297</ele>
        <time>2026-05-03T11:01:27.000Z</time>
      </trkpt>
      <trkpt lat="50.916866" lon="14.152501">
        <ele>119.228300</ele>
        <time>2026-05-03T11:01:31.000Z</time>
      </trkpt>
      <trkpt lat="50.916818" lon="14.152658">
        <ele>119.165561</ele>
        <time>2026-05-03T11:01:34.000Z</time>
      </trkpt>
      <trkpt lat="50.916771" lon="14.152824">
        <ele>119.100131</ele>
        <time>2026-05-03T11:01:37.000Z</time>
      </trkpt>
      <trkpt lat="50.916736" lon="14.152988">
        <ele>119.037876</ele>
        <time>2026-05-03T11:01:40.000Z</time>
      </trkpt>
      <trkpt lat="50.916694" lon="14.153137">
        <ele>118.979190</ele>
        <time>2026-05-03T11:01:43.000Z</time>
      </trkpt>
      <trkpt lat="50.916658" lon="14.153300">
        <ele>118.943159</ele>
        <time>2026-05-03T11:01:46.000Z</time>
      </trkpt>
      <trkpt lat="50.916621" lon="14.153465">
        <ele>118.934650</ele>
        <time>2026-05-03T11:01:49.000Z</time>
      </trkpt>
      <trkpt lat="50.916582" lon="14.153632">
        <ele>118.925998</ele>
        <time>2026-05-03T11:01:52.000Z</time>
      </trkpt>
      <trkpt lat="50.916531" lon="14.153786">
        <ele>118.917546</ele>
        <time>2026-05-03T11:01:55.000Z</time>
      </trkpt>
      <trkpt lat="50.916466" lon="14.153934">
        <ele>118.908783</ele>
        <time>2026-05-03T11:01:58.000Z</time>
      </trkpt>
      <trkpt lat="50.916407" lon="14.154109">
        <ele>118.899141</ele>
        <time>2026-05-03T11:02:01.000Z</time>
      </trkpt>
      <trkpt lat="50.916354" lon="14.154278">
        <ele>118.889970</ele>
        <time>2026-05-03T11:02:04.000Z</time>
      </trkpt>
      <trkpt lat="50.916307" lon="14.154439">
        <ele>118.881350</ele>
        <time>2026-05-03T11:02:07.000Z</time>
      </trkpt>
      <trkpt lat="50.916245" lon="14.154596">
        <ele>118.872349</ele>
        <time>2026-05-03T11:02:09.999Z</time>
      </trkpt>
      <trkpt lat="50.916185" lon="14.154765">
        <ele>118.862926</ele>
        <time>2026-05-03T11:02:12.999Z</time>
      </trkpt>
      <trkpt lat="50.916136" lon="14.154937">
        <ele>118.853756</ele>
        <time>2026-05-03T11:02:15.999Z</time>
      </trkpt>
      <trkpt lat="50.916135" lon="14.155120">
        <ele>118.844864</ele>
        <time>2026-05-03T11:02:18.999Z</time>
      </trkpt>
      <trkpt lat="50.916119" lon="14.155288">
        <ele>118.836609</ele>
        <time>2026-05-03T11:02:21.999Z</time>
      </trkpt>
      <trkpt lat="50.916092" lon="14.155462">
        <ele>118.827903</ele>
        <time>2026-05-03T11:02:24.999Z</time>
      </trkpt>
      <trkpt lat="50.916064" lon="14.155643">
        <ele>118.818848</ele>
        <time>2026-05-03T11:02:27.999Z</time>
      </trkpt>
      <trkpt lat="50.916026" lon="14.155833">
        <ele>118.809164</ele>
        <time>2026-05-03T11:02:30.999Z</time>
      </trkpt>
      <trkpt lat="50.915999" lon="14.155969">
        <ele>118.911900</ele>
        <time>2026-05-03T11:02:32.999Z</time>
      </trkpt>
      <trkpt lat="50.915975" lon="14.156109">
        <ele>119.025920</ele>
        <time>2026-05-03T11:02:34.999Z</time>
      </trkpt>
      <trkpt lat="50.915951" lon="14.156254">
        <ele>119.143736</ele>
        <time>2026-05-03T11:02:36.999Z</time>
      </trkpt>
      <trkpt lat="50.915925" lon="14.156399">
        <ele>119.262211</ele>
        <time>2026-05-03T11:02:38.999Z</time>
      </trkpt>
      <trkpt lat="50.915890" lon="14.156604">
        <ele>119.429122</ele>
        <time>2026-05-03T11:02:41.999Z</time>
      </trkpt>
      <trkpt lat="50.915863" lon="14.156742">
        <ele>119.542678</ele>
        <time>2026-05-03T11:02:43.999Z</time>
      </trkpt>
      <trkpt lat="50.915831" lon="14.156940">
        <ele>119.703317</ele>
        <time>2026-05-03T11:02:46.999Z</time>
      </trkpt>
      <trkpt lat="50.915800" lon="14.157133">
        <ele>119.859841</ele>
        <time>2026-05-03T11:02:49.999Z</time>
      </trkpt>
      <trkpt lat="50.915772" lon="14.157318">
        <ele>120.009363</ele>
        <time>2026-05-03T11:02:52.999Z</time>
      </trkpt>
      <trkpt lat="50.915748" lon="14.157495">
        <ele>120.151648</ele>
        <time>2026-05-03T11:02:55.999Z</time>
      </trkpt>
      <trkpt lat="50.915742" lon="14.157647">
        <ele>120.271338</ele>
        <time>2026-05-03T11:02:58.999Z</time>
      </trkpt>
      <trkpt lat="50.915746" lon="14.157983">
        <ele>120.535447</ele>
        <time>2026-05-03T11:11:02.999Z</time>
      </trkpt>
      <trkpt lat="50.915718" lon="14.158119">
        <ele>120.647884</ele>
        <time>2026-05-03T11:11:05.999Z</time>
      </trkpt>
      <trkpt lat="50.915691" lon="14.158271">
        <ele>120.771992</ele>
        <time>2026-05-03T11:11:08.999Z</time>
      </trkpt>
      <trkpt lat="50.915676" lon="14.158447">
        <ele>120.911568</ele>
        <time>2026-05-03T11:11:11.999Z</time>
      </trkpt>
      <trkpt lat="50.915642" lon="14.158613">
        <ele>121.048740</ele>
        <time>2026-05-03T11:11:14.999Z</time>
      </trkpt>
      <trkpt lat="50.915602" lon="14.158769">
        <ele>121.068345</ele>
        <time>2026-05-03T11:11:17.999Z</time>
      </trkpt>
      <trkpt lat="50.915534" lon="14.158931">
        <ele>121.089035</ele>
        <time>2026-05-03T11:11:20.999Z</time>
      </trkpt>
      <trkpt lat="50.915484" lon="14.159061">
        <ele>121.105224</ele>
        <time>2026-05-03T11:11:22.999Z</time>
      </trkpt>
      <trkpt lat="50.915416" lon="14.159233">
        <ele>121.126807</ele>
        <time>2026-05-03T11:11:25.999Z</time>
      </trkpt>
      <trkpt lat="50.915358" lon="14.159421">
        <ele>121.149058</ele>
        <time>2026-05-03T11:11:28.999Z</time>
      </trkpt>
      <trkpt lat="50.915326" lon="14.159555">
        <ele>121.164291</ele>
        <time>2026-05-03T11:11:30.999Z</time>
      </trkpt>
      <trkpt lat="50.915291" lon="14.159697">
        <ele>121.180499</ele>
        <time>2026-05-03T11:11:32.999Z</time>
      </trkpt>
      <trkpt lat="50.915276" lon="14.159842">
        <ele>121.196121</ele>
        <time>2026-05-03T11:11:34.999Z</time>
      </trkpt>
      <trkpt lat="50.915249" lon="14.160052">
        <ele>121.218905</ele>
        <time>2026-05-03T11:11:37.999Z</time>
      </trkpt>
      <trkpt lat="50.915235" lon="14.160198">
        <ele>121.234605</ele>
        <time>2026-05-03T11:11:39.999Z</time>
      </trkpt>
      <trkpt lat="50.915226" lon="14.160343">
        <ele>121.250094</ele>
        <time>2026-05-03T11:11:41.999Z</time>
      </trkpt>
      <trkpt lat="50.915218" lon="14.160488">
        <ele>121.265568</ele>
        <time>2026-05-03T11:11:44.000Z</time>
      </trkpt>
      <trkpt lat="50.915204" lon="14.160630">
        <ele>121.280848</ele>
        <time>2026-05-03T11:11:46.000Z</time>
      </trkpt>
      <trkpt lat="50.915183" lon="14.160775">
        <ele>121.296664</ele>
        <time>2026-05-03T11:11:48.000Z</time>
      </trkpt>
      <trkpt lat="50.915160" lon="14.160920">
        <ele>121.312559</ele>
        <time>2026-05-03T11:11:50.000Z</time>
      </trkpt>
      <trkpt lat="50.915140" lon="14.161072">
        <ele>121.329067</ele>
        <time>2026-05-03T11:11:52.000Z</time>
      </trkpt>
      <trkpt lat="50.915111" lon="14.161224">
        <ele>121.345949</ele>
        <time>2026-05-03T11:11:54.000Z</time>
      </trkpt>
      <trkpt lat="50.915091" lon="14.161380">
        <ele>121.361833</ele>
        <time>2026-05-03T11:11:56.000Z</time>
      </trkpt>
      <trkpt lat="50.915068" lon="14.161537">
        <ele>121.376960</ele>
        <time>2026-05-03T11:11:58.000Z</time>
      </trkpt>
      <trkpt lat="50.915043" lon="14.161693">
        <ele>121.392066</ele>
        <time>2026-05-03T11:12:00.000Z</time>
      </trkpt>
      <trkpt lat="50.915018" lon="14.161854">
        <ele>121.407628</ele>
        <time>2026-05-03T11:12:02.000Z</time>
      </trkpt>
      <trkpt lat="50.914994" lon="14.162015">
        <ele>121.423155</ele>
        <time>2026-05-03T11:12:04.000Z</time>
      </trkpt>
      <trkpt lat="50.914978" lon="14.162174">
        <ele>121.438266</ele>
        <time>2026-05-03T11:12:06.000Z</time>
      </trkpt>
      <trkpt lat="50.914968" lon="14.162333">
        <ele>121.453263</ele>
        <time>2026-05-03T11:12:08.000Z</time>
      </trkpt>
      <trkpt lat="50.914961" lon="14.162486">
        <ele>121.467660</ele>
        <time>2026-05-03T11:12:10.000Z</time>
      </trkpt>
      <trkpt lat="50.914956" lon="14.162635">
        <ele>121.481663</ele>
        <time>2026-05-03T11:12:12.000Z</time>
      </trkpt>
      <trkpt lat="50.914941" lon="14.162777">
        <ele>121.495176</ele>
        <time>2026-05-03T11:12:14.000Z</time>
      </trkpt>
      <trkpt lat="50.914921" lon="14.162983">
        <ele>121.514738</ele>
        <time>2026-05-03T11:12:17.000Z</time>
      </trkpt>
      <trkpt lat="50.914909" lon="14.163186">
        <ele>121.533873</ele>
        <time>2026-05-03T11:12:20.000Z</time>
      </trkpt>
      <trkpt lat="50.914899" lon="14.163336">
        <ele>121.548029</ele>
        <time>2026-05-03T11:12:22.000Z</time>
      </trkpt>
      <trkpt lat="50.914873" lon="14.163515">
        <ele>121.565269</ele>
        <time>2026-05-03T11:12:25.000Z</time>
      </trkpt>
      <trkpt lat="50.914844" lon="14.163656">
        <ele>121.579188</ele>
        <time>2026-05-03T11:12:28.000Z</time>
      </trkpt>
      <trkpt lat="50.914815" lon="14.163813">
        <ele>121.594542</ele>
        <time>2026-05-03T11:12:31.000Z</time>
      </trkpt>
      <trkpt lat="50.914776" lon="14.163976">
        <ele>121.610905</ele>
        <time>2026-05-03T11:12:34.000Z</time>
      </trkpt>
      <trkpt lat="50.914750" lon="14.164141">
        <ele>121.596213</ele>
        <time>2026-05-03T11:12:37.000Z</time>
      </trkpt>
      <trkpt lat="50.914714" lon="14.164304">
        <ele>121.515498</ele>
        <time>2026-05-03T11:12:40.000Z</time>
      </trkpt>
      <trkpt lat="50.914679" lon="14.164499">
        <ele>121.420745</ele>
        <time>2026-05-03T11:12:43.000Z</time>
      </trkpt>
      <trkpt lat="50.914644" lon="14.164704">
        <ele>121.321489</ele>
        <time>2026-05-03T11:12:46.000Z</time>
      </trkpt>
      <trkpt lat="50.914605" lon="14.164915">
        <ele>121.218729</ele>
        <time>2026-05-03T11:12:48.999Z</time>
      </trkpt>
      <trkpt lat="50.914583" lon="14.165061">
        <ele>121.148575</ele>
        <time>2026-05-03T11:12:50.999Z</time>
      </trkpt>
      <trkpt lat="50.914553" lon="14.165203">
        <ele>121.078586</ele>
        <time>2026-05-03T11:12:52.999Z</time>
      </trkpt>
      <trkpt lat="50.914527" lon="14.165356">
        <ele>121.004530</ele>
        <time>2026-05-03T11:12:54.999Z</time>
      </trkpt>
      <trkpt lat="50.914500" lon="14.165502">
        <ele>120.933423</ele>
        <time>2026-05-03T11:12:56.999Z</time>
      </trkpt>
      <trkpt lat="50.914475" lon="14.165651">
        <ele>120.861365</ele>
        <time>2026-05-03T11:12:58.999Z</time>
      </trkpt>
      <trkpt lat="50.914450" lon="14.165805">
        <ele>120.787046</ele>
        <time>2026-05-03T11:13:00.999Z</time>
      </trkpt>
      <trkpt lat="50.914425" lon="14.165960">
        <ele>120.712275</ele>
        <time>2026-05-03T11:13:02.999Z</time>
      </trkpt>
      <trkpt lat="50.914398" lon="14.166112">
        <ele>120.638473</ele>
        <time>2026-05-03T11:13:04.999Z</time>
      </trkpt>
      <trkpt lat="50.914374" lon="14.166264">
        <ele>120.565243</ele>
        <time>2026-05-03T11:13:06.999Z</time>
      </trkpt>
      <trkpt lat="50.914350" lon="14.166413">
        <ele>120.493371</ele>
        <time>2026-05-03T11:13:08.999Z</time>
      </trkpt>
      <trkpt lat="50.914327" lon="14.166563">
        <ele>120.421226</ele>
        <time>2026-05-03T11:13:10.999Z</time>
      </trkpt>
      <trkpt lat="50.914304" lon="14.166715">
        <ele>120.348172</ele>
        <time>2026-05-03T11:13:12.999Z</time>
      </trkpt>
      <trkpt lat="50.914285" lon="14.166860">
        <ele>120.289069</ele>
        <time>2026-05-03T11:13:14.999Z</time>
      </trkpt>
      <trkpt lat="50.914264" lon="14.167002">
        <ele>120.293214</ele>
        <time>2026-05-03T11:13:16.999Z</time>
      </trkpt>
      <trkpt lat="50.914245" lon="14.167143">
        <ele>120.297311</ele>
        <time>2026-05-03T11:13:18.999Z</time>
      </trkpt>
      <trkpt lat="50.914244" lon="14.167354">
        <ele>120.303307</ele>
        <time>2026-05-03T11:13:21.999Z</time>
      </trkpt>
      <trkpt lat="50.914251" lon="14.167548">
        <ele>120.308828</ele>
        <time>2026-05-03T11:13:24.999Z</time>
      </trkpt>
      <trkpt lat="50.914239" lon="14.167734">
        <ele>120.314141</ele>
        <time>2026-05-03T11:13:27.999Z</time>
      </trkpt>
      <trkpt lat="50.914216" lon="14.167873">
        <ele>120.318225</ele>
        <time>2026-05-03T11:13:29.999Z</time>
      </trkpt>
      <trkpt lat="50.914180" lon="14.168073">
        <ele>120.324135</ele>
        <time>2026-05-03T11:13:32.999Z</time>
      </trkpt>
      <trkpt lat="50.914145" lon="14.168258">
        <ele>120.329623</ele>
        <time>2026-05-03T11:13:35.999Z</time>
      </trkpt>
      <trkpt lat="50.914103" lon="14.168450">
        <ele>120.335398</ele>
        <time>2026-05-03T11:13:38.999Z</time>
      </trkpt>
      <trkpt lat="50.914051" lon="14.168634">
        <ele>120.341128</ele>
        <time>2026-05-03T11:13:41.999Z</time>
      </trkpt>
      <trkpt lat="50.914011" lon="14.168770">
        <ele>120.345392</ele>
        <time>2026-05-03T11:13:43.999Z</time>
      </trkpt>
      <trkpt lat="50.913980" lon="14.168917">
        <ele>120.349797</ele>
        <time>2026-05-03T11:13:45.999Z</time>
      </trkpt>
      <trkpt lat="50.913944" lon="14.169064">
        <ele>120.354278</ele>
        <time>2026-05-03T11:13:47.999Z</time>
      </trkpt>
      <trkpt lat="50.913915" lon="14.169216">
        <ele>120.358790</ele>
        <time>2026-05-03T11:13:50.000Z</time>
      </trkpt>
      <trkpt lat="50.913882" lon="14.169377">
        <ele>120.363601</ele>
        <time>2026-05-03T11:13:52.000Z</time>
      </trkpt>
      <trkpt lat="50.913851" lon="14.169537">
        <ele>120.368357</ele>
        <time>2026-05-03T11:13:54.000Z</time>
      </trkpt>
      <trkpt lat="50.913811" lon="14.169690">
        <ele>120.426944</ele>
        <time>2026-05-03T11:13:56.000Z</time>
      </trkpt>
      <trkpt lat="50.913757" lon="14.169892">
        <ele>120.528870</ele>
        <time>2026-05-03T11:13:59.000Z</time>
      </trkpt>
      <trkpt lat="50.913716" lon="14.170051">
        <ele>120.608672</ele>
        <time>2026-05-03T11:14:01.000Z</time>
      </trkpt>
      <trkpt lat="50.913671" lon="14.170208">
        <ele>120.688789</ele>
        <time>2026-05-03T11:14:03.000Z</time>
      </trkpt>
      <trkpt lat="50.913634" lon="14.170371">
        <ele>120.769269</ele>
        <time>2026-05-03T11:14:05.000Z</time>
      </trkpt>
      <trkpt lat="50.913593" lon="14.170535">
        <ele>120.851226</ele>
        <time>2026-05-03T11:14:07.000Z</time>
      </trkpt>
      <trkpt lat="50.913553" lon="14.170705">
        <ele>120.935520</ele>
        <time>2026-05-03T11:14:09.000Z</time>
      </trkpt>
      <trkpt lat="50.913518" lon="14.170869">
        <ele>121.015953</ele>
        <time>2026-05-03T11:14:11.000Z</time>
      </trkpt>
      <trkpt lat="50.913488" lon="14.171027">
        <ele>121.092608</ele>
        <time>2026-05-03T11:14:13.000Z</time>
      </trkpt>
      <trkpt lat="50.913459" lon="14.171190">
        <ele>121.171287</ele>
        <time>2026-05-03T11:14:15.000Z</time>
      </trkpt>
      <trkpt lat="50.913427" lon="14.171353">
        <ele>121.250595</ele>
        <time>2026-05-03T11:14:17.000Z</time>
      </trkpt>
      <trkpt lat="50.913395" lon="14.171513">
        <ele>121.328574</ele>
        <time>2026-05-03T11:14:19.000Z</time>
      </trkpt>
      <trkpt lat="50.913460" lon="14.171753">
        <ele>121.449918</ele>
        <time>2026-05-03T11:14:21.000Z</time>
      </trkpt>
      <trkpt lat="50.913400" lon="14.171931">
        <ele>121.543684</ele>
        <time>2026-05-03T11:14:24.000Z</time>
      </trkpt>
      <trkpt lat="50.913357" lon="14.172109">
        <ele>121.632236</ele>
        <time>2026-05-03T11:14:27.000Z</time>
      </trkpt>
      <trkpt lat="50.913322" lon="14.172251">
        <ele>121.705830</ele>
        <time>2026-05-03T11:14:30.000Z</time>
      </trkpt>
      <trkpt lat="50.913273" lon="14.172379">
        <ele>121.798701</ele>
        <time>2026-05-03T11:14:35.000Z</time>
      </trkpt>
      <trkpt lat="50.913243" lon="14.172517">
        <ele>121.889232</ele>
        <time>2026-05-03T11:14:39.000Z</time>
      </trkpt>
      <trkpt lat="50.913202" lon="14.172679">
        <ele>121.997494</ele>
        <time>2026-05-03T11:14:42.999Z</time>
      </trkpt>
      <trkpt lat="50.913165" lon="14.172831">
        <ele>122.098545</ele>
        <time>2026-05-03T11:14:45.999Z</time>
      </trkpt>
      <trkpt lat="50.913130" lon="14.173002">
        <ele>122.210045</ele>
        <time>2026-05-03T11:14:48.999Z</time>
      </trkpt>
      <trkpt lat="50.913090" lon="14.173172">
        <ele>122.322580</ele>
        <time>2026-05-03T11:14:51.999Z</time>
      </trkpt>
      <trkpt lat="50.913059" lon="14.173341">
        <ele>122.431738</ele>
        <time>2026-05-03T11:14:54.999Z</time>
      </trkpt>
      <trkpt lat="50.913036" lon="14.173517">
        <ele>122.543212</ele>
        <time>2026-05-03T11:14:57.999Z</time>
      </trkpt>
      <trkpt lat="50.913015" lon="14.173701">
        <ele>122.659181</ele>
        <time>2026-05-03T11:15:00.999Z</time>
      </trkpt>
      <trkpt lat="50.912993" lon="14.173871">
        <ele>122.766812</ele>
        <time>2026-05-03T11:15:03.999Z</time>
      </trkpt>
      <trkpt lat="50.912960" lon="14.174055">
        <ele>122.885454</ele>
        <time>2026-05-03T11:15:06.999Z</time>
      </trkpt>
      <trkpt lat="50.912905" lon="14.174226">
        <ele>123.004509</ele>
        <time>2026-05-03T11:15:09.999Z</time>
      </trkpt>
      <trkpt lat="50.912860" lon="14.174404">
        <ele>123.123447</ele>
        <time>2026-05-03T11:15:12.999Z</time>
      </trkpt>
      <trkpt lat="50.912821" lon="14.174581">
        <ele>123.239731</ele>
        <time>2026-05-03T11:15:15.999Z</time>
      </trkpt>
      <trkpt lat="50.912773" lon="14.174764">
        <ele>123.362656</ele>
        <time>2026-05-03T11:15:18.999Z</time>
      </trkpt>
      <trkpt lat="50.912727" lon="14.174959">
        <ele>123.461987</ele>
        <time>2026-05-03T11:15:21.999Z</time>
      </trkpt>
      <trkpt lat="50.912678" lon="14.175150">
        <ele>123.452495</ele>
        <time>2026-05-03T11:15:24.999Z</time>
      </trkpt>
      <trkpt lat="50.912633" lon="14.175341">
        <ele>123.443109</ele>
        <time>2026-05-03T11:15:27.999Z</time>
      </trkpt>
      <trkpt lat="50.912596" lon="14.175477">
        <ele>123.436291</ele>
        <time>2026-05-03T11:15:29.999Z</time>
      </trkpt>
      <trkpt lat="50.912566" lon="14.175619">
        <ele>123.429397</ele>
        <time>2026-05-03T11:15:31.999Z</time>
      </trkpt>
      <trkpt lat="50.912529" lon="14.175763">
        <ele>123.422239</ele>
        <time>2026-05-03T11:15:33.999Z</time>
      </trkpt>
      <trkpt lat="50.912496" lon="14.175909">
        <ele>123.415100</ele>
        <time>2026-05-03T11:15:35.999Z</time>
      </trkpt>
      <trkpt lat="50.912459" lon="14.176047">
        <ele>123.408197</ele>
        <time>2026-05-03T11:15:37.999Z</time>
      </trkpt>
      <trkpt lat="50.912419" lon="14.176196">
        <ele>123.400742</ele>
        <time>2026-05-03T11:15:39.999Z</time>
      </trkpt>
      <trkpt lat="50.912379" lon="14.176338">
        <ele>123.393583</ele>
        <time>2026-05-03T11:15:41.999Z</time>
      </trkpt>
      <trkpt lat="50.912346" lon="14.176483">
        <ele>123.386487</ele>
        <time>2026-05-03T11:15:43.999Z</time>
      </trkpt>
      <trkpt lat="50.912305" lon="14.176626">
        <ele>123.379256</ele>
        <time>2026-05-03T11:15:45.999Z</time>
      </trkpt>
      <trkpt lat="50.912265" lon="14.176775">
        <ele>123.371801</ele>
        <time>2026-05-03T11:15:47.999Z</time>
      </trkpt>
      <trkpt lat="50.912221" lon="14.176925">
        <ele>123.364186</ele>
        <time>2026-05-03T11:15:49.999Z</time>
      </trkpt>
      <trkpt lat="50.912174" lon="14.177070">
        <ele>123.356680</ele>
        <time>2026-05-03T11:15:51.999Z</time>
      </trkpt>
      <trkpt lat="50.912143" lon="14.177204">
        <ele>123.350110</ele>
        <time>2026-05-03T11:15:53.999Z</time>
      </trkpt>
      <trkpt lat="50.912109" lon="14.177340">
        <ele>123.343375</ele>
        <time>2026-05-03T11:15:56.000Z</time>
      </trkpt>
      <trkpt lat="50.912081" lon="14.177476">
        <ele>123.336790</ele>
        <time>2026-05-03T11:15:58.000Z</time>
      </trkpt>
      <trkpt lat="50.912037" lon="14.177611">
        <ele>123.335023</ele>
        <time>2026-05-03T11:16:00.000Z</time>
      </trkpt>
      <trkpt lat="50.912002" lon="14.177758">
        <ele>123.340671</ele>
        <time>2026-05-03T11:16:02.000Z</time>
      </trkpt>
      <trkpt lat="50.911959" lon="14.177920">
        <ele>123.346989</ele>
        <time>2026-05-03T11:16:04.000Z</time>
      </trkpt>
      <trkpt lat="50.911921" lon="14.178065">
        <ele>123.352633</ele>
        <time>2026-05-03T11:16:06.000Z</time>
      </trkpt>
      <trkpt lat="50.911879" lon="14.178210">
        <ele>123.358368</ele>
        <time>2026-05-03T11:16:08.000Z</time>
      </trkpt>
      <trkpt lat="50.911850" lon="14.178349">
        <ele>123.363631</ele>
        <time>2026-05-03T11:16:10.000Z</time>
      </trkpt>
      <trkpt lat="50.911810" lon="14.178503">
        <ele>123.369617</ele>
        <time>2026-05-03T11:16:12.000Z</time>
      </trkpt>
      <trkpt lat="50.911766" lon="14.178700">
        <ele>123.377130</ele>
        <time>2026-05-03T11:16:15.000Z</time>
      </trkpt>
      <trkpt lat="50.911731" lon="14.178843">
        <ele>123.382643</ele>
        <time>2026-05-03T11:16:17.000Z</time>
      </trkpt>
      <trkpt lat="50.911701" lon="14.179044">
        <ele>123.390068</ele>
        <time>2026-05-03T11:16:20.000Z</time>
      </trkpt>
      <trkpt lat="50.911670" lon="14.179180">
        <ele>123.395266</ele>
        <time>2026-05-03T11:16:22.000Z</time>
      </trkpt>
      <trkpt lat="50.911650" lon="14.179397">
        <ele>123.403148</ele>
        <time>2026-05-03T11:16:25.000Z</time>
      </trkpt>
      <trkpt lat="50.911612" lon="14.179587">
        <ele>123.410313</ele>
        <time>2026-05-03T11:16:28.000Z</time>
      </trkpt>
      <trkpt lat="50.911592" lon="14.179743">
        <ele>123.416035</ele>
        <time>2026-05-03T11:16:30.000Z</time>
      </trkpt>
      <trkpt lat="50.911566" lon="14.179883">
        <ele>123.421281</ele>
        <time>2026-05-03T11:16:32.000Z</time>
      </trkpt>
      <trkpt lat="50.911537" lon="14.180031">
        <ele>123.426852</ele>
        <time>2026-05-03T11:16:34.000Z</time>
      </trkpt>
      <trkpt lat="50.911511" lon="14.180172">
        <ele>123.432132</ele>
        <time>2026-05-03T11:16:36.000Z</time>
      </trkpt>
      <trkpt lat="50.911472" lon="14.180337">
        <ele>123.452834</ele>
        <time>2026-05-03T11:16:38.000Z</time>
      </trkpt>
      <trkpt lat="50.911446" lon="14.180488">
        <ele>123.483723</ele>
        <time>2026-05-03T11:16:40.000Z</time>
      </trkpt>
      <trkpt lat="50.911415" lon="14.180633">
        <ele>123.513936</ele>
        <time>2026-05-03T11:16:42.000Z</time>
      </trkpt>
      <trkpt lat="50.911386" lon="14.180792">
        <ele>123.546598</ele>
        <time>2026-05-03T11:16:44.000Z</time>
      </trkpt>
      <trkpt lat="50.911359" lon="14.180942">
        <ele>123.577380</ele>
        <time>2026-05-03T11:16:46.000Z</time>
      </trkpt>
      <trkpt lat="50.911326" lon="14.181095">
        <ele>123.609289</ele>
        <time>2026-05-03T11:16:48.000Z</time>
      </trkpt>
      <trkpt lat="50.911300" lon="14.181242">
        <ele>123.639417</ele>
        <time>2026-05-03T11:16:50.000Z</time>
      </trkpt>
      <trkpt lat="50.911271" lon="14.181385">
        <ele>123.669059</ele>
        <time>2026-05-03T11:16:52.000Z</time>
      </trkpt>
      <trkpt lat="50.911242" lon="14.181527">
        <ele>123.698513</ele>
        <time>2026-05-03T11:16:53.999Z</time>
      </trkpt>
      <trkpt lat="50.911213" lon="14.181669">
        <ele>123.727968</ele>
        <time>2026-05-03T11:16:55.999Z</time>
      </trkpt>
      <trkpt lat="50.911168" lon="14.181867">
        <ele>123.769500</ele>
        <time>2026-05-03T11:16:58.999Z</time>
      </trkpt>
      <trkpt lat="50.911128" lon="14.182067">
        <ele>123.810904</ele>
        <time>2026-05-03T11:17:01.999Z</time>
      </trkpt>
      <trkpt lat="50.911092" lon="14.182265">
        <ele>123.851568</ele>
        <time>2026-05-03T11:17:04.999Z</time>
      </trkpt>
      <trkpt lat="50.911058" lon="14.182401">
        <ele>123.880438</ele>
        <time>2026-05-03T11:17:06.999Z</time>
      </trkpt>
      <trkpt lat="50.911022" lon="14.182604">
        <ele>123.922051</ele>
        <time>2026-05-03T11:17:09.999Z</time>
      </trkpt>
      <trkpt lat="50.910976" lon="14.182795">
        <ele>123.962397</ele>
        <time>2026-05-03T11:17:12.999Z</time>
      </trkpt>
      <trkpt lat="50.910926" lon="14.183014">
        <ele>123.999584</ele>
        <time>2026-05-03T11:17:15.999Z</time>
      </trkpt>
      <trkpt lat="50.910894" lon="14.183156">
        <ele>124.003692</ele>
        <time>2026-05-03T11:17:17.999Z</time>
      </trkpt>
      <trkpt lat="50.910871" lon="14.183295">
        <ele>124.007606</ele>
        <time>2026-05-03T11:17:19.999Z</time>
      </trkpt>
      <trkpt lat="50.910834" lon="14.183434">
        <ele>124.011716</ele>
        <time>2026-05-03T11:17:21.999Z</time>
      </trkpt>
      <trkpt lat="50.910773" lon="14.183643">
        <ele>124.017989</ele>
        <time>2026-05-03T11:17:24.999Z</time>
      </trkpt>
      <trkpt lat="50.910739" lon="14.183855">
        <ele>124.023948</ele>
        <time>2026-05-03T11:17:27.999Z</time>
      </trkpt>
      <trkpt lat="50.910707" lon="14.183996">
        <ele>124.028030</ele>
        <time>2026-05-03T11:17:29.999Z</time>
      </trkpt>
      <trkpt lat="50.910670" lon="14.184132">
        <ele>124.032065</ele>
        <time>2026-05-03T11:17:31.999Z</time>
      </trkpt>
      <trkpt lat="50.910620" lon="14.184336">
        <ele>124.038027</ele>
        <time>2026-05-03T11:17:34.999Z</time>
      </trkpt>
      <trkpt lat="50.910588" lon="14.184474">
        <ele>124.042032</ele>
        <time>2026-05-03T11:17:36.999Z</time>
      </trkpt>
      <trkpt lat="50.910559" lon="14.184648">
        <ele>124.046935</ele>
        <time>2026-05-03T11:17:39.999Z</time>
      </trkpt>
      <trkpt lat="50.910544" lon="14.184827">
        <ele>124.051853</ele>
        <time>2026-05-03T11:17:41.999Z</time>
      </trkpt>
      <trkpt lat="50.910504" lon="14.185024">
        <ele>124.057491</ele>
        <time>2026-05-03T11:17:44.999Z</time>
      </trkpt>
      <trkpt lat="50.910503" lon="14.185184">
        <ele>124.061849</ele>
        <time>2026-05-03T11:17:46.999Z</time>
      </trkpt>
      <trkpt lat="50.910481" lon="14.185331">
        <ele>124.065965</ele>
        <time>2026-05-03T11:17:48.999Z</time>
      </trkpt>
      <trkpt lat="50.910441" lon="14.185460">
        <ele>124.069881</ele>
        <time>2026-05-03T11:17:50.999Z</time>
      </trkpt>
      <trkpt lat="50.910396" lon="14.185608">
        <ele>124.074357</ele>
        <time>2026-05-03T11:17:52.999Z</time>
      </trkpt>
      <trkpt lat="50.910304" lon="14.185774">
        <ele>123.962632</ele>
        <time>2026-05-03T11:17:55.999Z</time>
      </trkpt>
      <trkpt lat="50.910246" lon="14.185899">
        <ele>123.856113</ele>
        <time>2026-05-03T11:17:57.999Z</time>
      </trkpt>
      <trkpt lat="50.910159" lon="14.186051">
        <ele>123.715217</ele>
        <time>2026-05-03T11:18:01.000Z</time>
      </trkpt>
      <trkpt lat="50.910091" lon="14.186153">
        <ele>123.613336</ele>
        <time>2026-05-03T11:18:03.000Z</time>
      </trkpt>
      <trkpt lat="50.910030" lon="14.186265">
        <ele>123.511759</ele>
        <time>2026-05-03T11:18:05.000Z</time>
      </trkpt>
      <trkpt lat="50.909978" lon="14.186394">
        <ele>123.406673</ele>
        <time>2026-05-03T11:18:07.000Z</time>
      </trkpt>
      <trkpt lat="50.909927" lon="14.186547">
        <ele>123.287891</ele>
        <time>2026-05-03T11:18:09.000Z</time>
      </trkpt>
      <trkpt lat="50.909890" lon="14.186699">
        <ele>123.176062</ele>
        <time>2026-05-03T11:18:11.000Z</time>
      </trkpt>
      <trkpt lat="50.909846" lon="14.186858">
        <ele>123.056885</ele>
        <time>2026-05-03T11:18:13.000Z</time>
      </trkpt>
      <trkpt lat="50.909797" lon="14.187026">
        <ele>122.929840</ele>
        <time>2026-05-03T11:18:15.000Z</time>
      </trkpt>
      <trkpt lat="50.909746" lon="14.187222">
        <ele>122.784310</ele>
        <time>2026-05-03T11:18:17.000Z</time>
      </trkpt>
      <trkpt lat="50.909698" lon="14.187402">
        <ele>122.650173</ele>
        <time>2026-05-03T11:18:19.000Z</time>
      </trkpt>
      <trkpt lat="50.909650" lon="14.187582">
        <ele>122.516035</ele>
        <time>2026-05-03T11:18:21.000Z</time>
      </trkpt>
      <trkpt lat="50.909605" lon="14.187754">
        <ele>122.388224</ele>
        <time>2026-05-03T11:18:23.000Z</time>
      </trkpt>
      <trkpt lat="50.909577" lon="14.187929">
        <ele>122.264305</ele>
        <time>2026-05-03T11:18:25.000Z</time>
      </trkpt>
      <trkpt lat="50.909529" lon="14.188097">
        <ele>122.137712</ele>
        <time>2026-05-03T11:18:27.000Z</time>
      </trkpt>
      <trkpt lat="50.909478" lon="14.188250">
        <ele>122.160123</ele>
        <time>2026-05-03T11:18:29.000Z</time>
      </trkpt>
      <trkpt lat="50.909437" lon="14.188422">
        <ele>122.213703</ele>
        <time>2026-05-03T11:18:31.000Z</time>
      </trkpt>
      <trkpt lat="50.909404" lon="14.188588">
        <ele>122.264420</ele>
        <time>2026-05-03T11:18:33.000Z</time>
      </trkpt>
      <trkpt lat="50.909378" lon="14.188774">
        <ele>122.319933</ele>
        <time>2026-05-03T11:18:35.000Z</time>
      </trkpt>
      <trkpt lat="50.909346" lon="14.188943">
        <ele>122.371349</ele>
        <time>2026-05-03T11:18:37.000Z</time>
      </trkpt>
      <trkpt lat="50.909314" lon="14.189100">
        <ele>122.419428</ele>
        <time>2026-05-03T11:18:39.000Z</time>
      </trkpt>
      <trkpt lat="50.909277" lon="14.189277">
        <ele>122.473763</ele>
        <time>2026-05-03T11:18:41.000Z</time>
      </trkpt>
      <trkpt lat="50.909257" lon="14.189447">
        <ele>122.524153</ele>
        <time>2026-05-03T11:18:43.000Z</time>
      </trkpt>
      <trkpt lat="50.909232" lon="14.189600">
        <ele>122.570208</ele>
        <time>2026-05-03T11:18:45.000Z</time>
      </trkpt>
      <trkpt lat="50.909194" lon="14.189747">
        <ele>122.616502</ele>
        <time>2026-05-03T11:18:47.000Z</time>
      </trkpt>
      <trkpt lat="50.909175" lon="14.189901">
        <ele>122.662226</ele>
        <time>2026-05-03T11:18:49.000Z</time>
      </trkpt>
      <trkpt lat="50.909147" lon="14.190052">
        <ele>122.708088</ele>
        <time>2026-05-03T11:18:51.000Z</time>
      </trkpt>
      <trkpt lat="50.909120" lon="14.190209">
        <ele>122.755507</ele>
        <time>2026-05-03T11:18:53.000Z</time>
      </trkpt>
      <trkpt lat="50.909099" lon="14.190371">
        <ele>122.803699</ele>
        <time>2026-05-03T11:18:54.999Z</time>
      </trkpt>
      <trkpt lat="50.909071" lon="14.190521">
        <ele>122.849282</ele>
        <time>2026-05-03T11:18:56.999Z</time>
      </trkpt>
      <trkpt lat="50.909053" lon="14.190727">
        <ele>122.909881</ele>
        <time>2026-05-03T11:18:59.999Z</time>
      </trkpt>
      <trkpt lat="50.908998" lon="14.190881">
        <ele>122.910475</ele>
        <time>2026-05-03T11:19:01.999Z</time>
      </trkpt>
      <trkpt lat="50.908964" lon="14.191022">
        <ele>122.771131</ele>
        <time>2026-05-03T11:19:03.999Z</time>
      </trkpt>
      <trkpt lat="50.908925" lon="14.191158">
        <ele>122.633221</ele>
        <time>2026-05-03T11:19:05.999Z</time>
      </trkpt>
      <trkpt lat="50.908889" lon="14.191290">
        <ele>122.500468</ele>
        <time>2026-05-03T11:19:07.999Z</time>
      </trkpt>
      <trkpt lat="50.908852" lon="14.191425">
        <ele>122.364592</ele>
        <time>2026-05-03T11:19:09.999Z</time>
      </trkpt>
      <trkpt lat="50.908816" lon="14.191555">
        <ele>122.233531</ele>
        <time>2026-05-03T11:19:11.999Z</time>
      </trkpt>
      <trkpt lat="50.908782" lon="14.191692">
        <ele>122.097629</ele>
        <time>2026-05-03T11:19:13.999Z</time>
      </trkpt>
      <trkpt lat="50.908725" lon="14.191886">
        <ele>121.900067</ele>
        <time>2026-05-03T11:19:16.999Z</time>
      </trkpt>
      <trkpt lat="50.908697" lon="14.192097">
        <ele>121.701033</ele>
        <time>2026-05-03T11:19:19.999Z</time>
      </trkpt>
      <trkpt lat="50.908659" lon="14.192291">
        <ele>121.513517</ele>
        <time>2026-05-03T11:19:22.999Z</time>
      </trkpt>
      <trkpt lat="50.908624" lon="14.192486">
        <ele>121.326368</ele>
        <time>2026-05-03T11:19:25.999Z</time>
      </trkpt>
      <trkpt lat="50.908590" lon="14.192680">
        <ele>121.140504</ele>
        <time>2026-05-03T11:19:28.999Z</time>
      </trkpt>
      <trkpt lat="50.908566" lon="14.192825">
        <ele>121.002124</ele>
        <time>2026-05-03T11:19:30.999Z</time>
      </trkpt>
      <trkpt lat="50.908538" lon="14.192995">
        <ele>120.839937</ele>
        <time>2026-05-03T11:19:32.999Z</time>
      </trkpt>
      <trkpt lat="50.908506" lon="14.193183">
        <ele>120.660188</ele>
        <time>2026-05-03T11:19:34.999Z</time>
      </trkpt>
      <trkpt lat="50.908470" lon="14.193391">
        <ele>120.461087</ele>
        <time>2026-05-03T11:19:36.999Z</time>
      </trkpt>
      <trkpt lat="50.908430" lon="14.193609">
        <ele>120.203466</ele>
        <time>2026-05-03T11:19:38.999Z</time>
      </trkpt>
      <trkpt lat="50.908387" lon="14.193831">
        <ele>119.829881</ele>
        <time>2026-05-03T11:19:40.999Z</time>
      </trkpt>
      <trkpt lat="50.908346" lon="14.194046">
        <ele>119.468555</ele>
        <time>2026-05-03T11:19:42.999Z</time>
      </trkpt>
      <trkpt lat="50.908303" lon="14.194257">
        <ele>119.111847</ele>
        <time>2026-05-03T11:19:44.999Z</time>
      </trkpt>
      <trkpt lat="50.908253" lon="14.194495">
        <ele>118.708301</ele>
        <time>2026-05-03T11:19:46.999Z</time>
      </trkpt>
      <trkpt lat="50.908204" lon="14.194723">
        <ele>118.320815</ele>
        <time>2026-05-03T11:19:48.999Z</time>
      </trkpt>
      <trkpt lat="50.908158" lon="14.194944">
        <ele>117.946438</ele>
        <time>2026-05-03T11:19:50.999Z</time>
      </trkpt>
      <trkpt lat="50.908115" lon="14.195158">
        <ele>117.585133</ele>
        <time>2026-05-03T11:19:52.999Z</time>
      </trkpt>
      <trkpt lat="50.908077" lon="14.195360">
        <ele>117.246035</ele>
        <time>2026-05-03T11:19:54.999Z</time>
      </trkpt>
      <trkpt lat="50.908043" lon="14.195546">
        <ele>116.934508</ele>
        <time>2026-05-03T11:19:56.999Z</time>
      </trkpt>
      <trkpt lat="50.908013" lon="14.195719">
        <ele>116.645881</ele>
        <time>2026-05-03T11:19:58.999Z</time>
      </trkpt>
      <trkpt lat="50.907986" lon="14.195875">
        <ele>116.385651</ele>
        <time>2026-05-03T11:20:00.999Z</time>
      </trkpt>
      <trkpt lat="50.907955" lon="14.196051">
        <ele>116.091691</ele>
        <time>2026-05-03T11:20:02.999Z</time>
      </trkpt>
      <trkpt lat="50.907922" lon="14.196236">
        <ele>115.782413</ele>
        <time>2026-05-03T11:20:04.999Z</time>
      </trkpt>
      <trkpt lat="50.907885" lon="14.196432">
        <ele>115.881211</ele>
        <time>2026-05-03T11:20:07.000Z</time>
      </trkpt>
      <trkpt lat="50.907849" lon="14.196616">
        <ele>116.054642</ele>
        <time>2026-05-03T11:20:09.000Z</time>
      </trkpt>
      <trkpt lat="50.907810" lon="14.196804">
        <ele>116.232808</ele>
        <time>2026-05-03T11:20:11.000Z</time>
      </trkpt>
      <trkpt lat="50.907773" lon="14.196984">
        <ele>116.403241</ele>
        <time>2026-05-03T11:20:13.000Z</time>
      </trkpt>
      <trkpt lat="50.907738" lon="14.197152">
        <ele>116.562519</ele>
        <time>2026-05-03T11:20:15.000Z</time>
      </trkpt>
      <trkpt lat="50.907704" lon="14.197319">
        <ele>116.720498</ele>
        <time>2026-05-03T11:20:17.000Z</time>
      </trkpt>
      <trkpt lat="50.907671" lon="14.197487">
        <ele>116.878904</ele>
        <time>2026-05-03T11:20:19.000Z</time>
      </trkpt>
      <trkpt lat="50.907625" lon="14.197640">
        <ele>117.031494</ele>
        <time>2026-05-03T11:20:21.000Z</time>
      </trkpt>
      <trkpt lat="50.907607" lon="14.197799">
        <ele>117.176919</ele>
        <time>2026-05-03T11:20:23.000Z</time>
      </trkpt>
      <trkpt lat="50.907570" lon="14.197942">
        <ele>117.316067</ele>
        <time>2026-05-03T11:20:25.000Z</time>
      </trkpt>
      <trkpt lat="50.907524" lon="14.198144">
        <ele>117.509408</ele>
        <time>2026-05-03T11:20:28.000Z</time>
      </trkpt>
      <trkpt lat="50.907507" lon="14.198290">
        <ele>117.643064</ele>
        <time>2026-05-03T11:20:30.000Z</time>
      </trkpt>
      <trkpt lat="50.907478" lon="14.198429">
        <ele>117.774867</ele>
        <time>2026-05-03T11:20:32.000Z</time>
      </trkpt>
      <trkpt lat="50.907450" lon="14.198566">
        <ele>117.904515</ele>
        <time>2026-05-03T11:20:34.000Z</time>
      </trkpt>
      <trkpt lat="50.907409" lon="14.198767">
        <ele>118.094693</ele>
        <time>2026-05-03T11:20:37.000Z</time>
      </trkpt>
      <trkpt lat="50.907376" lon="14.198927">
        <ele>118.246239</ele>
        <time>2026-05-03T11:20:39.000Z</time>
      </trkpt>
      <trkpt lat="50.907344" lon="14.199072">
        <ele>118.362516</ele>
        <time>2026-05-03T11:20:41.000Z</time>
      </trkpt>
      <trkpt lat="50.907308" lon="14.199235">
        <ele>118.479552</ele>
        <time>2026-05-03T11:20:43.000Z</time>
      </trkpt>
      <trkpt lat="50.907269" lon="14.199403">
        <ele>118.600868</ele>
        <time>2026-05-03T11:20:45.000Z</time>
      </trkpt>
      <trkpt lat="50.907228" lon="14.199577">
        <ele>118.726743</ele>
        <time>2026-05-03T11:20:47.000Z</time>
      </trkpt>
      <trkpt lat="50.907187" lon="14.199744">
        <ele>118.848186</ele>
        <time>2026-05-03T11:20:49.000Z</time>
      </trkpt>
      <trkpt lat="50.907146" lon="14.199916">
        <ele>118.972793</ele>
        <time>2026-05-03T11:20:51.000Z</time>
      </trkpt>
      <trkpt lat="50.907104" lon="14.200081">
        <ele>119.093372</ele>
        <time>2026-05-03T11:20:53.000Z</time>
      </trkpt>
      <trkpt lat="50.907061" lon="14.200249">
        <ele>119.216239</ele>
        <time>2026-05-03T11:20:55.000Z</time>
      </trkpt>
      <trkpt lat="50.906005" lon="14.204187">
        <ele>119.258543</ele>
        <time>2026-05-03T11:21:43.999Z</time>
      </trkpt>
      <trkpt lat="50.905013" lon="14.206084">
        <ele>119.540796</ele>
        <time>2026-05-03T11:22:11.999Z</time>
      </trkpt>
      <trkpt lat="50.904974" lon="14.206234">
        <ele>119.561466</ele>
        <time>2026-05-03T11:22:14.000Z</time>
      </trkpt>
      <trkpt lat="50.904933" lon="14.206379">
        <ele>119.581710</ele>
        <time>2026-05-03T11:22:16.000Z</time>
      </trkpt>
      <trkpt lat="50.904894" lon="14.206530">
        <ele>119.600073</ele>
        <time>2026-05-03T11:22:18.000Z</time>
      </trkpt>
      <trkpt lat="50.904841" lon="14.206673">
        <ele>119.607720</ele>
        <time>2026-05-03T11:22:20.000Z</time>
      </trkpt>
      <trkpt lat="50.905080" lon="14.206862">
        <ele>119.627244</ele>
        <time>2026-05-03T11:22:21.000Z</time>
      </trkpt>
      <trkpt lat="50.905032" lon="14.207182">
        <ele>119.642408</ele>
        <time>2026-05-03T11:22:24.000Z</time>
      </trkpt>
      <trkpt lat="50.904845" lon="14.207762">
        <ele>119.672439</ele>
        <time>2026-05-03T11:22:32.000Z</time>
      </trkpt>
      <trkpt lat="50.904092" lon="14.209694">
        <ele>119.441147</ele>
        <time>2026-05-03T11:22:57.000Z</time>
      </trkpt>
      <trkpt lat="50.904026" lon="14.209829">
        <ele>119.392672</ele>
        <time>2026-05-03T11:22:59.000Z</time>
      </trkpt>
      <trkpt lat="50.903971" lon="14.209943">
        <ele>119.351939</ele>
        <time>2026-05-03T11:23:01.000Z</time>
      </trkpt>
      <trkpt lat="50.903917" lon="14.210057">
        <ele>119.311477</ele>
        <time>2026-05-03T11:23:03.000Z</time>
      </trkpt>
      <trkpt lat="50.903843" lon="14.210225">
        <ele>119.253323</ele>
        <time>2026-05-03T11:23:05.999Z</time>
      </trkpt>
      <trkpt lat="50.903781" lon="14.210397">
        <ele>119.197101</ele>
        <time>2026-05-03T11:23:08.999Z</time>
      </trkpt>
      <trkpt lat="50.903734" lon="14.210571">
        <ele>119.143383</ele>
        <time>2026-05-03T11:23:11.999Z</time>
      </trkpt>
      <trkpt lat="50.903697" lon="14.210709">
        <ele>119.100828</ele>
        <time>2026-05-03T11:23:13.999Z</time>
      </trkpt>
      <trkpt lat="50.903661" lon="14.210843">
        <ele>119.059493</ele>
        <time>2026-05-03T11:23:15.999Z</time>
      </trkpt>
      <trkpt lat="50.903613" lon="14.211019">
        <ele>119.005076</ele>
        <time>2026-05-03T11:23:17.999Z</time>
      </trkpt>
      <trkpt lat="50.903561" lon="14.211170">
        <ele>118.956252</ele>
        <time>2026-05-03T11:23:19.999Z</time>
      </trkpt>
      <trkpt lat="50.903510" lon="14.211312">
        <ele>118.921895</ele>
        <time>2026-05-03T11:23:21.999Z</time>
      </trkpt>
      <trkpt lat="50.903457" lon="14.211461">
        <ele>118.926825</ele>
        <time>2026-05-03T11:23:23.999Z</time>
      </trkpt>
      <trkpt lat="50.903402" lon="14.211614">
        <ele>118.931900</ele>
        <time>2026-05-03T11:23:25.999Z</time>
      </trkpt>
      <trkpt lat="50.903348" lon="14.211764">
        <ele>118.936878</ele>
        <time>2026-05-03T11:23:27.999Z</time>
      </trkpt>
      <trkpt lat="50.903292" lon="14.211919">
        <ele>118.942026</ele>
        <time>2026-05-03T11:23:29.999Z</time>
      </trkpt>
      <trkpt lat="50.903239" lon="14.212066">
        <ele>118.946906</ele>
        <time>2026-05-03T11:23:31.999Z</time>
      </trkpt>
      <trkpt lat="50.903148" lon="14.212309">
        <ele>118.955051</ele>
        <time>2026-05-03T11:23:34.999Z</time>
      </trkpt>
      <trkpt lat="50.903083" lon="14.212467">
        <ele>118.960487</ele>
        <time>2026-05-03T11:23:36.999Z</time>
      </trkpt>
      <trkpt lat="50.903025" lon="14.212604">
        <ele>118.965243</ele>
        <time>2026-05-03T11:23:38.999Z</time>
      </trkpt>
      <trkpt lat="50.902964" lon="14.212749">
        <ele>118.970266</ele>
        <time>2026-05-03T11:23:40.999Z</time>
      </trkpt>
      <trkpt lat="50.902906" lon="14.212886">
        <ele>118.975021</ele>
        <time>2026-05-03T11:23:42.999Z</time>
      </trkpt>
      <trkpt lat="50.902851" lon="14.213017">
        <ele>118.979557</ele>
        <time>2026-05-03T11:23:44.999Z</time>
      </trkpt>
      <trkpt lat="50.902779" lon="14.213191">
        <ele>118.985554</ele>
        <time>2026-05-03T11:23:47.999Z</time>
      </trkpt>
      <trkpt lat="50.902732" lon="14.213314">
        <ele>118.989699</ele>
        <time>2026-05-03T11:23:49.999Z</time>
      </trkpt>
      <trkpt lat="50.902679" lon="14.213481">
        <ele>118.995087</ele>
        <time>2026-05-03T11:23:52.999Z</time>
      </trkpt>
      <trkpt lat="50.902631" lon="14.213676">
        <ele>119.001120</ele>
        <time>2026-05-03T11:23:55.999Z</time>
      </trkpt>
      <trkpt lat="50.902585" lon="14.213867">
        <ele>119.347079</ele>
        <time>2026-05-03T11:23:58.999Z</time>
      </trkpt>
      <trkpt lat="50.902536" lon="14.214064">
        <ele>119.868261</ele>
        <time>2026-05-03T11:24:01.999Z</time>
      </trkpt>
      <trkpt lat="50.902483" lon="14.214259">
        <ele>120.390848</ele>
        <time>2026-05-03T11:24:04.999Z</time>
      </trkpt>
      <trkpt lat="50.902445" lon="14.214391">
        <ele>120.747960</ele>
        <time>2026-05-03T11:24:06.999Z</time>
      </trkpt>
      <trkpt lat="50.902398" lon="14.214538">
        <ele>121.153581</ele>
        <time>2026-05-03T11:24:08.999Z</time>
      </trkpt>
      <trkpt lat="50.902345" lon="14.214699">
        <ele>121.600553</ele>
        <time>2026-05-03T11:24:10.999Z</time>
      </trkpt>
      <trkpt lat="50.902288" lon="14.214858">
        <ele>122.050675</ele>
        <time>2026-05-03T11:24:12.999Z</time>
      </trkpt>
      <trkpt lat="50.902223" lon="14.215019">
        <ele>122.521154</ele>
        <time>2026-05-03T11:24:14.999Z</time>
      </trkpt>
      <trkpt lat="50.902168" lon="14.215145">
        <ele>122.898290</ele>
        <time>2026-05-03T11:24:16.999Z</time>
      </trkpt>
      <trkpt lat="50.902111" lon="14.215276">
        <ele>123.289987</ele>
        <time>2026-05-03T11:24:19.000Z</time>
      </trkpt>
      <trkpt lat="50.902054" lon="14.215405">
        <ele>123.677644</ele>
        <time>2026-05-03T11:24:21.000Z</time>
      </trkpt>
      <trkpt lat="50.902001" lon="14.215523">
        <ele>124.034182</ele>
        <time>2026-05-03T11:24:23.000Z</time>
      </trkpt>
      <trkpt lat="50.901942" lon="14.215655">
        <ele>124.432370</ele>
        <time>2026-05-03T11:24:26.000Z</time>
      </trkpt>
      <trkpt lat="50.901886" lon="14.215799">
        <ele>124.848737</ele>
        <time>2026-05-03T11:24:31.000Z</time>
      </trkpt>
      <trkpt lat="50.901836" lon="14.215933">
        <ele>125.231930</ele>
        <time>2026-05-03T11:24:38.000Z</time>
      </trkpt>
      <trkpt lat="50.901800" lon="14.216068">
        <ele>125.592664</ele>
        <time>2026-05-03T11:24:46.000Z</time>
      </trkpt>
      <trkpt lat="50.901734" lon="14.216199">
        <ele>126.005324</ele>
        <time>2026-05-03T11:24:51.000Z</time>
      </trkpt>
      <trkpt lat="50.901670" lon="14.216350">
        <ele>126.130804</ele>
        <time>2026-05-03T11:24:55.000Z</time>
      </trkpt>
      <trkpt lat="50.901608" lon="14.216496">
        <ele>126.239966</ele>
        <time>2026-05-03T11:24:59.000Z</time>
      </trkpt>
      <trkpt lat="50.901556" lon="14.216622">
        <ele>126.333356</ele>
        <time>2026-05-03T11:25:02.000Z</time>
      </trkpt>
      <trkpt lat="50.901496" lon="14.216735">
        <ele>126.424970</ele>
        <time>2026-05-03T11:25:05.000Z</time>
      </trkpt>
      <trkpt lat="50.901441" lon="14.216911">
        <ele>126.546790</ele>
        <time>2026-05-03T11:25:08.000Z</time>
      </trkpt>
      <trkpt lat="50.901373" lon="14.217063">
        <ele>126.662370</ele>
        <time>2026-05-03T11:25:11.000Z</time>
      </trkpt>
      <trkpt lat="50.901302" lon="14.217236">
        <ele>126.790382</ele>
        <time>2026-05-03T11:25:14.000Z</time>
      </trkpt>
      <trkpt lat="50.901233" lon="14.217429">
        <ele>126.927976</ele>
        <time>2026-05-03T11:25:17.000Z</time>
      </trkpt>
      <trkpt lat="50.901190" lon="14.217607">
        <ele>127.046193</ele>
        <time>2026-05-03T11:25:20.000Z</time>
      </trkpt>
      <trkpt lat="50.901127" lon="14.217740">
        <ele>127.149355</ele>
        <time>2026-05-03T11:25:21.999Z</time>
      </trkpt>
      <trkpt lat="50.901061" lon="14.217848">
        <ele>127.242625</ele>
        <time>2026-05-03T11:25:23.999Z</time>
      </trkpt>
      <trkpt lat="50.901006" lon="14.217998">
        <ele>127.350236</ele>
        <time>2026-05-03T11:25:25.999Z</time>
      </trkpt>
      <trkpt lat="50.900976" lon="14.218157">
        <ele>127.453166</ele>
        <time>2026-05-03T11:25:27.999Z</time>
      </trkpt>
      <trkpt lat="50.900973" lon="14.218397">
        <ele>127.602044</ele>
        <time>2026-05-03T11:25:29.999Z</time>
      </trkpt>
      <trkpt lat="50.900898" lon="14.218544">
        <ele>127.719312</ele>
        <time>2026-05-03T11:25:31.999Z</time>
      </trkpt>
      <trkpt lat="50.900825" lon="14.218687">
        <ele>127.759700</ele>
        <time>2026-05-03T11:25:33.999Z</time>
      </trkpt>
      <trkpt lat="50.900763" lon="14.218813">
        <ele>127.686394</ele>
        <time>2026-05-03T11:25:35.999Z</time>
      </trkpt>
      <trkpt lat="50.900691" lon="14.218950">
        <ele>127.604593</ele>
        <time>2026-05-03T11:25:37.999Z</time>
      </trkpt>
      <trkpt lat="50.900617" lon="14.219080">
        <ele>127.524265</ele>
        <time>2026-05-03T11:25:39.999Z</time>
      </trkpt>
      <trkpt lat="50.900540" lon="14.219216">
        <ele>127.440432</ele>
        <time>2026-05-03T11:25:41.999Z</time>
      </trkpt>
      <trkpt lat="50.900481" lon="14.219360">
        <ele>127.361664</ele>
        <time>2026-05-03T11:25:43.999Z</time>
      </trkpt>
      <trkpt lat="50.900403" lon="14.219475">
        <ele>127.284197</ele>
        <time>2026-05-03T11:25:45.999Z</time>
      </trkpt>
      <trkpt lat="50.900351" lon="14.219611">
        <ele>127.211245</ele>
        <time>2026-05-03T11:25:47.999Z</time>
      </trkpt>
      <trkpt lat="50.900255" lon="14.219777">
        <ele>127.107934</ele>
        <time>2026-05-03T11:25:50.999Z</time>
      </trkpt>
      <trkpt lat="50.900188" lon="14.219905">
        <ele>127.031632</ele>
        <time>2026-05-03T11:25:52.999Z</time>
      </trkpt>
      <trkpt lat="50.900136" lon="14.220024">
        <ele>126.965224</ele>
        <time>2026-05-03T11:25:54.999Z</time>
      </trkpt>
      <trkpt lat="50.900065" lon="14.220153">
        <ele>126.886687</ele>
        <time>2026-05-03T11:25:56.999Z</time>
      </trkpt>
      <trkpt lat="50.899983" lon="14.220273">
        <ele>126.805528</ele>
        <time>2026-05-03T11:25:58.999Z</time>
      </trkpt>
      <trkpt lat="50.899906" lon="14.220370">
        <ele>126.734000</ele>
        <time>2026-05-03T11:26:00.999Z</time>
      </trkpt>
      <trkpt lat="50.899822" lon="14.220498">
        <ele>126.649266</ele>
        <time>2026-05-03T11:26:02.999Z</time>
      </trkpt>
      <trkpt lat="50.899739" lon="14.220617">
        <ele>126.567878</ele>
        <time>2026-05-03T11:26:04.999Z</time>
      </trkpt>
      <trkpt lat="50.899661" lon="14.220729">
        <ele>126.491342</ele>
        <time>2026-05-03T11:26:06.999Z</time>
      </trkpt>
      <trkpt lat="50.899602" lon="14.220854">
        <ele>126.471516</ele>
        <time>2026-05-03T11:26:08.999Z</time>
      </trkpt>
      <trkpt lat="50.899534" lon="14.220966">
        <ele>126.458713</ele>
        <time>2026-05-03T11:26:10.999Z</time>
      </trkpt>
      <trkpt lat="50.899466" lon="14.221075">
        <ele>126.446086</ele>
        <time>2026-05-03T11:26:12.999Z</time>
      </trkpt>
      <trkpt lat="50.899403" lon="14.221195">
        <ele>126.433227</ele>
        <time>2026-05-03T11:26:14.999Z</time>
      </trkpt>
      <trkpt lat="50.899336" lon="14.221310">
        <ele>126.420334</ele>
        <time>2026-05-03T11:26:16.999Z</time>
      </trkpt>
      <trkpt lat="50.899275" lon="14.221438">
        <ele>126.407121</ele>
        <time>2026-05-03T11:26:18.999Z</time>
      </trkpt>
      <trkpt lat="50.899230" lon="14.221567">
        <ele>126.394981</ele>
        <time>2026-05-03T11:26:20.999Z</time>
      </trkpt>
      <trkpt lat="50.899171" lon="14.221693">
        <ele>126.382056</ele>
        <time>2026-05-03T11:26:22.999Z</time>
      </trkpt>
      <trkpt lat="50.899114" lon="14.221809">
        <ele>126.369946</ele>
        <time>2026-05-03T11:26:25.000Z</time>
      </trkpt>
      <trkpt lat="50.899053" lon="14.221941">
        <ele>126.356469</ele>
        <time>2026-05-03T11:26:27.000Z</time>
      </trkpt>
      <trkpt lat="50.899000" lon="14.222077">
        <ele>126.343303</ele>
        <time>2026-05-03T11:26:29.000Z</time>
      </trkpt>
      <trkpt lat="50.898943" lon="14.222222">
        <ele>126.329231</ele>
        <time>2026-05-03T11:26:31.000Z</time>
      </trkpt>
      <trkpt lat="50.898882" lon="14.222342">
        <ele>126.316538</ele>
        <time>2026-05-03T11:26:33.000Z</time>
      </trkpt>
      <trkpt lat="50.898819" lon="14.222465">
        <ele>126.303489</ele>
        <time>2026-05-03T11:26:35.000Z</time>
      </trkpt>
      <trkpt lat="50.898760" lon="14.222579">
        <ele>126.291343</ele>
        <time>2026-05-03T11:26:37.000Z</time>
      </trkpt>
      <trkpt lat="50.898697" lon="14.222691">
        <ele>126.278984</ele>
        <time>2026-05-03T11:26:39.000Z</time>
      </trkpt>
      <trkpt lat="50.898625" lon="14.222799">
        <ele>126.266041</ele>
        <time>2026-05-03T11:26:41.000Z</time>
      </trkpt>
      <trkpt lat="50.898560" lon="14.222915">
        <ele>126.253262</ele>
        <time>2026-05-03T11:26:43.000Z</time>
      </trkpt>
      <trkpt lat="50.898487" lon="14.223035">
        <ele>126.150011</ele>
        <time>2026-05-03T11:26:45.000Z</time>
      </trkpt>
      <trkpt lat="50.898404" lon="14.223147">
        <ele>125.984978</ele>
        <time>2026-05-03T11:26:47.000Z</time>
      </trkpt>
      <trkpt lat="50.898321" lon="14.223248">
        <ele>125.826551</ele>
        <time>2026-05-03T11:26:49.000Z</time>
      </trkpt>
      <trkpt lat="50.898236" lon="14.223355">
        <ele>125.662210</ele>
        <time>2026-05-03T11:26:51.000Z</time>
      </trkpt>
      <trkpt lat="50.898143" lon="14.223459">
        <ele>125.489887</ele>
        <time>2026-05-03T11:26:53.000Z</time>
      </trkpt>
      <trkpt lat="50.898056" lon="14.223563">
        <ele>125.324904</ele>
        <time>2026-05-03T11:26:55.000Z</time>
      </trkpt>
      <trkpt lat="50.897961" lon="14.223666">
        <ele>125.150638</ele>
        <time>2026-05-03T11:26:57.000Z</time>
      </trkpt>
      <trkpt lat="50.897872" lon="14.223775">
        <ele>124.980350</ele>
        <time>2026-05-03T11:26:59.000Z</time>
      </trkpt>
      <trkpt lat="50.897777" lon="14.223892">
        <ele>124.798202</ele>
        <time>2026-05-03T11:27:01.000Z</time>
      </trkpt>
      <trkpt lat="50.897678" lon="14.224005">
        <ele>124.613491</ele>
        <time>2026-05-03T11:27:03.000Z</time>
      </trkpt>
      <trkpt lat="50.897581" lon="14.224129">
        <ele>124.424818</ele>
        <time>2026-05-03T11:27:05.000Z</time>
      </trkpt>
      <trkpt lat="50.897500" lon="14.224264">
        <ele>124.246869</ele>
        <time>2026-05-03T11:27:07.000Z</time>
      </trkpt>
      <trkpt lat="50.897407" lon="14.224371">
        <ele>124.072877</ele>
        <time>2026-05-03T11:27:09.000Z</time>
      </trkpt>
      <trkpt lat="50.897330" lon="14.224481">
        <ele>123.915937</ele>
        <time>2026-05-03T11:27:11.000Z</time>
      </trkpt>
      <trkpt lat="50.897243" lon="14.224588">
        <ele>123.749213</ele>
        <time>2026-05-03T11:27:13.000Z</time>
      </trkpt>
      <trkpt lat="50.897167" lon="14.224684">
        <ele>123.602076</ele>
        <time>2026-05-03T11:27:15.000Z</time>
      </trkpt>
      <trkpt lat="50.897093" lon="14.224798">
        <ele>123.581743</ele>
        <time>2026-05-03T11:27:17.000Z</time>
      </trkpt>
      <trkpt lat="50.897020" lon="14.224904">
        <ele>123.690973</ele>
        <time>2026-05-03T11:27:19.000Z</time>
      </trkpt>
      <trkpt lat="50.896936" lon="14.224986">
        <ele>123.799824</ele>
        <time>2026-05-03T11:27:21.000Z</time>
      </trkpt>
      <trkpt lat="50.896848" lon="14.225070">
        <ele>123.913168</ele>
        <time>2026-05-03T11:27:23.000Z</time>
      </trkpt>
      <trkpt lat="50.896762" lon="14.225146">
        <ele>124.021811</ele>
        <time>2026-05-03T11:27:25.000Z</time>
      </trkpt>
      <trkpt lat="50.896675" lon="14.225231">
        <ele>124.134576</ele>
        <time>2026-05-03T11:27:27.000Z</time>
      </trkpt>
      <trkpt lat="50.896592" lon="14.225316">
        <ele>124.243607</ele>
        <time>2026-05-03T11:27:29.000Z</time>
      </trkpt>
      <trkpt lat="50.896504" lon="14.225392">
        <ele>124.354183</ele>
        <time>2026-05-03T11:27:30.999Z</time>
      </trkpt>
      <trkpt lat="50.896419" lon="14.225469">
        <ele>124.462208</ele>
        <time>2026-05-03T11:27:32.999Z</time>
      </trkpt>
      <trkpt lat="50.896330" lon="14.225552">
        <ele>124.576145</ele>
        <time>2026-05-03T11:27:34.999Z</time>
      </trkpt>
      <trkpt lat="50.896241" lon="14.225646">
        <ele>124.694149</ele>
        <time>2026-05-03T11:27:37.999Z</time>
      </trkpt>
      <trkpt lat="50.896157" lon="14.225727">
        <ele>124.802636</ele>
        <time>2026-05-03T11:27:39.999Z</time>
      </trkpt>
      <trkpt lat="50.896075" lon="14.225862">
        <ele>124.933079</ele>
        <time>2026-05-03T11:27:42.999Z</time>
      </trkpt>
      <trkpt lat="50.895978" lon="14.225974">
        <ele>125.065491</ele>
        <time>2026-05-03T11:27:45.999Z</time>
      </trkpt>
      <trkpt lat="50.895884" lon="14.226095">
        <ele>125.199098</ele>
        <time>2026-05-03T11:27:48.999Z</time>
      </trkpt>
      <trkpt lat="50.895803" lon="14.226237">
        <ele>125.332351</ele>
        <time>2026-05-03T11:27:51.999Z</time>
      </trkpt>
      <trkpt lat="50.895734" lon="14.226396">
        <ele>125.466676</ele>
        <time>2026-05-03T11:27:54.999Z</time>
      </trkpt>
      <trkpt lat="50.895664" lon="14.226556">
        <ele>125.917295</ele>
        <time>2026-05-03T11:27:57.999Z</time>
      </trkpt>
      <trkpt lat="50.895594" lon="14.226715">
        <ele>126.509406</ele>
        <time>2026-05-03T11:28:00.999Z</time>
      </trkpt>
      <trkpt lat="50.895513" lon="14.226847">
        <ele>127.071779</ele>
        <time>2026-05-03T11:28:03.999Z</time>
      </trkpt>
      <trkpt lat="50.895420" lon="14.226963">
        <ele>127.644670</ele>
        <time>2026-05-03T11:28:06.999Z</time>
      </trkpt>
      <trkpt lat="50.895327" lon="14.227063">
        <ele>128.188708</ele>
        <time>2026-05-03T11:28:09.999Z</time>
      </trkpt>
      <trkpt lat="50.895242" lon="14.227142">
        <ele>128.665728</ele>
        <time>2026-05-03T11:28:12.999Z</time>
      </trkpt>
      <trkpt lat="50.895144" lon="14.227247">
        <ele>129.238372</ele>
        <time>2026-05-03T11:28:15.999Z</time>
      </trkpt>
      <trkpt lat="50.895048" lon="14.227353">
        <ele>129.804759</ele>
        <time>2026-05-03T11:28:18.999Z</time>
      </trkpt>
      <trkpt lat="50.894967" lon="14.227448">
        <ele>130.292556</ele>
        <time>2026-05-03T11:28:21.999Z</time>
      </trkpt>
      <trkpt lat="50.894883" lon="14.227546">
        <ele>130.797479</ele>
        <time>2026-05-03T11:28:24.999Z</time>
      </trkpt>
      <trkpt lat="50.894798" lon="14.227668">
        <ele>131.352588</ele>
        <time>2026-05-03T11:28:27.999Z</time>
      </trkpt>
      <trkpt lat="50.894694" lon="14.227775">
        <ele>131.952826</ele>
        <time>2026-05-03T11:28:31.000Z</time>
      </trkpt>
      <trkpt lat="50.894600" lon="14.227893">
        <ele>132.533305</ele>
        <time>2026-05-03T11:28:34.000Z</time>
      </trkpt>
      <trkpt lat="50.894484" lon="14.228008">
        <ele>133.195671</ele>
        <time>2026-05-03T11:28:37.000Z</time>
      </trkpt>
      <trkpt lat="50.894407" lon="14.228088">
        <ele>133.641378</ele>
        <time>2026-05-03T11:28:39.000Z</time>
      </trkpt>
      <trkpt lat="50.894322" lon="14.228169">
        <ele>134.121518</ele>
        <time>2026-05-03T11:28:41.000Z</time>
      </trkpt>
      <trkpt lat="50.894244" lon="14.228256">
        <ele>133.995473</ele>
        <time>2026-05-03T11:28:43.000Z</time>
      </trkpt>
      <trkpt lat="50.894166" lon="14.228338">
        <ele>133.721011</ele>
        <time>2026-05-03T11:28:45.000Z</time>
      </trkpt>
      <trkpt lat="50.894088" lon="14.228417">
        <ele>133.449576</ele>
        <time>2026-05-03T11:28:47.000Z</time>
      </trkpt>
      <trkpt lat="50.894006" lon="14.228491">
        <ele>133.172874</ele>
        <time>2026-05-03T11:28:49.000Z</time>
      </trkpt>
      <trkpt lat="50.893922" lon="14.228572">
        <ele>132.884549</ele>
        <time>2026-05-03T11:28:51.000Z</time>
      </trkpt>
      <trkpt lat="50.893838" lon="14.228652">
        <ele>132.597181</ele>
        <time>2026-05-03T11:28:53.000Z</time>
      </trkpt>
      <trkpt lat="50.893752" lon="14.228721">
        <ele>132.314521</ele>
        <time>2026-05-03T11:28:55.000Z</time>
      </trkpt>
      <trkpt lat="50.893665" lon="14.228786">
        <ele>132.032474</ele>
        <time>2026-05-03T11:28:57.000Z</time>
      </trkpt>
      <trkpt lat="50.893579" lon="14.228864">
        <ele>131.741917</ele>
        <time>2026-05-03T11:28:59.000Z</time>
      </trkpt>
      <trkpt lat="50.893489" lon="14.228934">
        <ele>131.447932</ele>
        <time>2026-05-03T11:29:01.000Z</time>
      </trkpt>
      <trkpt lat="50.893398" lon="14.228996">
        <ele>131.157467</ele>
        <time>2026-05-03T11:29:03.000Z</time>
      </trkpt>
      <trkpt lat="50.893317" lon="14.229075">
        <ele>130.878576</ele>
        <time>2026-05-03T11:29:05.000Z</time>
      </trkpt>
      <trkpt lat="50.893227" lon="14.229139">
        <ele>130.589308</ele>
        <time>2026-05-03T11:29:07.000Z</time>
      </trkpt>
      <trkpt lat="50.893133" lon="14.229232">
        <ele>130.264370</ele>
        <time>2026-05-03T11:29:09.000Z</time>
      </trkpt>
      <trkpt lat="50.893057" lon="14.229322">
        <ele>129.986179</ele>
        <time>2026-05-03T11:29:11.000Z</time>
      </trkpt>
      <trkpt lat="50.892969" lon="14.229409">
        <ele>129.682044</ele>
        <time>2026-05-03T11:29:13.000Z</time>
      </trkpt>
      <trkpt lat="50.892880" lon="14.229495">
        <ele>129.376383</ele>
        <time>2026-05-03T11:29:15.000Z</time>
      </trkpt>
      <trkpt lat="50.892769" lon="14.229609">
        <ele>128.988528</ele>
        <time>2026-05-03T11:29:18.000Z</time>
      </trkpt>
      <trkpt lat="50.892687" lon="14.229694">
        <ele>128.770193</ele>
        <time>2026-05-03T11:29:20.000Z</time>
      </trkpt>
      <trkpt lat="50.892610" lon="14.229770">
        <ele>128.580236</ele>
        <time>2026-05-03T11:29:22.000Z</time>
      </trkpt>
      <trkpt lat="50.892496" lon="14.229884">
        <ele>128.297962</ele>
        <time>2026-05-03T11:29:25.000Z</time>
      </trkpt>
      <trkpt lat="50.892413" lon="14.229953">
        <ele>128.101689</ele>
        <time>2026-05-03T11:29:27.000Z</time>
      </trkpt>
      <trkpt lat="50.892336" lon="14.230039">
        <ele>127.904430</ele>
        <time>2026-05-03T11:29:29.000Z</time>
      </trkpt>
      <trkpt lat="50.892244" lon="14.230129">
        <ele>127.678028</ele>
        <time>2026-05-03T11:29:31.000Z</time>
      </trkpt>
      <trkpt lat="50.892158" lon="14.230211">
        <ele>127.467856</ele>
        <time>2026-05-03T11:29:33.000Z</time>
      </trkpt>
      <trkpt lat="50.892075" lon="14.230292">
        <ele>127.263738</ele>
        <time>2026-05-03T11:29:35.000Z</time>
      </trkpt>
      <trkpt lat="50.891995" lon="14.230386">
        <ele>127.055195</ele>
        <time>2026-05-03T11:29:37.000Z</time>
      </trkpt>
      <trkpt lat="50.891875" lon="14.230499">
        <ele>126.762893</ele>
        <time>2026-05-03T11:29:39.999Z</time>
      </trkpt>
      <trkpt lat="50.891797" lon="14.230579">
        <ele>126.568335</ele>
        <time>2026-05-03T11:29:41.999Z</time>
      </trkpt>
      <trkpt lat="50.891698" lon="14.230673">
        <ele>126.326660</ele>
        <time>2026-05-03T11:29:44.999Z</time>
      </trkpt>
      <trkpt lat="50.891607" lon="14.230746">
        <ele>126.113072</ele>
        <time>2026-05-03T11:29:47.999Z</time>
      </trkpt>
      <trkpt lat="50.891500" lon="14.230614">
        <ele>125.829132</ele>
        <time>2026-05-03T11:35:09.000Z</time>
      </trkpt>
      <trkpt lat="50.891410" lon="14.230618">
        <ele>125.640574</ele>
        <time>2026-05-03T11:35:27.000Z</time>
      </trkpt>
      <trkpt lat="50.891518" lon="14.230718">
        <ele>125.378641</ele>
        <time>2026-05-03T11:36:35.999Z</time>
      </trkpt>
      <trkpt lat="50.891439" lon="14.230626">
        <ele>125.175405</ele>
        <time>2026-05-03T11:40:41.999Z</time>
      </trkpt>
      <trkpt lat="50.891534" lon="14.230635">
        <ele>125.151976</ele>
        <time>2026-05-03T11:41:32.000Z</time>
      </trkpt>
      <trkpt lat="50.891418" lon="14.230663">
        <ele>125.123090</ele>
        <time>2026-05-03T11:43:10.999Z</time>
      </trkpt>
      <trkpt lat="50.873175" lon="14.233608">
        <ele>121.579296</ele>
        <time>2026-05-03T12:55:21.000Z</time>
      </trkpt>
      <trkpt lat="50.873077" lon="14.233498">
        <ele>121.705141</ele>
        <time>2026-05-03T12:55:23.000Z</time>
      </trkpt>
      <trkpt lat="50.872990" lon="14.233436">
        <ele>121.805103</ele>
        <time>2026-05-03T12:55:25.000Z</time>
      </trkpt>
      <trkpt lat="50.872888" lon="14.233377">
        <ele>121.918887</ele>
        <time>2026-05-03T12:55:27.000Z</time>
      </trkpt>
      <trkpt lat="50.872789" lon="14.233316">
        <ele>122.030195</ele>
        <time>2026-05-03T12:55:29.000Z</time>
      </trkpt>
      <trkpt lat="50.872683" lon="14.233253">
        <ele>122.148828</ele>
        <time>2026-05-03T12:55:31.000Z</time>
      </trkpt>
      <trkpt lat="50.872574" lon="14.233200">
        <ele>122.268305</ele>
        <time>2026-05-03T12:55:33.000Z</time>
      </trkpt>
      <trkpt lat="50.872463" lon="14.233139">
        <ele>122.391418</ele>
        <time>2026-05-03T12:55:35.000Z</time>
      </trkpt>
      <trkpt lat="50.872355" lon="14.233080">
        <ele>122.511127</ele>
        <time>2026-05-03T12:55:37.000Z</time>
      </trkpt>
      <trkpt lat="50.872251" lon="14.233014">
        <ele>122.628523</ele>
        <time>2026-05-03T12:55:39.000Z</time>
      </trkpt>
      <trkpt lat="50.872153" lon="14.232948">
        <ele>122.740107</ele>
        <time>2026-05-03T12:55:41.000Z</time>
      </trkpt>
      <trkpt lat="50.872049" lon="14.232889">
        <ele>122.855862</ele>
        <time>2026-05-03T12:55:43.000Z</time>
      </trkpt>
      <trkpt lat="50.871942" lon="14.232828">
        <ele>122.898779</ele>
        <time>2026-05-03T12:55:45.000Z</time>
      </trkpt>
      <trkpt lat="50.871856" lon="14.232771">
        <ele>122.923825</ele>
        <time>2026-05-03T12:55:47.000Z</time>
      </trkpt>
      <trkpt lat="50.871748" lon="14.232712">
        <ele>122.954519</ele>
        <time>2026-05-03T12:55:49.000Z</time>
      </trkpt>
      <trkpt lat="50.871637" lon="14.232647">
        <ele>122.986314</ele>
        <time>2026-05-03T12:55:51.000Z</time>
      </trkpt>
      <trkpt lat="50.871529" lon="14.232593">
        <ele>123.016742</ele>
        <time>2026-05-03T12:55:53.000Z</time>
      </trkpt>
      <trkpt lat="50.871417" lon="14.232524">
        <ele>123.049028</ele>
        <time>2026-05-03T12:55:55.000Z</time>
      </trkpt>
      <trkpt lat="50.871304" lon="14.232467">
        <ele>123.080891</ele>
        <time>2026-05-03T12:55:57.000Z</time>
      </trkpt>
      <trkpt lat="50.871198" lon="14.232410">
        <ele>123.110966</ele>
        <time>2026-05-03T12:55:59.000Z</time>
      </trkpt>
      <trkpt lat="50.871089" lon="14.232346">
        <ele>123.142198</ele>
        <time>2026-05-03T12:56:01.000Z</time>
      </trkpt>
      <trkpt lat="50.870975" lon="14.232279">
        <ele>123.174867</ele>
        <time>2026-05-03T12:56:03.000Z</time>
      </trkpt>
      <trkpt lat="50.870877" lon="14.232215">
        <ele>123.203346</ele>
        <time>2026-05-03T12:56:05.000Z</time>
      </trkpt>
      <trkpt lat="50.870782" lon="14.232143">
        <ele>123.231640</ele>
        <time>2026-05-03T12:56:07.000Z</time>
      </trkpt>
      <trkpt lat="50.870674" lon="14.232081">
        <ele>123.262504</ele>
        <time>2026-05-03T12:56:09.000Z</time>
      </trkpt>
      <trkpt lat="50.870579" lon="14.231991">
        <ele>123.292242</ele>
        <time>2026-05-03T12:56:11.000Z</time>
      </trkpt>
      <trkpt lat="50.870493" lon="14.231912">
        <ele>123.318951</ele>
        <time>2026-05-03T12:56:12.999Z</time>
      </trkpt>
      <trkpt lat="50.870377" lon="14.231868">
        <ele>123.350999</ele>
        <time>2026-05-03T12:56:14.999Z</time>
      </trkpt>
      <trkpt lat="50.870267" lon="14.231872">
        <ele>123.315872</ele>
        <time>2026-05-03T12:56:16.999Z</time>
      </trkpt>
      <trkpt lat="50.870158" lon="14.231820">
        <ele>123.266706</ele>
        <time>2026-05-03T12:56:18.999Z</time>
      </trkpt>
      <trkpt lat="50.870029" lon="14.231766">
        <ele>123.209077</ele>
        <time>2026-05-03T12:56:20.999Z</time>
      </trkpt>
      <trkpt lat="50.869914" lon="14.231697">
        <ele>123.155965</ele>
        <time>2026-05-03T12:56:22.999Z</time>
      </trkpt>
      <trkpt lat="50.869798" lon="14.231605">
        <ele>123.099937</ele>
        <time>2026-05-03T12:56:24.999Z</time>
      </trkpt>
      <trkpt lat="50.869686" lon="14.231518">
        <ele>123.046062</ele>
        <time>2026-05-03T12:56:26.999Z</time>
      </trkpt>
      <trkpt lat="50.869574" lon="14.231426">
        <ele>122.991574</ele>
        <time>2026-05-03T12:56:28.999Z</time>
      </trkpt>
      <trkpt lat="50.869464" lon="14.231333">
        <ele>122.937723</ele>
        <time>2026-05-03T12:56:30.999Z</time>
      </trkpt>
      <trkpt lat="50.869355" lon="14.231233">
        <ele>122.883323</ele>
        <time>2026-05-03T12:56:32.999Z</time>
      </trkpt>
      <trkpt lat="50.869242" lon="14.231122">
        <ele>122.825898</ele>
        <time>2026-05-03T12:56:34.999Z</time>
      </trkpt>
      <trkpt lat="50.869132" lon="14.231023">
        <ele>122.771259</ele>
        <time>2026-05-03T12:56:36.999Z</time>
      </trkpt>
      <trkpt lat="50.869027" lon="14.230927">
        <ele>122.718899</ele>
        <time>2026-05-03T12:56:38.999Z</time>
      </trkpt>
      <trkpt lat="50.868923" lon="14.230829">
        <ele>122.666637</ele>
        <time>2026-05-03T12:56:40.999Z</time>
      </trkpt>
      <trkpt lat="50.868825" lon="14.230731">
        <ele>122.616585</ele>
        <time>2026-05-03T12:56:42.999Z</time>
      </trkpt>
      <trkpt lat="50.868726" lon="14.230637">
        <ele>122.627822</ele>
        <time>2026-05-03T12:56:44.999Z</time>
      </trkpt>
      <trkpt lat="50.868629" lon="14.230549">
        <ele>122.822238</ele>
        <time>2026-05-03T12:56:46.999Z</time>
      </trkpt>
      <trkpt lat="50.868541" lon="14.230454">
        <ele>123.007451</ele>
        <time>2026-05-03T12:56:48.999Z</time>
      </trkpt>
      <trkpt lat="50.868457" lon="14.230352">
        <ele>123.191528</ele>
        <time>2026-05-03T12:56:50.999Z</time>
      </trkpt>
      <trkpt lat="50.868384" lon="14.230250">
        <ele>123.360818</ele>
        <time>2026-05-03T12:56:52.999Z</time>
      </trkpt>
      <trkpt lat="50.868279" lon="14.230126">
        <ele>123.588598</ele>
        <time>2026-05-03T12:56:55.999Z</time>
      </trkpt>
      <trkpt lat="50.868199" lon="14.230055">
        <ele>123.748088</ele>
        <time>2026-05-03T12:56:57.999Z</time>
      </trkpt>
      <trkpt lat="50.868116" lon="14.229987">
        <ele>123.910612</ele>
        <time>2026-05-03T12:56:59.999Z</time>
      </trkpt>
      <trkpt lat="50.868033" lon="14.229913">
        <ele>124.076265</ele>
        <time>2026-05-03T12:57:01.999Z</time>
      </trkpt>
      <trkpt lat="50.867936" lon="14.229855">
        <ele>124.256598</ele>
        <time>2026-05-03T12:57:03.999Z</time>
      </trkpt>
      <trkpt lat="50.867847" lon="14.229762">
        <ele>124.442034</ele>
        <time>2026-05-03T12:57:05.999Z</time>
      </trkpt>
      <trkpt lat="50.867758" lon="14.229679">
        <ele>124.621661</ele>
        <time>2026-05-03T12:57:07.999Z</time>
      </trkpt>
      <trkpt lat="50.867670" lon="14.229597">
        <ele>124.799232</ele>
        <time>2026-05-03T12:57:09.999Z</time>
      </trkpt>
      <trkpt lat="50.867575" lon="14.229514">
        <ele>124.987927</ele>
        <time>2026-05-03T12:57:11.999Z</time>
      </trkpt>
      <trkpt lat="50.867483" lon="14.229431">
        <ele>125.172071</ele>
        <time>2026-05-03T12:57:13.999Z</time>
      </trkpt>
      <trkpt lat="50.867393" lon="14.229348">
        <ele>125.353199</ele>
        <time>2026-05-03T12:57:15.999Z</time>
      </trkpt>
      <trkpt lat="50.867296" lon="14.229287">
        <ele>125.534721</ele>
        <time>2026-05-03T12:57:17.999Z</time>
      </trkpt>
      <trkpt lat="50.867204" lon="14.229189">
        <ele>125.701104</ele>
        <time>2026-05-03T12:57:19.999Z</time>
      </trkpt>
      <trkpt lat="50.867112" lon="14.229105">
        <ele>125.643372</ele>
        <time>2026-05-03T12:57:21.999Z</time>
      </trkpt>
      <trkpt lat="50.867018" lon="14.229018">
        <ele>125.584182</ele>
        <time>2026-05-03T12:57:23.999Z</time>
      </trkpt>
      <trkpt lat="50.866933" lon="14.228901">
        <ele>125.522963</ele>
        <time>2026-05-03T12:57:26.000Z</time>
      </trkpt>
      <trkpt lat="50.866835" lon="14.228815">
        <ele>125.462053</ele>
        <time>2026-05-03T12:57:28.000Z</time>
      </trkpt>
      <trkpt lat="50.866736" lon="14.228730">
        <ele>125.400831</ele>
        <time>2026-05-03T12:57:30.000Z</time>
      </trkpt>
      <trkpt lat="50.866633" lon="14.228666">
        <ele>125.340677</ele>
        <time>2026-05-03T12:57:32.000Z</time>
      </trkpt>
      <trkpt lat="50.866539" lon="14.228575">
        <ele>125.280783</ele>
        <time>2026-05-03T12:57:34.000Z</time>
      </trkpt>
      <trkpt lat="50.866446" lon="14.228491">
        <ele>125.222579</ele>
        <time>2026-05-03T12:57:36.000Z</time>
      </trkpt>
      <trkpt lat="50.866351" lon="14.228402">
        <ele>125.162573</ele>
        <time>2026-05-03T12:57:38.000Z</time>
      </trkpt>
      <trkpt lat="50.866252" lon="14.228317">
        <ele>125.101351</ele>
        <time>2026-05-03T12:57:40.000Z</time>
      </trkpt>
      <trkpt lat="50.866160" lon="14.228233">
        <ele>125.043619</ele>
        <time>2026-05-03T12:57:42.000Z</time>
      </trkpt>
      <trkpt lat="50.866064" lon="14.228149">
        <ele>124.983992</ele>
        <time>2026-05-03T12:57:44.000Z</time>
      </trkpt>
      <trkpt lat="50.865968" lon="14.228063">
        <ele>124.924031</ele>
        <time>2026-05-03T12:57:46.000Z</time>
      </trkpt>
      <trkpt lat="50.865872" lon="14.227980">
        <ele>124.864569</ele>
        <time>2026-05-03T12:57:48.000Z</time>
      </trkpt>
      <trkpt lat="50.865784" lon="14.227893">
        <ele>124.808173</ele>
        <time>2026-05-03T12:57:50.000Z</time>
      </trkpt>
      <trkpt lat="50.865684" lon="14.227815">
        <ele>124.747570</ele>
        <time>2026-05-03T12:57:52.000Z</time>
      </trkpt>
      <trkpt lat="50.865590" lon="14.227724">
        <ele>124.801984</ele>
        <time>2026-05-03T12:57:54.000Z</time>
      </trkpt>
      <trkpt lat="50.865496" lon="14.227644">
        <ele>124.902689</ele>
        <time>2026-05-03T12:57:56.000Z</time>
      </trkpt>
      <trkpt lat="50.865397" lon="14.227556">
        <ele>125.009824</ele>
        <time>2026-05-03T12:57:58.000Z</time>
      </trkpt>
      <trkpt lat="50.865303" lon="14.227476">
        <ele>125.110528</ele>
        <time>2026-05-03T12:58:00.000Z</time>
      </trkpt>
      <trkpt lat="50.865213" lon="14.227397">
        <ele>125.207634</ele>
        <time>2026-05-03T12:58:02.000Z</time>
      </trkpt>
      <trkpt lat="50.865115" lon="14.227317">
        <ele>125.311679</ele>
        <time>2026-05-03T12:58:03.999Z</time>
      </trkpt>
      <trkpt lat="50.865021" lon="14.227213">
        <ele>125.419885</ele>
        <time>2026-05-03T12:58:05.999Z</time>
      </trkpt>
      <trkpt lat="50.864915" lon="14.227154">
        <ele>125.525920</ele>
        <time>2026-05-03T12:58:07.999Z</time>
      </trkpt>
      <trkpt lat="50.864819" lon="14.227072">
        <ele>125.628852</ele>
        <time>2026-05-03T12:58:09.999Z</time>
      </trkpt>
      <trkpt lat="50.864733" lon="14.226987">
        <ele>125.724515</ele>
        <time>2026-05-03T12:58:11.999Z</time>
      </trkpt>
      <trkpt lat="50.864649" lon="14.226903">
        <ele>125.818264</ele>
        <time>2026-05-03T12:58:13.999Z</time>
      </trkpt>
      <trkpt lat="50.864534" lon="14.226797">
        <ele>125.943830</ele>
        <time>2026-05-03T12:58:16.999Z</time>
      </trkpt>
      <trkpt lat="50.864422" lon="14.226717">
        <ele>126.059780</ele>
        <time>2026-05-03T12:58:19.999Z</time>
      </trkpt>
      <trkpt lat="50.864331" lon="14.226617">
        <ele>126.164301</ele>
        <time>2026-05-03T12:58:21.999Z</time>
      </trkpt>
      <trkpt lat="50.864232" lon="14.226549">
        <ele>126.266138</ele>
        <time>2026-05-03T12:58:23.999Z</time>
      </trkpt>
      <trkpt lat="50.864121" lon="14.226487">
        <ele>126.377219</ele>
        <time>2026-05-03T12:58:25.999Z</time>
      </trkpt>
      <trkpt lat="50.864004" lon="14.226408">
        <ele>126.354351</ele>
        <time>2026-05-03T12:58:27.999Z</time>
      </trkpt>
      <trkpt lat="50.863900" lon="14.226325">
        <ele>126.240697</ele>
        <time>2026-05-03T12:58:29.999Z</time>
      </trkpt>
      <trkpt lat="50.863805" lon="14.226265">
        <ele>126.140882</ele>
        <time>2026-05-03T12:58:31.999Z</time>
      </trkpt>
      <trkpt lat="50.863724" lon="14.226174">
        <ele>126.043969</ele>
        <time>2026-05-03T12:58:33.999Z</time>
      </trkpt>
      <trkpt lat="50.863640" lon="14.226107">
        <ele>125.952182</ele>
        <time>2026-05-03T12:58:35.999Z</time>
      </trkpt>
      <trkpt lat="50.863551" lon="14.226038">
        <ele>125.855476</ele>
        <time>2026-05-03T12:58:37.999Z</time>
      </trkpt>
      <trkpt lat="50.863457" lon="14.225967">
        <ele>125.753840</ele>
        <time>2026-05-03T12:58:39.999Z</time>
      </trkpt>
      <trkpt lat="50.863364" lon="14.225898">
        <ele>125.653613</ele>
        <time>2026-05-03T12:58:41.999Z</time>
      </trkpt>
      <trkpt lat="50.863275" lon="14.225839">
        <ele>125.559452</ele>
        <time>2026-05-03T12:58:43.999Z</time>
      </trkpt>
      <trkpt lat="50.863182" lon="14.225766">
        <ele>125.458155</ele>
        <time>2026-05-03T12:58:45.999Z</time>
      </trkpt>
      <trkpt lat="50.863086" lon="14.225695">
        <ele>125.354754</ele>
        <time>2026-05-03T12:58:47.999Z</time>
      </trkpt>
      <trkpt lat="50.862991" lon="14.225621">
        <ele>125.251434</ele>
        <time>2026-05-03T12:58:49.999Z</time>
      </trkpt>
      <trkpt lat="50.862892" lon="14.225554">
        <ele>125.146364</ele>
        <time>2026-05-03T12:58:51.999Z</time>
      </trkpt>
      <trkpt lat="50.862793" lon="14.225492">
        <ele>125.042466</ele>
        <time>2026-05-03T12:58:53.999Z</time>
      </trkpt>
      <trkpt lat="50.862697" lon="14.225417">
        <ele>124.937998</ele>
        <time>2026-05-03T12:58:55.999Z</time>
      </trkpt>
      <trkpt lat="50.862601" lon="14.225355">
        <ele>124.836817</ele>
        <time>2026-05-03T12:58:57.999Z</time>
      </trkpt>
      <trkpt lat="50.862506" lon="14.225279">
        <ele>124.732947</ele>
        <time>2026-05-03T12:58:59.999Z</time>
      </trkpt>
      <trkpt lat="50.862410" lon="14.225208">
        <ele>124.665097</ele>
        <time>2026-05-03T12:59:01.999Z</time>
      </trkpt>
      <trkpt lat="50.862313" lon="14.225127">
        <ele>124.648697</ele>
        <time>2026-05-03T12:59:03.999Z</time>
      </trkpt>
      <trkpt lat="50.862217" lon="14.225050">
        <ele>124.632603</ele>
        <time>2026-05-03T12:59:05.999Z</time>
      </trkpt>
      <trkpt lat="50.862127" lon="14.224968">
        <ele>124.617075</ele>
        <time>2026-05-03T12:59:07.999Z</time>
      </trkpt>
      <trkpt lat="50.862016" lon="14.224868">
        <ele>124.597976</ele>
        <time>2026-05-03T12:59:10.999Z</time>
      </trkpt>
      <trkpt lat="50.861898" lon="14.224763">
        <ele>124.577734</ele>
        <time>2026-05-03T12:59:13.999Z</time>
      </trkpt>
      <trkpt lat="50.861810" lon="14.224667">
        <ele>124.561754</ele>
        <time>2026-05-03T12:59:15.999Z</time>
      </trkpt>
      <trkpt lat="50.861710" lon="14.224581">
        <ele>124.544736</ele>
        <time>2026-05-03T12:59:17.999Z</time>
      </trkpt>
      <trkpt lat="50.861611" lon="14.224495">
        <ele>124.527849</ele>
        <time>2026-05-03T12:59:19.999Z</time>
      </trkpt>
      <trkpt lat="50.861505" lon="14.224427">
        <ele>124.510744</ele>
        <time>2026-05-03T12:59:21.999Z</time>
      </trkpt>
      <trkpt lat="50.861418" lon="14.224331">
        <ele>124.494887</ele>
        <time>2026-05-03T12:59:23.999Z</time>
      </trkpt>
      <trkpt lat="50.861329" lon="14.224256">
        <ele>124.479809</ele>
        <time>2026-05-03T12:59:25.999Z</time>
      </trkpt>
      <trkpt lat="50.861243" lon="14.224185">
        <ele>124.465305</ele>
        <time>2026-05-03T12:59:27.999Z</time>
      </trkpt>
      <trkpt lat="50.861153" lon="14.224116">
        <ele>124.450350</ele>
        <time>2026-05-03T12:59:29.999Z</time>
      </trkpt>
      <trkpt lat="50.861064" lon="14.224035">
        <ele>124.434999</ele>
        <time>2026-05-03T12:59:32.000Z</time>
      </trkpt>
      <trkpt lat="50.860977" lon="14.223962">
        <ele>124.420274</ele>
        <time>2026-05-03T12:59:34.000Z</time>
      </trkpt>
      <trkpt lat="50.860886" lon="14.223889">
        <ele>124.405018</ele>
        <time>2026-05-03T12:59:36.000Z</time>
      </trkpt>
      <trkpt lat="50.860795" lon="14.223799">
        <ele>124.409744</ele>
        <time>2026-05-03T12:59:38.000Z</time>
      </trkpt>
      <trkpt lat="50.860701" lon="14.223711">
        <ele>124.418466</ele>
        <time>2026-05-03T12:59:40.000Z</time>
      </trkpt>
      <trkpt lat="50.860615" lon="14.223614">
        <ele>124.426899</ele>
        <time>2026-05-03T12:59:42.000Z</time>
      </trkpt>
      <trkpt lat="50.860534" lon="14.223522">
        <ele>124.434860</ele>
        <time>2026-05-03T12:59:44.000Z</time>
      </trkpt>
      <trkpt lat="50.860457" lon="14.223447">
        <ele>124.442080</ele>
        <time>2026-05-03T12:59:46.000Z</time>
      </trkpt>
      <trkpt lat="50.860342" lon="14.223357">
        <ele>124.452326</ele>
        <time>2026-05-03T12:59:49.000Z</time>
      </trkpt>
      <trkpt lat="50.860250" lon="14.223286">
        <ele>124.460501</ele>
        <time>2026-05-03T12:59:51.000Z</time>
      </trkpt>
      <trkpt lat="50.860166" lon="14.223204">
        <ele>124.468383</ele>
        <time>2026-05-03T12:59:53.000Z</time>
      </trkpt>
      <trkpt lat="50.860082" lon="14.223111">
        <ele>124.476569</ele>
        <time>2026-05-03T12:59:55.000Z</time>
      </trkpt>
      <trkpt lat="50.860007" lon="14.223019">
        <ele>124.484146</ele>
        <time>2026-05-03T12:59:57.000Z</time>
      </trkpt>
      <trkpt lat="50.859910" lon="14.222893">
        <ele>124.494166</ele>
        <time>2026-05-03T13:00:00.000Z</time>
      </trkpt>
      <trkpt lat="50.859802" lon="14.222793">
        <ele>124.504159</ele>
        <time>2026-05-03T13:00:03.000Z</time>
      </trkpt>
      <trkpt lat="50.859718" lon="14.222726">
        <ele>124.511671</ele>
        <time>2026-05-03T13:00:05.000Z</time>
      </trkpt>
      <trkpt lat="50.859633" lon="14.222662">
        <ele>124.519189</ele>
        <time>2026-05-03T13:00:07.000Z</time>
      </trkpt>
      <trkpt lat="50.859532" lon="14.222556">
        <ele>124.528867</ele>
        <time>2026-05-03T13:00:10.000Z</time>
      </trkpt>
      <trkpt lat="50.859462" lon="14.222460">
        <ele>124.536263</ele>
        <time>2026-05-03T13:00:13.000Z</time>
      </trkpt>
      <trkpt lat="50.859412" lon="14.222330">
        <ele>124.543939</ele>
        <time>2026-05-03T13:00:17.000Z</time>
      </trkpt>
      <trkpt lat="50.859204" lon="14.222180">
        <ele>124.349924</ele>
        <time>2026-05-03T13:07:04.999Z</time>
      </trkpt>
      <trkpt lat="50.859106" lon="14.222140">
        <ele>124.250784</ele>
        <time>2026-05-03T13:07:07.999Z</time>
      </trkpt>
      <trkpt lat="50.858999" lon="14.222072">
        <ele>124.137844</ele>
        <time>2026-05-03T13:07:10.999Z</time>
      </trkpt>
      <trkpt lat="50.858894" lon="14.222020">
        <ele>124.030074</ele>
        <time>2026-05-03T13:07:13.999Z</time>
      </trkpt>
      <trkpt lat="50.858771" lon="14.221969">
        <ele>123.905520</ele>
        <time>2026-05-03T13:07:16.999Z</time>
      </trkpt>
      <trkpt lat="50.858689" lon="14.221898">
        <ele>123.813975</ele>
        <time>2026-05-03T13:07:18.999Z</time>
      </trkpt>
      <trkpt lat="50.858580" lon="14.221822">
        <ele>123.697310</ele>
        <time>2026-05-03T13:07:21.999Z</time>
      </trkpt>
      <trkpt lat="50.858462" lon="14.221742">
        <ele>123.571572</ele>
        <time>2026-05-03T13:07:24.999Z</time>
      </trkpt>
      <trkpt lat="50.858330" lon="14.221685">
        <ele>123.437543</ele>
        <time>2026-05-03T13:07:27.999Z</time>
      </trkpt>
      <trkpt lat="50.858209" lon="14.221621">
        <ele>123.312575</ele>
        <time>2026-05-03T13:07:30.999Z</time>
      </trkpt>
      <trkpt lat="50.858080" lon="14.221554">
        <ele>123.179584</ele>
        <time>2026-05-03T13:07:33.999Z</time>
      </trkpt>
      <trkpt lat="50.858001" lon="14.221485">
        <ele>123.091209</ele>
        <time>2026-05-03T13:07:35.999Z</time>
      </trkpt>
      <trkpt lat="50.857907" lon="14.221453">
        <ele>122.997022</ele>
        <time>2026-05-03T13:07:37.999Z</time>
      </trkpt>
      <trkpt lat="50.857822" lon="14.221402">
        <ele>122.907980</ele>
        <time>2026-05-03T13:07:39.999Z</time>
      </trkpt>
      <trkpt lat="50.857732" lon="14.221351">
        <ele>122.814342</ele>
        <time>2026-05-03T13:07:41.999Z</time>
      </trkpt>
      <trkpt lat="50.857649" lon="14.221279">
        <ele>122.809325</ele>
        <time>2026-05-03T13:07:43.999Z</time>
      </trkpt>
      <trkpt lat="50.857559" lon="14.221247">
        <ele>122.845657</ele>
        <time>2026-05-03T13:07:45.999Z</time>
      </trkpt>
      <trkpt lat="50.857437" lon="14.221171">
        <ele>122.897293</ele>
        <time>2026-05-03T13:07:48.999Z</time>
      </trkpt>
      <trkpt lat="50.857352" lon="14.221124">
        <ele>122.932754</ele>
        <time>2026-05-03T13:07:50.999Z</time>
      </trkpt>
      <trkpt lat="50.857256" lon="14.221069">
        <ele>122.972964</ele>
        <time>2026-05-03T13:07:52.999Z</time>
      </trkpt>
      <trkpt lat="50.857170" lon="14.221024">
        <ele>123.008639</ele>
        <time>2026-05-03T13:07:54.999Z</time>
      </trkpt>
      <trkpt lat="50.857086" lon="14.220967">
        <ele>123.044633</ele>
        <time>2026-05-03T13:07:57.000Z</time>
      </trkpt>
      <trkpt lat="50.857002" lon="14.220914">
        <ele>123.080247</ele>
        <time>2026-05-03T13:07:59.000Z</time>
      </trkpt>
      <trkpt lat="50.856886" lon="14.220837">
        <ele>123.129788</ele>
        <time>2026-05-03T13:08:02.000Z</time>
      </trkpt>
      <trkpt lat="50.856763" lon="14.220751">
        <ele>123.182745</ele>
        <time>2026-05-03T13:08:05.000Z</time>
      </trkpt>
      <trkpt lat="50.856645" lon="14.220648">
        <ele>123.235813</ele>
        <time>2026-05-03T13:08:08.000Z</time>
      </trkpt>
      <trkpt lat="50.856518" lon="14.220581">
        <ele>123.288537</ele>
        <time>2026-05-03T13:08:11.000Z</time>
      </trkpt>
      <trkpt lat="50.856435" lon="14.220523">
        <ele>123.324270</ele>
        <time>2026-05-03T13:08:13.000Z</time>
      </trkpt>
      <trkpt lat="50.856349" lon="14.220457">
        <ele>123.361910</ele>
        <time>2026-05-03T13:08:15.000Z</time>
      </trkpt>
      <trkpt lat="50.856262" lon="14.220391">
        <ele>123.399905</ele>
        <time>2026-05-03T13:08:17.000Z</time>
      </trkpt>
      <trkpt lat="50.856179" lon="14.220327">
        <ele>123.436265</ele>
        <time>2026-05-03T13:08:19.000Z</time>
      </trkpt>
      <trkpt lat="50.856100" lon="14.220258">
        <ele>123.471798</ele>
        <time>2026-05-03T13:08:21.000Z</time>
      </trkpt>
      <trkpt lat="50.856015" lon="14.220185">
        <ele>123.511834</ele>
        <time>2026-05-03T13:08:23.000Z</time>
      </trkpt>
      <trkpt lat="50.855925" lon="14.220120">
        <ele>123.555205</ele>
        <time>2026-05-03T13:08:25.000Z</time>
      </trkpt>
      <trkpt lat="50.855840" lon="14.220052">
        <ele>123.596958</ele>
        <time>2026-05-03T13:08:27.000Z</time>
      </trkpt>
      <trkpt lat="50.855760" lon="14.219989">
        <ele>123.636131</ele>
        <time>2026-05-03T13:08:29.000Z</time>
      </trkpt>
      <trkpt lat="50.855671" lon="14.219924">
        <ele>123.679103</ele>
        <time>2026-05-03T13:08:31.000Z</time>
      </trkpt>
      <trkpt lat="50.855550" lon="14.219833">
        <ele>123.737834</ele>
        <time>2026-05-03T13:08:34.000Z</time>
      </trkpt>
      <trkpt lat="50.855463" lon="14.219770">
        <ele>123.779778</ele>
        <time>2026-05-03T13:08:36.000Z</time>
      </trkpt>
      <trkpt lat="50.855381" lon="14.219705">
        <ele>123.819983</ele>
        <time>2026-05-03T13:08:38.000Z</time>
      </trkpt>
      <trkpt lat="50.855299" lon="14.219619">
        <ele>123.863104</ele>
        <time>2026-05-03T13:08:40.000Z</time>
      </trkpt>
      <trkpt lat="50.855205" lon="14.219569">
        <ele>123.906583</ele>
        <time>2026-05-03T13:08:42.000Z</time>
      </trkpt>
      <trkpt lat="50.855123" lon="14.219505">
        <ele>123.946665</ele>
        <time>2026-05-03T13:08:44.000Z</time>
      </trkpt>
      <trkpt lat="50.855037" lon="14.219441">
        <ele>123.988327</ele>
        <time>2026-05-03T13:08:46.000Z</time>
      </trkpt>
      <trkpt lat="50.854913" lon="14.219352">
        <ele>124.048019</ele>
        <time>2026-05-03T13:08:49.000Z</time>
      </trkpt>
      <trkpt lat="50.854802" lon="14.219263">
        <ele>124.102569</ele>
        <time>2026-05-03T13:08:52.000Z</time>
      </trkpt>
      <trkpt lat="50.854704" lon="14.219163">
        <ele>124.153683</ele>
        <time>2026-05-03T13:08:54.999Z</time>
      </trkpt>
      <trkpt lat="50.854583" lon="14.219091">
        <ele>124.210358</ele>
        <time>2026-05-03T13:08:57.999Z</time>
      </trkpt>
      <trkpt lat="50.854465" lon="14.219008">
        <ele>124.266970</ele>
        <time>2026-05-03T13:09:00.999Z</time>
      </trkpt>
      <trkpt lat="50.854391" lon="14.218926">
        <ele>124.307997</ele>
        <time>2026-05-03T13:09:02.999Z</time>
      </trkpt>
      <trkpt lat="50.854303" lon="14.218884">
        <ele>124.350575</ele>
        <time>2026-05-03T13:09:04.999Z</time>
      </trkpt>
      <trkpt lat="50.854226" lon="14.218800">
        <ele>124.393887</ele>
        <time>2026-05-03T13:09:06.999Z</time>
      </trkpt>
      <trkpt lat="50.854102" lon="14.218731">
        <ele>124.454774</ele>
        <time>2026-05-03T13:09:09.999Z</time>
      </trkpt>
      <trkpt lat="50.853992" lon="14.218622">
        <ele>124.514883</ele>
        <time>2026-05-03T13:09:12.999Z</time>
      </trkpt>
      <trkpt lat="50.853867" lon="14.218548">
        <ele>124.576704</ele>
        <time>2026-05-03T13:09:15.999Z</time>
      </trkpt>
      <trkpt lat="50.853751" lon="14.218457">
        <ele>124.636673</ele>
        <time>2026-05-03T13:09:18.999Z</time>
      </trkpt>
      <trkpt lat="50.853633" lon="14.218369">
        <ele>124.697094</ele>
        <time>2026-05-03T13:09:21.999Z</time>
      </trkpt>
      <trkpt lat="50.853525" lon="14.218289">
        <ele>124.752327</ele>
        <time>2026-05-03T13:09:24.999Z</time>
      </trkpt>
      <trkpt lat="50.853418" lon="14.218185">
        <ele>124.810485</ele>
        <time>2026-05-03T13:09:27.999Z</time>
      </trkpt>
      <trkpt lat="50.853302" lon="14.218125">
        <ele>124.867017</ele>
        <time>2026-05-03T13:09:30.999Z</time>
      </trkpt>
      <trkpt lat="50.853207" lon="14.218026">
        <ele>124.919698</ele>
        <time>2026-05-03T13:09:33.999Z</time>
      </trkpt>
      <trkpt lat="50.853096" lon="14.217972">
        <ele>124.973491</ele>
        <time>2026-05-03T13:09:36.999Z</time>
      </trkpt>
      <trkpt lat="50.852987" lon="14.217884">
        <ele>125.030168</ele>
        <time>2026-05-03T13:09:39.999Z</time>
      </trkpt>
      <trkpt lat="50.852872" lon="14.217803">
        <ele>125.088474</ele>
        <time>2026-05-03T13:09:42.999Z</time>
      </trkpt>
      <trkpt lat="50.852762" lon="14.217724">
        <ele>125.140005</ele>
        <time>2026-05-03T13:09:45.999Z</time>
      </trkpt>
      <trkpt lat="50.852649" lon="14.217642">
        <ele>125.189063</ele>
        <time>2026-05-03T13:09:48.999Z</time>
      </trkpt>
      <trkpt lat="50.852534" lon="14.217557">
        <ele>125.239151</ele>
        <time>2026-05-03T13:09:51.999Z</time>
      </trkpt>
      <trkpt lat="50.852426" lon="14.217481">
        <ele>125.285795</ele>
        <time>2026-05-03T13:09:54.999Z</time>
      </trkpt>
      <trkpt lat="50.852328" lon="14.217400">
        <ele>125.329425</ele>
        <time>2026-05-03T13:09:57.999Z</time>
      </trkpt>
      <trkpt lat="50.852218" lon="14.217297">
        <ele>125.379860</ele>
        <time>2026-05-03T13:10:00.999Z</time>
      </trkpt>
      <trkpt lat="50.852105" lon="14.217227">
        <ele>125.427750</ele>
        <time>2026-05-03T13:10:04.000Z</time>
      </trkpt>
      <trkpt lat="50.852001" lon="14.217152">
        <ele>125.472852</ele>
        <time>2026-05-03T13:10:07.000Z</time>
      </trkpt>
      <trkpt lat="50.851894" lon="14.217071">
        <ele>125.519659</ele>
        <time>2026-05-03T13:10:10.000Z</time>
      </trkpt>
      <trkpt lat="50.851784" lon="14.216995">
        <ele>125.567026</ele>
        <time>2026-05-03T13:10:13.000Z</time>
      </trkpt>
      <trkpt lat="50.851691" lon="14.216928">
        <ele>125.607351</ele>
        <time>2026-05-03T13:10:16.000Z</time>
      </trkpt>
      <trkpt lat="50.851591" lon="14.216827">
        <ele>125.654161</ele>
        <time>2026-05-03T13:10:19.000Z</time>
      </trkpt>
      <trkpt lat="50.851471" lon="14.216762">
        <ele>125.704218</ele>
        <time>2026-05-03T13:10:22.000Z</time>
      </trkpt>
      <trkpt lat="50.851388" lon="14.216702">
        <ele>125.740228</ele>
        <time>2026-05-03T13:10:24.000Z</time>
      </trkpt>
      <trkpt lat="50.851270" lon="14.216626">
        <ele>125.790505</ele>
        <time>2026-05-03T13:10:27.000Z</time>
      </trkpt>
      <trkpt lat="50.851155" lon="14.216553">
        <ele>125.791756</ele>
        <time>2026-05-03T13:10:30.000Z</time>
      </trkpt>
      <trkpt lat="50.851033" lon="14.216452">
        <ele>125.672739</ele>
        <time>2026-05-03T13:10:33.000Z</time>
      </trkpt>
      <trkpt lat="50.850942" lon="14.216416">
        <ele>125.591646</ele>
        <time>2026-05-03T13:10:35.000Z</time>
      </trkpt>
      <trkpt lat="50.850816" lon="14.216340">
        <ele>125.475077</ele>
        <time>2026-05-03T13:10:38.000Z</time>
      </trkpt>
      <trkpt lat="50.850692" lon="14.216265">
        <ele>125.360319</ele>
        <time>2026-05-03T13:10:41.000Z</time>
      </trkpt>
      <trkpt lat="50.850610" lon="14.216187">
        <ele>125.277622</ele>
        <time>2026-05-03T13:10:43.000Z</time>
      </trkpt>
      <trkpt lat="50.850511" lon="14.216156">
        <ele>125.190372</ele>
        <time>2026-05-03T13:10:45.000Z</time>
      </trkpt>
      <trkpt lat="50.850430" lon="14.216080">
        <ele>125.108976</ele>
        <time>2026-05-03T13:10:47.000Z</time>
      </trkpt>
      <trkpt lat="50.850344" lon="14.216029">
        <ele>125.029582</ele>
        <time>2026-05-03T13:10:49.000Z</time>
      </trkpt>
      <trkpt lat="50.850250" lon="14.215996">
        <ele>124.946339</ele>
        <time>2026-05-03T13:10:51.000Z</time>
      </trkpt>
      <trkpt lat="50.850121" lon="14.215935">
        <ele>124.829945</ele>
        <time>2026-05-03T13:10:54.000Z</time>
      </trkpt>
      <trkpt lat="50.850033" lon="14.215885">
        <ele>124.749115</ele>
        <time>2026-05-03T13:10:56.000Z</time>
      </trkpt>
      <trkpt lat="50.849945" lon="14.215847">
        <ele>124.670255</ele>
        <time>2026-05-03T13:10:58.000Z</time>
      </trkpt>
      <trkpt lat="50.849820" lon="14.215797">
        <ele>124.558790</ele>
        <time>2026-05-03T13:11:00.999Z</time>
      </trkpt>
      <trkpt lat="50.849732" lon="14.215760">
        <ele>124.480072</ele>
        <time>2026-05-03T13:11:02.999Z</time>
      </trkpt>
      <trkpt lat="50.849643" lon="14.215723">
        <ele>124.400518</ele>
        <time>2026-05-03T13:11:04.999Z</time>
      </trkpt>
      <trkpt lat="50.849510" lon="14.215671">
        <ele>124.282078</ele>
        <time>2026-05-03T13:11:07.999Z</time>
      </trkpt>
      <trkpt lat="50.849384" lon="14.215622">
        <ele>124.348401</ele>
        <time>2026-05-03T13:11:10.999Z</time>
      </trkpt>
      <trkpt lat="50.849291" lon="14.215586">
        <ele>124.414119</ele>
        <time>2026-05-03T13:11:12.999Z</time>
      </trkpt>
      <trkpt lat="50.849198" lon="14.215554">
        <ele>124.479448</ele>
        <time>2026-05-03T13:11:14.999Z</time>
      </trkpt>
      <trkpt lat="50.849071" lon="14.215507">
        <ele>124.568975</ele>
        <time>2026-05-03T13:11:17.999Z</time>
      </trkpt>
      <trkpt lat="50.848979" lon="14.215477">
        <ele>124.633453</ele>
        <time>2026-05-03T13:11:19.999Z</time>
      </trkpt>
      <trkpt lat="50.848888" lon="14.215450">
        <ele>124.697006</ele>
        <time>2026-05-03T13:11:21.999Z</time>
      </trkpt>
      <trkpt lat="50.848758" lon="14.215420">
        <ele>124.787187</ele>
        <time>2026-05-03T13:11:24.999Z</time>
      </trkpt>
      <trkpt lat="50.848629" lon="14.215392">
        <ele>124.876566</ele>
        <time>2026-05-03T13:11:27.999Z</time>
      </trkpt>
      <trkpt lat="50.848500" lon="14.215347">
        <ele>124.967241</ele>
        <time>2026-05-03T13:11:30.999Z</time>
      </trkpt>
      <trkpt lat="50.848379" lon="14.215345">
        <ele>125.050305</ele>
        <time>2026-05-03T13:11:33.999Z</time>
      </trkpt>
      <trkpt lat="50.848256" lon="14.215330">
        <ele>125.134989</ele>
        <time>2026-05-03T13:11:36.999Z</time>
      </trkpt>
      <trkpt lat="50.848119" lon="14.215294">
        <ele>125.230318</ele>
        <time>2026-05-03T13:11:39.999Z</time>
      </trkpt>
      <trkpt lat="50.848024" lon="14.215302">
        <ele>125.295622</ele>
        <time>2026-05-03T13:11:41.999Z</time>
      </trkpt>
      <trkpt lat="50.847931" lon="14.215301">
        <ele>125.359463</ele>
        <time>2026-05-03T13:11:43.999Z</time>
      </trkpt>
      <trkpt lat="50.847829" lon="14.215290">
        <ele>125.429643</ele>
        <time>2026-05-03T13:11:45.999Z</time>
      </trkpt>
      <trkpt lat="50.847726" lon="14.215259">
        <ele>125.501613</ele>
        <time>2026-05-03T13:11:47.999Z</time>
      </trkpt>
      <trkpt lat="50.847621" lon="14.215251">
        <ele>125.534570</ele>
        <time>2026-05-03T13:11:49.999Z</time>
      </trkpt>
      <trkpt lat="50.847528" lon="14.215265">
        <ele>125.562625</ele>
        <time>2026-05-03T13:11:51.999Z</time>
      </trkpt>
      <trkpt lat="50.847398" lon="14.215264">
        <ele>125.601667</ele>
        <time>2026-05-03T13:11:54.999Z</time>
      </trkpt>
      <trkpt lat="50.847276" lon="14.215263">
        <ele>125.638306</ele>
        <time>2026-05-03T13:11:57.999Z</time>
      </trkpt>
      <trkpt lat="50.847139" lon="14.215265">
        <ele>125.679451</ele>
        <time>2026-05-03T13:12:00.999Z</time>
      </trkpt>
      <trkpt lat="50.847047" lon="14.215270">
        <ele>125.707097</ele>
        <time>2026-05-03T13:12:02.999Z</time>
      </trkpt>
      <trkpt lat="50.846957" lon="14.215271">
        <ele>125.734126</ele>
        <time>2026-05-03T13:12:04.999Z</time>
      </trkpt>
      <trkpt lat="50.846829" lon="14.215287">
        <ele>125.772686</ele>
        <time>2026-05-03T13:12:08.000Z</time>
      </trkpt>
      <trkpt lat="50.846708" lon="14.215318">
        <ele>125.809497</ele>
        <time>2026-05-03T13:12:11.000Z</time>
      </trkpt>
      <trkpt lat="50.846617" lon="14.215362">
        <ele>125.838071</ele>
        <time>2026-05-03T13:12:13.000Z</time>
      </trkpt>
      <trkpt lat="50.846512" lon="14.215386">
        <ele>125.869931</ele>
        <time>2026-05-03T13:12:15.000Z</time>
      </trkpt>
      <trkpt lat="50.846422" lon="14.215422">
        <ele>125.897808</ele>
        <time>2026-05-03T13:12:17.000Z</time>
      </trkpt>
      <trkpt lat="50.846322" lon="14.215460">
        <ele>125.928692</ele>
        <time>2026-05-03T13:12:19.000Z</time>
      </trkpt>
      <trkpt lat="50.846221" lon="14.215498">
        <ele>125.959868</ele>
        <time>2026-05-03T13:12:21.000Z</time>
      </trkpt>
      <trkpt lat="50.846121" lon="14.215536">
        <ele>125.990752</ele>
        <time>2026-05-03T13:12:23.000Z</time>
      </trkpt>
      <trkpt lat="50.846030" lon="14.215604">
        <ele>126.020970</ele>
        <time>2026-05-03T13:12:25.000Z</time>
      </trkpt>
      <trkpt lat="50.845927" lon="14.215637">
        <ele>126.027226</ele>
        <time>2026-05-03T13:12:27.000Z</time>
      </trkpt>
      <trkpt lat="50.845834" lon="14.215721">
        <ele>125.961209</ele>
        <time>2026-05-03T13:12:29.000Z</time>
      </trkpt>
      <trkpt lat="50.845709" lon="14.215789">
        <ele>125.879710</ele>
        <time>2026-05-03T13:12:31.000Z</time>
      </trkpt>
      <trkpt lat="50.845594" lon="14.215846">
        <ele>125.805405</ele>
        <time>2026-05-03T13:12:33.000Z</time>
      </trkpt>
      <trkpt lat="50.845483" lon="14.215901">
        <ele>125.733687</ele>
        <time>2026-05-03T13:12:35.000Z</time>
      </trkpt>
      <trkpt lat="50.845380" lon="14.215962">
        <ele>125.665879</ele>
        <time>2026-05-03T13:12:37.000Z</time>
      </trkpt>
      <trkpt lat="50.845282" lon="14.216035">
        <ele>125.599099</ele>
        <time>2026-05-03T13:12:39.000Z</time>
      </trkpt>
      <trkpt lat="50.845189" lon="14.216108">
        <ele>125.535095</ele>
        <time>2026-05-03T13:12:41.000Z</time>
      </trkpt>
      <trkpt lat="50.845088" lon="14.216137">
        <ele>125.471800</ele>
        <time>2026-05-03T13:12:43.000Z</time>
      </trkpt>
      <trkpt lat="50.844993" lon="14.216211">
        <ele>125.406517</ele>
        <time>2026-05-03T13:12:45.000Z</time>
      </trkpt>
      <trkpt lat="50.844893" lon="14.216245">
        <ele>125.343449</ele>
        <time>2026-05-03T13:12:47.000Z</time>
      </trkpt>
      <trkpt lat="50.844802" lon="14.216300">
        <ele>125.283388</ele>
        <time>2026-05-03T13:12:49.000Z</time>
      </trkpt>
      <trkpt lat="50.844712" lon="14.216368">
        <ele>125.221899</ele>
        <time>2026-05-03T13:12:51.000Z</time>
      </trkpt>
      <trkpt lat="50.844627" lon="14.216429">
        <ele>125.164355</ele>
        <time>2026-05-03T13:12:53.000Z</time>
      </trkpt>
      <trkpt lat="50.844535" lon="14.216498">
        <ele>125.101585</ele>
        <time>2026-05-03T13:12:55.000Z</time>
      </trkpt>
      <trkpt lat="50.844440" lon="14.216554">
        <ele>125.039079</ele>
        <time>2026-05-03T13:12:57.000Z</time>
      </trkpt>
      <trkpt lat="50.844347" lon="14.216611">
        <ele>124.977588</ele>
        <time>2026-05-03T13:12:59.000Z</time>
      </trkpt>
      <trkpt lat="50.844250" lon="14.216662">
        <ele>124.953124</ele>
        <time>2026-05-03T13:13:01.000Z</time>
      </trkpt>
      <trkpt lat="50.844153" lon="14.216720">
        <ele>125.008998</ele>
        <time>2026-05-03T13:13:03.000Z</time>
      </trkpt>
      <trkpt lat="50.844054" lon="14.216764">
        <ele>125.064410</ele>
        <time>2026-05-03T13:13:05.000Z</time>
      </trkpt>
      <trkpt lat="50.843961" lon="14.216813">
        <ele>125.117228</ele>
        <time>2026-05-03T13:13:07.000Z</time>
      </trkpt>
      <trkpt lat="50.843867" lon="14.216848">
        <ele>125.169265</ele>
        <time>2026-05-03T13:13:08.999Z</time>
      </trkpt>
      <trkpt lat="50.843741" lon="14.216882">
        <ele>125.238144</ele>
        <time>2026-05-03T13:13:11.999Z</time>
      </trkpt>
      <trkpt lat="50.843633" lon="14.216915">
        <ele>125.297418</ele>
        <time>2026-05-03T13:13:14.999Z</time>
      </trkpt>
      <trkpt lat="50.843541" lon="14.216950">
        <ele>125.348407</ele>
        <time>2026-05-03T13:13:16.999Z</time>
      </trkpt>
      <trkpt lat="50.843447" lon="14.216981">
        <ele>125.400149</ele>
        <time>2026-05-03T13:13:18.999Z</time>
      </trkpt>
      <trkpt lat="50.843357" lon="14.217012">
        <ele>125.449784</ele>
        <time>2026-05-03T13:13:20.999Z</time>
      </trkpt>
      <trkpt lat="50.843264" lon="14.217043">
        <ele>125.500999</ele>
        <time>2026-05-03T13:13:22.999Z</time>
      </trkpt>
      <trkpt lat="50.843163" lon="14.217054">
        <ele>125.555556</ele>
        <time>2026-05-03T13:13:25.999Z</time>
      </trkpt>
      <trkpt lat="50.843037" lon="14.217108">
        <ele>125.625899</ele>
        <time>2026-05-03T13:13:28.999Z</time>
      </trkpt>
      <trkpt lat="50.842935" lon="14.217178">
        <ele>125.685805</ele>
        <time>2026-05-03T13:13:30.999Z</time>
      </trkpt>
      <trkpt lat="50.842829" lon="14.217225">
        <ele>125.745125</ele>
        <time>2026-05-03T13:13:32.999Z</time>
      </trkpt>
      <trkpt lat="50.842735" lon="14.217296">
        <ele>125.801247</ele>
        <time>2026-05-03T13:13:34.999Z</time>
      </trkpt>
      <trkpt lat="50.842641" lon="14.217325">
        <ele>125.852856</ele>
        <time>2026-05-03T13:13:36.999Z</time>
      </trkpt>
      <trkpt lat="50.842536" lon="14.217377">
        <ele>125.908620</ele>
        <time>2026-05-03T13:13:39.999Z</time>
      </trkpt>
      <trkpt lat="50.842423" lon="14.217453">
        <ele>125.944611</ele>
        <time>2026-05-03T13:13:42.999Z</time>
      </trkpt>
      <trkpt lat="50.842313" lon="14.217515">
        <ele>125.978840</ele>
        <time>2026-05-03T13:13:45.999Z</time>
      </trkpt>
      <trkpt lat="50.842188" lon="14.217606">
        <ele>126.019172</ele>
        <time>2026-05-03T13:13:48.999Z</time>
      </trkpt>
      <trkpt lat="50.842101" lon="14.217670">
        <ele>126.047295</ele>
        <time>2026-05-03T13:13:50.999Z</time>
      </trkpt>
      <trkpt lat="50.842011" lon="14.217732">
        <ele>126.076067</ele>
        <time>2026-05-03T13:13:52.999Z</time>
      </trkpt>
      <trkpt lat="50.841926" lon="14.217807">
        <ele>126.104593</ele>
        <time>2026-05-03T13:13:54.999Z</time>
      </trkpt>
      <trkpt lat="50.841830" lon="14.217904">
        <ele>126.137977</ele>
        <time>2026-05-03T13:13:56.999Z</time>
      </trkpt>
      <trkpt lat="50.841725" lon="14.218010">
        <ele>126.174482</ele>
        <time>2026-05-03T13:13:58.999Z</time>
      </trkpt>
      <trkpt lat="50.841624" lon="14.218094">
        <ele>126.207926</ele>
        <time>2026-05-03T13:14:00.999Z</time>
      </trkpt>
      <trkpt lat="50.841526" lon="14.218180">
        <ele>126.240772</ele>
        <time>2026-05-03T13:14:02.999Z</time>
      </trkpt>
      <trkpt lat="50.841439" lon="14.218265">
        <ele>126.270741</ele>
        <time>2026-05-03T13:14:04.999Z</time>
      </trkpt>
      <trkpt lat="50.841320" lon="14.218362">
        <ele>126.309977</ele>
        <time>2026-05-03T13:14:07.999Z</time>
      </trkpt>
      <trkpt lat="50.841207" lon="14.218468">
        <ele>126.348480</ele>
        <time>2026-05-03T13:14:10.999Z</time>
      </trkpt>
      <trkpt lat="50.841134" lon="14.218552">
        <ele>126.374934</ele>
        <time>2026-05-03T13:14:12.999Z</time>
      </trkpt>
      <trkpt lat="50.841039" lon="14.218713">
        <ele>126.415726</ele>
        <time>2026-05-03T13:14:16.000Z</time>
      </trkpt>
      <trkpt lat="50.840966" lon="14.218834">
        <ele>126.412379</ele>
        <time>2026-05-03T13:14:18.000Z</time>
      </trkpt>
      <trkpt lat="50.840872" lon="14.218972">
        <ele>126.363928</ele>
        <time>2026-05-03T13:14:20.000Z</time>
      </trkpt>
      <trkpt lat="50.840788" lon="14.219097">
        <ele>126.320358</ele>
        <time>2026-05-03T13:14:22.000Z</time>
      </trkpt>
      <trkpt lat="50.840706" lon="14.219216">
        <ele>126.278316</ele>
        <time>2026-05-03T13:14:24.000Z</time>
      </trkpt>
      <trkpt lat="50.840624" lon="14.219335">
        <ele>126.236274</ele>
        <time>2026-05-03T13:14:26.000Z</time>
      </trkpt>
      <trkpt lat="50.840549" lon="14.219453">
        <ele>126.196312</ele>
        <time>2026-05-03T13:14:28.000Z</time>
      </trkpt>
      <trkpt lat="50.840470" lon="14.219562">
        <ele>126.156706</ele>
        <time>2026-05-03T13:14:30.000Z</time>
      </trkpt>
      <trkpt lat="50.840393" lon="14.219686">
        <ele>126.115195</ele>
        <time>2026-05-03T13:14:32.000Z</time>
      </trkpt>
      <trkpt lat="50.840312" lon="14.219805">
        <ele>126.073431</ele>
        <time>2026-05-03T13:14:34.000Z</time>
      </trkpt>
      <trkpt lat="50.840236" lon="14.219914">
        <ele>126.034672</ele>
        <time>2026-05-03T13:14:36.000Z</time>
      </trkpt>
      <trkpt lat="50.840172" lon="14.220029">
        <ele>125.998084</ele>
        <time>2026-05-03T13:14:38.000Z</time>
      </trkpt>
      <trkpt lat="50.840097" lon="14.220125">
        <ele>125.961631</ele>
        <time>2026-05-03T13:14:40.000Z</time>
      </trkpt>
      <trkpt lat="50.840033" lon="14.220249">
        <ele>125.923405</ele>
        <time>2026-05-03T13:14:42.000Z</time>
      </trkpt>
      <trkpt lat="50.839967" lon="14.220381">
        <ele>125.883216</ele>
        <time>2026-05-03T13:14:44.000Z</time>
      </trkpt>
      <trkpt lat="50.839883" lon="14.220513">
        <ele>125.838484</ele>
        <time>2026-05-03T13:14:46.000Z</time>
      </trkpt>
      <trkpt lat="50.839807" lon="14.220647">
        <ele>125.795492</ele>
        <time>2026-05-03T13:14:48.000Z</time>
      </trkpt>
      <trkpt lat="50.839732" lon="14.220771">
        <ele>125.754507</ele>
        <time>2026-05-03T13:14:50.000Z</time>
      </trkpt>
      <trkpt lat="50.839659" lon="14.220890">
        <ele>125.711513</ele>
        <time>2026-05-03T13:14:52.000Z</time>
      </trkpt>
      <trkpt lat="50.839582" lon="14.221011">
        <ele>125.666743</ele>
        <time>2026-05-03T13:14:54.000Z</time>
      </trkpt>
      <trkpt lat="50.839507" lon="14.221128">
        <ele>125.623292</ele>
        <time>2026-05-03T13:14:56.000Z</time>
      </trkpt>
      <trkpt lat="50.839426" lon="14.221236">
        <ele>125.579590</ele>
        <time>2026-05-03T13:14:58.000Z</time>
      </trkpt>
      <trkpt lat="50.839344" lon="14.221335">
        <ele>125.537034</ele>
        <time>2026-05-03T13:15:00.000Z</time>
      </trkpt>
      <trkpt lat="50.839266" lon="14.221439">
        <ele>125.494950</ele>
        <time>2026-05-03T13:15:02.000Z</time>
      </trkpt>
      <trkpt lat="50.839198" lon="14.221552">
        <ele>125.454269</ele>
        <time>2026-05-03T13:15:04.000Z</time>
      </trkpt>
      <trkpt lat="50.839134" lon="14.221669">
        <ele>125.413926</ele>
        <time>2026-05-03T13:15:05.999Z</time>
      </trkpt>
      <trkpt lat="50.839071" lon="14.221789">
        <ele>125.373254</ele>
        <time>2026-05-03T13:15:07.999Z</time>
      </trkpt>
      <trkpt lat="50.839008" lon="14.221915">
        <ele>125.331368</ele>
        <time>2026-05-03T13:15:09.999Z</time>
      </trkpt>
      <trkpt lat="50.838944" lon="14.222047">
        <ele>125.287994</ele>
        <time>2026-05-03T13:15:11.999Z</time>
      </trkpt>
      <trkpt lat="50.838880" lon="14.222177">
        <ele>125.245033</ele>
        <time>2026-05-03T13:15:13.999Z</time>
      </trkpt>
      <trkpt lat="50.838819" lon="14.222309">
        <ele>125.202402</ele>
        <time>2026-05-03T13:15:15.999Z</time>
      </trkpt>
      <trkpt lat="50.838744" lon="14.222429">
        <ele>125.158399</ele>
        <time>2026-05-03T13:15:17.999Z</time>
      </trkpt>
      <trkpt lat="50.838683" lon="14.222548">
        <ele>125.118452</ele>
        <time>2026-05-03T13:15:19.999Z</time>
      </trkpt>
      <trkpt lat="50.838610" lon="14.222677">
        <ele>125.073307</ele>
        <time>2026-05-03T13:15:21.999Z</time>
      </trkpt>
      <trkpt lat="50.838533" lon="14.222808">
        <ele>125.026663</ele>
        <time>2026-05-03T13:15:23.999Z</time>
      </trkpt>
      <trkpt lat="50.838454" lon="14.222937">
        <ele>124.893438</ele>
        <time>2026-05-03T13:15:25.999Z</time>
      </trkpt>
      <trkpt lat="50.838379" lon="14.223063">
        <ele>124.716981</ele>
        <time>2026-05-03T13:15:27.999Z</time>
      </trkpt>
      <trkpt lat="50.838309" lon="14.223184">
        <ele>124.549748</ele>
        <time>2026-05-03T13:15:29.999Z</time>
      </trkpt>
      <trkpt lat="50.838238" lon="14.223312">
        <ele>124.376127</ele>
        <time>2026-05-03T13:15:31.999Z</time>
      </trkpt>
      <trkpt lat="50.838171" lon="14.223448">
        <ele>124.200343</ele>
        <time>2026-05-03T13:15:33.999Z</time>
      </trkpt>
      <trkpt lat="50.838100" lon="14.223586">
        <ele>124.018940</ele>
        <time>2026-05-03T13:15:35.999Z</time>
      </trkpt>
      <trkpt lat="50.838030" lon="14.223727">
        <ele>123.836158</ele>
        <time>2026-05-03T13:15:37.999Z</time>
      </trkpt>
      <trkpt lat="50.837948" lon="14.223869">
        <ele>123.640063</ele>
        <time>2026-05-03T13:15:39.999Z</time>
      </trkpt>
      <trkpt lat="50.837871" lon="14.224011">
        <ele>123.449320</ele>
        <time>2026-05-03T13:15:41.999Z</time>
      </trkpt>
      <trkpt lat="50.837793" lon="14.224144">
        <ele>123.264344</ele>
        <time>2026-05-03T13:15:43.999Z</time>
      </trkpt>
      <trkpt lat="50.837722" lon="14.224277">
        <ele>123.086862</ele>
        <time>2026-05-03T13:15:45.999Z</time>
      </trkpt>
      <trkpt lat="50.837636" lon="14.224398">
        <ele>122.901208</ele>
        <time>2026-05-03T13:15:47.999Z</time>
      </trkpt>
      <trkpt lat="50.837543" lon="14.224517">
        <ele>122.708252</ele>
        <time>2026-05-03T13:15:49.999Z</time>
      </trkpt>
      <trkpt lat="50.837454" lon="14.224633">
        <ele>122.522231</ele>
        <time>2026-05-03T13:15:51.999Z</time>
      </trkpt>
      <trkpt lat="50.837355" lon="14.224744">
        <ele>122.326473</ele>
        <time>2026-05-03T13:15:53.999Z</time>
      </trkpt>
      <trkpt lat="50.837257" lon="14.224848">
        <ele>122.136092</ele>
        <time>2026-05-03T13:15:55.999Z</time>
      </trkpt>
      <trkpt lat="50.837158" lon="14.224950">
        <ele>122.096223</ele>
        <time>2026-05-03T13:15:57.999Z</time>
      </trkpt>
      <trkpt lat="50.837064" lon="14.225038">
        <ele>122.084540</ele>
        <time>2026-05-03T13:15:59.999Z</time>
      </trkpt>
      <trkpt lat="50.836977" lon="14.225142">
        <ele>122.072877</ele>
        <time>2026-05-03T13:16:01.999Z</time>
      </trkpt>
      <trkpt lat="50.836887" lon="14.225237">
        <ele>122.061305</ele>
        <time>2026-05-03T13:16:03.999Z</time>
      </trkpt>
      <trkpt lat="50.836795" lon="14.225328">
        <ele>122.049699</ele>
        <time>2026-05-03T13:16:05.999Z</time>
      </trkpt>
      <trkpt lat="50.836700" lon="14.225426">
        <ele>122.037568</ele>
        <time>2026-05-03T13:16:07.999Z</time>
      </trkpt>
      <trkpt lat="50.836609" lon="14.225511">
        <ele>122.026265</ele>
        <time>2026-05-03T13:16:09.999Z</time>
      </trkpt>
      <trkpt lat="50.836516" lon="14.225597">
        <ele>122.014742</ele>
        <time>2026-05-03T13:16:11.999Z</time>
      </trkpt>
      <trkpt lat="50.836422" lon="14.225675">
        <ele>122.003388</ele>
        <time>2026-05-03T13:16:13.999Z</time>
      </trkpt>
      <trkpt lat="50.836326" lon="14.225756">
        <ele>121.991750</ele>
        <time>2026-05-03T13:16:15.999Z</time>
      </trkpt>
      <trkpt lat="50.836230" lon="14.225836">
        <ele>121.980143</ele>
        <time>2026-05-03T13:16:17.999Z</time>
      </trkpt>
      <trkpt lat="50.836131" lon="14.225910">
        <ele>121.968430</ele>
        <time>2026-05-03T13:16:20.000Z</time>
      </trkpt>
      <trkpt lat="50.836032" lon="14.225982">
        <ele>121.956775</ele>
        <time>2026-05-03T13:16:22.000Z</time>
      </trkpt>
      <trkpt lat="50.835937" lon="14.226051">
        <ele>121.945592</ele>
        <time>2026-05-03T13:16:24.000Z</time>
      </trkpt>
      <trkpt lat="50.835831" lon="14.226120">
        <ele>121.933330</ele>
        <time>2026-05-03T13:16:26.000Z</time>
      </trkpt>
      <trkpt lat="50.835729" lon="14.226182">
        <ele>121.921641</ele>
        <time>2026-05-03T13:16:28.000Z</time>
      </trkpt>
      <trkpt lat="50.835629" lon="14.226244">
        <ele>121.896014</ele>
        <time>2026-05-03T13:16:30.000Z</time>
      </trkpt>
      <trkpt lat="50.835531" lon="14.226311">
        <ele>121.847383</ele>
        <time>2026-05-03T13:16:32.000Z</time>
      </trkpt>
      <trkpt lat="50.835428" lon="14.226366">
        <ele>121.797861</ele>
        <time>2026-05-03T13:16:34.000Z</time>
      </trkpt>
      <trkpt lat="50.835326" lon="14.226420">
        <ele>121.748863</ele>
        <time>2026-05-03T13:16:36.000Z</time>
      </trkpt>
      <trkpt lat="50.835222" lon="14.226479">
        <ele>121.698533</ele>
        <time>2026-05-03T13:16:38.000Z</time>
      </trkpt>
      <trkpt lat="50.835117" lon="14.226531">
        <ele>121.648412</ele>
        <time>2026-05-03T13:16:40.000Z</time>
      </trkpt>
      <trkpt lat="50.835011" lon="14.226585">
        <ele>121.597682</ele>
        <time>2026-05-03T13:16:42.000Z</time>
      </trkpt>
      <trkpt lat="50.834906" lon="14.226635">
        <ele>121.547730</ele>
        <time>2026-05-03T13:16:44.000Z</time>
      </trkpt>
      <trkpt lat="50.834796" lon="14.226674">
        <ele>121.496374</ele>
        <time>2026-05-03T13:16:46.000Z</time>
      </trkpt>
      <trkpt lat="50.834689" lon="14.226707">
        <ele>121.446711</ele>
        <time>2026-05-03T13:16:48.000Z</time>
      </trkpt>
      <trkpt lat="50.834586" lon="14.226750">
        <ele>121.398182</ele>
        <time>2026-05-03T13:16:50.000Z</time>
      </trkpt>
      <trkpt lat="50.834491" lon="14.226789">
        <ele>121.353471</ele>
        <time>2026-05-03T13:16:52.000Z</time>
      </trkpt>
      <trkpt lat="50.834380" lon="14.226816">
        <ele>121.302308</ele>
        <time>2026-05-03T13:16:54.000Z</time>
      </trkpt>
      <trkpt lat="50.834275" lon="14.226849">
        <ele>121.253539</ele>
        <time>2026-05-03T13:16:56.000Z</time>
      </trkpt>
      <trkpt lat="50.834167" lon="14.226870">
        <ele>121.203966</ele>
        <time>2026-05-03T13:16:58.000Z</time>
      </trkpt>
      <trkpt lat="50.834062" lon="14.226895">
        <ele>121.155592</ele>
        <time>2026-05-03T13:17:00.000Z</time>
      </trkpt>
      <trkpt lat="50.833956" lon="14.226916">
        <ele>121.106924</ele>
        <time>2026-05-03T13:17:02.000Z</time>
      </trkpt>
      <trkpt lat="50.833848" lon="14.226933">
        <ele>121.113788</ele>
        <time>2026-05-03T13:17:04.000Z</time>
      </trkpt>
      <trkpt lat="50.833752" lon="14.226963">
        <ele>121.136006</ele>
        <time>2026-05-03T13:17:06.000Z</time>
      </trkpt>
      <trkpt lat="50.833616" lon="14.226959">
        <ele>121.166890</ele>
        <time>2026-05-03T13:17:09.000Z</time>
      </trkpt>
      <trkpt lat="50.833517" lon="14.226968">
        <ele>121.189406</ele>
        <time>2026-05-03T13:17:11.000Z</time>
      </trkpt>
      <trkpt lat="50.833416" lon="14.226970">
        <ele>121.212340</ele>
        <time>2026-05-03T13:17:13.000Z</time>
      </trkpt>
      <trkpt lat="50.833312" lon="14.226969">
        <ele>121.235954</ele>
        <time>2026-05-03T13:17:14.999Z</time>
      </trkpt>
      <trkpt lat="50.833207" lon="14.226947">
        <ele>121.260002</ele>
        <time>2026-05-03T13:17:16.999Z</time>
      </trkpt>
      <trkpt lat="50.833105" lon="14.226942">
        <ele>121.283172</ele>
        <time>2026-05-03T13:17:18.999Z</time>
      </trkpt>
      <trkpt lat="50.832999" lon="14.226955">
        <ele>121.307312</ele>
        <time>2026-05-03T13:17:20.999Z</time>
      </trkpt>
      <trkpt lat="50.832889" lon="14.226944">
        <ele>121.332337</ele>
        <time>2026-05-03T13:17:22.999Z</time>
      </trkpt>
      <trkpt lat="50.832783" lon="14.226928">
        <ele>121.356514</ele>
        <time>2026-05-03T13:17:24.999Z</time>
      </trkpt>
      <trkpt lat="50.832670" lon="14.226904">
        <ele>121.382401</ele>
        <time>2026-05-03T13:17:26.999Z</time>
      </trkpt>
      <trkpt lat="50.832558" lon="14.226897">
        <ele>121.407850</ele>
        <time>2026-05-03T13:17:28.999Z</time>
      </trkpt>
      <trkpt lat="50.832453" lon="14.226874">
        <ele>121.431918</ele>
        <time>2026-05-03T13:17:30.999Z</time>
      </trkpt>
      <trkpt lat="50.832345" lon="14.226853">
        <ele>121.456624</ele>
        <time>2026-05-03T13:17:32.999Z</time>
      </trkpt>
      <trkpt lat="50.832236" lon="14.226833">
        <ele>121.481538</ele>
        <time>2026-05-03T13:17:34.999Z</time>
      </trkpt>
      <trkpt lat="50.832128" lon="14.226812">
        <ele>121.506878</ele>
        <time>2026-05-03T13:17:36.999Z</time>
      </trkpt>
      <trkpt lat="50.832027" lon="14.226786">
        <ele>121.535368</ele>
        <time>2026-05-03T13:17:38.999Z</time>
      </trkpt>
      <trkpt lat="50.831921" lon="14.226755">
        <ele>121.565382</ele>
        <time>2026-05-03T13:17:40.999Z</time>
      </trkpt>
      <trkpt lat="50.831820" lon="14.226731">
        <ele>121.593818</ele>
        <time>2026-05-03T13:17:42.999Z</time>
      </trkpt>
      <trkpt lat="50.831714" lon="14.226700">
        <ele>121.623831</ele>
        <time>2026-05-03T13:17:44.999Z</time>
      </trkpt>
      <trkpt lat="50.831604" lon="14.226667">
        <ele>121.655004</ele>
        <time>2026-05-03T13:17:46.999Z</time>
      </trkpt>
      <trkpt lat="50.831491" lon="14.226630">
        <ele>121.687132</ele>
        <time>2026-05-03T13:17:48.999Z</time>
      </trkpt>
      <trkpt lat="50.831384" lon="14.226595">
        <ele>121.717554</ele>
        <time>2026-05-03T13:17:50.999Z</time>
      </trkpt>
      <trkpt lat="50.831279" lon="14.226555">
        <ele>121.747624</ele>
        <time>2026-05-03T13:17:52.999Z</time>
      </trkpt>
      <trkpt lat="50.831178" lon="14.226514">
        <ele>121.776655</ele>
        <time>2026-05-03T13:17:54.999Z</time>
      </trkpt>
      <trkpt lat="50.831077" lon="14.226474">
        <ele>121.805643</ele>
        <time>2026-05-03T13:17:56.999Z</time>
      </trkpt>
      <trkpt lat="50.830980" lon="14.226427">
        <ele>121.833888</ele>
        <time>2026-05-03T13:17:58.999Z</time>
      </trkpt>
      <trkpt lat="50.830868" lon="14.226387">
        <ele>121.865855</ele>
        <time>2026-05-03T13:18:00.999Z</time>
      </trkpt>
      <trkpt lat="50.830765" lon="14.226338">
        <ele>121.895801</ele>
        <time>2026-05-03T13:18:02.999Z</time>
      </trkpt>
      <trkpt lat="50.830661" lon="14.226288">
        <ele>121.926063</ele>
        <time>2026-05-03T13:18:04.999Z</time>
      </trkpt>
      <trkpt lat="50.830558" lon="14.226229">
        <ele>121.956561</ele>
        <time>2026-05-03T13:18:06.999Z</time>
      </trkpt>
      <trkpt lat="50.830452" lon="14.226174">
        <ele>121.987619</ele>
        <time>2026-05-03T13:18:08.999Z</time>
      </trkpt>
      <trkpt lat="50.830352" lon="14.226118">
        <ele>122.001874</ele>
        <time>2026-05-03T13:18:10.999Z</time>
      </trkpt>
      <trkpt lat="50.830246" lon="14.226065">
        <ele>121.996186</ele>
        <time>2026-05-03T13:18:12.999Z</time>
      </trkpt>
      <trkpt lat="50.830142" lon="14.226011">
        <ele>121.990587</ele>
        <time>2026-05-03T13:18:14.999Z</time>
      </trkpt>
      <trkpt lat="50.830037" lon="14.225966">
        <ele>121.985021</ele>
        <time>2026-05-03T13:18:16.999Z</time>
      </trkpt>
      <trkpt lat="50.829938" lon="14.225911">
        <ele>121.979653</ele>
        <time>2026-05-03T13:18:18.999Z</time>
      </trkpt>
      <trkpt lat="50.829840" lon="14.225859">
        <ele>121.974365</ele>
        <time>2026-05-03T13:18:20.999Z</time>
      </trkpt>
      <trkpt lat="50.829747" lon="14.225809">
        <ele>121.969340</ele>
        <time>2026-05-03T13:18:22.999Z</time>
      </trkpt>
      <trkpt lat="50.829648" lon="14.225761">
        <ele>121.964043</ele>
        <time>2026-05-03T13:18:24.999Z</time>
      </trkpt>
      <trkpt lat="50.829554" lon="14.225705">
        <ele>121.958904</ele>
        <time>2026-05-03T13:18:27.000Z</time>
      </trkpt>
      <trkpt lat="50.829458" lon="14.225655">
        <ele>121.953733</ele>
        <time>2026-05-03T13:18:29.000Z</time>
      </trkpt>
      <trkpt lat="50.829363" lon="14.225607">
        <ele>121.948631</ele>
        <time>2026-05-03T13:18:31.000Z</time>
      </trkpt>
      <trkpt lat="50.829274" lon="14.225554">
        <ele>121.943766</ele>
        <time>2026-05-03T13:18:33.000Z</time>
      </trkpt>
      <trkpt lat="50.829183" lon="14.225501">
        <ele>121.938806</ele>
        <time>2026-05-03T13:18:35.000Z</time>
      </trkpt>
      <trkpt lat="50.829091" lon="14.225446">
        <ele>121.933774</ele>
        <time>2026-05-03T13:18:37.000Z</time>
      </trkpt>
      <trkpt lat="50.828992" lon="14.225402">
        <ele>121.928513</ele>
        <time>2026-05-03T13:18:39.000Z</time>
      </trkpt>
      <trkpt lat="50.828889" lon="14.225367">
        <ele>121.923123</ele>
        <time>2026-05-03T13:18:41.000Z</time>
      </trkpt>
      <trkpt lat="50.828790" lon="14.225315">
        <ele>121.917787</ele>
        <time>2026-05-03T13:18:43.000Z</time>
      </trkpt>
      <trkpt lat="50.828690" lon="14.225267">
        <ele>121.912440</ele>
        <time>2026-05-03T13:18:45.000Z</time>
      </trkpt>
      <trkpt lat="50.828589" lon="14.225220">
        <ele>121.917409</ele>
        <time>2026-05-03T13:18:47.000Z</time>
      </trkpt>
      <trkpt lat="50.828487" lon="14.225178">
        <ele>121.922823</ele>
        <time>2026-05-03T13:18:49.000Z</time>
      </trkpt>
      <trkpt lat="50.828385" lon="14.225127">
        <ele>121.928318</ele>
        <time>2026-05-03T13:18:51.000Z</time>
      </trkpt>
      <trkpt lat="50.828285" lon="14.225082">
        <ele>121.933658</ele>
        <time>2026-05-03T13:18:53.000Z</time>
      </trkpt>
      <trkpt lat="50.828192" lon="14.225030">
        <ele>121.938725</ele>
        <time>2026-05-03T13:18:55.000Z</time>
      </trkpt>
      <trkpt lat="50.828098" lon="14.224992">
        <ele>121.943709</ele>
        <time>2026-05-03T13:18:57.000Z</time>
      </trkpt>
      <trkpt lat="50.828012" lon="14.224949">
        <ele>121.948342</ele>
        <time>2026-05-03T13:18:59.000Z</time>
      </trkpt>
      <trkpt lat="50.827915" lon="14.224901">
        <ele>121.953562</ele>
        <time>2026-05-03T13:19:01.000Z</time>
      </trkpt>
      <trkpt lat="50.827820" lon="14.224845">
        <ele>121.958770</ele>
        <time>2026-05-03T13:19:03.000Z</time>
      </trkpt>
      <trkpt lat="50.827721" lon="14.224792">
        <ele>121.964138</ele>
        <time>2026-05-03T13:19:05.000Z</time>
      </trkpt>
      <trkpt lat="50.827616" lon="14.224760">
        <ele>121.969631</ele>
        <time>2026-05-03T13:19:07.000Z</time>
      </trkpt>
      <trkpt lat="50.827517" lon="14.224706">
        <ele>121.975010</ele>
        <time>2026-05-03T13:19:09.000Z</time>
      </trkpt>
      <trkpt lat="50.827414" lon="14.224664">
        <ele>121.980474</ele>
        <time>2026-05-03T13:19:11.000Z</time>
      </trkpt>
      <trkpt lat="50.827306" lon="14.224616">
        <ele>121.986237</ele>
        <time>2026-05-03T13:19:13.000Z</time>
      </trkpt>
      <trkpt lat="50.827205" lon="14.224568">
        <ele>121.991654</ele>
        <time>2026-05-03T13:19:15.000Z</time>
      </trkpt>
      <trkpt lat="50.827099" lon="14.224515">
        <ele>121.997364</ele>
        <time>2026-05-03T13:19:17.000Z</time>
      </trkpt>
      <trkpt lat="50.826999" lon="14.224455">
        <ele>122.002858</ele>
        <time>2026-05-03T13:19:19.000Z</time>
      </trkpt>
      <trkpt lat="50.826900" lon="14.224415">
        <ele>122.068555</ele>
        <time>2026-05-03T13:19:21.000Z</time>
      </trkpt>
      <trkpt lat="50.826803" lon="14.224378">
        <ele>122.162493</ele>
        <time>2026-05-03T13:19:22.999Z</time>
      </trkpt>
      <trkpt lat="50.826709" lon="14.224311">
        <ele>122.259550</ele>
        <time>2026-05-03T13:19:24.999Z</time>
      </trkpt>
      <trkpt lat="50.826607" lon="14.224287">
        <ele>122.356637</ele>
        <time>2026-05-03T13:19:26.999Z</time>
      </trkpt>
      <trkpt lat="50.826508" lon="14.224245">
        <ele>122.453133</ele>
        <time>2026-05-03T13:19:28.999Z</time>
      </trkpt>
      <trkpt lat="50.826412" lon="14.224199">
        <ele>122.547566</ele>
        <time>2026-05-03T13:19:30.999Z</time>
      </trkpt>
      <trkpt lat="50.826311" lon="14.224148">
        <ele>122.647377</ele>
        <time>2026-05-03T13:19:32.999Z</time>
      </trkpt>
      <trkpt lat="50.826213" lon="14.224112">
        <ele>122.742095</ele>
        <time>2026-05-03T13:19:34.999Z</time>
      </trkpt>
      <trkpt lat="50.826117" lon="14.224087">
        <ele>122.833693</ele>
        <time>2026-05-03T13:19:36.999Z</time>
      </trkpt>
      <trkpt lat="50.826015" lon="14.224039">
        <ele>122.933878</ele>
        <time>2026-05-03T13:19:38.999Z</time>
      </trkpt>
      <trkpt lat="50.825913" lon="14.224022">
        <ele>123.030441</ele>
        <time>2026-05-03T13:19:40.999Z</time>
      </trkpt>
      <trkpt lat="50.825808" lon="14.223976">
        <ele>123.133013</ele>
        <time>2026-05-03T13:19:42.999Z</time>
      </trkpt>
      <trkpt lat="50.825707" lon="14.223932">
        <ele>123.231639</ele>
        <time>2026-05-03T13:19:44.999Z</time>
      </trkpt>
      <trkpt lat="50.825607" lon="14.223863">
        <ele>123.334342</ele>
        <time>2026-05-03T13:19:46.999Z</time>
      </trkpt>
      <trkpt lat="50.825494" lon="14.223810">
        <ele>123.445302</ele>
        <time>2026-05-03T13:19:49.999Z</time>
      </trkpt>
      <trkpt lat="50.825396" lon="14.223754">
        <ele>123.543396</ele>
        <time>2026-05-03T13:19:52.999Z</time>
      </trkpt>
      <trkpt lat="50.825289" lon="14.223720">
        <ele>123.646145</ele>
        <time>2026-05-03T13:19:55.999Z</time>
      </trkpt>
      <trkpt lat="50.825197" lon="14.223666">
        <ele>123.816643</ele>
        <time>2026-05-03T13:19:57.999Z</time>
      </trkpt>
      <trkpt lat="50.825073" lon="14.223604">
        <ele>124.175244</ele>
        <time>2026-05-03T13:20:00.999Z</time>
      </trkpt>
      <trkpt lat="50.824985" lon="14.223563">
        <ele>124.428210</ele>
        <time>2026-05-03T13:20:02.999Z</time>
      </trkpt>
      <trkpt lat="50.824861" lon="14.223491">
        <ele>124.792436</ele>
        <time>2026-05-03T13:20:05.999Z</time>
      </trkpt>
      <trkpt lat="50.824744" lon="14.223434">
        <ele>125.130016</ele>
        <time>2026-05-03T13:20:08.999Z</time>
      </trkpt>
      <trkpt lat="50.824639" lon="14.223368">
        <ele>125.441561</ele>
        <time>2026-05-03T13:20:11.999Z</time>
      </trkpt>
      <trkpt lat="50.824547" lon="14.223335">
        <ele>125.701698</ele>
        <time>2026-05-03T13:20:14.999Z</time>
      </trkpt>
      <trkpt lat="50.824447" lon="14.223284">
        <ele>125.991422</ele>
        <time>2026-05-03T13:20:17.999Z</time>
      </trkpt>
      <trkpt lat="50.824339" lon="14.223239">
        <ele>126.299393</ele>
        <time>2026-05-03T13:20:20.999Z</time>
      </trkpt>
      <trkpt lat="50.824210" lon="14.223178">
        <ele>126.670663</ele>
        <time>2026-05-03T13:20:23.999Z</time>
      </trkpt>
      <trkpt lat="50.824113" lon="14.223138">
        <ele>126.947083</ele>
        <time>2026-05-03T13:20:25.999Z</time>
      </trkpt>
      <trkpt lat="50.824015" lon="14.223100">
        <ele>127.225324</ele>
        <time>2026-05-03T13:20:27.999Z</time>
      </trkpt>
      <trkpt lat="50.823914" lon="14.223055">
        <ele>127.514669</ele>
        <time>2026-05-03T13:20:29.999Z</time>
      </trkpt>
      <trkpt lat="50.823815" lon="14.223008">
        <ele>127.799691</ele>
        <time>2026-05-03T13:20:32.000Z</time>
      </trkpt>
      <trkpt lat="50.823706" lon="14.222969">
        <ele>128.107858</ele>
        <time>2026-05-03T13:20:35.000Z</time>
      </trkpt>
      <trkpt lat="50.823589" lon="14.222905">
        <ele>128.449225</ele>
        <time>2026-05-03T13:20:38.000Z</time>
      </trkpt>
      <trkpt lat="50.823460" lon="14.222853">
        <ele>128.658305</ele>
        <time>2026-05-03T13:20:41.000Z</time>
      </trkpt>
      <trkpt lat="50.823335" lon="14.222804">
        <ele>128.658814</ele>
        <time>2026-05-03T13:20:44.000Z</time>
      </trkpt>
      <trkpt lat="50.823243" lon="14.222766">
        <ele>128.659189</ele>
        <time>2026-05-03T13:20:46.000Z</time>
      </trkpt>
      <trkpt lat="50.823140" lon="14.222739">
        <ele>128.659602</ele>
        <time>2026-05-03T13:20:48.000Z</time>
      </trkpt>
      <trkpt lat="50.823034" lon="14.222707">
        <ele>128.660028</ele>
        <time>2026-05-03T13:20:50.000Z</time>
      </trkpt>
      <trkpt lat="50.822928" lon="14.222676">
        <ele>128.660454</ele>
        <time>2026-05-03T13:20:52.000Z</time>
      </trkpt>
      <trkpt lat="50.822820" lon="14.222651">
        <ele>128.660885</ele>
        <time>2026-05-03T13:20:54.000Z</time>
      </trkpt>
      <trkpt lat="50.822713" lon="14.222636">
        <ele>128.661309</ele>
        <time>2026-05-03T13:20:56.000Z</time>
      </trkpt>
      <trkpt lat="50.822603" lon="14.222620">
        <ele>128.661745</ele>
        <time>2026-05-03T13:20:58.000Z</time>
      </trkpt>
      <trkpt lat="50.822490" lon="14.222618">
        <ele>128.662191</ele>
        <time>2026-05-03T13:21:00.000Z</time>
      </trkpt>
      <trkpt lat="50.822379" lon="14.222615">
        <ele>128.662630</ele>
        <time>2026-05-03T13:21:02.000Z</time>
      </trkpt>
      <trkpt lat="50.822266" lon="14.222609">
        <ele>128.663076</ele>
        <time>2026-05-03T13:21:04.000Z</time>
      </trkpt>
      <trkpt lat="50.822161" lon="14.222603">
        <ele>128.663491</ele>
        <time>2026-05-03T13:21:06.000Z</time>
      </trkpt>
      <trkpt lat="50.822062" lon="14.222578">
        <ele>128.663887</ele>
        <time>2026-05-03T13:21:08.000Z</time>
      </trkpt>
      <trkpt lat="50.821968" lon="14.222549">
        <ele>128.664265</ele>
        <time>2026-05-03T13:21:10.000Z</time>
      </trkpt>
      <trkpt lat="50.821878" lon="14.222520">
        <ele>128.664628</ele>
        <time>2026-05-03T13:21:12.000Z</time>
      </trkpt>
      <trkpt lat="50.821789" lon="14.222485">
        <ele>128.664990</ele>
        <time>2026-05-03T13:21:14.000Z</time>
      </trkpt>
      <trkpt lat="50.821696" lon="14.222453">
        <ele>128.575236</ele>
        <time>2026-05-03T13:21:16.000Z</time>
      </trkpt>
      <trkpt lat="50.821596" lon="14.222410">
        <ele>128.375350</ele>
        <time>2026-05-03T13:21:18.000Z</time>
      </trkpt>
      <trkpt lat="50.821485" lon="14.222371">
        <ele>128.156024</ele>
        <time>2026-05-03T13:21:20.000Z</time>
      </trkpt>
      <trkpt lat="50.821366" lon="14.222313">
        <ele>127.915844</ele>
        <time>2026-05-03T13:21:22.000Z</time>
      </trkpt>
      <trkpt lat="50.821245" lon="14.222258">
        <ele>127.673008</ele>
        <time>2026-05-03T13:21:24.000Z</time>
      </trkpt>
      <trkpt lat="50.821115" lon="14.222205">
        <ele>127.414060</ele>
        <time>2026-05-03T13:21:26.000Z</time>
      </trkpt>
      <trkpt lat="50.820987" lon="14.222154">
        <ele>127.159452</ele>
        <time>2026-05-03T13:21:28.000Z</time>
      </trkpt>
      <trkpt lat="50.820852" lon="14.222120">
        <ele>126.895767</ele>
        <time>2026-05-03T13:21:30.000Z</time>
      </trkpt>
      <trkpt lat="50.820706" lon="14.222092">
        <ele>126.612080</ele>
        <time>2026-05-03T13:21:32.000Z</time>
      </trkpt>
      <trkpt lat="50.820561" lon="14.222068">
        <ele>126.330856</ele>
        <time>2026-05-03T13:21:33.999Z</time>
      </trkpt>
      <trkpt lat="50.820421" lon="14.222037">
        <ele>126.058173</ele>
        <time>2026-05-03T13:21:35.999Z</time>
      </trkpt>
      <trkpt lat="50.820278" lon="14.222024">
        <ele>125.781878</ele>
        <time>2026-05-03T13:21:37.999Z</time>
      </trkpt>
      <trkpt lat="50.820130" lon="14.222005">
        <ele>125.495455</ele>
        <time>2026-05-03T13:21:39.999Z</time>
      </trkpt>
      <trkpt lat="50.819985" lon="14.221959">
        <ele>125.210194</ele>
        <time>2026-05-03T13:21:41.999Z</time>
      </trkpt>
      <trkpt lat="50.819851" lon="14.221931">
        <ele>125.156315</ele>
        <time>2026-05-03T13:21:43.999Z</time>
      </trkpt>
      <trkpt lat="50.819722" lon="14.221907">
        <ele>125.116258</ele>
        <time>2026-05-03T13:21:45.999Z</time>
      </trkpt>
      <trkpt lat="50.819594" lon="14.221901">
        <ele>125.076766</ele>
        <time>2026-05-03T13:21:47.999Z</time>
      </trkpt>
      <trkpt lat="50.819471" lon="14.221877">
        <ele>125.038546</ele>
        <time>2026-05-03T13:21:49.999Z</time>
      </trkpt>
      <trkpt lat="50.819347" lon="14.221879">
        <ele>125.000303</ele>
        <time>2026-05-03T13:21:51.999Z</time>
      </trkpt>
      <trkpt lat="50.819226" lon="14.221877">
        <ele>124.962985</ele>
        <time>2026-05-03T13:21:53.999Z</time>
      </trkpt>
      <trkpt lat="50.819105" lon="14.221874">
        <ele>124.925665</ele>
        <time>2026-05-03T13:21:55.999Z</time>
      </trkpt>
      <trkpt lat="50.818984" lon="14.221874">
        <ele>124.888349</ele>
        <time>2026-05-03T13:21:57.999Z</time>
      </trkpt>
      <trkpt lat="50.818866" lon="14.221879">
        <ele>124.851945</ele>
        <time>2026-05-03T13:21:59.999Z</time>
      </trkpt>
      <trkpt lat="50.818754" lon="14.221884">
        <ele>124.817391</ele>
        <time>2026-05-03T13:22:01.999Z</time>
      </trkpt>
      <trkpt lat="50.818643" lon="14.221877">
        <ele>124.783132</ele>
        <time>2026-05-03T13:22:03.999Z</time>
      </trkpt>
      <trkpt lat="50.818532" lon="14.221875">
        <ele>124.748898</ele>
        <time>2026-05-03T13:22:05.999Z</time>
      </trkpt>
      <trkpt lat="50.818428" lon="14.221879">
        <ele>124.716815</ele>
        <time>2026-05-03T13:22:07.999Z</time>
      </trkpt>
      <trkpt lat="50.818322" lon="14.221880">
        <ele>124.684125</ele>
        <time>2026-05-03T13:22:09.999Z</time>
      </trkpt>
      <trkpt lat="50.818215" lon="14.221880">
        <ele>124.651126</ele>
        <time>2026-05-03T13:22:11.999Z</time>
      </trkpt>
      <trkpt lat="50.818110" lon="14.221881">
        <ele>124.667343</ele>
        <time>2026-05-03T13:22:13.999Z</time>
      </trkpt>
      <trkpt lat="50.818000" lon="14.221885">
        <ele>124.707562</ele>
        <time>2026-05-03T13:22:15.999Z</time>
      </trkpt>
      <trkpt lat="50.817894" lon="14.221887">
        <ele>124.746311</ele>
        <time>2026-05-03T13:22:17.999Z</time>
      </trkpt>
      <trkpt lat="50.817790" lon="14.221897">
        <ele>124.784396</ele>
        <time>2026-05-03T13:22:19.999Z</time>
      </trkpt>
      <trkpt lat="50.817684" lon="14.221900">
        <ele>124.823148</ele>
        <time>2026-05-03T13:22:21.999Z</time>
      </trkpt>
      <trkpt lat="50.817573" lon="14.221910">
        <ele>124.863788</ele>
        <time>2026-05-03T13:22:23.999Z</time>
      </trkpt>
      <trkpt lat="50.817466" lon="14.221915">
        <ele>124.902916</ele>
        <time>2026-05-03T13:22:25.999Z</time>
      </trkpt>
      <trkpt lat="50.817364" lon="14.221920">
        <ele>124.940218</ele>
        <time>2026-05-03T13:22:27.999Z</time>
      </trkpt>
      <trkpt lat="50.817266" lon="14.221934">
        <ele>124.976185</ele>
        <time>2026-05-03T13:22:29.999Z</time>
      </trkpt>
      <trkpt lat="50.817147" lon="14.221830">
        <ele>125.025874</ele>
        <time>2026-05-03T13:22:32.999Z</time>
      </trkpt>
      <trkpt lat="50.817052" lon="14.221804">
        <ele>125.061114</ele>
        <time>2026-05-03T13:22:34.999Z</time>
      </trkpt>
      <trkpt lat="50.816952" lon="14.221774">
        <ele>125.098318</ele>
        <time>2026-05-03T13:22:36.999Z</time>
      </trkpt>
      <trkpt lat="50.816851" lon="14.221744">
        <ele>125.135881</ele>
        <time>2026-05-03T13:22:39.000Z</time>
      </trkpt>
      <trkpt lat="50.816749" lon="14.221717">
        <ele>125.173683</ele>
        <time>2026-05-03T13:22:41.000Z</time>
      </trkpt>
      <trkpt lat="50.816638" lon="14.221661">
        <ele>125.216268</ele>
        <time>2026-05-03T13:22:44.000Z</time>
      </trkpt>
      <trkpt lat="50.816318" lon="14.221602">
        <ele>125.336104</ele>
        <time>2026-05-03T13:22:48.000Z</time>
      </trkpt>
      <trkpt lat="50.816223" lon="14.221636">
        <ele>125.373783</ele>
        <time>2026-05-03T13:22:50.000Z</time>
      </trkpt>
      <trkpt lat="50.816124" lon="14.221667">
        <ele>125.412824</ele>
        <time>2026-05-03T13:22:52.000Z</time>
      </trkpt>
      <trkpt lat="50.816024" lon="14.221699">
        <ele>125.452292</ele>
        <time>2026-05-03T13:22:54.000Z</time>
      </trkpt>
      <trkpt lat="50.815926" lon="14.221729">
        <ele>125.490906</ele>
        <time>2026-05-03T13:22:56.000Z</time>
      </trkpt>
      <trkpt lat="50.815816" lon="14.221762">
        <ele>125.534217</ele>
        <time>2026-05-03T13:22:58.000Z</time>
      </trkpt>
      <trkpt lat="50.815713" lon="14.221798">
        <ele>125.575023</ele>
        <time>2026-05-03T13:23:00.000Z</time>
      </trkpt>
      <trkpt lat="50.815615" lon="14.221833">
        <ele>125.613888</ele>
        <time>2026-05-03T13:23:02.000Z</time>
      </trkpt>
      <trkpt lat="50.815516" lon="14.221866">
        <ele>125.653026</ele>
        <time>2026-05-03T13:23:04.000Z</time>
      </trkpt>
      <trkpt lat="50.815411" lon="14.221903">
        <ele>125.694640</ele>
        <time>2026-05-03T13:23:06.000Z</time>
      </trkpt>
      <trkpt lat="50.815300" lon="14.221948">
        <ele>125.738967</ele>
        <time>2026-05-03T13:23:08.000Z</time>
      </trkpt>
      <trkpt lat="50.815191" lon="14.221996">
        <ele>125.782736</ele>
        <time>2026-05-03T13:23:10.000Z</time>
      </trkpt>
      <trkpt lat="50.815080" lon="14.222048">
        <ele>125.827518</ele>
        <time>2026-05-03T13:23:12.000Z</time>
      </trkpt>
      <trkpt lat="50.812145" lon="14.224583">
        <ele>126.457246</ele>
        <time>2026-05-03T13:24:09.999Z</time>
      </trkpt>
      <trkpt lat="50.812058" lon="14.224693">
        <ele>126.504875</ele>
        <time>2026-05-03T13:24:11.999Z</time>
      </trkpt>
      <trkpt lat="50.811987" lon="14.224781">
        <ele>126.543448</ele>
        <time>2026-05-03T13:24:13.999Z</time>
      </trkpt>
      <trkpt lat="50.811898" lon="14.224884">
        <ele>126.590607</ele>
        <time>2026-05-03T13:24:15.999Z</time>
      </trkpt>
      <trkpt lat="50.807818" lon="14.231054">
        <ele>126.751279</ele>
        <time>2026-05-03T13:26:12.999Z</time>
      </trkpt>
      <trkpt lat="50.807729" lon="14.231195">
        <ele>126.771660</ele>
        <time>2026-05-03T13:26:14.999Z</time>
      </trkpt>
      <trkpt lat="50.807650" lon="14.231295">
        <ele>126.850194</ele>
        <time>2026-05-03T13:26:16.999Z</time>
      </trkpt>
      <trkpt lat="50.807555" lon="14.231448">
        <ele>126.955420</ele>
        <time>2026-05-03T13:26:18.999Z</time>
      </trkpt>
      <trkpt lat="50.807463" lon="14.231571">
        <ele>127.048918</ele>
        <time>2026-05-03T13:26:20.999Z</time>
      </trkpt>
      <trkpt lat="50.807378" lon="14.231697">
        <ele>127.139332</ele>
        <time>2026-05-03T13:26:22.999Z</time>
      </trkpt>
      <trkpt lat="50.807305" lon="14.231805">
        <ele>127.216912</ele>
        <time>2026-05-03T13:26:24.999Z</time>
      </trkpt>
      <trkpt lat="50.807223" lon="14.231903">
        <ele>127.296684</ele>
        <time>2026-05-03T13:26:26.999Z</time>
      </trkpt>
      <trkpt lat="50.807138" lon="14.232013">
        <ele>127.381926</ele>
        <time>2026-05-03T13:26:28.999Z</time>
      </trkpt>
      <trkpt lat="50.807057" lon="14.232128">
        <ele>127.466405</ele>
        <time>2026-05-03T13:26:30.999Z</time>
      </trkpt>
      <trkpt lat="50.806973" lon="14.232245">
        <ele>127.553277</ele>
        <time>2026-05-03T13:26:32.999Z</time>
      </trkpt>
      <trkpt lat="50.806889" lon="14.232351">
        <ele>127.636682</ele>
        <time>2026-05-03T13:26:34.999Z</time>
      </trkpt>
      <trkpt lat="50.806803" lon="14.232457">
        <ele>127.721307</ele>
        <time>2026-05-03T13:26:36.999Z</time>
      </trkpt>
      <trkpt lat="50.806707" lon="14.232526">
        <ele>127.803159</ele>
        <time>2026-05-03T13:26:38.999Z</time>
      </trkpt>
      <trkpt lat="50.806608" lon="14.232576">
        <ele>127.883833</ele>
        <time>2026-05-03T13:26:40.999Z</time>
      </trkpt>
      <trkpt lat="50.806489" lon="14.232636">
        <ele>127.980789</ele>
        <time>2026-05-03T13:26:43.999Z</time>
      </trkpt>
      <trkpt lat="50.806399" lon="14.232733">
        <ele>128.065323</ele>
        <time>2026-05-03T13:26:46.999Z</time>
      </trkpt>
      <trkpt lat="50.806320" lon="14.232817">
        <ele>128.139210</ele>
        <time>2026-05-03T13:26:48.999Z</time>
      </trkpt>
      <trkpt lat="50.806263" lon="14.232934">
        <ele>128.146591</ele>
        <time>2026-05-03T13:26:51.000Z</time>
      </trkpt>
      <trkpt lat="50.806200" lon="14.233055">
        <ele>128.109921</ele>
        <time>2026-05-03T13:26:53.000Z</time>
      </trkpt>
      <trkpt lat="50.806115" lon="14.233174">
        <ele>128.067915</ele>
        <time>2026-05-03T13:26:55.000Z</time>
      </trkpt>
      <trkpt lat="50.806021" lon="14.233258">
        <ele>128.027959</ele>
        <time>2026-05-03T13:26:57.000Z</time>
      </trkpt>
      <trkpt lat="50.805918" lon="14.233347">
        <ele>127.984523</ele>
        <time>2026-05-03T13:26:59.000Z</time>
      </trkpt>
      <trkpt lat="50.805821" lon="14.233443">
        <ele>127.942177</ele>
        <time>2026-05-03T13:27:01.000Z</time>
      </trkpt>
      <trkpt lat="50.805723" lon="14.233534">
        <ele>127.900121</ele>
        <time>2026-05-03T13:27:03.000Z</time>
      </trkpt>
      <trkpt lat="50.805622" lon="14.233624">
        <ele>127.857218</ele>
        <time>2026-05-03T13:27:05.000Z</time>
      </trkpt>
      <trkpt lat="50.805531" lon="14.233718">
        <ele>127.816996</ele>
        <time>2026-05-03T13:27:07.000Z</time>
      </trkpt>
      <trkpt lat="50.805429" lon="14.233793">
        <ele>127.775366</ele>
        <time>2026-05-03T13:27:09.000Z</time>
      </trkpt>
      <trkpt lat="50.805333" lon="14.233867">
        <ele>127.735843</ele>
        <time>2026-05-03T13:27:11.000Z</time>
      </trkpt>
      <trkpt lat="50.805235" lon="14.233930">
        <ele>127.696691</ele>
        <time>2026-05-03T13:27:13.000Z</time>
      </trkpt>
      <trkpt lat="50.805127" lon="14.234005">
        <ele>127.653038</ele>
        <time>2026-05-03T13:27:15.000Z</time>
      </trkpt>
      <trkpt lat="50.805034" lon="14.234074">
        <ele>127.615020</ele>
        <time>2026-05-03T13:27:17.000Z</time>
      </trkpt>
      <trkpt lat="50.804932" lon="14.234126">
        <ele>127.575357</ele>
        <time>2026-05-03T13:27:19.000Z</time>
      </trkpt>
      <trkpt lat="50.804829" lon="14.234190">
        <ele>127.534400</ele>
        <time>2026-05-03T13:27:21.000Z</time>
      </trkpt>
      <trkpt lat="50.804713" lon="14.234242">
        <ele>127.492097</ele>
        <time>2026-05-03T13:27:23.000Z</time>
      </trkpt>
      <trkpt lat="50.804615" lon="14.234319">
        <ele>127.459365</ele>
        <time>2026-05-03T13:27:25.000Z</time>
      </trkpt>
      <trkpt lat="50.804516" lon="14.234374">
        <ele>127.427976</ele>
        <time>2026-05-03T13:27:27.000Z</time>
      </trkpt>
      <trkpt lat="50.804387" lon="14.234489">
        <ele>127.383682</ele>
        <time>2026-05-03T13:27:30.000Z</time>
      </trkpt>
      <trkpt lat="50.804274" lon="14.234531">
        <ele>127.348957</ele>
        <time>2026-05-03T13:27:32.000Z</time>
      </trkpt>
      <trkpt lat="50.804136" lon="14.234597">
        <ele>127.305829</ele>
        <time>2026-05-03T13:27:35.000Z</time>
      </trkpt>
      <trkpt lat="50.804023" lon="14.234653">
        <ele>127.270405</ele>
        <time>2026-05-03T13:27:37.000Z</time>
      </trkpt>
      <trkpt lat="50.803919" lon="14.234696">
        <ele>127.238248</ele>
        <time>2026-05-03T13:27:39.000Z</time>
      </trkpt>
      <trkpt lat="50.803821" lon="14.234751">
        <ele>127.207142</ele>
        <time>2026-05-03T13:27:41.000Z</time>
      </trkpt>
      <trkpt lat="50.803705" lon="14.234773">
        <ele>127.172191</ele>
        <time>2026-05-03T13:27:43.000Z</time>
      </trkpt>
      <trkpt lat="50.803591" lon="14.234760">
        <ele>127.137999</ele>
        <time>2026-05-03T13:27:45.000Z</time>
      </trkpt>
      <trkpt lat="50.803466" lon="14.234742">
        <ele>127.100450</ele>
        <time>2026-05-03T13:27:47.000Z</time>
      </trkpt>
      <trkpt lat="50.803341" lon="14.234708">
        <ele>127.062507</ele>
        <time>2026-05-03T13:27:49.000Z</time>
      </trkpt>
      <trkpt lat="50.803241" lon="14.234629">
        <ele>127.029070</ele>
        <time>2026-05-03T13:27:51.000Z</time>
      </trkpt>
      <trkpt lat="50.803132" lon="14.234584">
        <ele>126.995370</ele>
        <time>2026-05-03T13:27:52.999Z</time>
      </trkpt>
      <trkpt lat="50.803020" lon="14.234561">
        <ele>126.966082</ele>
        <time>2026-05-03T13:27:54.999Z</time>
      </trkpt>
      <trkpt lat="50.802909" lon="14.234565">
        <ele>127.000017</ele>
        <time>2026-05-03T13:27:56.999Z</time>
      </trkpt>
      <trkpt lat="50.802795" lon="14.234601">
        <ele>127.035548</ele>
        <time>2026-05-03T13:27:58.999Z</time>
      </trkpt>
      <trkpt lat="50.802687" lon="14.234644">
        <ele>127.069588</ele>
        <time>2026-05-03T13:28:00.999Z</time>
      </trkpt>
      <trkpt lat="50.802583" lon="14.234679">
        <ele>127.102086</ele>
        <time>2026-05-03T13:28:02.999Z</time>
      </trkpt>
      <trkpt lat="50.802474" lon="14.234718">
        <ele>127.136243</ele>
        <time>2026-05-03T13:28:04.999Z</time>
      </trkpt>
      <trkpt lat="50.802364" lon="14.234757">
        <ele>127.170698</ele>
        <time>2026-05-03T13:28:06.999Z</time>
      </trkpt>
      <trkpt lat="50.802259" lon="14.234799">
        <ele>127.203801</ele>
        <time>2026-05-03T13:28:08.999Z</time>
      </trkpt>
      <trkpt lat="50.802149" lon="14.234821">
        <ele>127.237690</ele>
        <time>2026-05-03T13:28:10.999Z</time>
      </trkpt>
      <trkpt lat="50.802038" lon="14.234845">
        <ele>127.271932</ele>
        <time>2026-05-03T13:28:12.999Z</time>
      </trkpt>
      <trkpt lat="50.801939" lon="14.234870">
        <ele>127.302574</ele>
        <time>2026-05-03T13:28:14.999Z</time>
      </trkpt>
      <trkpt lat="50.801837" lon="14.234895">
        <ele>127.334122</ele>
        <time>2026-05-03T13:28:16.999Z</time>
      </trkpt>
      <trkpt lat="50.801720" lon="14.234964">
        <ele>127.372286</ele>
        <time>2026-05-03T13:28:18.999Z</time>
      </trkpt>
      <trkpt lat="50.801612" lon="14.235046">
        <ele>127.408900</ele>
        <time>2026-05-03T13:28:20.999Z</time>
      </trkpt>
      <trkpt lat="50.801496" lon="14.235121">
        <ele>127.447201</ele>
        <time>2026-05-03T13:28:22.999Z</time>
      </trkpt>
      <trkpt lat="50.801373" lon="14.235130">
        <ele>127.484836</ele>
        <time>2026-05-03T13:28:24.999Z</time>
      </trkpt>
      <trkpt lat="50.801256" lon="14.235153">
        <ele>127.493321</ele>
        <time>2026-05-03T13:28:26.999Z</time>
      </trkpt>
      <trkpt lat="50.801146" lon="14.235163">
        <ele>127.400076</ele>
        <time>2026-05-03T13:28:28.999Z</time>
      </trkpt>
      <trkpt lat="50.801050" lon="14.235180">
        <ele>127.318326</ele>
        <time>2026-05-03T13:28:30.999Z</time>
      </trkpt>
      <trkpt lat="50.800926" lon="14.235186">
        <ele>127.213338</ele>
        <time>2026-05-03T13:28:32.999Z</time>
      </trkpt>
      <trkpt lat="50.800822" lon="14.235204">
        <ele>127.124799</ele>
        <time>2026-05-03T13:28:34.999Z</time>
      </trkpt>
      <trkpt lat="50.800710" lon="14.235217">
        <ele>127.029761</ele>
        <time>2026-05-03T13:28:36.999Z</time>
      </trkpt>
      <trkpt lat="50.800597" lon="14.235225">
        <ele>126.934035</ele>
        <time>2026-05-03T13:28:38.999Z</time>
      </trkpt>
      <trkpt lat="50.800485" lon="14.235242">
        <ele>126.838817</ele>
        <time>2026-05-03T13:28:40.999Z</time>
      </trkpt>
      <trkpt lat="50.800385" lon="14.235253">
        <ele>126.753984</ele>
        <time>2026-05-03T13:28:41.999Z</time>
      </trkpt>
      <trkpt lat="50.800248" lon="14.235276">
        <ele>126.637392</ele>
        <time>2026-05-03T13:28:44.999Z</time>
      </trkpt>
      <trkpt lat="50.800152" lon="14.235372">
        <ele>126.541283</ele>
        <time>2026-05-03T13:28:46.999Z</time>
      </trkpt>
      <trkpt lat="50.800026" lon="14.235436">
        <ele>126.429291</ele>
        <time>2026-05-03T13:28:48.999Z</time>
      </trkpt>
      <trkpt lat="50.799884" lon="14.235458">
        <ele>126.308544</ele>
        <time>2026-05-03T13:28:50.999Z</time>
      </trkpt>
      <trkpt lat="50.799741" lon="14.235461">
        <ele>126.187515</ele>
        <time>2026-05-03T13:28:52.999Z</time>
      </trkpt>
      <trkpt lat="50.799603" lon="14.235458">
        <ele>126.070717</ele>
        <time>2026-05-03T13:28:54.999Z</time>
      </trkpt>
      <trkpt lat="50.799477" lon="14.235432">
        <ele>126.002105</ele>
        <time>2026-05-03T13:28:57.000Z</time>
      </trkpt>
      <trkpt lat="50.799354" lon="14.235420">
        <ele>126.041663</ele>
        <time>2026-05-03T13:28:59.000Z</time>
      </trkpt>
      <trkpt lat="50.799227" lon="14.235401">
        <ele>126.082613</ele>
        <time>2026-05-03T13:29:01.000Z</time>
      </trkpt>
      <trkpt lat="50.799108" lon="14.235394">
        <ele>126.120839</ele>
        <time>2026-05-03T13:29:03.000Z</time>
      </trkpt>
      <trkpt lat="50.799000" lon="14.235384">
        <ele>126.155567</ele>
        <time>2026-05-03T13:29:05.000Z</time>
      </trkpt>
      <trkpt lat="50.798883" lon="14.235374">
        <ele>126.193180</ele>
        <time>2026-05-03T13:29:07.000Z</time>
      </trkpt>
      <trkpt lat="50.798765" lon="14.235346">
        <ele>126.231482</ele>
        <time>2026-05-03T13:29:09.000Z</time>
      </trkpt>
      <trkpt lat="50.798647" lon="14.235319">
        <ele>126.269755</ele>
        <time>2026-05-03T13:29:11.000Z</time>
      </trkpt>
      <trkpt lat="50.798527" lon="14.235302">
        <ele>126.308430</ele>
        <time>2026-05-03T13:29:13.000Z</time>
      </trkpt>
      <trkpt lat="50.798408" lon="14.235271">
        <ele>126.347144</ele>
        <time>2026-05-03T13:29:15.000Z</time>
      </trkpt>
      <trkpt lat="50.798289" lon="14.235242">
        <ele>126.385794</ele>
        <time>2026-05-03T13:29:17.000Z</time>
      </trkpt>
      <trkpt lat="50.798174" lon="14.235206">
        <ele>126.423425</ele>
        <time>2026-05-03T13:29:19.000Z</time>
      </trkpt>
      <trkpt lat="50.798070" lon="14.235181">
        <ele>126.457193</ele>
        <time>2026-05-03T13:29:21.000Z</time>
      </trkpt>
      <trkpt lat="50.797966" lon="14.235160">
        <ele>126.490849</ele>
        <time>2026-05-03T13:29:23.000Z</time>
      </trkpt>
      <trkpt lat="50.797869" lon="14.235136">
        <ele>126.522365</ele>
        <time>2026-05-03T13:29:25.000Z</time>
      </trkpt>
      <trkpt lat="50.797767" lon="14.235114">
        <ele>126.555410</ele>
        <time>2026-05-03T13:29:27.000Z</time>
      </trkpt>
      <trkpt lat="50.797664" lon="14.235091">
        <ele>126.504222</ele>
        <time>2026-05-03T13:29:29.000Z</time>
      </trkpt>
      <trkpt lat="50.797565" lon="14.235067">
        <ele>126.400576</ele>
        <time>2026-05-03T13:29:31.000Z</time>
      </trkpt>
      <trkpt lat="50.797462" lon="14.235045">
        <ele>126.293020</ele>
        <time>2026-05-03T13:29:33.000Z</time>
      </trkpt>
      <trkpt lat="50.797363" lon="14.235017">
        <ele>126.188947</ele>
        <time>2026-05-03T13:29:35.000Z</time>
      </trkpt>
      <trkpt lat="50.797268" lon="14.234995">
        <ele>126.089589</ele>
        <time>2026-05-03T13:29:37.000Z</time>
      </trkpt>
      <trkpt lat="50.797159" lon="14.234973">
        <ele>125.975877</ele>
        <time>2026-05-03T13:29:39.000Z</time>
      </trkpt>
      <trkpt lat="50.797047" lon="14.234952">
        <ele>125.859163</ele>
        <time>2026-05-03T13:29:41.000Z</time>
      </trkpt>
      <trkpt lat="50.796910" lon="14.234937">
        <ele>125.717050</ele>
        <time>2026-05-03T13:29:44.000Z</time>
      </trkpt>
      <trkpt lat="50.796800" lon="14.234902">
        <ele>125.600938</ele>
        <time>2026-05-03T13:29:46.000Z</time>
      </trkpt>
      <trkpt lat="50.796687" lon="14.234894">
        <ele>125.483883</ele>
        <time>2026-05-03T13:29:48.000Z</time>
      </trkpt>
      <trkpt lat="50.796586" lon="14.234870">
        <ele>125.378192</ele>
        <time>2026-05-03T13:29:50.000Z</time>
      </trkpt>
      <trkpt lat="50.796468" lon="14.234846">
        <ele>125.255075</ele>
        <time>2026-05-03T13:29:52.000Z</time>
      </trkpt>
      <trkpt lat="50.796358" lon="14.234828">
        <ele>125.140635</ele>
        <time>2026-05-03T13:29:54.000Z</time>
      </trkpt>
      <trkpt lat="50.796248" lon="14.234784">
        <ele>125.023220</ele>
        <time>2026-05-03T13:29:56.000Z</time>
      </trkpt>
      <trkpt lat="50.796138" lon="14.234746">
        <ele>124.906705</ele>
        <time>2026-05-03T13:29:58.000Z</time>
      </trkpt>
      <trkpt lat="50.796031" lon="14.234707">
        <ele>124.793076</ele>
        <time>2026-05-03T13:29:59.999Z</time>
      </trkpt>
      <trkpt lat="50.795923" lon="14.234640">
        <ele>124.714619</ele>
        <time>2026-05-03T13:30:01.999Z</time>
      </trkpt>
      <trkpt lat="50.795831" lon="14.234539">
        <ele>124.738710</ele>
        <time>2026-05-03T13:30:03.999Z</time>
      </trkpt>
      <trkpt lat="50.795744" lon="14.234422">
        <ele>124.763274</ele>
        <time>2026-05-03T13:30:05.999Z</time>
      </trkpt>
      <trkpt lat="50.795669" lon="14.234301">
        <ele>124.786319</ele>
        <time>2026-05-03T13:30:07.999Z</time>
      </trkpt>
      <trkpt lat="50.795583" lon="14.234176">
        <ele>124.811444</ele>
        <time>2026-05-03T13:30:09.999Z</time>
      </trkpt>
      <trkpt lat="50.795506" lon="14.234056">
        <ele>124.834696</ele>
        <time>2026-05-03T13:30:11.999Z</time>
      </trkpt>
      <trkpt lat="50.795420" lon="14.233956">
        <ele>124.857657</ele>
        <time>2026-05-03T13:30:13.999Z</time>
      </trkpt>
      <trkpt lat="50.795298" lon="14.233867">
        <ele>124.886560</ele>
        <time>2026-05-03T13:30:16.999Z</time>
      </trkpt>
      <trkpt lat="50.795185" lon="14.233851">
        <ele>124.910967</ele>
        <time>2026-05-03T13:30:18.999Z</time>
      </trkpt>
      <trkpt lat="50.795079" lon="14.233814">
        <ele>124.934319</ele>
        <time>2026-05-03T13:30:20.999Z</time>
      </trkpt>
      <trkpt lat="50.794961" lon="14.233790">
        <ele>124.959914</ele>
        <time>2026-05-03T13:30:22.999Z</time>
      </trkpt>
      <trkpt lat="50.794853" lon="14.233729">
        <ele>124.984585</ele>
        <time>2026-05-03T13:30:24.999Z</time>
      </trkpt>
      <trkpt lat="50.794744" lon="14.233661">
        <ele>125.009791</ele>
        <time>2026-05-03T13:30:26.999Z</time>
      </trkpt>
      <trkpt lat="50.794634" lon="14.233592">
        <ele>125.035248</ele>
        <time>2026-05-03T13:30:28.999Z</time>
      </trkpt>
      <trkpt lat="50.794544" lon="14.233471">
        <ele>125.060657</ele>
        <time>2026-05-03T13:30:30.999Z</time>
      </trkpt>
      <trkpt lat="50.794446" lon="14.233361">
        <ele>125.086508</ele>
        <time>2026-05-03T13:30:32.999Z</time>
      </trkpt>
      <trkpt lat="50.794350" lon="14.233257">
        <ele>125.079551</ele>
        <time>2026-05-03T13:30:34.999Z</time>
      </trkpt>
      <trkpt lat="50.794263" lon="14.233155">
        <ele>125.059349</ele>
        <time>2026-05-03T13:30:36.999Z</time>
      </trkpt>
      <trkpt lat="50.794169" lon="14.233041">
        <ele>125.037251</ele>
        <time>2026-05-03T13:30:38.999Z</time>
      </trkpt>
      <trkpt lat="50.794070" lon="14.232938">
        <ele>125.015145</ele>
        <time>2026-05-03T13:30:40.999Z</time>
      </trkpt>
      <trkpt lat="50.793982" lon="14.232840">
        <ele>124.995068</ele>
        <time>2026-05-03T13:30:42.999Z</time>
      </trkpt>
      <trkpt lat="50.793900" lon="14.232725">
        <ele>124.974623</ele>
        <time>2026-05-03T13:30:44.999Z</time>
      </trkpt>
      <trkpt lat="50.793809" lon="14.232628">
        <ele>124.954152</ele>
        <time>2026-05-03T13:30:46.999Z</time>
      </trkpt>
      <trkpt lat="50.793723" lon="14.232537">
        <ele>124.934849</ele>
        <time>2026-05-03T13:30:48.999Z</time>
      </trkpt>
      <trkpt lat="50.793637" lon="14.232431">
        <ele>124.914509</ele>
        <time>2026-05-03T13:30:50.999Z</time>
      </trkpt>
      <trkpt lat="50.793547" lon="14.232335">
        <ele>124.894258</ele>
        <time>2026-05-03T13:30:52.999Z</time>
      </trkpt>
      <trkpt lat="50.793458" lon="14.232220">
        <ele>124.872819</ele>
        <time>2026-05-03T13:30:54.999Z</time>
      </trkpt>
      <trkpt lat="50.793364" lon="14.232122">
        <ele>124.851816</ele>
        <time>2026-05-03T13:30:56.999Z</time>
      </trkpt>
      <trkpt lat="50.793274" lon="14.232024">
        <ele>124.831433</ele>
        <time>2026-05-03T13:30:58.999Z</time>
      </trkpt>
      <trkpt lat="50.793183" lon="14.231933">
        <ele>124.811348</ele>
        <time>2026-05-03T13:31:00.999Z</time>
      </trkpt>
      <trkpt lat="50.793089" lon="14.231815">
        <ele>124.788960</ele>
        <time>2026-05-03T13:31:03.000Z</time>
      </trkpt>
      <trkpt lat="50.792998" lon="14.231723">
        <ele>124.768812</ele>
        <time>2026-05-03T13:31:05.000Z</time>
      </trkpt>
      <trkpt lat="50.792908" lon="14.231632">
        <ele>124.720838</ele>
        <time>2026-05-03T13:31:07.000Z</time>
      </trkpt>
      <trkpt lat="50.792815" lon="14.231559">
        <ele>124.646924</ele>
        <time>2026-05-03T13:31:09.000Z</time>
      </trkpt>
      <trkpt lat="50.792717" lon="14.231476">
        <ele>124.567783</ele>
        <time>2026-05-03T13:31:11.000Z</time>
      </trkpt>
      <trkpt lat="50.792623" lon="14.231367">
        <ele>124.484806</ele>
        <time>2026-05-03T13:31:13.000Z</time>
      </trkpt>
      <trkpt lat="50.792515" lon="14.231273">
        <ele>124.397046</ele>
        <time>2026-05-03T13:31:15.000Z</time>
      </trkpt>
      <trkpt lat="50.792407" lon="14.231168">
        <ele>124.306796</ele>
        <time>2026-05-03T13:31:17.000Z</time>
      </trkpt>
      <trkpt lat="50.792304" lon="14.231051">
        <ele>124.216518</ele>
        <time>2026-05-03T13:31:19.000Z</time>
      </trkpt>
      <trkpt lat="50.792216" lon="14.230926">
        <ele>124.132316</ele>
        <time>2026-05-03T13:31:21.000Z</time>
      </trkpt>
      <trkpt lat="50.792136" lon="14.230812">
        <ele>124.055659</ele>
        <time>2026-05-03T13:31:23.000Z</time>
      </trkpt>
      <trkpt lat="50.792063" lon="14.230700">
        <ele>123.983259</ele>
        <time>2026-05-03T13:31:25.000Z</time>
      </trkpt>
      <trkpt lat="50.791991" lon="14.230603">
        <ele>123.915928</ele>
        <time>2026-05-03T13:31:27.000Z</time>
      </trkpt>
      <trkpt lat="50.791920" lon="14.230506">
        <ele>123.849138</ele>
        <time>2026-05-03T13:31:29.000Z</time>
      </trkpt>
      <trkpt lat="50.791830" lon="14.230374">
        <ele>123.761761</ele>
        <time>2026-05-03T13:31:32.000Z</time>
      </trkpt>
      <trkpt lat="50.791731" lon="14.230235">
        <ele>123.667520</ele>
        <time>2026-05-03T13:31:35.000Z</time>
      </trkpt>
      <trkpt lat="50.791647" lon="14.230107">
        <ele>123.584483</ele>
        <time>2026-05-03T13:31:38.000Z</time>
      </trkpt>
      <trkpt lat="50.791558" lon="14.229956">
        <ele>123.491568</ele>
        <time>2026-05-03T13:31:41.000Z</time>
      </trkpt>
      <trkpt lat="50.791466" lon="14.229814">
        <ele>123.486782</ele>
        <time>2026-05-03T13:31:44.000Z</time>
      </trkpt>
      <trkpt lat="50.791398" lon="14.229702">
        <ele>123.494360</ele>
        <time>2026-05-03T13:31:46.000Z</time>
      </trkpt>
      <trkpt lat="50.791325" lon="14.229590">
        <ele>123.502211</ele>
        <time>2026-05-03T13:31:48.000Z</time>
      </trkpt>
      <trkpt lat="50.791260" lon="14.229470">
        <ele>123.509922</ele>
        <time>2026-05-03T13:31:50.000Z</time>
      </trkpt>
      <trkpt lat="50.791193" lon="14.229351">
        <ele>123.517699</ele>
        <time>2026-05-03T13:31:52.000Z</time>
      </trkpt>
      <trkpt lat="50.791129" lon="14.229237">
        <ele>123.525140</ele>
        <time>2026-05-03T13:31:54.000Z</time>
      </trkpt>
      <trkpt lat="50.791060" lon="14.229125">
        <ele>123.532772</ele>
        <time>2026-05-03T13:31:56.000Z</time>
      </trkpt>
      <trkpt lat="50.790991" lon="14.229009">
        <ele>123.540544</ele>
        <time>2026-05-03T13:31:57.999Z</time>
      </trkpt>
      <trkpt lat="50.790928" lon="14.228879">
        <ele>123.548538</ele>
        <time>2026-05-03T13:31:59.999Z</time>
      </trkpt>
      <trkpt lat="50.790862" lon="14.228739">
        <ele>123.557061</ele>
        <time>2026-05-03T13:32:01.999Z</time>
      </trkpt>
      <trkpt lat="50.790785" lon="14.228615">
        <ele>123.565544</ele>
        <time>2026-05-03T13:32:03.999Z</time>
      </trkpt>
      <trkpt lat="50.790715" lon="14.228480">
        <ele>123.574064</ele>
        <time>2026-05-03T13:32:05.999Z</time>
      </trkpt>
      <trkpt lat="50.790637" lon="14.228345">
        <ele>123.582990</ele>
        <time>2026-05-03T13:32:07.999Z</time>
      </trkpt>
      <trkpt lat="50.790561" lon="14.228200">
        <ele>123.592182</ele>
        <time>2026-05-03T13:32:09.999Z</time>
      </trkpt>
      <trkpt lat="50.790478" lon="14.228064">
        <ele>123.601407</ele>
        <time>2026-05-03T13:32:11.999Z</time>
      </trkpt>
      <trkpt lat="50.790403" lon="14.227933">
        <ele>123.610032</ele>
        <time>2026-05-03T13:32:13.999Z</time>
      </trkpt>
      <trkpt lat="50.790331" lon="14.227817">
        <ele>123.606239</ele>
        <time>2026-05-03T13:32:15.999Z</time>
      </trkpt>
      <trkpt lat="50.790258" lon="14.227702">
        <ele>123.499923</ele>
        <time>2026-05-03T13:32:17.999Z</time>
      </trkpt>
      <trkpt lat="50.790173" lon="14.227549">
        <ele>123.367045</ele>
        <time>2026-05-03T13:32:20.999Z</time>
      </trkpt>
      <trkpt lat="50.790091" lon="14.227450">
        <ele>123.260595</ele>
        <time>2026-05-03T13:32:22.999Z</time>
      </trkpt>
      <trkpt lat="50.789994" lon="14.227287">
        <ele>123.114556</ele>
        <time>2026-05-03T13:32:25.999Z</time>
      </trkpt>
      <trkpt lat="50.789919" lon="14.227189">
        <ele>123.014169</ele>
        <time>2026-05-03T13:32:27.999Z</time>
      </trkpt>
      <trkpt lat="50.789853" lon="14.227070">
        <ele>122.910895</ele>
        <time>2026-05-03T13:32:29.999Z</time>
      </trkpt>
      <trkpt lat="50.789788" lon="14.226947">
        <ele>122.806311</ele>
        <time>2026-05-03T13:32:31.999Z</time>
      </trkpt>
      <trkpt lat="50.789717" lon="14.226836">
        <ele>122.703296</ele>
        <time>2026-05-03T13:32:33.999Z</time>
      </trkpt>
      <trkpt lat="50.789658" lon="14.226709">
        <ele>122.600479</ele>
        <time>2026-05-03T13:32:35.999Z</time>
      </trkpt>
      <trkpt lat="50.789592" lon="14.226583">
        <ele>122.493730</ele>
        <time>2026-05-03T13:32:37.999Z</time>
      </trkpt>
      <trkpt lat="50.789522" lon="14.226453">
        <ele>122.382327</ele>
        <time>2026-05-03T13:32:39.999Z</time>
      </trkpt>
      <trkpt lat="50.789452" lon="14.226324">
        <ele>122.271420</ele>
        <time>2026-05-03T13:32:41.999Z</time>
      </trkpt>
      <trkpt lat="50.789366" lon="14.226143">
        <ele>122.123707</ele>
        <time>2026-05-03T13:32:44.999Z</time>
      </trkpt>
      <trkpt lat="50.789300" lon="14.226026">
        <ele>122.021410</ele>
        <time>2026-05-03T13:32:46.999Z</time>
      </trkpt>
      <trkpt lat="50.789226" lon="14.225903">
        <ele>121.910638</ele>
        <time>2026-05-03T13:32:48.999Z</time>
      </trkpt>
      <trkpt lat="50.789160" lon="14.225785">
        <ele>121.807853</ele>
        <time>2026-05-03T13:32:50.999Z</time>
      </trkpt>
      <trkpt lat="50.789105" lon="14.225666">
        <ele>121.779174</ele>
        <time>2026-05-03T13:32:52.999Z</time>
      </trkpt>
      <trkpt lat="50.789032" lon="14.225534">
        <ele>121.821241</ele>
        <time>2026-05-03T13:32:54.999Z</time>
      </trkpt>
      <trkpt lat="50.788956" lon="14.225395">
        <ele>121.865321</ele>
        <time>2026-05-03T13:32:56.999Z</time>
      </trkpt>
      <trkpt lat="50.788883" lon="14.225258">
        <ele>121.908298</ele>
        <time>2026-05-03T13:32:58.999Z</time>
      </trkpt>
      <trkpt lat="50.788823" lon="14.225099">
        <ele>121.952713</ele>
        <time>2026-05-03T13:33:00.999Z</time>
      </trkpt>
      <trkpt lat="50.788775" lon="14.224968">
        <ele>121.989032</ele>
        <time>2026-05-03T13:33:02.999Z</time>
      </trkpt>
      <trkpt lat="50.788720" lon="14.224825">
        <ele>122.029181</ele>
        <time>2026-05-03T13:33:04.999Z</time>
      </trkpt>
      <trkpt lat="50.788665" lon="14.224692">
        <ele>122.067302</ele>
        <time>2026-05-03T13:33:06.999Z</time>
      </trkpt>
      <trkpt lat="50.788618" lon="14.224537">
        <ele>122.108536</ele>
        <time>2026-05-03T13:33:09.000Z</time>
      </trkpt>
      <trkpt lat="50.788559" lon="14.224407">
        <ele>122.146921</ele>
        <time>2026-05-03T13:33:11.000Z</time>
      </trkpt>
      <trkpt lat="50.788517" lon="14.224254">
        <ele>122.186931</ele>
        <time>2026-05-03T13:33:13.000Z</time>
      </trkpt>
      <trkpt lat="50.788462" lon="14.224102">
        <ele>122.228940</ele>
        <time>2026-05-03T13:33:15.000Z</time>
      </trkpt>
      <trkpt lat="50.788417" lon="14.223939">
        <ele>122.271603</ele>
        <time>2026-05-03T13:33:17.000Z</time>
      </trkpt>
      <trkpt lat="50.788370" lon="14.223781">
        <ele>122.313487</ele>
        <time>2026-05-03T13:33:19.000Z</time>
      </trkpt>
      <trkpt lat="50.788332" lon="14.223629">
        <ele>122.352693</ele>
        <time>2026-05-03T13:33:21.000Z</time>
      </trkpt>
      <trkpt lat="50.788300" lon="14.223473">
        <ele>122.392033</ele>
        <time>2026-05-03T13:33:23.000Z</time>
      </trkpt>
      <trkpt lat="50.788268" lon="14.223312">
        <ele>122.432514</ele>
        <time>2026-05-03T13:33:25.000Z</time>
      </trkpt>
      <trkpt lat="50.788236" lon="14.223145">
        <ele>122.484026</ele>
        <time>2026-05-03T13:33:27.000Z</time>
      </trkpt>
      <trkpt lat="50.788210" lon="14.222982">
        <ele>122.536946</ele>
        <time>2026-05-03T13:33:29.000Z</time>
      </trkpt>
      <trkpt lat="50.788178" lon="14.222828">
        <ele>122.587977</ele>
        <time>2026-05-03T13:33:31.000Z</time>
      </trkpt>
      <trkpt lat="50.788153" lon="14.222666">
        <ele>122.640473</ele>
        <time>2026-05-03T13:33:33.000Z</time>
      </trkpt>
      <trkpt lat="50.788131" lon="14.222509">
        <ele>122.691096</ele>
        <time>2026-05-03T13:33:35.000Z</time>
      </trkpt>
      <trkpt lat="50.788101" lon="14.222361">
        <ele>122.740024</ele>
        <time>2026-05-03T13:33:37.000Z</time>
      </trkpt>
      <trkpt lat="50.788070" lon="14.222207">
        <ele>122.790901</ele>
        <time>2026-05-03T13:33:39.000Z</time>
      </trkpt>
      <trkpt lat="50.788032" lon="14.222051">
        <ele>122.843530</ele>
        <time>2026-05-03T13:33:41.000Z</time>
      </trkpt>
      <trkpt lat="50.788001" lon="14.221892">
        <ele>122.895910</ele>
        <time>2026-05-03T13:33:43.000Z</time>
      </trkpt>
      <trkpt lat="50.787974" lon="14.221715">
        <ele>122.953229</ele>
        <time>2026-05-03T13:33:45.000Z</time>
      </trkpt>
      <trkpt lat="50.787945" lon="14.221551">
        <ele>123.006839</ele>
        <time>2026-05-03T13:33:47.000Z</time>
      </trkpt>
      <trkpt lat="50.787918" lon="14.221391">
        <ele>123.058971</ele>
        <time>2026-05-03T13:33:49.000Z</time>
      </trkpt>
      <trkpt lat="50.787881" lon="14.221233">
        <ele>123.112013</ele>
        <time>2026-05-03T13:33:51.000Z</time>
      </trkpt>
      <trkpt lat="50.787841" lon="14.221080">
        <ele>123.164134</ele>
        <time>2026-05-03T13:33:53.000Z</time>
      </trkpt>
      <trkpt lat="50.787803" lon="14.220918">
        <ele>123.218529</ele>
        <time>2026-05-03T13:33:55.000Z</time>
      </trkpt>
      <trkpt lat="50.787761" lon="14.220765">
        <ele>123.271039</ele>
        <time>2026-05-03T13:33:57.000Z</time>
      </trkpt>
      <trkpt lat="50.787721" lon="14.220611">
        <ele>123.323451</ele>
        <time>2026-05-03T13:33:59.000Z</time>
      </trkpt>
      <trkpt lat="50.787685" lon="14.220461">
        <ele>123.328356</ele>
        <time>2026-05-03T13:34:01.000Z</time>
      </trkpt>
      <trkpt lat="50.787652" lon="14.220306">
        <ele>123.312460</ele>
        <time>2026-05-03T13:34:03.000Z</time>
      </trkpt>
      <trkpt lat="50.787621" lon="14.220169">
        <ele>123.298317</ele>
        <time>2026-05-03T13:34:05.000Z</time>
      </trkpt>
      <trkpt lat="50.787590" lon="14.220018">
        <ele>123.282887</ele>
        <time>2026-05-03T13:34:07.000Z</time>
      </trkpt>
      <trkpt lat="50.787558" lon="14.219864">
        <ele>123.267132</ele>
        <time>2026-05-03T13:34:09.000Z</time>
      </trkpt>
      <trkpt lat="50.787526" lon="14.219710">
        <ele>123.251377</ele>
        <time>2026-05-03T13:34:10.999Z</time>
      </trkpt>
      <trkpt lat="50.787493" lon="14.219562">
        <ele>123.236124</ele>
        <time>2026-05-03T13:34:12.999Z</time>
      </trkpt>
      <trkpt lat="50.787454" lon="14.219414">
        <ele>123.220540</ele>
        <time>2026-05-03T13:34:14.999Z</time>
      </trkpt>
      <trkpt lat="50.787430" lon="14.219266">
        <ele>123.205690</ele>
        <time>2026-05-03T13:34:16.999Z</time>
      </trkpt>
      <trkpt lat="50.787396" lon="14.219108">
        <ele>123.189468</ele>
        <time>2026-05-03T13:34:18.999Z</time>
      </trkpt>
      <trkpt lat="50.787364" lon="14.218956">
        <ele>123.173898</ele>
        <time>2026-05-03T13:34:20.999Z</time>
      </trkpt>
      <trkpt lat="50.787329" lon="14.218809">
        <ele>123.158631</ele>
        <time>2026-05-03T13:34:22.999Z</time>
      </trkpt>
      <trkpt lat="50.787297" lon="14.218654">
        <ele>123.142783</ele>
        <time>2026-05-03T13:34:24.999Z</time>
      </trkpt>
      <trkpt lat="50.787263" lon="14.218497">
        <ele>123.126654</ele>
        <time>2026-05-03T13:34:26.999Z</time>
      </trkpt>
      <trkpt lat="50.787228" lon="14.218341">
        <ele>123.110565</ele>
        <time>2026-05-03T13:34:28.999Z</time>
      </trkpt>
      <trkpt lat="50.787190" lon="14.218176">
        <ele>123.093498</ele>
        <time>2026-05-03T13:34:30.999Z</time>
      </trkpt>
      <trkpt lat="50.787151" lon="14.218017">
        <ele>123.076922</ele>
        <time>2026-05-03T13:34:32.999Z</time>
      </trkpt>
      <trkpt lat="50.787111" lon="14.217859">
        <ele>123.070413</ele>
        <time>2026-05-03T13:34:34.999Z</time>
      </trkpt>
      <trkpt lat="50.787082" lon="14.217699">
        <ele>123.127398</ele>
        <time>2026-05-03T13:34:36.999Z</time>
      </trkpt>
      <trkpt lat="50.787036" lon="14.217549">
        <ele>123.184474</ele>
        <time>2026-05-03T13:34:38.999Z</time>
      </trkpt>
      <trkpt lat="50.786992" lon="14.217399">
        <ele>123.241087</ele>
        <time>2026-05-03T13:34:40.999Z</time>
      </trkpt>
      <trkpt lat="50.786944" lon="14.217253">
        <ele>123.297426</ele>
        <time>2026-05-03T13:34:42.999Z</time>
      </trkpt>
      <trkpt lat="50.786905" lon="14.217109">
        <ele>123.351059</ele>
        <time>2026-05-03T13:34:44.999Z</time>
      </trkpt>
      <trkpt lat="50.786863" lon="14.216971">
        <ele>123.403495</ele>
        <time>2026-05-03T13:34:46.999Z</time>
      </trkpt>
      <trkpt lat="50.786825" lon="14.216826">
        <ele>123.457233</ele>
        <time>2026-05-03T13:34:48.999Z</time>
      </trkpt>
      <trkpt lat="50.786784" lon="14.216692">
        <ele>123.508200</ele>
        <time>2026-05-03T13:34:50.999Z</time>
      </trkpt>
      <trkpt lat="50.786729" lon="14.216522">
        <ele>123.573580</ele>
        <time>2026-05-03T13:34:53.999Z</time>
      </trkpt>
      <trkpt lat="50.786671" lon="14.216338">
        <ele>123.643970</ele>
        <time>2026-05-03T13:34:56.999Z</time>
      </trkpt>
      <trkpt lat="50.786638" lon="14.216192">
        <ele>123.697054</ele>
        <time>2026-05-03T13:34:58.999Z</time>
      </trkpt>
      <trkpt lat="50.786600" lon="14.216047">
        <ele>123.750792</ele>
        <time>2026-05-03T13:35:00.999Z</time>
      </trkpt>
      <trkpt lat="50.786566" lon="14.215894">
        <ele>123.806315</ele>
        <time>2026-05-03T13:35:02.999Z</time>
      </trkpt>
      <trkpt lat="50.786533" lon="14.215734">
        <ele>123.863935</ele>
        <time>2026-05-03T13:35:04.999Z</time>
      </trkpt>
      <trkpt lat="50.786495" lon="14.215575">
        <ele>123.922130</ele>
        <time>2026-05-03T13:35:06.999Z</time>
      </trkpt>
      <trkpt lat="50.786465" lon="14.215403">
        <ele>123.983217</ele>
        <time>2026-05-03T13:35:08.999Z</time>
      </trkpt>
      <trkpt lat="50.786437" lon="14.215232">
        <ele>124.046762</ele>
        <time>2026-05-03T13:35:10.999Z</time>
      </trkpt>
      <trkpt lat="50.786409" lon="14.215063">
        <ele>124.132543</ele>
        <time>2026-05-03T13:35:12.999Z</time>
      </trkpt>
      <trkpt lat="50.786381" lon="14.214899">
        <ele>124.215952</ele>
        <time>2026-05-03T13:35:15.000Z</time>
      </trkpt>
      <trkpt lat="50.786344" lon="14.214744">
        <ele>124.297302</ele>
        <time>2026-05-03T13:35:17.000Z</time>
      </trkpt>
      <trkpt lat="50.786319" lon="14.214578">
        <ele>124.381088</ele>
        <time>2026-05-03T13:35:19.000Z</time>
      </trkpt>
      <trkpt lat="50.786289" lon="14.214414">
        <ele>124.464916</ele>
        <time>2026-05-03T13:35:21.000Z</time>
      </trkpt>
      <trkpt lat="50.786260" lon="14.214250">
        <ele>124.548531</ele>
        <time>2026-05-03T13:35:23.000Z</time>
      </trkpt>
      <trkpt lat="50.786233" lon="14.214082">
        <ele>124.633642</ele>
        <time>2026-05-03T13:35:25.000Z</time>
      </trkpt>
      <trkpt lat="50.786203" lon="14.213917">
        <ele>124.717942</ele>
        <time>2026-05-03T13:35:27.000Z</time>
      </trkpt>
      <trkpt lat="50.786170" lon="14.213752">
        <ele>124.802914</ele>
        <time>2026-05-03T13:35:29.000Z</time>
      </trkpt>
      <trkpt lat="50.786144" lon="14.213585">
        <ele>124.887362</ele>
        <time>2026-05-03T13:35:31.000Z</time>
      </trkpt>
      <trkpt lat="50.786111" lon="14.213420">
        <ele>124.972334</ele>
        <time>2026-05-03T13:35:33.000Z</time>
      </trkpt>
      <trkpt lat="50.786084" lon="14.213254">
        <ele>125.056495</ele>
        <time>2026-05-03T13:35:35.000Z</time>
      </trkpt>
      <trkpt lat="50.786053" lon="14.213099">
        <ele>125.136318</ele>
        <time>2026-05-03T13:35:37.000Z</time>
      </trkpt>
      <trkpt lat="50.786030" lon="14.212937">
        <ele>125.217842</ele>
        <time>2026-05-03T13:35:39.000Z</time>
      </trkpt>
      <trkpt lat="50.785999" lon="14.212779">
        <ele>125.299071</ele>
        <time>2026-05-03T13:35:41.000Z</time>
      </trkpt>
      <trkpt lat="50.785973" lon="14.212631">
        <ele>125.374493</ele>
        <time>2026-05-03T13:35:43.000Z</time>
      </trkpt>
      <trkpt lat="50.785927" lon="14.212500">
        <ele>125.458981</ele>
        <time>2026-05-03T13:35:45.000Z</time>
      </trkpt>
      <trkpt lat="50.785884" lon="14.212369">
        <ele>125.585795</ele>
        <time>2026-05-03T13:35:47.000Z</time>
      </trkpt>
      <trkpt lat="50.785838" lon="14.212242">
        <ele>125.711546</ele>
        <time>2026-05-03T13:35:49.000Z</time>
      </trkpt>
      <trkpt lat="50.785792" lon="14.212105">
        <ele>125.844820</ele>
        <time>2026-05-03T13:35:51.000Z</time>
      </trkpt>
      <trkpt lat="50.785744" lon="14.211978">
        <ele>125.971943</ele>
        <time>2026-05-03T13:35:53.000Z</time>
      </trkpt>
      <trkpt lat="50.785698" lon="14.211853">
        <ele>126.096206</ele>
        <time>2026-05-03T13:35:55.000Z</time>
      </trkpt>
      <trkpt lat="50.785623" lon="14.211678">
        <ele>126.277848</ele>
        <time>2026-05-03T13:35:58.000Z</time>
      </trkpt>
      <trkpt lat="50.785579" lon="14.211548">
        <ele>126.404536</ele>
        <time>2026-05-03T13:36:00.000Z</time>
      </trkpt>
      <trkpt lat="50.785535" lon="14.211419">
        <ele>126.530468</ele>
        <time>2026-05-03T13:36:02.000Z</time>
      </trkpt>
      <trkpt lat="50.785483" lon="14.211295">
        <ele>126.658310</ele>
        <time>2026-05-03T13:36:04.000Z</time>
      </trkpt>
      <trkpt lat="50.785433" lon="14.211173">
        <ele>126.783224</ele>
        <time>2026-05-03T13:36:06.000Z</time>
      </trkpt>
      <trkpt lat="50.785355" lon="14.210995">
        <ele>126.969297</ele>
        <time>2026-05-03T13:36:09.000Z</time>
      </trkpt>
      <trkpt lat="50.785305" lon="14.210875">
        <ele>127.092773</ele>
        <time>2026-05-03T13:36:11.000Z</time>
      </trkpt>
      <trkpt lat="50.785231" lon="14.210704">
        <ele>127.270810</ele>
        <time>2026-05-03T13:36:14.000Z</time>
      </trkpt>
      <trkpt lat="50.785189" lon="14.210541">
        <ele>127.422038</ele>
        <time>2026-05-03T13:36:16.999Z</time>
      </trkpt>
      <trkpt lat="50.785116" lon="14.210389">
        <ele>127.586038</ele>
        <time>2026-05-03T13:36:19.999Z</time>
      </trkpt>
      <trkpt lat="50.785060" lon="14.210244">
        <ele>127.732022</ele>
        <time>2026-05-03T13:36:22.999Z</time>
      </trkpt>
      <trkpt lat="50.784992" lon="14.210092">
        <ele>127.865873</ele>
        <time>2026-05-03T13:36:25.999Z</time>
      </trkpt>
      <trkpt lat="50.784944" lon="14.209943">
        <ele>127.745733</ele>
        <time>2026-05-03T13:36:28.999Z</time>
      </trkpt>
      <trkpt lat="50.784902" lon="14.209814">
        <ele>127.641489</ele>
        <time>2026-05-03T13:36:31.999Z</time>
      </trkpt>
      <trkpt lat="50.784910" lon="14.209638">
        <ele>127.514719</ele>
        <time>2026-05-03T13:36:35.999Z</time>
      </trkpt>
      <trkpt lat="50.784903" lon="14.209458">
        <ele>127.385158</ele>
        <time>2026-05-03T13:36:39.999Z</time>
      </trkpt>
      <trkpt lat="50.784764" lon="14.209248">
        <ele>127.166733</ele>
        <time>2026-05-03T13:36:40.999Z</time>
      </trkpt>
      <trkpt lat="50.784681" lon="14.209193">
        <ele>127.064474</ele>
        <time>2026-05-03T13:36:44.999Z</time>
      </trkpt>
      <trkpt lat="50.784592" lon="14.209122">
        <ele>126.951206</ele>
        <time>2026-05-03T13:36:48.999Z</time>
      </trkpt>
      <trkpt lat="50.784489" lon="14.209000">
        <ele>126.804983</ele>
        <time>2026-05-03T13:36:51.999Z</time>
      </trkpt>
      <trkpt lat="50.784375" lon="14.208910">
        <ele>126.660201</ele>
        <time>2026-05-03T13:36:53.999Z</time>
      </trkpt>
      <trkpt lat="50.784250" lon="14.208785">
        <ele>126.492151</ele>
        <time>2026-05-03T13:36:55.999Z</time>
      </trkpt>
      <trkpt lat="50.784129" lon="14.208636">
        <ele>126.317898</ele>
        <time>2026-05-03T13:36:57.999Z</time>
      </trkpt>
      <trkpt lat="50.784014" lon="14.208486">
        <ele>126.148516</ele>
        <time>2026-05-03T13:36:59.999Z</time>
      </trkpt>
      <trkpt lat="50.783892" lon="14.208374">
        <ele>125.988224</ele>
        <time>2026-05-03T13:37:01.999Z</time>
      </trkpt>
      <trkpt lat="50.783784" lon="14.208273">
        <ele>125.845653</ele>
        <time>2026-05-03T13:37:03.999Z</time>
      </trkpt>
      <trkpt lat="50.783669" lon="14.208176">
        <ele>126.030095</ele>
        <time>2026-05-03T13:37:05.999Z</time>
      </trkpt>
      <trkpt lat="50.783560" lon="14.208090">
        <ele>126.229220</ele>
        <time>2026-05-03T13:37:07.999Z</time>
      </trkpt>
      <trkpt lat="50.783444" lon="14.208022">
        <ele>126.431453</ele>
        <time>2026-05-03T13:37:09.999Z</time>
      </trkpt>
      <trkpt lat="50.783335" lon="14.207956">
        <ele>126.622250</ele>
        <time>2026-05-03T13:37:11.999Z</time>
      </trkpt>
      <trkpt lat="50.783229" lon="14.207886">
        <ele>126.810028</ele>
        <time>2026-05-03T13:37:13.999Z</time>
      </trkpt>
      <trkpt lat="50.783124" lon="14.207823">
        <ele>126.993610</ele>
        <time>2026-05-03T13:37:15.999Z</time>
      </trkpt>
      <trkpt lat="50.783018" lon="14.207756">
        <ele>127.180216</ele>
        <time>2026-05-03T13:37:17.999Z</time>
      </trkpt>
      <trkpt lat="50.782923" lon="14.207699">
        <ele>127.346314</ele>
        <time>2026-05-03T13:37:20.000Z</time>
      </trkpt>
      <trkpt lat="50.782827" lon="14.207639">
        <ele>127.515057</ele>
        <time>2026-05-03T13:37:22.000Z</time>
      </trkpt>
      <trkpt lat="50.782734" lon="14.207586">
        <ele>127.676654</ele>
        <time>2026-05-03T13:37:24.000Z</time>
      </trkpt>
      <trkpt lat="50.782648" lon="14.207524">
        <ele>127.831157</ele>
        <time>2026-05-03T13:37:26.000Z</time>
      </trkpt>
      <trkpt lat="50.782524" lon="14.207446">
        <ele>128.049306</ele>
        <time>2026-05-03T13:37:29.000Z</time>
      </trkpt>
      <trkpt lat="50.782404" lon="14.207367">
        <ele>128.261789</ele>
        <time>2026-05-03T13:37:32.000Z</time>
      </trkpt>
      <trkpt lat="50.782299" lon="14.207277">
        <ele>128.457021</ele>
        <time>2026-05-03T13:37:35.000Z</time>
      </trkpt>
      <trkpt lat="50.782212" lon="14.207164">
        <ele>128.641054</ele>
        <time>2026-05-03T13:37:38.000Z</time>
      </trkpt>
      <trkpt lat="50.782133" lon="14.207081">
        <ele>128.811022</ele>
        <time>2026-05-03T13:37:41.000Z</time>
      </trkpt>
      <trkpt lat="50.782060" lon="14.206994">
        <ele>129.062363</ele>
        <time>2026-05-03T13:37:44.000Z</time>
      </trkpt>
      <trkpt lat="50.781999" lon="14.206887">
        <ele>129.312847</ele>
        <time>2026-05-03T13:37:47.000Z</time>
      </trkpt>
      <trkpt lat="50.781926" lon="14.206772">
        <ele>129.596166</ele>
        <time>2026-05-03T13:37:51.000Z</time>
      </trkpt>
      <trkpt lat="50.781862" lon="14.206639">
        <ele>129.886751</ele>
        <time>2026-05-03T13:37:56.000Z</time>
      </trkpt>
      <trkpt lat="50.781789" lon="14.206513">
        <ele>130.183875</ele>
        <time>2026-05-03T13:38:01.000Z</time>
      </trkpt>
      <trkpt lat="50.781719" lon="14.206397">
        <ele>130.462665</ele>
        <time>2026-05-03T13:38:06.000Z</time>
      </trkpt>
      <trkpt lat="50.781623" lon="14.206334">
        <ele>130.748465</ele>
        <time>2026-05-03T13:38:14.999Z</time>
      </trkpt>
      <trkpt lat="50.781179" lon="14.207844">
        <ele>133.643785</ele>
        <time>2026-05-03T13:38:45.999Z</time>
      </trkpt>
      <trkpt lat="50.781137" lon="14.207990">
        <ele>133.806882</ele>
        <time>2026-05-03T13:38:47.999Z</time>
      </trkpt>
      <trkpt lat="50.781055" lon="14.208077">
        <ele>133.923244</ele>
        <time>2026-05-03T13:38:49.999Z</time>
      </trkpt>
      <trkpt lat="50.781007" lon="14.208252">
        <ele>134.065380</ele>
        <time>2026-05-03T13:38:52.999Z</time>
      </trkpt>
      <trkpt lat="50.780956" lon="14.208441">
        <ele>134.218495</ele>
        <time>2026-05-03T13:38:55.999Z</time>
      </trkpt>
      <trkpt lat="50.780904" lon="14.208635">
        <ele>134.375501</ele>
        <time>2026-05-03T13:38:58.999Z</time>
      </trkpt>
      <trkpt lat="50.780857" lon="14.208810">
        <ele>134.517172</ele>
        <time>2026-05-03T13:39:01.999Z</time>
      </trkpt>
      <trkpt lat="50.780815" lon="14.208966">
        <ele>134.643510</ele>
        <time>2026-05-03T13:39:04.999Z</time>
      </trkpt>
      <trkpt lat="50.780770" lon="14.209129">
        <ele>134.776037</ele>
        <time>2026-05-03T13:39:08.999Z</time>
      </trkpt>
      <trkpt lat="50.780730" lon="14.209292">
        <ele>134.906318</ele>
        <time>2026-05-03T13:39:12.999Z</time>
      </trkpt>
      <trkpt lat="50.780691" lon="14.209475">
        <ele>135.050212</ele>
        <time>2026-05-03T13:39:15.999Z</time>
      </trkpt>
      <trkpt lat="50.780638" lon="14.209645">
        <ele>135.191444</ele>
        <time>2026-05-03T13:39:18.999Z</time>
      </trkpt>
      <trkpt lat="50.780600" lon="14.209774">
        <ele>135.297485</ele>
        <time>2026-05-03T13:39:21.999Z</time>
      </trkpt>
      <trkpt lat="50.780570" lon="14.209910">
        <ele>135.404811</ele>
        <time>2026-05-03T13:39:24.999Z</time>
      </trkpt>
      <trkpt lat="50.780516" lon="14.210060">
        <ele>135.533426</ele>
        <time>2026-05-03T13:39:29.000Z</time>
      </trkpt>
      <trkpt lat="50.780478" lon="14.210195">
        <ele>135.643536</ele>
        <time>2026-05-03T13:39:34.000Z</time>
      </trkpt>
      <trkpt lat="50.780481" lon="14.210024">
        <ele>135.771001</ele>
        <time>2026-05-03T13:39:48.000Z</time>
      </trkpt>
      <trkpt lat="50.780341" lon="14.209825">
        <ele>135.698527</ele>
        <time>2026-05-03T13:39:52.000Z</time>
      </trkpt>
      <trkpt lat="50.780255" lon="14.209769">
        <ele>135.597540</ele>
        <time>2026-05-03T13:39:55.000Z</time>
      </trkpt>
      <trkpt lat="50.780153" lon="14.209696">
        <ele>135.475973</ele>
        <time>2026-05-03T13:39:58.000Z</time>
      </trkpt>
      <trkpt lat="50.780037" lon="14.209645">
        <ele>135.345240</ele>
        <time>2026-05-03T13:40:01.000Z</time>
      </trkpt>
      <trkpt lat="50.779942" lon="14.209549">
        <ele>135.222827</ele>
        <time>2026-05-03T13:40:04.000Z</time>
      </trkpt>
      <trkpt lat="50.779845" lon="14.209499">
        <ele>135.112048</ele>
        <time>2026-05-03T13:40:08.000Z</time>
      </trkpt>
      <trkpt lat="50.779751" lon="14.209401">
        <ele>134.989799</ele>
        <time>2026-05-03T13:40:12.000Z</time>
      </trkpt>
      <trkpt lat="50.779671" lon="14.209324">
        <ele>134.888110</ele>
        <time>2026-05-03T13:40:18.000Z</time>
      </trkpt>
      <trkpt lat="50.779643" lon="14.209160">
        <ele>134.771479</ele>
        <time>2026-05-03T13:40:30.999Z</time>
      </trkpt>
      <trkpt lat="50.779742" lon="14.208778">
        <ele>134.488032</ele>
        <time>2026-05-03T13:40:32.999Z</time>
      </trkpt>
      <trkpt lat="50.780136" lon="14.209795">
        <ele>133.783268</ele>
        <time>2026-05-03T15:09:16.022Z</time>
      </trkpt>
      <trkpt lat="50.780076" lon="14.209687">
        <ele>133.736356</ele>
        <time>2026-05-03T15:09:18.001Z</time>
      </trkpt>
      <trkpt lat="50.779963" lon="14.209658">
        <ele>133.677277</ele>
        <time>2026-05-03T15:09:20.001Z</time>
      </trkpt>
      <trkpt lat="50.779885" lon="14.209546">
        <ele>133.622907</ele>
        <time>2026-05-03T15:09:22.001Z</time>
      </trkpt>
      <trkpt lat="50.779785" lon="14.209413">
        <ele>133.555477</ele>
        <time>2026-05-03T15:09:25.001Z</time>
      </trkpt>
      <trkpt lat="50.779716" lon="14.209264">
        <ele>133.495210</ele>
        <time>2026-05-03T15:09:28.001Z</time>
      </trkpt>
      <trkpt lat="50.779706" lon="14.209056">
        <ele>133.427141</ele>
        <time>2026-05-03T15:09:32.000Z</time>
      </trkpt>
      <trkpt lat="50.779654" lon="14.208873">
        <ele>133.361672</ele>
        <time>2026-05-03T15:09:34.000Z</time>
      </trkpt>
      <trkpt lat="50.779659" lon="14.208728">
        <ele>133.314286</ele>
        <time>2026-05-03T15:09:37.000Z</time>
      </trkpt>
      <trkpt lat="50.779593" lon="14.208572">
        <ele>133.253037</ele>
        <time>2026-05-03T15:09:39.000Z</time>
      </trkpt>
      <trkpt lat="50.779530" lon="14.208450">
        <ele>133.201637</ele>
        <time>2026-05-03T15:09:41.000Z</time>
      </trkpt>
      <trkpt lat="50.779444" lon="14.208343">
        <ele>133.145166</ele>
        <time>2026-05-03T15:09:43.000Z</time>
      </trkpt>
      <trkpt lat="50.779399" lon="14.208215">
        <ele>133.097376</ele>
        <time>2026-05-03T15:09:47.000Z</time>
      </trkpt>
      <trkpt lat="50.779522" lon="14.208228">
        <ele>133.033757</ele>
        <time>2026-05-03T15:09:54.000Z</time>
      </trkpt>
      <trkpt lat="50.779508" lon="14.208077">
        <ele>132.983956</ele>
        <time>2026-05-03T15:10:01.000Z</time>
      </trkpt>
      <trkpt lat="50.779420" lon="14.207953">
        <ele>132.886709</ele>
        <time>2026-05-03T15:10:03.000Z</time>
      </trkpt>
      <trkpt lat="50.779314" lon="14.207853">
        <ele>132.757239</ele>
        <time>2026-05-03T15:10:04.999Z</time>
      </trkpt>
      <trkpt lat="50.779193" lon="14.207784">
        <ele>132.622316</ele>
        <time>2026-05-03T15:10:06.999Z</time>
      </trkpt>
      <trkpt lat="50.779069" lon="14.207713">
        <ele>132.483982</ele>
        <time>2026-05-03T15:10:09.999Z</time>
      </trkpt>
      <trkpt lat="50.778962" lon="14.207649">
        <ele>132.363984</ele>
        <time>2026-05-03T15:10:12.999Z</time>
      </trkpt>
      <trkpt lat="50.778867" lon="14.207607">
        <ele>132.260512</ele>
        <time>2026-05-03T15:10:15.999Z</time>
      </trkpt>
      <trkpt lat="50.778775" lon="14.207549">
        <ele>132.156623</ele>
        <time>2026-05-03T15:10:18.999Z</time>
      </trkpt>
      <trkpt lat="50.778689" lon="14.207491">
        <ele>132.058552</ele>
        <time>2026-05-03T15:10:21.999Z</time>
      </trkpt>
      <trkpt lat="50.778584" lon="14.207439">
        <ele>131.943137</ele>
        <time>2026-05-03T15:10:25.999Z</time>
      </trkpt>
      <trkpt lat="50.778491" lon="14.207378">
        <ele>131.837526</ele>
        <time>2026-05-03T15:10:31.999Z</time>
      </trkpt>
      <trkpt lat="50.778388" lon="14.207331">
        <ele>131.725075</ele>
        <time>2026-05-03T15:10:35.999Z</time>
      </trkpt>
      <trkpt lat="50.778277" lon="14.207308">
        <ele>131.607645</ele>
        <time>2026-05-03T15:10:38.999Z</time>
      </trkpt>
      <trkpt lat="50.778179" lon="14.207291">
        <ele>131.504230</ele>
        <time>2026-05-03T15:10:41.999Z</time>
      </trkpt>
      <trkpt lat="50.778082" lon="14.207289">
        <ele>131.402472</ele>
        <time>2026-05-03T15:10:44.999Z</time>
      </trkpt>
      <trkpt lat="50.777988" lon="14.207279">
        <ele>131.303647</ele>
        <time>2026-05-03T15:10:47.999Z</time>
      </trkpt>
      <trkpt lat="50.777895" lon="14.207307">
        <ele>131.204341</ele>
        <time>2026-05-03T15:10:50.999Z</time>
      </trkpt>
      <trkpt lat="50.777795" lon="14.207329">
        <ele>131.098435</ele>
        <time>2026-05-03T15:10:53.999Z</time>
      </trkpt>
      <trkpt lat="50.777689" lon="14.207339">
        <ele>130.927605</ele>
        <time>2026-05-03T15:10:56.999Z</time>
      </trkpt>
      <trkpt lat="50.777577" lon="14.207369">
        <ele>130.724771</ele>
        <time>2026-05-03T15:10:59.999Z</time>
      </trkpt>
      <trkpt lat="50.777480" lon="14.207399">
        <ele>130.548287</ele>
        <time>2026-05-03T15:11:02.999Z</time>
      </trkpt>
      <trkpt lat="50.777371" lon="14.207443">
        <ele>130.347418</ele>
        <time>2026-05-03T15:11:05.999Z</time>
      </trkpt>
      <trkpt lat="50.777262" lon="14.207474">
        <ele>130.149666</ele>
        <time>2026-05-03T15:11:08.999Z</time>
      </trkpt>
      <trkpt lat="50.777159" lon="14.207527">
        <ele>129.956260</ele>
        <time>2026-05-03T15:11:11.998Z</time>
      </trkpt>
      <trkpt lat="50.777058" lon="14.207568">
        <ele>129.770069</ele>
        <time>2026-05-03T15:11:15.998Z</time>
      </trkpt>
      <trkpt lat="50.776960" lon="14.207561">
        <ele>129.594903</ele>
        <time>2026-05-03T15:11:18.998Z</time>
      </trkpt>
      <trkpt lat="50.776857" lon="14.207536">
        <ele>129.408834</ele>
        <time>2026-05-03T15:11:20.998Z</time>
      </trkpt>
      <trkpt lat="50.776735" lon="14.207521">
        <ele>129.190335</ele>
        <time>2026-05-03T15:11:23.000Z</time>
      </trkpt>
      <trkpt lat="50.776604" lon="14.207507">
        <ele>128.955889</ele>
        <time>2026-05-03T15:11:25.000Z</time>
      </trkpt>
      <trkpt lat="50.776487" lon="14.207503">
        <ele>128.746927</ele>
        <time>2026-05-03T15:11:27.000Z</time>
      </trkpt>
      <trkpt lat="50.776362" lon="14.207523">
        <ele>128.522589</ele>
        <time>2026-05-03T15:11:29.000Z</time>
      </trkpt>
      <trkpt lat="50.776231" lon="14.207531">
        <ele>128.288502</ele>
        <time>2026-05-03T15:11:31.000Z</time>
      </trkpt>
      <trkpt lat="50.776112" lon="14.207636">
        <ele>128.045180</ele>
        <time>2026-05-03T15:11:33.000Z</time>
      </trkpt>
      <trkpt lat="50.776018" lon="14.207799">
        <ele>127.851086</ele>
        <time>2026-05-03T15:11:35.000Z</time>
      </trkpt>
      <trkpt lat="50.775952" lon="14.207975">
        <ele>127.818677</ele>
        <time>2026-05-03T15:11:37.000Z</time>
      </trkpt>
      <trkpt lat="50.775888" lon="14.208147">
        <ele>127.787067</ele>
        <time>2026-05-03T15:11:39.000Z</time>
      </trkpt>
      <trkpt lat="50.775809" lon="14.208299">
        <ele>127.755904</ele>
        <time>2026-05-03T15:11:41.000Z</time>
      </trkpt>
      <trkpt lat="50.775719" lon="14.208440">
        <ele>127.724172</ele>
        <time>2026-05-03T15:11:43.000Z</time>
      </trkpt>
      <trkpt lat="50.775643" lon="14.208561">
        <ele>127.697159</ele>
        <time>2026-05-03T15:11:45.000Z</time>
      </trkpt>
      <trkpt lat="50.775563" lon="14.208725">
        <ele>127.664353</ele>
        <time>2026-05-03T15:11:47.000Z</time>
      </trkpt>
      <trkpt lat="50.775507" lon="14.208890">
        <ele>127.634692</ele>
        <time>2026-05-03T15:11:49.000Z</time>
      </trkpt>
      <trkpt lat="50.775473" lon="14.209047">
        <ele>127.608407</ele>
        <time>2026-05-03T15:11:51.000Z</time>
      </trkpt>
      <trkpt lat="50.775444" lon="14.209187">
        <ele>127.585073</ele>
        <time>2026-05-03T15:11:53.000Z</time>
      </trkpt>
      <trkpt lat="50.775411" lon="14.209384">
        <ele>127.552794</ele>
        <time>2026-05-03T15:11:56.000Z</time>
      </trkpt>
      <trkpt lat="50.775387" lon="14.209555">
        <ele>127.525050</ele>
        <time>2026-05-03T15:11:59.000Z</time>
      </trkpt>
      <trkpt lat="50.775368" lon="14.209722">
        <ele>127.498174</ele>
        <time>2026-05-03T15:12:02.000Z</time>
      </trkpt>
      <trkpt lat="50.775343" lon="14.209917">
        <ele>127.466659</ele>
        <time>2026-05-03T15:12:04.999Z</time>
      </trkpt>
      <trkpt lat="50.775304" lon="14.210098">
        <ele>127.436372</ele>
        <time>2026-05-03T15:12:07.999Z</time>
      </trkpt>
      <trkpt lat="50.775252" lon="14.210264">
        <ele>127.425373</ele>
        <time>2026-05-03T15:12:10.999Z</time>
      </trkpt>
      <trkpt lat="50.775197" lon="14.210437">
        <ele>127.618401</ele>
        <time>2026-05-03T15:12:13.999Z</time>
      </trkpt>
      <trkpt lat="50.775145" lon="14.210618">
        <ele>127.816584</ele>
        <time>2026-05-03T15:12:16.999Z</time>
      </trkpt>
      <trkpt lat="50.775091" lon="14.210800">
        <ele>128.016993</ele>
        <time>2026-05-03T15:12:19.999Z</time>
      </trkpt>
      <trkpt lat="50.775032" lon="14.210979">
        <ele>128.218219</ele>
        <time>2026-05-03T15:12:22.999Z</time>
      </trkpt>
      <trkpt lat="50.774973" lon="14.211140">
        <ele>128.403719</ele>
        <time>2026-05-03T15:12:25.999Z</time>
      </trkpt>
      <trkpt lat="50.774892" lon="14.211272">
        <ele>128.587078</ele>
        <time>2026-05-03T15:12:28.999Z</time>
      </trkpt>
      <trkpt lat="50.774813" lon="14.211407">
        <ele>128.770438</ele>
        <time>2026-05-03T15:12:31.999Z</time>
      </trkpt>
      <trkpt lat="50.774729" lon="14.211527">
        <ele>128.948891</ele>
        <time>2026-05-03T15:12:34.999Z</time>
      </trkpt>
      <trkpt lat="50.774666" lon="14.211685">
        <ele>129.135096</ele>
        <time>2026-05-03T15:12:37.999Z</time>
      </trkpt>
      <trkpt lat="50.774643" lon="14.211853">
        <ele>129.306453</ele>
        <time>2026-05-03T15:12:40.999Z</time>
      </trkpt>
      <trkpt lat="50.774629" lon="14.212026">
        <ele>129.480321</ele>
        <time>2026-05-03T15:12:43.999Z</time>
      </trkpt>
      <trkpt lat="50.774635" lon="14.212186">
        <ele>129.640103</ele>
        <time>2026-05-03T15:12:46.999Z</time>
      </trkpt>
      <trkpt lat="50.774656" lon="14.212343">
        <ele>129.800077</ele>
        <time>2026-05-03T15:12:50.999Z</time>
      </trkpt>
      <trkpt lat="50.774554" lon="14.212322">
        <ele>129.962229</ele>
        <time>2026-05-03T15:13:02.999Z</time>
      </trkpt>
      <trkpt lat="50.774477" lon="14.212181">
        <ele>130.147949</ele>
        <time>2026-05-03T15:13:06.999Z</time>
      </trkpt>
      <trkpt lat="50.774409" lon="14.212054">
        <ele>130.271012</ele>
        <time>2026-05-03T15:13:09.999Z</time>
      </trkpt>
      <trkpt lat="50.774353" lon="14.211942">
        <ele>130.324832</ele>
        <time>2026-05-03T15:13:12.999Z</time>
      </trkpt>
      <trkpt lat="50.774284" lon="14.211824">
        <ele>130.385413</ele>
        <time>2026-05-03T15:13:16.999Z</time>
      </trkpt>
      <trkpt lat="50.774202" lon="14.211668">
        <ele>130.461879</ele>
        <time>2026-05-03T15:13:21.999Z</time>
      </trkpt>
      <trkpt lat="50.774122" lon="14.211520">
        <ele>130.535271</ele>
        <time>2026-05-03T15:13:24.998Z</time>
      </trkpt>
      <trkpt lat="50.774012" lon="14.211437">
        <ele>130.607921</ele>
        <time>2026-05-03T15:13:27.998Z</time>
      </trkpt>
      <trkpt lat="50.773903" lon="14.211341">
        <ele>130.682292</ele>
        <time>2026-05-03T15:13:31.000Z</time>
      </trkpt>
      <trkpt lat="50.773786" lon="14.211256">
        <ele>130.759041</ele>
        <time>2026-05-03T15:13:34.000Z</time>
      </trkpt>
      <trkpt lat="50.773667" lon="14.211182">
        <ele>130.835262</ele>
        <time>2026-05-03T15:13:37.000Z</time>
      </trkpt>
      <trkpt lat="50.773585" lon="14.211121">
        <ele>130.889279</ele>
        <time>2026-05-03T15:13:39.000Z</time>
      </trkpt>
      <trkpt lat="50.773499" lon="14.211054">
        <ele>130.946426</ele>
        <time>2026-05-03T15:13:41.000Z</time>
      </trkpt>
      <trkpt lat="50.773411" lon="14.211009">
        <ele>131.001556</ele>
        <time>2026-05-03T15:13:43.000Z</time>
      </trkpt>
      <trkpt lat="50.773342" lon="14.210878">
        <ele>131.065822</ele>
        <time>2026-05-03T15:13:46.000Z</time>
      </trkpt>
      <trkpt lat="50.773257" lon="14.210774">
        <ele>131.129884</ele>
        <time>2026-05-03T15:13:49.000Z</time>
      </trkpt>
      <trkpt lat="50.773153" lon="14.210691">
        <ele>131.199325</ele>
        <time>2026-05-03T15:13:53.000Z</time>
      </trkpt>
      <trkpt lat="50.773052" lon="14.210695">
        <ele>131.259548</ele>
        <time>2026-05-03T15:13:57.000Z</time>
      </trkpt>
      <trkpt lat="50.772982" lon="14.210800">
        <ele>131.317060</ele>
        <time>2026-05-03T15:14:00.000Z</time>
      </trkpt>
      <trkpt lat="50.772877" lon="14.210917">
        <ele>131.129058</ele>
        <time>2026-05-03T15:14:03.000Z</time>
      </trkpt>
      <trkpt lat="50.772800" lon="14.210999">
        <ele>130.993071</ele>
        <time>2026-05-03T15:14:05.000Z</time>
      </trkpt>
      <trkpt lat="50.772725" lon="14.211077">
        <ele>130.861575</ele>
        <time>2026-05-03T15:14:07.000Z</time>
      </trkpt>
      <trkpt lat="50.772622" lon="14.211185">
        <ele>130.680539</ele>
        <time>2026-05-03T15:14:10.000Z</time>
      </trkpt>
      <trkpt lat="50.772523" lon="14.211316">
        <ele>130.491442</ele>
        <time>2026-05-03T15:14:12.999Z</time>
      </trkpt>
      <trkpt lat="50.772463" lon="14.211467">
        <ele>130.326239</ele>
        <time>2026-05-03T15:14:15.999Z</time>
      </trkpt>
      <trkpt lat="50.772368" lon="14.211545">
        <ele>130.169438</ele>
        <time>2026-05-03T15:14:18.999Z</time>
      </trkpt>
      <trkpt lat="50.772238" lon="14.211567">
        <ele>129.977920</ele>
        <time>2026-05-03T15:14:21.999Z</time>
      </trkpt>
      <trkpt lat="50.772139" lon="14.211603">
        <ele>129.829114</ele>
        <time>2026-05-03T15:14:23.999Z</time>
      </trkpt>
      <trkpt lat="50.772038" lon="14.211663">
        <ele>129.671068</ele>
        <time>2026-05-03T15:14:25.999Z</time>
      </trkpt>
      <trkpt lat="50.771926" lon="14.211720">
        <ele>129.498717</ele>
        <time>2026-05-03T15:14:27.999Z</time>
      </trkpt>
      <trkpt lat="50.771804" lon="14.211754">
        <ele>129.317251</ele>
        <time>2026-05-03T15:14:29.999Z</time>
      </trkpt>
      <trkpt lat="50.771680" lon="14.211778">
        <ele>129.134254</ele>
        <time>2026-05-03T15:14:31.999Z</time>
      </trkpt>
      <trkpt lat="50.771554" lon="14.211810">
        <ele>128.947318</ele>
        <time>2026-05-03T15:14:33.999Z</time>
      </trkpt>
      <trkpt lat="50.771427" lon="14.211842">
        <ele>128.758935</ele>
        <time>2026-05-03T15:14:35.999Z</time>
      </trkpt>
      <trkpt lat="50.771305" lon="14.211885">
        <ele>128.671695</ele>
        <time>2026-05-03T15:14:37.999Z</time>
      </trkpt>
      <trkpt lat="50.771180" lon="14.211923">
        <ele>128.653019</ele>
        <time>2026-05-03T15:14:39.999Z</time>
      </trkpt>
      <trkpt lat="50.771055" lon="14.211955">
        <ele>128.634441</ele>
        <time>2026-05-03T15:14:41.999Z</time>
      </trkpt>
      <trkpt lat="50.770934" lon="14.211993">
        <ele>128.616341</ele>
        <time>2026-05-03T15:14:43.999Z</time>
      </trkpt>
      <trkpt lat="50.770857" lon="14.212116">
        <ele>128.600282</ele>
        <time>2026-05-03T15:14:45.999Z</time>
      </trkpt>
      <trkpt lat="50.770864" lon="14.212301">
        <ele>128.583086</ele>
        <time>2026-05-03T15:14:49.999Z</time>
      </trkpt>
      <trkpt lat="50.770501" lon="14.212212">
        <ele>128.529191</ele>
        <time>2026-05-03T15:14:51.999Z</time>
      </trkpt>
      <trkpt lat="50.770362" lon="14.212345">
        <ele>128.505354</ele>
        <time>2026-05-03T15:16:15.000Z</time>
      </trkpt>
      <trkpt lat="50.770270" lon="14.212396">
        <ele>128.491050</ele>
        <time>2026-05-03T15:16:18.000Z</time>
      </trkpt>
      <trkpt lat="50.770174" lon="14.212457">
        <ele>128.475870</ele>
        <time>2026-05-03T15:16:21.000Z</time>
      </trkpt>
      <trkpt lat="50.770084" lon="14.212486">
        <ele>128.462394</ele>
        <time>2026-05-03T15:16:23.999Z</time>
      </trkpt>
      <trkpt lat="50.769995" lon="14.212517">
        <ele>128.449023</ele>
        <time>2026-05-03T15:16:26.999Z</time>
      </trkpt>
      <trkpt lat="50.769887" lon="14.212572">
        <ele>128.432376</ele>
        <time>2026-05-03T15:16:30.999Z</time>
      </trkpt>
      <trkpt lat="50.769794" lon="14.212616">
        <ele>128.420711</ele>
        <time>2026-05-03T15:16:33.999Z</time>
      </trkpt>
      <trkpt lat="50.769690" lon="14.212669">
        <ele>128.527171</ele>
        <time>2026-05-03T15:16:36.999Z</time>
      </trkpt>
      <trkpt lat="50.769571" lon="14.212730">
        <ele>128.649053</ele>
        <time>2026-05-03T15:16:39.999Z</time>
      </trkpt>
      <trkpt lat="50.769444" lon="14.212797">
        <ele>128.779495</ele>
        <time>2026-05-03T15:16:42.999Z</time>
      </trkpt>
      <trkpt lat="50.769315" lon="14.212859">
        <ele>128.910857</ele>
        <time>2026-05-03T15:16:45.999Z</time>
      </trkpt>
      <trkpt lat="50.769224" lon="14.212905">
        <ele>129.003939</ele>
        <time>2026-05-03T15:16:47.999Z</time>
      </trkpt>
      <trkpt lat="50.769103" lon="14.212966">
        <ele>129.127677</ele>
        <time>2026-05-03T15:16:50.999Z</time>
      </trkpt>
      <trkpt lat="50.769002" lon="14.213021">
        <ele>129.231754</ele>
        <time>2026-05-03T15:16:53.999Z</time>
      </trkpt>
      <trkpt lat="50.768876" lon="14.213038">
        <ele>129.354962</ele>
        <time>2026-05-03T15:16:56.999Z</time>
      </trkpt>
      <trkpt lat="50.768777" lon="14.213019">
        <ele>129.452125</ele>
        <time>2026-05-03T15:16:58.999Z</time>
      </trkpt>
      <trkpt lat="50.768678" lon="14.213022">
        <ele>129.548599</ele>
        <time>2026-05-03T15:17:00.999Z</time>
      </trkpt>
      <trkpt lat="50.768575" lon="14.213032">
        <ele>129.649140</ele>
        <time>2026-05-03T15:17:02.999Z</time>
      </trkpt>
      <trkpt lat="50.768471" lon="14.213044">
        <ele>129.750737</ele>
        <time>2026-05-03T15:17:04.999Z</time>
      </trkpt>
      <trkpt lat="50.768366" lon="14.213048">
        <ele>129.853068</ele>
        <time>2026-05-03T15:17:06.999Z</time>
      </trkpt>
      <trkpt lat="50.768261" lon="14.213070">
        <ele>129.956264</ele>
        <time>2026-05-03T15:17:08.999Z</time>
      </trkpt>
      <trkpt lat="50.768161" lon="14.213064">
        <ele>130.053764</ele>
        <time>2026-05-03T15:17:10.999Z</time>
      </trkpt>
      <trkpt lat="50.768055" lon="14.213066">
        <ele>130.157047</ele>
        <time>2026-05-03T15:17:12.999Z</time>
      </trkpt>
      <trkpt lat="50.767952" lon="14.213077">
        <ele>130.290513</ele>
        <time>2026-05-03T15:17:14.999Z</time>
      </trkpt>
      <trkpt lat="50.767811" lon="14.213280">
        <ele>130.546745</ele>
        <time>2026-05-03T15:17:16.999Z</time>
      </trkpt>
      <trkpt lat="50.767692" lon="14.213229">
        <ele>130.712411</ele>
        <time>2026-05-03T15:17:19.999Z</time>
      </trkpt>
      <trkpt lat="50.767580" lon="14.213193">
        <ele>130.865980</ele>
        <time>2026-05-03T15:17:22.999Z</time>
      </trkpt>
      <trkpt lat="50.767487" lon="14.213163">
        <ele>130.993515</ele>
        <time>2026-05-03T15:17:26.999Z</time>
      </trkpt>
      <trkpt lat="50.767366" lon="14.213158">
        <ele>131.156155</ele>
        <time>2026-05-03T15:17:30.999Z</time>
      </trkpt>
      <trkpt lat="50.767262" lon="14.213123">
        <ele>131.299027</ele>
        <time>2026-05-03T15:17:33.999Z</time>
      </trkpt>
      <trkpt lat="50.767169" lon="14.213090">
        <ele>131.427096</ele>
        <time>2026-05-03T15:17:36.999Z</time>
      </trkpt>
      <trkpt lat="50.767077" lon="14.213078">
        <ele>131.551133</ele>
        <time>2026-05-03T15:17:39.999Z</time>
      </trkpt>
      <trkpt lat="50.766973" lon="14.213048">
        <ele>131.693181</ele>
        <time>2026-05-03T15:17:43.000Z</time>
      </trkpt>
      <trkpt lat="50.766860" lon="14.213021">
        <ele>131.846740</ele>
        <time>2026-05-03T15:17:46.000Z</time>
      </trkpt>
      <trkpt lat="50.766743" lon="14.212985">
        <ele>132.006898</ele>
        <time>2026-05-03T15:17:49.000Z</time>
      </trkpt>
      <trkpt lat="50.766656" lon="14.212941">
        <ele>132.129632</ele>
        <time>2026-05-03T15:17:51.000Z</time>
      </trkpt>
      <trkpt lat="50.766551" lon="14.212898">
        <ele>132.275373</ele>
        <time>2026-05-03T15:17:54.000Z</time>
      </trkpt>
      <trkpt lat="50.766453" lon="14.212885">
        <ele>132.407515</ele>
        <time>2026-05-03T15:17:57.000Z</time>
      </trkpt>
      <trkpt lat="50.766349" lon="14.212838">
        <ele>132.552853</ele>
        <time>2026-05-03T15:18:00.000Z</time>
      </trkpt>
      <trkpt lat="50.766261" lon="14.212803">
        <ele>132.568463</ele>
        <time>2026-05-03T15:18:03.000Z</time>
      </trkpt>
      <trkpt lat="50.766153" lon="14.212752">
        <ele>132.535078</ele>
        <time>2026-05-03T15:18:07.000Z</time>
      </trkpt>
      <trkpt lat="50.766059" lon="14.212684">
        <ele>132.504460</ele>
        <time>2026-05-03T15:18:10.000Z</time>
      </trkpt>
      <trkpt lat="50.765949" lon="14.212588">
        <ele>132.467245</ele>
        <time>2026-05-03T15:18:13.000Z</time>
      </trkpt>
      <trkpt lat="50.765867" lon="14.212512">
        <ele>132.439092</ele>
        <time>2026-05-03T15:18:15.000Z</time>
      </trkpt>
      <trkpt lat="50.765772" lon="14.212439">
        <ele>132.407806</ele>
        <time>2026-05-03T15:18:17.000Z</time>
      </trkpt>
      <trkpt lat="50.765672" lon="14.212367">
        <ele>132.375260</ele>
        <time>2026-05-03T15:18:19.000Z</time>
      </trkpt>
      <trkpt lat="50.765581" lon="14.212286">
        <ele>132.344329</ele>
        <time>2026-05-03T15:18:21.000Z</time>
      </trkpt>
      <trkpt lat="50.765496" lon="14.212223">
        <ele>132.316523</ele>
        <time>2026-05-03T15:18:23.000Z</time>
      </trkpt>
      <trkpt lat="50.765411" lon="14.212160">
        <ele>132.288718</ele>
        <time>2026-05-03T15:18:25.000Z</time>
      </trkpt>
      <trkpt lat="50.765332" lon="14.212078">
        <ele>132.260726</ele>
        <time>2026-05-03T15:18:26.999Z</time>
      </trkpt>
      <trkpt lat="50.765234" lon="14.212000">
        <ele>132.228229</ele>
        <time>2026-05-03T15:18:28.999Z</time>
      </trkpt>
      <trkpt lat="50.765157" lon="14.211853">
        <ele>132.192472</ele>
        <time>2026-05-03T15:18:30.999Z</time>
      </trkpt>
      <trkpt lat="50.765117" lon="14.211667">
        <ele>132.155667</ele>
        <time>2026-05-03T15:18:32.999Z</time>
      </trkpt>
      <trkpt lat="50.765036" lon="14.211484">
        <ele>132.113823</ele>
        <time>2026-05-03T15:18:34.999Z</time>
      </trkpt>
      <trkpt lat="50.764908" lon="14.211354">
        <ele>132.068761</ele>
        <time>2026-05-03T15:18:36.999Z</time>
      </trkpt>
      <trkpt lat="50.764786" lon="14.211237">
        <ele>132.128554</ele>
        <time>2026-05-03T15:18:38.999Z</time>
      </trkpt>
      <trkpt lat="50.764679" lon="14.211122">
        <ele>132.227827</ele>
        <time>2026-05-03T15:18:40.999Z</time>
      </trkpt>
      <trkpt lat="50.764567" lon="14.211025">
        <ele>132.325812</ele>
        <time>2026-05-03T15:18:42.999Z</time>
      </trkpt>
      <trkpt lat="50.764449" lon="14.210918">
        <ele>132.430186</ele>
        <time>2026-05-03T15:18:44.999Z</time>
      </trkpt>
      <trkpt lat="50.764346" lon="14.210805">
        <ele>132.526380</ele>
        <time>2026-05-03T15:18:46.999Z</time>
      </trkpt>
      <trkpt lat="50.764246" lon="14.210684">
        <ele>132.623002</ele>
        <time>2026-05-03T15:18:48.999Z</time>
      </trkpt>
      <trkpt lat="50.764157" lon="14.210583">
        <ele>132.707061</ele>
        <time>2026-05-03T15:18:50.999Z</time>
      </trkpt>
      <trkpt lat="50.764081" lon="14.210481">
        <ele>132.783553</ele>
        <time>2026-05-03T15:18:52.999Z</time>
      </trkpt>
      <trkpt lat="50.764003" lon="14.210346">
        <ele>132.872291</ele>
        <time>2026-05-03T15:18:55.999Z</time>
      </trkpt>
      <trkpt lat="50.763920" lon="14.210261">
        <ele>132.948169</ele>
        <time>2026-05-03T15:18:57.999Z</time>
      </trkpt>
      <trkpt lat="50.763832" lon="14.210202">
        <ele>133.021511</ele>
        <time>2026-05-03T15:18:59.999Z</time>
      </trkpt>
      <trkpt lat="50.763732" lon="14.210136">
        <ele>133.104657</ele>
        <time>2026-05-03T15:19:01.999Z</time>
      </trkpt>
      <trkpt lat="50.763634" lon="14.210075">
        <ele>133.185469</ele>
        <time>2026-05-03T15:19:03.999Z</time>
      </trkpt>
      <trkpt lat="50.763536" lon="14.210013">
        <ele>133.266460</ele>
        <time>2026-05-03T15:19:05.999Z</time>
      </trkpt>
      <trkpt lat="50.763440" lon="14.209952">
        <ele>133.345846</ele>
        <time>2026-05-03T15:19:07.999Z</time>
      </trkpt>
      <trkpt lat="50.763353" lon="14.209871">
        <ele>133.423315</ele>
        <time>2026-05-03T15:19:09.999Z</time>
      </trkpt>
      <trkpt lat="50.763270" lon="14.209807">
        <ele>133.472141</ele>
        <time>2026-05-03T15:19:11.999Z</time>
      </trkpt>
      <trkpt lat="50.763161" lon="14.209692">
        <ele>133.535259</ele>
        <time>2026-05-03T15:19:14.999Z</time>
      </trkpt>
      <trkpt lat="50.763049" lon="14.209575">
        <ele>133.599918</ele>
        <time>2026-05-03T15:19:17.999Z</time>
      </trkpt>
      <trkpt lat="50.762980" lon="14.209465">
        <ele>133.647115</ele>
        <time>2026-05-03T15:19:19.999Z</time>
      </trkpt>
      <trkpt lat="50.762903" lon="14.209373">
        <ele>133.693603</ele>
        <time>2026-05-03T15:19:21.999Z</time>
      </trkpt>
      <trkpt lat="50.762825" lon="14.209299">
        <ele>133.737418</ele>
        <time>2026-05-03T15:19:23.999Z</time>
      </trkpt>
      <trkpt lat="50.762748" lon="14.209206">
        <ele>133.784090</ele>
        <time>2026-05-03T15:19:25.999Z</time>
      </trkpt>
      <trkpt lat="50.762662" lon="14.209119">
        <ele>133.833267</ele>
        <time>2026-05-03T15:19:27.999Z</time>
      </trkpt>
      <trkpt lat="50.762582" lon="14.209013">
        <ele>133.883543</ele>
        <time>2026-05-03T15:19:29.999Z</time>
      </trkpt>
      <trkpt lat="50.762501" lon="14.208924">
        <ele>133.931055</ele>
        <time>2026-05-03T15:19:31.999Z</time>
      </trkpt>
      <trkpt lat="50.762418" lon="14.208823">
        <ele>133.981504</ele>
        <time>2026-05-03T15:19:33.999Z</time>
      </trkpt>
      <trkpt lat="50.762339" lon="14.208718">
        <ele>134.031215</ele>
        <time>2026-05-03T15:19:35.999Z</time>
      </trkpt>
      <trkpt lat="50.762265" lon="14.208633">
        <ele>134.075273</ele>
        <time>2026-05-03T15:19:37.999Z</time>
      </trkpt>
      <trkpt lat="50.762191" lon="14.208534">
        <ele>134.121965</ele>
        <time>2026-05-03T15:19:39.999Z</time>
      </trkpt>
      <trkpt lat="50.762112" lon="14.208438">
        <ele>134.169958</ele>
        <time>2026-05-03T15:19:41.999Z</time>
      </trkpt>
      <trkpt lat="50.762029" lon="14.208345">
        <ele>134.218958</ele>
        <time>2026-05-03T15:19:43.999Z</time>
      </trkpt>
      <trkpt lat="50.761947" lon="14.208252">
        <ele>134.267566</ele>
        <time>2026-05-03T15:19:45.999Z</time>
      </trkpt>
      <trkpt lat="50.761835" lon="14.208137">
        <ele>134.216285</ele>
        <time>2026-05-03T15:19:49.000Z</time>
      </trkpt>
      <trkpt lat="50.761726" lon="14.208027">
        <ele>134.043009</ele>
        <time>2026-05-03T15:19:52.000Z</time>
      </trkpt>
      <trkpt lat="50.761634" lon="14.207945">
        <ele>133.901490</ele>
        <time>2026-05-03T15:19:55.000Z</time>
      </trkpt>
      <trkpt lat="50.761554" lon="14.207850">
        <ele>133.767421</ele>
        <time>2026-05-03T15:19:58.000Z</time>
      </trkpt>
      <trkpt lat="50.761450" lon="14.207753">
        <ele>133.605621</ele>
        <time>2026-05-03T15:20:02.000Z</time>
      </trkpt>
      <trkpt lat="50.761373" lon="14.207663">
        <ele>133.477307</ele>
        <time>2026-05-03T15:20:05.000Z</time>
      </trkpt>
      <trkpt lat="50.761326" lon="14.207529">
        <ele>133.347438</ele>
        <time>2026-05-03T15:20:10.000Z</time>
      </trkpt>
      <trkpt lat="50.761329" lon="14.207367">
        <ele>133.210070</ele>
        <time>2026-05-03T15:20:13.000Z</time>
      </trkpt>
      <trkpt lat="50.761286" lon="14.207207">
        <ele>133.062723</ele>
        <time>2026-05-03T15:20:15.000Z</time>
      </trkpt>
      <trkpt lat="50.761215" lon="14.207035">
        <ele>132.888641</ele>
        <time>2026-05-03T15:20:17.000Z</time>
      </trkpt>
      <trkpt lat="50.761131" lon="14.206892">
        <ele>132.723233</ele>
        <time>2026-05-03T15:20:19.000Z</time>
      </trkpt>
      <trkpt lat="50.761035" lon="14.206761">
        <ele>132.553304</ele>
        <time>2026-05-03T15:20:21.000Z</time>
      </trkpt>
      <trkpt lat="50.760953" lon="14.206614">
        <ele>132.387181</ele>
        <time>2026-05-03T15:20:23.000Z</time>
      </trkpt>
      <trkpt lat="50.760867" lon="14.206462">
        <ele>132.214329</ele>
        <time>2026-05-03T15:20:25.000Z</time>
      </trkpt>
      <trkpt lat="50.760782" lon="14.206316">
        <ele>132.046144</ele>
        <time>2026-05-03T15:20:27.000Z</time>
      </trkpt>
      <trkpt lat="50.760693" lon="14.206169">
        <ele>131.893542</ele>
        <time>2026-05-03T15:20:29.000Z</time>
      </trkpt>
      <trkpt lat="50.760607" lon="14.206023">
        <ele>131.915844</ele>
        <time>2026-05-03T15:20:31.000Z</time>
      </trkpt>
      <trkpt lat="50.760524" lon="14.205881">
        <ele>131.937458</ele>
        <time>2026-05-03T15:20:33.000Z</time>
      </trkpt>
      <trkpt lat="50.760433" lon="14.205723">
        <ele>131.961345</ele>
        <time>2026-05-03T15:20:35.000Z</time>
      </trkpt>
      <trkpt lat="50.760330" lon="14.205534">
        <ele>131.989234</ele>
        <time>2026-05-03T15:20:37.000Z</time>
      </trkpt>
      <trkpt lat="50.760255" lon="14.205392">
        <ele>132.009915</ele>
        <time>2026-05-03T15:20:39.000Z</time>
      </trkpt>
      <trkpt lat="50.760172" lon="14.205248">
        <ele>132.031693</ele>
        <time>2026-05-03T15:20:41.000Z</time>
      </trkpt>
      <trkpt lat="50.760095" lon="14.205068">
        <ele>132.055985</ele>
        <time>2026-05-03T15:20:42.999Z</time>
      </trkpt>
      <trkpt lat="50.759996" lon="14.204930">
        <ele>132.079312</ele>
        <time>2026-05-03T15:20:44.999Z</time>
      </trkpt>
      <trkpt lat="50.759920" lon="14.204791">
        <ele>132.099851</ele>
        <time>2026-05-03T15:20:46.999Z</time>
      </trkpt>
      <trkpt lat="50.759842" lon="14.204662">
        <ele>132.119801</ele>
        <time>2026-05-03T15:20:48.999Z</time>
      </trkpt>
      <trkpt lat="50.759770" lon="14.204530">
        <ele>132.139286</ele>
        <time>2026-05-03T15:20:50.999Z</time>
      </trkpt>
      <trkpt lat="50.759692" lon="14.204400">
        <ele>132.159317</ele>
        <time>2026-05-03T15:20:52.999Z</time>
      </trkpt>
      <trkpt lat="50.759617" lon="14.204271">
        <ele>132.178904</ele>
        <time>2026-05-03T15:20:54.999Z</time>
      </trkpt>
      <trkpt lat="50.759544" lon="14.204147">
        <ele>132.197841</ele>
        <time>2026-05-03T15:20:56.999Z</time>
      </trkpt>
      <trkpt lat="50.759489" lon="14.204009">
        <ele>132.227572</ele>
        <time>2026-05-03T15:20:58.999Z</time>
      </trkpt>
      <trkpt lat="50.759414" lon="14.203872">
        <ele>132.281197</ele>
        <time>2026-05-03T15:21:00.999Z</time>
      </trkpt>
      <trkpt lat="50.759332" lon="14.203722">
        <ele>132.339875</ele>
        <time>2026-05-03T15:21:02.999Z</time>
      </trkpt>
      <trkpt lat="50.759240" lon="14.203592">
        <ele>132.397611</ele>
        <time>2026-05-03T15:21:04.999Z</time>
      </trkpt>
      <trkpt lat="50.759168" lon="14.203460">
        <ele>132.449199</ele>
        <time>2026-05-03T15:21:06.999Z</time>
      </trkpt>
      <trkpt lat="50.759095" lon="14.203324">
        <ele>132.501991</ele>
        <time>2026-05-03T15:21:08.999Z</time>
      </trkpt>
      <trkpt lat="50.759025" lon="14.203191">
        <ele>132.553200</ele>
        <time>2026-05-03T15:21:10.999Z</time>
      </trkpt>
      <trkpt lat="50.758949" lon="14.203055">
        <ele>132.606910</ele>
        <time>2026-05-03T15:21:12.999Z</time>
      </trkpt>
      <trkpt lat="50.758889" lon="14.202900">
        <ele>132.660695</ele>
        <time>2026-05-03T15:21:14.999Z</time>
      </trkpt>
      <trkpt lat="50.758803" lon="14.202777">
        <ele>132.714959</ele>
        <time>2026-05-03T15:21:16.999Z</time>
      </trkpt>
      <trkpt lat="50.758737" lon="14.202639">
        <ele>132.766164</ele>
        <time>2026-05-03T15:21:18.999Z</time>
      </trkpt>
      <trkpt lat="50.758671" lon="14.202517">
        <ele>132.813678</ele>
        <time>2026-05-03T15:21:20.999Z</time>
      </trkpt>
      <trkpt lat="50.758624" lon="14.202386">
        <ele>132.858254</ele>
        <time>2026-05-03T15:21:22.999Z</time>
      </trkpt>
      <trkpt lat="50.758550" lon="14.202268">
        <ele>132.907433</ele>
        <time>2026-05-03T15:21:24.999Z</time>
      </trkpt>
      <trkpt lat="50.758498" lon="14.202146">
        <ele>132.950975</ele>
        <time>2026-05-03T15:21:26.999Z</time>
      </trkpt>
      <trkpt lat="50.758441" lon="14.202015">
        <ele>132.998036</ele>
        <time>2026-05-03T15:21:28.999Z</time>
      </trkpt>
      <trkpt lat="50.758376" lon="14.201872">
        <ele>133.050155</ele>
        <time>2026-05-03T15:21:30.999Z</time>
      </trkpt>
      <trkpt lat="50.758312" lon="14.201741">
        <ele>133.179535</ele>
        <time>2026-05-03T15:21:32.999Z</time>
      </trkpt>
      <trkpt lat="50.758255" lon="14.201620">
        <ele>133.298235</ele>
        <time>2026-05-03T15:21:34.999Z</time>
      </trkpt>
      <trkpt lat="50.758198" lon="14.201496">
        <ele>133.418835</ele>
        <time>2026-05-03T15:21:36.999Z</time>
      </trkpt>
      <trkpt lat="50.758140" lon="14.201377">
        <ele>133.537031</ele>
        <time>2026-05-03T15:21:38.999Z</time>
      </trkpt>
      <trkpt lat="50.758085" lon="14.201259">
        <ele>133.652353</ele>
        <time>2026-05-03T15:21:40.999Z</time>
      </trkpt>
      <trkpt lat="50.758042" lon="14.201124">
        <ele>133.771276</ele>
        <time>2026-05-03T15:21:42.999Z</time>
      </trkpt>
      <trkpt lat="50.757971" lon="14.201014">
        <ele>133.894923</ele>
        <time>2026-05-03T15:21:44.999Z</time>
      </trkpt>
      <trkpt lat="50.757917" lon="14.200896">
        <ele>134.009512</ele>
        <time>2026-05-03T15:21:46.999Z</time>
      </trkpt>
      <trkpt lat="50.757861" lon="14.200773">
        <ele>134.128747</ele>
        <time>2026-05-03T15:21:48.999Z</time>
      </trkpt>
      <trkpt lat="50.757800" lon="14.200640">
        <ele>134.258002</ele>
        <time>2026-05-03T15:21:50.999Z</time>
      </trkpt>
      <trkpt lat="50.757741" lon="14.200511">
        <ele>134.383248</ele>
        <time>2026-05-03T15:21:53.000Z</time>
      </trkpt>
      <trkpt lat="50.757687" lon="14.200389">
        <ele>134.500402</ele>
        <time>2026-05-03T15:21:55.000Z</time>
      </trkpt>
      <trkpt lat="50.757632" lon="14.200265">
        <ele>134.619559</ele>
        <time>2026-05-03T15:21:57.000Z</time>
      </trkpt>
      <trkpt lat="50.757593" lon="14.200124">
        <ele>134.740639</ele>
        <time>2026-05-03T15:21:59.000Z</time>
      </trkpt>
      <trkpt lat="50.757543" lon="14.199996">
        <ele>134.859004</ele>
        <time>2026-05-03T15:22:01.000Z</time>
      </trkpt>
      <trkpt lat="50.757473" lon="14.199890">
        <ele>134.979569</ele>
        <time>2026-05-03T15:22:04.000Z</time>
      </trkpt>
      <trkpt lat="50.757352" lon="14.199963">
        <ele>135.140652</ele>
        <time>2026-05-03T15:22:07.000Z</time>
      </trkpt>
      <trkpt lat="50.757287" lon="14.200083">
        <ele>135.264952</ele>
        <time>2026-05-03T15:22:12.000Z</time>
      </trkpt>
      <trkpt lat="50.757238" lon="14.200210">
        <ele>135.514815</ele>
        <time>2026-05-03T15:22:18.000Z</time>
      </trkpt>
      <trkpt lat="50.757165" lon="14.200303">
        <ele>135.795768</ele>
        <time>2026-05-03T15:22:24.000Z</time>
      </trkpt>
      <trkpt lat="50.757077" lon="14.200394">
        <ele>136.110883</ele>
        <time>2026-05-03T15:22:31.000Z</time>
      </trkpt>
      <trkpt lat="50.757005" lon="14.200489">
        <ele>136.391923</ele>
        <time>2026-05-03T15:22:36.000Z</time>
      </trkpt>
      <trkpt lat="50.756968" lon="14.200625">
        <ele>136.672568</ele>
        <time>2026-05-03T15:22:40.000Z</time>
      </trkpt>
      <trkpt lat="50.756932" lon="14.200764">
        <ele>136.957297</ele>
        <time>2026-05-03T15:22:43.999Z</time>
      </trkpt>
      <trkpt lat="50.756896" lon="14.200918">
        <ele>137.268529</ele>
        <time>2026-05-03T15:22:47.999Z</time>
      </trkpt>
      <trkpt lat="50.756855" lon="14.201085">
        <ele>137.608115</ele>
        <time>2026-05-03T15:22:51.999Z</time>
      </trkpt>
      <trkpt lat="50.756807" lon="14.201254">
        <ele>137.959296</ele>
        <time>2026-05-03T15:22:55.999Z</time>
      </trkpt>
      <trkpt lat="50.756765" lon="14.201389">
        <ele>138.244489</ele>
        <time>2026-05-03T15:22:58.999Z</time>
      </trkpt>
      <trkpt lat="50.756667" lon="14.201470">
        <ele>138.575879</ele>
        <time>2026-05-03T15:23:02.999Z</time>
      </trkpt>
      <trkpt lat="50.756553" lon="14.201444">
        <ele>138.921031</ele>
        <time>2026-05-03T15:23:06.999Z</time>
      </trkpt>
      <trkpt lat="50.756471" lon="14.201359">
        <ele>139.214875</ele>
        <time>2026-05-03T15:23:09.999Z</time>
      </trkpt>
      <trkpt lat="50.756392" lon="14.201266">
        <ele>139.510044</ele>
        <time>2026-05-03T15:23:12.999Z</time>
      </trkpt>
      <trkpt lat="50.756306" lon="14.201169">
        <ele>139.826631</ele>
        <time>2026-05-03T15:23:15.999Z</time>
      </trkpt>
      <trkpt lat="50.756223" lon="14.201061">
        <ele>140.148778</ele>
        <time>2026-05-03T15:23:18.999Z</time>
      </trkpt>
      <trkpt lat="50.756130" lon="14.200980">
        <ele>140.466968</ele>
        <time>2026-05-03T15:23:21.999Z</time>
      </trkpt>
      <trkpt lat="50.756018" lon="14.201038">
        <ele>140.761463</ele>
        <time>2026-05-03T15:23:25.999Z</time>
      </trkpt>
      <trkpt lat="50.755931" lon="14.201155">
        <ele>140.962850</ele>
        <time>2026-05-03T15:23:29.999Z</time>
      </trkpt>
      <trkpt lat="50.755846" lon="14.201271">
        <ele>141.160835</ele>
        <time>2026-05-03T15:23:33.999Z</time>
      </trkpt>
      <trkpt lat="50.755774" lon="14.201387">
        <ele>141.342090</ele>
        <time>2026-05-03T15:23:37.999Z</time>
      </trkpt>
      <trkpt lat="50.755692" lon="14.201466">
        <ele>141.511397</ele>
        <time>2026-05-03T15:23:41.999Z</time>
      </trkpt>
      <trkpt lat="50.755601" lon="14.201491">
        <ele>141.674241</ele>
        <time>2026-05-03T15:23:45.999Z</time>
      </trkpt>
      <trkpt lat="50.755494" lon="14.201469">
        <ele>141.864478</ele>
        <time>2026-05-03T15:23:49.999Z</time>
      </trkpt>
      <trkpt lat="50.755419" lon="14.201385">
        <ele>142.026536</ele>
        <time>2026-05-03T15:23:52.999Z</time>
      </trkpt>
      <trkpt lat="50.755342" lon="14.201289">
        <ele>142.199437</ele>
        <time>2026-05-03T15:23:55.999Z</time>
      </trkpt>
      <trkpt lat="50.755264" lon="14.201159">
        <ele>142.399277</ele>
        <time>2026-05-03T15:23:59.000Z</time>
      </trkpt>
      <trkpt lat="50.755189" lon="14.201025">
        <ele>142.598834</ele>
        <time>2026-05-03T15:24:02.000Z</time>
      </trkpt>
      <trkpt lat="50.755109" lon="14.200875">
        <ele>142.817661</ele>
        <time>2026-05-03T15:24:05.000Z</time>
      </trkpt>
      <trkpt lat="50.755043" lon="14.200759">
        <ele>142.991673</ele>
        <time>2026-05-03T15:24:07.000Z</time>
      </trkpt>
      <trkpt lat="50.754958" lon="14.200618">
        <ele>143.208910</ele>
        <time>2026-05-03T15:24:10.000Z</time>
      </trkpt>
      <trkpt lat="50.754900" lon="14.200508">
        <ele>143.368628</ele>
        <time>2026-05-03T15:24:13.000Z</time>
      </trkpt>
      <trkpt lat="50.754605" lon="14.200318">
        <ele>143.868677</ele>
        <time>2026-05-03T15:29:55.999Z</time>
      </trkpt>
      <trkpt lat="50.754508" lon="14.200258">
        <ele>143.913631</ele>
        <time>2026-05-03T15:29:59.999Z</time>
      </trkpt>
      <trkpt lat="50.754426" lon="14.200128">
        <ele>143.963752</ele>
        <time>2026-05-03T15:30:03.999Z</time>
      </trkpt>
      <trkpt lat="50.754343" lon="14.199995">
        <ele>144.014760</ele>
        <time>2026-05-03T15:30:07.999Z</time>
      </trkpt>
      <trkpt lat="50.754262" lon="14.199850">
        <ele>144.067574</ele>
        <time>2026-05-03T15:30:11.999Z</time>
      </trkpt>
      <trkpt lat="50.754190" lon="14.199726">
        <ele>144.113528</ele>
        <time>2026-05-03T15:30:14.999Z</time>
      </trkpt>
      <trkpt lat="50.754112" lon="14.199587">
        <ele>144.164257</ele>
        <time>2026-05-03T15:30:18.000Z</time>
      </trkpt>
      <trkpt lat="50.754018" lon="14.199429">
        <ele>144.223475</ele>
        <time>2026-05-03T15:30:21.000Z</time>
      </trkpt>
      <trkpt lat="50.753938" lon="14.199282">
        <ele>144.276417</ele>
        <time>2026-05-03T15:30:24.000Z</time>
      </trkpt>
      <trkpt lat="50.753875" lon="14.199173">
        <ele>144.316728</ele>
        <time>2026-05-03T15:30:26.000Z</time>
      </trkpt>
      <trkpt lat="50.753782" lon="14.199010">
        <ele>144.376658</ele>
        <time>2026-05-03T15:30:29.000Z</time>
      </trkpt>
      <trkpt lat="50.753717" lon="14.198905">
        <ele>144.416768</ele>
        <time>2026-05-03T15:30:31.000Z</time>
      </trkpt>
      <trkpt lat="50.753656" lon="14.198787">
        <ele>144.458374</ele>
        <time>2026-05-03T15:30:33.000Z</time>
      </trkpt>
      <trkpt lat="50.753593" lon="14.198675">
        <ele>144.499293</ele>
        <time>2026-05-03T15:30:35.000Z</time>
      </trkpt>
      <trkpt lat="50.753529" lon="14.198573">
        <ele>144.538516</ele>
        <time>2026-05-03T15:30:37.000Z</time>
      </trkpt>
      <trkpt lat="50.753468" lon="14.198464">
        <ele>144.578250</ele>
        <time>2026-05-03T15:30:39.000Z</time>
      </trkpt>
      <trkpt lat="50.753403" lon="14.198345">
        <ele>144.621176</ele>
        <time>2026-05-03T15:30:41.000Z</time>
      </trkpt>
      <trkpt lat="50.753338" lon="14.198235">
        <ele>144.600182</ele>
        <time>2026-05-03T15:30:43.000Z</time>
      </trkpt>
      <trkpt lat="50.753265" lon="14.198121">
        <ele>144.570771</ele>
        <time>2026-05-03T15:30:45.000Z</time>
      </trkpt>
      <trkpt lat="50.753204" lon="14.198008">
        <ele>144.543837</ele>
        <time>2026-05-03T15:30:47.000Z</time>
      </trkpt>
      <trkpt lat="50.753141" lon="14.197894">
        <ele>144.516390</ele>
        <time>2026-05-03T15:30:49.000Z</time>
      </trkpt>
      <trkpt lat="50.753073" lon="14.197756">
        <ele>144.484674</ele>
        <time>2026-05-03T15:30:51.000Z</time>
      </trkpt>
      <trkpt lat="50.752991" lon="14.197642">
        <ele>144.453375</ele>
        <time>2026-05-03T15:30:53.000Z</time>
      </trkpt>
      <trkpt lat="50.752921" lon="14.197486">
        <ele>144.418696</ele>
        <time>2026-05-03T15:30:55.000Z</time>
      </trkpt>
      <trkpt lat="50.752854" lon="14.197364">
        <ele>144.389403</ele>
        <time>2026-05-03T15:30:57.000Z</time>
      </trkpt>
      <trkpt lat="50.752777" lon="14.197221">
        <ele>144.355354</ele>
        <time>2026-05-03T15:30:59.000Z</time>
      </trkpt>
      <trkpt lat="50.752693" lon="14.197064">
        <ele>144.318071</ele>
        <time>2026-05-03T15:31:01.000Z</time>
      </trkpt>
      <trkpt lat="50.752610" lon="14.196915">
        <ele>144.282073</ele>
        <time>2026-05-03T15:31:03.000Z</time>
      </trkpt>
      <trkpt lat="50.752518" lon="14.196793">
        <ele>144.247655</ele>
        <time>2026-05-03T15:31:05.000Z</time>
      </trkpt>
      <trkpt lat="50.752441" lon="14.196649">
        <ele>144.213467</ele>
        <time>2026-05-03T15:31:07.000Z</time>
      </trkpt>
      <trkpt lat="50.752366" lon="14.196527">
        <ele>144.182622</ele>
        <time>2026-05-03T15:31:09.000Z</time>
      </trkpt>
      <trkpt lat="50.752290" lon="14.196417">
        <ele>144.153088</ele>
        <time>2026-05-03T15:31:11.000Z</time>
      </trkpt>
      <trkpt lat="50.752216" lon="14.196295">
        <ele>144.122442</ele>
        <time>2026-05-03T15:31:13.000Z</time>
      </trkpt>
      <trkpt lat="50.752140" lon="14.196178">
        <ele>144.042102</ele>
        <time>2026-05-03T15:31:14.999Z</time>
      </trkpt>
      <trkpt lat="50.752053" lon="14.196057">
        <ele>143.913732</ele>
        <time>2026-05-03T15:31:16.999Z</time>
      </trkpt>
      <trkpt lat="50.751965" lon="14.195952">
        <ele>143.791595</ele>
        <time>2026-05-03T15:31:18.999Z</time>
      </trkpt>
      <trkpt lat="50.751876" lon="14.195851">
        <ele>143.670227</ele>
        <time>2026-05-03T15:31:20.999Z</time>
      </trkpt>
      <trkpt lat="50.751786" lon="14.195756">
        <ele>143.550344</ele>
        <time>2026-05-03T15:31:22.999Z</time>
      </trkpt>
      <trkpt lat="50.751696" lon="14.195669">
        <ele>143.433481</ele>
        <time>2026-05-03T15:31:24.999Z</time>
      </trkpt>
      <trkpt lat="50.751602" lon="14.195575">
        <ele>143.310264</ele>
        <time>2026-05-03T15:31:26.999Z</time>
      </trkpt>
      <trkpt lat="50.751509" lon="14.195482">
        <ele>143.188357</ele>
        <time>2026-05-03T15:31:28.999Z</time>
      </trkpt>
      <trkpt lat="50.751412" lon="14.195384">
        <ele>143.060832</ele>
        <time>2026-05-03T15:31:30.999Z</time>
      </trkpt>
      <trkpt lat="50.751318" lon="14.195317">
        <ele>142.946607</ele>
        <time>2026-05-03T15:31:32.999Z</time>
      </trkpt>
      <trkpt lat="50.751222" lon="14.195243">
        <ele>142.828292</ele>
        <time>2026-05-03T15:31:34.999Z</time>
      </trkpt>
      <trkpt lat="50.751123" lon="14.195166">
        <ele>142.706068</ele>
        <time>2026-05-03T15:31:36.999Z</time>
      </trkpt>
      <trkpt lat="50.751026" lon="14.195094">
        <ele>142.587359</ele>
        <time>2026-05-03T15:31:38.999Z</time>
      </trkpt>
      <trkpt lat="50.750931" lon="14.195015">
        <ele>142.468448</ele>
        <time>2026-05-03T15:31:40.999Z</time>
      </trkpt>
      <trkpt lat="50.750829" lon="14.194937">
        <ele>142.342930</ele>
        <time>2026-05-03T15:31:42.999Z</time>
      </trkpt>
      <trkpt lat="50.750735" lon="14.194864">
        <ele>142.226913</ele>
        <time>2026-05-03T15:31:44.999Z</time>
      </trkpt>
      <trkpt lat="50.750646" lon="14.194787">
        <ele>142.114319</ele>
        <time>2026-05-03T15:31:46.999Z</time>
      </trkpt>
      <trkpt lat="50.750562" lon="14.194726">
        <ele>142.003736</ele>
        <time>2026-05-03T15:31:48.999Z</time>
      </trkpt>
      <trkpt lat="50.750476" lon="14.194656">
        <ele>141.888019</ele>
        <time>2026-05-03T15:31:50.999Z</time>
      </trkpt>
      <trkpt lat="50.750407" lon="14.194558">
        <ele>141.777049</ele>
        <time>2026-05-03T15:31:52.999Z</time>
      </trkpt>
      <trkpt lat="50.750293" lon="14.194442">
        <ele>141.614861</ele>
        <time>2026-05-03T15:31:55.999Z</time>
      </trkpt>
      <trkpt lat="50.750207" lon="14.194304">
        <ele>141.468258</ele>
        <time>2026-05-03T15:31:58.999Z</time>
      </trkpt>
      <trkpt lat="50.750270" lon="14.194161">
        <ele>141.336373</ele>
        <time>2026-05-03T15:32:00.999Z</time>
      </trkpt>
      <trkpt lat="50.750299" lon="14.194019">
        <ele>141.223439</ele>
        <time>2026-05-03T15:32:02.999Z</time>
      </trkpt>
      <trkpt lat="50.750350" lon="14.193865">
        <ele>141.091882</ele>
        <time>2026-05-03T15:32:04.999Z</time>
      </trkpt>
      <trkpt lat="50.750407" lon="14.193703">
        <ele>140.951587</ele>
        <time>2026-05-03T15:32:06.999Z</time>
      </trkpt>
      <trkpt lat="50.750460" lon="14.193539">
        <ele>140.812208</ele>
        <time>2026-05-03T15:32:08.999Z</time>
      </trkpt>
      <trkpt lat="50.750512" lon="14.193370">
        <ele>140.669976</ele>
        <time>2026-05-03T15:32:10.999Z</time>
      </trkpt>
      <trkpt lat="50.750574" lon="14.193202">
        <ele>140.522774</ele>
        <time>2026-05-03T15:32:12.999Z</time>
      </trkpt>
      <trkpt lat="50.750630" lon="14.193034">
        <ele>140.379056</ele>
        <time>2026-05-03T15:32:14.999Z</time>
      </trkpt>
      <trkpt lat="50.750690" lon="14.192858">
        <ele>140.227743</ele>
        <time>2026-05-03T15:32:16.999Z</time>
      </trkpt>
      <trkpt lat="50.750755" lon="14.192682">
        <ele>140.073504</ele>
        <time>2026-05-03T15:32:18.999Z</time>
      </trkpt>
      <trkpt lat="50.750810" lon="14.192501">
        <ele>139.876503</ele>
        <time>2026-05-03T15:32:20.999Z</time>
      </trkpt>
      <trkpt lat="50.750870" lon="14.192324">
        <ele>139.568696</ele>
        <time>2026-05-03T15:32:23.000Z</time>
      </trkpt>
      <trkpt lat="50.750933" lon="14.192142">
        <ele>139.250690</ele>
        <time>2026-05-03T15:32:25.000Z</time>
      </trkpt>
      <trkpt lat="50.751000" lon="14.191957">
        <ele>138.923937</ele>
        <time>2026-05-03T15:32:27.000Z</time>
      </trkpt>
      <trkpt lat="50.751061" lon="14.191780">
        <ele>138.614981</ele>
        <time>2026-05-03T15:32:29.000Z</time>
      </trkpt>
      <trkpt lat="50.751117" lon="14.191589">
        <ele>138.292295</ele>
        <time>2026-05-03T15:32:31.000Z</time>
      </trkpt>
      <trkpt lat="50.751170" lon="14.191399">
        <ele>137.974002</ele>
        <time>2026-05-03T15:32:33.000Z</time>
      </trkpt>
      <trkpt lat="50.751243" lon="14.191256">
        <ele>137.692349</ele>
        <time>2026-05-03T15:32:35.000Z</time>
      </trkpt>
      <trkpt lat="50.751294" lon="14.191065">
        <ele>137.374568</ele>
        <time>2026-05-03T15:32:37.000Z</time>
      </trkpt>
      <trkpt lat="50.751364" lon="14.190894">
        <ele>137.062370</ele>
        <time>2026-05-03T15:32:39.000Z</time>
      </trkpt>
      <trkpt lat="50.751430" lon="14.190698">
        <ele>136.722028</ele>
        <time>2026-05-03T15:32:41.000Z</time>
      </trkpt>
      <trkpt lat="50.751496" lon="14.190485">
        <ele>136.358478</ele>
        <time>2026-05-03T15:32:43.000Z</time>
      </trkpt>
      <trkpt lat="50.751579" lon="14.190232">
        <ele>135.921632</ele>
        <time>2026-05-03T15:32:45.000Z</time>
      </trkpt>
      <trkpt lat="50.751626" lon="14.190101">
        <ele>135.690790</ele>
        <time>2026-05-03T15:32:46.000Z</time>
      </trkpt>
      <trkpt lat="50.751677" lon="14.189968">
        <ele>135.470819</ele>
        <time>2026-05-03T15:32:47.000Z</time>
      </trkpt>
      <trkpt lat="50.751720" lon="14.189837">
        <ele>135.271418</ele>
        <time>2026-05-03T15:32:48.000Z</time>
      </trkpt>
      <trkpt lat="50.751767" lon="14.189709">
        <ele>135.071459</ele>
        <time>2026-05-03T15:32:49.000Z</time>
      </trkpt>
      <trkpt lat="50.751817" lon="14.189578">
        <ele>134.864748</ele>
        <time>2026-05-03T15:32:50.000Z</time>
      </trkpt>
      <trkpt lat="50.751916" lon="14.189353">
        <ele>134.494457</ele>
        <time>2026-05-03T15:32:52.000Z</time>
      </trkpt>
      <trkpt lat="50.752016" lon="14.189147">
        <ele>134.143639</ele>
        <time>2026-05-03T15:32:54.000Z</time>
      </trkpt>
      <trkpt lat="50.752075" lon="14.189033">
        <ele>133.944642</ele>
        <time>2026-05-03T15:32:55.000Z</time>
      </trkpt>
      <trkpt lat="50.752162" lon="14.188836">
        <ele>133.620043</ele>
        <time>2026-05-03T15:32:57.000Z</time>
      </trkpt>
      <trkpt lat="50.752161" lon="14.188673">
        <ele>133.399801</ele>
        <time>2026-05-03T15:32:59.000Z</time>
      </trkpt>
      <trkpt lat="50.752078" lon="14.188522">
        <ele>133.129540</ele>
        <time>2026-05-03T15:33:00.000Z</time>
      </trkpt>
      <trkpt lat="50.751964" lon="14.188399">
        <ele>132.834773</ele>
        <time>2026-05-03T15:33:02.000Z</time>
      </trkpt>
      <trkpt lat="50.751862" lon="14.188270">
        <ele>132.555799</ele>
        <time>2026-05-03T15:33:04.000Z</time>
      </trkpt>
      <trkpt lat="50.751761" lon="14.188142">
        <ele>132.279336</ele>
        <time>2026-05-03T15:33:06.000Z</time>
      </trkpt>
      <trkpt lat="50.751660" lon="14.188024">
        <ele>132.011118</ele>
        <time>2026-05-03T15:33:08.000Z</time>
      </trkpt>
      <trkpt lat="50.751557" lon="14.187871">
        <ele>131.753779</ele>
        <time>2026-05-03T15:33:09.999Z</time>
      </trkpt>
      <trkpt lat="50.751456" lon="14.187752">
        <ele>131.693370</ele>
        <time>2026-05-03T15:33:11.999Z</time>
      </trkpt>
      <trkpt lat="50.751361" lon="14.187631">
        <ele>131.634864</ele>
        <time>2026-05-03T15:33:13.999Z</time>
      </trkpt>
      <trkpt lat="50.751259" lon="14.187488">
        <ele>131.569483</ele>
        <time>2026-05-03T15:33:15.999Z</time>
      </trkpt>
      <trkpt lat="50.751161" lon="14.187359">
        <ele>131.508326</ele>
        <time>2026-05-03T15:33:17.999Z</time>
      </trkpt>
      <trkpt lat="50.751062" lon="14.187233">
        <ele>131.447374</ele>
        <time>2026-05-03T15:33:19.999Z</time>
      </trkpt>
      <trkpt lat="50.750968" lon="14.187111">
        <ele>131.389048</ele>
        <time>2026-05-03T15:33:21.999Z</time>
      </trkpt>
      <trkpt lat="50.750873" lon="14.186990">
        <ele>131.330541</ele>
        <time>2026-05-03T15:33:23.999Z</time>
      </trkpt>
      <trkpt lat="50.750786" lon="14.186870">
        <ele>131.275170</ele>
        <time>2026-05-03T15:33:25.999Z</time>
      </trkpt>
      <trkpt lat="50.750698" lon="14.186762">
        <ele>131.221743</ele>
        <time>2026-05-03T15:33:27.999Z</time>
      </trkpt>
      <trkpt lat="50.750614" lon="14.186636">
        <ele>131.166210</ele>
        <time>2026-05-03T15:33:29.999Z</time>
      </trkpt>
      <trkpt lat="50.750529" lon="14.186517">
        <ele>131.111759</ele>
        <time>2026-05-03T15:33:31.999Z</time>
      </trkpt>
      <trkpt lat="50.750444" lon="14.186402">
        <ele>131.058104</ele>
        <time>2026-05-03T15:33:33.999Z</time>
      </trkpt>
      <trkpt lat="50.750358" lon="14.186296">
        <ele>131.005807</ele>
        <time>2026-05-03T15:33:35.999Z</time>
      </trkpt>
      <trkpt lat="50.750267" lon="14.186195">
        <ele>130.952485</ele>
        <time>2026-05-03T15:33:37.999Z</time>
      </trkpt>
      <trkpt lat="50.750177" lon="14.186088">
        <ele>130.898753</ele>
        <time>2026-05-03T15:33:39.999Z</time>
      </trkpt>
      <trkpt lat="50.750090" lon="14.185992">
        <ele>130.850321</ele>
        <time>2026-05-03T15:33:41.999Z</time>
      </trkpt>
      <trkpt lat="50.750004" lon="14.185897">
        <ele>130.802427</ele>
        <time>2026-05-03T15:33:43.999Z</time>
      </trkpt>
      <trkpt lat="50.749917" lon="14.185798">
        <ele>130.753493</ele>
        <time>2026-05-03T15:33:45.999Z</time>
      </trkpt>
      <trkpt lat="50.749831" lon="14.185702">
        <ele>130.705434</ele>
        <time>2026-05-03T15:33:47.999Z</time>
      </trkpt>
      <trkpt lat="50.749739" lon="14.185603">
        <ele>130.654630</ele>
        <time>2026-05-03T15:33:49.999Z</time>
      </trkpt>
      <trkpt lat="50.749639" lon="14.185537">
        <ele>130.605164</ele>
        <time>2026-05-03T15:33:51.999Z</time>
      </trkpt>
      <trkpt lat="50.749535" lon="14.185464">
        <ele>130.553221</ele>
        <time>2026-05-03T15:33:53.999Z</time>
      </trkpt>
      <trkpt lat="50.749446" lon="14.185369">
        <ele>130.504198</ele>
        <time>2026-05-03T15:33:55.999Z</time>
      </trkpt>
      <trkpt lat="50.749361" lon="14.185269">
        <ele>130.455830</ele>
        <time>2026-05-03T15:33:57.999Z</time>
      </trkpt>
      <trkpt lat="50.749274" lon="14.185166">
        <ele>130.406212</ele>
        <time>2026-05-03T15:33:59.999Z</time>
      </trkpt>
      <trkpt lat="50.749188" lon="14.185075">
        <ele>130.358971</ele>
        <time>2026-05-03T15:34:01.999Z</time>
      </trkpt>
      <trkpt lat="50.749109" lon="14.184986">
        <ele>130.314687</ele>
        <time>2026-05-03T15:34:03.999Z</time>
      </trkpt>
      <trkpt lat="50.749027" lon="14.184898">
        <ele>130.269444</ele>
        <time>2026-05-03T15:34:05.999Z</time>
      </trkpt>
      <trkpt lat="50.748949" lon="14.184805">
        <ele>130.224845</ele>
        <time>2026-05-03T15:34:07.999Z</time>
      </trkpt>
      <trkpt lat="50.748872" lon="14.184719">
        <ele>130.181807</ele>
        <time>2026-05-03T15:34:09.999Z</time>
      </trkpt>
      <trkpt lat="50.748792" lon="14.184624">
        <ele>130.136131</ele>
        <time>2026-05-03T15:34:11.999Z</time>
      </trkpt>
      <trkpt lat="50.748703" lon="14.184526">
        <ele>130.086618</ele>
        <time>2026-05-03T15:34:13.999Z</time>
      </trkpt>
      <trkpt lat="50.748611" lon="14.184434">
        <ele>130.054393</ele>
        <time>2026-05-03T15:34:15.999Z</time>
      </trkpt>
      <trkpt lat="50.748521" lon="14.184344">
        <ele>130.024151</ele>
        <time>2026-05-03T15:34:17.999Z</time>
      </trkpt>
      <trkpt lat="50.748430" lon="14.184265">
        <ele>129.994669</ele>
        <time>2026-05-03T15:34:19.999Z</time>
      </trkpt>
      <trkpt lat="50.748330" lon="14.184194">
        <ele>129.963539</ele>
        <time>2026-05-03T15:34:21.999Z</time>
      </trkpt>
      <trkpt lat="50.748232" lon="14.184126">
        <ele>129.933147</ele>
        <time>2026-05-03T15:34:23.999Z</time>
      </trkpt>
      <trkpt lat="50.748129" lon="14.184059">
        <ele>129.901518</ele>
        <time>2026-05-03T15:34:25.999Z</time>
      </trkpt>
      <trkpt lat="50.748023" lon="14.184009">
        <ele>129.870106</ele>
        <time>2026-05-03T15:34:27.999Z</time>
      </trkpt>
      <trkpt lat="50.747916" lon="14.183958">
        <ele>129.838371</ele>
        <time>2026-05-03T15:34:30.000Z</time>
      </trkpt>
      <trkpt lat="50.747807" lon="14.183903">
        <ele>129.805880</ele>
        <time>2026-05-03T15:34:32.000Z</time>
      </trkpt>
      <trkpt lat="50.747696" lon="14.183842">
        <ele>129.772509</ele>
        <time>2026-05-03T15:34:34.000Z</time>
      </trkpt>
      <trkpt lat="50.747585" lon="14.183789">
        <ele>129.739582</ele>
        <time>2026-05-03T15:34:36.000Z</time>
      </trkpt>
      <trkpt lat="50.747477" lon="14.183737">
        <ele>129.707523</ele>
        <time>2026-05-03T15:34:38.000Z</time>
      </trkpt>
      <trkpt lat="50.747362" lon="14.183692">
        <ele>129.673881</ele>
        <time>2026-05-03T15:34:40.000Z</time>
      </trkpt>
      <trkpt lat="50.747249" lon="14.183648">
        <ele>129.640834</ele>
        <time>2026-05-03T15:34:42.000Z</time>
      </trkpt>
      <trkpt lat="50.747134" lon="14.183607">
        <ele>129.607358</ele>
        <time>2026-05-03T15:34:44.000Z</time>
      </trkpt>
      <trkpt lat="50.747017" lon="14.183596">
        <ele>129.574076</ele>
        <time>2026-05-03T15:34:46.000Z</time>
      </trkpt>
      <trkpt lat="50.746901" lon="14.183587">
        <ele>129.586775</ele>
        <time>2026-05-03T15:34:48.000Z</time>
      </trkpt>
      <trkpt lat="50.746785" lon="14.183588">
        <ele>129.601891</ele>
        <time>2026-05-03T15:34:50.000Z</time>
      </trkpt>
      <trkpt lat="50.746671" lon="14.183585">
        <ele>129.616749</ele>
        <time>2026-05-03T15:34:52.000Z</time>
      </trkpt>
      <trkpt lat="50.746546" lon="14.183579">
        <ele>129.633046</ele>
        <time>2026-05-03T15:34:54.000Z</time>
      </trkpt>
      <trkpt lat="50.746407" lon="14.183639">
        <ele>129.651824</ele>
        <time>2026-05-03T15:34:56.000Z</time>
      </trkpt>
      <trkpt lat="50.746292" lon="14.183709">
        <ele>129.667883</ele>
        <time>2026-05-03T15:34:58.000Z</time>
      </trkpt>
      <trkpt lat="50.746193" lon="14.183799">
        <ele>129.682767</ele>
        <time>2026-05-03T15:35:00.000Z</time>
      </trkpt>
      <trkpt lat="50.746089" lon="14.183877">
        <ele>129.697768</ele>
        <time>2026-05-03T15:35:02.000Z</time>
      </trkpt>
      <trkpt lat="50.745976" lon="14.183897">
        <ele>129.712586</ele>
        <time>2026-05-03T15:35:04.000Z</time>
      </trkpt>
      <trkpt lat="50.745858" lon="14.183928">
        <ele>129.728174</ele>
        <time>2026-05-03T15:35:06.000Z</time>
      </trkpt>
      <trkpt lat="50.745737" lon="14.183943">
        <ele>129.743991</ele>
        <time>2026-05-03T15:35:08.000Z</time>
      </trkpt>
      <trkpt lat="50.745623" lon="14.183959">
        <ele>129.758905</ele>
        <time>2026-05-03T15:35:10.000Z</time>
      </trkpt>
      <trkpt lat="50.745503" lon="14.183949">
        <ele>129.774565</ele>
        <time>2026-05-03T15:35:12.000Z</time>
      </trkpt>
      <trkpt lat="50.745381" lon="14.183945">
        <ele>129.790466</ele>
        <time>2026-05-03T15:35:13.999Z</time>
      </trkpt>
      <trkpt lat="50.745270" lon="14.183936">
        <ele>129.804951</ele>
        <time>2026-05-03T15:35:15.999Z</time>
      </trkpt>
      <trkpt lat="50.745142" lon="14.183930">
        <ele>129.784268</ele>
        <time>2026-05-03T15:35:17.999Z</time>
      </trkpt>
      <trkpt lat="50.745046" lon="14.183915">
        <ele>129.765184</ele>
        <time>2026-05-03T15:35:19.999Z</time>
      </trkpt>
      <trkpt lat="50.744919" lon="14.183911">
        <ele>129.740056</ele>
        <time>2026-05-03T15:35:21.999Z</time>
      </trkpt>
      <trkpt lat="50.744805" lon="14.183901">
        <ele>129.717470</ele>
        <time>2026-05-03T15:35:23.999Z</time>
      </trkpt>
      <trkpt lat="50.744698" lon="14.183881">
        <ele>129.696155</ele>
        <time>2026-05-03T15:35:25.999Z</time>
      </trkpt>
      <trkpt lat="50.744580" lon="14.183878">
        <ele>129.672810</ele>
        <time>2026-05-03T15:35:27.999Z</time>
      </trkpt>
      <trkpt lat="50.744460" lon="14.183852">
        <ele>129.648849</ele>
        <time>2026-05-03T15:35:29.999Z</time>
      </trkpt>
      <trkpt lat="50.744344" lon="14.183884">
        <ele>129.625555</ele>
        <time>2026-05-03T15:35:31.999Z</time>
      </trkpt>
      <trkpt lat="50.744238" lon="14.183914">
        <ele>129.604252</ele>
        <time>2026-05-03T15:35:33.999Z</time>
      </trkpt>
      <trkpt lat="50.744129" lon="14.183931">
        <ele>129.582585</ele>
        <time>2026-05-03T15:35:35.999Z</time>
      </trkpt>
      <trkpt lat="50.744012" lon="14.183962">
        <ele>129.559117</ele>
        <time>2026-05-03T15:35:37.999Z</time>
      </trkpt>
      <trkpt lat="50.743900" lon="14.183995">
        <ele>129.536579</ele>
        <time>2026-05-03T15:35:39.999Z</time>
      </trkpt>
      <trkpt lat="50.743791" lon="14.184026">
        <ele>129.514671</ele>
        <time>2026-05-03T15:35:41.999Z</time>
      </trkpt>
      <trkpt lat="50.743676" lon="14.184042">
        <ele>129.491833</ele>
        <time>2026-05-03T15:35:43.999Z</time>
      </trkpt>
      <trkpt lat="50.743566" lon="14.184080">
        <ele>129.469559</ele>
        <time>2026-05-03T15:35:45.999Z</time>
      </trkpt>
      <trkpt lat="50.743451" lon="14.184102">
        <ele>129.468145</ele>
        <time>2026-05-03T15:35:47.999Z</time>
      </trkpt>
      <trkpt lat="50.743337" lon="14.184134">
        <ele>129.558593</ele>
        <time>2026-05-03T15:35:49.999Z</time>
      </trkpt>
      <trkpt lat="50.743223" lon="14.184153">
        <ele>129.648141</ele>
        <time>2026-05-03T15:35:51.999Z</time>
      </trkpt>
      <trkpt lat="50.743111" lon="14.184174">
        <ele>129.736247</ele>
        <time>2026-05-03T15:35:53.999Z</time>
      </trkpt>
      <trkpt lat="50.742997" lon="14.184198">
        <ele>129.826087</ele>
        <time>2026-05-03T15:35:55.999Z</time>
      </trkpt>
      <trkpt lat="50.742885" lon="14.184226">
        <ele>129.914667</ele>
        <time>2026-05-03T15:35:57.999Z</time>
      </trkpt>
      <trkpt lat="50.742776" lon="14.184244">
        <ele>130.000279</ele>
        <time>2026-05-03T15:35:59.999Z</time>
      </trkpt>
      <trkpt lat="50.742669" lon="14.184264">
        <ele>130.084447</ele>
        <time>2026-05-03T15:36:01.999Z</time>
      </trkpt>
      <trkpt lat="50.742559" lon="14.184279">
        <ele>130.170696</ele>
        <time>2026-05-03T15:36:03.999Z</time>
      </trkpt>
      <trkpt lat="50.742450" lon="14.184307">
        <ele>130.256962</ele>
        <time>2026-05-03T15:36:05.999Z</time>
      </trkpt>
      <trkpt lat="50.742339" lon="14.184336">
        <ele>130.344849</ele>
        <time>2026-05-03T15:36:07.999Z</time>
      </trkpt>
      <trkpt lat="50.742233" lon="14.184378">
        <ele>130.430217</ele>
        <time>2026-05-03T15:36:09.999Z</time>
      </trkpt>
      <trkpt lat="50.742125" lon="14.184419">
        <ele>130.516984</ele>
        <time>2026-05-03T15:36:11.999Z</time>
      </trkpt>
      <trkpt lat="50.742017" lon="14.184444">
        <ele>130.602252</ele>
        <time>2026-05-03T15:36:13.999Z</time>
      </trkpt>
      <trkpt lat="50.741913" lon="14.184431">
        <ele>130.683748</ele>
        <time>2026-05-03T15:36:15.999Z</time>
      </trkpt>
      <trkpt lat="50.741803" lon="14.184434">
        <ele>130.769690</ele>
        <time>2026-05-03T15:36:17.999Z</time>
      </trkpt>
      <trkpt lat="50.741696" lon="14.184435">
        <ele>130.853277</ele>
        <time>2026-05-03T15:36:19.999Z</time>
      </trkpt>
      <trkpt lat="50.741585" lon="14.184431">
        <ele>130.893465</ele>
        <time>2026-05-03T15:36:21.999Z</time>
      </trkpt>
      <trkpt lat="50.741476" lon="14.184429">
        <ele>130.931415</ele>
        <time>2026-05-03T15:36:23.999Z</time>
      </trkpt>
      <trkpt lat="50.741368" lon="14.184427">
        <ele>130.969017</ele>
        <time>2026-05-03T15:36:25.999Z</time>
      </trkpt>
      <trkpt lat="50.741256" lon="14.184421">
        <ele>131.008031</ele>
        <time>2026-05-03T15:36:27.999Z</time>
      </trkpt>
      <trkpt lat="50.741142" lon="14.184423">
        <ele>131.047721</ele>
        <time>2026-05-03T15:36:29.999Z</time>
      </trkpt>
      <trkpt lat="50.741027" lon="14.184413">
        <ele>131.087818</ele>
        <time>2026-05-03T15:36:31.999Z</time>
      </trkpt>
      <trkpt lat="50.740914" lon="14.184418">
        <ele>131.127174</ele>
        <time>2026-05-03T15:36:33.999Z</time>
      </trkpt>
      <trkpt lat="50.740799" lon="14.184416">
        <ele>131.167212</ele>
        <time>2026-05-03T15:36:36.000Z</time>
      </trkpt>
      <trkpt lat="50.740688" lon="14.184416">
        <ele>131.205856</ele>
        <time>2026-05-03T15:36:38.000Z</time>
      </trkpt>
      <trkpt lat="50.740575" lon="14.184419">
        <ele>131.245201</ele>
        <time>2026-05-03T15:36:40.000Z</time>
      </trkpt>
      <trkpt lat="50.740466" lon="14.184429">
        <ele>131.283213</ele>
        <time>2026-05-03T15:36:42.000Z</time>
      </trkpt>
      <trkpt lat="50.740358" lon="14.184447">
        <ele>131.321020</ele>
        <time>2026-05-03T15:36:44.000Z</time>
      </trkpt>
      <trkpt lat="50.740247" lon="14.184452">
        <ele>131.359680</ele>
        <time>2026-05-03T15:36:46.000Z</time>
      </trkpt>
      <trkpt lat="50.740152" lon="14.184364">
        <ele>131.398017</ele>
        <time>2026-05-03T15:36:48.000Z</time>
      </trkpt>
      <trkpt lat="50.740064" lon="14.184290">
        <ele>131.432721</ele>
        <time>2026-05-03T15:36:50.000Z</time>
      </trkpt>
      <trkpt lat="50.739972" lon="14.184308">
        <ele>131.464995</ele>
        <time>2026-05-03T15:36:52.000Z</time>
      </trkpt>
      <trkpt lat="50.739872" lon="14.184288">
        <ele>131.439133</ele>
        <time>2026-05-03T15:36:54.000Z</time>
      </trkpt>
      <trkpt lat="50.739775" lon="14.184274">
        <ele>131.357318</ele>
        <time>2026-05-03T15:36:56.000Z</time>
      </trkpt>
      <trkpt lat="50.739674" lon="14.184252">
        <ele>131.271679</ele>
        <time>2026-05-03T15:36:58.000Z</time>
      </trkpt>
      <trkpt lat="50.739579" lon="14.184250">
        <ele>131.191875</ele>
        <time>2026-05-03T15:37:00.000Z</time>
      </trkpt>
      <trkpt lat="50.739476" lon="14.184213">
        <ele>131.103151</ele>
        <time>2026-05-03T15:37:02.000Z</time>
      </trkpt>
      <trkpt lat="50.739380" lon="14.184182">
        <ele>131.020848</ele>
        <time>2026-05-03T15:37:04.000Z</time>
      </trkpt>
      <trkpt lat="50.739277" lon="14.184160">
        <ele>130.933545</ele>
        <time>2026-05-03T15:37:06.000Z</time>
      </trkpt>
      <trkpt lat="50.739172" lon="14.184139">
        <ele>130.844645</ele>
        <time>2026-05-03T15:37:08.000Z</time>
      </trkpt>
      <trkpt lat="50.739058" lon="14.184113">
        <ele>130.747897</ele>
        <time>2026-05-03T15:37:10.000Z</time>
      </trkpt>
      <trkpt lat="50.738953" lon="14.184091">
        <ele>130.658929</ele>
        <time>2026-05-03T15:37:12.000Z</time>
      </trkpt>
      <trkpt lat="50.738846" lon="14.184074">
        <ele>130.568599</ele>
        <time>2026-05-03T15:37:14.000Z</time>
      </trkpt>
      <trkpt lat="50.738743" lon="14.184065">
        <ele>130.481951</ele>
        <time>2026-05-03T15:37:16.000Z</time>
      </trkpt>
      <trkpt lat="50.738643" lon="14.184046">
        <ele>130.397349</ele>
        <time>2026-05-03T15:37:18.000Z</time>
      </trkpt>
      <trkpt lat="50.738539" lon="14.184031">
        <ele>130.309630</ele>
        <time>2026-05-03T15:37:20.000Z</time>
      </trkpt>
      <trkpt lat="50.738437" lon="14.184008">
        <ele>130.223086</ele>
        <time>2026-05-03T15:37:22.000Z</time>
      </trkpt>
      <trkpt lat="50.738330" lon="14.183997">
        <ele>130.133019</ele>
        <time>2026-05-03T15:37:24.000Z</time>
      </trkpt>
      <trkpt lat="50.738190" lon="14.183981">
        <ele>130.015117</ele>
        <time>2026-05-03T15:37:27.000Z</time>
      </trkpt>
      <trkpt lat="50.738090" lon="14.183971">
        <ele>129.939637</ele>
        <time>2026-05-03T15:37:29.000Z</time>
      </trkpt>
      <trkpt lat="50.738001" lon="14.183926">
        <ele>129.877986</ele>
        <time>2026-05-03T15:37:31.000Z</time>
      </trkpt>
      <trkpt lat="50.737944" lon="14.183791">
        <ele>129.810226</ele>
        <time>2026-05-03T15:37:33.000Z</time>
      </trkpt>
      <trkpt lat="50.737902" lon="14.183620">
        <ele>129.733639</ele>
        <time>2026-05-03T15:37:35.000Z</time>
      </trkpt>
      <trkpt lat="50.737832" lon="14.183471">
        <ele>129.656159</ele>
        <time>2026-05-03T15:37:37.000Z</time>
      </trkpt>
      <trkpt lat="50.737736" lon="14.183375">
        <ele>129.581205</ele>
        <time>2026-05-03T15:37:38.999Z</time>
      </trkpt>
      <trkpt lat="50.737619" lon="14.183316">
        <ele>129.500178</ele>
        <time>2026-05-03T15:37:40.999Z</time>
      </trkpt>
      <trkpt lat="50.737506" lon="14.183274">
        <ele>129.423592</ele>
        <time>2026-05-03T15:37:42.999Z</time>
      </trkpt>
      <trkpt lat="50.737402" lon="14.183224">
        <ele>129.351872</ele>
        <time>2026-05-03T15:37:44.999Z</time>
      </trkpt>
      <trkpt lat="50.737291" lon="14.183183">
        <ele>129.276666</ele>
        <time>2026-05-03T15:37:46.999Z</time>
      </trkpt>
      <trkpt lat="50.737179" lon="14.183154">
        <ele>129.201788</ele>
        <time>2026-05-03T15:37:48.999Z</time>
      </trkpt>
      <trkpt lat="50.737068" lon="14.183128">
        <ele>129.127756</ele>
        <time>2026-05-03T15:37:50.999Z</time>
      </trkpt>
      <trkpt lat="50.736960" lon="14.183115">
        <ele>129.056297</ele>
        <time>2026-05-03T15:37:52.999Z</time>
      </trkpt>
      <trkpt lat="50.736854" lon="14.183102">
        <ele>128.986153</ele>
        <time>2026-05-03T15:37:54.999Z</time>
      </trkpt>
      <trkpt lat="50.736737" lon="14.183116">
        <ele>128.908741</ele>
        <time>2026-05-03T15:37:56.999Z</time>
      </trkpt>
      <trkpt lat="50.736602" lon="14.183103">
        <ele>128.819510</ele>
        <time>2026-05-03T15:37:59.999Z</time>
      </trkpt>
      <trkpt lat="50.736504" lon="14.183108">
        <ele>128.751859</ele>
        <time>2026-05-03T15:38:01.999Z</time>
      </trkpt>
      <trkpt lat="50.736407" lon="14.183125">
        <ele>128.681103</ele>
        <time>2026-05-03T15:38:03.999Z</time>
      </trkpt>
      <trkpt lat="50.736309" lon="14.183127">
        <ele>128.610048</ele>
        <time>2026-05-03T15:38:05.999Z</time>
      </trkpt>
      <trkpt lat="50.736211" lon="14.183157">
        <ele>128.537677</ele>
        <time>2026-05-03T15:38:07.999Z</time>
      </trkpt>
      <trkpt lat="50.736115" lon="14.183158">
        <ele>128.468077</ele>
        <time>2026-05-03T15:38:09.999Z</time>
      </trkpt>
      <trkpt lat="50.736019" lon="14.183202">
        <ele>128.395608</ele>
        <time>2026-05-03T15:38:11.999Z</time>
      </trkpt>
      <trkpt lat="50.735922" lon="14.183238">
        <ele>128.323370</ele>
        <time>2026-05-03T15:38:13.999Z</time>
      </trkpt>
      <trkpt lat="50.735833" lon="14.183266">
        <ele>128.257579</ele>
        <time>2026-05-03T15:38:15.999Z</time>
      </trkpt>
      <trkpt lat="50.735730" lon="14.183294">
        <ele>128.181808</ele>
        <time>2026-05-03T15:38:17.999Z</time>
      </trkpt>
      <trkpt lat="50.735633" lon="14.183324">
        <ele>128.110149</ele>
        <time>2026-05-03T15:38:19.999Z</time>
      </trkpt>
      <trkpt lat="50.735537" lon="14.183359">
        <ele>128.038721</ele>
        <time>2026-05-03T15:38:21.999Z</time>
      </trkpt>
      <trkpt lat="50.735402" lon="14.183388">
        <ele>127.939947</ele>
        <time>2026-05-03T15:38:24.999Z</time>
      </trkpt>
      <trkpt lat="50.735242" lon="14.183417">
        <ele>127.823187</ele>
        <time>2026-05-03T15:38:27.999Z</time>
      </trkpt>
      <trkpt lat="50.735147" lon="14.183453">
        <ele>127.752360</ele>
        <time>2026-05-03T15:38:29.999Z</time>
      </trkpt>
      <trkpt lat="50.735040" lon="14.183473">
        <ele>127.674245</ele>
        <time>2026-05-03T15:38:31.999Z</time>
      </trkpt>
      <trkpt lat="50.734927" lon="14.183526">
        <ele>127.588787</ele>
        <time>2026-05-03T15:38:33.999Z</time>
      </trkpt>
      <trkpt lat="50.734821" lon="14.183556">
        <ele>127.510715</ele>
        <time>2026-05-03T15:38:35.999Z</time>
      </trkpt>
      <trkpt lat="50.734710" lon="14.183575">
        <ele>127.462498</ele>
        <time>2026-05-03T15:38:37.999Z</time>
      </trkpt>
      <trkpt lat="50.734601" lon="14.183572">
        <ele>127.434177</ele>
        <time>2026-05-03T15:38:39.999Z</time>
      </trkpt>
      <trkpt lat="50.734485" lon="14.183607">
        <ele>127.403497</ele>
        <time>2026-05-03T15:38:42.000Z</time>
      </trkpt>
      <trkpt lat="50.734374" lon="14.183646">
        <ele>127.373956</ele>
        <time>2026-05-03T15:38:44.000Z</time>
      </trkpt>
      <trkpt lat="50.734265" lon="14.183669">
        <ele>127.345388</ele>
        <time>2026-05-03T15:38:46.000Z</time>
      </trkpt>
      <trkpt lat="50.734150" lon="14.183739">
        <ele>127.313372</ele>
        <time>2026-05-03T15:38:48.000Z</time>
      </trkpt>
      <trkpt lat="50.734040" lon="14.183795">
        <ele>127.283348</ele>
        <time>2026-05-03T15:38:50.000Z</time>
      </trkpt>
      <trkpt lat="50.733933" lon="14.183859">
        <ele>127.253626</ele>
        <time>2026-05-03T15:38:52.000Z</time>
      </trkpt>
      <trkpt lat="50.733829" lon="14.183924">
        <ele>127.224571</ele>
        <time>2026-05-03T15:38:54.000Z</time>
      </trkpt>
      <trkpt lat="50.733728" lon="14.183998">
        <ele>127.195649</ele>
        <time>2026-05-03T15:38:56.000Z</time>
      </trkpt>
      <trkpt lat="50.733637" lon="14.184099">
        <ele>127.166758</ele>
        <time>2026-05-03T15:38:58.000Z</time>
      </trkpt>
      <trkpt lat="50.733546" lon="14.184196">
        <ele>127.138240</ele>
        <time>2026-05-03T15:39:00.000Z</time>
      </trkpt>
      <trkpt lat="50.733455" lon="14.184290">
        <ele>127.109995</ele>
        <time>2026-05-03T15:39:02.000Z</time>
      </trkpt>
      <trkpt lat="50.733363" lon="14.184390">
        <ele>127.080985</ele>
        <time>2026-05-03T15:39:04.000Z</time>
      </trkpt>
      <trkpt lat="50.733274" lon="14.184494">
        <ele>127.052227</ele>
        <time>2026-05-03T15:39:06.000Z</time>
      </trkpt>
      <trkpt lat="50.733186" lon="14.184607">
        <ele>127.022768</ele>
        <time>2026-05-03T15:39:08.000Z</time>
      </trkpt>
      <trkpt lat="50.733095" lon="14.184713">
        <ele>127.053240</ele>
        <time>2026-05-03T15:39:10.000Z</time>
      </trkpt>
      <trkpt lat="50.732998" lon="14.184818">
        <ele>127.113580</ele>
        <time>2026-05-03T15:39:12.000Z</time>
      </trkpt>
      <trkpt lat="50.732893" lon="14.184898">
        <ele>127.173401</ele>
        <time>2026-05-03T15:39:14.000Z</time>
      </trkpt>
      <trkpt lat="50.732793" lon="14.184985">
        <ele>127.231984</ele>
        <time>2026-05-03T15:39:16.000Z</time>
      </trkpt>
      <trkpt lat="50.732686" lon="14.185069">
        <ele>127.293298</ele>
        <time>2026-05-03T15:39:18.000Z</time>
      </trkpt>
      <trkpt lat="50.732581" lon="14.185153">
        <ele>127.353695</ele>
        <time>2026-05-03T15:39:20.000Z</time>
      </trkpt>
      <trkpt lat="50.732475" lon="14.185238">
        <ele>127.414696</ele>
        <time>2026-05-03T15:39:22.000Z</time>
      </trkpt>
      <trkpt lat="50.732361" lon="14.185306">
        <ele>127.477228</ele>
        <time>2026-05-03T15:39:23.999Z</time>
      </trkpt>
      <trkpt lat="50.732266" lon="14.185411">
        <ele>127.536725</ele>
        <time>2026-05-03T15:39:25.999Z</time>
      </trkpt>
      <trkpt lat="50.732161" lon="14.185495">
        <ele>127.597122</ele>
        <time>2026-05-03T15:39:27.999Z</time>
      </trkpt>
      <trkpt lat="50.732060" lon="14.185573">
        <ele>127.654813</ele>
        <time>2026-05-03T15:39:29.999Z</time>
      </trkpt>
      <trkpt lat="50.731961" lon="14.185652">
        <ele>127.711729</ele>
        <time>2026-05-03T15:39:31.999Z</time>
      </trkpt>
      <trkpt lat="50.731862" lon="14.185726">
        <ele>127.767932</ele>
        <time>2026-05-03T15:39:33.999Z</time>
      </trkpt>
      <trkpt lat="50.731767" lon="14.185804">
        <ele>127.822874</ele>
        <time>2026-05-03T15:39:35.999Z</time>
      </trkpt>
      <trkpt lat="50.731671" lon="14.185874">
        <ele>127.877132</ele>
        <time>2026-05-03T15:39:37.999Z</time>
      </trkpt>
      <trkpt lat="50.731579" lon="14.185963">
        <ele>127.932491</ele>
        <time>2026-05-03T15:39:39.999Z</time>
      </trkpt>
      <trkpt lat="50.731501" lon="14.186081">
        <ele>127.995760</ele>
        <time>2026-05-03T15:39:41.999Z</time>
      </trkpt>
      <trkpt lat="50.731423" lon="14.186200">
        <ele>128.059903</ele>
        <time>2026-05-03T15:39:43.999Z</time>
      </trkpt>
      <trkpt lat="50.731342" lon="14.186303">
        <ele>128.121412</ele>
        <time>2026-05-03T15:39:45.999Z</time>
      </trkpt>
      <trkpt lat="50.731250" lon="14.186376">
        <ele>128.182315</ele>
        <time>2026-05-03T15:39:47.999Z</time>
      </trkpt>
      <trkpt lat="50.731164" lon="14.186470">
        <ele>128.244177</ele>
        <time>2026-05-03T15:39:49.999Z</time>
      </trkpt>
      <trkpt lat="50.731062" lon="14.186495">
        <ele>128.305238</ele>
        <time>2026-05-03T15:39:51.999Z</time>
      </trkpt>
      <trkpt lat="50.730966" lon="14.186539">
        <ele>128.364370</ele>
        <time>2026-05-03T15:39:53.999Z</time>
      </trkpt>
      <trkpt lat="50.730861" lon="14.186564">
        <ele>128.427185</ele>
        <time>2026-05-03T15:39:55.999Z</time>
      </trkpt>
      <trkpt lat="50.730762" lon="14.186583">
        <ele>128.486180</ele>
        <time>2026-05-03T15:39:57.999Z</time>
      </trkpt>
      <trkpt lat="50.730669" lon="14.186621">
        <ele>128.543006</ele>
        <time>2026-05-03T15:39:59.999Z</time>
      </trkpt>
      <trkpt lat="50.730559" lon="14.186694">
        <ele>128.613585</ele>
        <time>2026-05-03T15:40:02.999Z</time>
      </trkpt>
      <trkpt lat="50.730442" lon="14.186788">
        <ele>128.691234</ele>
        <time>2026-05-03T15:40:05.999Z</time>
      </trkpt>
      <trkpt lat="50.730332" lon="14.186918">
        <ele>128.772498</ele>
        <time>2026-05-03T15:40:08.999Z</time>
      </trkpt>
      <trkpt lat="50.730211" lon="14.187007">
        <ele>128.851454</ele>
        <time>2026-05-03T15:40:11.999Z</time>
      </trkpt>
      <trkpt lat="50.730127" lon="14.187067">
        <ele>128.905988</ele>
        <time>2026-05-03T15:40:13.999Z</time>
      </trkpt>
      <trkpt lat="50.730039" lon="14.187118">
        <ele>128.961438</ele>
        <time>2026-05-03T15:40:15.999Z</time>
      </trkpt>
      <trkpt lat="50.729947" lon="14.187174">
        <ele>128.981420</ele>
        <time>2026-05-03T15:40:17.999Z</time>
      </trkpt>
      <trkpt lat="50.729851" lon="14.187225">
        <ele>128.921890</ele>
        <time>2026-05-03T15:40:19.999Z</time>
      </trkpt>
      <trkpt lat="50.729756" lon="14.187277">
        <ele>128.862796</ele>
        <time>2026-05-03T15:40:21.999Z</time>
      </trkpt>
      <trkpt lat="50.729659" lon="14.187318">
        <ele>128.803778</ele>
        <time>2026-05-03T15:40:23.999Z</time>
      </trkpt>
      <trkpt lat="50.729562" lon="14.187371">
        <ele>128.743451</ele>
        <time>2026-05-03T15:40:25.999Z</time>
      </trkpt>
      <trkpt lat="50.729462" lon="14.187419">
        <ele>128.682021</ele>
        <time>2026-05-03T15:40:27.999Z</time>
      </trkpt>
      <trkpt lat="50.729365" lon="14.187466">
        <ele>128.622387</ele>
        <time>2026-05-03T15:40:29.999Z</time>
      </trkpt>
      <trkpt lat="50.729262" lon="14.187511">
        <ele>128.559575</ele>
        <time>2026-05-03T15:40:31.999Z</time>
      </trkpt>
      <trkpt lat="50.729162" lon="14.187557">
        <ele>128.498357</ele>
        <time>2026-05-03T15:40:33.999Z</time>
      </trkpt>
      <trkpt lat="50.729059" lon="14.187601">
        <ele>128.435643</ele>
        <time>2026-05-03T15:40:35.999Z</time>
      </trkpt>
      <trkpt lat="50.728956" lon="14.187647">
        <ele>128.372731</ele>
        <time>2026-05-03T15:40:37.999Z</time>
      </trkpt>
      <trkpt lat="50.728855" lon="14.187696">
        <ele>128.310631</ele>
        <time>2026-05-03T15:40:39.999Z</time>
      </trkpt>
      <trkpt lat="50.728753" lon="14.187745">
        <ele>128.247968</ele>
        <time>2026-05-03T15:40:41.999Z</time>
      </trkpt>
      <trkpt lat="50.728651" lon="14.187797">
        <ele>128.184972</ele>
        <time>2026-05-03T15:40:43.999Z</time>
      </trkpt>
      <trkpt lat="50.728547" lon="14.187850">
        <ele>128.120743</ele>
        <time>2026-05-03T15:40:45.999Z</time>
      </trkpt>
      <trkpt lat="50.728443" lon="14.187894">
        <ele>128.057461</ele>
        <time>2026-05-03T15:40:48.000Z</time>
      </trkpt>
      <trkpt lat="50.728337" lon="14.187940">
        <ele>127.992850</ele>
        <time>2026-05-03T15:40:50.000Z</time>
      </trkpt>
      <trkpt lat="50.728234" lon="14.187989">
        <ele>127.963948</ele>
        <time>2026-05-03T15:40:52.000Z</time>
      </trkpt>
      <trkpt lat="50.728136" lon="14.188045">
        <ele>128.055872</ele>
        <time>2026-05-03T15:40:54.000Z</time>
      </trkpt>
      <trkpt lat="50.728030" lon="14.188088">
        <ele>128.152405</ele>
        <time>2026-05-03T15:40:56.000Z</time>
      </trkpt>
      <trkpt lat="50.727924" lon="14.188132">
        <ele>128.249078</ele>
        <time>2026-05-03T15:40:58.000Z</time>
      </trkpt>
      <trkpt lat="50.727823" lon="14.188177">
        <ele>128.341642</ele>
        <time>2026-05-03T15:41:00.000Z</time>
      </trkpt>
      <trkpt lat="50.727722" lon="14.188222">
        <ele>128.434207</ele>
        <time>2026-05-03T15:41:02.000Z</time>
      </trkpt>
      <trkpt lat="50.727624" lon="14.188269">
        <ele>128.524546</ele>
        <time>2026-05-03T15:41:04.000Z</time>
      </trkpt>
      <trkpt lat="50.727524" lon="14.188322">
        <ele>128.617585</ele>
        <time>2026-05-03T15:41:06.000Z</time>
      </trkpt>
      <trkpt lat="50.727426" lon="14.188364">
        <ele>128.707152</ele>
        <time>2026-05-03T15:41:08.000Z</time>
      </trkpt>
      <trkpt lat="50.727327" lon="14.188424">
        <ele>128.800683</ele>
        <time>2026-05-03T15:41:10.000Z</time>
      </trkpt>
      <trkpt lat="50.727227" lon="14.188476">
        <ele>128.893546</ele>
        <time>2026-05-03T15:41:12.000Z</time>
      </trkpt>
      <trkpt lat="50.727127" lon="14.188532">
        <ele>128.987131</ele>
        <time>2026-05-03T15:41:14.000Z</time>
      </trkpt>
      <trkpt lat="50.727027" lon="14.188580">
        <ele>129.079320</ele>
        <time>2026-05-03T15:41:16.000Z</time>
      </trkpt>
      <trkpt lat="50.726926" lon="14.188635">
        <ele>129.173554</ele>
        <time>2026-05-03T15:41:18.000Z</time>
      </trkpt>
      <trkpt lat="50.726824" lon="14.188693">
        <ele>129.269176</ele>
        <time>2026-05-03T15:41:20.000Z</time>
      </trkpt>
      <trkpt lat="50.726721" lon="14.188746">
        <ele>129.364728</ele>
        <time>2026-05-03T15:41:22.000Z</time>
      </trkpt>
      <trkpt lat="50.726618" lon="14.188806">
        <ele>129.461561</ele>
        <time>2026-05-03T15:41:24.000Z</time>
      </trkpt>
      <trkpt lat="50.726514" lon="14.188864">
        <ele>129.532362</ele>
        <time>2026-05-03T15:41:26.000Z</time>
      </trkpt>
      <trkpt lat="50.726411" lon="14.188915">
        <ele>129.540516</ele>
        <time>2026-05-03T15:41:28.000Z</time>
      </trkpt>
      <trkpt lat="50.726304" lon="14.188971">
        <ele>129.549031</ele>
        <time>2026-05-03T15:41:30.000Z</time>
      </trkpt>
      <trkpt lat="50.726201" lon="14.189040">
        <ele>129.557483</ele>
        <time>2026-05-03T15:41:32.000Z</time>
      </trkpt>
      <trkpt lat="50.726100" lon="14.189111">
        <ele>129.565835</ele>
        <time>2026-05-03T15:41:34.000Z</time>
      </trkpt>
      <trkpt lat="50.726005" lon="14.189182">
        <ele>129.573774</ele>
        <time>2026-05-03T15:41:36.000Z</time>
      </trkpt>
      <trkpt lat="50.725910" lon="14.189257">
        <ele>129.581797</ele>
        <time>2026-05-03T15:41:38.000Z</time>
      </trkpt>
      <trkpt lat="50.725815" lon="14.189339">
        <ele>129.589976</ele>
        <time>2026-05-03T15:41:40.000Z</time>
      </trkpt>
      <trkpt lat="50.725726" lon="14.189425">
        <ele>129.597857</ele>
        <time>2026-05-03T15:41:42.000Z</time>
      </trkpt>
      <trkpt lat="50.725635" lon="14.189502">
        <ele>129.605656</ele>
        <time>2026-05-03T15:41:44.000Z</time>
      </trkpt>
      <trkpt lat="50.725542" lon="14.189582">
        <ele>129.613656</ele>
        <time>2026-05-03T15:41:46.000Z</time>
      </trkpt>
      <trkpt lat="50.725450" lon="14.189656">
        <ele>129.621455</ele>
        <time>2026-05-03T15:41:48.000Z</time>
      </trkpt>
      <trkpt lat="50.725354" lon="14.189729">
        <ele>129.629504</ele>
        <time>2026-05-03T15:41:50.000Z</time>
      </trkpt>
      <trkpt lat="50.725256" lon="14.189794">
        <ele>129.637534</ele>
        <time>2026-05-03T15:41:52.000Z</time>
      </trkpt>
      <trkpt lat="50.725155" lon="14.189861">
        <ele>129.645809</ele>
        <time>2026-05-03T15:41:54.000Z</time>
      </trkpt>
      <trkpt lat="50.725054" lon="14.189922">
        <ele>129.653978</ele>
        <time>2026-05-03T15:41:55.999Z</time>
      </trkpt>
      <trkpt lat="50.724950" lon="14.189991">
        <ele>129.662499</ele>
        <time>2026-05-03T15:41:57.999Z</time>
      </trkpt>
      <trkpt lat="50.724849" lon="14.190054">
        <ele>129.691337</ele>
        <time>2026-05-03T15:41:59.999Z</time>
      </trkpt>
      <trkpt lat="50.724753" lon="14.190130">
        <ele>129.733314</ele>
        <time>2026-05-03T15:42:01.999Z</time>
      </trkpt>
      <trkpt lat="50.724651" lon="14.190181">
        <ele>129.775136</ele>
        <time>2026-05-03T15:42:03.999Z</time>
      </trkpt>
      <trkpt lat="50.724627" lon="14.190415">
        <ele>129.833799</ele>
        <time>2026-05-03T15:42:04.999Z</time>
      </trkpt>
      <trkpt lat="50.724520" lon="14.190446">
        <ele>129.876324</ele>
        <time>2026-05-03T15:42:06.999Z</time>
      </trkpt>
      <trkpt lat="50.724420" lon="14.190477">
        <ele>129.916161</ele>
        <time>2026-05-03T15:42:08.999Z</time>
      </trkpt>
      <trkpt lat="50.724328" lon="14.190506">
        <ele>129.952834</ele>
        <time>2026-05-03T15:42:10.999Z</time>
      </trkpt>
      <trkpt lat="50.724236" lon="14.190534">
        <ele>129.989459</ele>
        <time>2026-05-03T15:42:12.999Z</time>
      </trkpt>
      <trkpt lat="50.724135" lon="14.190568">
        <ele>130.029828</ele>
        <time>2026-05-03T15:42:14.999Z</time>
      </trkpt>
      <trkpt lat="50.724041" lon="14.190601">
        <ele>130.067470</ele>
        <time>2026-05-03T15:42:16.999Z</time>
      </trkpt>
      <trkpt lat="50.723943" lon="14.190644">
        <ele>130.107230</ele>
        <time>2026-05-03T15:42:18.999Z</time>
      </trkpt>
      <trkpt lat="50.723845" lon="14.190691">
        <ele>130.147267</ele>
        <time>2026-05-03T15:42:20.999Z</time>
      </trkpt>
      <trkpt lat="50.723717" lon="14.190763">
        <ele>130.200381</ele>
        <time>2026-05-03T15:42:23.999Z</time>
      </trkpt>
      <trkpt lat="50.723596" lon="14.190830">
        <ele>130.250504</ele>
        <time>2026-05-03T15:42:26.999Z</time>
      </trkpt>
      <trkpt lat="50.723504" lon="14.190907">
        <ele>130.291204</ele>
        <time>2026-05-03T15:42:28.999Z</time>
      </trkpt>
      <trkpt lat="50.723433" lon="14.190998">
        <ele>130.326946</ele>
        <time>2026-05-03T15:42:30.999Z</time>
      </trkpt>
      <trkpt lat="50.723358" lon="14.191082">
        <ele>130.362886</ele>
        <time>2026-05-03T15:42:32.999Z</time>
      </trkpt>
      <trkpt lat="50.723286" lon="14.191169">
        <ele>130.368476</ele>
        <time>2026-05-03T15:42:34.999Z</time>
      </trkpt>
      <trkpt lat="50.723209" lon="14.191265">
        <ele>130.367960</ele>
        <time>2026-05-03T15:42:36.999Z</time>
      </trkpt>
      <trkpt lat="50.723143" lon="14.191371">
        <ele>130.367465</ele>
        <time>2026-05-03T15:42:38.999Z</time>
      </trkpt>
      <trkpt lat="50.723067" lon="14.191466">
        <ele>130.366955</ele>
        <time>2026-05-03T15:42:40.999Z</time>
      </trkpt>
      <trkpt lat="50.722994" lon="14.191563">
        <ele>130.366454</ele>
        <time>2026-05-03T15:42:42.999Z</time>
      </trkpt>
      <trkpt lat="50.722925" lon="14.191672">
        <ele>130.365940</ele>
        <time>2026-05-03T15:42:44.999Z</time>
      </trkpt>
      <trkpt lat="50.722854" lon="14.191787">
        <ele>130.365405</ele>
        <time>2026-05-03T15:42:46.999Z</time>
      </trkpt>
      <trkpt lat="50.722756" lon="14.191937">
        <ele>130.364688</ele>
        <time>2026-05-03T15:42:49.999Z</time>
      </trkpt>
      <trkpt lat="50.722662" lon="14.192090">
        <ele>130.363978</ele>
        <time>2026-05-03T15:42:53.000Z</time>
      </trkpt>
      <trkpt lat="50.722597" lon="14.192210">
        <ele>130.363452</ele>
        <time>2026-05-03T15:42:55.000Z</time>
      </trkpt>
      <trkpt lat="50.722532" lon="14.192326">
        <ele>130.362936</ele>
        <time>2026-05-03T15:42:57.000Z</time>
      </trkpt>
      <trkpt lat="50.722472" lon="14.192445">
        <ele>130.362429</ele>
        <time>2026-05-03T15:42:59.000Z</time>
      </trkpt>
      <trkpt lat="50.722407" lon="14.192567">
        <ele>130.361898</ele>
        <time>2026-05-03T15:43:01.000Z</time>
      </trkpt>
      <trkpt lat="50.722342" lon="14.192694">
        <ele>130.361355</ele>
        <time>2026-05-03T15:43:03.000Z</time>
      </trkpt>
      <trkpt lat="50.722274" lon="14.192815">
        <ele>130.360816</ele>
        <time>2026-05-03T15:43:05.000Z</time>
      </trkpt>
      <trkpt lat="50.722206" lon="14.192939">
        <ele>130.360269</ele>
        <time>2026-05-03T15:43:07.000Z</time>
      </trkpt>
      <trkpt lat="50.722139" lon="14.193067">
        <ele>130.359716</ele>
        <time>2026-05-03T15:43:09.000Z</time>
      </trkpt>
      <trkpt lat="50.722068" lon="14.193195">
        <ele>130.306553</ele>
        <time>2026-05-03T15:43:11.000Z</time>
      </trkpt>
      <trkpt lat="50.721995" lon="14.193329">
        <ele>130.187767</ele>
        <time>2026-05-03T15:43:13.000Z</time>
      </trkpt>
      <trkpt lat="50.721927" lon="14.193476">
        <ele>130.065435</ele>
        <time>2026-05-03T15:43:15.000Z</time>
      </trkpt>
      <trkpt lat="50.721852" lon="14.193609">
        <ele>129.945757</ele>
        <time>2026-05-03T15:43:17.000Z</time>
      </trkpt>
      <trkpt lat="50.721770" lon="14.193735">
        <ele>129.824339</ele>
        <time>2026-05-03T15:43:19.000Z</time>
      </trkpt>
      <trkpt lat="50.721688" lon="14.193859">
        <ele>129.703854</ele>
        <time>2026-05-03T15:43:21.000Z</time>
      </trkpt>
      <trkpt lat="50.721597" lon="14.193960">
        <ele>129.585811</ele>
        <time>2026-05-03T15:43:23.000Z</time>
      </trkpt>
      <trkpt lat="50.721506" lon="14.194067">
        <ele>129.465405</ele>
        <time>2026-05-03T15:43:25.000Z</time>
      </trkpt>
      <trkpt lat="50.721403" lon="14.194157">
        <ele>129.340473</ele>
        <time>2026-05-03T15:43:27.000Z</time>
      </trkpt>
      <trkpt lat="50.721298" lon="14.194236">
        <ele>129.217033</ele>
        <time>2026-05-03T15:43:29.000Z</time>
      </trkpt>
      <trkpt lat="50.721192" lon="14.194310">
        <ele>129.094031</ele>
        <time>2026-05-03T15:43:31.000Z</time>
      </trkpt>
      <trkpt lat="50.721087" lon="14.194375">
        <ele>128.974335</ele>
        <time>2026-05-03T15:43:33.000Z</time>
      </trkpt>
      <trkpt lat="50.720975" lon="14.194428">
        <ele>128.850243</ele>
        <time>2026-05-03T15:43:35.000Z</time>
      </trkpt>
      <trkpt lat="50.720869" lon="14.194465">
        <ele>128.735024</ele>
        <time>2026-05-03T15:43:37.000Z</time>
      </trkpt>
      <trkpt lat="50.720758" lon="14.194524">
        <ele>128.610722</ele>
        <time>2026-05-03T15:43:39.000Z</time>
      </trkpt>
      <trkpt lat="50.720639" lon="14.194563">
        <ele>128.481730</ele>
        <time>2026-05-03T15:43:41.000Z</time>
      </trkpt>
      <trkpt lat="50.720511" lon="14.194604">
        <ele>128.436473</ele>
        <time>2026-05-03T15:43:43.000Z</time>
      </trkpt>
      <trkpt lat="50.720396" lon="14.194645">
        <ele>128.420226</ele>
        <time>2026-05-03T15:43:45.000Z</time>
      </trkpt>
      <trkpt lat="50.720275" lon="14.194693">
        <ele>128.403033</ele>
        <time>2026-05-03T15:43:47.000Z</time>
      </trkpt>
      <trkpt lat="50.720154" lon="14.194742">
        <ele>128.385818</ele>
        <time>2026-05-03T15:43:49.000Z</time>
      </trkpt>
      <trkpt lat="50.720040" lon="14.194777">
        <ele>128.369813</ele>
        <time>2026-05-03T15:43:51.000Z</time>
      </trkpt>
      <trkpt lat="50.719934" lon="14.194785">
        <ele>128.355188</ele>
        <time>2026-05-03T15:43:53.000Z</time>
      </trkpt>
      <trkpt lat="50.719817" lon="14.194796">
        <ele>128.339035</ele>
        <time>2026-05-03T15:43:55.000Z</time>
      </trkpt>
      <trkpt lat="50.719707" lon="14.194785">
        <ele>128.323845</ele>
        <time>2026-05-03T15:43:57.000Z</time>
      </trkpt>
      <trkpt lat="50.719595" lon="14.194786">
        <ele>128.308410</ele>
        <time>2026-05-03T15:43:59.000Z</time>
      </trkpt>
      <trkpt lat="50.719486" lon="14.194798">
        <ele>128.293352</ele>
        <time>2026-05-03T15:44:01.000Z</time>
      </trkpt>
      <trkpt lat="50.719383" lon="14.194776">
        <ele>128.279028</ele>
        <time>2026-05-03T15:44:03.000Z</time>
      </trkpt>
      <trkpt lat="50.719266" lon="14.194811">
        <ele>128.262617</ele>
        <time>2026-05-03T15:44:05.000Z</time>
      </trkpt>
      <trkpt lat="50.719159" lon="14.194807">
        <ele>128.247867</ele>
        <time>2026-05-03T15:44:07.000Z</time>
      </trkpt>
      <trkpt lat="50.719047" lon="14.194820">
        <ele>128.232390</ele>
        <time>2026-05-03T15:44:09.000Z</time>
      </trkpt>
      <trkpt lat="50.718948" lon="14.194806">
        <ele>128.218692</ele>
        <time>2026-05-03T15:44:10.999Z</time>
      </trkpt>
      <trkpt lat="50.718839" lon="14.194827">
        <ele>128.203559</ele>
        <time>2026-05-03T15:44:12.999Z</time>
      </trkpt>
      <trkpt lat="50.718738" lon="14.194839">
        <ele>128.099709</ele>
        <time>2026-05-03T15:44:14.999Z</time>
      </trkpt>
      <trkpt lat="50.718597" lon="14.194863">
        <ele>127.944257</ele>
        <time>2026-05-03T15:44:16.999Z</time>
      </trkpt>
      <trkpt lat="50.718469" lon="14.194888">
        <ele>127.802881</ele>
        <time>2026-05-03T15:44:19.999Z</time>
      </trkpt>
      <trkpt lat="50.718374" lon="14.194907">
        <ele>127.697916</ele>
        <time>2026-05-03T15:44:21.999Z</time>
      </trkpt>
      <trkpt lat="50.718282" lon="14.194926">
        <ele>127.596211</ele>
        <time>2026-05-03T15:44:23.999Z</time>
      </trkpt>
      <trkpt lat="50.718190" lon="14.194947">
        <ele>127.494318</ele>
        <time>2026-05-03T15:44:25.999Z</time>
      </trkpt>
      <trkpt lat="50.718087" lon="14.194970">
        <ele>127.380292</ele>
        <time>2026-05-03T15:44:27.999Z</time>
      </trkpt>
      <trkpt lat="50.717989" lon="14.194993">
        <ele>127.271690</ele>
        <time>2026-05-03T15:44:29.999Z</time>
      </trkpt>
      <trkpt lat="50.717851" lon="14.195027">
        <ele>127.118591</ele>
        <time>2026-05-03T15:44:32.999Z</time>
      </trkpt>
      <trkpt lat="50.717755" lon="14.195053">
        <ele>127.011825</ele>
        <time>2026-05-03T15:44:34.999Z</time>
      </trkpt>
      <trkpt lat="50.717661" lon="14.195080">
        <ele>126.907097</ele>
        <time>2026-05-03T15:44:36.999Z</time>
      </trkpt>
      <trkpt lat="50.717559" lon="14.195110">
        <ele>126.793368</ele>
        <time>2026-05-03T15:44:38.999Z</time>
      </trkpt>
      <trkpt lat="50.717457" lon="14.195141">
        <ele>126.679509</ele>
        <time>2026-05-03T15:44:40.999Z</time>
      </trkpt>
      <trkpt lat="50.717352" lon="14.195172">
        <ele>126.562420</ele>
        <time>2026-05-03T15:44:42.999Z</time>
      </trkpt>
      <trkpt lat="50.717253" lon="14.195204">
        <ele>126.451652</ele>
        <time>2026-05-03T15:44:44.999Z</time>
      </trkpt>
      <trkpt lat="50.717152" lon="14.195237">
        <ele>126.338596</ele>
        <time>2026-05-03T15:44:46.999Z</time>
      </trkpt>
      <trkpt lat="50.717051" lon="14.195272">
        <ele>126.233501</ele>
        <time>2026-05-03T15:44:48.999Z</time>
      </trkpt>
      <trkpt lat="50.716945" lon="14.195310">
        <ele>126.287013</ele>
        <time>2026-05-03T15:44:50.999Z</time>
      </trkpt>
      <trkpt lat="50.716838" lon="14.195349">
        <ele>126.341074</ele>
        <time>2026-05-03T15:44:52.999Z</time>
      </trkpt>
      <trkpt lat="50.716730" lon="14.195388">
        <ele>126.395615</ele>
        <time>2026-05-03T15:44:54.999Z</time>
      </trkpt>
      <trkpt lat="50.716620" lon="14.195426">
        <ele>126.451048</ele>
        <time>2026-05-03T15:44:56.999Z</time>
      </trkpt>
      <trkpt lat="50.716514" lon="14.195463">
        <ele>126.504492</ele>
        <time>2026-05-03T15:44:59.000Z</time>
      </trkpt>
      <trkpt lat="50.716398" lon="14.195504">
        <ele>126.563011</ele>
        <time>2026-05-03T15:45:01.000Z</time>
      </trkpt>
      <trkpt lat="50.716306" lon="14.195536">
        <ele>126.609389</ele>
        <time>2026-05-03T15:45:03.000Z</time>
      </trkpt>
      <trkpt lat="50.716209" lon="14.195572">
        <ele>126.658443</ele>
        <time>2026-05-03T15:45:05.000Z</time>
      </trkpt>
      <trkpt lat="50.716122" lon="14.195605">
        <ele>126.702491</ele>
        <time>2026-05-03T15:45:07.000Z</time>
      </trkpt>
      <trkpt lat="50.716004" lon="14.195642">
        <ele>126.761717</ele>
        <time>2026-05-03T15:45:10.000Z</time>
      </trkpt>
      <trkpt lat="50.715896" lon="14.195680">
        <ele>126.816189</ele>
        <time>2026-05-03T15:45:13.000Z</time>
      </trkpt>
      <trkpt lat="50.715790" lon="14.195739">
        <ele>126.871519</ele>
        <time>2026-05-03T15:45:16.000Z</time>
      </trkpt>
      <trkpt lat="50.715703" lon="14.195809">
        <ele>126.919587</ele>
        <time>2026-05-03T15:45:19.000Z</time>
      </trkpt>
      <trkpt lat="50.715587" lon="14.195878">
        <ele>126.980611</ele>
        <time>2026-05-03T15:45:22.000Z</time>
      </trkpt>
      <trkpt lat="50.715472" lon="14.195970">
        <ele>127.044074</ele>
        <time>2026-05-03T15:45:25.000Z</time>
      </trkpt>
      <trkpt lat="50.715397" lon="14.196052">
        <ele>127.088981</ele>
        <time>2026-05-03T15:45:27.000Z</time>
      </trkpt>
      <trkpt lat="50.715316" lon="14.196192">
        <ele>127.143062</ele>
        <time>2026-05-03T15:45:30.000Z</time>
      </trkpt>
      <trkpt lat="50.715258" lon="14.196318">
        <ele>127.183902</ele>
        <time>2026-05-03T15:45:33.000Z</time>
      </trkpt>
      <trkpt lat="50.715211" lon="14.196457">
        <ele>127.225214</ele>
        <time>2026-05-03T15:45:36.000Z</time>
      </trkpt>
      <trkpt lat="50.714836" lon="14.196367">
        <ele>127.382266</ele>
        <time>2026-05-03T15:45:40.000Z</time>
      </trkpt>
      <trkpt lat="50.714726" lon="14.196464">
        <ele>127.434430</ele>
        <time>2026-05-03T15:45:43.000Z</time>
      </trkpt>
      <trkpt lat="50.714642" lon="14.196524">
        <ele>127.472602</ele>
        <time>2026-05-03T15:45:45.000Z</time>
      </trkpt>
      <trkpt lat="50.714568" lon="14.196610">
        <ele>127.510644</ele>
        <time>2026-05-03T15:45:47.000Z</time>
      </trkpt>
      <trkpt lat="50.714451" lon="14.196683">
        <ele>127.562731</ele>
        <time>2026-05-03T15:45:50.000Z</time>
      </trkpt>
      <trkpt lat="50.714365" lon="14.196735">
        <ele>127.600860</ele>
        <time>2026-05-03T15:45:52.000Z</time>
      </trkpt>
      <trkpt lat="50.714269" lon="14.196800">
        <ele>127.644108</ele>
        <time>2026-05-03T15:45:54.000Z</time>
      </trkpt>
      <trkpt lat="50.714246" lon="14.197026">
        <ele>127.704120</ele>
        <time>2026-05-03T15:45:55.000Z</time>
      </trkpt>
      <trkpt lat="50.714114" lon="14.197062">
        <ele>127.759584</ele>
        <time>2026-05-03T15:45:58.000Z</time>
      </trkpt>
      <trkpt lat="50.714026" lon="14.197094">
        <ele>127.796974</ele>
        <time>2026-05-03T15:46:00.000Z</time>
      </trkpt>
      <trkpt lat="50.713938" lon="14.197131">
        <ele>127.834679</ele>
        <time>2026-05-03T15:46:02.000Z</time>
      </trkpt>
      <trkpt lat="50.713843" lon="14.197172">
        <ele>127.876087</ele>
        <time>2026-05-03T15:46:04.000Z</time>
      </trkpt>
      <trkpt lat="50.713724" lon="14.197219">
        <ele>127.929116</ele>
        <time>2026-05-03T15:46:06.000Z</time>
      </trkpt>
      <trkpt lat="50.713591" lon="14.197266">
        <ele>127.988034</ele>
        <time>2026-05-03T15:46:09.000Z</time>
      </trkpt>
      <trkpt lat="50.713493" lon="14.197301">
        <ele>128.031470</ele>
        <time>2026-05-03T15:46:11.000Z</time>
      </trkpt>
      <trkpt lat="50.713397" lon="14.197336">
        <ele>128.074063</ele>
        <time>2026-05-03T15:46:13.000Z</time>
      </trkpt>
      <trkpt lat="50.713299" lon="14.197370">
        <ele>128.117439</ele>
        <time>2026-05-03T15:46:15.000Z</time>
      </trkpt>
      <trkpt lat="50.713198" lon="14.197403">
        <ele>128.162026</ele>
        <time>2026-05-03T15:46:16.999Z</time>
      </trkpt>
      <trkpt lat="50.713093" lon="14.197430">
        <ele>128.208016</ele>
        <time>2026-05-03T15:46:18.999Z</time>
      </trkpt>
      <trkpt lat="50.712994" lon="14.197449">
        <ele>128.251129</ele>
        <time>2026-05-03T15:46:20.999Z</time>
      </trkpt>
      <trkpt lat="50.712896" lon="14.197462">
        <ele>128.293644</ele>
        <time>2026-05-03T15:46:22.999Z</time>
      </trkpt>
      <trkpt lat="50.712804" lon="14.197471">
        <ele>128.333492</ele>
        <time>2026-05-03T15:46:24.999Z</time>
      </trkpt>
      <trkpt lat="50.712708" lon="14.197475">
        <ele>128.375008</ele>
        <time>2026-05-03T15:46:26.999Z</time>
      </trkpt>
      <trkpt lat="50.712560" lon="14.197475">
        <ele>128.438989</ele>
        <time>2026-05-03T15:46:29.999Z</time>
      </trkpt>
      <trkpt lat="50.712457" lon="14.197472">
        <ele>128.483524</ele>
        <time>2026-05-03T15:46:31.999Z</time>
      </trkpt>
      <trkpt lat="50.712356" lon="14.197468">
        <ele>128.527200</ele>
        <time>2026-05-03T15:46:33.999Z</time>
      </trkpt>
      <trkpt lat="50.712250" lon="14.197464">
        <ele>128.573038</ele>
        <time>2026-05-03T15:46:35.999Z</time>
      </trkpt>
      <trkpt lat="50.712143" lon="14.197459">
        <ele>128.619315</ele>
        <time>2026-05-03T15:46:37.999Z</time>
      </trkpt>
      <trkpt lat="50.712040" lon="14.197453">
        <ele>128.620133</ele>
        <time>2026-05-03T15:46:39.999Z</time>
      </trkpt>
      <trkpt lat="50.711932" lon="14.197447">
        <ele>128.585619</ele>
        <time>2026-05-03T15:46:41.999Z</time>
      </trkpt>
      <trkpt lat="50.711832" lon="14.197440">
        <ele>128.553650</ele>
        <time>2026-05-03T15:46:43.999Z</time>
      </trkpt>
      <trkpt lat="50.711732" lon="14.197433">
        <ele>128.521681</ele>
        <time>2026-05-03T15:46:45.999Z</time>
      </trkpt>
      <trkpt lat="50.711638" lon="14.197421">
        <ele>128.491562</ele>
        <time>2026-05-03T15:46:47.999Z</time>
      </trkpt>
      <trkpt lat="50.711521" lon="14.197400">
        <ele>128.453954</ele>
        <time>2026-05-03T15:46:50.999Z</time>
      </trkpt>
      <trkpt lat="50.711398" lon="14.197380">
        <ele>128.414463</ele>
        <time>2026-05-03T15:46:53.999Z</time>
      </trkpt>
      <trkpt lat="50.711293" lon="14.197365">
        <ele>128.380792</ele>
        <time>2026-05-03T15:46:56.999Z</time>
      </trkpt>
      <trkpt lat="50.711189" lon="14.197347">
        <ele>128.347378</ele>
        <time>2026-05-03T15:46:59.999Z</time>
      </trkpt>
      <trkpt lat="50.711082" lon="14.197329">
        <ele>128.313011</ele>
        <time>2026-05-03T15:47:02.999Z</time>
      </trkpt>
      <trkpt lat="50.710970" lon="14.197293">
        <ele>128.276508</ele>
        <time>2026-05-03T15:47:06.000Z</time>
      </trkpt>
      <trkpt lat="50.710852" lon="14.197303">
        <ele>128.238767</ele>
        <time>2026-05-03T15:47:09.000Z</time>
      </trkpt>
      <trkpt lat="50.710762" lon="14.197292">
        <ele>128.209937</ele>
        <time>2026-05-03T15:47:11.000Z</time>
      </trkpt>
      <trkpt lat="50.710667" lon="14.197288">
        <ele>128.179586</ele>
        <time>2026-05-03T15:47:13.000Z</time>
      </trkpt>
      <trkpt lat="50.710566" lon="14.197289">
        <ele>128.147328</ele>
        <time>2026-05-03T15:47:15.000Z</time>
      </trkpt>
      <trkpt lat="50.710459" lon="14.197296">
        <ele>128.113126</ele>
        <time>2026-05-03T15:47:17.000Z</time>
      </trkpt>
      <trkpt lat="50.710347" lon="14.197297">
        <ele>128.077355</ele>
        <time>2026-05-03T15:47:19.000Z</time>
      </trkpt>
      <trkpt lat="50.710240" lon="14.197304">
        <ele>128.045720</ele>
        <time>2026-05-03T15:47:21.000Z</time>
      </trkpt>
      <trkpt lat="50.710136" lon="14.197307">
        <ele>128.016537</ele>
        <time>2026-05-03T15:47:23.000Z</time>
      </trkpt>
      <trkpt lat="50.710029" lon="14.197306">
        <ele>127.986517</ele>
        <time>2026-05-03T15:47:25.000Z</time>
      </trkpt>
      <trkpt lat="50.709923" lon="14.197312">
        <ele>127.956759</ele>
        <time>2026-05-03T15:47:27.000Z</time>
      </trkpt>
      <trkpt lat="50.709818" lon="14.197312">
        <ele>127.927300</ele>
        <time>2026-05-03T15:47:29.000Z</time>
      </trkpt>
      <trkpt lat="50.709712" lon="14.197312">
        <ele>127.897561</ele>
        <time>2026-05-03T15:47:31.000Z</time>
      </trkpt>
      <trkpt lat="50.709608" lon="14.197316">
        <ele>127.868375</ele>
        <time>2026-05-03T15:47:33.000Z</time>
      </trkpt>
      <trkpt lat="50.709505" lon="14.197322">
        <ele>127.839458</ele>
        <time>2026-05-03T15:47:35.000Z</time>
      </trkpt>
      <trkpt lat="50.709405" lon="14.197323">
        <ele>127.811402</ele>
        <time>2026-05-03T15:47:37.000Z</time>
      </trkpt>
      <trkpt lat="50.709295" lon="14.197323">
        <ele>127.780540</ele>
        <time>2026-05-03T15:47:39.000Z</time>
      </trkpt>
      <trkpt lat="50.709193" lon="14.197332">
        <ele>127.751879</ele>
        <time>2026-05-03T15:47:41.000Z</time>
      </trkpt>
      <trkpt lat="50.709087" lon="14.197333">
        <ele>127.722140</ele>
        <time>2026-05-03T15:47:43.000Z</time>
      </trkpt>
      <trkpt lat="50.708987" lon="14.197356">
        <ele>127.693788</ele>
        <time>2026-05-03T15:47:45.000Z</time>
      </trkpt>
      <trkpt lat="50.708874" lon="14.197343">
        <ele>127.662001</ele>
        <time>2026-05-03T15:47:47.000Z</time>
      </trkpt>
      <trkpt lat="50.708770" lon="14.197347">
        <ele>127.632814</ele>
        <time>2026-05-03T15:47:49.000Z</time>
      </trkpt>
      <trkpt lat="50.708659" lon="14.197358">
        <ele>127.601611</ele>
        <time>2026-05-03T15:47:51.000Z</time>
      </trkpt>
      <trkpt lat="50.708555" lon="14.197359">
        <ele>127.572433</ele>
        <time>2026-05-03T15:47:53.000Z</time>
      </trkpt>
      <trkpt lat="50.708441" lon="14.197378">
        <ele>127.544280</ele>
        <time>2026-05-03T15:47:55.000Z</time>
      </trkpt>
      <trkpt lat="50.708337" lon="14.197376">
        <ele>127.521135</ele>
        <time>2026-05-03T15:47:57.000Z</time>
      </trkpt>
      <trkpt lat="50.708232" lon="14.197384">
        <ele>127.497742</ele>
        <time>2026-05-03T15:47:59.000Z</time>
      </trkpt>
      <trkpt lat="50.708123" lon="14.197395">
        <ele>127.473436</ele>
        <time>2026-05-03T15:48:01.000Z</time>
      </trkpt>
      <trkpt lat="50.708015" lon="14.197402">
        <ele>127.449382</ele>
        <time>2026-05-03T15:48:03.000Z</time>
      </trkpt>
      <trkpt lat="50.707906" lon="14.197414">
        <ele>127.425067</ele>
        <time>2026-05-03T15:48:05.000Z</time>
      </trkpt>
      <trkpt lat="50.707801" lon="14.197428">
        <ele>127.401618</ele>
        <time>2026-05-03T15:48:07.000Z</time>
      </trkpt>
      <trkpt lat="50.707696" lon="14.197444">
        <ele>127.378143</ele>
        <time>2026-05-03T15:48:09.000Z</time>
      </trkpt>
      <trkpt lat="50.707594" lon="14.197451">
        <ele>127.355423</ele>
        <time>2026-05-03T15:48:11.000Z</time>
      </trkpt>
      <trkpt lat="50.707478" lon="14.197487">
        <ele>127.329115</ele>
        <time>2026-05-03T15:48:13.000Z</time>
      </trkpt>
      <trkpt lat="50.707359" lon="14.197507">
        <ele>127.302484</ele>
        <time>2026-05-03T15:48:16.000Z</time>
      </trkpt>
      <trkpt lat="50.707234" lon="14.197524">
        <ele>127.274565</ele>
        <time>2026-05-03T15:48:18.999Z</time>
      </trkpt>
      <trkpt lat="50.707110" lon="14.197559">
        <ele>127.246533</ele>
        <time>2026-05-03T15:48:21.999Z</time>
      </trkpt>
      <trkpt lat="50.706980" lon="14.197585">
        <ele>127.217373</ele>
        <time>2026-05-03T15:48:24.999Z</time>
      </trkpt>
      <trkpt lat="50.706855" lon="14.197610">
        <ele>127.189334</ele>
        <time>2026-05-03T15:48:27.999Z</time>
      </trkpt>
      <trkpt lat="50.706753" lon="14.197611">
        <ele>127.166635</ele>
        <time>2026-05-03T15:48:30.999Z</time>
      </trkpt>
      <trkpt lat="50.706595" lon="14.197686">
        <ele>127.168638</ele>
        <time>2026-05-03T15:48:33.999Z</time>
      </trkpt>
      <trkpt lat="50.706461" lon="14.197710">
        <ele>127.178051</ele>
        <time>2026-05-03T15:48:36.999Z</time>
      </trkpt>
      <trkpt lat="50.706371" lon="14.197718">
        <ele>127.184343</ele>
        <time>2026-05-03T15:48:38.999Z</time>
      </trkpt>
      <trkpt lat="50.706235" lon="14.197750">
        <ele>127.193941</ele>
        <time>2026-05-03T15:48:41.999Z</time>
      </trkpt>
      <trkpt lat="50.706104" lon="14.197763">
        <ele>127.203103</ele>
        <time>2026-05-03T15:48:44.999Z</time>
      </trkpt>
      <trkpt lat="50.705983" lon="14.197781">
        <ele>127.211586</ele>
        <time>2026-05-03T15:48:47.999Z</time>
      </trkpt>
      <trkpt lat="50.705857" lon="14.197792">
        <ele>127.220394</ele>
        <time>2026-05-03T15:48:50.999Z</time>
      </trkpt>
      <trkpt lat="50.705736" lon="14.197803">
        <ele>127.228854</ele>
        <time>2026-05-03T15:48:53.999Z</time>
      </trkpt>
      <trkpt lat="50.705611" lon="14.197815">
        <ele>127.237595</ele>
        <time>2026-05-03T15:48:56.999Z</time>
      </trkpt>
      <trkpt lat="50.705487" lon="14.197819">
        <ele>127.246252</ele>
        <time>2026-05-03T15:48:59.999Z</time>
      </trkpt>
      <trkpt lat="50.705362" lon="14.197855">
        <ele>127.255121</ele>
        <time>2026-05-03T15:49:02.999Z</time>
      </trkpt>
      <trkpt lat="50.705241" lon="14.197871">
        <ele>127.263596</ele>
        <time>2026-05-03T15:49:05.999Z</time>
      </trkpt>
      <trkpt lat="50.705115" lon="14.197888">
        <ele>127.272423</ele>
        <time>2026-05-03T15:49:08.999Z</time>
      </trkpt>
      <trkpt lat="50.704987" lon="14.197909">
        <ele>127.281405</ele>
        <time>2026-05-03T15:49:12.000Z</time>
      </trkpt>
      <trkpt lat="50.704898" lon="14.197924">
        <ele>127.322928</ele>
        <time>2026-05-03T15:49:14.000Z</time>
      </trkpt>
      <trkpt lat="50.704808" lon="14.197942">
        <ele>127.411553</ele>
        <time>2026-05-03T15:49:16.000Z</time>
      </trkpt>
      <trkpt lat="50.704683" lon="14.197974">
        <ele>127.535262</ele>
        <time>2026-05-03T15:49:19.000Z</time>
      </trkpt>
      <trkpt lat="50.704564" lon="14.198015">
        <ele>127.654250</ele>
        <time>2026-05-03T15:49:22.000Z</time>
      </trkpt>
      <trkpt lat="50.704448" lon="14.198072">
        <ele>127.772932</ele>
        <time>2026-05-03T15:49:25.000Z</time>
      </trkpt>
      <trkpt lat="50.704331" lon="14.198144">
        <ele>127.895605</ele>
        <time>2026-05-03T15:49:28.000Z</time>
      </trkpt>
      <trkpt lat="50.704209" lon="14.198227">
        <ele>128.025380</ele>
        <time>2026-05-03T15:49:31.000Z</time>
      </trkpt>
      <trkpt lat="50.704118" lon="14.198290">
        <ele>128.122449</ele>
        <time>2026-05-03T15:49:33.000Z</time>
      </trkpt>
      <trkpt lat="50.702897" lon="14.199166">
        <ele>129.737561</ele>
        <time>2026-05-03T15:50:09.000Z</time>
      </trkpt>
      <trkpt lat="50.702768" lon="14.199256">
        <ele>129.982908</ele>
        <time>2026-05-03T15:50:12.000Z</time>
      </trkpt>
      <trkpt lat="50.702655" lon="14.199330">
        <ele>130.195727</ele>
        <time>2026-05-03T15:50:14.999Z</time>
      </trkpt>
      <trkpt lat="50.702525" lon="14.199415">
        <ele>130.440506</ele>
        <time>2026-05-03T15:50:17.999Z</time>
      </trkpt>
      <trkpt lat="50.702432" lon="14.199473">
        <ele>130.614457</ele>
        <time>2026-05-03T15:50:19.999Z</time>
      </trkpt>
      <trkpt lat="50.702299" lon="14.199557">
        <ele>130.863655</ele>
        <time>2026-05-03T15:50:22.999Z</time>
      </trkpt>
      <trkpt lat="50.702208" lon="14.199613">
        <ele>131.033563</ele>
        <time>2026-05-03T15:50:24.999Z</time>
      </trkpt>
      <trkpt lat="50.702120" lon="14.199667">
        <ele>131.197808</ele>
        <time>2026-05-03T15:50:26.999Z</time>
      </trkpt>
      <trkpt lat="50.702033" lon="14.199721">
        <ele>131.360432</ele>
        <time>2026-05-03T15:50:28.999Z</time>
      </trkpt>
      <trkpt lat="50.701939" lon="14.199775">
        <ele>131.534447</ele>
        <time>2026-05-03T15:50:30.999Z</time>
      </trkpt>
      <trkpt lat="50.701850" lon="14.199826">
        <ele>131.699158</ele>
        <time>2026-05-03T15:50:32.999Z</time>
      </trkpt>
      <trkpt lat="50.701761" lon="14.199876">
        <ele>131.863497</ele>
        <time>2026-05-03T15:50:34.999Z</time>
      </trkpt>
      <trkpt lat="50.701671" lon="14.199928">
        <ele>132.030219</ele>
        <time>2026-05-03T15:50:36.999Z</time>
      </trkpt>
      <trkpt lat="50.701544" lon="14.199999">
        <ele>132.135794</ele>
        <time>2026-05-03T15:50:39.999Z</time>
      </trkpt>
      <trkpt lat="50.701413" lon="14.200072">
        <ele>132.044640</ele>
        <time>2026-05-03T15:50:42.999Z</time>
      </trkpt>
      <trkpt lat="50.701326" lon="14.200122">
        <ele>131.983890</ele>
        <time>2026-05-03T15:50:44.999Z</time>
      </trkpt>
      <trkpt lat="50.701238" lon="14.200170">
        <ele>131.922799</ele>
        <time>2026-05-03T15:50:46.999Z</time>
      </trkpt>
      <trkpt lat="50.701151" lon="14.200218">
        <ele>131.862328</ele>
        <time>2026-05-03T15:50:48.999Z</time>
      </trkpt>
      <trkpt lat="50.701058" lon="14.200266">
        <ele>131.798127</ele>
        <time>2026-05-03T15:50:50.999Z</time>
      </trkpt>
      <trkpt lat="50.700963" lon="14.200314">
        <ele>131.732678</ele>
        <time>2026-05-03T15:50:52.999Z</time>
      </trkpt>
      <trkpt lat="50.700867" lon="14.200361">
        <ele>131.666728</ele>
        <time>2026-05-03T15:50:54.999Z</time>
      </trkpt>
      <trkpt lat="50.700764" lon="14.200410">
        <ele>131.596142</ele>
        <time>2026-05-03T15:50:56.999Z</time>
      </trkpt>
      <trkpt lat="50.700669" lon="14.200455">
        <ele>131.531062</ele>
        <time>2026-05-03T15:50:58.999Z</time>
      </trkpt>
      <trkpt lat="50.700569" lon="14.200502">
        <ele>131.462600</ele>
        <time>2026-05-03T15:51:00.999Z</time>
      </trkpt>
      <trkpt lat="50.700474" lon="14.200547">
        <ele>131.397520</ele>
        <time>2026-05-03T15:51:02.999Z</time>
      </trkpt>
      <trkpt lat="50.700381" lon="14.200591">
        <ele>131.333816</ele>
        <time>2026-05-03T15:51:04.999Z</time>
      </trkpt>
      <trkpt lat="50.700287" lon="14.200635">
        <ele>131.269483</ele>
        <time>2026-05-03T15:51:06.999Z</time>
      </trkpt>
      <trkpt lat="50.700197" lon="14.200676">
        <ele>131.208020</ele>
        <time>2026-05-03T15:51:08.999Z</time>
      </trkpt>
      <trkpt lat="50.700102" lon="14.200719">
        <ele>131.143174</ele>
        <time>2026-05-03T15:51:10.999Z</time>
      </trkpt>
      <trkpt lat="50.700009" lon="14.200761">
        <ele>131.079703</ele>
        <time>2026-05-03T15:51:12.999Z</time>
      </trkpt>
      <trkpt lat="50.699915" lon="14.200803">
        <ele>131.015602</ele>
        <time>2026-05-03T15:51:14.999Z</time>
      </trkpt>
      <trkpt lat="50.699822" lon="14.200844">
        <ele>130.946824</ele>
        <time>2026-05-03T15:51:17.000Z</time>
      </trkpt>
      <trkpt lat="50.699721" lon="14.200890">
        <ele>130.868171</ele>
        <time>2026-05-03T15:51:19.000Z</time>
      </trkpt>
      <trkpt lat="50.699617" lon="14.200935">
        <ele>130.787486</ele>
        <time>2026-05-03T15:51:21.000Z</time>
      </trkpt>
      <trkpt lat="50.699515" lon="14.200977">
        <ele>130.708613</ele>
        <time>2026-05-03T15:51:23.000Z</time>
      </trkpt>
      <trkpt lat="50.699417" lon="14.201017">
        <ele>130.632876</ele>
        <time>2026-05-03T15:51:25.000Z</time>
      </trkpt>
      <trkpt lat="50.699317" lon="14.201053">
        <ele>130.556132</ele>
        <time>2026-05-03T15:51:27.000Z</time>
      </trkpt>
      <trkpt lat="50.699217" lon="14.201089">
        <ele>130.479388</ele>
        <time>2026-05-03T15:51:29.000Z</time>
      </trkpt>
      <trkpt lat="50.699119" lon="14.201124">
        <ele>130.404209</ele>
        <time>2026-05-03T15:51:31.000Z</time>
      </trkpt>
      <trkpt lat="50.699022" lon="14.201159">
        <ele>130.329759</ele>
        <time>2026-05-03T15:51:33.000Z</time>
      </trkpt>
      <trkpt lat="50.698927" lon="14.201193">
        <ele>130.256873</ele>
        <time>2026-05-03T15:51:35.000Z</time>
      </trkpt>
      <trkpt lat="50.698833" lon="14.201228">
        <ele>130.184610</ele>
        <time>2026-05-03T15:51:37.000Z</time>
      </trkpt>
      <trkpt lat="50.698739" lon="14.201261">
        <ele>130.112558</ele>
        <time>2026-05-03T15:51:39.000Z</time>
      </trkpt>
      <trkpt lat="50.698643" lon="14.201295">
        <ele>130.038943</ele>
        <time>2026-05-03T15:51:41.000Z</time>
      </trkpt>
      <trkpt lat="50.698548" lon="14.201329">
        <ele>129.966057</ele>
        <time>2026-05-03T15:51:43.000Z</time>
      </trkpt>
      <trkpt lat="50.698448" lon="14.201362">
        <ele>129.889617</ele>
        <time>2026-05-03T15:51:45.000Z</time>
      </trkpt>
      <trkpt lat="50.698348" lon="14.201393">
        <ele>129.813365</ele>
        <time>2026-05-03T15:51:47.000Z</time>
      </trkpt>
      <trkpt lat="50.698248" lon="14.201421">
        <ele>129.737374</ele>
        <time>2026-05-03T15:51:49.000Z</time>
      </trkpt>
      <trkpt lat="50.698144" lon="14.201449">
        <ele>129.658435</ele>
        <time>2026-05-03T15:51:51.000Z</time>
      </trkpt>
      <trkpt lat="50.698044" lon="14.201476">
        <ele>129.933453</ele>
        <time>2026-05-03T15:51:53.000Z</time>
      </trkpt>
      <trkpt lat="50.697941" lon="14.201504">
        <ele>130.294036</ele>
        <time>2026-05-03T15:51:55.000Z</time>
      </trkpt>
      <trkpt lat="50.697847" lon="14.201530">
        <ele>130.623279</ele>
        <time>2026-05-03T15:51:57.000Z</time>
      </trkpt>
      <trkpt lat="50.697750" lon="14.201558">
        <ele>130.963480</ele>
        <time>2026-05-03T15:51:59.000Z</time>
      </trkpt>
      <trkpt lat="50.697652" lon="14.201588">
        <ele>131.307881</ele>
        <time>2026-05-03T15:52:01.000Z</time>
      </trkpt>
      <trkpt lat="50.697524" lon="14.201631">
        <ele>131.759372</ele>
        <time>2026-05-03T15:52:04.000Z</time>
      </trkpt>
      <trkpt lat="50.697404" lon="14.201680">
        <ele>132.186999</ele>
        <time>2026-05-03T15:52:07.000Z</time>
      </trkpt>
      <trkpt lat="50.697287" lon="14.201734">
        <ele>132.607549</ele>
        <time>2026-05-03T15:52:10.000Z</time>
      </trkpt>
      <trkpt lat="50.697201" lon="14.201779">
        <ele>132.920124</ele>
        <time>2026-05-03T15:52:12.000Z</time>
      </trkpt>
      <trkpt lat="50.697097" lon="14.201834">
        <ele>133.298523</ele>
        <time>2026-05-03T15:52:15.000Z</time>
      </trkpt>
      <trkpt lat="50.697016" lon="14.202627">
        <ele>135.053871</ele>
        <time>2026-05-03T16:00:11.000Z</time>
      </trkpt>
      <trkpt lat="50.696816" lon="14.202134">
        <ele>137.001800</ele>
        <time>2026-05-03T16:00:15.000Z</time>
      </trkpt>
      <trkpt lat="50.697010" lon="14.202769">
        <ele>140.675805</ele>
        <time>2026-05-03T16:00:16.000Z</time>
      </trkpt>
      <trkpt lat="50.697011" lon="14.202922">
        <ele>141.473180</ele>
        <time>2026-05-03T16:00:21.000Z</time>
      </trkpt>
      <trkpt lat="50.697039" lon="14.203067">
        <ele>142.263156</ele>
        <time>2026-05-03T16:00:26.000Z</time>
      </trkpt>
      <trkpt lat="50.697028" lon="14.203209">
        <ele>143.008678</ele>
        <time>2026-05-03T16:00:32.000Z</time>
      </trkpt>
      <trkpt lat="50.697011" lon="14.203375">
        <ele>143.884991</ele>
        <time>2026-05-03T16:00:38.000Z</time>
      </trkpt>
      <trkpt lat="50.696978" lon="14.203525">
        <ele>144.712497</ele>
        <time>2026-05-03T16:00:43.000Z</time>
      </trkpt>
      <trkpt lat="50.696936" lon="14.203663">
        <ele>145.510368</ele>
        <time>2026-05-03T16:00:49.000Z</time>
      </trkpt>
      <trkpt lat="50.696886" lon="14.203786">
        <ele>146.272007</ele>
        <time>2026-05-03T16:00:55.999Z</time>
      </trkpt>
      <trkpt lat="50.696810" lon="14.203887">
        <ele>147.089323</ele>
        <time>2026-05-03T16:01:03.999Z</time>
      </trkpt>
      <trkpt lat="50.696733" lon="14.204000">
        <ele>147.954254</ele>
        <time>2026-05-03T16:01:11.999Z</time>
      </trkpt>
      <trkpt lat="50.696655" lon="14.204092">
        <ele>148.755304</ele>
        <time>2026-05-03T16:01:19.999Z</time>
      </trkpt>
      <trkpt lat="50.696567" lon="14.204166">
        <ele>149.575606</ele>
        <time>2026-05-03T16:01:27.999Z</time>
      </trkpt>
      <trkpt lat="50.696493" lon="14.204251">
        <ele>150.328520</ele>
        <time>2026-05-03T16:01:34.999Z</time>
      </trkpt>
      <trkpt lat="50.696411" lon="14.204328">
        <ele>151.018124</ele>
        <time>2026-05-03T16:01:42.999Z</time>
      </trkpt>
      <trkpt lat="50.696339" lon="14.204413">
        <ele>151.606156</ele>
        <time>2026-05-03T16:01:52.000Z</time>
      </trkpt>
      <trkpt lat="50.696269" lon="14.204618">
        <ele>152.571018</ele>
        <time>2026-05-03T16:03:06.999Z</time>
      </trkpt>
      <trkpt lat="50.696256" lon="14.204784">
        <ele>153.263995</ele>
        <time>2026-05-03T16:03:12.999Z</time>
      </trkpt>
      <trkpt lat="50.696250" lon="14.204949">
        <ele>153.948718</ele>
        <time>2026-05-03T16:03:19.999Z</time>
      </trkpt>
      <trkpt lat="50.696253" lon="14.205114">
        <ele>154.632597</ele>
        <time>2026-05-03T16:03:26.999Z</time>
      </trkpt>
      <trkpt lat="50.696257" lon="14.205273">
        <ele>155.291855</ele>
        <time>2026-05-03T16:03:34.999Z</time>
      </trkpt>
      <trkpt lat="50.696292" lon="14.205410">
        <ele>155.903874</ele>
        <time>2026-05-03T16:03:40.999Z</time>
      </trkpt>
      <trkpt lat="50.696384" lon="14.205507">
        <ele>156.627465</ele>
        <time>2026-05-03T16:03:47.999Z</time>
      </trkpt>
      <trkpt lat="50.696477" lon="14.205509">
        <ele>157.235796</ele>
        <time>2026-05-03T16:03:53.000Z</time>
      </trkpt>
      <trkpt lat="50.696384" lon="14.205568">
        <ele>157.891348</ele>
        <time>2026-05-03T16:06:04.000Z</time>
      </trkpt>
      <trkpt lat="50.696295" lon="14.205512">
        <ele>158.517992</ele>
        <time>2026-05-03T16:06:08.000Z</time>
      </trkpt>
      <trkpt lat="50.696214" lon="14.205581">
        <ele>159.119985</ele>
        <time>2026-05-03T16:06:13.000Z</time>
      </trkpt>
      <trkpt lat="50.696198" lon="14.205729">
        <ele>159.742018</ele>
        <time>2026-05-03T16:06:18.000Z</time>
      </trkpt>
      <trkpt lat="50.696185" lon="14.205895">
        <ele>160.434996</ele>
        <time>2026-05-03T16:06:23.000Z</time>
      </trkpt>
      <trkpt lat="50.696167" lon="14.206053">
        <ele>161.100096</ele>
        <time>2026-05-03T16:06:28.000Z</time>
      </trkpt>
      <trkpt lat="50.696144" lon="14.206209">
        <ele>161.763684</ele>
        <time>2026-05-03T16:06:33.000Z</time>
      </trkpt>
      <trkpt lat="50.696119" lon="14.206357">
        <ele>162.398280</ele>
        <time>2026-05-03T16:06:38.000Z</time>
      </trkpt>
      <trkpt lat="50.696107" lon="14.206499">
        <ele>162.883266</ele>
        <time>2026-05-03T16:06:43.000Z</time>
      </trkpt>
      <trkpt lat="50.696091" lon="14.206644">
        <ele>163.378794</ele>
        <time>2026-05-03T16:06:48.000Z</time>
      </trkpt>
      <trkpt lat="50.696081" lon="14.206804">
        <ele>163.920088</ele>
        <time>2026-05-03T16:06:53.000Z</time>
      </trkpt>
      <trkpt lat="50.696067" lon="14.206944">
        <ele>164.397268</ele>
        <time>2026-05-03T16:06:58.000Z</time>
      </trkpt>
      <trkpt lat="50.696054" lon="14.207092">
        <ele>164.900313</ele>
        <time>2026-05-03T16:07:03.000Z</time>
      </trkpt>
      <trkpt lat="50.696034" lon="14.207256">
        <ele>165.462597</ele>
        <time>2026-05-03T16:07:08.000Z</time>
      </trkpt>
      <trkpt lat="50.696010" lon="14.207415">
        <ele>166.012898</ele>
        <time>2026-05-03T16:07:12.999Z</time>
      </trkpt>
      <trkpt lat="50.695992" lon="14.207555">
        <ele>166.493853</ele>
        <time>2026-05-03T16:07:17.999Z</time>
      </trkpt>
      <trkpt lat="50.695958" lon="14.207701">
        <ele>167.017563</ele>
        <time>2026-05-03T16:07:23.999Z</time>
      </trkpt>
      <trkpt lat="50.695916" lon="14.207850">
        <ele>167.566635</ele>
        <time>2026-05-03T16:07:29.999Z</time>
      </trkpt>
      <trkpt lat="50.695874" lon="14.207994">
        <ele>168.100372</ele>
        <time>2026-05-03T16:07:34.999Z</time>
      </trkpt>
      <trkpt lat="50.695835" lon="14.208134">
        <ele>168.615284</ele>
        <time>2026-05-03T16:07:39.999Z</time>
      </trkpt>
      <trkpt lat="50.695790" lon="14.208277">
        <ele>169.152867</ele>
        <time>2026-05-03T16:07:44.999Z</time>
      </trkpt>
      <trkpt lat="50.695725" lon="14.208384">
        <ele>169.651997</ele>
        <time>2026-05-03T16:07:50.999Z</time>
      </trkpt>
      <trkpt lat="50.695673" lon="14.208517">
        <ele>170.178204</ele>
        <time>2026-05-03T16:07:56.999Z</time>
      </trkpt>
      <trkpt lat="50.695613" lon="14.208658">
        <ele>170.750089</ele>
        <time>2026-05-03T16:08:02.999Z</time>
      </trkpt>
      <trkpt lat="50.695562" lon="14.208806">
        <ele>171.317330</ele>
        <time>2026-05-03T16:08:09.000Z</time>
      </trkpt>
      <trkpt lat="50.695514" lon="14.208931">
        <ele>171.809468</ele>
        <time>2026-05-03T16:08:14.000Z</time>
      </trkpt>
      <trkpt lat="50.695455" lon="14.209063">
        <ele>172.552650</ele>
        <time>2026-05-03T16:08:20.000Z</time>
      </trkpt>
      <trkpt lat="50.695392" lon="14.209185">
        <ele>173.359800</ele>
        <time>2026-05-03T16:08:27.000Z</time>
      </trkpt>
      <trkpt lat="50.695333" lon="14.209320">
        <ele>174.200851</ele>
        <time>2026-05-03T16:08:33.000Z</time>
      </trkpt>
      <trkpt lat="50.695271" lon="14.209426">
        <ele>174.940698</ele>
        <time>2026-05-03T16:08:38.000Z</time>
      </trkpt>
      <trkpt lat="50.695203" lon="14.209556">
        <ele>175.805240</ele>
        <time>2026-05-03T16:08:44.000Z</time>
      </trkpt>
      <trkpt lat="50.695139" lon="14.209665">
        <ele>176.567376</ele>
        <time>2026-05-03T16:08:50.000Z</time>
      </trkpt>
      <trkpt lat="50.695080" lon="14.209781">
        <ele>177.330243</ele>
        <time>2026-05-03T16:08:57.000Z</time>
      </trkpt>
      <trkpt lat="50.695004" lon="14.209911">
        <ele>178.237398</ele>
        <time>2026-05-03T16:09:04.000Z</time>
      </trkpt>
      <trkpt lat="50.694980" lon="14.210068">
        <ele>179.065603</ele>
        <time>2026-05-03T16:09:09.000Z</time>
      </trkpt>
      <trkpt lat="50.694956" lon="14.210232">
        <ele>179.928743</ele>
        <time>2026-05-03T16:09:15.999Z</time>
      </trkpt>
      <trkpt lat="50.694930" lon="14.210390">
        <ele>180.765857</ele>
        <time>2026-05-03T16:09:21.999Z</time>
      </trkpt>
      <trkpt lat="50.694900" lon="14.210545">
        <ele>181.596970</ele>
        <time>2026-05-03T16:09:27.999Z</time>
      </trkpt>
      <trkpt lat="50.694866" lon="14.210690">
        <ele>182.389837</ele>
        <time>2026-05-03T16:09:34.999Z</time>
      </trkpt>
      <trkpt lat="50.694789" lon="14.210923">
        <ele>183.737485</ele>
        <time>2026-05-03T16:09:54.999Z</time>
      </trkpt>
      <trkpt lat="50.694740" lon="14.211066">
        <ele>184.571202</ele>
        <time>2026-05-03T16:10:00.999Z</time>
      </trkpt>
      <trkpt lat="50.694699" lon="14.211192">
        <ele>185.297595</ele>
        <time>2026-05-03T16:10:05.999Z</time>
      </trkpt>
      <trkpt lat="50.694659" lon="14.211329">
        <ele>186.071168</ele>
        <time>2026-05-03T16:10:12.000Z</time>
      </trkpt>
      <trkpt lat="50.694633" lon="14.211466">
        <ele>186.533064</ele>
        <time>2026-05-03T16:10:20.000Z</time>
      </trkpt>
      <trkpt lat="50.694598" lon="14.211598">
        <ele>186.533064</ele>
        <time>2026-05-03T16:10:34.000Z</time>
      </trkpt>
      <trkpt lat="50.694571" lon="14.211765">
        <ele>186.533064</ele>
        <time>2026-05-03T16:10:42.000Z</time>
      </trkpt>
      <trkpt lat="50.694504" lon="14.212101">
        <ele>186.533064</ele>
        <time>2026-05-03T16:11:16.999Z</time>
      </trkpt>
      <trkpt lat="50.694470" lon="14.212255">
        <ele>186.533064</ele>
        <time>2026-05-03T16:11:23.999Z</time>
      </trkpt>
      <trkpt lat="50.694449" lon="14.212414">
        <ele>186.533064</ele>
        <time>2026-05-03T16:11:30.999Z</time>
      </trkpt>
      <trkpt lat="50.694420" lon="14.212556">
        <ele>186.533064</ele>
        <time>2026-05-03T16:11:36.999Z</time>
      </trkpt>
      <trkpt lat="50.694399" lon="14.212700">
        <ele>186.533064</ele>
        <time>2026-05-03T16:11:43.999Z</time>
      </trkpt>
      <trkpt lat="50.694368" lon="14.212834">
        <ele>186.533064</ele>
        <time>2026-05-03T16:11:50.999Z</time>
      </trkpt>
      <trkpt lat="50.694353" lon="14.213007">
        <ele>186.533064</ele>
        <time>2026-05-03T16:11:58.999Z</time>
      </trkpt>
      <trkpt lat="50.694341" lon="14.213151">
        <ele>186.533064</ele>
        <time>2026-05-03T16:12:05.999Z</time>
      </trkpt>
      <trkpt lat="50.694331" lon="14.213315">
        <ele>186.533064</ele>
        <time>2026-05-03T16:12:12.999Z</time>
      </trkpt>
      <trkpt lat="50.694310" lon="14.213470">
        <ele>186.533064</ele>
        <time>2026-05-03T16:12:20.000Z</time>
      </trkpt>
      <trkpt lat="50.694297" lon="14.213624">
        <ele>186.533064</ele>
        <time>2026-05-03T16:12:26.000Z</time>
      </trkpt>
      <trkpt lat="50.694251" lon="14.213766">
        <ele>186.533064</ele>
        <time>2026-05-03T16:12:33.000Z</time>
      </trkpt>
      <trkpt lat="50.694203" lon="14.213890">
        <ele>186.533064</ele>
        <time>2026-05-03T16:12:40.000Z</time>
      </trkpt>
      <trkpt lat="50.694161" lon="14.214018">
        <ele>186.533064</ele>
        <time>2026-05-03T16:12:46.000Z</time>
      </trkpt>
      <trkpt lat="50.694163" lon="14.213852">
        <ele>186.533064</ele>
        <time>2026-05-03T16:21:02.000Z</time>
      </trkpt>
    </trkseg>
  </trk>
</gpx>