<?xml version='1.0' encoding='UTF-8'?>
<gpx version="1.1" creator="https://www.komoot.de" xmlns="http://www.topografix.com/GPX/1/1" xmlns:xsi="http://www.w3.org/2001/XMLSchema-instance" xsi:schemaLocation="http://www.topografix.com/GPX/1/1 http://www.topografix.com/GPX/1/1/gpx.xsd">
  <metadata>
    <name>Gravel-Fahrt</name>
    <author>
      <link href="https://www.komoot.de">
        <text>komoot</text>
        <type>text/html</type>
      </link>
    </author>
  </metadata>
  <trk>
    <name>Gravel-Fahrt</name>
    <trkseg>
      <trkpt lat="47.838103" lon="15.431304">
        <ele>880.392128</ele>
        <time>2026-05-12T06:17:07.000Z</time>
      </trkpt>
      <trkpt lat="47.838103" lon="15.431304">
        <ele>880.392128</ele>
        <time>2026-05-12T06:17:08.000Z</time>
      </trkpt>
      <trkpt lat="47.838053" lon="15.431215">
        <ele>880.392128</ele>
        <time>2026-05-12T06:21:56.000Z</time>
      </trkpt>
      <trkpt lat="47.838037" lon="15.431185">
        <ele>880.392128</ele>
        <time>2026-05-12T06:21:57.000Z</time>
      </trkpt>
      <trkpt lat="47.838022" lon="15.431150">
        <ele>880.392128</ele>
        <time>2026-05-12T06:21:58.000Z</time>
      </trkpt>
      <trkpt lat="47.838003" lon="15.431114">
        <ele>880.392128</ele>
        <time>2026-05-12T06:21:59.000Z</time>
      </trkpt>
      <trkpt lat="47.837984" lon="15.431072">
        <ele>880.392128</ele>
        <time>2026-05-12T06:22:00.000Z</time>
      </trkpt>
      <trkpt lat="47.837963" lon="15.431026">
        <ele>880.392128</ele>
        <time>2026-05-12T06:22:01.000Z</time>
      </trkpt>
      <trkpt lat="47.837939" lon="15.430983">
        <ele>880.392128</ele>
        <time>2026-05-12T06:22:02.000Z</time>
      </trkpt>
      <trkpt lat="47.837915" lon="15.430939">
        <ele>880.392128</ele>
        <time>2026-05-12T06:22:03.000Z</time>
      </trkpt>
      <trkpt lat="47.837889" lon="15.430895">
        <ele>880.392128</ele>
        <time>2026-05-12T06:22:04.000Z</time>
      </trkpt>
      <trkpt lat="47.837865" lon="15.430852">
        <ele>880.392128</ele>
        <time>2026-05-12T06:22:05.000Z</time>
      </trkpt>
      <trkpt lat="47.837843" lon="15.430809">
        <ele>880.392128</ele>
        <time>2026-05-12T06:22:06.000Z</time>
      </trkpt>
      <trkpt lat="47.837824" lon="15.430765">
        <ele>880.392128</ele>
        <time>2026-05-12T06:22:07.000Z</time>
      </trkpt>
      <trkpt lat="47.837802" lon="15.430721">
        <ele>880.392128</ele>
        <time>2026-05-12T06:22:08.000Z</time>
      </trkpt>
      <trkpt lat="47.837777" lon="15.430679">
        <ele>880.392128</ele>
        <time>2026-05-12T06:22:09.000Z</time>
      </trkpt>
      <trkpt lat="47.837750" lon="15.430634">
        <ele>880.392128</ele>
        <time>2026-05-12T06:22:10.000Z</time>
      </trkpt>
      <trkpt lat="47.837726" lon="15.430584">
        <ele>880.392128</ele>
        <time>2026-05-12T06:22:11.000Z</time>
      </trkpt>
      <trkpt lat="47.837702" lon="15.430532">
        <ele>880.392128</ele>
        <time>2026-05-12T06:22:12.000Z</time>
      </trkpt>
      <trkpt lat="47.837674" lon="15.430478">
        <ele>880.392128</ele>
        <time>2026-05-12T06:22:13.000Z</time>
      </trkpt>
      <trkpt lat="47.837648" lon="15.430422">
        <ele>880.392128</ele>
        <time>2026-05-12T06:22:14.000Z</time>
      </trkpt>
      <trkpt lat="47.837620" lon="15.430368">
        <ele>880.392128</ele>
        <time>2026-05-12T06:22:15.000Z</time>
      </trkpt>
      <trkpt lat="47.837592" lon="15.430313">
        <ele>880.392128</ele>
        <time>2026-05-12T06:22:16.000Z</time>
      </trkpt>
      <trkpt lat="47.837565" lon="15.430257">
        <ele>880.392128</ele>
        <time>2026-05-12T06:22:17.000Z</time>
      </trkpt>
      <trkpt lat="47.837537" lon="15.430205">
        <ele>880.348078</ele>
        <time>2026-05-12T06:22:18.000Z</time>
      </trkpt>
      <trkpt lat="47.837509" lon="15.430151">
        <ele>880.283930</ele>
        <time>2026-05-12T06:22:19.000Z</time>
      </trkpt>
      <trkpt lat="47.837480" lon="15.430097">
        <ele>880.218916</ele>
        <time>2026-05-12T06:22:20.000Z</time>
      </trkpt>
      <trkpt lat="47.837450" lon="15.430040">
        <ele>880.150822</ele>
        <time>2026-05-12T06:22:21.000Z</time>
      </trkpt>
      <trkpt lat="47.837420" lon="15.429981">
        <ele>880.081238</ele>
        <time>2026-05-12T06:22:22.000Z</time>
      </trkpt>
      <trkpt lat="47.837391" lon="15.429924">
        <ele>880.013999</ele>
        <time>2026-05-12T06:22:23.000Z</time>
      </trkpt>
      <trkpt lat="47.837364" lon="15.429864">
        <ele>879.946089</ele>
        <time>2026-05-12T06:22:24.000Z</time>
      </trkpt>
      <trkpt lat="47.837335" lon="15.429805">
        <ele>879.877342</ele>
        <time>2026-05-12T06:22:25.000Z</time>
      </trkpt>
      <trkpt lat="47.837306" lon="15.429748">
        <ele>879.810103</ele>
        <time>2026-05-12T06:22:26.000Z</time>
      </trkpt>
      <trkpt lat="47.837278" lon="15.429689">
        <ele>879.742174</ele>
        <time>2026-05-12T06:22:27.000Z</time>
      </trkpt>
      <trkpt lat="47.837253" lon="15.429628">
        <ele>879.674983</ele>
        <time>2026-05-12T06:22:28.000Z</time>
      </trkpt>
      <trkpt lat="47.837228" lon="15.429571">
        <ele>879.610971</ele>
        <time>2026-05-12T06:22:29.000Z</time>
      </trkpt>
      <trkpt lat="47.837202" lon="15.429514">
        <ele>879.546183</ele>
        <time>2026-05-12T06:22:30.000Z</time>
      </trkpt>
      <trkpt lat="47.837170" lon="15.429439">
        <ele>879.462637</ele>
        <time>2026-05-12T06:22:31.000Z</time>
      </trkpt>
      <trkpt lat="47.837148" lon="15.429391">
        <ele>879.407995</ele>
        <time>2026-05-12T06:22:32.000Z</time>
      </trkpt>
      <trkpt lat="47.837119" lon="15.429327">
        <ele>879.335402</ele>
        <time>2026-05-12T06:22:33.000Z</time>
      </trkpt>
      <trkpt lat="47.837085" lon="15.429250">
        <ele>879.248756</ele>
        <time>2026-05-12T06:22:34.000Z</time>
      </trkpt>
      <trkpt lat="47.837057" lon="15.429188">
        <ele>879.178504</ele>
        <time>2026-05-12T06:22:35.000Z</time>
      </trkpt>
      <trkpt lat="47.837037" lon="15.429136">
        <ele>879.122162</ele>
        <time>2026-05-12T06:22:36.000Z</time>
      </trkpt>
      <trkpt lat="47.837010" lon="15.429075">
        <ele>879.053470</ele>
        <time>2026-05-12T06:22:37.000Z</time>
      </trkpt>
      <trkpt lat="47.836983" lon="15.429011">
        <ele>878.982406</ele>
        <time>2026-05-12T06:22:38.000Z</time>
      </trkpt>
      <trkpt lat="47.836957" lon="15.428947">
        <ele>878.912077</ele>
        <time>2026-05-12T06:22:39.000Z</time>
      </trkpt>
      <trkpt lat="47.836933" lon="15.428880">
        <ele>878.840682</ele>
        <time>2026-05-12T06:22:40.000Z</time>
      </trkpt>
      <trkpt lat="47.836909" lon="15.428810">
        <ele>878.766787</ele>
        <time>2026-05-12T06:22:41.000Z</time>
      </trkpt>
      <trkpt lat="47.836883" lon="15.428740">
        <ele>878.691576</ele>
        <time>2026-05-12T06:22:42.000Z</time>
      </trkpt>
      <trkpt lat="47.836857" lon="15.428673">
        <ele>878.618819</ele>
        <time>2026-05-12T06:22:43.000Z</time>
      </trkpt>
      <trkpt lat="47.836832" lon="15.428605">
        <ele>878.545931</ele>
        <time>2026-05-12T06:22:44.000Z</time>
      </trkpt>
      <trkpt lat="47.836805" lon="15.428537">
        <ele>878.471656</ele>
        <time>2026-05-12T06:22:45.000Z</time>
      </trkpt>
      <trkpt lat="47.836779" lon="15.428467">
        <ele>878.396445</ele>
        <time>2026-05-12T06:22:46.000Z</time>
      </trkpt>
      <trkpt lat="47.836749" lon="15.428394">
        <ele>878.315976</ele>
        <time>2026-05-12T06:22:47.000Z</time>
      </trkpt>
      <trkpt lat="47.836719" lon="15.428320">
        <ele>878.234703</ele>
        <time>2026-05-12T06:22:48.000Z</time>
      </trkpt>
      <trkpt lat="47.836689" lon="15.428247">
        <ele>878.154234</ele>
        <time>2026-05-12T06:22:49.000Z</time>
      </trkpt>
      <trkpt lat="47.836659" lon="15.428174">
        <ele>878.073765</ele>
        <time>2026-05-12T06:22:50.000Z</time>
      </trkpt>
      <trkpt lat="47.836629" lon="15.428100">
        <ele>877.992492</ele>
        <time>2026-05-12T06:22:51.000Z</time>
      </trkpt>
      <trkpt lat="47.836601" lon="15.428025">
        <ele>877.911812</ele>
        <time>2026-05-12T06:22:52.000Z</time>
      </trkpt>
      <trkpt lat="47.836570" lon="15.427953">
        <ele>877.838863</ele>
        <time>2026-05-12T06:22:53.000Z</time>
      </trkpt>
      <trkpt lat="47.836541" lon="15.427880">
        <ele>877.773422</ele>
        <time>2026-05-12T06:22:54.000Z</time>
      </trkpt>
      <trkpt lat="47.836509" lon="15.427804">
        <ele>877.704211</ele>
        <time>2026-05-12T06:22:55.000Z</time>
      </trkpt>
      <trkpt lat="47.836478" lon="15.427728">
        <ele>877.635602</ele>
        <time>2026-05-12T06:22:56.000Z</time>
      </trkpt>
      <trkpt lat="47.836446" lon="15.427649">
        <ele>877.564419</ele>
        <time>2026-05-12T06:22:57.000Z</time>
      </trkpt>
      <trkpt lat="47.836414" lon="15.427571">
        <ele>877.493895</ele>
        <time>2026-05-12T06:22:58.000Z</time>
      </trkpt>
      <trkpt lat="47.836381" lon="15.427492">
        <ele>877.422111</ele>
        <time>2026-05-12T06:22:59.000Z</time>
      </trkpt>
      <trkpt lat="47.836347" lon="15.427414">
        <ele>877.350362</ele>
        <time>2026-05-12T06:23:00.000Z</time>
      </trkpt>
      <trkpt lat="47.836313" lon="15.427338">
        <ele>877.279901</ele>
        <time>2026-05-12T06:23:01.000Z</time>
      </trkpt>
      <trkpt lat="47.836275" lon="15.427261">
        <ele>877.206171</ele>
        <time>2026-05-12T06:23:02.000Z</time>
      </trkpt>
      <trkpt lat="47.836239" lon="15.427184">
        <ele>877.133778</ele>
        <time>2026-05-12T06:23:03.000Z</time>
      </trkpt>
      <trkpt lat="47.836203" lon="15.427107">
        <ele>877.061386</ele>
        <time>2026-05-12T06:23:04.000Z</time>
      </trkpt>
      <trkpt lat="47.836166" lon="15.427032">
        <ele>876.989579</ele>
        <time>2026-05-12T06:23:05.000Z</time>
      </trkpt>
      <trkpt lat="47.836130" lon="15.426960">
        <ele>876.920317</ele>
        <time>2026-05-12T06:23:06.000Z</time>
      </trkpt>
      <trkpt lat="47.836093" lon="15.426886">
        <ele>876.849130</ele>
        <time>2026-05-12T06:23:07.000Z</time>
      </trkpt>
      <trkpt lat="47.836052" lon="15.426809">
        <ele>876.773307</ele>
        <time>2026-05-12T06:23:08.000Z</time>
      </trkpt>
      <trkpt lat="47.836012" lon="15.426733">
        <ele>876.698800</ele>
        <time>2026-05-12T06:23:09.000Z</time>
      </trkpt>
      <trkpt lat="47.835972" lon="15.426656">
        <ele>876.623685</ele>
        <time>2026-05-12T06:23:10.000Z</time>
      </trkpt>
      <trkpt lat="47.835930" lon="15.426581">
        <ele>876.548333</ele>
        <time>2026-05-12T06:23:11.000Z</time>
      </trkpt>
      <trkpt lat="47.835887" lon="15.426507">
        <ele>876.472824</ele>
        <time>2026-05-12T06:23:12.000Z</time>
      </trkpt>
      <trkpt lat="47.835845" lon="15.426432">
        <ele>876.397472</ele>
        <time>2026-05-12T06:23:13.000Z</time>
      </trkpt>
      <trkpt lat="47.835804" lon="15.426359">
        <ele>876.324040</ele>
        <time>2026-05-12T06:23:14.000Z</time>
      </trkpt>
      <trkpt lat="47.835763" lon="15.426287">
        <ele>876.251199</ele>
        <time>2026-05-12T06:23:15.000Z</time>
      </trkpt>
      <trkpt lat="47.835722" lon="15.426216">
        <ele>876.178944</ele>
        <time>2026-05-12T06:23:16.000Z</time>
      </trkpt>
      <trkpt lat="47.835679" lon="15.426145">
        <ele>876.105169</ele>
        <time>2026-05-12T06:23:17.000Z</time>
      </trkpt>
      <trkpt lat="47.835637" lon="15.426075">
        <ele>876.032737</ele>
        <time>2026-05-12T06:23:18.000Z</time>
      </trkpt>
      <trkpt lat="47.835597" lon="15.426009">
        <ele>875.964136</ele>
        <time>2026-05-12T06:23:19.000Z</time>
      </trkpt>
      <trkpt lat="47.835554" lon="15.425942">
        <ele>875.892622</ele>
        <time>2026-05-12T06:23:20.000Z</time>
      </trkpt>
      <trkpt lat="47.835513" lon="15.425873">
        <ele>875.821530</ele>
        <time>2026-05-12T06:23:21.000Z</time>
      </trkpt>
      <trkpt lat="47.835469" lon="15.425805">
        <ele>875.741554</ele>
        <time>2026-05-12T06:23:22.000Z</time>
      </trkpt>
      <trkpt lat="47.835426" lon="15.425738">
        <ele>875.661147</ele>
        <time>2026-05-12T06:23:23.000Z</time>
      </trkpt>
      <trkpt lat="47.835383" lon="15.425671">
        <ele>875.580740</ele>
        <time>2026-05-12T06:23:24.000Z</time>
      </trkpt>
      <trkpt lat="47.835338" lon="15.425603">
        <ele>875.497910</ele>
        <time>2026-05-12T06:23:25.000Z</time>
      </trkpt>
      <trkpt lat="47.835292" lon="15.425538">
        <ele>875.415980</ele>
        <time>2026-05-12T06:23:26.000Z</time>
      </trkpt>
      <trkpt lat="47.835244" lon="15.425472">
        <ele>875.331570</ele>
        <time>2026-05-12T06:23:27.000Z</time>
      </trkpt>
      <trkpt lat="47.835196" lon="15.425409">
        <ele>875.248903</ele>
        <time>2026-05-12T06:23:28.000Z</time>
      </trkpt>
      <trkpt lat="47.835150" lon="15.425347">
        <ele>875.168742</ele>
        <time>2026-05-12T06:23:29.000Z</time>
      </trkpt>
      <trkpt lat="47.835101" lon="15.425286">
        <ele>875.086223</ele>
        <time>2026-05-12T06:23:30.000Z</time>
      </trkpt>
      <trkpt lat="47.835050" lon="15.425229">
        <ele>875.003834</ele>
        <time>2026-05-12T06:23:31.000Z</time>
      </trkpt>
      <trkpt lat="47.834998" lon="15.425174">
        <ele>874.921423</ele>
        <time>2026-05-12T06:23:32.000Z</time>
      </trkpt>
      <trkpt lat="47.834944" lon="15.425124">
        <ele>874.839262</ele>
        <time>2026-05-12T06:23:33.000Z</time>
      </trkpt>
      <trkpt lat="47.834887" lon="15.425080">
        <ele>874.756303</ele>
        <time>2026-05-12T06:23:34.000Z</time>
      </trkpt>
      <trkpt lat="47.834829" lon="15.425038">
        <ele>874.672967</ele>
        <time>2026-05-12T06:23:35.000Z</time>
      </trkpt>
      <trkpt lat="47.834771" lon="15.425000">
        <ele>874.591089</ele>
        <time>2026-05-12T06:23:36.000Z</time>
      </trkpt>
      <trkpt lat="47.834712" lon="15.424965">
        <ele>874.509024</ele>
        <time>2026-05-12T06:23:37.000Z</time>
      </trkpt>
      <trkpt lat="47.834650" lon="15.424936">
        <ele>874.425049</ele>
        <time>2026-05-12T06:23:38.000Z</time>
      </trkpt>
      <trkpt lat="47.834591" lon="15.424906">
        <ele>874.344488</ele>
        <time>2026-05-12T06:23:39.000Z</time>
      </trkpt>
      <trkpt lat="47.834530" lon="15.424876">
        <ele>874.261477</ele>
        <time>2026-05-12T06:23:40.000Z</time>
      </trkpt>
      <trkpt lat="47.834468" lon="15.424849">
        <ele>874.178005</ele>
        <time>2026-05-12T06:23:41.000Z</time>
      </trkpt>
      <trkpt lat="47.834407" lon="15.424822">
        <ele>874.095772</ele>
        <time>2026-05-12T06:23:42.000Z</time>
      </trkpt>
      <trkpt lat="47.834345" lon="15.424795">
        <ele>874.012300</ele>
        <time>2026-05-12T06:23:43.000Z</time>
      </trkpt>
      <trkpt lat="47.834283" lon="15.424770">
        <ele>873.929299</ele>
        <time>2026-05-12T06:23:44.000Z</time>
      </trkpt>
      <trkpt lat="47.834221" lon="15.424744">
        <ele>873.846066</ele>
        <time>2026-05-12T06:23:45.000Z</time>
      </trkpt>
      <trkpt lat="47.834160" lon="15.424715">
        <ele>873.763322</ele>
        <time>2026-05-12T06:23:46.000Z</time>
      </trkpt>
      <trkpt lat="47.834100" lon="15.424685">
        <ele>873.681537</ele>
        <time>2026-05-12T06:23:47.000Z</time>
      </trkpt>
      <trkpt lat="47.834041" lon="15.424646">
        <ele>873.598126</ele>
        <time>2026-05-12T06:23:48.000Z</time>
      </trkpt>
      <trkpt lat="47.833982" lon="15.424605">
        <ele>873.513997</ele>
        <time>2026-05-12T06:23:49.000Z</time>
      </trkpt>
      <trkpt lat="47.833923" lon="15.424563">
        <ele>873.551823</ele>
        <time>2026-05-12T06:23:50.000Z</time>
      </trkpt>
      <trkpt lat="47.833863" lon="15.424519">
        <ele>873.668471</ele>
        <time>2026-05-12T06:23:51.000Z</time>
      </trkpt>
      <trkpt lat="47.833803" lon="15.424473">
        <ele>873.786172</ele>
        <time>2026-05-12T06:23:52.000Z</time>
      </trkpt>
      <trkpt lat="47.833745" lon="15.424424">
        <ele>873.902475</ele>
        <time>2026-05-12T06:23:53.000Z</time>
      </trkpt>
      <trkpt lat="47.833688" lon="15.424376">
        <ele>874.016683</ele>
        <time>2026-05-12T06:23:54.000Z</time>
      </trkpt>
      <trkpt lat="47.833630" lon="15.424326">
        <ele>874.133567</ele>
        <time>2026-05-12T06:23:55.000Z</time>
      </trkpt>
      <trkpt lat="47.833574" lon="15.424275">
        <ele>874.248053</ele>
        <time>2026-05-12T06:23:56.000Z</time>
      </trkpt>
      <trkpt lat="47.833521" lon="15.424219">
        <ele>874.361390</ele>
        <time>2026-05-12T06:23:57.000Z</time>
      </trkpt>
      <trkpt lat="47.833468" lon="15.424162">
        <ele>874.475410</ele>
        <time>2026-05-12T06:23:58.000Z</time>
      </trkpt>
      <trkpt lat="47.833417" lon="15.424109">
        <ele>874.583873</ele>
        <time>2026-05-12T06:23:59.000Z</time>
      </trkpt>
      <trkpt lat="47.833364" lon="15.424060">
        <ele>874.692675</ele>
        <time>2026-05-12T06:24:00.000Z</time>
      </trkpt>
      <trkpt lat="47.833311" lon="15.424014">
        <ele>874.799666</ele>
        <time>2026-05-12T06:24:01.000Z</time>
      </trkpt>
      <trkpt lat="47.833259" lon="15.423969">
        <ele>874.904561</ele>
        <time>2026-05-12T06:24:02.000Z</time>
      </trkpt>
      <trkpt lat="47.833208" lon="15.423922">
        <ele>875.009164</ele>
        <time>2026-05-12T06:24:03.000Z</time>
      </trkpt>
      <trkpt lat="47.833168" lon="15.423886">
        <ele>875.090679</ele>
        <time>2026-05-12T06:24:04.000Z</time>
      </trkpt>
      <trkpt lat="47.833112" lon="15.423834">
        <ele>875.205779</ele>
        <time>2026-05-12T06:24:05.000Z</time>
      </trkpt>
      <trkpt lat="47.833065" lon="15.423797">
        <ele>875.298502</ele>
        <time>2026-05-12T06:24:06.000Z</time>
      </trkpt>
      <trkpt lat="47.833018" lon="15.423758">
        <ele>875.392342</ele>
        <time>2026-05-12T06:24:07.000Z</time>
      </trkpt>
      <trkpt lat="47.832974" lon="15.423722">
        <ele>875.479903</ele>
        <time>2026-05-12T06:24:08.000Z</time>
      </trkpt>
      <trkpt lat="47.832929" lon="15.423689">
        <ele>875.567390</ele>
        <time>2026-05-12T06:24:09.000Z</time>
      </trkpt>
      <trkpt lat="47.832887" lon="15.423657">
        <ele>875.649674</ele>
        <time>2026-05-12T06:24:10.000Z</time>
      </trkpt>
      <trkpt lat="47.832847" lon="15.423625">
        <ele>875.728868</ele>
        <time>2026-05-12T06:24:11.000Z</time>
      </trkpt>
      <trkpt lat="47.832808" lon="15.423598">
        <ele>875.803881</ele>
        <time>2026-05-12T06:24:12.000Z</time>
      </trkpt>
      <trkpt lat="47.832770" lon="15.423572">
        <ele>875.876820</ele>
        <time>2026-05-12T06:24:13.000Z</time>
      </trkpt>
      <trkpt lat="47.832732" lon="15.423549">
        <ele>875.948363</ele>
        <time>2026-05-12T06:24:14.000Z</time>
      </trkpt>
      <trkpt lat="47.832696" lon="15.423521">
        <ele>876.019200</ele>
        <time>2026-05-12T06:24:15.000Z</time>
      </trkpt>
      <trkpt lat="47.832661" lon="15.423498">
        <ele>876.085925</ele>
        <time>2026-05-12T06:24:16.000Z</time>
      </trkpt>
      <trkpt lat="47.832626" lon="15.423473">
        <ele>876.153629</ele>
        <time>2026-05-12T06:24:17.000Z</time>
      </trkpt>
      <trkpt lat="47.832592" lon="15.423448">
        <ele>876.219764</ele>
        <time>2026-05-12T06:24:18.000Z</time>
      </trkpt>
      <trkpt lat="47.832557" lon="15.423427">
        <ele>876.285579</ele>
        <time>2026-05-12T06:24:19.000Z</time>
      </trkpt>
      <trkpt lat="47.832524" lon="15.423406">
        <ele>876.348171</ele>
        <time>2026-05-12T06:24:20.000Z</time>
      </trkpt>
      <trkpt lat="47.832491" lon="15.423385">
        <ele>876.410763</ele>
        <time>2026-05-12T06:24:21.000Z</time>
      </trkpt>
      <trkpt lat="47.832458" lon="15.423365">
        <ele>876.472905</ele>
        <time>2026-05-12T06:24:22.000Z</time>
      </trkpt>
      <trkpt lat="47.832425" lon="15.423348">
        <ele>876.533810</ele>
        <time>2026-05-12T06:24:23.000Z</time>
      </trkpt>
      <trkpt lat="47.832394" lon="15.423331">
        <ele>876.591429</ele>
        <time>2026-05-12T06:24:24.000Z</time>
      </trkpt>
      <trkpt lat="47.832365" lon="15.423309">
        <ele>876.647845</ele>
        <time>2026-05-12T06:24:25.000Z</time>
      </trkpt>
      <trkpt lat="47.832335" lon="15.423289">
        <ele>876.704492</ele>
        <time>2026-05-12T06:24:26.000Z</time>
      </trkpt>
      <trkpt lat="47.832304" lon="15.423272">
        <ele>876.761426</ele>
        <time>2026-05-12T06:24:27.000Z</time>
      </trkpt>
      <trkpt lat="47.832271" lon="15.423256">
        <ele>876.821239</ele>
        <time>2026-05-12T06:24:28.000Z</time>
      </trkpt>
      <trkpt lat="47.832240" lon="15.423241">
        <ele>876.877416</ele>
        <time>2026-05-12T06:24:29.000Z</time>
      </trkpt>
      <trkpt lat="47.832206" lon="15.423222">
        <ele>876.940003</ele>
        <time>2026-05-12T06:24:30.000Z</time>
      </trkpt>
      <trkpt lat="47.832177" lon="15.423207">
        <ele>876.992912</ele>
        <time>2026-05-12T06:24:31.000Z</time>
      </trkpt>
      <trkpt lat="47.832150" lon="15.423187">
        <ele>877.044883</ele>
        <time>2026-05-12T06:24:32.000Z</time>
      </trkpt>
      <trkpt lat="47.832122" lon="15.423167">
        <ele>877.098402</ele>
        <time>2026-05-12T06:24:33.000Z</time>
      </trkpt>
      <trkpt lat="47.832093" lon="15.423150">
        <ele>877.152115</ele>
        <time>2026-05-12T06:24:34.000Z</time>
      </trkpt>
      <trkpt lat="47.832061" lon="15.423131">
        <ele>877.211487</ele>
        <time>2026-05-12T06:24:35.000Z</time>
      </trkpt>
      <trkpt lat="47.832032" lon="15.423110">
        <ele>877.267062</ele>
        <time>2026-05-12T06:24:36.000Z</time>
      </trkpt>
      <trkpt lat="47.832004" lon="15.423087">
        <ele>877.322171</ele>
        <time>2026-05-12T06:24:37.000Z</time>
      </trkpt>
      <trkpt lat="47.831976" lon="15.423062">
        <ele>877.378434</ele>
        <time>2026-05-12T06:24:38.000Z</time>
      </trkpt>
      <trkpt lat="47.831947" lon="15.423039">
        <ele>877.435058</ele>
        <time>2026-05-12T06:24:39.000Z</time>
      </trkpt>
      <trkpt lat="47.831914" lon="15.423018">
        <ele>877.496907</ele>
        <time>2026-05-12T06:24:40.000Z</time>
      </trkpt>
      <trkpt lat="47.831884" lon="15.422995">
        <ele>877.555058</ele>
        <time>2026-05-12T06:24:41.000Z</time>
      </trkpt>
      <trkpt lat="47.831852" lon="15.422967">
        <ele>877.619021</ele>
        <time>2026-05-12T06:24:42.000Z</time>
      </trkpt>
      <trkpt lat="47.831822" lon="15.422935">
        <ele>877.682616</ele>
        <time>2026-05-12T06:24:43.000Z</time>
      </trkpt>
      <trkpt lat="47.831796" lon="15.422908">
        <ele>877.737241</ele>
        <time>2026-05-12T06:24:44.000Z</time>
      </trkpt>
      <trkpt lat="47.831756" lon="15.422870">
        <ele>877.819008</ele>
        <time>2026-05-12T06:24:45.000Z</time>
      </trkpt>
      <trkpt lat="47.831731" lon="15.422844">
        <ele>877.871558</ele>
        <time>2026-05-12T06:24:46.000Z</time>
      </trkpt>
      <trkpt lat="47.831693" lon="15.422803">
        <ele>877.952427</ele>
        <time>2026-05-12T06:24:47.000Z</time>
      </trkpt>
      <trkpt lat="47.831662" lon="15.422766">
        <ele>878.020891</ele>
        <time>2026-05-12T06:24:48.000Z</time>
      </trkpt>
      <trkpt lat="47.831630" lon="15.422730">
        <ele>878.090004</ele>
        <time>2026-05-12T06:24:49.000Z</time>
      </trkpt>
      <trkpt lat="47.831598" lon="15.422692">
        <ele>878.160537</ele>
        <time>2026-05-12T06:24:50.000Z</time>
      </trkpt>
      <trkpt lat="47.831573" lon="15.422660">
        <ele>878.217347</ele>
        <time>2026-05-12T06:24:51.000Z</time>
      </trkpt>
      <trkpt lat="47.831541" lon="15.422619">
        <ele>878.290094</ele>
        <time>2026-05-12T06:24:52.000Z</time>
      </trkpt>
      <trkpt lat="47.831501" lon="15.422572">
        <ele>878.377900</ele>
        <time>2026-05-12T06:24:53.000Z</time>
      </trkpt>
      <trkpt lat="47.831468" lon="15.422531">
        <ele>878.451962</ele>
        <time>2026-05-12T06:24:54.000Z</time>
      </trkpt>
      <trkpt lat="47.831435" lon="15.422487">
        <ele>878.528294</ele>
        <time>2026-05-12T06:24:55.000Z</time>
      </trkpt>
      <trkpt lat="47.831402" lon="15.422441">
        <ele>878.606189</ele>
        <time>2026-05-12T06:24:56.000Z</time>
      </trkpt>
      <trkpt lat="47.831367" lon="15.422395">
        <ele>878.686634</ele>
        <time>2026-05-12T06:24:57.000Z</time>
      </trkpt>
      <trkpt lat="47.831334" lon="15.422350">
        <ele>878.763743</ele>
        <time>2026-05-12T06:24:58.000Z</time>
      </trkpt>
      <trkpt lat="47.831300" lon="15.422303">
        <ele>878.843687</ele>
        <time>2026-05-12T06:24:59.000Z</time>
      </trkpt>
      <trkpt lat="47.831270" lon="15.422251">
        <ele>878.923017</ele>
        <time>2026-05-12T06:25:00.000Z</time>
      </trkpt>
      <trkpt lat="47.831238" lon="15.422196">
        <ele>879.007228</ele>
        <time>2026-05-12T06:25:01.000Z</time>
      </trkpt>
      <trkpt lat="47.831204" lon="15.422142">
        <ele>879.092887</ele>
        <time>2026-05-12T06:25:02.000Z</time>
      </trkpt>
      <trkpt lat="47.831172" lon="15.422087">
        <ele>879.177097</ele>
        <time>2026-05-12T06:25:03.000Z</time>
      </trkpt>
      <trkpt lat="47.831144" lon="15.422030">
        <ele>879.258818</ele>
        <time>2026-05-12T06:25:04.000Z</time>
      </trkpt>
      <trkpt lat="47.831114" lon="15.421969">
        <ele>879.346310</ele>
        <time>2026-05-12T06:25:05.000Z</time>
      </trkpt>
      <trkpt lat="47.831088" lon="15.421907">
        <ele>879.430891</ele>
        <time>2026-05-12T06:25:06.000Z</time>
      </trkpt>
      <trkpt lat="47.831069" lon="15.421856">
        <ele>879.498377</ele>
        <time>2026-05-12T06:25:07.000Z</time>
      </trkpt>
      <trkpt lat="47.831044" lon="15.421791">
        <ele>879.585052</ele>
        <time>2026-05-12T06:25:08.000Z</time>
      </trkpt>
      <trkpt lat="47.831019" lon="15.421722">
        <ele>879.675773</ele>
        <time>2026-05-12T06:25:09.000Z</time>
      </trkpt>
      <trkpt lat="47.830996" lon="15.421653">
        <ele>879.747925</ele>
        <time>2026-05-12T06:25:10.000Z</time>
      </trkpt>
      <trkpt lat="47.830972" lon="15.421585">
        <ele>879.804063</ele>
        <time>2026-05-12T06:25:11.000Z</time>
      </trkpt>
      <trkpt lat="47.830947" lon="15.421517">
        <ele>879.860716</ele>
        <time>2026-05-12T06:25:12.000Z</time>
      </trkpt>
      <trkpt lat="47.830915" lon="15.421437">
        <ele>879.928764</ele>
        <time>2026-05-12T06:25:13.000Z</time>
      </trkpt>
      <trkpt lat="47.830884" lon="15.421372">
        <ele>879.987027</ele>
        <time>2026-05-12T06:25:14.000Z</time>
      </trkpt>
      <trkpt lat="47.830853" lon="15.421309">
        <ele>880.044105</ele>
        <time>2026-05-12T06:25:15.000Z</time>
      </trkpt>
      <trkpt lat="47.830822" lon="15.421249">
        <ele>880.099431</ele>
        <time>2026-05-12T06:25:16.000Z</time>
      </trkpt>
      <trkpt lat="47.830790" lon="15.421194">
        <ele>880.152614</ele>
        <time>2026-05-12T06:25:17.000Z</time>
      </trkpt>
      <trkpt lat="47.830758" lon="15.421143">
        <ele>880.203625</ele>
        <time>2026-05-12T06:25:18.000Z</time>
      </trkpt>
      <trkpt lat="47.830730" lon="15.421094">
        <ele>880.250646</ele>
        <time>2026-05-12T06:25:19.000Z</time>
      </trkpt>
      <trkpt lat="47.830703" lon="15.421049">
        <ele>880.294748</ele>
        <time>2026-05-12T06:25:20.000Z</time>
      </trkpt>
      <trkpt lat="47.830677" lon="15.421008">
        <ele>880.335961</ele>
        <time>2026-05-12T06:25:21.000Z</time>
      </trkpt>
      <trkpt lat="47.830655" lon="15.420966">
        <ele>880.374889</ele>
        <time>2026-05-12T06:25:22.000Z</time>
      </trkpt>
      <trkpt lat="47.830633" lon="15.420924">
        <ele>880.413817</ele>
        <time>2026-05-12T06:25:23.000Z</time>
      </trkpt>
      <trkpt lat="47.830613" lon="15.420885">
        <ele>880.449679</ele>
        <time>2026-05-12T06:25:24.000Z</time>
      </trkpt>
      <trkpt lat="47.830594" lon="15.420849">
        <ele>880.483141</ele>
        <time>2026-05-12T06:25:25.000Z</time>
      </trkpt>
      <trkpt lat="47.830576" lon="15.420813">
        <ele>880.515942</ele>
        <time>2026-05-12T06:25:26.000Z</time>
      </trkpt>
      <trkpt lat="47.830559" lon="15.420778">
        <ele>880.547510</ele>
        <time>2026-05-12T06:25:27.000Z</time>
      </trkpt>
      <trkpt lat="47.830545" lon="15.420743">
        <ele>880.577281</ele>
        <time>2026-05-12T06:25:28.000Z</time>
      </trkpt>
      <trkpt lat="47.830531" lon="15.420708">
        <ele>880.607053</ele>
        <time>2026-05-12T06:25:29.000Z</time>
      </trkpt>
      <trkpt lat="47.830518" lon="15.420673">
        <ele>880.636282</ele>
        <time>2026-05-12T06:25:30.000Z</time>
      </trkpt>
      <trkpt lat="47.830508" lon="15.420641">
        <ele>880.662075</ele>
        <time>2026-05-12T06:25:31.000Z</time>
      </trkpt>
      <trkpt lat="47.830497" lon="15.420607">
        <ele>880.689654</ele>
        <time>2026-05-12T06:25:32.000Z</time>
      </trkpt>
      <trkpt lat="47.830488" lon="15.420574">
        <ele>880.715682</ele>
        <time>2026-05-12T06:25:33.000Z</time>
      </trkpt>
      <trkpt lat="47.830485" lon="15.420541">
        <ele>880.740017</ele>
        <time>2026-05-12T06:25:34.000Z</time>
      </trkpt>
      <trkpt lat="47.830478" lon="15.420509">
        <ele>880.764610</ele>
        <time>2026-05-12T06:25:35.000Z</time>
      </trkpt>
      <trkpt lat="47.830474" lon="15.420475">
        <ele>880.789834</ele>
        <time>2026-05-12T06:25:36.000Z</time>
      </trkpt>
      <trkpt lat="47.830475" lon="15.420441">
        <ele>880.814703</ele>
        <time>2026-05-12T06:25:37.000Z</time>
      </trkpt>
      <trkpt lat="47.830478" lon="15.420407">
        <ele>880.839761</ele>
        <time>2026-05-12T06:25:38.000Z</time>
      </trkpt>
      <trkpt lat="47.830485" lon="15.420377">
        <ele>880.862970</ele>
        <time>2026-05-12T06:25:39.000Z</time>
      </trkpt>
      <trkpt lat="47.830495" lon="15.420349">
        <ele>880.886145</ele>
        <time>2026-05-12T06:25:40.000Z</time>
      </trkpt>
      <trkpt lat="47.830502" lon="15.420320">
        <ele>880.908665</ele>
        <time>2026-05-12T06:25:41.000Z</time>
      </trkpt>
      <trkpt lat="47.830511" lon="15.420293">
        <ele>880.930693</ele>
        <time>2026-05-12T06:25:42.000Z</time>
      </trkpt>
      <trkpt lat="47.830524" lon="15.420267">
        <ele>880.954382</ele>
        <time>2026-05-12T06:25:43.000Z</time>
      </trkpt>
      <trkpt lat="47.830543" lon="15.420245">
        <ele>880.980577</ele>
        <time>2026-05-12T06:25:44.000Z</time>
      </trkpt>
      <trkpt lat="47.830564" lon="15.420220">
        <ele>881.009839</ele>
        <time>2026-05-12T06:25:45.000Z</time>
      </trkpt>
      <trkpt lat="47.830578" lon="15.420193">
        <ele>881.034768</ele>
        <time>2026-05-12T06:25:46.000Z</time>
      </trkpt>
      <trkpt lat="47.830596" lon="15.420169">
        <ele>881.061064</ele>
        <time>2026-05-12T06:25:47.000Z</time>
      </trkpt>
      <trkpt lat="47.830618" lon="15.420152">
        <ele>881.088041</ele>
        <time>2026-05-12T06:25:48.000Z</time>
      </trkpt>
      <trkpt lat="47.830641" lon="15.420140">
        <ele>881.114567</ele>
        <time>2026-05-12T06:25:49.000Z</time>
      </trkpt>
      <trkpt lat="47.830661" lon="15.420132">
        <ele>881.137108</ele>
        <time>2026-05-12T06:25:50.000Z</time>
      </trkpt>
      <trkpt lat="47.830681" lon="15.420135">
        <ele>881.158988</ele>
        <time>2026-05-12T06:25:51.000Z</time>
      </trkpt>
      <trkpt lat="47.830696" lon="15.420139">
        <ele>881.175575</ele>
        <time>2026-05-12T06:25:52.000Z</time>
      </trkpt>
      <trkpt lat="47.830701" lon="15.420141">
        <ele>881.181210</ele>
        <time>2026-05-12T06:25:53.000Z</time>
      </trkpt>
      <trkpt lat="47.830701" lon="15.420141">
        <ele>881.181210</ele>
        <time>2026-05-12T06:25:54.000Z</time>
      </trkpt>
      <trkpt lat="47.830751" lon="15.420126">
        <ele>881.236728</ele>
        <time>2026-05-12T06:28:54.000Z</time>
      </trkpt>
      <trkpt lat="47.830773" lon="15.420122">
        <ele>881.260852</ele>
        <time>2026-05-12T06:28:55.000Z</time>
      </trkpt>
      <trkpt lat="47.830801" lon="15.420116">
        <ele>881.291644</ele>
        <time>2026-05-12T06:28:56.000Z</time>
      </trkpt>
      <trkpt lat="47.830831" lon="15.420110">
        <ele>881.324592</ele>
        <time>2026-05-12T06:28:57.000Z</time>
      </trkpt>
      <trkpt lat="47.830863" lon="15.420106">
        <ele>881.359546</ele>
        <time>2026-05-12T06:28:58.000Z</time>
      </trkpt>
      <trkpt lat="47.830895" lon="15.420101">
        <ele>881.394569</ele>
        <time>2026-05-12T06:28:59.000Z</time>
      </trkpt>
      <trkpt lat="47.830927" lon="15.420100">
        <ele>881.429408</ele>
        <time>2026-05-12T06:29:00.000Z</time>
      </trkpt>
      <trkpt lat="47.830959" lon="15.420101">
        <ele>881.464247</ele>
        <time>2026-05-12T06:29:01.000Z</time>
      </trkpt>
      <trkpt lat="47.830994" lon="15.420098">
        <ele>881.502408</ele>
        <time>2026-05-12T06:29:02.000Z</time>
      </trkpt>
      <trkpt lat="47.831032" lon="15.420096">
        <ele>881.543796</ele>
        <time>2026-05-12T06:29:03.000Z</time>
      </trkpt>
      <trkpt lat="47.831072" lon="15.420094">
        <ele>881.587360</ele>
        <time>2026-05-12T06:29:04.000Z</time>
      </trkpt>
      <trkpt lat="47.831114" lon="15.420092">
        <ele>881.633100</ele>
        <time>2026-05-12T06:29:05.000Z</time>
      </trkpt>
      <trkpt lat="47.831158" lon="15.420090">
        <ele>881.659496</ele>
        <time>2026-05-12T06:29:06.000Z</time>
      </trkpt>
      <trkpt lat="47.831202" lon="15.420089">
        <ele>881.472785</ele>
        <time>2026-05-12T06:29:07.000Z</time>
      </trkpt>
      <trkpt lat="47.831248" lon="15.420083">
        <ele>881.276862</ele>
        <time>2026-05-12T06:29:08.000Z</time>
      </trkpt>
      <trkpt lat="47.831297" lon="15.420076">
        <ele>881.068004</ele>
        <time>2026-05-12T06:29:09.000Z</time>
      </trkpt>
      <trkpt lat="47.831348" lon="15.420075">
        <ele>880.851595</ele>
        <time>2026-05-12T06:29:10.000Z</time>
      </trkpt>
      <trkpt lat="47.831402" lon="15.420075">
        <ele>880.622476</ele>
        <time>2026-05-12T06:29:11.000Z</time>
      </trkpt>
      <trkpt lat="47.831460" lon="15.420074">
        <ele>880.376369</ele>
        <time>2026-05-12T06:29:12.000Z</time>
      </trkpt>
      <trkpt lat="47.831523" lon="15.420070">
        <ele>880.108820</ele>
        <time>2026-05-12T06:29:13.000Z</time>
      </trkpt>
      <trkpt lat="47.831588" lon="15.420068">
        <ele>879.832970</ele>
        <time>2026-05-12T06:29:14.000Z</time>
      </trkpt>
      <trkpt lat="47.831656" lon="15.420064">
        <ele>879.544225</ele>
        <time>2026-05-12T06:29:15.000Z</time>
      </trkpt>
      <trkpt lat="47.831726" lon="15.420059">
        <ele>879.246878</ele>
        <time>2026-05-12T06:29:16.000Z</time>
      </trkpt>
      <trkpt lat="47.831796" lon="15.420045">
        <ele>878.947206</ele>
        <time>2026-05-12T06:29:17.000Z</time>
      </trkpt>
      <trkpt lat="47.831864" lon="15.420021">
        <ele>878.650698</ele>
        <time>2026-05-12T06:29:18.000Z</time>
      </trkpt>
      <trkpt lat="47.831932" lon="15.419986">
        <ele>878.345440</ele>
        <time>2026-05-12T06:29:19.000Z</time>
      </trkpt>
      <trkpt lat="47.831997" lon="15.419947">
        <ele>878.048118</ele>
        <time>2026-05-12T06:29:20.000Z</time>
      </trkpt>
      <trkpt lat="47.832061" lon="15.419910">
        <ele>877.756836</ele>
        <time>2026-05-12T06:29:21.000Z</time>
      </trkpt>
      <trkpt lat="47.832125" lon="15.419872">
        <ele>877.464511</ele>
        <time>2026-05-12T06:29:22.000Z</time>
      </trkpt>
      <trkpt lat="47.832191" lon="15.419833">
        <ele>877.163249</ele>
        <time>2026-05-12T06:29:23.000Z</time>
      </trkpt>
      <trkpt lat="47.832255" lon="15.419793">
        <ele>876.868768</ele>
        <time>2026-05-12T06:29:24.000Z</time>
      </trkpt>
      <trkpt lat="47.832320" lon="15.419751">
        <ele>876.568149</ele>
        <time>2026-05-12T06:29:25.000Z</time>
      </trkpt>
      <trkpt lat="47.832387" lon="15.419711">
        <ele>876.261891</ele>
        <time>2026-05-12T06:29:26.000Z</time>
      </trkpt>
      <trkpt lat="47.832456" lon="15.419668">
        <ele>875.944541</ele>
        <time>2026-05-12T06:29:27.000Z</time>
      </trkpt>
      <trkpt lat="47.832523" lon="15.419616">
        <ele>875.623994</ele>
        <time>2026-05-12T06:29:28.000Z</time>
      </trkpt>
      <trkpt lat="47.832584" lon="15.419550">
        <ele>875.304108</ele>
        <time>2026-05-12T06:29:29.000Z</time>
      </trkpt>
      <trkpt lat="47.832640" lon="15.419480">
        <ele>874.993933</ele>
        <time>2026-05-12T06:29:30.000Z</time>
      </trkpt>
      <trkpt lat="47.832691" lon="15.419409">
        <ele>874.697756</ele>
        <time>2026-05-12T06:29:31.000Z</time>
      </trkpt>
      <trkpt lat="47.832738" lon="15.419332">
        <ele>874.401331</ele>
        <time>2026-05-12T06:29:32.000Z</time>
      </trkpt>
      <trkpt lat="47.832782" lon="15.419254">
        <ele>874.111140</ele>
        <time>2026-05-12T06:29:33.000Z</time>
      </trkpt>
      <trkpt lat="47.832823" lon="15.419178">
        <ele>873.980171</ele>
        <time>2026-05-12T06:29:34.000Z</time>
      </trkpt>
      <trkpt lat="47.832863" lon="15.419104">
        <ele>873.897181</ele>
        <time>2026-05-12T06:29:35.000Z</time>
      </trkpt>
      <trkpt lat="47.832902" lon="15.419029">
        <ele>873.814312</ele>
        <time>2026-05-12T06:29:36.000Z</time>
      </trkpt>
      <trkpt lat="47.832940" lon="15.418954">
        <ele>873.732233</ele>
        <time>2026-05-12T06:29:37.000Z</time>
      </trkpt>
      <trkpt lat="47.832975" lon="15.418878">
        <ele>873.651727</ele>
        <time>2026-05-12T06:29:38.000Z</time>
      </trkpt>
      <trkpt lat="47.833012" lon="15.418801">
        <ele>873.569012</ele>
        <time>2026-05-12T06:29:39.000Z</time>
      </trkpt>
      <trkpt lat="47.833049" lon="15.418727">
        <ele>873.488413</ele>
        <time>2026-05-12T06:29:40.000Z</time>
      </trkpt>
      <trkpt lat="47.833087" lon="15.418652">
        <ele>873.406335</ele>
        <time>2026-05-12T06:29:41.000Z</time>
      </trkpt>
      <trkpt lat="47.833123" lon="15.418575">
        <ele>873.324370</ele>
        <time>2026-05-12T06:29:42.000Z</time>
      </trkpt>
      <trkpt lat="47.833161" lon="15.418499">
        <ele>873.241593</ele>
        <time>2026-05-12T06:29:43.000Z</time>
      </trkpt>
      <trkpt lat="47.833198" lon="15.418424">
        <ele>873.160292</ele>
        <time>2026-05-12T06:29:44.000Z</time>
      </trkpt>
      <trkpt lat="47.833238" lon="15.418353">
        <ele>873.079327</ele>
        <time>2026-05-12T06:29:45.000Z</time>
      </trkpt>
      <trkpt lat="47.833277" lon="15.418285">
        <ele>873.001202</ele>
        <time>2026-05-12T06:29:46.000Z</time>
      </trkpt>
      <trkpt lat="47.833318" lon="15.418221">
        <ele>872.923927</ele>
        <time>2026-05-12T06:29:47.000Z</time>
      </trkpt>
      <trkpt lat="47.833361" lon="15.418160">
        <ele>872.846663</ele>
        <time>2026-05-12T06:29:48.000Z</time>
      </trkpt>
      <trkpt lat="47.833402" lon="15.418102">
        <ele>872.773090</ele>
        <time>2026-05-12T06:29:49.000Z</time>
      </trkpt>
      <trkpt lat="47.833436" lon="15.418035">
        <ele>872.699725</ele>
        <time>2026-05-12T06:29:50.000Z</time>
      </trkpt>
      <trkpt lat="47.833458" lon="15.417966">
        <ele>872.633001</ele>
        <time>2026-05-12T06:29:51.000Z</time>
      </trkpt>
      <trkpt lat="47.833462" lon="15.417896">
        <ele>872.571635</ele>
        <time>2026-05-12T06:29:52.000Z</time>
      </trkpt>
      <trkpt lat="47.833450" lon="15.417833">
        <ele>872.514433</ele>
        <time>2026-05-12T06:29:53.000Z</time>
      </trkpt>
      <trkpt lat="47.833423" lon="15.417785">
        <ele>872.459731</ele>
        <time>2026-05-12T06:29:54.000Z</time>
      </trkpt>
      <trkpt lat="47.833389" lon="15.417753">
        <ele>872.407399</ele>
        <time>2026-05-12T06:29:55.000Z</time>
      </trkpt>
      <trkpt lat="47.833350" lon="15.417741">
        <ele>872.355580</ele>
        <time>2026-05-12T06:29:56.000Z</time>
      </trkpt>
      <trkpt lat="47.833308" lon="15.417744">
        <ele>872.300866</ele>
        <time>2026-05-12T06:29:57.000Z</time>
      </trkpt>
      <trkpt lat="47.833268" lon="15.417757">
        <ele>872.247593</ele>
        <time>2026-05-12T06:29:58.000Z</time>
      </trkpt>
      <trkpt lat="47.833231" lon="15.417783">
        <ele>872.194360</ele>
        <time>2026-05-12T06:29:59.000Z</time>
      </trkpt>
      <trkpt lat="47.833194" lon="15.417815">
        <ele>872.138689</ele>
        <time>2026-05-12T06:30:00.000Z</time>
      </trkpt>
      <trkpt lat="47.833151" lon="15.417853">
        <ele>872.073632</ele>
        <time>2026-05-12T06:30:01.000Z</time>
      </trkpt>
      <trkpt lat="47.833122" lon="15.417878">
        <ele>872.030033</ele>
        <time>2026-05-12T06:30:02.000Z</time>
      </trkpt>
      <trkpt lat="47.833086" lon="15.417905">
        <ele>871.977587</ele>
        <time>2026-05-12T06:30:03.000Z</time>
      </trkpt>
      <trkpt lat="47.833051" lon="15.417937">
        <ele>871.924151</ele>
        <time>2026-05-12T06:30:04.000Z</time>
      </trkpt>
      <trkpt lat="47.833015" lon="15.417971">
        <ele>871.868685</ele>
        <time>2026-05-12T06:30:05.000Z</time>
      </trkpt>
      <trkpt lat="47.832978" lon="15.418001">
        <ele>871.813871</ele>
        <time>2026-05-12T06:30:06.000Z</time>
      </trkpt>
      <trkpt lat="47.832938" lon="15.418026">
        <ele>871.757426</ele>
        <time>2026-05-12T06:30:07.000Z</time>
      </trkpt>
      <trkpt lat="47.832901" lon="15.418056">
        <ele>871.702090</ele>
        <time>2026-05-12T06:30:08.000Z</time>
      </trkpt>
      <trkpt lat="47.832868" lon="15.418094">
        <ele>871.633898</ele>
        <time>2026-05-12T06:30:09.000Z</time>
      </trkpt>
      <trkpt lat="47.832828" lon="15.418141">
        <ele>871.550605</ele>
        <time>2026-05-12T06:30:10.000Z</time>
      </trkpt>
      <trkpt lat="47.832802" lon="15.418173">
        <ele>871.495466</ele>
        <time>2026-05-12T06:30:11.000Z</time>
      </trkpt>
      <trkpt lat="47.832765" lon="15.418208">
        <ele>871.423808</ele>
        <time>2026-05-12T06:30:12.000Z</time>
      </trkpt>
      <trkpt lat="47.832725" lon="15.418250">
        <ele>871.343798</ele>
        <time>2026-05-12T06:30:13.000Z</time>
      </trkpt>
      <trkpt lat="47.832686" lon="15.418292">
        <ele>871.265119</ele>
        <time>2026-05-12T06:30:14.000Z</time>
      </trkpt>
      <trkpt lat="47.832644" lon="15.418335">
        <ele>871.181798</ele>
        <time>2026-05-12T06:30:15.000Z</time>
      </trkpt>
      <trkpt lat="47.832600" lon="15.418376">
        <ele>871.096947</ele>
        <time>2026-05-12T06:30:16.000Z</time>
      </trkpt>
      <trkpt lat="47.832558" lon="15.418405">
        <ele>871.021262</ele>
        <time>2026-05-12T06:30:17.000Z</time>
      </trkpt>
      <trkpt lat="47.832520" lon="15.418446">
        <ele>870.944551</ele>
        <time>2026-05-12T06:30:18.000Z</time>
      </trkpt>
      <trkpt lat="47.832484" lon="15.418489">
        <ele>870.869110</ele>
        <time>2026-05-12T06:30:19.000Z</time>
      </trkpt>
      <trkpt lat="47.832450" lon="15.418533">
        <ele>870.795476</ele>
        <time>2026-05-12T06:30:20.000Z</time>
      </trkpt>
      <trkpt lat="47.832413" lon="15.418582">
        <ele>870.714535</ele>
        <time>2026-05-12T06:30:21.000Z</time>
      </trkpt>
      <trkpt lat="47.832372" lon="15.418628">
        <ele>870.630617</ele>
        <time>2026-05-12T06:30:22.000Z</time>
      </trkpt>
      <trkpt lat="47.832330" lon="15.418669">
        <ele>870.548520</ele>
        <time>2026-05-12T06:30:23.000Z</time>
      </trkpt>
      <trkpt lat="47.832290" lon="15.418715">
        <ele>870.465903</ele>
        <time>2026-05-12T06:30:24.000Z</time>
      </trkpt>
      <trkpt lat="47.832249" lon="15.418759">
        <ele>870.383287</ele>
        <time>2026-05-12T06:30:25.000Z</time>
      </trkpt>
      <trkpt lat="47.832207" lon="15.418804">
        <ele>870.298704</ele>
        <time>2026-05-12T06:30:26.000Z</time>
      </trkpt>
      <trkpt lat="47.832161" lon="15.418843">
        <ele>870.212169</ele>
        <time>2026-05-12T06:30:27.000Z</time>
      </trkpt>
      <trkpt lat="47.832113" lon="15.418879">
        <ele>870.124308</ele>
        <time>2026-05-12T06:30:28.000Z</time>
      </trkpt>
      <trkpt lat="47.832061" lon="15.418911">
        <ele>870.032323</ele>
        <time>2026-05-12T06:30:29.000Z</time>
      </trkpt>
      <trkpt lat="47.832010" lon="15.418944">
        <ele>869.941416</ele>
        <time>2026-05-12T06:30:30.000Z</time>
      </trkpt>
      <trkpt lat="47.831958" lon="15.418973">
        <ele>869.850637</ele>
        <time>2026-05-12T06:30:31.000Z</time>
      </trkpt>
      <trkpt lat="47.831904" lon="15.419000">
        <ele>869.757511</ele>
        <time>2026-05-12T06:30:32.000Z</time>
      </trkpt>
      <trkpt lat="47.831848" lon="15.419019">
        <ele>869.663610</ele>
        <time>2026-05-12T06:30:33.000Z</time>
      </trkpt>
      <trkpt lat="47.831790" lon="15.419028">
        <ele>869.568272</ele>
        <time>2026-05-12T06:30:34.000Z</time>
      </trkpt>
      <trkpt lat="47.831731" lon="15.419029">
        <ele>869.471805</ele>
        <time>2026-05-12T06:30:35.000Z</time>
      </trkpt>
      <trkpt lat="47.831673" lon="15.419018">
        <ele>869.376214</ele>
        <time>2026-05-12T06:30:36.000Z</time>
      </trkpt>
      <trkpt lat="47.831614" lon="15.419002">
        <ele>869.278168</ele>
        <time>2026-05-12T06:30:37.000Z</time>
      </trkpt>
      <trkpt lat="47.831559" lon="15.418975">
        <ele>869.183490</ele>
        <time>2026-05-12T06:30:38.000Z</time>
      </trkpt>
      <trkpt lat="47.831506" lon="15.418934">
        <ele>869.085852</ele>
        <time>2026-05-12T06:30:39.000Z</time>
      </trkpt>
      <trkpt lat="47.831455" lon="15.418889">
        <ele>868.988941</ele>
        <time>2026-05-12T06:30:40.000Z</time>
      </trkpt>
      <trkpt lat="47.831405" lon="15.418840">
        <ele>868.891090</ele>
        <time>2026-05-12T06:30:41.000Z</time>
      </trkpt>
      <trkpt lat="47.831359" lon="15.418783">
        <ele>868.793265</ele>
        <time>2026-05-12T06:30:42.000Z</time>
      </trkpt>
      <trkpt lat="47.831317" lon="15.418724">
        <ele>868.683104</ele>
        <time>2026-05-12T06:30:43.000Z</time>
      </trkpt>
      <trkpt lat="47.831278" lon="15.418664">
        <ele>868.569234</ele>
        <time>2026-05-12T06:30:44.000Z</time>
      </trkpt>
      <trkpt lat="47.831243" lon="15.418601">
        <ele>868.457738</ele>
        <time>2026-05-12T06:30:45.000Z</time>
      </trkpt>
      <trkpt lat="47.831209" lon="15.418532">
        <ele>868.341037</ele>
        <time>2026-05-12T06:30:46.000Z</time>
      </trkpt>
      <trkpt lat="47.831174" lon="15.418463">
        <ele>868.223123</ele>
        <time>2026-05-12T06:30:47.000Z</time>
      </trkpt>
      <trkpt lat="47.831142" lon="15.418393">
        <ele>868.107654</ele>
        <time>2026-05-12T06:30:48.000Z</time>
      </trkpt>
      <trkpt lat="47.831109" lon="15.418321">
        <ele>867.988788</ele>
        <time>2026-05-12T06:30:49.000Z</time>
      </trkpt>
      <trkpt lat="47.831079" lon="15.418251">
        <ele>867.875556</ele>
        <time>2026-05-12T06:30:50.000Z</time>
      </trkpt>
      <trkpt lat="47.831048" lon="15.418182">
        <ele>867.762353</ele>
        <time>2026-05-12T06:30:51.000Z</time>
      </trkpt>
      <trkpt lat="47.831017" lon="15.418114">
        <ele>867.650282</ele>
        <time>2026-05-12T06:30:52.000Z</time>
      </trkpt>
      <trkpt lat="47.830984" lon="15.418047">
        <ele>867.536980</ele>
        <time>2026-05-12T06:30:53.000Z</time>
      </trkpt>
      <trkpt lat="47.830951" lon="15.417977">
        <ele>867.420356</ele>
        <time>2026-05-12T06:30:54.000Z</time>
      </trkpt>
      <trkpt lat="47.830921" lon="15.417905">
        <ele>867.304816</ele>
        <time>2026-05-12T06:30:55.000Z</time>
      </trkpt>
      <trkpt lat="47.830885" lon="15.417837">
        <ele>867.186739</ele>
        <time>2026-05-12T06:30:56.000Z</time>
      </trkpt>
      <trkpt lat="47.830846" lon="15.417772">
        <ele>867.067876</ele>
        <time>2026-05-12T06:30:57.000Z</time>
      </trkpt>
      <trkpt lat="47.830802" lon="15.417712">
        <ele>866.946722</ele>
        <time>2026-05-12T06:30:58.000Z</time>
      </trkpt>
      <trkpt lat="47.830754" lon="15.417657">
        <ele>866.823728</ele>
        <time>2026-05-12T06:30:59.000Z</time>
      </trkpt>
      <trkpt lat="47.830707" lon="15.417603">
        <ele>866.703175</ele>
        <time>2026-05-12T06:31:00.000Z</time>
      </trkpt>
      <trkpt lat="47.830660" lon="15.417549">
        <ele>866.582622</ele>
        <time>2026-05-12T06:31:01.000Z</time>
      </trkpt>
      <trkpt lat="47.830613" lon="15.417497">
        <ele>866.463715</ele>
        <time>2026-05-12T06:31:02.000Z</time>
      </trkpt>
      <trkpt lat="47.830563" lon="15.417447">
        <ele>866.341404</ele>
        <time>2026-05-12T06:31:03.000Z</time>
      </trkpt>
      <trkpt lat="47.830507" lon="15.417409">
        <ele>866.216423</ele>
        <time>2026-05-12T06:31:04.000Z</time>
      </trkpt>
      <trkpt lat="47.830447" lon="15.417387">
        <ele>866.090925</ele>
        <time>2026-05-12T06:31:05.000Z</time>
      </trkpt>
      <trkpt lat="47.830386" lon="15.417385">
        <ele>865.967004</ele>
        <time>2026-05-12T06:31:06.000Z</time>
      </trkpt>
      <trkpt lat="47.830325" lon="15.417404">
        <ele>865.840433</ele>
        <time>2026-05-12T06:31:07.000Z</time>
      </trkpt>
      <trkpt lat="47.830268" lon="15.417436">
        <ele>865.716717</ele>
        <time>2026-05-12T06:31:08.000Z</time>
      </trkpt>
      <trkpt lat="47.830217" lon="15.417477">
        <ele>865.599013</ele>
        <time>2026-05-12T06:31:09.000Z</time>
      </trkpt>
      <trkpt lat="47.830176" lon="15.417527">
        <ele>865.491395</ele>
        <time>2026-05-12T06:31:10.000Z</time>
      </trkpt>
      <trkpt lat="47.830143" lon="15.417591">
        <ele>865.381364</ele>
        <time>2026-05-12T06:31:11.000Z</time>
      </trkpt>
      <trkpt lat="47.830118" lon="15.417644">
        <ele>865.293045</ele>
        <time>2026-05-12T06:31:12.000Z</time>
      </trkpt>
      <trkpt lat="47.830080" lon="15.417723">
        <ele>865.160535</ele>
        <time>2026-05-12T06:31:13.000Z</time>
      </trkpt>
      <trkpt lat="47.830052" lon="15.417791">
        <ele>865.061914</ele>
        <time>2026-05-12T06:31:14.000Z</time>
      </trkpt>
      <trkpt lat="47.830020" lon="15.417850">
        <ele>864.976225</ele>
        <time>2026-05-12T06:31:15.000Z</time>
      </trkpt>
      <trkpt lat="47.829985" lon="15.417909">
        <ele>864.887277</ele>
        <time>2026-05-12T06:31:16.000Z</time>
      </trkpt>
      <trkpt lat="47.829954" lon="15.417971">
        <ele>864.799942</ele>
        <time>2026-05-12T06:31:17.000Z</time>
      </trkpt>
      <trkpt lat="47.829923" lon="15.418033">
        <ele>864.712607</ele>
        <time>2026-05-12T06:31:18.000Z</time>
      </trkpt>
      <trkpt lat="47.829886" lon="15.418090">
        <ele>864.623033</ele>
        <time>2026-05-12T06:31:19.000Z</time>
      </trkpt>
      <trkpt lat="47.829847" lon="15.418146">
        <ele>864.531875</ele>
        <time>2026-05-12T06:31:20.000Z</time>
      </trkpt>
      <trkpt lat="47.829806" lon="15.418203">
        <ele>864.437498</ele>
        <time>2026-05-12T06:31:21.000Z</time>
      </trkpt>
      <trkpt lat="47.829769" lon="15.418264">
        <ele>864.344622</ele>
        <time>2026-05-12T06:31:22.000Z</time>
      </trkpt>
      <trkpt lat="47.829732" lon="15.418326">
        <ele>864.250905</ele>
        <time>2026-05-12T06:31:23.000Z</time>
      </trkpt>
      <trkpt lat="47.829694" lon="15.418389">
        <ele>864.155225</ele>
        <time>2026-05-12T06:31:24.000Z</time>
      </trkpt>
      <trkpt lat="47.829654" lon="15.418453">
        <ele>864.056438</ele>
        <time>2026-05-12T06:31:25.000Z</time>
      </trkpt>
      <trkpt lat="47.829611" lon="15.418509">
        <ele>863.960321</ele>
        <time>2026-05-12T06:31:26.000Z</time>
      </trkpt>
      <trkpt lat="47.829568" lon="15.418564">
        <ele>863.864943</ele>
        <time>2026-05-12T06:31:27.000Z</time>
      </trkpt>
      <trkpt lat="47.829524" lon="15.418617">
        <ele>863.769719</ele>
        <time>2026-05-12T06:31:28.000Z</time>
      </trkpt>
      <trkpt lat="47.829482" lon="15.418673">
        <ele>863.674862</ele>
        <time>2026-05-12T06:31:29.000Z</time>
      </trkpt>
      <trkpt lat="47.829441" lon="15.418726">
        <ele>863.583508</ele>
        <time>2026-05-12T06:31:30.000Z</time>
      </trkpt>
      <trkpt lat="47.829393" lon="15.418775">
        <ele>863.485585</ele>
        <time>2026-05-12T06:31:31.000Z</time>
      </trkpt>
      <trkpt lat="47.829347" lon="15.418820">
        <ele>863.392974</ele>
        <time>2026-05-12T06:31:32.000Z</time>
      </trkpt>
      <trkpt lat="47.829301" lon="15.418866">
        <ele>863.299738</ele>
        <time>2026-05-12T06:31:33.000Z</time>
      </trkpt>
      <trkpt lat="47.829255" lon="15.418909">
        <ele>863.208348</ele>
        <time>2026-05-12T06:31:34.000Z</time>
      </trkpt>
      <trkpt lat="47.829207" lon="15.418948">
        <ele>863.116338</ele>
        <time>2026-05-12T06:31:35.000Z</time>
      </trkpt>
      <trkpt lat="47.829156" lon="15.418979">
        <ele>863.023644</ele>
        <time>2026-05-12T06:31:36.000Z</time>
      </trkpt>
      <trkpt lat="47.829103" lon="15.419006">
        <ele>862.929383</ele>
        <time>2026-05-12T06:31:37.000Z</time>
      </trkpt>
      <trkpt lat="47.829049" lon="15.419025">
        <ele>862.836010</ele>
        <time>2026-05-12T06:31:38.000Z</time>
      </trkpt>
      <trkpt lat="47.828994" lon="15.419030">
        <ele>862.743283</ele>
        <time>2026-05-12T06:31:39.000Z</time>
      </trkpt>
      <trkpt lat="47.828939" lon="15.419021">
        <ele>862.650172</ele>
        <time>2026-05-12T06:31:40.000Z</time>
      </trkpt>
      <trkpt lat="47.828885" lon="15.418998">
        <ele>862.555658</ele>
        <time>2026-05-12T06:31:41.000Z</time>
      </trkpt>
      <trkpt lat="47.828836" lon="15.418963">
        <ele>862.464209</ele>
        <time>2026-05-12T06:31:42.000Z</time>
      </trkpt>
      <trkpt lat="47.828788" lon="15.418921">
        <ele>862.370529</ele>
        <time>2026-05-12T06:31:43.000Z</time>
      </trkpt>
      <trkpt lat="47.828745" lon="15.418871">
        <ele>862.278730</ele>
        <time>2026-05-12T06:31:44.000Z</time>
      </trkpt>
      <trkpt lat="47.828704" lon="15.418813">
        <ele>862.183578</ele>
        <time>2026-05-12T06:31:45.000Z</time>
      </trkpt>
      <trkpt lat="47.828669" lon="15.418750">
        <ele>862.091194</ele>
        <time>2026-05-12T06:31:46.000Z</time>
      </trkpt>
      <trkpt lat="47.828637" lon="15.418684">
        <ele>862.054504</ele>
        <time>2026-05-12T06:31:47.000Z</time>
      </trkpt>
      <trkpt lat="47.828606" lon="15.418615">
        <ele>862.021747</ele>
        <time>2026-05-12T06:31:48.000Z</time>
      </trkpt>
      <trkpt lat="47.828575" lon="15.418546">
        <ele>861.988990</ele>
        <time>2026-05-12T06:31:49.000Z</time>
      </trkpt>
      <trkpt lat="47.828543" lon="15.418479">
        <ele>861.956549</ele>
        <time>2026-05-12T06:31:50.000Z</time>
      </trkpt>
      <trkpt lat="47.828512" lon="15.418411">
        <ele>861.924119</ele>
        <time>2026-05-12T06:31:51.000Z</time>
      </trkpt>
      <trkpt lat="47.828481" lon="15.418342">
        <ele>861.891363</ele>
        <time>2026-05-12T06:31:52.000Z</time>
      </trkpt>
      <trkpt lat="47.828452" lon="15.418271">
        <ele>861.858573</ele>
        <time>2026-05-12T06:31:53.000Z</time>
      </trkpt>
      <trkpt lat="47.828422" lon="15.418203">
        <ele>861.826470</ele>
        <time>2026-05-12T06:31:54.000Z</time>
      </trkpt>
      <trkpt lat="47.828391" lon="15.418134">
        <ele>861.793713</ele>
        <time>2026-05-12T06:31:55.000Z</time>
      </trkpt>
      <trkpt lat="47.828360" lon="15.418064">
        <ele>861.760627</ele>
        <time>2026-05-12T06:31:56.000Z</time>
      </trkpt>
      <trkpt lat="47.828328" lon="15.417993">
        <ele>861.726888</ele>
        <time>2026-05-12T06:31:57.000Z</time>
      </trkpt>
      <trkpt lat="47.828295" lon="15.417924">
        <ele>861.693463</ele>
        <time>2026-05-12T06:31:58.000Z</time>
      </trkpt>
      <trkpt lat="47.828262" lon="15.417856">
        <ele>861.660358</ele>
        <time>2026-05-12T06:31:59.000Z</time>
      </trkpt>
      <trkpt lat="47.828231" lon="15.417784">
        <ele>861.626611</ele>
        <time>2026-05-12T06:32:00.000Z</time>
      </trkpt>
      <trkpt lat="47.828200" lon="15.417712">
        <ele>861.592864</ele>
        <time>2026-05-12T06:32:01.000Z</time>
      </trkpt>
      <trkpt lat="47.828171" lon="15.417640">
        <ele>861.559736</ele>
        <time>2026-05-12T06:32:02.000Z</time>
      </trkpt>
      <trkpt lat="47.828138" lon="15.417567">
        <ele>861.525014</ele>
        <time>2026-05-12T06:32:03.000Z</time>
      </trkpt>
      <trkpt lat="47.828106" lon="15.417493">
        <ele>861.490285</ele>
        <time>2026-05-12T06:32:04.000Z</time>
      </trkpt>
      <trkpt lat="47.828075" lon="15.417419">
        <ele>861.455871</ele>
        <time>2026-05-12T06:32:05.000Z</time>
      </trkpt>
      <trkpt lat="47.828043" lon="15.417347">
        <ele>861.421803</ele>
        <time>2026-05-12T06:32:06.000Z</time>
      </trkpt>
      <trkpt lat="47.828013" lon="15.417274">
        <ele>861.388034</ele>
        <time>2026-05-12T06:32:07.000Z</time>
      </trkpt>
      <trkpt lat="47.827982" lon="15.417200">
        <ele>861.353620</ele>
        <time>2026-05-12T06:32:08.000Z</time>
      </trkpt>
      <trkpt lat="47.827951" lon="15.417126">
        <ele>861.319205</ele>
        <time>2026-05-12T06:32:09.000Z</time>
      </trkpt>
      <trkpt lat="47.827920" lon="15.417056">
        <ele>861.286120</ele>
        <time>2026-05-12T06:32:10.000Z</time>
      </trkpt>
      <trkpt lat="47.827890" lon="15.416989">
        <ele>861.254345</ele>
        <time>2026-05-12T06:32:11.000Z</time>
      </trkpt>
      <trkpt lat="47.827860" lon="15.416919">
        <ele>861.221579</ele>
        <time>2026-05-12T06:32:12.000Z</time>
      </trkpt>
      <trkpt lat="47.827834" lon="15.416850">
        <ele>861.190361</ele>
        <time>2026-05-12T06:32:13.000Z</time>
      </trkpt>
      <trkpt lat="47.827805" lon="15.416787">
        <ele>861.160223</ele>
        <time>2026-05-12T06:32:14.000Z</time>
      </trkpt>
      <trkpt lat="47.827775" lon="15.416727">
        <ele>861.130706</ele>
        <time>2026-05-12T06:32:15.000Z</time>
      </trkpt>
      <trkpt lat="47.827741" lon="15.416671">
        <ele>861.100916</ele>
        <time>2026-05-12T06:32:16.000Z</time>
      </trkpt>
      <trkpt lat="47.827706" lon="15.416616">
        <ele>861.071017</ele>
        <time>2026-05-12T06:32:17.000Z</time>
      </trkpt>
      <trkpt lat="47.827669" lon="15.416565">
        <ele>861.041391</ele>
        <time>2026-05-12T06:32:18.000Z</time>
      </trkpt>
      <trkpt lat="47.827631" lon="15.416519">
        <ele>861.007057</ele>
        <time>2026-05-12T06:32:19.000Z</time>
      </trkpt>
      <trkpt lat="47.827587" lon="15.416484">
        <ele>860.966528</ele>
        <time>2026-05-12T06:32:20.000Z</time>
      </trkpt>
      <trkpt lat="47.827541" lon="15.416452">
        <ele>860.925279</ele>
        <time>2026-05-12T06:32:21.000Z</time>
      </trkpt>
      <trkpt lat="47.827495" lon="15.416423">
        <ele>860.884694</ele>
        <time>2026-05-12T06:32:22.000Z</time>
      </trkpt>
      <trkpt lat="47.827445" lon="15.416401">
        <ele>860.842334</ele>
        <time>2026-05-12T06:32:23.000Z</time>
      </trkpt>
      <trkpt lat="47.827394" lon="15.416384">
        <ele>860.799872</ele>
        <time>2026-05-12T06:32:24.000Z</time>
      </trkpt>
      <trkpt lat="47.827344" lon="15.416367">
        <ele>860.758203</ele>
        <time>2026-05-12T06:32:25.000Z</time>
      </trkpt>
      <trkpt lat="47.827296" lon="15.416353">
        <ele>860.718463</ele>
        <time>2026-05-12T06:32:26.000Z</time>
      </trkpt>
      <trkpt lat="47.827247" lon="15.416340">
        <ele>860.678024</ele>
        <time>2026-05-12T06:32:27.000Z</time>
      </trkpt>
      <trkpt lat="47.827198" lon="15.416326">
        <ele>860.637486</ele>
        <time>2026-05-12T06:32:28.000Z</time>
      </trkpt>
      <trkpt lat="47.827151" lon="15.416309">
        <ele>860.598189</ele>
        <time>2026-05-12T06:32:29.000Z</time>
      </trkpt>
      <trkpt lat="47.827103" lon="15.416289">
        <ele>860.557692</ele>
        <time>2026-05-12T06:32:30.000Z</time>
      </trkpt>
      <trkpt lat="47.827055" lon="15.416268">
        <ele>860.517045</ele>
        <time>2026-05-12T06:32:31.000Z</time>
      </trkpt>
      <trkpt lat="47.827006" lon="15.416240">
        <ele>860.474404</ele>
        <time>2026-05-12T06:32:32.000Z</time>
      </trkpt>
      <trkpt lat="47.826958" lon="15.416220">
        <ele>860.433907</ele>
        <time>2026-05-12T06:32:33.000Z</time>
      </trkpt>
      <trkpt lat="47.826906" lon="15.416201">
        <ele>860.390405</ele>
        <time>2026-05-12T06:32:34.000Z</time>
      </trkpt>
      <trkpt lat="47.826857" lon="15.416177">
        <ele>860.348496</ele>
        <time>2026-05-12T06:32:35.000Z</time>
      </trkpt>
      <trkpt lat="47.826809" lon="15.416150">
        <ele>860.306808</ele>
        <time>2026-05-12T06:32:36.000Z</time>
      </trkpt>
      <trkpt lat="47.826759" lon="15.416126">
        <ele>860.264126</ele>
        <time>2026-05-12T06:32:37.000Z</time>
      </trkpt>
      <trkpt lat="47.826709" lon="15.416105">
        <ele>860.221917</ele>
        <time>2026-05-12T06:32:38.000Z</time>
      </trkpt>
      <trkpt lat="47.826660" lon="15.416085">
        <ele>860.180637</ele>
        <time>2026-05-12T06:32:39.000Z</time>
      </trkpt>
      <trkpt lat="47.826609" lon="15.416077">
        <ele>860.138971</ele>
        <time>2026-05-12T06:32:40.000Z</time>
      </trkpt>
      <trkpt lat="47.826558" lon="15.416070">
        <ele>860.097358</ele>
        <time>2026-05-12T06:32:41.000Z</time>
      </trkpt>
      <trkpt lat="47.826509" lon="15.416056">
        <ele>860.056821</ele>
        <time>2026-05-12T06:32:42.000Z</time>
      </trkpt>
      <trkpt lat="47.826464" lon="15.416032">
        <ele>860.017985</ele>
        <time>2026-05-12T06:32:43.000Z</time>
      </trkpt>
      <trkpt lat="47.826419" lon="15.416001">
        <ele>859.977702</ele>
        <time>2026-05-12T06:32:44.000Z</time>
      </trkpt>
      <trkpt lat="47.826374" lon="15.415970">
        <ele>859.937419</ele>
        <time>2026-05-12T06:32:45.000Z</time>
      </trkpt>
      <trkpt lat="47.826332" lon="15.415936">
        <ele>859.898580</ele>
        <time>2026-05-12T06:32:46.000Z</time>
      </trkpt>
      <trkpt lat="47.826291" lon="15.415897">
        <ele>859.859054</ele>
        <time>2026-05-12T06:32:47.000Z</time>
      </trkpt>
      <trkpt lat="47.826251" lon="15.415858">
        <ele>859.820210</ele>
        <time>2026-05-12T06:32:48.000Z</time>
      </trkpt>
      <trkpt lat="47.826210" lon="15.415818">
        <ele>859.780388</ele>
        <time>2026-05-12T06:32:49.000Z</time>
      </trkpt>
      <trkpt lat="47.826165" lon="15.415783">
        <ele>859.739142</ele>
        <time>2026-05-12T06:32:50.000Z</time>
      </trkpt>
      <trkpt lat="47.826119" lon="15.415754">
        <ele>859.698557</ele>
        <time>2026-05-12T06:32:51.000Z</time>
      </trkpt>
      <trkpt lat="47.826073" lon="15.415730">
        <ele>859.658956</ele>
        <time>2026-05-12T06:32:52.000Z</time>
      </trkpt>
      <trkpt lat="47.826026" lon="15.415714">
        <ele>859.619784</ele>
        <time>2026-05-12T06:32:53.000Z</time>
      </trkpt>
      <trkpt lat="47.825975" lon="15.415705">
        <ele>859.578057</ele>
        <time>2026-05-12T06:32:54.000Z</time>
      </trkpt>
      <trkpt lat="47.825924" lon="15.415707">
        <ele>859.522160</ele>
        <time>2026-05-12T06:32:55.000Z</time>
      </trkpt>
      <trkpt lat="47.825871" lon="15.415711">
        <ele>859.457678</ele>
        <time>2026-05-12T06:32:56.000Z</time>
      </trkpt>
      <trkpt lat="47.825816" lon="15.415712">
        <ele>859.390843</ele>
        <time>2026-05-12T06:32:57.000Z</time>
      </trkpt>
      <trkpt lat="47.825759" lon="15.415716">
        <ele>859.321506</ele>
        <time>2026-05-12T06:32:58.000Z</time>
      </trkpt>
      <trkpt lat="47.825701" lon="15.415723">
        <ele>859.250801</ele>
        <time>2026-05-12T06:32:59.000Z</time>
      </trkpt>
      <trkpt lat="47.825646" lon="15.415730">
        <ele>859.183727</ele>
        <time>2026-05-12T06:33:00.000Z</time>
      </trkpt>
      <trkpt lat="47.825589" lon="15.415738">
        <ele>859.114161</ele>
        <time>2026-05-12T06:33:01.000Z</time>
      </trkpt>
      <trkpt lat="47.825533" lon="15.415742">
        <ele>859.046038</ele>
        <time>2026-05-12T06:33:02.000Z</time>
      </trkpt>
      <trkpt lat="47.825477" lon="15.415749">
        <ele>858.977754</ele>
        <time>2026-05-12T06:33:03.000Z</time>
      </trkpt>
      <trkpt lat="47.825421" lon="15.415757">
        <ele>858.909397</ele>
        <time>2026-05-12T06:33:04.000Z</time>
      </trkpt>
      <trkpt lat="47.825364" lon="15.415763">
        <ele>858.839964</ele>
        <time>2026-05-12T06:33:05.000Z</time>
      </trkpt>
      <trkpt lat="47.825307" lon="15.415768">
        <ele>858.770585</ele>
        <time>2026-05-12T06:33:06.000Z</time>
      </trkpt>
      <trkpt lat="47.825250" lon="15.415777">
        <ele>858.700937</ele>
        <time>2026-05-12T06:33:07.000Z</time>
      </trkpt>
      <trkpt lat="47.825191" lon="15.415788">
        <ele>858.628687</ele>
        <time>2026-05-12T06:33:08.000Z</time>
      </trkpt>
      <trkpt lat="47.825132" lon="15.415801">
        <ele>858.556217</ele>
        <time>2026-05-12T06:33:09.000Z</time>
      </trkpt>
      <trkpt lat="47.825074" lon="15.415801">
        <ele>858.485742</ele>
        <time>2026-05-12T06:33:10.000Z</time>
      </trkpt>
      <trkpt lat="47.825018" lon="15.415800">
        <ele>858.417693</ele>
        <time>2026-05-12T06:33:11.000Z</time>
      </trkpt>
      <trkpt lat="47.824963" lon="15.415792">
        <ele>858.350545</ele>
        <time>2026-05-12T06:33:12.000Z</time>
      </trkpt>
      <trkpt lat="47.824907" lon="15.415778">
        <ele>858.281548</ele>
        <time>2026-05-12T06:33:13.000Z</time>
      </trkpt>
      <trkpt lat="47.824854" lon="15.415767">
        <ele>858.216527</ele>
        <time>2026-05-12T06:33:14.000Z</time>
      </trkpt>
      <trkpt lat="47.824802" lon="15.415756">
        <ele>858.152708</ele>
        <time>2026-05-12T06:33:15.000Z</time>
      </trkpt>
      <trkpt lat="47.824752" lon="15.415742">
        <ele>858.090890</ele>
        <time>2026-05-12T06:33:16.000Z</time>
      </trkpt>
      <trkpt lat="47.824702" lon="15.415722">
        <ele>858.027983</ele>
        <time>2026-05-12T06:33:17.000Z</time>
      </trkpt>
      <trkpt lat="47.824651" lon="15.415704">
        <ele>857.964297</ele>
        <time>2026-05-12T06:33:18.000Z</time>
      </trkpt>
      <trkpt lat="47.824600" lon="15.415681">
        <ele>857.899550</ele>
        <time>2026-05-12T06:33:19.000Z</time>
      </trkpt>
      <trkpt lat="47.824550" lon="15.415659">
        <ele>857.836200</ele>
        <time>2026-05-12T06:33:20.000Z</time>
      </trkpt>
      <trkpt lat="47.824500" lon="15.415634">
        <ele>857.772113</ele>
        <time>2026-05-12T06:33:21.000Z</time>
      </trkpt>
      <trkpt lat="47.824450" lon="15.415604">
        <ele>857.706615</ele>
        <time>2026-05-12T06:33:22.000Z</time>
      </trkpt>
      <trkpt lat="47.824401" lon="15.415572">
        <ele>857.641604</ele>
        <time>2026-05-12T06:33:23.000Z</time>
      </trkpt>
      <trkpt lat="47.824352" lon="15.415541">
        <ele>857.576916</ele>
        <time>2026-05-12T06:33:24.000Z</time>
      </trkpt>
      <trkpt lat="47.824303" lon="15.415508">
        <ele>857.511573</ele>
        <time>2026-05-12T06:33:25.000Z</time>
      </trkpt>
      <trkpt lat="47.824256" lon="15.415470">
        <ele>857.446592</ele>
        <time>2026-05-12T06:33:26.000Z</time>
      </trkpt>
      <trkpt lat="47.824210" lon="15.415428">
        <ele>857.381032</ele>
        <time>2026-05-12T06:33:27.000Z</time>
      </trkpt>
      <trkpt lat="47.824164" lon="15.415383">
        <ele>857.337201</ele>
        <time>2026-05-12T06:33:28.000Z</time>
      </trkpt>
      <trkpt lat="47.824117" lon="15.415343">
        <ele>857.294356</ele>
        <time>2026-05-12T06:33:29.000Z</time>
      </trkpt>
      <trkpt lat="47.824072" lon="15.415304">
        <ele>857.253147</ele>
        <time>2026-05-12T06:33:30.000Z</time>
      </trkpt>
      <trkpt lat="47.824028" lon="15.415260">
        <ele>857.211199</ele>
        <time>2026-05-12T06:33:31.000Z</time>
      </trkpt>
      <trkpt lat="47.823988" lon="15.415213">
        <ele>857.170873</ele>
        <time>2026-05-12T06:33:32.000Z</time>
      </trkpt>
      <trkpt lat="47.823946" lon="15.415168">
        <ele>857.129922</ele>
        <time>2026-05-12T06:33:33.000Z</time>
      </trkpt>
      <trkpt lat="47.823906" lon="15.415120">
        <ele>857.089264</ele>
        <time>2026-05-12T06:33:34.000Z</time>
      </trkpt>
      <trkpt lat="47.823867" lon="15.415067">
        <ele>857.047477</ele>
        <time>2026-05-12T06:33:35.000Z</time>
      </trkpt>
      <trkpt lat="47.823830" lon="15.415011">
        <ele>857.005724</ele>
        <time>2026-05-12T06:33:36.000Z</time>
      </trkpt>
      <trkpt lat="47.823797" lon="15.414948">
        <ele>856.963261</ele>
        <time>2026-05-12T06:33:37.000Z</time>
      </trkpt>
      <trkpt lat="47.823765" lon="15.414879">
        <ele>856.918695</ele>
        <time>2026-05-12T06:33:38.000Z</time>
      </trkpt>
      <trkpt lat="47.823739" lon="15.414806">
        <ele>856.874781</ele>
        <time>2026-05-12T06:33:39.000Z</time>
      </trkpt>
      <trkpt lat="47.823712" lon="15.414733">
        <ele>856.830490</ele>
        <time>2026-05-12T06:33:40.000Z</time>
      </trkpt>
      <trkpt lat="47.823686" lon="15.414660">
        <ele>856.786576</ele>
        <time>2026-05-12T06:33:41.000Z</time>
      </trkpt>
      <trkpt lat="47.823660" lon="15.414588">
        <ele>856.743130</ele>
        <time>2026-05-12T06:33:42.000Z</time>
      </trkpt>
      <trkpt lat="47.823632" lon="15.414516">
        <ele>856.698912</ele>
        <time>2026-05-12T06:33:43.000Z</time>
      </trkpt>
      <trkpt lat="47.823604" lon="15.414445">
        <ele>856.655154</ele>
        <time>2026-05-12T06:33:44.000Z</time>
      </trkpt>
      <trkpt lat="47.823576" lon="15.414375">
        <ele>856.611852</ele>
        <time>2026-05-12T06:33:45.000Z</time>
      </trkpt>
      <trkpt lat="47.823547" lon="15.414308">
        <ele>856.569489</ele>
        <time>2026-05-12T06:33:46.000Z</time>
      </trkpt>
      <trkpt lat="47.823518" lon="15.414243">
        <ele>856.528015</ele>
        <time>2026-05-12T06:33:47.000Z</time>
      </trkpt>
      <trkpt lat="47.823485" lon="15.414178">
        <ele>856.484709</ele>
        <time>2026-05-12T06:33:48.000Z</time>
      </trkpt>
      <trkpt lat="47.823451" lon="15.414114">
        <ele>856.441339</ele>
        <time>2026-05-12T06:33:49.000Z</time>
      </trkpt>
      <trkpt lat="47.823417" lon="15.414052">
        <ele>856.398797</ele>
        <time>2026-05-12T06:33:50.000Z</time>
      </trkpt>
      <trkpt lat="47.823382" lon="15.413996">
        <ele>856.358138</ele>
        <time>2026-05-12T06:33:51.000Z</time>
      </trkpt>
      <trkpt lat="47.823344" lon="15.413943">
        <ele>856.316932</ele>
        <time>2026-05-12T06:33:52.000Z</time>
      </trkpt>
      <trkpt lat="47.823304" lon="15.413892">
        <ele>856.275256</ele>
        <time>2026-05-12T06:33:53.000Z</time>
      </trkpt>
      <trkpt lat="47.823263" lon="15.413843">
        <ele>856.233648</ele>
        <time>2026-05-12T06:33:54.000Z</time>
      </trkpt>
      <trkpt lat="47.823223" lon="15.413794">
        <ele>856.192655</ele>
        <time>2026-05-12T06:33:55.000Z</time>
      </trkpt>
      <trkpt lat="47.823182" lon="15.413748">
        <ele>856.152026</ele>
        <time>2026-05-12T06:33:56.000Z</time>
      </trkpt>
      <trkpt lat="47.823142" lon="15.413707">
        <ele>856.113593</ele>
        <time>2026-05-12T06:33:57.000Z</time>
      </trkpt>
      <trkpt lat="47.823100" lon="15.413663">
        <ele>856.072949</ele>
        <time>2026-05-12T06:33:58.000Z</time>
      </trkpt>
      <trkpt lat="47.823058" lon="15.413623">
        <ele>856.033491</ele>
        <time>2026-05-12T06:33:59.000Z</time>
      </trkpt>
      <trkpt lat="47.823016" lon="15.413582">
        <ele>855.993743</ele>
        <time>2026-05-12T06:34:00.000Z</time>
      </trkpt>
      <trkpt lat="47.822975" lon="15.413539">
        <ele>855.952999</ele>
        <time>2026-05-12T06:34:01.000Z</time>
      </trkpt>
      <trkpt lat="47.822935" lon="15.413496">
        <ele>855.897935</ele>
        <time>2026-05-12T06:34:02.000Z</time>
      </trkpt>
      <trkpt lat="47.822897" lon="15.413447">
        <ele>855.841830</ele>
        <time>2026-05-12T06:34:03.000Z</time>
      </trkpt>
      <trkpt lat="47.822860" lon="15.413399">
        <ele>855.787060</ele>
        <time>2026-05-12T06:34:04.000Z</time>
      </trkpt>
      <trkpt lat="47.822825" lon="15.413347">
        <ele>855.731878</ele>
        <time>2026-05-12T06:34:05.000Z</time>
      </trkpt>
      <trkpt lat="47.822791" lon="15.413292">
        <ele>855.675848</ele>
        <time>2026-05-12T06:34:06.000Z</time>
      </trkpt>
      <trkpt lat="47.822758" lon="15.413235">
        <ele>855.619441</ele>
        <time>2026-05-12T06:34:07.000Z</time>
      </trkpt>
      <trkpt lat="47.822726" lon="15.413175">
        <ele>855.562014</ele>
        <time>2026-05-12T06:34:08.000Z</time>
      </trkpt>
      <trkpt lat="47.822697" lon="15.413112">
        <ele>855.504767</ele>
        <time>2026-05-12T06:34:09.000Z</time>
      </trkpt>
      <trkpt lat="47.822669" lon="15.413046">
        <ele>855.446256</ele>
        <time>2026-05-12T06:34:10.000Z</time>
      </trkpt>
      <trkpt lat="47.822641" lon="15.412980">
        <ele>855.387746</ele>
        <time>2026-05-12T06:34:11.000Z</time>
      </trkpt>
      <trkpt lat="47.822610" lon="15.412913">
        <ele>855.326764</ele>
        <time>2026-05-12T06:34:12.000Z</time>
      </trkpt>
      <trkpt lat="47.822581" lon="15.412845">
        <ele>855.266390</ele>
        <time>2026-05-12T06:34:13.000Z</time>
      </trkpt>
      <trkpt lat="47.822551" lon="15.412778">
        <ele>855.206035</ele>
        <time>2026-05-12T06:34:14.000Z</time>
      </trkpt>
      <trkpt lat="47.822518" lon="15.412715">
        <ele>855.146150</ele>
        <time>2026-05-12T06:34:15.000Z</time>
      </trkpt>
      <trkpt lat="47.822480" lon="15.412656">
        <ele>855.084877</ele>
        <time>2026-05-12T06:34:16.000Z</time>
      </trkpt>
      <trkpt lat="47.822442" lon="15.412599">
        <ele>855.024677</ele>
        <time>2026-05-12T06:34:17.000Z</time>
      </trkpt>
      <trkpt lat="47.822403" lon="15.412544">
        <ele>854.964726</ele>
        <time>2026-05-12T06:34:18.000Z</time>
      </trkpt>
      <trkpt lat="47.822362" lon="15.412494">
        <ele>854.905576</ele>
        <time>2026-05-12T06:34:19.000Z</time>
      </trkpt>
      <trkpt lat="47.822322" lon="15.412443">
        <ele>854.846802</ele>
        <time>2026-05-12T06:34:20.000Z</time>
      </trkpt>
      <trkpt lat="47.822282" lon="15.412391">
        <ele>854.787537</ele>
        <time>2026-05-12T06:34:21.000Z</time>
      </trkpt>
      <trkpt lat="47.822241" lon="15.412341">
        <ele>854.728388</ele>
        <time>2026-05-12T06:34:22.000Z</time>
      </trkpt>
      <trkpt lat="47.822202" lon="15.412293">
        <ele>854.671915</ele>
        <time>2026-05-12T06:34:23.000Z</time>
      </trkpt>
      <trkpt lat="47.822162" lon="15.412242">
        <ele>854.613140</ele>
        <time>2026-05-12T06:34:24.000Z</time>
      </trkpt>
      <trkpt lat="47.822125" lon="15.412189">
        <ele>854.555838</ele>
        <time>2026-05-12T06:34:25.000Z</time>
      </trkpt>
      <trkpt lat="47.822086" lon="15.412137">
        <ele>854.497410</ele>
        <time>2026-05-12T06:34:26.000Z</time>
      </trkpt>
      <trkpt lat="47.822048" lon="15.412087">
        <ele>854.440811</ele>
        <time>2026-05-12T06:34:27.000Z</time>
      </trkpt>
      <trkpt lat="47.822009" lon="15.412034">
        <ele>854.381880</ele>
        <time>2026-05-12T06:34:28.000Z</time>
      </trkpt>
      <trkpt lat="47.821972" lon="15.411979">
        <ele>854.323529</ele>
        <time>2026-05-12T06:34:29.000Z</time>
      </trkpt>
      <trkpt lat="47.821933" lon="15.411921">
        <ele>854.262010</ele>
        <time>2026-05-12T06:34:30.000Z</time>
      </trkpt>
      <trkpt lat="47.821895" lon="15.411863">
        <ele>854.201276</ele>
        <time>2026-05-12T06:34:31.000Z</time>
      </trkpt>
      <trkpt lat="47.821859" lon="15.411803">
        <ele>854.140969</ele>
        <time>2026-05-12T06:34:32.000Z</time>
      </trkpt>
      <trkpt lat="47.821825" lon="15.411741">
        <ele>854.080974</ele>
        <time>2026-05-12T06:34:33.000Z</time>
      </trkpt>
      <trkpt lat="47.821790" lon="15.411678">
        <ele>854.019690</ele>
        <time>2026-05-12T06:34:34.000Z</time>
      </trkpt>
      <trkpt lat="47.821756" lon="15.411613">
        <ele>853.957937</ele>
        <time>2026-05-12T06:34:35.000Z</time>
      </trkpt>
      <trkpt lat="47.821723" lon="15.411550">
        <ele>853.911207</ele>
        <time>2026-05-12T06:34:36.000Z</time>
      </trkpt>
      <trkpt lat="47.821690" lon="15.411485">
        <ele>853.865918</ele>
        <time>2026-05-12T06:34:37.000Z</time>
      </trkpt>
      <trkpt lat="47.821658" lon="15.411419">
        <ele>853.820674</ele>
        <time>2026-05-12T06:34:38.000Z</time>
      </trkpt>
      <trkpt lat="47.821628" lon="15.411351">
        <ele>853.775454</ele>
        <time>2026-05-12T06:34:39.000Z</time>
      </trkpt>
      <trkpt lat="47.821596" lon="15.411285">
        <ele>853.730209</ele>
        <time>2026-05-12T06:34:40.000Z</time>
      </trkpt>
      <trkpt lat="47.821566" lon="15.411217">
        <ele>853.684989</ele>
        <time>2026-05-12T06:34:41.000Z</time>
      </trkpt>
      <trkpt lat="47.821535" lon="15.411150">
        <ele>853.639768</ele>
        <time>2026-05-12T06:34:42.000Z</time>
      </trkpt>
      <trkpt lat="47.821503" lon="15.411083">
        <ele>853.594072</ele>
        <time>2026-05-12T06:34:43.000Z</time>
      </trkpt>
      <trkpt lat="47.821471" lon="15.411017">
        <ele>853.548827</ele>
        <time>2026-05-12T06:34:44.000Z</time>
      </trkpt>
      <trkpt lat="47.821440" lon="15.410952">
        <ele>853.504517</ele>
        <time>2026-05-12T06:34:45.000Z</time>
      </trkpt>
      <trkpt lat="47.821409" lon="15.410886">
        <ele>853.459752</ele>
        <time>2026-05-12T06:34:46.000Z</time>
      </trkpt>
      <trkpt lat="47.821377" lon="15.410820">
        <ele>853.414508</ele>
        <time>2026-05-12T06:34:47.000Z</time>
      </trkpt>
      <trkpt lat="47.821344" lon="15.410758">
        <ele>853.370537</ele>
        <time>2026-05-12T06:34:48.000Z</time>
      </trkpt>
      <trkpt lat="47.821311" lon="15.410697">
        <ele>853.327000</ele>
        <time>2026-05-12T06:34:49.000Z</time>
      </trkpt>
      <trkpt lat="47.821279" lon="15.410635">
        <ele>853.283538</ele>
        <time>2026-05-12T06:34:50.000Z</time>
      </trkpt>
      <trkpt lat="47.821245" lon="15.410577">
        <ele>853.240747</ele>
        <time>2026-05-12T06:34:51.000Z</time>
      </trkpt>
      <trkpt lat="47.821207" lon="15.410526">
        <ele>853.198406</ele>
        <time>2026-05-12T06:34:52.000Z</time>
      </trkpt>
      <trkpt lat="47.821168" lon="15.410479">
        <ele>853.156880</ele>
        <time>2026-05-12T06:34:53.000Z</time>
      </trkpt>
      <trkpt lat="47.821126" lon="15.410438">
        <ele>853.115314</ele>
        <time>2026-05-12T06:34:54.000Z</time>
      </trkpt>
      <trkpt lat="47.821084" lon="15.410400">
        <ele>853.074637</ele>
        <time>2026-05-12T06:34:55.000Z</time>
      </trkpt>
      <trkpt lat="47.821039" lon="15.410367">
        <ele>853.033119</ele>
        <time>2026-05-12T06:34:56.000Z</time>
      </trkpt>
      <trkpt lat="47.820991" lon="15.410341">
        <ele>852.990842</ele>
        <time>2026-05-12T06:34:57.000Z</time>
      </trkpt>
      <trkpt lat="47.820940" lon="15.410317">
        <ele>852.946570</ele>
        <time>2026-05-12T06:34:58.000Z</time>
      </trkpt>
      <trkpt lat="47.820892" lon="15.410290">
        <ele>852.904100</ele>
        <time>2026-05-12T06:34:59.000Z</time>
      </trkpt>
      <trkpt lat="47.820844" lon="15.410265">
        <ele>852.862010</ele>
        <time>2026-05-12T06:35:00.000Z</time>
      </trkpt>
      <trkpt lat="47.820793" lon="15.410252">
        <ele>852.819182</ele>
        <time>2026-05-12T06:35:01.000Z</time>
      </trkpt>
      <trkpt lat="47.820739" lon="15.410238">
        <ele>852.773813</ele>
        <time>2026-05-12T06:35:02.000Z</time>
      </trkpt>
      <trkpt lat="47.820686" lon="15.410220">
        <ele>852.728817</ele>
        <time>2026-05-12T06:35:03.000Z</time>
      </trkpt>
      <trkpt lat="47.820639" lon="15.410190">
        <ele>852.686492</ele>
        <time>2026-05-12T06:35:04.000Z</time>
      </trkpt>
      <trkpt lat="47.820592" lon="15.410155">
        <ele>852.642996</ele>
        <time>2026-05-12T06:35:05.000Z</time>
      </trkpt>
      <trkpt lat="47.820545" lon="15.410115">
        <ele>852.598189</ele>
        <time>2026-05-12T06:35:06.000Z</time>
      </trkpt>
      <trkpt lat="47.820499" lon="15.410072">
        <ele>852.553235</ele>
        <time>2026-05-12T06:35:07.000Z</time>
      </trkpt>
      <trkpt lat="47.820455" lon="15.410021">
        <ele>852.507085</ele>
        <time>2026-05-12T06:35:08.000Z</time>
      </trkpt>
      <trkpt lat="47.820413" lon="15.409967">
        <ele>852.461158</ele>
        <time>2026-05-12T06:35:09.000Z</time>
      </trkpt>
      <trkpt lat="47.820369" lon="15.409912">
        <ele>852.422866</ele>
        <time>2026-05-12T06:35:10.000Z</time>
      </trkpt>
      <trkpt lat="47.820326" lon="15.409853">
        <ele>852.384091</ele>
        <time>2026-05-12T06:35:11.000Z</time>
      </trkpt>
      <trkpt lat="47.820287" lon="15.409788">
        <ele>852.345274</ele>
        <time>2026-05-12T06:35:12.000Z</time>
      </trkpt>
      <trkpt lat="47.820247" lon="15.409723">
        <ele>852.306012</ele>
        <time>2026-05-12T06:35:13.000Z</time>
      </trkpt>
      <trkpt lat="47.820208" lon="15.409659">
        <ele>852.267526</ele>
        <time>2026-05-12T06:35:14.000Z</time>
      </trkpt>
      <trkpt lat="47.820170" lon="15.409595">
        <ele>852.229482</ele>
        <time>2026-05-12T06:35:15.000Z</time>
      </trkpt>
      <trkpt lat="47.820133" lon="15.409533">
        <ele>852.192545</ele>
        <time>2026-05-12T06:35:16.000Z</time>
      </trkpt>
      <trkpt lat="47.820095" lon="15.409473">
        <ele>852.155816</ele>
        <time>2026-05-12T06:35:17.000Z</time>
      </trkpt>
      <trkpt lat="47.820056" lon="15.409414">
        <ele>852.118949</ele>
        <time>2026-05-12T06:35:18.000Z</time>
      </trkpt>
      <trkpt lat="47.820016" lon="15.409354">
        <ele>852.081298</ele>
        <time>2026-05-12T06:35:19.000Z</time>
      </trkpt>
      <trkpt lat="47.819975" lon="15.409295">
        <ele>852.043488</ele>
        <time>2026-05-12T06:35:20.000Z</time>
      </trkpt>
      <trkpt lat="47.819934" lon="15.409239">
        <ele>852.006593</ele>
        <time>2026-05-12T06:35:21.000Z</time>
      </trkpt>
      <trkpt lat="47.819892" lon="15.409190">
        <ele>851.971210</ele>
        <time>2026-05-12T06:35:22.000Z</time>
      </trkpt>
      <trkpt lat="47.819853" lon="15.409142">
        <ele>851.937657</ele>
        <time>2026-05-12T06:35:23.000Z</time>
      </trkpt>
      <trkpt lat="47.819811" lon="15.409097">
        <ele>851.903343</ele>
        <time>2026-05-12T06:35:24.000Z</time>
      </trkpt>
      <trkpt lat="47.819767" lon="15.409057">
        <ele>851.869156</ele>
        <time>2026-05-12T06:35:25.000Z</time>
      </trkpt>
      <trkpt lat="47.819722" lon="15.409022">
        <ele>851.835488</ele>
        <time>2026-05-12T06:35:26.000Z</time>
      </trkpt>
      <trkpt lat="47.819675" lon="15.408990">
        <ele>851.801215</ele>
        <time>2026-05-12T06:35:27.000Z</time>
      </trkpt>
      <trkpt lat="47.819626" lon="15.408962">
        <ele>851.766409</ele>
        <time>2026-05-12T06:35:28.000Z</time>
      </trkpt>
      <trkpt lat="47.819578" lon="15.408938">
        <ele>851.732830</ele>
        <time>2026-05-12T06:35:29.000Z</time>
      </trkpt>
      <trkpt lat="47.819528" lon="15.408918">
        <ele>851.698495</ele>
        <time>2026-05-12T06:35:30.000Z</time>
      </trkpt>
      <trkpt lat="47.819477" lon="15.408900">
        <ele>851.663735</ele>
        <time>2026-05-12T06:35:31.000Z</time>
      </trkpt>
      <trkpt lat="47.819426" lon="15.408879">
        <ele>851.628644</ele>
        <time>2026-05-12T06:35:32.000Z</time>
      </trkpt>
      <trkpt lat="47.819375" lon="15.408858">
        <ele>851.593552</ele>
        <time>2026-05-12T06:35:33.000Z</time>
      </trkpt>
      <trkpt lat="47.819323" lon="15.408837">
        <ele>851.557821</ele>
        <time>2026-05-12T06:35:34.000Z</time>
      </trkpt>
      <trkpt lat="47.819271" lon="15.408819">
        <ele>851.522416</ele>
        <time>2026-05-12T06:35:35.000Z</time>
      </trkpt>
      <trkpt lat="47.819221" lon="15.408792">
        <ele>851.487144</ele>
        <time>2026-05-12T06:35:36.000Z</time>
      </trkpt>
      <trkpt lat="47.819176" lon="15.408754">
        <ele>851.452837</ele>
        <time>2026-05-12T06:35:37.000Z</time>
      </trkpt>
      <trkpt lat="47.819133" lon="15.408705">
        <ele>851.416929</ele>
        <time>2026-05-12T06:35:38.000Z</time>
      </trkpt>
      <trkpt lat="47.819092" lon="15.408651">
        <ele>851.380630</ele>
        <time>2026-05-12T06:35:39.000Z</time>
      </trkpt>
      <trkpt lat="47.819050" lon="15.408597">
        <ele>851.343832</ele>
        <time>2026-05-12T06:35:40.000Z</time>
      </trkpt>
      <trkpt lat="47.819009" lon="15.408540">
        <ele>851.306635</ele>
        <time>2026-05-12T06:35:41.000Z</time>
      </trkpt>
      <trkpt lat="47.818966" lon="15.408483">
        <ele>851.268458</ele>
        <time>2026-05-12T06:35:42.000Z</time>
      </trkpt>
      <trkpt lat="47.818928" lon="15.408421">
        <ele>851.234823</ele>
        <time>2026-05-12T06:35:43.000Z</time>
      </trkpt>
      <trkpt lat="47.818892" lon="15.408354">
        <ele>851.200560</ele>
        <time>2026-05-12T06:35:44.000Z</time>
      </trkpt>
      <trkpt lat="47.818855" lon="15.408289">
        <ele>851.166534</ele>
        <time>2026-05-12T06:35:45.000Z</time>
      </trkpt>
      <trkpt lat="47.818818" lon="15.408225">
        <ele>851.132813</ele>
        <time>2026-05-12T06:35:46.000Z</time>
      </trkpt>
      <trkpt lat="47.818782" lon="15.408160">
        <ele>851.099169</ele>
        <time>2026-05-12T06:35:47.000Z</time>
      </trkpt>
      <trkpt lat="47.818746" lon="15.408094">
        <ele>851.065217</ele>
        <time>2026-05-12T06:35:48.000Z</time>
      </trkpt>
      <trkpt lat="47.818712" lon="15.408030">
        <ele>851.032631</ele>
        <time>2026-05-12T06:35:49.000Z</time>
      </trkpt>
      <trkpt lat="47.818676" lon="15.407964">
        <ele>850.998678</ele>
        <time>2026-05-12T06:35:50.000Z</time>
      </trkpt>
      <trkpt lat="47.818643" lon="15.407897">
        <ele>850.965500</ele>
        <time>2026-05-12T06:35:51.000Z</time>
      </trkpt>
      <trkpt lat="47.818612" lon="15.407831">
        <ele>850.933339</ele>
        <time>2026-05-12T06:35:52.000Z</time>
      </trkpt>
      <trkpt lat="47.818584" lon="15.407763">
        <ele>850.901488</ele>
        <time>2026-05-12T06:35:53.000Z</time>
      </trkpt>
      <trkpt lat="47.818558" lon="15.407694">
        <ele>850.869895</ele>
        <time>2026-05-12T06:35:54.000Z</time>
      </trkpt>
      <trkpt lat="47.818533" lon="15.407624">
        <ele>850.838237</ele>
        <time>2026-05-12T06:35:55.000Z</time>
      </trkpt>
      <trkpt lat="47.818512" lon="15.407554">
        <ele>850.807624</ele>
        <time>2026-05-12T06:35:56.000Z</time>
      </trkpt>
      <trkpt lat="47.818490" lon="15.407485">
        <ele>850.777124</ele>
        <time>2026-05-12T06:35:57.000Z</time>
      </trkpt>
      <trkpt lat="47.818466" lon="15.407416">
        <ele>850.746095</ele>
        <time>2026-05-12T06:35:58.000Z</time>
      </trkpt>
      <trkpt lat="47.818443" lon="15.407348">
        <ele>850.715693</ele>
        <time>2026-05-12T06:35:59.000Z</time>
      </trkpt>
      <trkpt lat="47.818423" lon="15.407280">
        <ele>850.686050</ele>
        <time>2026-05-12T06:36:00.000Z</time>
      </trkpt>
      <trkpt lat="47.818404" lon="15.407212">
        <ele>850.656641</ele>
        <time>2026-05-12T06:36:01.000Z</time>
      </trkpt>
      <trkpt lat="47.818383" lon="15.407144">
        <ele>850.626755</ele>
        <time>2026-05-12T06:36:02.000Z</time>
      </trkpt>
      <trkpt lat="47.818366" lon="15.407076">
        <ele>850.597782</ele>
        <time>2026-05-12T06:36:03.000Z</time>
      </trkpt>
      <trkpt lat="47.818348" lon="15.407008">
        <ele>850.568596</ele>
        <time>2026-05-12T06:36:04.000Z</time>
      </trkpt>
      <trkpt lat="47.818329" lon="15.406942">
        <ele>850.539923</ele>
        <time>2026-05-12T06:36:05.000Z</time>
      </trkpt>
      <trkpt lat="47.818314" lon="15.406874">
        <ele>850.511343</ele>
        <time>2026-05-12T06:36:06.000Z</time>
      </trkpt>
      <trkpt lat="47.818296" lon="15.406804">
        <ele>850.481413</ele>
        <time>2026-05-12T06:36:07.000Z</time>
      </trkpt>
      <trkpt lat="47.818280" lon="15.406735">
        <ele>850.452265</ele>
        <time>2026-05-12T06:36:08.000Z</time>
      </trkpt>
      <trkpt lat="47.818269" lon="15.406663">
        <ele>850.422780</ele>
        <time>2026-05-12T06:36:09.000Z</time>
      </trkpt>
      <trkpt lat="47.818259" lon="15.406591">
        <ele>850.393422</ele>
        <time>2026-05-12T06:36:10.000Z</time>
      </trkpt>
      <trkpt lat="47.818252" lon="15.406514">
        <ele>850.362396</ele>
        <time>2026-05-12T06:36:11.000Z</time>
      </trkpt>
      <trkpt lat="47.818245" lon="15.406435">
        <ele>850.330578</ele>
        <time>2026-05-12T06:36:12.000Z</time>
      </trkpt>
      <trkpt lat="47.818239" lon="15.406356">
        <ele>850.298832</ele>
        <time>2026-05-12T06:36:13.000Z</time>
      </trkpt>
      <trkpt lat="47.818233" lon="15.406274">
        <ele>850.265896</ele>
        <time>2026-05-12T06:36:14.000Z</time>
      </trkpt>
      <trkpt lat="47.818228" lon="15.406190">
        <ele>850.232223</ele>
        <time>2026-05-12T06:36:15.000Z</time>
      </trkpt>
      <trkpt lat="47.818223" lon="15.406105">
        <ele>850.198153</ele>
        <time>2026-05-12T06:36:16.000Z</time>
      </trkpt>
      <trkpt lat="47.818214" lon="15.406020">
        <ele>850.131445</ele>
        <time>2026-05-12T06:36:17.000Z</time>
      </trkpt>
      <trkpt lat="47.818205" lon="15.405938">
        <ele>850.066680</ele>
        <time>2026-05-12T06:36:18.000Z</time>
      </trkpt>
      <trkpt lat="47.818196" lon="15.405857">
        <ele>850.002684</ele>
        <time>2026-05-12T06:36:19.000Z</time>
      </trkpt>
      <trkpt lat="47.818184" lon="15.405775">
        <ele>849.937267</ele>
        <time>2026-05-12T06:36:20.000Z</time>
      </trkpt>
      <trkpt lat="47.818169" lon="15.405696">
        <ele>849.873274</ele>
        <time>2026-05-12T06:36:21.000Z</time>
      </trkpt>
      <trkpt lat="47.818152" lon="15.405620">
        <ele>849.810834</ele>
        <time>2026-05-12T06:36:22.000Z</time>
      </trkpt>
      <trkpt lat="47.818132" lon="15.405546">
        <ele>849.748656</ele>
        <time>2026-05-12T06:36:23.000Z</time>
      </trkpt>
      <trkpt lat="47.818109" lon="15.405473">
        <ele>849.685802</ele>
        <time>2026-05-12T06:36:24.000Z</time>
      </trkpt>
      <trkpt lat="47.818081" lon="15.405403">
        <ele>849.622291</ele>
        <time>2026-05-12T06:36:25.000Z</time>
      </trkpt>
      <trkpt lat="47.818055" lon="15.405335">
        <ele>849.561297</ele>
        <time>2026-05-12T06:36:26.000Z</time>
      </trkpt>
      <trkpt lat="47.818027" lon="15.405269">
        <ele>849.500444</ele>
        <time>2026-05-12T06:36:27.000Z</time>
      </trkpt>
      <trkpt lat="47.818001" lon="15.405206">
        <ele>849.442804</ele>
        <time>2026-05-12T06:36:28.000Z</time>
      </trkpt>
      <trkpt lat="47.817975" lon="15.405139">
        <ele>849.382485</ele>
        <time>2026-05-12T06:36:29.000Z</time>
      </trkpt>
      <trkpt lat="47.817948" lon="15.405077">
        <ele>849.324884</ele>
        <time>2026-05-12T06:36:30.000Z</time>
      </trkpt>
      <trkpt lat="47.817918" lon="15.405017">
        <ele>849.266574</ele>
        <time>2026-05-12T06:36:31.000Z</time>
      </trkpt>
      <trkpt lat="47.817886" lon="15.404958">
        <ele>849.207457</ele>
        <time>2026-05-12T06:36:32.000Z</time>
      </trkpt>
      <trkpt lat="47.817854" lon="15.404898">
        <ele>849.147731</ele>
        <time>2026-05-12T06:36:33.000Z</time>
      </trkpt>
      <trkpt lat="47.817823" lon="15.404834">
        <ele>849.086220</ele>
        <time>2026-05-12T06:36:34.000Z</time>
      </trkpt>
      <trkpt lat="47.817793" lon="15.404771">
        <ele>849.026018</ele>
        <time>2026-05-12T06:36:35.000Z</time>
      </trkpt>
      <trkpt lat="47.817761" lon="15.404707">
        <ele>848.963821</ele>
        <time>2026-05-12T06:36:36.000Z</time>
      </trkpt>
      <trkpt lat="47.817728" lon="15.404645">
        <ele>848.902152</ele>
        <time>2026-05-12T06:36:37.000Z</time>
      </trkpt>
      <trkpt lat="47.817697" lon="15.404584">
        <ele>848.842522</ele>
        <time>2026-05-12T06:36:38.000Z</time>
      </trkpt>
      <trkpt lat="47.817665" lon="15.404525">
        <ele>848.783405</ele>
        <time>2026-05-12T06:36:39.000Z</time>
      </trkpt>
      <trkpt lat="47.817632" lon="15.404466">
        <ele>848.723551</ele>
        <time>2026-05-12T06:36:40.000Z</time>
      </trkpt>
      <trkpt lat="47.817602" lon="15.404406">
        <ele>848.665241</ele>
        <time>2026-05-12T06:36:41.000Z</time>
      </trkpt>
      <trkpt lat="47.817570" lon="15.404346">
        <ele>848.605515</ele>
        <time>2026-05-12T06:36:42.000Z</time>
      </trkpt>
      <trkpt lat="47.817538" lon="15.404288">
        <ele>848.547002</ele>
        <time>2026-05-12T06:36:43.000Z</time>
      </trkpt>
      <trkpt lat="47.817505" lon="15.404229">
        <ele>848.487148</ele>
        <time>2026-05-12T06:36:44.000Z</time>
      </trkpt>
      <trkpt lat="47.817472" lon="15.404173">
        <ele>848.429072</ele>
        <time>2026-05-12T06:36:45.000Z</time>
      </trkpt>
      <trkpt lat="47.817438" lon="15.404119">
        <ele>848.371371</ele>
        <time>2026-05-12T06:36:46.000Z</time>
      </trkpt>
      <trkpt lat="47.817404" lon="15.404068">
        <ele>848.315352</ele>
        <time>2026-05-12T06:36:47.000Z</time>
      </trkpt>
      <trkpt lat="47.817369" lon="15.404020">
        <ele>848.260120</ele>
        <time>2026-05-12T06:36:48.000Z</time>
      </trkpt>
      <trkpt lat="47.817332" lon="15.403975">
        <ele>848.204666</ele>
        <time>2026-05-12T06:36:49.000Z</time>
      </trkpt>
      <trkpt lat="47.817295" lon="15.403933">
        <ele>848.150661</ele>
        <time>2026-05-12T06:36:50.000Z</time>
      </trkpt>
      <trkpt lat="47.817256" lon="15.403891">
        <ele>848.095678</ele>
        <time>2026-05-12T06:36:51.000Z</time>
      </trkpt>
      <trkpt lat="47.817217" lon="15.403851">
        <ele>848.043937</ele>
        <time>2026-05-12T06:36:52.000Z</time>
      </trkpt>
      <trkpt lat="47.817176" lon="15.403814">
        <ele>847.991556</ele>
        <time>2026-05-12T06:36:53.000Z</time>
      </trkpt>
      <trkpt lat="47.817134" lon="15.403777">
        <ele>847.938238</ele>
        <time>2026-05-12T06:36:54.000Z</time>
      </trkpt>
      <trkpt lat="47.817093" lon="15.403741">
        <ele>847.886233</ele>
        <time>2026-05-12T06:36:55.000Z</time>
      </trkpt>
      <trkpt lat="47.817045" lon="15.403695">
        <ele>847.823866</ele>
        <time>2026-05-12T06:36:56.000Z</time>
      </trkpt>
      <trkpt lat="47.817013" lon="15.403660">
        <ele>847.780485</ele>
        <time>2026-05-12T06:36:57.000Z</time>
      </trkpt>
      <trkpt lat="47.816973" lon="15.403618">
        <ele>847.727008</ele>
        <time>2026-05-12T06:36:58.000Z</time>
      </trkpt>
      <trkpt lat="47.816935" lon="15.403572">
        <ele>847.673502</ele>
        <time>2026-05-12T06:36:59.000Z</time>
      </trkpt>
      <trkpt lat="47.816897" lon="15.403523">
        <ele>847.618580</ele>
        <time>2026-05-12T06:37:00.000Z</time>
      </trkpt>
      <trkpt lat="47.816860" lon="15.403476">
        <ele>847.565443</ele>
        <time>2026-05-12T06:37:01.000Z</time>
      </trkpt>
      <trkpt lat="47.816822" lon="15.403427">
        <ele>847.510522</ele>
        <time>2026-05-12T06:37:02.000Z</time>
      </trkpt>
      <trkpt lat="47.816784" lon="15.403374">
        <ele>847.453636</ele>
        <time>2026-05-12T06:37:03.000Z</time>
      </trkpt>
      <trkpt lat="47.816745" lon="15.403322">
        <ele>847.396439</ele>
        <time>2026-05-12T06:37:04.000Z</time>
      </trkpt>
      <trkpt lat="47.816706" lon="15.403270">
        <ele>847.339243</ele>
        <time>2026-05-12T06:37:05.000Z</time>
      </trkpt>
      <trkpt lat="47.816667" lon="15.403218">
        <ele>847.282046</ele>
        <time>2026-05-12T06:37:06.000Z</time>
      </trkpt>
      <trkpt lat="47.816629" lon="15.403162">
        <ele>847.223633</ele>
        <time>2026-05-12T06:37:07.000Z</time>
      </trkpt>
      <trkpt lat="47.816591" lon="15.403103">
        <ele>847.163652</ele>
        <time>2026-05-12T06:37:08.000Z</time>
      </trkpt>
      <trkpt lat="47.816552" lon="15.403049">
        <ele>847.105466</ele>
        <time>2026-05-12T06:37:09.000Z</time>
      </trkpt>
      <trkpt lat="47.816513" lon="15.402997">
        <ele>847.048269</ele>
        <time>2026-05-12T06:37:10.000Z</time>
      </trkpt>
      <trkpt lat="47.816475" lon="15.402943">
        <ele>846.990879</ele>
        <time>2026-05-12T06:37:11.000Z</time>
      </trkpt>
      <trkpt lat="47.816436" lon="15.402894">
        <ele>846.935127</ele>
        <time>2026-05-12T06:37:12.000Z</time>
      </trkpt>
      <trkpt lat="47.816395" lon="15.402847">
        <ele>846.878594</ele>
        <time>2026-05-12T06:37:13.000Z</time>
      </trkpt>
      <trkpt lat="47.816355" lon="15.402801">
        <ele>846.823374</ele>
        <time>2026-05-12T06:37:14.000Z</time>
      </trkpt>
      <trkpt lat="47.816317" lon="15.402753">
        <ele>846.768929</ele>
        <time>2026-05-12T06:37:15.000Z</time>
      </trkpt>
      <trkpt lat="47.816279" lon="15.402701">
        <ele>846.712542</ele>
        <time>2026-05-12T06:37:16.000Z</time>
      </trkpt>
      <trkpt lat="47.816244" lon="15.402650">
        <ele>846.659038</ele>
        <time>2026-05-12T06:37:17.000Z</time>
      </trkpt>
      <trkpt lat="47.816206" lon="15.402603">
        <ele>846.605065</ele>
        <time>2026-05-12T06:37:18.000Z</time>
      </trkpt>
      <trkpt lat="47.816170" lon="15.402554">
        <ele>846.551776</ele>
        <time>2026-05-12T06:37:19.000Z</time>
      </trkpt>
      <trkpt lat="47.816134" lon="15.402503">
        <ele>846.497486</ele>
        <time>2026-05-12T06:37:20.000Z</time>
      </trkpt>
      <trkpt lat="47.816097" lon="15.402451">
        <ele>846.441898</ele>
        <time>2026-05-12T06:37:21.000Z</time>
      </trkpt>
      <trkpt lat="47.816060" lon="15.402399">
        <ele>846.386310</ele>
        <time>2026-05-12T06:37:22.000Z</time>
      </trkpt>
      <trkpt lat="47.816022" lon="15.402350">
        <ele>846.331388</ele>
        <time>2026-05-12T06:37:23.000Z</time>
      </trkpt>
      <trkpt lat="47.815983" lon="15.402303">
        <ele>846.276571</ele>
        <time>2026-05-12T06:37:24.000Z</time>
      </trkpt>
      <trkpt lat="47.815943" lon="15.402260">
        <ele>846.222668</ele>
        <time>2026-05-12T06:37:25.000Z</time>
      </trkpt>
      <trkpt lat="47.815903" lon="15.402217">
        <ele>846.168765</ele>
        <time>2026-05-12T06:37:26.000Z</time>
      </trkpt>
      <trkpt lat="47.815862" lon="15.402176">
        <ele>846.122494</ele>
        <time>2026-05-12T06:37:27.000Z</time>
      </trkpt>
      <trkpt lat="47.815818" lon="15.402139">
        <ele>846.081520</ele>
        <time>2026-05-12T06:37:28.000Z</time>
      </trkpt>
      <trkpt lat="47.815774" lon="15.402106">
        <ele>846.041572</ele>
        <time>2026-05-12T06:37:29.000Z</time>
      </trkpt>
      <trkpt lat="47.815731" lon="15.402075">
        <ele>846.002834</ele>
        <time>2026-05-12T06:37:30.000Z</time>
      </trkpt>
      <trkpt lat="47.815686" lon="15.402046">
        <ele>845.963074</ele>
        <time>2026-05-12T06:37:31.000Z</time>
      </trkpt>
      <trkpt lat="47.815643" lon="15.402015">
        <ele>845.924336</ele>
        <time>2026-05-12T06:37:32.000Z</time>
      </trkpt>
      <trkpt lat="47.815600" lon="15.401988">
        <ele>845.886495</ele>
        <time>2026-05-12T06:37:33.000Z</time>
      </trkpt>
      <trkpt lat="47.815556" lon="15.401960">
        <ele>845.847696</ele>
        <time>2026-05-12T06:37:34.000Z</time>
      </trkpt>
      <trkpt lat="47.815511" lon="15.401935">
        <ele>845.808750</ele>
        <time>2026-05-12T06:37:35.000Z</time>
      </trkpt>
      <trkpt lat="47.815468" lon="15.401907">
        <ele>845.770695</ele>
        <time>2026-05-12T06:37:36.000Z</time>
      </trkpt>
      <trkpt lat="47.815423" lon="15.401879">
        <ele>845.731148</ele>
        <time>2026-05-12T06:37:37.000Z</time>
      </trkpt>
      <trkpt lat="47.815377" lon="15.401853">
        <ele>845.691252</ele>
        <time>2026-05-12T06:37:38.000Z</time>
      </trkpt>
      <trkpt lat="47.815333" lon="15.401821">
        <ele>845.651546</ele>
        <time>2026-05-12T06:37:39.000Z</time>
      </trkpt>
      <trkpt lat="47.815292" lon="15.401786">
        <ele>845.613225</ele>
        <time>2026-05-12T06:37:40.000Z</time>
      </trkpt>
      <trkpt lat="47.815253" lon="15.401744">
        <ele>845.574198</ele>
        <time>2026-05-12T06:37:41.000Z</time>
      </trkpt>
      <trkpt lat="47.815212" lon="15.401703">
        <ele>845.534152</ele>
        <time>2026-05-12T06:37:42.000Z</time>
      </trkpt>
      <trkpt lat="47.815171" lon="15.401664">
        <ele>845.494702</ele>
        <time>2026-05-12T06:37:43.000Z</time>
      </trkpt>
      <trkpt lat="47.815132" lon="15.401624">
        <ele>845.456303</ele>
        <time>2026-05-12T06:37:44.000Z</time>
      </trkpt>
      <trkpt lat="47.815091" lon="15.401590">
        <ele>845.418250</ele>
        <time>2026-05-12T06:37:45.000Z</time>
      </trkpt>
      <trkpt lat="47.815040" lon="15.401555">
        <ele>845.372715</ele>
        <time>2026-05-12T06:37:46.000Z</time>
      </trkpt>
      <trkpt lat="47.815010" lon="15.401530">
        <ele>845.344839</ele>
        <time>2026-05-12T06:37:47.000Z</time>
      </trkpt>
      <trkpt lat="47.814968" lon="15.401498">
        <ele>845.306584</ele>
        <time>2026-05-12T06:37:48.000Z</time>
      </trkpt>
      <trkpt lat="47.814929" lon="15.401464">
        <ele>845.269939</ele>
        <time>2026-05-12T06:37:49.000Z</time>
      </trkpt>
      <trkpt lat="47.814889" lon="15.401429">
        <ele>845.232319</ele>
        <time>2026-05-12T06:37:50.000Z</time>
      </trkpt>
      <trkpt lat="47.814849" lon="15.401395">
        <ele>845.194972</ele>
        <time>2026-05-12T06:37:51.000Z</time>
      </trkpt>
      <trkpt lat="47.814809" lon="15.401367">
        <ele>845.159133</ele>
        <time>2026-05-12T06:37:52.000Z</time>
      </trkpt>
      <trkpt lat="47.814768" lon="15.401335">
        <ele>845.121597</ele>
        <time>2026-05-12T06:37:53.000Z</time>
      </trkpt>
      <trkpt lat="47.814729" lon="15.401300">
        <ele>845.084674</ele>
        <time>2026-05-12T06:37:54.000Z</time>
      </trkpt>
      <trkpt lat="47.814688" lon="15.401248">
        <ele>845.041005</ele>
        <time>2026-05-12T06:37:55.000Z</time>
      </trkpt>
      <trkpt lat="47.814664" lon="15.401210">
        <ele>845.012599</ele>
        <time>2026-05-12T06:37:56.000Z</time>
      </trkpt>
      <trkpt lat="47.814639" lon="15.401159">
        <ele>844.978216</ele>
        <time>2026-05-12T06:37:57.000Z</time>
      </trkpt>
      <trkpt lat="47.814618" lon="15.401102">
        <ele>844.942814</ele>
        <time>2026-05-12T06:37:58.000Z</time>
      </trkpt>
      <trkpt lat="47.814598" lon="15.401040">
        <ele>844.905360</ele>
        <time>2026-05-12T06:37:59.000Z</time>
      </trkpt>
      <trkpt lat="47.814580" lon="15.400977">
        <ele>844.868079</ele>
        <time>2026-05-12T06:38:00.000Z</time>
      </trkpt>
      <trkpt lat="47.814565" lon="15.400912">
        <ele>844.830653</ele>
        <time>2026-05-12T06:38:01.000Z</time>
      </trkpt>
      <trkpt lat="47.814552" lon="15.400847">
        <ele>844.793723</ele>
        <time>2026-05-12T06:38:02.000Z</time>
      </trkpt>
      <trkpt lat="47.814539" lon="15.400780">
        <ele>844.755747</ele>
        <time>2026-05-12T06:38:03.000Z</time>
      </trkpt>
      <trkpt lat="47.814524" lon="15.400712">
        <ele>844.716772</ele>
        <time>2026-05-12T06:38:04.000Z</time>
      </trkpt>
      <trkpt lat="47.814509" lon="15.400643">
        <ele>844.683143</ele>
        <time>2026-05-12T06:38:05.000Z</time>
      </trkpt>
      <trkpt lat="47.814492" lon="15.400574">
        <ele>844.669561</ele>
        <time>2026-05-12T06:38:06.000Z</time>
      </trkpt>
      <trkpt lat="47.814475" lon="15.400506">
        <ele>844.656153</ele>
        <time>2026-05-12T06:38:07.000Z</time>
      </trkpt>
      <trkpt lat="47.814456" lon="15.400440">
        <ele>844.642883</ele>
        <time>2026-05-12T06:38:08.000Z</time>
      </trkpt>
      <trkpt lat="47.814434" lon="15.400374">
        <ele>844.629266</ele>
        <time>2026-05-12T06:38:09.000Z</time>
      </trkpt>
      <trkpt lat="47.814412" lon="15.400313">
        <ele>844.616471</ele>
        <time>2026-05-12T06:38:10.000Z</time>
      </trkpt>
      <trkpt lat="47.814388" lon="15.400253">
        <ele>844.603566</ele>
        <time>2026-05-12T06:38:11.000Z</time>
      </trkpt>
      <trkpt lat="47.814362" lon="15.400195">
        <ele>844.590679</ele>
        <time>2026-05-12T06:38:12.000Z</time>
      </trkpt>
      <trkpt lat="47.814334" lon="15.400141">
        <ele>844.578071</ele>
        <time>2026-05-12T06:38:13.000Z</time>
      </trkpt>
      <trkpt lat="47.814303" lon="15.400089">
        <ele>844.565222</ele>
        <time>2026-05-12T06:38:14.000Z</time>
      </trkpt>
      <trkpt lat="47.814270" lon="15.400038">
        <ele>844.552134</ele>
        <time>2026-05-12T06:38:15.000Z</time>
      </trkpt>
      <trkpt lat="47.814237" lon="15.399986">
        <ele>844.538913</ele>
        <time>2026-05-12T06:38:16.000Z</time>
      </trkpt>
      <trkpt lat="47.814203" lon="15.399934">
        <ele>844.525501</ele>
        <time>2026-05-12T06:38:17.000Z</time>
      </trkpt>
      <trkpt lat="47.814169" lon="15.399888">
        <ele>844.512860</ele>
        <time>2026-05-12T06:38:18.000Z</time>
      </trkpt>
      <trkpt lat="47.814136" lon="15.399839">
        <ele>844.500036</ele>
        <time>2026-05-12T06:38:19.000Z</time>
      </trkpt>
      <trkpt lat="47.814099" lon="15.399794">
        <ele>844.486890</ele>
        <time>2026-05-12T06:38:20.000Z</time>
      </trkpt>
      <trkpt lat="47.814063" lon="15.399749">
        <ele>844.473955</ele>
        <time>2026-05-12T06:38:21.000Z</time>
      </trkpt>
      <trkpt lat="47.814028" lon="15.399701">
        <ele>844.460862</ele>
        <time>2026-05-12T06:38:22.000Z</time>
      </trkpt>
      <trkpt lat="47.813995" lon="15.399654">
        <ele>844.448296</ele>
        <time>2026-05-12T06:38:23.000Z</time>
      </trkpt>
      <trkpt lat="47.813960" lon="15.399603">
        <ele>844.434820</ele>
        <time>2026-05-12T06:38:24.000Z</time>
      </trkpt>
      <trkpt lat="47.813925" lon="15.399554">
        <ele>844.421601</ele>
        <time>2026-05-12T06:38:25.000Z</time>
      </trkpt>
      <trkpt lat="47.813890" lon="15.399507">
        <ele>844.408632</ele>
        <time>2026-05-12T06:38:26.000Z</time>
      </trkpt>
      <trkpt lat="47.813854" lon="15.399460">
        <ele>844.395457</ele>
        <time>2026-05-12T06:38:27.000Z</time>
      </trkpt>
      <trkpt lat="47.813818" lon="15.399415">
        <ele>844.382523</ele>
        <time>2026-05-12T06:38:28.000Z</time>
      </trkpt>
      <trkpt lat="47.813784" lon="15.399366">
        <ele>844.369502</ele>
        <time>2026-05-12T06:38:29.000Z</time>
      </trkpt>
      <trkpt lat="47.813749" lon="15.399316">
        <ele>844.356155</ele>
        <time>2026-05-12T06:38:30.000Z</time>
      </trkpt>
      <trkpt lat="47.813715" lon="15.399263">
        <ele>844.342610</ele>
        <time>2026-05-12T06:38:31.000Z</time>
      </trkpt>
      <trkpt lat="47.813686" lon="15.399206">
        <ele>844.329395</ele>
        <time>2026-05-12T06:38:32.000Z</time>
      </trkpt>
      <trkpt lat="47.813659" lon="15.399149">
        <ele>844.316505</ele>
        <time>2026-05-12T06:38:33.000Z</time>
      </trkpt>
      <trkpt lat="47.813635" lon="15.399090">
        <ele>844.303758</ele>
        <time>2026-05-12T06:38:34.000Z</time>
      </trkpt>
      <trkpt lat="47.813613" lon="15.399028">
        <ele>844.290799</ele>
        <time>2026-05-12T06:38:35.000Z</time>
      </trkpt>
      <trkpt lat="47.813598" lon="15.398961">
        <ele>844.277748</ele>
        <time>2026-05-12T06:38:36.000Z</time>
      </trkpt>
      <trkpt lat="47.813589" lon="15.398893">
        <ele>844.264940</ele>
        <time>2026-05-12T06:38:37.000Z</time>
      </trkpt>
      <trkpt lat="47.813585" lon="15.398824">
        <ele>844.252141</ele>
        <time>2026-05-12T06:38:38.000Z</time>
      </trkpt>
      <trkpt lat="47.813586" lon="15.398755">
        <ele>844.239387</ele>
        <time>2026-05-12T06:38:39.000Z</time>
      </trkpt>
      <trkpt lat="47.813589" lon="15.398687">
        <ele>844.226794</ele>
        <time>2026-05-12T06:38:40.000Z</time>
      </trkpt>
      <trkpt lat="47.813596" lon="15.398620">
        <ele>844.214264</ele>
        <time>2026-05-12T06:38:41.000Z</time>
      </trkpt>
      <trkpt lat="47.813607" lon="15.398559">
        <ele>844.202592</ele>
        <time>2026-05-12T06:38:42.000Z</time>
      </trkpt>
      <trkpt lat="47.813618" lon="15.398500">
        <ele>844.191276</ele>
        <time>2026-05-12T06:38:43.000Z</time>
      </trkpt>
      <trkpt lat="47.813626" lon="15.398441">
        <ele>844.162689</ele>
        <time>2026-05-12T06:38:44.000Z</time>
      </trkpt>
      <trkpt lat="47.813634" lon="15.398385">
        <ele>844.135382</ele>
        <time>2026-05-12T06:38:45.000Z</time>
      </trkpt>
      <trkpt lat="47.813644" lon="15.398331">
        <ele>844.108664</ele>
        <time>2026-05-12T06:38:46.000Z</time>
      </trkpt>
      <trkpt lat="47.813655" lon="15.398270">
        <ele>844.078539</ele>
        <time>2026-05-12T06:38:47.000Z</time>
      </trkpt>
      <trkpt lat="47.813659" lon="15.398229">
        <ele>844.058779</ele>
        <time>2026-05-12T06:38:48.000Z</time>
      </trkpt>
      <trkpt lat="47.813662" lon="15.398179">
        <ele>844.034836</ele>
        <time>2026-05-12T06:38:49.000Z</time>
      </trkpt>
      <trkpt lat="47.813665" lon="15.398130">
        <ele>844.011368</ele>
        <time>2026-05-12T06:38:50.000Z</time>
      </trkpt>
      <trkpt lat="47.813670" lon="15.398080">
        <ele>843.987257</ele>
        <time>2026-05-12T06:38:51.000Z</time>
      </trkpt>
      <trkpt lat="47.813674" lon="15.398029">
        <ele>843.962766</ele>
        <time>2026-05-12T06:38:52.000Z</time>
      </trkpt>
      <trkpt lat="47.813678" lon="15.397977">
        <ele>843.937802</ele>
        <time>2026-05-12T06:38:53.000Z</time>
      </trkpt>
      <trkpt lat="47.813680" lon="15.397924">
        <ele>843.912483</ele>
        <time>2026-05-12T06:38:54.000Z</time>
      </trkpt>
      <trkpt lat="47.813682" lon="15.397867">
        <ele>843.885260</ele>
        <time>2026-05-12T06:38:55.000Z</time>
      </trkpt>
      <trkpt lat="47.813685" lon="15.397809">
        <ele>843.857514</ele>
        <time>2026-05-12T06:38:56.000Z</time>
      </trkpt>
      <trkpt lat="47.813690" lon="15.397751">
        <ele>843.829623</ele>
        <time>2026-05-12T06:38:57.000Z</time>
      </trkpt>
      <trkpt lat="47.813693" lon="15.397690">
        <ele>843.800451</ele>
        <time>2026-05-12T06:38:58.000Z</time>
      </trkpt>
      <trkpt lat="47.813696" lon="15.397626">
        <ele>843.769851</ele>
        <time>2026-05-12T06:38:59.000Z</time>
      </trkpt>
      <trkpt lat="47.813700" lon="15.397561">
        <ele>843.738719</ele>
        <time>2026-05-12T06:39:00.000Z</time>
      </trkpt>
      <trkpt lat="47.813702" lon="15.397495">
        <ele>843.707208</ele>
        <time>2026-05-12T06:39:01.000Z</time>
      </trkpt>
      <trkpt lat="47.813706" lon="15.397427">
        <ele>843.674650</ele>
        <time>2026-05-12T06:39:02.000Z</time>
      </trkpt>
      <trkpt lat="47.813708" lon="15.397345">
        <ele>843.635514</ele>
        <time>2026-05-12T06:39:03.000Z</time>
      </trkpt>
      <trkpt lat="47.813709" lon="15.397290">
        <ele>843.609271</ele>
        <time>2026-05-12T06:39:04.000Z</time>
      </trkpt>
      <trkpt lat="47.813711" lon="15.397222">
        <ele>843.576807</ele>
        <time>2026-05-12T06:39:05.000Z</time>
      </trkpt>
      <trkpt lat="47.813712" lon="15.397151">
        <ele>843.542935</ele>
        <time>2026-05-12T06:39:06.000Z</time>
      </trkpt>
      <trkpt lat="47.813713" lon="15.397081">
        <ele>843.509541</ele>
        <time>2026-05-12T06:39:07.000Z</time>
      </trkpt>
      <trkpt lat="47.813713" lon="15.397009">
        <ele>843.475200</ele>
        <time>2026-05-12T06:39:08.000Z</time>
      </trkpt>
      <trkpt lat="47.813714" lon="15.396937">
        <ele>843.440851</ele>
        <time>2026-05-12T06:39:09.000Z</time>
      </trkpt>
      <trkpt lat="47.813717" lon="15.396867">
        <ele>843.407396</ele>
        <time>2026-05-12T06:39:10.000Z</time>
      </trkpt>
      <trkpt lat="47.813719" lon="15.396793">
        <ele>843.372073</ele>
        <time>2026-05-12T06:39:11.000Z</time>
      </trkpt>
      <trkpt lat="47.813722" lon="15.396721">
        <ele>843.337665</ele>
        <time>2026-05-12T06:39:12.000Z</time>
      </trkpt>
      <trkpt lat="47.813721" lon="15.396651">
        <ele>843.304271</ele>
        <time>2026-05-12T06:39:13.000Z</time>
      </trkpt>
      <trkpt lat="47.813722" lon="15.396581">
        <ele>843.270876</ele>
        <time>2026-05-12T06:39:14.000Z</time>
      </trkpt>
      <trkpt lat="47.813725" lon="15.396511">
        <ele>843.237421</ele>
        <time>2026-05-12T06:39:15.000Z</time>
      </trkpt>
      <trkpt lat="47.813727" lon="15.396441">
        <ele>843.204004</ele>
        <time>2026-05-12T06:39:16.000Z</time>
      </trkpt>
      <trkpt lat="47.813729" lon="15.396370">
        <ele>843.170110</ele>
        <time>2026-05-12T06:39:17.000Z</time>
      </trkpt>
      <trkpt lat="47.813732" lon="15.396299">
        <ele>843.136179</ele>
        <time>2026-05-12T06:39:18.000Z</time>
      </trkpt>
      <trkpt lat="47.813734" lon="15.396228">
        <ele>843.102285</ele>
        <time>2026-05-12T06:39:19.000Z</time>
      </trkpt>
      <trkpt lat="47.813736" lon="15.396141">
        <ele>843.060765</ele>
        <time>2026-05-12T06:39:20.000Z</time>
      </trkpt>
      <trkpt lat="47.813736" lon="15.396082">
        <ele>843.032624</ele>
        <time>2026-05-12T06:39:21.000Z</time>
      </trkpt>
      <trkpt lat="47.813740" lon="15.396012">
        <ele>842.999116</ele>
        <time>2026-05-12T06:39:22.000Z</time>
      </trkpt>
      <trkpt lat="47.813745" lon="15.395941">
        <ele>842.965067</ele>
        <time>2026-05-12T06:39:23.000Z</time>
      </trkpt>
      <trkpt lat="47.813749" lon="15.395871">
        <ele>842.931559</ele>
        <time>2026-05-12T06:39:24.000Z</time>
      </trkpt>
      <trkpt lat="47.813753" lon="15.395801">
        <ele>842.898310</ele>
        <time>2026-05-12T06:39:25.000Z</time>
      </trkpt>
      <trkpt lat="47.813756" lon="15.395729">
        <ele>842.864471</ele>
        <time>2026-05-12T06:39:26.000Z</time>
      </trkpt>
      <trkpt lat="47.813759" lon="15.395658">
        <ele>842.831100</ele>
        <time>2026-05-12T06:39:27.000Z</time>
      </trkpt>
      <trkpt lat="47.813761" lon="15.395585">
        <ele>842.796829</ele>
        <time>2026-05-12T06:39:28.000Z</time>
      </trkpt>
      <trkpt lat="47.813763" lon="15.395514">
        <ele>842.763495</ele>
        <time>2026-05-12T06:39:29.000Z</time>
      </trkpt>
      <trkpt lat="47.813767" lon="15.395446">
        <ele>842.731475</ele>
        <time>2026-05-12T06:39:30.000Z</time>
      </trkpt>
      <trkpt lat="47.813772" lon="15.395378">
        <ele>842.699387</ele>
        <time>2026-05-12T06:39:31.000Z</time>
      </trkpt>
      <trkpt lat="47.813780" lon="15.395314">
        <ele>842.668850</ele>
        <time>2026-05-12T06:39:32.000Z</time>
      </trkpt>
      <trkpt lat="47.813785" lon="15.395250">
        <ele>842.638626</ele>
        <time>2026-05-12T06:39:33.000Z</time>
      </trkpt>
      <trkpt lat="47.813793" lon="15.395189">
        <ele>842.609471</ele>
        <time>2026-05-12T06:39:34.000Z</time>
      </trkpt>
      <trkpt lat="47.813803" lon="15.395127">
        <ele>842.579561</ele>
        <time>2026-05-12T06:39:35.000Z</time>
      </trkpt>
      <trkpt lat="47.813814" lon="15.395065">
        <ele>842.549480</ele>
        <time>2026-05-12T06:39:36.000Z</time>
      </trkpt>
      <trkpt lat="47.813828" lon="15.395006">
        <ele>842.520127</ele>
        <time>2026-05-12T06:39:37.000Z</time>
      </trkpt>
      <trkpt lat="47.813842" lon="15.394952">
        <ele>842.492975</ele>
        <time>2026-05-12T06:39:38.000Z</time>
      </trkpt>
      <trkpt lat="47.813859" lon="15.394886">
        <ele>842.459816</ele>
        <time>2026-05-12T06:39:39.000Z</time>
      </trkpt>
      <trkpt lat="47.813870" lon="15.394843">
        <ele>842.438232</ele>
        <time>2026-05-12T06:39:40.000Z</time>
      </trkpt>
      <trkpt lat="47.813883" lon="15.394788">
        <ele>842.410881</ele>
        <time>2026-05-12T06:39:41.000Z</time>
      </trkpt>
      <trkpt lat="47.813894" lon="15.394731">
        <ele>842.383061</ele>
        <time>2026-05-12T06:39:42.000Z</time>
      </trkpt>
      <trkpt lat="47.813904" lon="15.394669">
        <ele>842.353151</ele>
        <time>2026-05-12T06:39:43.000Z</time>
      </trkpt>
      <trkpt lat="47.813913" lon="15.394606">
        <ele>842.322937</ele>
        <time>2026-05-12T06:39:44.000Z</time>
      </trkpt>
      <trkpt lat="47.813920" lon="15.394542">
        <ele>842.292521</ele>
        <time>2026-05-12T06:39:45.000Z</time>
      </trkpt>
      <trkpt lat="47.813926" lon="15.394476">
        <ele>842.261279</ele>
        <time>2026-05-12T06:39:46.000Z</time>
      </trkpt>
      <trkpt lat="47.813931" lon="15.394406">
        <ele>842.228258</ele>
        <time>2026-05-12T06:39:47.000Z</time>
      </trkpt>
      <trkpt lat="47.813934" lon="15.394336">
        <ele>842.195355</ele>
        <time>2026-05-12T06:39:48.000Z</time>
      </trkpt>
      <trkpt lat="47.813935" lon="15.394262">
        <ele>842.160636</ele>
        <time>2026-05-12T06:39:49.000Z</time>
      </trkpt>
      <trkpt lat="47.813932" lon="15.394187">
        <ele>842.125393</ele>
        <time>2026-05-12T06:39:50.000Z</time>
      </trkpt>
      <trkpt lat="47.813925" lon="15.394095">
        <ele>842.081961</ele>
        <time>2026-05-12T06:39:51.000Z</time>
      </trkpt>
      <trkpt lat="47.813921" lon="15.394032">
        <ele>842.052277</ele>
        <time>2026-05-12T06:39:52.000Z</time>
      </trkpt>
      <trkpt lat="47.813913" lon="15.393955">
        <ele>842.015728</ele>
        <time>2026-05-12T06:39:53.000Z</time>
      </trkpt>
      <trkpt lat="47.813903" lon="15.393881">
        <ele>841.980321</ele>
        <time>2026-05-12T06:39:54.000Z</time>
      </trkpt>
      <trkpt lat="47.813892" lon="15.393809">
        <ele>841.945684</ele>
        <time>2026-05-12T06:39:55.000Z</time>
      </trkpt>
      <trkpt lat="47.813880" lon="15.393737">
        <ele>841.910885</ele>
        <time>2026-05-12T06:39:56.000Z</time>
      </trkpt>
      <trkpt lat="47.813868" lon="15.393668">
        <ele>841.877451</ele>
        <time>2026-05-12T06:39:57.000Z</time>
      </trkpt>
      <trkpt lat="47.813851" lon="15.393600">
        <ele>841.843414</ele>
        <time>2026-05-12T06:39:58.000Z</time>
      </trkpt>
      <trkpt lat="47.813838" lon="15.393533">
        <ele>841.810700</ele>
        <time>2026-05-12T06:39:59.000Z</time>
      </trkpt>
      <trkpt lat="47.813823" lon="15.393464">
        <ele>841.776680</ele>
        <time>2026-05-12T06:40:00.000Z</time>
      </trkpt>
      <trkpt lat="47.813810" lon="15.393398">
        <ele>841.744416</ele>
        <time>2026-05-12T06:40:01.000Z</time>
      </trkpt>
      <trkpt lat="47.813794" lon="15.393332">
        <ele>841.711501</ele>
        <time>2026-05-12T06:40:02.000Z</time>
      </trkpt>
      <trkpt lat="47.813777" lon="15.393267">
        <ele>841.678780</ele>
        <time>2026-05-12T06:40:03.000Z</time>
      </trkpt>
      <trkpt lat="47.813763" lon="15.393204">
        <ele>841.652366</ele>
        <time>2026-05-12T06:40:04.000Z</time>
      </trkpt>
      <trkpt lat="47.813749" lon="15.393144">
        <ele>841.637064</ele>
        <time>2026-05-12T06:40:05.000Z</time>
      </trkpt>
      <trkpt lat="47.813735" lon="15.393081">
        <ele>841.621076</ele>
        <time>2026-05-12T06:40:06.000Z</time>
      </trkpt>
      <trkpt lat="47.813718" lon="15.393019">
        <ele>841.604942</ele>
        <time>2026-05-12T06:40:07.000Z</time>
      </trkpt>
      <trkpt lat="47.813698" lon="15.392961">
        <ele>841.589234</ele>
        <time>2026-05-12T06:40:08.000Z</time>
      </trkpt>
      <trkpt lat="47.813675" lon="15.392908">
        <ele>841.574032</ele>
        <time>2026-05-12T06:40:09.000Z</time>
      </trkpt>
      <trkpt lat="47.813654" lon="15.392853">
        <ele>841.558789</ele>
        <time>2026-05-12T06:40:10.000Z</time>
      </trkpt>
      <trkpt lat="47.813635" lon="15.392798">
        <ele>841.543888</ele>
        <time>2026-05-12T06:40:11.000Z</time>
      </trkpt>
      <trkpt lat="47.813616" lon="15.392740">
        <ele>841.528341</ele>
        <time>2026-05-12T06:40:12.000Z</time>
      </trkpt>
      <trkpt lat="47.813598" lon="15.392684">
        <ele>841.513384</ele>
        <time>2026-05-12T06:40:13.000Z</time>
      </trkpt>
      <trkpt lat="47.813579" lon="15.392627">
        <ele>841.498053</ele>
        <time>2026-05-12T06:40:14.000Z</time>
      </trkpt>
      <trkpt lat="47.813559" lon="15.392569">
        <ele>841.482345</ele>
        <time>2026-05-12T06:40:15.000Z</time>
      </trkpt>
      <trkpt lat="47.813541" lon="15.392511">
        <ele>841.466951</ele>
        <time>2026-05-12T06:40:16.000Z</time>
      </trkpt>
      <trkpt lat="47.813521" lon="15.392453">
        <ele>841.451244</ele>
        <time>2026-05-12T06:40:17.000Z</time>
      </trkpt>
      <trkpt lat="47.813501" lon="15.392396">
        <ele>841.435750</ele>
        <time>2026-05-12T06:40:18.000Z</time>
      </trkpt>
      <trkpt lat="47.813483" lon="15.392335">
        <ele>841.419697</ele>
        <time>2026-05-12T06:40:19.000Z</time>
      </trkpt>
      <trkpt lat="47.813465" lon="15.392274">
        <ele>841.403645</ele>
        <time>2026-05-12T06:40:20.000Z</time>
      </trkpt>
      <trkpt lat="47.813447" lon="15.392212">
        <ele>841.387372</ele>
        <time>2026-05-12T06:40:21.000Z</time>
      </trkpt>
      <trkpt lat="47.813426" lon="15.392151">
        <ele>841.370857</ele>
        <time>2026-05-12T06:40:22.000Z</time>
      </trkpt>
      <trkpt lat="47.813404" lon="15.392093">
        <ele>841.354809</ele>
        <time>2026-05-12T06:40:23.000Z</time>
      </trkpt>
      <trkpt lat="47.813384" lon="15.392036">
        <ele>841.339315</ele>
        <time>2026-05-12T06:40:24.000Z</time>
      </trkpt>
      <trkpt lat="47.813366" lon="15.391978">
        <ele>841.323922</ele>
        <time>2026-05-12T06:40:25.000Z</time>
      </trkpt>
      <trkpt lat="47.813349" lon="15.391920">
        <ele>841.308675</ele>
        <time>2026-05-12T06:40:26.000Z</time>
      </trkpt>
      <trkpt lat="47.813332" lon="15.391860">
        <ele>841.292986</ele>
        <time>2026-05-12T06:40:27.000Z</time>
      </trkpt>
      <trkpt lat="47.813313" lon="15.391801">
        <ele>841.277222</ele>
        <time>2026-05-12T06:40:28.000Z</time>
      </trkpt>
      <trkpt lat="47.813293" lon="15.391745">
        <ele>841.261941</ele>
        <time>2026-05-12T06:40:29.000Z</time>
      </trkpt>
      <trkpt lat="47.813271" lon="15.391689">
        <ele>841.246311</ele>
        <time>2026-05-12T06:40:30.000Z</time>
      </trkpt>
      <trkpt lat="47.813251" lon="15.391631">
        <ele>841.230603</ele>
        <time>2026-05-12T06:40:31.000Z</time>
      </trkpt>
      <trkpt lat="47.813232" lon="15.391573">
        <ele>841.215055</ele>
        <time>2026-05-12T06:40:32.000Z</time>
      </trkpt>
      <trkpt lat="47.813213" lon="15.391514">
        <ele>841.199291</ele>
        <time>2026-05-12T06:40:33.000Z</time>
      </trkpt>
      <trkpt lat="47.813195" lon="15.391454">
        <ele>841.183459</ele>
        <time>2026-05-12T06:40:34.000Z</time>
      </trkpt>
      <trkpt lat="47.813174" lon="15.391397">
        <ele>841.167796</ele>
        <time>2026-05-12T06:40:35.000Z</time>
      </trkpt>
      <trkpt lat="47.813152" lon="15.391343">
        <ele>841.152579</ele>
        <time>2026-05-12T06:40:36.000Z</time>
      </trkpt>
      <trkpt lat="47.813129" lon="15.391288">
        <ele>841.136969</ele>
        <time>2026-05-12T06:40:37.000Z</time>
      </trkpt>
      <trkpt lat="47.813109" lon="15.391230">
        <ele>841.121261</ele>
        <time>2026-05-12T06:40:38.000Z</time>
      </trkpt>
      <trkpt lat="47.813091" lon="15.391171">
        <ele>841.105649</ele>
        <time>2026-05-12T06:40:39.000Z</time>
      </trkpt>
      <trkpt lat="47.813071" lon="15.391115">
        <ele>841.090368</ele>
        <time>2026-05-12T06:40:40.000Z</time>
      </trkpt>
      <trkpt lat="47.813052" lon="15.391060">
        <ele>841.075467</ele>
        <time>2026-05-12T06:40:41.000Z</time>
      </trkpt>
      <trkpt lat="47.813033" lon="15.391007">
        <ele>841.060992</ele>
        <time>2026-05-12T06:40:42.000Z</time>
      </trkpt>
      <trkpt lat="47.813014" lon="15.390957">
        <ele>841.047152</ele>
        <time>2026-05-12T06:40:43.000Z</time>
      </trkpt>
      <trkpt lat="47.812996" lon="15.390910">
        <ele>841.034116</ele>
        <time>2026-05-12T06:40:44.000Z</time>
      </trkpt>
      <trkpt lat="47.812979" lon="15.390859">
        <ele>841.020399</ele>
        <time>2026-05-12T06:40:45.000Z</time>
      </trkpt>
      <trkpt lat="47.812963" lon="15.390809">
        <ele>841.009930</ele>
        <time>2026-05-12T06:40:46.000Z</time>
      </trkpt>
      <trkpt lat="47.812947" lon="15.390758">
        <ele>841.004136</ele>
        <time>2026-05-12T06:40:47.000Z</time>
      </trkpt>
      <trkpt lat="47.812928" lon="15.390695">
        <ele>840.997028</ele>
        <time>2026-05-12T06:40:48.000Z</time>
      </trkpt>
      <trkpt lat="47.812914" lon="15.390651">
        <ele>840.992017</ele>
        <time>2026-05-12T06:40:49.000Z</time>
      </trkpt>
      <trkpt lat="47.812895" lon="15.390597">
        <ele>840.985742</ele>
        <time>2026-05-12T06:40:50.000Z</time>
      </trkpt>
      <trkpt lat="47.812875" lon="15.390544">
        <ele>840.979485</ele>
        <time>2026-05-12T06:40:51.000Z</time>
      </trkpt>
      <trkpt lat="47.812855" lon="15.390491">
        <ele>840.973228</ele>
        <time>2026-05-12T06:40:52.000Z</time>
      </trkpt>
      <trkpt lat="47.812836" lon="15.390438">
        <ele>840.967045</ele>
        <time>2026-05-12T06:40:53.000Z</time>
      </trkpt>
      <trkpt lat="47.812817" lon="15.390384">
        <ele>840.960770</ele>
        <time>2026-05-12T06:40:54.000Z</time>
      </trkpt>
      <trkpt lat="47.812799" lon="15.390330">
        <ele>840.954565</ele>
        <time>2026-05-12T06:40:55.000Z</time>
      </trkpt>
      <trkpt lat="47.812777" lon="15.390262">
        <ele>840.946797</ele>
        <time>2026-05-12T06:40:56.000Z</time>
      </trkpt>
      <trkpt lat="47.812761" lon="15.390217">
        <ele>840.941556</ele>
        <time>2026-05-12T06:40:57.000Z</time>
      </trkpt>
      <trkpt lat="47.812741" lon="15.390160">
        <ele>840.934937</ele>
        <time>2026-05-12T06:40:58.000Z</time>
      </trkpt>
      <trkpt lat="47.812719" lon="15.390102">
        <ele>840.928081</ele>
        <time>2026-05-12T06:40:59.000Z</time>
      </trkpt>
      <trkpt lat="47.812697" lon="15.390042">
        <ele>840.921045</ele>
        <time>2026-05-12T06:41:00.000Z</time>
      </trkpt>
      <trkpt lat="47.812675" lon="15.389980">
        <ele>840.913828</ele>
        <time>2026-05-12T06:41:01.000Z</time>
      </trkpt>
      <trkpt lat="47.812653" lon="15.389918">
        <ele>840.906610</ele>
        <time>2026-05-12T06:41:02.000Z</time>
      </trkpt>
      <trkpt lat="47.812632" lon="15.389857">
        <ele>840.899555</ele>
        <time>2026-05-12T06:41:03.000Z</time>
      </trkpt>
      <trkpt lat="47.812611" lon="15.389792">
        <ele>840.892131</ele>
        <time>2026-05-12T06:41:04.000Z</time>
      </trkpt>
      <trkpt lat="47.812589" lon="15.389727">
        <ele>840.884639</ele>
        <time>2026-05-12T06:41:05.000Z</time>
      </trkpt>
      <trkpt lat="47.812566" lon="15.389662">
        <ele>840.877077</ele>
        <time>2026-05-12T06:41:06.000Z</time>
      </trkpt>
      <trkpt lat="47.812545" lon="15.389598">
        <ele>840.869746</ele>
        <time>2026-05-12T06:41:07.000Z</time>
      </trkpt>
      <trkpt lat="47.812523" lon="15.389534">
        <ele>840.862346</ele>
        <time>2026-05-12T06:41:08.000Z</time>
      </trkpt>
      <trkpt lat="47.812500" lon="15.389470">
        <ele>840.854875</ele>
        <time>2026-05-12T06:41:09.000Z</time>
      </trkpt>
      <trkpt lat="47.812477" lon="15.389404">
        <ele>840.847222</ele>
        <time>2026-05-12T06:41:10.000Z</time>
      </trkpt>
      <trkpt lat="47.812454" lon="15.389342">
        <ele>840.839932</ele>
        <time>2026-05-12T06:41:11.000Z</time>
      </trkpt>
      <trkpt lat="47.812431" lon="15.389282">
        <ele>840.832821</ele>
        <time>2026-05-12T06:41:12.000Z</time>
      </trkpt>
      <trkpt lat="47.812410" lon="15.389219">
        <ele>840.825582</ele>
        <time>2026-05-12T06:41:13.000Z</time>
      </trkpt>
      <trkpt lat="47.812390" lon="15.389155">
        <ele>840.818317</ele>
        <time>2026-05-12T06:41:14.000Z</time>
      </trkpt>
      <trkpt lat="47.812368" lon="15.389091">
        <ele>840.810917</ele>
        <time>2026-05-12T06:41:15.000Z</time>
      </trkpt>
      <trkpt lat="47.812345" lon="15.389027">
        <ele>840.803446</ele>
        <time>2026-05-12T06:41:16.000Z</time>
      </trkpt>
      <trkpt lat="47.812320" lon="15.388961">
        <ele>840.795647</ele>
        <time>2026-05-12T06:41:17.000Z</time>
      </trkpt>
      <trkpt lat="47.812298" lon="15.388897">
        <ele>840.788247</ele>
        <time>2026-05-12T06:41:18.000Z</time>
      </trkpt>
      <trkpt lat="47.812272" lon="15.388820">
        <ele>840.779376</ele>
        <time>2026-05-12T06:41:19.000Z</time>
      </trkpt>
      <trkpt lat="47.812253" lon="15.388770">
        <ele>840.773463</ele>
        <time>2026-05-12T06:41:20.000Z</time>
      </trkpt>
      <trkpt lat="47.812231" lon="15.388708">
        <ele>840.766246</ele>
        <time>2026-05-12T06:41:21.000Z</time>
      </trkpt>
      <trkpt lat="47.812210" lon="15.388646">
        <ele>840.759099</ele>
        <time>2026-05-12T06:41:22.000Z</time>
      </trkpt>
      <trkpt lat="47.812191" lon="15.388589">
        <ele>840.752549</ele>
        <time>2026-05-12T06:41:23.000Z</time>
      </trkpt>
      <trkpt lat="47.812172" lon="15.388533">
        <ele>840.746091</ele>
        <time>2026-05-12T06:41:24.000Z</time>
      </trkpt>
      <trkpt lat="47.812151" lon="15.388469">
        <ele>840.738760</ele>
        <time>2026-05-12T06:41:25.000Z</time>
      </trkpt>
      <trkpt lat="47.812139" lon="15.388431">
        <ele>840.727832</ele>
        <time>2026-05-12T06:41:26.000Z</time>
      </trkpt>
      <trkpt lat="47.812127" lon="15.388384">
        <ele>840.705330</ele>
        <time>2026-05-12T06:41:27.000Z</time>
      </trkpt>
      <trkpt lat="47.812111" lon="15.388324">
        <ele>840.676439</ele>
        <time>2026-05-12T06:41:28.000Z</time>
      </trkpt>
      <trkpt lat="47.812099" lon="15.388285">
        <ele>840.657241</ele>
        <time>2026-05-12T06:41:29.000Z</time>
      </trkpt>
      <trkpt lat="47.812082" lon="15.388239">
        <ele>840.633744</ele>
        <time>2026-05-12T06:41:30.000Z</time>
      </trkpt>
      <trkpt lat="47.812061" lon="15.388194">
        <ele>840.609221</ele>
        <time>2026-05-12T06:41:31.000Z</time>
      </trkpt>
      <trkpt lat="47.812039" lon="15.388152">
        <ele>840.585384</ele>
        <time>2026-05-12T06:41:32.000Z</time>
      </trkpt>
      <trkpt lat="47.812018" lon="15.388110">
        <ele>840.561951</ele>
        <time>2026-05-12T06:41:33.000Z</time>
      </trkpt>
      <trkpt lat="47.811998" lon="15.388070">
        <ele>840.539633</ele>
        <time>2026-05-12T06:41:34.000Z</time>
      </trkpt>
      <trkpt lat="47.811976" lon="15.388031">
        <ele>840.516840</ele>
        <time>2026-05-12T06:41:35.000Z</time>
      </trkpt>
      <trkpt lat="47.811953" lon="15.387995">
        <ele>840.494603</ele>
        <time>2026-05-12T06:41:36.000Z</time>
      </trkpt>
      <trkpt lat="47.811931" lon="15.387960">
        <ele>840.473150</ele>
        <time>2026-05-12T06:41:37.000Z</time>
      </trkpt>
      <trkpt lat="47.811913" lon="15.387922">
        <ele>840.452339</ele>
        <time>2026-05-12T06:41:38.000Z</time>
      </trkpt>
      <trkpt lat="47.811900" lon="15.387885">
        <ele>840.433652</ele>
        <time>2026-05-12T06:41:39.000Z</time>
      </trkpt>
      <trkpt lat="47.811886" lon="15.387848">
        <ele>840.414646</ele>
        <time>2026-05-12T06:41:40.000Z</time>
      </trkpt>
      <trkpt lat="47.811873" lon="15.387810">
        <ele>840.395561</ele>
        <time>2026-05-12T06:41:41.000Z</time>
      </trkpt>
      <trkpt lat="47.811864" lon="15.387773">
        <ele>840.377950</ele>
        <time>2026-05-12T06:41:42.000Z</time>
      </trkpt>
      <trkpt lat="47.811858" lon="15.387736">
        <ele>840.360916</ele>
        <time>2026-05-12T06:41:43.000Z</time>
      </trkpt>
      <trkpt lat="47.811850" lon="15.387704">
        <ele>840.345635</ele>
        <time>2026-05-12T06:41:44.000Z</time>
      </trkpt>
      <trkpt lat="47.811843" lon="15.387671">
        <ele>840.330148</ele>
        <time>2026-05-12T06:41:45.000Z</time>
      </trkpt>
      <trkpt lat="47.811836" lon="15.387635">
        <ele>840.313375</ele>
        <time>2026-05-12T06:41:46.000Z</time>
      </trkpt>
      <trkpt lat="47.811828" lon="15.387600">
        <ele>840.296830</ele>
        <time>2026-05-12T06:41:47.000Z</time>
      </trkpt>
      <trkpt lat="47.811822" lon="15.387565">
        <ele>840.280664</ele>
        <time>2026-05-12T06:41:48.000Z</time>
      </trkpt>
      <trkpt lat="47.811821" lon="15.387530">
        <ele>840.264987</ele>
        <time>2026-05-12T06:41:49.000Z</time>
      </trkpt>
      <trkpt lat="47.811824" lon="15.387493">
        <ele>840.248308</ele>
        <time>2026-05-12T06:41:50.000Z</time>
      </trkpt>
      <trkpt lat="47.811826" lon="15.387453">
        <ele>840.230358</ele>
        <time>2026-05-12T06:41:51.000Z</time>
      </trkpt>
      <trkpt lat="47.811829" lon="15.387408">
        <ele>840.210121</ele>
        <time>2026-05-12T06:41:52.000Z</time>
      </trkpt>
      <trkpt lat="47.811835" lon="15.387362">
        <ele>840.189150</ele>
        <time>2026-05-12T06:41:53.000Z</time>
      </trkpt>
      <trkpt lat="47.811842" lon="15.387314">
        <ele>840.167168</ele>
        <time>2026-05-12T06:41:54.000Z</time>
      </trkpt>
      <trkpt lat="47.811847" lon="15.387262">
        <ele>840.143660</ele>
        <time>2026-05-12T06:41:55.000Z</time>
      </trkpt>
      <trkpt lat="47.811855" lon="15.387208">
        <ele>840.118913</ele>
        <time>2026-05-12T06:41:56.000Z</time>
      </trkpt>
      <trkpt lat="47.811865" lon="15.387154">
        <ele>840.093845</ele>
        <time>2026-05-12T06:41:57.000Z</time>
      </trkpt>
      <trkpt lat="47.811872" lon="15.387097">
        <ele>840.067913</ele>
        <time>2026-05-12T06:41:58.000Z</time>
      </trkpt>
      <trkpt lat="47.811878" lon="15.387038">
        <ele>840.041209</ele>
        <time>2026-05-12T06:41:59.000Z</time>
      </trkpt>
      <trkpt lat="47.811887" lon="15.386980">
        <ele>840.014569</ele>
        <time>2026-05-12T06:42:00.000Z</time>
      </trkpt>
      <trkpt lat="47.811898" lon="15.386923">
        <ele>839.988028</ele>
        <time>2026-05-12T06:42:01.000Z</time>
      </trkpt>
      <trkpt lat="47.811905" lon="15.386864">
        <ele>839.961215</ele>
        <time>2026-05-12T06:42:02.000Z</time>
      </trkpt>
      <trkpt lat="47.811906" lon="15.386800">
        <ele>839.932566</ele>
        <time>2026-05-12T06:42:03.000Z</time>
      </trkpt>
      <trkpt lat="47.811904" lon="15.386734">
        <ele>839.903000</ele>
        <time>2026-05-12T06:42:04.000Z</time>
      </trkpt>
      <trkpt lat="47.811898" lon="15.386668">
        <ele>839.873194</ele>
        <time>2026-05-12T06:42:05.000Z</time>
      </trkpt>
      <trkpt lat="47.811887" lon="15.386603">
        <ele>839.843196</ele>
        <time>2026-05-12T06:42:06.000Z</time>
      </trkpt>
      <trkpt lat="47.811869" lon="15.386540">
        <ele>839.812556</ele>
        <time>2026-05-12T06:42:07.000Z</time>
      </trkpt>
      <trkpt lat="47.811848" lon="15.386478">
        <ele>839.781481</ele>
        <time>2026-05-12T06:42:08.000Z</time>
      </trkpt>
      <trkpt lat="47.811826" lon="15.386419">
        <ele>839.751280</ele>
        <time>2026-05-12T06:42:09.000Z</time>
      </trkpt>
      <trkpt lat="47.811801" lon="15.386364">
        <ele>839.721559</ele>
        <time>2026-05-12T06:42:10.000Z</time>
      </trkpt>
      <trkpt lat="47.811773" lon="15.386313">
        <ele>839.692079</ele>
        <time>2026-05-12T06:42:11.000Z</time>
      </trkpt>
      <trkpt lat="47.811743" lon="15.386265">
        <ele>839.662734</ele>
        <time>2026-05-12T06:42:12.000Z</time>
      </trkpt>
      <trkpt lat="47.811712" lon="15.386217">
        <ele>839.632932</ele>
        <time>2026-05-12T06:42:13.000Z</time>
      </trkpt>
      <trkpt lat="47.811682" lon="15.386172">
        <ele>839.604556</ele>
        <time>2026-05-12T06:42:14.000Z</time>
      </trkpt>
      <trkpt lat="47.811645" lon="15.386117">
        <ele>839.569717</ele>
        <time>2026-05-12T06:42:15.000Z</time>
      </trkpt>
      <trkpt lat="47.811621" lon="15.386078">
        <ele>839.546044</ele>
        <time>2026-05-12T06:42:16.000Z</time>
      </trkpt>
      <trkpt lat="47.811592" lon="15.386027">
        <ele>839.555989</ele>
        <time>2026-05-12T06:42:17.000Z</time>
      </trkpt>
      <trkpt lat="47.811566" lon="15.385975">
        <ele>839.580282</ele>
        <time>2026-05-12T06:42:18.000Z</time>
      </trkpt>
      <trkpt lat="47.811538" lon="15.385925">
        <ele>839.604677</ele>
        <time>2026-05-12T06:42:19.000Z</time>
      </trkpt>
      <trkpt lat="47.811511" lon="15.385875">
        <ele>839.628719</ele>
        <time>2026-05-12T06:42:20.000Z</time>
      </trkpt>
      <trkpt lat="47.811477" lon="15.385816">
        <ele>839.657851</ele>
        <time>2026-05-12T06:42:21.000Z</time>
      </trkpt>
      <trkpt lat="47.811457" lon="15.385773">
        <ele>839.677451</ele>
        <time>2026-05-12T06:42:22.000Z</time>
      </trkpt>
      <trkpt lat="47.811431" lon="15.385720">
        <ele>839.702045</ele>
        <time>2026-05-12T06:42:23.000Z</time>
      </trkpt>
      <trkpt lat="47.811403" lon="15.385666">
        <ele>839.727609</ele>
        <time>2026-05-12T06:42:24.000Z</time>
      </trkpt>
      <trkpt lat="47.811379" lon="15.385608">
        <ele>839.753137</ele>
        <time>2026-05-12T06:42:25.000Z</time>
      </trkpt>
      <trkpt lat="47.811355" lon="15.385549">
        <ele>839.778985</ele>
        <time>2026-05-12T06:42:26.000Z</time>
      </trkpt>
      <trkpt lat="47.811332" lon="15.385490">
        <ele>839.804548</ele>
        <time>2026-05-12T06:42:27.000Z</time>
      </trkpt>
      <trkpt lat="47.811310" lon="15.385429">
        <ele>839.830494</ele>
        <time>2026-05-12T06:42:28.000Z</time>
      </trkpt>
      <trkpt lat="47.811290" lon="15.385366">
        <ele>839.856606</ele>
        <time>2026-05-12T06:42:29.000Z</time>
      </trkpt>
      <trkpt lat="47.811267" lon="15.385305">
        <ele>839.882820</ele>
        <time>2026-05-12T06:42:30.000Z</time>
      </trkpt>
      <trkpt lat="47.811246" lon="15.385242">
        <ele>839.909175</ele>
        <time>2026-05-12T06:42:31.000Z</time>
      </trkpt>
      <trkpt lat="47.811227" lon="15.385179">
        <ele>839.935054</ele>
        <time>2026-05-12T06:42:32.000Z</time>
      </trkpt>
      <trkpt lat="47.811209" lon="15.385116">
        <ele>839.960709</ele>
        <time>2026-05-12T06:42:33.000Z</time>
      </trkpt>
      <trkpt lat="47.811188" lon="15.385053">
        <ele>839.987064</ele>
        <time>2026-05-12T06:42:34.000Z</time>
      </trkpt>
      <trkpt lat="47.811168" lon="15.384989">
        <ele>840.013516</ele>
        <time>2026-05-12T06:42:35.000Z</time>
      </trkpt>
      <trkpt lat="47.811149" lon="15.384925">
        <ele>840.039737</ele>
        <time>2026-05-12T06:42:36.000Z</time>
      </trkpt>
      <trkpt lat="47.811130" lon="15.384861">
        <ele>840.065957</ele>
        <time>2026-05-12T06:42:37.000Z</time>
      </trkpt>
      <trkpt lat="47.811111" lon="15.384796">
        <ele>840.092521</ele>
        <time>2026-05-12T06:42:38.000Z</time>
      </trkpt>
      <trkpt lat="47.811090" lon="15.384731">
        <ele>840.119550</ele>
        <time>2026-05-12T06:42:39.000Z</time>
      </trkpt>
      <trkpt lat="47.811071" lon="15.384666">
        <ele>840.146114</ele>
        <time>2026-05-12T06:42:40.000Z</time>
      </trkpt>
      <trkpt lat="47.811052" lon="15.384603">
        <ele>840.171993</ele>
        <time>2026-05-12T06:42:41.000Z</time>
      </trkpt>
      <trkpt lat="47.811032" lon="15.384538">
        <ele>840.198784</ele>
        <time>2026-05-12T06:42:42.000Z</time>
      </trkpt>
      <trkpt lat="47.811012" lon="15.384474">
        <ele>840.225236</ele>
        <time>2026-05-12T06:42:43.000Z</time>
      </trkpt>
      <trkpt lat="47.810988" lon="15.384399">
        <ele>840.256367</ele>
        <time>2026-05-12T06:42:44.000Z</time>
      </trkpt>
      <trkpt lat="47.810973" lon="15.384351">
        <ele>840.276206</ele>
        <time>2026-05-12T06:42:45.000Z</time>
      </trkpt>
      <trkpt lat="47.810954" lon="15.384289">
        <ele>840.301743</ele>
        <time>2026-05-12T06:42:46.000Z</time>
      </trkpt>
      <trkpt lat="47.810931" lon="15.384218">
        <ele>840.331282</ele>
        <time>2026-05-12T06:42:47.000Z</time>
      </trkpt>
      <trkpt lat="47.810915" lon="15.384169">
        <ele>840.351699</ele>
        <time>2026-05-12T06:42:48.000Z</time>
      </trkpt>
      <trkpt lat="47.810899" lon="15.384107">
        <ele>840.376588</ele>
        <time>2026-05-12T06:42:49.000Z</time>
      </trkpt>
      <trkpt lat="47.810882" lon="15.384046">
        <ele>840.401336</ele>
        <time>2026-05-12T06:42:50.000Z</time>
      </trkpt>
      <trkpt lat="47.810865" lon="15.383986">
        <ele>840.425738</ele>
        <time>2026-05-12T06:42:51.000Z</time>
      </trkpt>
      <trkpt lat="47.810846" lon="15.383927">
        <ele>840.450257</ele>
        <time>2026-05-12T06:42:52.000Z</time>
      </trkpt>
      <trkpt lat="47.810828" lon="15.383872">
        <ele>840.473184</ele>
        <time>2026-05-12T06:42:53.000Z</time>
      </trkpt>
      <trkpt lat="47.810814" lon="15.383814">
        <ele>840.496279</ele>
        <time>2026-05-12T06:42:54.000Z</time>
      </trkpt>
      <trkpt lat="47.810800" lon="15.383755">
        <ele>840.519727</ele>
        <time>2026-05-12T06:42:55.000Z</time>
      </trkpt>
      <trkpt lat="47.810787" lon="15.383698">
        <ele>840.544116</ele>
        <time>2026-05-12T06:42:56.000Z</time>
      </trkpt>
      <trkpt lat="47.810772" lon="15.383640">
        <ele>840.616740</ele>
        <time>2026-05-12T06:42:57.000Z</time>
      </trkpt>
      <trkpt lat="47.810758" lon="15.383584">
        <ele>840.686563</ele>
        <time>2026-05-12T06:42:58.000Z</time>
      </trkpt>
      <trkpt lat="47.810742" lon="15.383530">
        <ele>840.755530</ele>
        <time>2026-05-12T06:42:59.000Z</time>
      </trkpt>
      <trkpt lat="47.810726" lon="15.383480">
        <ele>840.820249</ele>
        <time>2026-05-12T06:43:00.000Z</time>
      </trkpt>
      <trkpt lat="47.810710" lon="15.383431">
        <ele>840.883914</ele>
        <time>2026-05-12T06:43:01.000Z</time>
      </trkpt>
      <trkpt lat="47.810697" lon="15.383384">
        <ele>840.943309</ele>
        <time>2026-05-12T06:43:02.000Z</time>
      </trkpt>
      <trkpt lat="47.810689" lon="15.383339">
        <ele>840.997703</ele>
        <time>2026-05-12T06:43:03.000Z</time>
      </trkpt>
      <trkpt lat="47.810682" lon="15.383298">
        <ele>841.047135</ele>
        <time>2026-05-12T06:43:04.000Z</time>
      </trkpt>
      <trkpt lat="47.810672" lon="15.383260">
        <ele>841.094825</ele>
        <time>2026-05-12T06:43:05.000Z</time>
      </trkpt>
      <trkpt lat="47.810661" lon="15.383223">
        <ele>841.142107</ele>
        <time>2026-05-12T06:43:06.000Z</time>
      </trkpt>
      <trkpt lat="47.810651" lon="15.383190">
        <ele>841.184411</ele>
        <time>2026-05-12T06:43:07.000Z</time>
      </trkpt>
      <trkpt lat="47.810643" lon="15.383161">
        <ele>841.221045</ele>
        <time>2026-05-12T06:43:08.000Z</time>
      </trkpt>
      <trkpt lat="47.810631" lon="15.383131">
        <ele>841.261847</ele>
        <time>2026-05-12T06:43:09.000Z</time>
      </trkpt>
      <trkpt lat="47.810621" lon="15.383099">
        <ele>841.303089</ele>
        <time>2026-05-12T06:43:10.000Z</time>
      </trkpt>
      <trkpt lat="47.810608" lon="15.383062">
        <ele>841.351883</ele>
        <time>2026-05-12T06:43:11.000Z</time>
      </trkpt>
      <trkpt lat="47.810599" lon="15.383042">
        <ele>841.380014</ele>
        <time>2026-05-12T06:43:12.000Z</time>
      </trkpt>
      <trkpt lat="47.810589" lon="15.383016">
        <ele>841.415025</ele>
        <time>2026-05-12T06:43:13.000Z</time>
      </trkpt>
      <trkpt lat="47.810582" lon="15.382988">
        <ele>841.449936</ele>
        <time>2026-05-12T06:43:14.000Z</time>
      </trkpt>
      <trkpt lat="47.810575" lon="15.382957">
        <ele>841.488153</ele>
        <time>2026-05-12T06:43:15.000Z</time>
      </trkpt>
      <trkpt lat="47.810567" lon="15.382928">
        <ele>841.524787</ele>
        <time>2026-05-12T06:43:16.000Z</time>
      </trkpt>
      <trkpt lat="47.810556" lon="15.382898">
        <ele>841.564726</ele>
        <time>2026-05-12T06:43:17.000Z</time>
      </trkpt>
      <trkpt lat="47.810541" lon="15.382870">
        <ele>841.606578</ele>
        <time>2026-05-12T06:43:18.000Z</time>
      </trkpt>
      <trkpt lat="47.810529" lon="15.382846">
        <ele>841.641541</ele>
        <time>2026-05-12T06:43:19.000Z</time>
      </trkpt>
      <trkpt lat="47.810520" lon="15.382817">
        <ele>841.678871</ele>
        <time>2026-05-12T06:43:20.000Z</time>
      </trkpt>
      <trkpt lat="47.810511" lon="15.382789">
        <ele>841.715144</ele>
        <time>2026-05-12T06:43:21.000Z</time>
      </trkpt>
      <trkpt lat="47.810499" lon="15.382765">
        <ele>841.750107</ele>
        <time>2026-05-12T06:43:22.000Z</time>
      </trkpt>
      <trkpt lat="47.810488" lon="15.382739">
        <ele>841.786014</ele>
        <time>2026-05-12T06:43:23.000Z</time>
      </trkpt>
      <trkpt lat="47.810479" lon="15.382711">
        <ele>841.822286</ele>
        <time>2026-05-12T06:43:24.000Z</time>
      </trkpt>
      <trkpt lat="47.810468" lon="15.382677">
        <ele>841.866385</ele>
        <time>2026-05-12T06:43:25.000Z</time>
      </trkpt>
      <trkpt lat="47.810458" lon="15.382658">
        <ele>841.894592</ele>
        <time>2026-05-12T06:43:26.000Z</time>
      </trkpt>
      <trkpt lat="47.810447" lon="15.382632">
        <ele>841.930499</ele>
        <time>2026-05-12T06:43:27.000Z</time>
      </trkpt>
      <trkpt lat="47.810437" lon="15.382607">
        <ele>841.964501</ele>
        <time>2026-05-12T06:43:28.000Z</time>
      </trkpt>
      <trkpt lat="47.810426" lon="15.382583">
        <ele>841.998454</ele>
        <time>2026-05-12T06:43:29.000Z</time>
      </trkpt>
      <trkpt lat="47.810412" lon="15.382555">
        <ele>842.039244</ele>
        <time>2026-05-12T06:43:30.000Z</time>
      </trkpt>
      <trkpt lat="47.810396" lon="15.382520">
        <ele>842.088717</ele>
        <time>2026-05-12T06:43:31.000Z</time>
      </trkpt>
      <trkpt lat="47.810383" lon="15.382497">
        <ele>842.123844</ele>
        <time>2026-05-12T06:43:32.000Z</time>
      </trkpt>
      <trkpt lat="47.810367" lon="15.382465">
        <ele>842.170462</ele>
        <time>2026-05-12T06:43:33.000Z</time>
      </trkpt>
      <trkpt lat="47.810352" lon="15.382431">
        <ele>842.217997</ele>
        <time>2026-05-12T06:43:34.000Z</time>
      </trkpt>
      <trkpt lat="47.810337" lon="15.382394">
        <ele>842.268498</ele>
        <time>2026-05-12T06:43:35.000Z</time>
      </trkpt>
      <trkpt lat="47.810325" lon="15.382355">
        <ele>842.318625</ele>
        <time>2026-05-12T06:43:36.000Z</time>
      </trkpt>
      <trkpt lat="47.810306" lon="15.382308">
        <ele>842.382727</ele>
        <time>2026-05-12T06:43:37.000Z</time>
      </trkpt>
      <trkpt lat="47.810292" lon="15.382275">
        <ele>842.428337</ele>
        <time>2026-05-12T06:43:38.000Z</time>
      </trkpt>
      <trkpt lat="47.810274" lon="15.382234">
        <ele>842.485575</ele>
        <time>2026-05-12T06:43:39.000Z</time>
      </trkpt>
      <trkpt lat="47.810253" lon="15.382192">
        <ele>842.546760</ele>
        <time>2026-05-12T06:43:40.000Z</time>
      </trkpt>
      <trkpt lat="47.810232" lon="15.382150">
        <ele>842.607945</ele>
        <time>2026-05-12T06:43:41.000Z</time>
      </trkpt>
      <trkpt lat="47.810212" lon="15.382106">
        <ele>842.670029</ele>
        <time>2026-05-12T06:43:42.000Z</time>
      </trkpt>
      <trkpt lat="47.810193" lon="15.382059">
        <ele>842.734131</ele>
        <time>2026-05-12T06:43:43.000Z</time>
      </trkpt>
      <trkpt lat="47.810171" lon="15.382012">
        <ele>842.801075</ele>
        <time>2026-05-12T06:43:44.000Z</time>
      </trkpt>
      <trkpt lat="47.810149" lon="15.381962">
        <ele>842.870923</ele>
        <time>2026-05-12T06:43:45.000Z</time>
      </trkpt>
      <trkpt lat="47.810128" lon="15.381911">
        <ele>842.940826</ele>
        <time>2026-05-12T06:43:46.000Z</time>
      </trkpt>
      <trkpt lat="47.810106" lon="15.381858">
        <ele>843.013632</ele>
        <time>2026-05-12T06:43:47.000Z</time>
      </trkpt>
      <trkpt lat="47.810085" lon="15.381802">
        <ele>843.088579</ele>
        <time>2026-05-12T06:43:48.000Z</time>
      </trkpt>
      <trkpt lat="47.810065" lon="15.381746">
        <ele>843.162693</ele>
        <time>2026-05-12T06:43:49.000Z</time>
      </trkpt>
      <trkpt lat="47.810045" lon="15.381690">
        <ele>843.236807</ele>
        <time>2026-05-12T06:43:50.000Z</time>
      </trkpt>
      <trkpt lat="47.810022" lon="15.381631">
        <ele>843.316523</ele>
        <time>2026-05-12T06:43:51.000Z</time>
      </trkpt>
      <trkpt lat="47.809999" lon="15.381571">
        <ele>843.397250</ele>
        <time>2026-05-12T06:43:52.000Z</time>
      </trkpt>
      <trkpt lat="47.809977" lon="15.381510">
        <ele>843.478158</ele>
        <time>2026-05-12T06:43:53.000Z</time>
      </trkpt>
      <trkpt lat="47.809954" lon="15.381449">
        <ele>843.559903</ele>
        <time>2026-05-12T06:43:54.000Z</time>
      </trkpt>
      <trkpt lat="47.809932" lon="15.381388">
        <ele>843.640810</ele>
        <time>2026-05-12T06:43:55.000Z</time>
      </trkpt>
      <trkpt lat="47.809911" lon="15.381327">
        <ele>843.663899</ele>
        <time>2026-05-12T06:43:56.000Z</time>
      </trkpt>
      <trkpt lat="47.809889" lon="15.381266">
        <ele>843.652541</ele>
        <time>2026-05-12T06:43:57.000Z</time>
      </trkpt>
      <trkpt lat="47.809869" lon="15.381206">
        <ele>843.641553</ele>
        <time>2026-05-12T06:43:58.000Z</time>
      </trkpt>
      <trkpt lat="47.809848" lon="15.381148">
        <ele>843.630744</ele>
        <time>2026-05-12T06:43:59.000Z</time>
      </trkpt>
      <trkpt lat="47.809829" lon="15.381089">
        <ele>843.620011</ele>
        <time>2026-05-12T06:44:00.000Z</time>
      </trkpt>
      <trkpt lat="47.809810" lon="15.381031">
        <ele>843.609425</ele>
        <time>2026-05-12T06:44:01.000Z</time>
      </trkpt>
      <trkpt lat="47.809791" lon="15.380972">
        <ele>843.598691</ele>
        <time>2026-05-12T06:44:02.000Z</time>
      </trkpt>
      <trkpt lat="47.809770" lon="15.380911">
        <ele>843.587447</ele>
        <time>2026-05-12T06:44:03.000Z</time>
      </trkpt>
      <trkpt lat="47.809749" lon="15.380850">
        <ele>843.576202</ele>
        <time>2026-05-12T06:44:04.000Z</time>
      </trkpt>
      <trkpt lat="47.809730" lon="15.380787">
        <ele>843.564873</ele>
        <time>2026-05-12T06:44:05.000Z</time>
      </trkpt>
      <trkpt lat="47.809711" lon="15.380720">
        <ele>843.552943</ele>
        <time>2026-05-12T06:44:06.000Z</time>
      </trkpt>
      <trkpt lat="47.809688" lon="15.380652">
        <ele>843.540454</ele>
        <time>2026-05-12T06:44:07.000Z</time>
      </trkpt>
      <trkpt lat="47.809668" lon="15.380585">
        <ele>843.528426</ele>
        <time>2026-05-12T06:44:08.000Z</time>
      </trkpt>
      <trkpt lat="47.809649" lon="15.380518">
        <ele>843.516496</ele>
        <time>2026-05-12T06:44:09.000Z</time>
      </trkpt>
      <trkpt lat="47.809628" lon="15.380452">
        <ele>843.504515</ele>
        <time>2026-05-12T06:44:10.000Z</time>
      </trkpt>
      <trkpt lat="47.809607" lon="15.380387">
        <ele>843.492683</ele>
        <time>2026-05-12T06:44:11.000Z</time>
      </trkpt>
      <trkpt lat="47.809588" lon="15.380321">
        <ele>843.480904</ele>
        <time>2026-05-12T06:44:12.000Z</time>
      </trkpt>
      <trkpt lat="47.809565" lon="15.380246">
        <ele>843.467378</ele>
        <time>2026-05-12T06:44:13.000Z</time>
      </trkpt>
      <trkpt lat="47.809549" lon="15.380196">
        <ele>843.458293</ele>
        <time>2026-05-12T06:44:14.000Z</time>
      </trkpt>
      <trkpt lat="47.809530" lon="15.380134">
        <ele>843.447114</ele>
        <time>2026-05-12T06:44:15.000Z</time>
      </trkpt>
      <trkpt lat="47.809509" lon="15.380072">
        <ele>843.435723</ele>
        <time>2026-05-12T06:44:16.000Z</time>
      </trkpt>
      <trkpt lat="47.809489" lon="15.380009">
        <ele>843.424292</ele>
        <time>2026-05-12T06:44:17.000Z</time>
      </trkpt>
      <trkpt lat="47.809470" lon="15.379945">
        <ele>843.412813</ele>
        <time>2026-05-12T06:44:18.000Z</time>
      </trkpt>
      <trkpt lat="47.809450" lon="15.379881">
        <ele>843.401233</ele>
        <time>2026-05-12T06:44:19.000Z</time>
      </trkpt>
      <trkpt lat="47.809432" lon="15.379818">
        <ele>843.390002</ele>
        <time>2026-05-12T06:44:20.000Z</time>
      </trkpt>
      <trkpt lat="47.809415" lon="15.379755">
        <ele>843.378865</ele>
        <time>2026-05-12T06:44:21.000Z</time>
      </trkpt>
      <trkpt lat="47.809397" lon="15.379693">
        <ele>843.367785</ele>
        <time>2026-05-12T06:44:22.000Z</time>
      </trkpt>
      <trkpt lat="47.809379" lon="15.379631">
        <ele>843.356704</ele>
        <time>2026-05-12T06:44:23.000Z</time>
      </trkpt>
      <trkpt lat="47.809359" lon="15.379568">
        <ele>843.345273</ele>
        <time>2026-05-12T06:44:24.000Z</time>
      </trkpt>
      <trkpt lat="47.809340" lon="15.379504">
        <ele>843.333795</ele>
        <time>2026-05-12T06:44:25.000Z</time>
      </trkpt>
      <trkpt lat="47.809321" lon="15.379440">
        <ele>843.322316</ele>
        <time>2026-05-12T06:44:26.000Z</time>
      </trkpt>
      <trkpt lat="47.809303" lon="15.379375">
        <ele>843.310782</ele>
        <time>2026-05-12T06:44:27.000Z</time>
      </trkpt>
      <trkpt lat="47.809283" lon="15.379313">
        <ele>843.299499</ele>
        <time>2026-05-12T06:44:28.000Z</time>
      </trkpt>
      <trkpt lat="47.809262" lon="15.379249">
        <ele>843.287815</ele>
        <time>2026-05-12T06:44:29.000Z</time>
      </trkpt>
      <trkpt lat="47.809242" lon="15.379185">
        <ele>843.276235</ele>
        <time>2026-05-12T06:44:30.000Z</time>
      </trkpt>
      <trkpt lat="47.809222" lon="15.379118">
        <ele>843.264207</ele>
        <time>2026-05-12T06:44:31.000Z</time>
      </trkpt>
      <trkpt lat="47.809203" lon="15.379055">
        <ele>843.252878</ele>
        <time>2026-05-12T06:44:32.000Z</time>
      </trkpt>
      <trkpt lat="47.809183" lon="15.378990">
        <ele>843.241150</ele>
        <time>2026-05-12T06:44:33.000Z</time>
      </trkpt>
      <trkpt lat="47.809164" lon="15.378927">
        <ele>843.225567</ele>
        <time>2026-05-12T06:44:34.000Z</time>
      </trkpt>
      <trkpt lat="47.809145" lon="15.378863">
        <ele>843.186460</ele>
        <time>2026-05-12T06:44:35.000Z</time>
      </trkpt>
      <trkpt lat="47.809127" lon="15.378799">
        <ele>843.147681</ele>
        <time>2026-05-12T06:44:36.000Z</time>
      </trkpt>
      <trkpt lat="47.809107" lon="15.378736">
        <ele>843.108736</ele>
        <time>2026-05-12T06:44:37.000Z</time>
      </trkpt>
      <trkpt lat="47.809086" lon="15.378674">
        <ele>843.069928</ele>
        <time>2026-05-12T06:44:38.000Z</time>
      </trkpt>
      <trkpt lat="47.809067" lon="15.378613">
        <ele>843.032348</ele>
        <time>2026-05-12T06:44:39.000Z</time>
      </trkpt>
      <trkpt lat="47.809051" lon="15.378554">
        <ele>842.996787</ele>
        <time>2026-05-12T06:44:40.000Z</time>
      </trkpt>
      <trkpt lat="47.809034" lon="15.378494">
        <ele>842.960392</ele>
        <time>2026-05-12T06:44:41.000Z</time>
      </trkpt>
      <trkpt lat="47.809017" lon="15.378432">
        <ele>842.922964</ele>
        <time>2026-05-12T06:44:42.000Z</time>
      </trkpt>
      <trkpt lat="47.809000" lon="15.378372">
        <ele>842.886569</ele>
        <time>2026-05-12T06:44:43.000Z</time>
      </trkpt>
      <trkpt lat="47.808981" lon="15.378311">
        <ele>842.848989</ele>
        <time>2026-05-12T06:44:44.000Z</time>
      </trkpt>
      <trkpt lat="47.808960" lon="15.378250">
        <ele>842.810679</ele>
        <time>2026-05-12T06:44:45.000Z</time>
      </trkpt>
      <trkpt lat="47.808940" lon="15.378187">
        <ele>842.771733</ele>
        <time>2026-05-12T06:44:46.000Z</time>
      </trkpt>
      <trkpt lat="47.808923" lon="15.378125">
        <ele>842.734306</ele>
        <time>2026-05-12T06:44:47.000Z</time>
      </trkpt>
      <trkpt lat="47.808904" lon="15.378062">
        <ele>842.695709</ele>
        <time>2026-05-12T06:44:48.000Z</time>
      </trkpt>
      <trkpt lat="47.808883" lon="15.377998">
        <ele>842.655899</ele>
        <time>2026-05-12T06:44:49.000Z</time>
      </trkpt>
      <trkpt lat="47.808863" lon="15.377934">
        <ele>842.616448</ele>
        <time>2026-05-12T06:44:50.000Z</time>
      </trkpt>
      <trkpt lat="47.808841" lon="15.377870">
        <ele>842.576266</ele>
        <time>2026-05-12T06:44:51.000Z</time>
      </trkpt>
      <trkpt lat="47.808819" lon="15.377803">
        <ele>842.534584</ele>
        <time>2026-05-12T06:44:52.000Z</time>
      </trkpt>
      <trkpt lat="47.808797" lon="15.377737">
        <ele>842.493404</ele>
        <time>2026-05-12T06:44:53.000Z</time>
      </trkpt>
      <trkpt lat="47.808775" lon="15.377670">
        <ele>842.451723</ele>
        <time>2026-05-12T06:44:54.000Z</time>
      </trkpt>
      <trkpt lat="47.808752" lon="15.377603">
        <ele>842.409669</ele>
        <time>2026-05-12T06:44:55.000Z</time>
      </trkpt>
      <trkpt lat="47.808731" lon="15.377537">
        <ele>842.368852</ele>
        <time>2026-05-12T06:44:56.000Z</time>
      </trkpt>
      <trkpt lat="47.808709" lon="15.377472">
        <ele>842.328172</ele>
        <time>2026-05-12T06:44:57.000Z</time>
      </trkpt>
      <trkpt lat="47.808688" lon="15.377404">
        <ele>842.286342</ele>
        <time>2026-05-12T06:44:58.000Z</time>
      </trkpt>
      <trkpt lat="47.808667" lon="15.377335">
        <ele>842.244004</ele>
        <time>2026-05-12T06:44:59.000Z</time>
      </trkpt>
      <trkpt lat="47.808642" lon="15.377255">
        <ele>842.194689</ele>
        <time>2026-05-12T06:45:00.000Z</time>
      </trkpt>
      <trkpt lat="47.808626" lon="15.377203">
        <ele>842.162722</ele>
        <time>2026-05-12T06:45:01.000Z</time>
      </trkpt>
      <trkpt lat="47.808607" lon="15.377136">
        <ele>842.122075</ele>
        <time>2026-05-12T06:45:02.000Z</time>
      </trkpt>
      <trkpt lat="47.808587" lon="15.377070">
        <ele>842.081607</ele>
        <time>2026-05-12T06:45:03.000Z</time>
      </trkpt>
      <trkpt lat="47.808562" lon="15.376991">
        <ele>842.032799</ele>
        <time>2026-05-12T06:45:04.000Z</time>
      </trkpt>
      <trkpt lat="47.808545" lon="15.376935">
        <ele>841.998452</ele>
        <time>2026-05-12T06:45:05.000Z</time>
      </trkpt>
      <trkpt lat="47.808522" lon="15.376866">
        <ele>841.955400</ele>
        <time>2026-05-12T06:45:06.000Z</time>
      </trkpt>
      <trkpt lat="47.808499" lon="15.376798">
        <ele>841.912848</ele>
        <time>2026-05-12T06:45:07.000Z</time>
      </trkpt>
      <trkpt lat="47.808477" lon="15.376728">
        <ele>841.869654</ele>
        <time>2026-05-12T06:45:08.000Z</time>
      </trkpt>
      <trkpt lat="47.808453" lon="15.376655">
        <ele>841.824228</ele>
        <time>2026-05-12T06:45:09.000Z</time>
      </trkpt>
      <trkpt lat="47.808428" lon="15.376579">
        <ele>841.776931</ele>
        <time>2026-05-12T06:45:10.000Z</time>
      </trkpt>
      <trkpt lat="47.808403" lon="15.376500">
        <ele>841.735237</ele>
        <time>2026-05-12T06:45:11.000Z</time>
      </trkpt>
      <trkpt lat="47.808379" lon="15.376418">
        <ele>841.738387</ele>
        <time>2026-05-12T06:45:12.000Z</time>
      </trkpt>
      <trkpt lat="47.808352" lon="15.376333">
        <ele>841.741698</ele>
        <time>2026-05-12T06:45:13.000Z</time>
      </trkpt>
      <trkpt lat="47.808323" lon="15.376242">
        <ele>841.745245</ele>
        <time>2026-05-12T06:45:14.000Z</time>
      </trkpt>
      <trkpt lat="47.808296" lon="15.376146">
        <ele>841.748909</ele>
        <time>2026-05-12T06:45:15.000Z</time>
      </trkpt>
      <trkpt lat="47.808265" lon="15.376045">
        <ele>841.752819</ele>
        <time>2026-05-12T06:45:16.000Z</time>
      </trkpt>
      <trkpt lat="47.808232" lon="15.375942">
        <ele>841.756838</ele>
        <time>2026-05-12T06:45:17.000Z</time>
      </trkpt>
      <trkpt lat="47.808198" lon="15.375836">
        <ele>841.760974</ele>
        <time>2026-05-12T06:45:18.000Z</time>
      </trkpt>
      <trkpt lat="47.808166" lon="15.375732">
        <ele>841.765002</ele>
        <time>2026-05-12T06:45:19.000Z</time>
      </trkpt>
      <trkpt lat="47.808134" lon="15.375633">
        <ele>841.768871</ele>
        <time>2026-05-12T06:45:20.000Z</time>
      </trkpt>
      <trkpt lat="47.808104" lon="15.375543">
        <ele>841.772408</ele>
        <time>2026-05-12T06:45:21.000Z</time>
      </trkpt>
      <trkpt lat="47.808077" lon="15.375460">
        <ele>841.775656</ele>
        <time>2026-05-12T06:45:22.000Z</time>
      </trkpt>
      <trkpt lat="47.808054" lon="15.375386">
        <ele>841.778527</ele>
        <time>2026-05-12T06:45:23.000Z</time>
      </trkpt>
      <trkpt lat="47.808033" lon="15.375318">
        <ele>841.781162</ele>
        <time>2026-05-12T06:45:24.000Z</time>
      </trkpt>
      <trkpt lat="47.808015" lon="15.375259">
        <ele>841.783444</ele>
        <time>2026-05-12T06:45:25.000Z</time>
      </trkpt>
      <trkpt lat="47.808002" lon="15.375207">
        <ele>841.785398</ele>
        <time>2026-05-12T06:45:26.000Z</time>
      </trkpt>
      <trkpt lat="47.807990" lon="15.375160">
        <ele>841.787168</ele>
        <time>2026-05-12T06:45:27.000Z</time>
      </trkpt>
      <trkpt lat="47.807981" lon="15.375118">
        <ele>841.788721</ele>
        <time>2026-05-12T06:45:28.000Z</time>
      </trkpt>
      <trkpt lat="47.807972" lon="15.375078">
        <ele>841.790206</ele>
        <time>2026-05-12T06:45:29.000Z</time>
      </trkpt>
      <trkpt lat="47.807964" lon="15.375039">
        <ele>841.791642</ele>
        <time>2026-05-12T06:45:30.000Z</time>
      </trkpt>
      <trkpt lat="47.807958" lon="15.375002">
        <ele>841.792982</ele>
        <time>2026-05-12T06:45:31.000Z</time>
      </trkpt>
      <trkpt lat="47.807951" lon="15.374958">
        <ele>841.794574</ele>
        <time>2026-05-12T06:45:32.000Z</time>
      </trkpt>
      <trkpt lat="47.807945" lon="15.374929">
        <ele>841.795643</ele>
        <time>2026-05-12T06:45:33.000Z</time>
      </trkpt>
      <trkpt lat="47.807940" lon="15.374895">
        <ele>841.796868</ele>
        <time>2026-05-12T06:45:34.000Z</time>
      </trkpt>
      <trkpt lat="47.807936" lon="15.374857">
        <ele>841.798223</ele>
        <time>2026-05-12T06:45:35.000Z</time>
      </trkpt>
      <trkpt lat="47.807933" lon="15.374817">
        <ele>841.799640</ele>
        <time>2026-05-12T06:45:36.000Z</time>
      </trkpt>
      <trkpt lat="47.807929" lon="15.374776">
        <ele>841.801099</ele>
        <time>2026-05-12T06:45:37.000Z</time>
      </trkpt>
      <trkpt lat="47.807923" lon="15.374725">
        <ele>841.802922</ele>
        <time>2026-05-12T06:45:38.000Z</time>
      </trkpt>
      <trkpt lat="47.807921" lon="15.374690">
        <ele>841.804159</ele>
        <time>2026-05-12T06:45:39.000Z</time>
      </trkpt>
      <trkpt lat="47.807918" lon="15.374643">
        <ele>841.805821</ele>
        <time>2026-05-12T06:45:40.000Z</time>
      </trkpt>
      <trkpt lat="47.807912" lon="15.374584">
        <ele>841.807922</ele>
        <time>2026-05-12T06:45:41.000Z</time>
      </trkpt>
      <trkpt lat="47.807907" lon="15.374546">
        <ele>841.809286</ele>
        <time>2026-05-12T06:45:42.000Z</time>
      </trkpt>
      <trkpt lat="47.807904" lon="15.374499">
        <ele>841.810948</ele>
        <time>2026-05-12T06:45:43.000Z</time>
      </trkpt>
      <trkpt lat="47.807900" lon="15.374442">
        <ele>841.812966</ele>
        <time>2026-05-12T06:45:44.000Z</time>
      </trkpt>
      <trkpt lat="47.807898" lon="15.374403">
        <ele>841.814343</ele>
        <time>2026-05-12T06:45:45.000Z</time>
      </trkpt>
      <trkpt lat="47.807897" lon="15.374356">
        <ele>841.815999</ele>
        <time>2026-05-12T06:45:46.000Z</time>
      </trkpt>
      <trkpt lat="47.807896" lon="15.374309">
        <ele>841.817655</ele>
        <time>2026-05-12T06:45:47.000Z</time>
      </trkpt>
      <trkpt lat="47.807894" lon="15.374263">
        <ele>841.819278</ele>
        <time>2026-05-12T06:45:48.000Z</time>
      </trkpt>
      <trkpt lat="47.807891" lon="15.374215">
        <ele>841.820976</ele>
        <time>2026-05-12T06:45:49.000Z</time>
      </trkpt>
      <trkpt lat="47.807888" lon="15.374169">
        <ele>841.822603</ele>
        <time>2026-05-12T06:45:50.000Z</time>
      </trkpt>
      <trkpt lat="47.807883" lon="15.374123">
        <ele>841.824244</ele>
        <time>2026-05-12T06:45:51.000Z</time>
      </trkpt>
      <trkpt lat="47.807880" lon="15.374078">
        <ele>841.825836</ele>
        <time>2026-05-12T06:45:52.000Z</time>
      </trkpt>
      <trkpt lat="47.807877" lon="15.374030">
        <ele>841.827534</ele>
        <time>2026-05-12T06:45:53.000Z</time>
      </trkpt>
      <trkpt lat="47.807870" lon="15.373978">
        <ele>841.825102</ele>
        <time>2026-05-12T06:45:54.000Z</time>
      </trkpt>
      <trkpt lat="47.807863" lon="15.373924">
        <ele>841.797920</ele>
        <time>2026-05-12T06:45:55.000Z</time>
      </trkpt>
      <trkpt lat="47.807854" lon="15.373869">
        <ele>841.769941</ele>
        <time>2026-05-12T06:45:56.000Z</time>
      </trkpt>
      <trkpt lat="47.807844" lon="15.373812">
        <ele>841.740823</ele>
        <time>2026-05-12T06:45:57.000Z</time>
      </trkpt>
      <trkpt lat="47.807831" lon="15.373756">
        <ele>841.711539</ele>
        <time>2026-05-12T06:45:58.000Z</time>
      </trkpt>
      <trkpt lat="47.807815" lon="15.373700">
        <ele>841.681460</ele>
        <time>2026-05-12T06:45:59.000Z</time>
      </trkpt>
      <trkpt lat="47.807798" lon="15.373644">
        <ele>841.651086</ele>
        <time>2026-05-12T06:46:00.000Z</time>
      </trkpt>
      <trkpt lat="47.807780" lon="15.373594">
        <ele>841.623048</ele>
        <time>2026-05-12T06:46:01.000Z</time>
      </trkpt>
      <trkpt lat="47.807765" lon="15.373540">
        <ele>841.594166</ele>
        <time>2026-05-12T06:46:02.000Z</time>
      </trkpt>
      <trkpt lat="47.807750" lon="15.373481">
        <ele>841.562986</ele>
        <time>2026-05-12T06:46:03.000Z</time>
      </trkpt>
      <trkpt lat="47.807734" lon="15.373422">
        <ele>841.531537</ele>
        <time>2026-05-12T06:46:04.000Z</time>
      </trkpt>
      <trkpt lat="47.807715" lon="15.373351">
        <ele>841.493763</ele>
        <time>2026-05-12T06:46:05.000Z</time>
      </trkpt>
      <trkpt lat="47.807702" lon="15.373301">
        <ele>841.467263</ele>
        <time>2026-05-12T06:46:06.000Z</time>
      </trkpt>
      <trkpt lat="47.807686" lon="15.373241">
        <ele>841.435356</ele>
        <time>2026-05-12T06:46:07.000Z</time>
      </trkpt>
      <trkpt lat="47.807669" lon="15.373182">
        <ele>841.403625</ele>
        <time>2026-05-12T06:46:08.000Z</time>
      </trkpt>
      <trkpt lat="47.807652" lon="15.373122">
        <ele>841.371439</ele>
        <time>2026-05-12T06:46:09.000Z</time>
      </trkpt>
      <trkpt lat="47.807635" lon="15.373062">
        <ele>841.339253</ele>
        <time>2026-05-12T06:46:10.000Z</time>
      </trkpt>
      <trkpt lat="47.807619" lon="15.373001">
        <ele>841.306886</ele>
        <time>2026-05-12T06:46:11.000Z</time>
      </trkpt>
      <trkpt lat="47.807603" lon="15.372941">
        <ele>841.274979</ele>
        <time>2026-05-12T06:46:12.000Z</time>
      </trkpt>
      <trkpt lat="47.807586" lon="15.372881">
        <ele>841.242794</ele>
        <time>2026-05-12T06:46:13.000Z</time>
      </trkpt>
      <trkpt lat="47.807566" lon="15.372822">
        <ele>841.210129</ele>
        <time>2026-05-12T06:46:14.000Z</time>
      </trkpt>
      <trkpt lat="47.807547" lon="15.372762">
        <ele>841.177343</ele>
        <time>2026-05-12T06:46:15.000Z</time>
      </trkpt>
      <trkpt lat="47.807529" lon="15.372697">
        <ele>841.142593</ele>
        <time>2026-05-12T06:46:16.000Z</time>
      </trkpt>
      <trkpt lat="47.807510" lon="15.372632">
        <ele>841.107556</ele>
        <time>2026-05-12T06:46:17.000Z</time>
      </trkpt>
      <trkpt lat="47.807491" lon="15.372570">
        <ele>841.073873</ele>
        <time>2026-05-12T06:46:18.000Z</time>
      </trkpt>
      <trkpt lat="47.807470" lon="15.372508">
        <ele>841.039553</ele>
        <time>2026-05-12T06:46:19.000Z</time>
      </trkpt>
      <trkpt lat="47.807452" lon="15.372446">
        <ele>841.006169</ele>
        <time>2026-05-12T06:46:20.000Z</time>
      </trkpt>
      <trkpt lat="47.807434" lon="15.372382">
        <ele>840.971875</ele>
        <time>2026-05-12T06:46:21.000Z</time>
      </trkpt>
      <trkpt lat="47.807416" lon="15.372322">
        <ele>840.939396</ele>
        <time>2026-05-12T06:46:22.000Z</time>
      </trkpt>
      <trkpt lat="47.807398" lon="15.372260">
        <ele>840.906012</ele>
        <time>2026-05-12T06:46:23.000Z</time>
      </trkpt>
      <trkpt lat="47.807381" lon="15.372198">
        <ele>840.872913</ele>
        <time>2026-05-12T06:46:24.000Z</time>
      </trkpt>
      <trkpt lat="47.807364" lon="15.372139">
        <ele>840.841182</ele>
        <time>2026-05-12T06:46:25.000Z</time>
      </trkpt>
      <trkpt lat="47.807342" lon="15.372067">
        <ele>840.802086</ele>
        <time>2026-05-12T06:46:26.000Z</time>
      </trkpt>
      <trkpt lat="47.807328" lon="15.372020">
        <ele>840.776674</ele>
        <time>2026-05-12T06:46:27.000Z</time>
      </trkpt>
      <trkpt lat="47.807311" lon="15.371960">
        <ele>840.744488</ele>
        <time>2026-05-12T06:46:28.000Z</time>
      </trkpt>
      <trkpt lat="47.807293" lon="15.371900">
        <ele>840.712009</ele>
        <time>2026-05-12T06:46:29.000Z</time>
      </trkpt>
      <trkpt lat="47.807274" lon="15.371836">
        <ele>840.677424</ele>
        <time>2026-05-12T06:46:30.000Z</time>
      </trkpt>
      <trkpt lat="47.807255" lon="15.371770">
        <ele>840.641933</ele>
        <time>2026-05-12T06:46:31.000Z</time>
      </trkpt>
      <trkpt lat="47.807235" lon="15.371705">
        <ele>840.606596</ele>
        <time>2026-05-12T06:46:32.000Z</time>
      </trkpt>
      <trkpt lat="47.807218" lon="15.371637">
        <ele>840.570734</ele>
        <time>2026-05-12T06:46:33.000Z</time>
      </trkpt>
      <trkpt lat="47.807210" lon="15.371565">
        <ele>840.534664</ele>
        <time>2026-05-12T06:46:34.000Z</time>
      </trkpt>
      <trkpt lat="47.807207" lon="15.371492">
        <ele>840.496863</ele>
        <time>2026-05-12T06:46:35.000Z</time>
      </trkpt>
      <trkpt lat="47.807213" lon="15.371421">
        <ele>840.453109</ele>
        <time>2026-05-12T06:46:36.000Z</time>
      </trkpt>
      <trkpt lat="47.807228" lon="15.371355">
        <ele>840.410507</ele>
        <time>2026-05-12T06:46:37.000Z</time>
      </trkpt>
      <trkpt lat="47.807249" lon="15.371297">
        <ele>840.370219</ele>
        <time>2026-05-12T06:46:38.000Z</time>
      </trkpt>
      <trkpt lat="47.807275" lon="15.371241">
        <ele>840.328593</ele>
        <time>2026-05-12T06:46:39.000Z</time>
      </trkpt>
      <trkpt lat="47.807301" lon="15.371187">
        <ele>840.287968</ele>
        <time>2026-05-12T06:46:40.000Z</time>
      </trkpt>
      <trkpt lat="47.807326" lon="15.371136">
        <ele>840.249363</ele>
        <time>2026-05-12T06:46:41.000Z</time>
      </trkpt>
      <trkpt lat="47.807351" lon="15.371088">
        <ele>840.212223</ele>
        <time>2026-05-12T06:46:42.000Z</time>
      </trkpt>
      <trkpt lat="47.807378" lon="15.371040">
        <ele>840.173941</ele>
        <time>2026-05-12T06:46:43.000Z</time>
      </trkpt>
      <trkpt lat="47.807405" lon="15.370993">
        <ele>840.136125</ele>
        <time>2026-05-12T06:46:44.000Z</time>
      </trkpt>
      <trkpt lat="47.807433" lon="15.370947">
        <ele>840.098167</ele>
        <time>2026-05-12T06:46:45.000Z</time>
      </trkpt>
      <trkpt lat="47.807460" lon="15.370901">
        <ele>840.060814</ele>
        <time>2026-05-12T06:46:46.000Z</time>
      </trkpt>
      <trkpt lat="47.807486" lon="15.370853">
        <ele>840.023110</ele>
        <time>2026-05-12T06:46:47.000Z</time>
      </trkpt>
      <trkpt lat="47.807511" lon="15.370804">
        <ele>839.985485</ele>
        <time>2026-05-12T06:46:48.000Z</time>
      </trkpt>
      <trkpt lat="47.807535" lon="15.370754">
        <ele>839.947909</ele>
        <time>2026-05-12T06:46:49.000Z</time>
      </trkpt>
      <trkpt lat="47.807555" lon="15.370700">
        <ele>839.910204</ele>
        <time>2026-05-12T06:46:50.000Z</time>
      </trkpt>
      <trkpt lat="47.807569" lon="15.370639">
        <ele>839.870789</ele>
        <time>2026-05-12T06:46:51.000Z</time>
      </trkpt>
      <trkpt lat="47.807576" lon="15.370572">
        <ele>839.829331</ele>
        <time>2026-05-12T06:46:52.000Z</time>
      </trkpt>
      <trkpt lat="47.807580" lon="15.370501">
        <ele>839.785767</ele>
        <time>2026-05-12T06:46:53.000Z</time>
      </trkpt>
      <trkpt lat="47.807582" lon="15.370427">
        <ele>839.740484</ele>
        <time>2026-05-12T06:46:54.000Z</time>
      </trkpt>
      <trkpt lat="47.807580" lon="15.370353">
        <ele>839.695202</ele>
        <time>2026-05-12T06:46:55.000Z</time>
      </trkpt>
      <trkpt lat="47.807579" lon="15.370277">
        <ele>839.648724</ele>
        <time>2026-05-12T06:46:56.000Z</time>
      </trkpt>
      <trkpt lat="47.807577" lon="15.370200">
        <ele>839.601609</ele>
        <time>2026-05-12T06:46:57.000Z</time>
      </trkpt>
      <trkpt lat="47.807573" lon="15.370107">
        <ele>839.544629</ele>
        <time>2026-05-12T06:46:58.000Z</time>
      </trkpt>
      <trkpt lat="47.807569" lon="15.370047">
        <ele>839.507763</ele>
        <time>2026-05-12T06:46:59.000Z</time>
      </trkpt>
      <trkpt lat="47.807562" lon="15.369972">
        <ele>839.461465</ele>
        <time>2026-05-12T06:47:00.000Z</time>
      </trkpt>
      <trkpt lat="47.807555" lon="15.369897">
        <ele>839.415167</ele>
        <time>2026-05-12T06:47:01.000Z</time>
      </trkpt>
      <trkpt lat="47.807548" lon="15.369818">
        <ele>839.366446</ele>
        <time>2026-05-12T06:47:02.000Z</time>
      </trkpt>
      <trkpt lat="47.807540" lon="15.369739">
        <ele>839.317597</ele>
        <time>2026-05-12T06:47:03.000Z</time>
      </trkpt>
      <trkpt lat="47.807534" lon="15.369656">
        <ele>839.266555</ele>
        <time>2026-05-12T06:47:04.000Z</time>
      </trkpt>
      <trkpt lat="47.807535" lon="15.369556">
        <ele>839.205405</ele>
        <time>2026-05-12T06:47:05.000Z</time>
      </trkpt>
      <trkpt lat="47.807542" lon="15.369490">
        <ele>839.164551</ele>
        <time>2026-05-12T06:47:06.000Z</time>
      </trkpt>
      <trkpt lat="47.807555" lon="15.369394">
        <ele>839.104672</ele>
        <time>2026-05-12T06:47:07.000Z</time>
      </trkpt>
      <trkpt lat="47.807568" lon="15.369332">
        <ele>839.064959</ele>
        <time>2026-05-12T06:47:08.000Z</time>
      </trkpt>
      <trkpt lat="47.807591" lon="15.369260">
        <ele>839.016210</ele>
        <time>2026-05-12T06:47:09.000Z</time>
      </trkpt>
      <trkpt lat="47.807616" lon="15.369191">
        <ele>838.968274</ele>
        <time>2026-05-12T06:47:10.000Z</time>
      </trkpt>
      <trkpt lat="47.807640" lon="15.369122">
        <ele>838.920763</ele>
        <time>2026-05-12T06:47:11.000Z</time>
      </trkpt>
      <trkpt lat="47.807661" lon="15.369054">
        <ele>838.875001</ele>
        <time>2026-05-12T06:47:12.000Z</time>
      </trkpt>
      <trkpt lat="47.807681" lon="15.368986">
        <ele>838.794219</ele>
        <time>2026-05-12T06:47:13.000Z</time>
      </trkpt>
      <trkpt lat="47.807701" lon="15.368917">
        <ele>838.705948</ele>
        <time>2026-05-12T06:47:14.000Z</time>
      </trkpt>
      <trkpt lat="47.807719" lon="15.368846">
        <ele>838.616810</ele>
        <time>2026-05-12T06:47:15.000Z</time>
      </trkpt>
      <trkpt lat="47.807730" lon="15.368771">
        <ele>838.526642</ele>
        <time>2026-05-12T06:47:16.000Z</time>
      </trkpt>
      <trkpt lat="47.807736" lon="15.368691">
        <ele>838.432092</ele>
        <time>2026-05-12T06:47:17.000Z</time>
      </trkpt>
      <trkpt lat="47.807738" lon="15.368611">
        <ele>838.338061</ele>
        <time>2026-05-12T06:47:18.000Z</time>
      </trkpt>
      <trkpt lat="47.807737" lon="15.368529">
        <ele>838.241731</ele>
        <time>2026-05-12T06:47:19.000Z</time>
      </trkpt>
      <trkpt lat="47.807728" lon="15.368445">
        <ele>838.141819</ele>
        <time>2026-05-12T06:47:20.000Z</time>
      </trkpt>
      <trkpt lat="47.807715" lon="15.368361">
        <ele>838.040570</ele>
        <time>2026-05-12T06:47:21.000Z</time>
      </trkpt>
      <trkpt lat="47.807700" lon="15.368278">
        <ele>837.939613</ele>
        <time>2026-05-12T06:47:22.000Z</time>
      </trkpt>
      <trkpt lat="47.807686" lon="15.368198">
        <ele>837.842510</ele>
        <time>2026-05-12T06:47:23.000Z</time>
      </trkpt>
      <trkpt lat="47.807671" lon="15.368121">
        <ele>837.748340</ele>
        <time>2026-05-12T06:47:24.000Z</time>
      </trkpt>
      <trkpt lat="47.807651" lon="15.368034">
        <ele>837.640332</ele>
        <time>2026-05-12T06:47:25.000Z</time>
      </trkpt>
      <trkpt lat="47.807634" lon="15.367979">
        <ele>837.569218</ele>
        <time>2026-05-12T06:47:26.000Z</time>
      </trkpt>
      <trkpt lat="47.807613" lon="15.367911">
        <ele>837.481308</ele>
        <time>2026-05-12T06:47:27.000Z</time>
      </trkpt>
      <trkpt lat="47.807592" lon="15.367844">
        <ele>837.394464</ele>
        <time>2026-05-12T06:47:28.000Z</time>
      </trkpt>
      <trkpt lat="47.807569" lon="15.367765">
        <ele>837.293329</ele>
        <time>2026-05-12T06:47:29.000Z</time>
      </trkpt>
      <trkpt lat="47.807553" lon="15.367714">
        <ele>837.227213</ele>
        <time>2026-05-12T06:47:30.000Z</time>
      </trkpt>
      <trkpt lat="47.807531" lon="15.367651">
        <ele>837.143810</ele>
        <time>2026-05-12T06:47:31.000Z</time>
      </trkpt>
      <trkpt lat="47.807515" lon="15.367589">
        <ele>837.065796</ele>
        <time>2026-05-12T06:47:32.000Z</time>
      </trkpt>
      <trkpt lat="47.807501" lon="15.367526">
        <ele>836.987852</ele>
        <time>2026-05-12T06:47:33.000Z</time>
      </trkpt>
      <trkpt lat="47.807483" lon="15.367446">
        <ele>836.888753</ele>
        <time>2026-05-12T06:47:34.000Z</time>
      </trkpt>
      <trkpt lat="47.807471" lon="15.367393">
        <ele>836.823059</ele>
        <time>2026-05-12T06:47:35.000Z</time>
      </trkpt>
      <trkpt lat="47.807456" lon="15.367324">
        <ele>836.737873</ele>
        <time>2026-05-12T06:47:36.000Z</time>
      </trkpt>
      <trkpt lat="47.807443" lon="15.367252">
        <ele>836.650301</ele>
        <time>2026-05-12T06:47:37.000Z</time>
      </trkpt>
      <trkpt lat="47.807428" lon="15.367176">
        <ele>836.557258</ele>
        <time>2026-05-12T06:47:38.000Z</time>
      </trkpt>
      <trkpt lat="47.807412" lon="15.367098">
        <ele>836.461464</ele>
        <time>2026-05-12T06:47:39.000Z</time>
      </trkpt>
      <trkpt lat="47.807397" lon="15.367018">
        <ele>836.363904</ele>
        <time>2026-05-12T06:47:40.000Z</time>
      </trkpt>
      <trkpt lat="47.807382" lon="15.366931">
        <ele>836.258403</ele>
        <time>2026-05-12T06:47:41.000Z</time>
      </trkpt>
      <trkpt lat="47.807368" lon="15.366840">
        <ele>836.148748</ele>
        <time>2026-05-12T06:47:42.000Z</time>
      </trkpt>
      <trkpt lat="47.807354" lon="15.366725">
        <ele>836.011470</ele>
        <time>2026-05-12T06:47:43.000Z</time>
      </trkpt>
      <trkpt lat="47.807345" lon="15.366646">
        <ele>835.917353</ele>
        <time>2026-05-12T06:47:44.000Z</time>
      </trkpt>
      <trkpt lat="47.807335" lon="15.366548">
        <ele>835.800924</ele>
        <time>2026-05-12T06:47:45.000Z</time>
      </trkpt>
      <trkpt lat="47.807331" lon="15.366450">
        <ele>835.740557</ele>
        <time>2026-05-12T06:47:46.000Z</time>
      </trkpt>
      <trkpt lat="47.807334" lon="15.366357">
        <ele>835.794221</ele>
        <time>2026-05-12T06:47:47.000Z</time>
      </trkpt>
      <trkpt lat="47.807342" lon="15.366267">
        <ele>835.846547</ele>
        <time>2026-05-12T06:47:48.000Z</time>
      </trkpt>
      <trkpt lat="47.807356" lon="15.366184">
        <ele>835.895871</ele>
        <time>2026-05-12T06:47:49.000Z</time>
      </trkpt>
      <trkpt lat="47.807371" lon="15.366106">
        <ele>835.942634</ele>
        <time>2026-05-12T06:47:50.000Z</time>
      </trkpt>
      <trkpt lat="47.807384" lon="15.366034">
        <ele>835.985606</ele>
        <time>2026-05-12T06:47:51.000Z</time>
      </trkpt>
      <trkpt lat="47.807395" lon="15.365968">
        <ele>836.024801</ele>
        <time>2026-05-12T06:47:52.000Z</time>
      </trkpt>
      <trkpt lat="47.807403" lon="15.365908">
        <ele>836.060058</ele>
        <time>2026-05-12T06:47:53.000Z</time>
      </trkpt>
      <trkpt lat="47.807406" lon="15.365852">
        <ele>836.092437</ele>
        <time>2026-05-12T06:47:54.000Z</time>
      </trkpt>
      <trkpt lat="47.807405" lon="15.365800">
        <ele>836.122420</ele>
        <time>2026-05-12T06:47:55.000Z</time>
      </trkpt>
      <trkpt lat="47.807400" lon="15.365747">
        <ele>836.153268</ele>
        <time>2026-05-12T06:47:56.000Z</time>
      </trkpt>
      <trkpt lat="47.807393" lon="15.365695">
        <ele>836.183835</ele>
        <time>2026-05-12T06:47:57.000Z</time>
      </trkpt>
      <trkpt lat="47.807384" lon="15.365645">
        <ele>836.213671</ele>
        <time>2026-05-12T06:47:58.000Z</time>
      </trkpt>
      <trkpt lat="47.807373" lon="15.365595">
        <ele>836.243996</ele>
        <time>2026-05-12T06:47:59.000Z</time>
      </trkpt>
      <trkpt lat="47.807362" lon="15.365545">
        <ele>836.274321</ele>
        <time>2026-05-12T06:48:00.000Z</time>
      </trkpt>
      <trkpt lat="47.807349" lon="15.365496">
        <ele>836.304687</ele>
        <time>2026-05-12T06:48:01.000Z</time>
      </trkpt>
      <trkpt lat="47.807333" lon="15.365447">
        <ele>836.336090</ele>
        <time>2026-05-12T06:48:02.000Z</time>
      </trkpt>
      <trkpt lat="47.807317" lon="15.365398">
        <ele>836.367493</ele>
        <time>2026-05-12T06:48:03.000Z</time>
      </trkpt>
      <trkpt lat="47.807302" lon="15.365348">
        <ele>836.399056</ele>
        <time>2026-05-12T06:48:04.000Z</time>
      </trkpt>
      <trkpt lat="47.807287" lon="15.365300">
        <ele>836.429570</ele>
        <time>2026-05-12T06:48:05.000Z</time>
      </trkpt>
      <trkpt lat="47.807275" lon="15.365250">
        <ele>836.460173</ele>
        <time>2026-05-12T06:48:06.000Z</time>
      </trkpt>
      <trkpt lat="47.807262" lon="15.365201">
        <ele>836.490539</ele>
        <time>2026-05-12T06:48:07.000Z</time>
      </trkpt>
      <trkpt lat="47.807247" lon="15.365151">
        <ele>836.522102</ele>
        <time>2026-05-12T06:48:08.000Z</time>
      </trkpt>
      <trkpt lat="47.807232" lon="15.365100">
        <ele>836.554191</ele>
        <time>2026-05-12T06:48:09.000Z</time>
      </trkpt>
      <trkpt lat="47.807217" lon="15.365049">
        <ele>836.586281</ele>
        <time>2026-05-12T06:48:10.000Z</time>
      </trkpt>
      <trkpt lat="47.807202" lon="15.364996">
        <ele>836.619431</ele>
        <time>2026-05-12T06:48:11.000Z</time>
      </trkpt>
      <trkpt lat="47.807187" lon="15.364943">
        <ele>836.652580</ele>
        <time>2026-05-12T06:48:12.000Z</time>
      </trkpt>
      <trkpt lat="47.807173" lon="15.364887">
        <ele>836.687020</ele>
        <time>2026-05-12T06:48:13.000Z</time>
      </trkpt>
      <trkpt lat="47.807159" lon="15.364830">
        <ele>836.722001</ele>
        <time>2026-05-12T06:48:14.000Z</time>
      </trkpt>
      <trkpt lat="47.807148" lon="15.364774">
        <ele>836.755630</ele>
        <time>2026-05-12T06:48:15.000Z</time>
      </trkpt>
      <trkpt lat="47.807136" lon="15.364717">
        <ele>836.790060</ele>
        <time>2026-05-12T06:48:16.000Z</time>
      </trkpt>
      <trkpt lat="47.807126" lon="15.364657">
        <ele>836.825691</ele>
        <time>2026-05-12T06:48:17.000Z</time>
      </trkpt>
      <trkpt lat="47.807119" lon="15.364599">
        <ele>836.859656</ele>
        <time>2026-05-12T06:48:18.000Z</time>
      </trkpt>
      <trkpt lat="47.807114" lon="15.364542">
        <ele>836.892788</ele>
        <time>2026-05-12T06:48:19.000Z</time>
      </trkpt>
      <trkpt lat="47.807108" lon="15.364486">
        <ele>836.925473</ele>
        <time>2026-05-12T06:48:20.000Z</time>
      </trkpt>
      <trkpt lat="47.807102" lon="15.364429">
        <ele>836.958727</ele>
        <time>2026-05-12T06:48:21.000Z</time>
      </trkpt>
      <trkpt lat="47.807097" lon="15.364373">
        <ele>836.991288</ele>
        <time>2026-05-12T06:48:22.000Z</time>
      </trkpt>
      <trkpt lat="47.807093" lon="15.364317">
        <ele>837.023747</ele>
        <time>2026-05-12T06:48:23.000Z</time>
      </trkpt>
      <trkpt lat="47.807090" lon="15.364260">
        <ele>837.056701</ele>
        <time>2026-05-12T06:48:24.000Z</time>
      </trkpt>
      <trkpt lat="47.807089" lon="15.364203">
        <ele>837.089566</ele>
        <time>2026-05-12T06:48:25.000Z</time>
      </trkpt>
      <trkpt lat="47.807089" lon="15.364148">
        <ele>837.121266</ele>
        <time>2026-05-12T06:48:26.000Z</time>
      </trkpt>
      <trkpt lat="47.807088" lon="15.364094">
        <ele>837.152402</ele>
        <time>2026-05-12T06:48:27.000Z</time>
      </trkpt>
      <trkpt lat="47.807091" lon="15.364039">
        <ele>837.184207</ele>
        <time>2026-05-12T06:48:28.000Z</time>
      </trkpt>
      <trkpt lat="47.807097" lon="15.363985">
        <ele>837.215754</ele>
        <time>2026-05-12T06:48:29.000Z</time>
      </trkpt>
      <trkpt lat="47.807102" lon="15.363930">
        <ele>837.247744</ele>
        <time>2026-05-12T06:48:30.000Z</time>
      </trkpt>
      <trkpt lat="47.807105" lon="15.363874">
        <ele>837.275335</ele>
        <time>2026-05-12T06:48:31.000Z</time>
      </trkpt>
      <trkpt lat="47.807109" lon="15.363819">
        <ele>837.296401</ele>
        <time>2026-05-12T06:48:32.000Z</time>
      </trkpt>
      <trkpt lat="47.807114" lon="15.363765">
        <ele>837.317158</ele>
        <time>2026-05-12T06:48:33.000Z</time>
      </trkpt>
      <trkpt lat="47.807120" lon="15.363711">
        <ele>837.338000</ele>
        <time>2026-05-12T06:48:34.000Z</time>
      </trkpt>
      <trkpt lat="47.807127" lon="15.363657">
        <ele>837.358942</ele>
        <time>2026-05-12T06:48:35.000Z</time>
      </trkpt>
      <trkpt lat="47.807133" lon="15.363602">
        <ele>837.380160</ele>
        <time>2026-05-12T06:48:36.000Z</time>
      </trkpt>
      <trkpt lat="47.807138" lon="15.363546">
        <ele>837.401672</ele>
        <time>2026-05-12T06:48:37.000Z</time>
      </trkpt>
      <trkpt lat="47.807144" lon="15.363490">
        <ele>837.423266</ele>
        <time>2026-05-12T06:48:38.000Z</time>
      </trkpt>
      <trkpt lat="47.807150" lon="15.363434">
        <ele>837.444860</ele>
        <time>2026-05-12T06:48:39.000Z</time>
      </trkpt>
      <trkpt lat="47.807158" lon="15.363377">
        <ele>837.467033</ele>
        <time>2026-05-12T06:48:40.000Z</time>
      </trkpt>
      <trkpt lat="47.807165" lon="15.363320">
        <ele>837.489098</ele>
        <time>2026-05-12T06:48:41.000Z</time>
      </trkpt>
      <trkpt lat="47.807169" lon="15.363264">
        <ele>837.510543</ele>
        <time>2026-05-12T06:48:42.000Z</time>
      </trkpt>
      <trkpt lat="47.807172" lon="15.363211">
        <ele>837.530796</ele>
        <time>2026-05-12T06:48:43.000Z</time>
      </trkpt>
      <trkpt lat="47.807176" lon="15.363157">
        <ele>837.551483</ele>
        <time>2026-05-12T06:48:44.000Z</time>
      </trkpt>
      <trkpt lat="47.807178" lon="15.363104">
        <ele>837.571697</ele>
        <time>2026-05-12T06:48:45.000Z</time>
      </trkpt>
      <trkpt lat="47.807178" lon="15.363054">
        <ele>837.590737</ele>
        <time>2026-05-12T06:48:46.000Z</time>
      </trkpt>
      <trkpt lat="47.807184" lon="15.363003">
        <ele>837.610453</ele>
        <time>2026-05-12T06:48:47.000Z</time>
      </trkpt>
      <trkpt lat="47.807191" lon="15.362952">
        <ele>837.630274</ele>
        <time>2026-05-12T06:48:48.000Z</time>
      </trkpt>
      <trkpt lat="47.807195" lon="15.362902">
        <ele>837.649448</ele>
        <time>2026-05-12T06:48:49.000Z</time>
      </trkpt>
      <trkpt lat="47.807199" lon="15.362851">
        <ele>837.669000</ele>
        <time>2026-05-12T06:48:50.000Z</time>
      </trkpt>
      <trkpt lat="47.807203" lon="15.362800">
        <ele>837.688553</ele>
        <time>2026-05-12T06:48:51.000Z</time>
      </trkpt>
      <trkpt lat="47.807207" lon="15.362745">
        <ele>837.709618</ele>
        <time>2026-05-12T06:48:52.000Z</time>
      </trkpt>
      <trkpt lat="47.807209" lon="15.362689">
        <ele>837.730973</ele>
        <time>2026-05-12T06:48:53.000Z</time>
      </trkpt>
      <trkpt lat="47.807212" lon="15.362631">
        <ele>837.753124</ele>
        <time>2026-05-12T06:48:54.000Z</time>
      </trkpt>
      <trkpt lat="47.807214" lon="15.362572">
        <ele>837.775619</ele>
        <time>2026-05-12T06:48:55.000Z</time>
      </trkpt>
      <trkpt lat="47.807216" lon="15.362509">
        <ele>837.799636</ele>
        <time>2026-05-12T06:48:56.000Z</time>
      </trkpt>
      <trkpt lat="47.807216" lon="15.362445">
        <ele>837.824006</ele>
        <time>2026-05-12T06:48:57.000Z</time>
      </trkpt>
      <trkpt lat="47.807214" lon="15.362380">
        <ele>837.848783</ele>
        <time>2026-05-12T06:48:58.000Z</time>
      </trkpt>
      <trkpt lat="47.807213" lon="15.362316">
        <ele>837.873161</ele>
        <time>2026-05-12T06:48:59.000Z</time>
      </trkpt>
      <trkpt lat="47.807213" lon="15.362251">
        <ele>837.897912</ele>
        <time>2026-05-12T06:49:00.000Z</time>
      </trkpt>
      <trkpt lat="47.807216" lon="15.362184">
        <ele>837.923481</ele>
        <time>2026-05-12T06:49:01.000Z</time>
      </trkpt>
      <trkpt lat="47.807222" lon="15.362117">
        <ele>837.949220</ele>
        <time>2026-05-12T06:49:02.000Z</time>
      </trkpt>
      <trkpt lat="47.807230" lon="15.362050">
        <ele>837.975133</ele>
        <time>2026-05-12T06:49:03.000Z</time>
      </trkpt>
      <trkpt lat="47.807239" lon="15.361982">
        <ele>838.001525</ele>
        <time>2026-05-12T06:49:04.000Z</time>
      </trkpt>
      <trkpt lat="47.807250" lon="15.361913">
        <ele>838.028529</ele>
        <time>2026-05-12T06:49:05.000Z</time>
      </trkpt>
      <trkpt lat="47.807266" lon="15.361844">
        <ele>838.056325</ele>
        <time>2026-05-12T06:49:06.000Z</time>
      </trkpt>
      <trkpt lat="47.807285" lon="15.361779">
        <ele>838.083319</ele>
        <time>2026-05-12T06:49:07.000Z</time>
      </trkpt>
      <trkpt lat="47.807302" lon="15.361718">
        <ele>838.108468</ele>
        <time>2026-05-12T06:49:08.000Z</time>
      </trkpt>
      <trkpt lat="47.807318" lon="15.361654">
        <ele>838.134472</ele>
        <time>2026-05-12T06:49:09.000Z</time>
      </trkpt>
      <trkpt lat="47.807330" lon="15.361591">
        <ele>838.159407</ele>
        <time>2026-05-12T06:49:10.000Z</time>
      </trkpt>
      <trkpt lat="47.807338" lon="15.361526">
        <ele>838.184571</ele>
        <time>2026-05-12T06:49:11.000Z</time>
      </trkpt>
      <trkpt lat="47.807345" lon="15.361460">
        <ele>838.210014</ele>
        <time>2026-05-12T06:49:12.000Z</time>
      </trkpt>
      <trkpt lat="47.807348" lon="15.361380">
        <ele>838.240525</ele>
        <time>2026-05-12T06:49:13.000Z</time>
      </trkpt>
      <trkpt lat="47.807345" lon="15.361326">
        <ele>838.261158</ele>
        <time>2026-05-12T06:49:14.000Z</time>
      </trkpt>
      <trkpt lat="47.807340" lon="15.361256">
        <ele>838.271933</ele>
        <time>2026-05-12T06:49:15.000Z</time>
      </trkpt>
      <trkpt lat="47.807333" lon="15.361184">
        <ele>838.096256</ele>
        <time>2026-05-12T06:49:16.000Z</time>
      </trkpt>
      <trkpt lat="47.807326" lon="15.361109">
        <ele>837.913407</ele>
        <time>2026-05-12T06:49:17.000Z</time>
      </trkpt>
      <trkpt lat="47.807317" lon="15.361031">
        <ele>837.722294</ele>
        <time>2026-05-12T06:49:18.000Z</time>
      </trkpt>
      <trkpt lat="47.807308" lon="15.360951">
        <ele>837.526420</ele>
        <time>2026-05-12T06:49:19.000Z</time>
      </trkpt>
      <trkpt lat="47.807307" lon="15.360872">
        <ele>837.335618</ele>
        <time>2026-05-12T06:49:20.000Z</time>
      </trkpt>
      <trkpt lat="47.807305" lon="15.360791">
        <ele>837.139888</ele>
        <time>2026-05-12T06:49:21.000Z</time>
      </trkpt>
      <trkpt lat="47.807304" lon="15.360709">
        <ele>836.941843</ele>
        <time>2026-05-12T06:49:22.000Z</time>
      </trkpt>
      <trkpt lat="47.807302" lon="15.360625">
        <ele>836.738873</ele>
        <time>2026-05-12T06:49:23.000Z</time>
      </trkpt>
      <trkpt lat="47.807299" lon="15.360540">
        <ele>836.533333</ele>
        <time>2026-05-12T06:49:24.000Z</time>
      </trkpt>
      <trkpt lat="47.807294" lon="15.360456">
        <ele>836.329696</ele>
        <time>2026-05-12T06:49:25.000Z</time>
      </trkpt>
      <trkpt lat="47.807288" lon="15.360374">
        <ele>836.130511</ele>
        <time>2026-05-12T06:49:26.000Z</time>
      </trkpt>
      <trkpt lat="47.807279" lon="15.360292">
        <ele>835.929872</ele>
        <time>2026-05-12T06:49:27.000Z</time>
      </trkpt>
      <trkpt lat="47.807266" lon="15.360212">
        <ele>835.731115</ele>
        <time>2026-05-12T06:49:28.000Z</time>
      </trkpt>
      <trkpt lat="47.807245" lon="15.360132">
        <ele>835.523701</ele>
        <time>2026-05-12T06:49:29.000Z</time>
      </trkpt>
      <trkpt lat="47.807221" lon="15.360050">
        <ele>835.307703</ele>
        <time>2026-05-12T06:49:30.000Z</time>
      </trkpt>
      <trkpt lat="47.807191" lon="15.359972">
        <ele>835.090651</ele>
        <time>2026-05-12T06:49:31.000Z</time>
      </trkpt>
      <trkpt lat="47.807157" lon="15.359894">
        <ele>834.866105</ele>
        <time>2026-05-12T06:49:32.000Z</time>
      </trkpt>
      <trkpt lat="47.807120" lon="15.359813">
        <ele>834.629554</ele>
        <time>2026-05-12T06:49:33.000Z</time>
      </trkpt>
      <trkpt lat="47.807072" lon="15.359712">
        <ele>834.330776</ele>
        <time>2026-05-12T06:49:34.000Z</time>
      </trkpt>
      <trkpt lat="47.807028" lon="15.359627">
        <ele>834.071628</ele>
        <time>2026-05-12T06:49:35.000Z</time>
      </trkpt>
      <trkpt lat="47.806990" lon="15.359560">
        <ele>833.859865</ele>
        <time>2026-05-12T06:49:36.000Z</time>
      </trkpt>
      <trkpt lat="47.806931" lon="15.359456">
        <ele>833.531124</ele>
        <time>2026-05-12T06:49:37.000Z</time>
      </trkpt>
      <trkpt lat="47.806888" lon="15.359389">
        <ele>833.307341</ele>
        <time>2026-05-12T06:49:38.000Z</time>
      </trkpt>
      <trkpt lat="47.806835" lon="15.359299">
        <ele>833.018298</ele>
        <time>2026-05-12T06:49:39.000Z</time>
      </trkpt>
      <trkpt lat="47.806768" lon="15.359189">
        <ele>832.659705</ele>
        <time>2026-05-12T06:49:40.000Z</time>
      </trkpt>
      <trkpt lat="47.806714" lon="15.359094">
        <ele>832.359167</ele>
        <time>2026-05-12T06:49:41.000Z</time>
      </trkpt>
      <trkpt lat="47.806671" lon="15.359016">
        <ele>832.115486</ele>
        <time>2026-05-12T06:49:42.000Z</time>
      </trkpt>
      <trkpt lat="47.806613" lon="15.358892">
        <ele>831.738040</ele>
        <time>2026-05-12T06:49:43.000Z</time>
      </trkpt>
      <trkpt lat="47.806569" lon="15.358784">
        <ele>831.376951</ele>
        <time>2026-05-12T06:49:44.000Z</time>
      </trkpt>
      <trkpt lat="47.806535" lon="15.358697">
        <ele>831.089215</ele>
        <time>2026-05-12T06:49:45.000Z</time>
      </trkpt>
      <trkpt lat="47.806485" lon="15.358569">
        <ele>830.665927</ele>
        <time>2026-05-12T06:49:46.000Z</time>
      </trkpt>
      <trkpt lat="47.806437" lon="15.358468">
        <ele>830.312237</ele>
        <time>2026-05-12T06:49:47.000Z</time>
      </trkpt>
      <trkpt lat="47.806391" lon="15.358390">
        <ele>830.015507</ele>
        <time>2026-05-12T06:49:48.000Z</time>
      </trkpt>
      <trkpt lat="47.806328" lon="15.358297">
        <ele>829.637915</ele>
        <time>2026-05-12T06:49:49.000Z</time>
      </trkpt>
      <trkpt lat="47.806244" lon="15.358197">
        <ele>829.180161</ele>
        <time>2026-05-12T06:49:50.000Z</time>
      </trkpt>
      <trkpt lat="47.806167" lon="15.358125">
        <ele>828.793164</ele>
        <time>2026-05-12T06:49:51.000Z</time>
      </trkpt>
      <trkpt lat="47.806089" lon="15.358049">
        <ele>828.396411</ele>
        <time>2026-05-12T06:49:52.000Z</time>
      </trkpt>
      <trkpt lat="47.806009" lon="15.357976">
        <ele>827.997055</ele>
        <time>2026-05-12T06:49:53.000Z</time>
      </trkpt>
      <trkpt lat="47.805945" lon="15.357912">
        <ele>827.668922</ele>
        <time>2026-05-12T06:49:54.000Z</time>
      </trkpt>
      <trkpt lat="47.805848" lon="15.357818">
        <ele>827.176324</ele>
        <time>2026-05-12T06:49:55.000Z</time>
      </trkpt>
      <trkpt lat="47.805773" lon="15.357739">
        <ele>826.785302</ele>
        <time>2026-05-12T06:49:56.000Z</time>
      </trkpt>
      <trkpt lat="47.805719" lon="15.357671">
        <ele>826.484286</ele>
        <time>2026-05-12T06:49:57.000Z</time>
      </trkpt>
      <trkpt lat="47.805643" lon="15.357560">
        <ele>826.031164</ele>
        <time>2026-05-12T06:49:58.000Z</time>
      </trkpt>
      <trkpt lat="47.805594" lon="15.357458">
        <ele>825.672673</ele>
        <time>2026-05-12T06:49:59.000Z</time>
      </trkpt>
      <trkpt lat="47.805560" lon="15.357349">
        <ele>825.329115</ele>
        <time>2026-05-12T06:50:00.000Z</time>
      </trkpt>
      <trkpt lat="47.805543" lon="15.357237">
        <ele>825.000870</ele>
        <time>2026-05-12T06:50:01.000Z</time>
      </trkpt>
      <trkpt lat="47.805535" lon="15.357128">
        <ele>824.687421</ele>
        <time>2026-05-12T06:50:02.000Z</time>
      </trkpt>
      <trkpt lat="47.805529" lon="15.357021">
        <ele>824.380479</ele>
        <time>2026-05-12T06:50:03.000Z</time>
      </trkpt>
      <trkpt lat="47.805519" lon="15.356938">
        <ele>824.155180</ele>
        <time>2026-05-12T06:50:04.000Z</time>
      </trkpt>
      <trkpt lat="47.805490" lon="15.356823">
        <ele>824.033777</ele>
        <time>2026-05-12T06:50:05.000Z</time>
      </trkpt>
      <trkpt lat="47.805454" lon="15.356737">
        <ele>823.933626</ele>
        <time>2026-05-12T06:50:06.000Z</time>
      </trkpt>
      <trkpt lat="47.805417" lon="15.356655">
        <ele>823.835995</ele>
        <time>2026-05-12T06:50:07.000Z</time>
      </trkpt>
      <trkpt lat="47.805377" lon="15.356575">
        <ele>823.737427</ele>
        <time>2026-05-12T06:50:08.000Z</time>
      </trkpt>
      <trkpt lat="47.805344" lon="15.356513">
        <ele>823.659244</ele>
        <time>2026-05-12T06:50:09.000Z</time>
      </trkpt>
      <trkpt lat="47.805303" lon="15.356438">
        <ele>823.563671</ele>
        <time>2026-05-12T06:50:10.000Z</time>
      </trkpt>
      <trkpt lat="47.805254" lon="15.356350">
        <ele>823.450699</ele>
        <time>2026-05-12T06:50:11.000Z</time>
      </trkpt>
      <trkpt lat="47.805222" lon="15.356291">
        <ele>823.375750</ele>
        <time>2026-05-12T06:50:12.000Z</time>
      </trkpt>
      <trkpt lat="47.805174" lon="15.356203">
        <ele>823.263711</ele>
        <time>2026-05-12T06:50:13.000Z</time>
      </trkpt>
      <trkpt lat="47.805138" lon="15.356127">
        <ele>823.171798</ele>
        <time>2026-05-12T06:50:14.000Z</time>
      </trkpt>
      <trkpt lat="47.805111" lon="15.356067">
        <ele>823.100420</ele>
        <time>2026-05-12T06:50:15.000Z</time>
      </trkpt>
      <trkpt lat="47.805066" lon="15.355984">
        <ele>822.995000</ele>
        <time>2026-05-12T06:50:16.000Z</time>
      </trkpt>
      <trkpt lat="47.805031" lon="15.355914">
        <ele>822.908752</ele>
        <time>2026-05-12T06:50:17.000Z</time>
      </trkpt>
      <trkpt lat="47.804994" lon="15.355845">
        <ele>822.821491</ele>
        <time>2026-05-12T06:50:18.000Z</time>
      </trkpt>
      <trkpt lat="47.804957" lon="15.355773">
        <ele>822.731893</ele>
        <time>2026-05-12T06:50:19.000Z</time>
      </trkpt>
      <trkpt lat="47.804922" lon="15.355704">
        <ele>822.646436</ele>
        <time>2026-05-12T06:50:20.000Z</time>
      </trkpt>
      <trkpt lat="47.804895" lon="15.355651">
        <ele>822.580692</ele>
        <time>2026-05-12T06:50:21.000Z</time>
      </trkpt>
      <trkpt lat="47.804854" lon="15.355573">
        <ele>822.482802</ele>
        <time>2026-05-12T06:50:22.000Z</time>
      </trkpt>
      <trkpt lat="47.804820" lon="15.355508">
        <ele>822.401378</ele>
        <time>2026-05-12T06:50:23.000Z</time>
      </trkpt>
      <trkpt lat="47.804795" lon="15.355457">
        <ele>822.338977</ele>
        <time>2026-05-12T06:50:24.000Z</time>
      </trkpt>
      <trkpt lat="47.804762" lon="15.355394">
        <ele>822.260017</ele>
        <time>2026-05-12T06:50:25.000Z</time>
      </trkpt>
      <trkpt lat="47.804724" lon="15.355321">
        <ele>822.168737</ele>
        <time>2026-05-12T06:50:26.000Z</time>
      </trkpt>
      <trkpt lat="47.804694" lon="15.355258">
        <ele>822.092412</ele>
        <time>2026-05-12T06:50:27.000Z</time>
      </trkpt>
      <trkpt lat="47.804670" lon="15.355193">
        <ele>822.019104</ele>
        <time>2026-05-12T06:50:28.000Z</time>
      </trkpt>
      <trkpt lat="47.804647" lon="15.355124">
        <ele>821.942973</ele>
        <time>2026-05-12T06:50:29.000Z</time>
      </trkpt>
      <trkpt lat="47.804632" lon="15.355069">
        <ele>821.884305</ele>
        <time>2026-05-12T06:50:30.000Z</time>
      </trkpt>
      <trkpt lat="47.804617" lon="15.354997">
        <ele>821.809801</ele>
        <time>2026-05-12T06:50:31.000Z</time>
      </trkpt>
      <trkpt lat="47.804608" lon="15.354905">
        <ele>821.717915</ele>
        <time>2026-05-12T06:50:32.000Z</time>
      </trkpt>
      <trkpt lat="47.804609" lon="15.354824">
        <ele>821.637847</ele>
        <time>2026-05-12T06:50:33.000Z</time>
      </trkpt>
      <trkpt lat="47.804612" lon="15.354743">
        <ele>821.557671</ele>
        <time>2026-05-12T06:50:34.000Z</time>
      </trkpt>
      <trkpt lat="47.804620" lon="15.354662">
        <ele>821.509386</ele>
        <time>2026-05-12T06:50:35.000Z</time>
      </trkpt>
      <trkpt lat="47.804628" lon="15.354584">
        <ele>821.494851</ele>
        <time>2026-05-12T06:50:36.000Z</time>
      </trkpt>
      <trkpt lat="47.804637" lon="15.354523">
        <ele>821.483347</ele>
        <time>2026-05-12T06:50:37.000Z</time>
      </trkpt>
      <trkpt lat="47.804650" lon="15.354433">
        <ele>821.466390</ele>
        <time>2026-05-12T06:50:38.000Z</time>
      </trkpt>
      <trkpt lat="47.804660" lon="15.354374">
        <ele>821.455181</ele>
        <time>2026-05-12T06:50:39.000Z</time>
      </trkpt>
      <trkpt lat="47.804674" lon="15.354301">
        <ele>821.441197</ele>
        <time>2026-05-12T06:50:40.000Z</time>
      </trkpt>
      <trkpt lat="47.804689" lon="15.354228">
        <ele>821.427135</ele>
        <time>2026-05-12T06:50:41.000Z</time>
      </trkpt>
      <trkpt lat="47.804704" lon="15.354154">
        <ele>821.412896</ele>
        <time>2026-05-12T06:50:42.000Z</time>
      </trkpt>
      <trkpt lat="47.804720" lon="15.354081">
        <ele>821.398752</ele>
        <time>2026-05-12T06:50:43.000Z</time>
      </trkpt>
      <trkpt lat="47.804736" lon="15.354008">
        <ele>821.384607</ele>
        <time>2026-05-12T06:50:44.000Z</time>
      </trkpt>
      <trkpt lat="47.804755" lon="15.353937">
        <ele>821.370529</ele>
        <time>2026-05-12T06:50:45.000Z</time>
      </trkpt>
      <trkpt lat="47.804774" lon="15.353866">
        <ele>821.356451</ele>
        <time>2026-05-12T06:50:46.000Z</time>
      </trkpt>
      <trkpt lat="47.804796" lon="15.353795">
        <ele>821.342048</ele>
        <time>2026-05-12T06:50:47.000Z</time>
      </trkpt>
      <trkpt lat="47.804815" lon="15.353723">
        <ele>821.327798</ele>
        <time>2026-05-12T06:50:48.000Z</time>
      </trkpt>
      <trkpt lat="47.804832" lon="15.353656">
        <ele>821.314605</ele>
        <time>2026-05-12T06:50:49.000Z</time>
      </trkpt>
      <trkpt lat="47.804849" lon="15.353589">
        <ele>821.301413</ele>
        <time>2026-05-12T06:50:50.000Z</time>
      </trkpt>
      <trkpt lat="47.804867" lon="15.353521">
        <ele>821.287949</ele>
        <time>2026-05-12T06:50:51.000Z</time>
      </trkpt>
      <trkpt lat="47.804885" lon="15.353455">
        <ele>821.274828</ele>
        <time>2026-05-12T06:50:52.000Z</time>
      </trkpt>
      <trkpt lat="47.804902" lon="15.353389">
        <ele>821.261807</ele>
        <time>2026-05-12T06:50:53.000Z</time>
      </trkpt>
      <trkpt lat="47.804917" lon="15.353319">
        <ele>821.248273</ele>
        <time>2026-05-12T06:50:54.000Z</time>
      </trkpt>
      <trkpt lat="47.804929" lon="15.353246">
        <ele>821.234429</ele>
        <time>2026-05-12T06:50:55.000Z</time>
      </trkpt>
      <trkpt lat="47.804942" lon="15.353172">
        <ele>821.220340</ele>
        <time>2026-05-12T06:50:56.000Z</time>
      </trkpt>
      <trkpt lat="47.804955" lon="15.353094">
        <ele>821.205536</ele>
        <time>2026-05-12T06:50:57.000Z</time>
      </trkpt>
      <trkpt lat="47.804966" lon="15.353015">
        <ele>821.190675</ele>
        <time>2026-05-12T06:50:58.000Z</time>
      </trkpt>
      <trkpt lat="47.804975" lon="15.352937">
        <ele>821.176097</ele>
        <time>2026-05-12T06:50:59.000Z</time>
      </trkpt>
      <trkpt lat="47.804982" lon="15.352861">
        <ele>821.161966</ele>
        <time>2026-05-12T06:51:00.000Z</time>
      </trkpt>
      <trkpt lat="47.804987" lon="15.352787">
        <ele>821.148267</ele>
        <time>2026-05-12T06:51:01.000Z</time>
      </trkpt>
      <trkpt lat="47.804989" lon="15.352714">
        <ele>821.134809</ele>
        <time>2026-05-12T06:51:02.000Z</time>
      </trkpt>
      <trkpt lat="47.804988" lon="15.352643">
        <ele>821.121727</ele>
        <time>2026-05-12T06:51:03.000Z</time>
      </trkpt>
      <trkpt lat="47.804990" lon="15.352572">
        <ele>821.108638</ele>
        <time>2026-05-12T06:51:04.000Z</time>
      </trkpt>
      <trkpt lat="47.804996" lon="15.352502">
        <ele>821.095639</ele>
        <time>2026-05-12T06:51:05.000Z</time>
      </trkpt>
      <trkpt lat="47.805008" lon="15.352431">
        <ele>821.082153</ele>
        <time>2026-05-12T06:51:06.000Z</time>
      </trkpt>
      <trkpt lat="47.805016" lon="15.352356">
        <ele>821.068165</ele>
        <time>2026-05-12T06:51:07.000Z</time>
      </trkpt>
      <trkpt lat="47.805024" lon="15.352282">
        <ele>821.054358</ele>
        <time>2026-05-12T06:51:08.000Z</time>
      </trkpt>
      <trkpt lat="47.805035" lon="15.352193">
        <ele>821.037689</ele>
        <time>2026-05-12T06:51:09.000Z</time>
      </trkpt>
      <trkpt lat="47.805046" lon="15.352121">
        <ele>821.024088</ele>
        <time>2026-05-12T06:51:10.000Z</time>
      </trkpt>
      <trkpt lat="47.805057" lon="15.352048">
        <ele>821.011018</ele>
        <time>2026-05-12T06:51:11.000Z</time>
      </trkpt>
      <trkpt lat="47.805065" lon="15.351988">
        <ele>821.000355</ele>
        <time>2026-05-12T06:51:12.000Z</time>
      </trkpt>
      <trkpt lat="47.805073" lon="15.351911">
        <ele>820.986772</ele>
        <time>2026-05-12T06:51:13.000Z</time>
      </trkpt>
      <trkpt lat="47.805084" lon="15.351822">
        <ele>820.970996</ele>
        <time>2026-05-12T06:51:14.000Z</time>
      </trkpt>
      <trkpt lat="47.805090" lon="15.351745">
        <ele>820.957483</ele>
        <time>2026-05-12T06:51:15.000Z</time>
      </trkpt>
      <trkpt lat="47.805094" lon="15.351669">
        <ele>820.944193</ele>
        <time>2026-05-12T06:51:16.000Z</time>
      </trkpt>
      <trkpt lat="47.805095" lon="15.351591">
        <ele>820.930593</ele>
        <time>2026-05-12T06:51:17.000Z</time>
      </trkpt>
      <trkpt lat="47.805091" lon="15.351513">
        <ele>820.916956</ele>
        <time>2026-05-12T06:51:18.000Z</time>
      </trkpt>
      <trkpt lat="47.805085" lon="15.351449">
        <ele>820.905691</ele>
        <time>2026-05-12T06:51:19.000Z</time>
      </trkpt>
      <trkpt lat="47.805073" lon="15.351374">
        <ele>820.892250</ele>
        <time>2026-05-12T06:51:20.000Z</time>
      </trkpt>
      <trkpt lat="47.805055" lon="15.351285">
        <ele>820.876047</ele>
        <time>2026-05-12T06:51:21.000Z</time>
      </trkpt>
      <trkpt lat="47.805033" lon="15.351209">
        <ele>820.861620</ele>
        <time>2026-05-12T06:51:22.000Z</time>
      </trkpt>
      <trkpt lat="47.805007" lon="15.351138">
        <ele>820.847523</ele>
        <time>2026-05-12T06:51:23.000Z</time>
      </trkpt>
      <trkpt lat="47.804976" lon="15.351070">
        <ele>820.833196</ele>
        <time>2026-05-12T06:51:24.000Z</time>
      </trkpt>
      <trkpt lat="47.804949" lon="15.351016">
        <ele>820.821460</ele>
        <time>2026-05-12T06:51:25.000Z</time>
      </trkpt>
      <trkpt lat="47.804906" lon="15.350939">
        <ele>820.804003</ele>
        <time>2026-05-12T06:51:26.000Z</time>
      </trkpt>
      <trkpt lat="47.804866" lon="15.350880">
        <ele>820.789389</ele>
        <time>2026-05-12T06:51:27.000Z</time>
      </trkpt>
      <trkpt lat="47.804833" lon="15.350836">
        <ele>820.777891</ele>
        <time>2026-05-12T06:51:28.000Z</time>
      </trkpt>
      <trkpt lat="47.804787" lon="15.350786">
        <ele>820.763108</ele>
        <time>2026-05-12T06:51:29.000Z</time>
      </trkpt>
      <trkpt lat="47.804739" lon="15.350739">
        <ele>820.748197</ele>
        <time>2026-05-12T06:51:30.000Z</time>
      </trkpt>
      <trkpt lat="47.804688" lon="15.350697">
        <ele>820.733070</ele>
        <time>2026-05-12T06:51:31.000Z</time>
      </trkpt>
      <trkpt lat="47.804637" lon="15.350662">
        <ele>820.718494</ele>
        <time>2026-05-12T06:51:32.000Z</time>
      </trkpt>
      <trkpt lat="47.804582" lon="15.350636">
        <ele>820.703517</ele>
        <time>2026-05-12T06:51:33.000Z</time>
      </trkpt>
      <trkpt lat="47.804517" lon="15.350616">
        <ele>820.686290</ele>
        <time>2026-05-12T06:51:34.000Z</time>
      </trkpt>
      <trkpt lat="47.804474" lon="15.350615">
        <ele>820.675128</ele>
        <time>2026-05-12T06:51:35.000Z</time>
      </trkpt>
      <trkpt lat="47.804419" lon="15.350620">
        <ele>820.660826</ele>
        <time>2026-05-12T06:51:36.000Z</time>
      </trkpt>
      <trkpt lat="47.804365" lon="15.350634">
        <ele>820.646599</ele>
        <time>2026-05-12T06:51:37.000Z</time>
      </trkpt>
      <trkpt lat="47.804313" lon="15.350657">
        <ele>820.632519</ele>
        <time>2026-05-12T06:51:38.000Z</time>
      </trkpt>
      <trkpt lat="47.804259" lon="15.350686">
        <ele>820.617620</ele>
        <time>2026-05-12T06:51:39.000Z</time>
      </trkpt>
      <trkpt lat="47.804204" lon="15.350702">
        <ele>820.603075</ele>
        <time>2026-05-12T06:51:40.000Z</time>
      </trkpt>
      <trkpt lat="47.804146" lon="15.350726">
        <ele>820.587450</ele>
        <time>2026-05-12T06:51:41.000Z</time>
      </trkpt>
      <trkpt lat="47.804092" lon="15.350733">
        <ele>820.573381</ele>
        <time>2026-05-12T06:51:42.000Z</time>
      </trkpt>
      <trkpt lat="47.804039" lon="15.350731">
        <ele>820.559621</ele>
        <time>2026-05-12T06:51:43.000Z</time>
      </trkpt>
      <trkpt lat="47.803985" lon="15.350738">
        <ele>820.555198</ele>
        <time>2026-05-12T06:51:44.000Z</time>
      </trkpt>
      <trkpt lat="47.803929" lon="15.350746">
        <ele>820.553181</ele>
        <time>2026-05-12T06:51:45.000Z</time>
      </trkpt>
      <trkpt lat="47.803875" lon="15.350754">
        <ele>820.551235</ele>
        <time>2026-05-12T06:51:46.000Z</time>
      </trkpt>
      <trkpt lat="47.803820" lon="15.350765">
        <ele>820.549246</ele>
        <time>2026-05-12T06:51:47.000Z</time>
      </trkpt>
      <trkpt lat="47.803763" lon="15.350781">
        <ele>820.547166</ele>
        <time>2026-05-12T06:51:48.000Z</time>
      </trkpt>
      <trkpt lat="47.803706" lon="15.350796">
        <ele>820.545091</ele>
        <time>2026-05-12T06:51:49.000Z</time>
      </trkpt>
      <trkpt lat="47.803651" lon="15.350812">
        <ele>820.543081</ele>
        <time>2026-05-12T06:51:50.000Z</time>
      </trkpt>
      <trkpt lat="47.803597" lon="15.350837">
        <ele>820.541054</ele>
        <time>2026-05-12T06:51:51.000Z</time>
      </trkpt>
      <trkpt lat="47.803543" lon="15.350861">
        <ele>820.539033</ele>
        <time>2026-05-12T06:51:52.000Z</time>
      </trkpt>
      <trkpt lat="47.803491" lon="15.350871">
        <ele>820.537153</ele>
        <time>2026-05-12T06:51:53.000Z</time>
      </trkpt>
      <trkpt lat="47.803440" lon="15.350889">
        <ele>820.535274</ele>
        <time>2026-05-12T06:51:54.000Z</time>
      </trkpt>
      <trkpt lat="47.803389" lon="15.350910">
        <ele>820.533377</ele>
        <time>2026-05-12T06:51:55.000Z</time>
      </trkpt>
      <trkpt lat="47.803339" lon="15.350931">
        <ele>820.531514</ele>
        <time>2026-05-12T06:51:56.000Z</time>
      </trkpt>
      <trkpt lat="47.803286" lon="15.350949">
        <ele>820.529565</ele>
        <time>2026-05-12T06:51:57.000Z</time>
      </trkpt>
      <trkpt lat="47.803236" lon="15.350973">
        <ele>820.527681</ele>
        <time>2026-05-12T06:51:58.000Z</time>
      </trkpt>
      <trkpt lat="47.803186" lon="15.351001">
        <ele>820.525766</ele>
        <time>2026-05-12T06:51:59.000Z</time>
      </trkpt>
      <trkpt lat="47.803135" lon="15.351031">
        <ele>820.523800</ele>
        <time>2026-05-12T06:52:00.000Z</time>
      </trkpt>
      <trkpt lat="47.803084" lon="15.351062">
        <ele>820.521825</ele>
        <time>2026-05-12T06:52:01.000Z</time>
      </trkpt>
      <trkpt lat="47.803034" lon="15.351095">
        <ele>820.519864</ele>
        <time>2026-05-12T06:52:02.000Z</time>
      </trkpt>
      <trkpt lat="47.802985" lon="15.351130">
        <ele>820.517915</ele>
        <time>2026-05-12T06:52:03.000Z</time>
      </trkpt>
      <trkpt lat="47.802938" lon="15.351173">
        <ele>820.515937</ele>
        <time>2026-05-12T06:52:04.000Z</time>
      </trkpt>
      <trkpt lat="47.802892" lon="15.351223">
        <ele>820.513895</ele>
        <time>2026-05-12T06:52:05.000Z</time>
      </trkpt>
      <trkpt lat="47.802851" lon="15.351272">
        <ele>820.512010</ele>
        <time>2026-05-12T06:52:06.000Z</time>
      </trkpt>
      <trkpt lat="47.802810" lon="15.351319">
        <ele>820.510154</ele>
        <time>2026-05-12T06:52:07.000Z</time>
      </trkpt>
      <trkpt lat="47.802776" lon="15.351368">
        <ele>820.508458</ele>
        <time>2026-05-12T06:52:08.000Z</time>
      </trkpt>
      <trkpt lat="47.802745" lon="15.351417">
        <ele>820.506837</ele>
        <time>2026-05-12T06:52:09.000Z</time>
      </trkpt>
      <trkpt lat="47.802713" lon="15.351464">
        <ele>820.505225</ele>
        <time>2026-05-12T06:52:10.000Z</time>
      </trkpt>
      <trkpt lat="47.802673" lon="15.351509">
        <ele>820.503427</ele>
        <time>2026-05-12T06:52:11.000Z</time>
      </trkpt>
      <trkpt lat="47.802630" lon="15.351548">
        <ele>820.501622</ele>
        <time>2026-05-12T06:52:12.000Z</time>
      </trkpt>
      <trkpt lat="47.802583" lon="15.351570">
        <ele>820.499856</ele>
        <time>2026-05-12T06:52:13.000Z</time>
      </trkpt>
      <trkpt lat="47.802531" lon="15.351585">
        <ele>820.497956</ele>
        <time>2026-05-12T06:52:14.000Z</time>
      </trkpt>
      <trkpt lat="47.802481" lon="15.351576">
        <ele>820.496151</ele>
        <time>2026-05-12T06:52:15.000Z</time>
      </trkpt>
      <trkpt lat="47.802436" lon="15.351532">
        <ele>820.494220</ele>
        <time>2026-05-12T06:52:16.000Z</time>
      </trkpt>
      <trkpt lat="47.802391" lon="15.351492">
        <ele>820.492341</ele>
        <time>2026-05-12T06:52:17.000Z</time>
      </trkpt>
      <trkpt lat="47.802347" lon="15.351445">
        <ele>820.467215</ele>
        <time>2026-05-12T06:52:18.000Z</time>
      </trkpt>
      <trkpt lat="47.802305" lon="15.351392">
        <ele>820.440569</ele>
        <time>2026-05-12T06:52:19.000Z</time>
      </trkpt>
      <trkpt lat="47.802262" lon="15.351335">
        <ele>820.412704</ele>
        <time>2026-05-12T06:52:20.000Z</time>
      </trkpt>
      <trkpt lat="47.802220" lon="15.351270">
        <ele>820.383383</ele>
        <time>2026-05-12T06:52:21.000Z</time>
      </trkpt>
      <trkpt lat="47.802174" lon="15.351212">
        <ele>820.354208</ele>
        <time>2026-05-12T06:52:22.000Z</time>
      </trkpt>
      <trkpt lat="47.802127" lon="15.351161">
        <ele>820.326060</ele>
        <time>2026-05-12T06:52:23.000Z</time>
      </trkpt>
      <trkpt lat="47.802079" lon="15.351115">
        <ele>820.298432</ele>
        <time>2026-05-12T06:52:24.000Z</time>
      </trkpt>
      <trkpt lat="47.802027" lon="15.351075">
        <ele>820.270104</ele>
        <time>2026-05-12T06:52:25.000Z</time>
      </trkpt>
      <trkpt lat="47.801974" lon="15.351041">
        <ele>820.242173</ele>
        <time>2026-05-12T06:52:26.000Z</time>
      </trkpt>
      <trkpt lat="47.801918" lon="15.351021">
        <ele>820.214302</ele>
        <time>2026-05-12T06:52:27.000Z</time>
      </trkpt>
      <trkpt lat="47.801857" lon="15.351021">
        <ele>820.184779</ele>
        <time>2026-05-12T06:52:28.000Z</time>
      </trkpt>
      <trkpt lat="47.801800" lon="15.351036">
        <ele>820.156764</ele>
        <time>2026-05-12T06:52:29.000Z</time>
      </trkpt>
      <trkpt lat="47.801748" lon="15.351064">
        <ele>820.130002</ele>
        <time>2026-05-12T06:52:30.000Z</time>
      </trkpt>
      <trkpt lat="47.801703" lon="15.351108">
        <ele>820.103945</ele>
        <time>2026-05-12T06:52:31.000Z</time>
      </trkpt>
      <trkpt lat="47.801668" lon="15.351161">
        <ele>820.079783</ele>
        <time>2026-05-12T06:52:32.000Z</time>
      </trkpt>
      <trkpt lat="47.801639" lon="15.351216">
        <ele>820.057052</ele>
        <time>2026-05-12T06:52:33.000Z</time>
      </trkpt>
      <trkpt lat="47.801610" lon="15.351276">
        <ele>820.033022</ele>
        <time>2026-05-12T06:52:34.000Z</time>
      </trkpt>
      <trkpt lat="47.801579" lon="15.351340">
        <ele>820.007371</ele>
        <time>2026-05-12T06:52:35.000Z</time>
      </trkpt>
      <trkpt lat="47.801549" lon="15.351406">
        <ele>819.981464</ele>
        <time>2026-05-12T06:52:36.000Z</time>
      </trkpt>
      <trkpt lat="47.801514" lon="15.351469">
        <ele>819.954886</ele>
        <time>2026-05-12T06:52:37.000Z</time>
      </trkpt>
      <trkpt lat="47.801481" lon="15.351528">
        <ele>819.929926</ele>
        <time>2026-05-12T06:52:38.000Z</time>
      </trkpt>
      <trkpt lat="47.801445" lon="15.351587">
        <ele>819.904014</ele>
        <time>2026-05-12T06:52:39.000Z</time>
      </trkpt>
      <trkpt lat="47.801407" lon="15.351651">
        <ele>819.876245</ele>
        <time>2026-05-12T06:52:40.000Z</time>
      </trkpt>
      <trkpt lat="47.801368" lon="15.351709">
        <ele>819.849565</ele>
        <time>2026-05-12T06:52:41.000Z</time>
      </trkpt>
      <trkpt lat="47.801329" lon="15.351769">
        <ele>819.822422</ele>
        <time>2026-05-12T06:52:42.000Z</time>
      </trkpt>
      <trkpt lat="47.801283" lon="15.351828">
        <ele>819.793036</ele>
        <time>2026-05-12T06:52:43.000Z</time>
      </trkpt>
      <trkpt lat="47.801239" lon="15.351879">
        <ele>819.766048</ele>
        <time>2026-05-12T06:52:44.000Z</time>
      </trkpt>
      <trkpt lat="47.801195" lon="15.351926">
        <ele>819.739838</ele>
        <time>2026-05-12T06:52:45.000Z</time>
      </trkpt>
      <trkpt lat="47.801150" lon="15.351970">
        <ele>819.713782</ele>
        <time>2026-05-12T06:52:46.000Z</time>
      </trkpt>
      <trkpt lat="47.801105" lon="15.352011">
        <ele>819.688248</ele>
        <time>2026-05-12T06:52:47.000Z</time>
      </trkpt>
      <trkpt lat="47.801058" lon="15.352049">
        <ele>819.662363</ele>
        <time>2026-05-12T06:52:48.000Z</time>
      </trkpt>
      <trkpt lat="47.801013" lon="15.352081">
        <ele>819.638227</ele>
        <time>2026-05-12T06:52:49.000Z</time>
      </trkpt>
      <trkpt lat="47.800967" lon="15.352114">
        <ele>819.625246</ele>
        <time>2026-05-12T06:52:50.000Z</time>
      </trkpt>
      <trkpt lat="47.800922" lon="15.352145">
        <ele>819.635453</ele>
        <time>2026-05-12T06:52:51.000Z</time>
      </trkpt>
      <trkpt lat="47.800878" lon="15.352167">
        <ele>819.645007</ele>
        <time>2026-05-12T06:52:52.000Z</time>
      </trkpt>
      <trkpt lat="47.800834" lon="15.352185">
        <ele>819.654400</ele>
        <time>2026-05-12T06:52:53.000Z</time>
      </trkpt>
      <trkpt lat="47.800791" lon="15.352203">
        <ele>819.663595</ele>
        <time>2026-05-12T06:52:54.000Z</time>
      </trkpt>
      <trkpt lat="47.800750" lon="15.352222">
        <ele>819.672434</ele>
        <time>2026-05-12T06:52:55.000Z</time>
      </trkpt>
      <trkpt lat="47.800708" lon="15.352235">
        <ele>819.681265</ele>
        <time>2026-05-12T06:52:56.000Z</time>
      </trkpt>
      <trkpt lat="47.800666" lon="15.352245">
        <ele>819.690020</ele>
        <time>2026-05-12T06:52:57.000Z</time>
      </trkpt>
      <trkpt lat="47.800622" lon="15.352257">
        <ele>819.699228</ele>
        <time>2026-05-12T06:52:58.000Z</time>
      </trkpt>
      <trkpt lat="47.800579" lon="15.352265">
        <ele>819.708149</ele>
        <time>2026-05-12T06:52:59.000Z</time>
      </trkpt>
      <trkpt lat="47.800537" lon="15.352272">
        <ele>819.716848</ele>
        <time>2026-05-12T06:53:00.000Z</time>
      </trkpt>
      <trkpt lat="47.800496" lon="15.352275">
        <ele>819.725298</ele>
        <time>2026-05-12T06:53:01.000Z</time>
      </trkpt>
      <trkpt lat="47.800455" lon="15.352271">
        <ele>819.733756</ele>
        <time>2026-05-12T06:53:02.000Z</time>
      </trkpt>
      <trkpt lat="47.800411" lon="15.352264">
        <ele>819.742865</ele>
        <time>2026-05-12T06:53:03.000Z</time>
      </trkpt>
      <trkpt lat="47.800368" lon="15.352252">
        <ele>819.751871</ele>
        <time>2026-05-12T06:53:04.000Z</time>
      </trkpt>
      <trkpt lat="47.800324" lon="15.352239">
        <ele>819.761105</ele>
        <time>2026-05-12T06:53:05.000Z</time>
      </trkpt>
      <trkpt lat="47.800281" lon="15.352222">
        <ele>819.770263</ele>
        <time>2026-05-12T06:53:06.000Z</time>
      </trkpt>
      <trkpt lat="47.800239" lon="15.352199">
        <ele>819.779475</ele>
        <time>2026-05-12T06:53:07.000Z</time>
      </trkpt>
      <trkpt lat="47.800196" lon="15.352174">
        <ele>819.788977</ele>
        <time>2026-05-12T06:53:08.000Z</time>
      </trkpt>
      <trkpt lat="47.800155" lon="15.352146">
        <ele>819.798263</ele>
        <time>2026-05-12T06:53:09.000Z</time>
      </trkpt>
      <trkpt lat="47.800114" lon="15.352114">
        <ele>819.807792</ele>
        <time>2026-05-12T06:53:10.000Z</time>
      </trkpt>
      <trkpt lat="47.800072" lon="15.352082">
        <ele>819.817504</ele>
        <time>2026-05-12T06:53:11.000Z</time>
      </trkpt>
      <trkpt lat="47.800031" lon="15.352049">
        <ele>819.827099</ele>
        <time>2026-05-12T06:53:12.000Z</time>
      </trkpt>
      <trkpt lat="47.799989" lon="15.352014">
        <ele>819.837007</ele>
        <time>2026-05-12T06:53:13.000Z</time>
      </trkpt>
      <trkpt lat="47.799946" lon="15.351978">
        <ele>819.847162</ele>
        <time>2026-05-12T06:53:14.000Z</time>
      </trkpt>
      <trkpt lat="47.799905" lon="15.351940">
        <ele>819.857103</ele>
        <time>2026-05-12T06:53:15.000Z</time>
      </trkpt>
      <trkpt lat="47.799864" lon="15.351901">
        <ele>819.867119</ele>
        <time>2026-05-12T06:53:16.000Z</time>
      </trkpt>
      <trkpt lat="47.799822" lon="15.351861">
        <ele>819.877382</ele>
        <time>2026-05-12T06:53:17.000Z</time>
      </trkpt>
      <trkpt lat="47.799781" lon="15.351822">
        <ele>819.887398</ele>
        <time>2026-05-12T06:53:18.000Z</time>
      </trkpt>
      <trkpt lat="47.799739" lon="15.351785">
        <ele>819.897444</ele>
        <time>2026-05-12T06:53:19.000Z</time>
      </trkpt>
      <trkpt lat="47.799699" lon="15.351751">
        <ele>819.906925</ele>
        <time>2026-05-12T06:53:20.000Z</time>
      </trkpt>
      <trkpt lat="47.799656" lon="15.351717">
        <ele>819.916948</ele>
        <time>2026-05-12T06:53:21.000Z</time>
      </trkpt>
      <trkpt lat="47.799612" lon="15.351684">
        <ele>819.927090</ele>
        <time>2026-05-12T06:53:22.000Z</time>
      </trkpt>
      <trkpt lat="47.799569" lon="15.351652">
        <ele>819.936985</ele>
        <time>2026-05-12T06:53:23.000Z</time>
      </trkpt>
      <trkpt lat="47.799525" lon="15.351624">
        <ele>819.946836</ele>
        <time>2026-05-12T06:53:24.000Z</time>
      </trkpt>
      <trkpt lat="47.799478" lon="15.351597">
        <ele>819.957206</ele>
        <time>2026-05-12T06:53:25.000Z</time>
      </trkpt>
      <trkpt lat="47.799431" lon="15.351570">
        <ele>819.967576</ele>
        <time>2026-05-12T06:53:26.000Z</time>
      </trkpt>
      <trkpt lat="47.799384" lon="15.351544">
        <ele>819.977897</ele>
        <time>2026-05-12T06:53:27.000Z</time>
      </trkpt>
      <trkpt lat="47.799339" lon="15.351514">
        <ele>819.988047</ele>
        <time>2026-05-12T06:53:28.000Z</time>
      </trkpt>
      <trkpt lat="47.799294" lon="15.351485">
        <ele>819.964520</ele>
        <time>2026-05-12T06:53:29.000Z</time>
      </trkpt>
      <trkpt lat="47.799253" lon="15.351452">
        <ele>819.921651</ele>
        <time>2026-05-12T06:53:30.000Z</time>
      </trkpt>
      <trkpt lat="47.799204" lon="15.351427">
        <ele>819.874009</ele>
        <time>2026-05-12T06:53:31.000Z</time>
      </trkpt>
      <trkpt lat="47.799155" lon="15.351404">
        <ele>819.826754</ele>
        <time>2026-05-12T06:53:32.000Z</time>
      </trkpt>
      <trkpt lat="47.799105" lon="15.351382">
        <ele>819.778799</ele>
        <time>2026-05-12T06:53:33.000Z</time>
      </trkpt>
      <trkpt lat="47.799053" lon="15.351359">
        <ele>819.728905</ele>
        <time>2026-05-12T06:53:34.000Z</time>
      </trkpt>
      <trkpt lat="47.799004" lon="15.351333">
        <ele>819.681060</ele>
        <time>2026-05-12T06:53:35.000Z</time>
      </trkpt>
      <trkpt lat="47.798957" lon="15.351307">
        <ele>819.634943</ele>
        <time>2026-05-12T06:53:36.000Z</time>
      </trkpt>
      <trkpt lat="47.798908" lon="15.351283">
        <ele>819.587498</ele>
        <time>2026-05-12T06:53:37.000Z</time>
      </trkpt>
      <trkpt lat="47.798862" lon="15.351261">
        <ele>819.543059</ele>
        <time>2026-05-12T06:53:38.000Z</time>
      </trkpt>
      <trkpt lat="47.798815" lon="15.351240">
        <ele>819.497925</ele>
        <time>2026-05-12T06:53:39.000Z</time>
      </trkpt>
      <trkpt lat="47.798769" lon="15.351216">
        <ele>819.453093</ele>
        <time>2026-05-12T06:53:40.000Z</time>
      </trkpt>
      <trkpt lat="47.798722" lon="15.351191">
        <ele>819.407188</ele>
        <time>2026-05-12T06:53:41.000Z</time>
      </trkpt>
      <trkpt lat="47.798671" lon="15.351166">
        <ele>819.357802</ele>
        <time>2026-05-12T06:53:42.000Z</time>
      </trkpt>
      <trkpt lat="47.798620" lon="15.351139">
        <ele>819.308016</ele>
        <time>2026-05-12T06:53:43.000Z</time>
      </trkpt>
      <trkpt lat="47.798570" lon="15.351109">
        <ele>819.258434</ele>
        <time>2026-05-12T06:53:44.000Z</time>
      </trkpt>
      <trkpt lat="47.798520" lon="15.351075">
        <ele>819.207875</ele>
        <time>2026-05-12T06:53:45.000Z</time>
      </trkpt>
      <trkpt lat="47.798469" lon="15.351044">
        <ele>819.157207</ele>
        <time>2026-05-12T06:53:46.000Z</time>
      </trkpt>
      <trkpt lat="47.798417" lon="15.351016">
        <ele>819.106347</ele>
        <time>2026-05-12T06:53:47.000Z</time>
      </trkpt>
      <trkpt lat="47.798369" lon="15.350991">
        <ele>819.059575</ele>
        <time>2026-05-12T06:53:48.000Z</time>
      </trkpt>
      <trkpt lat="47.798320" lon="15.350966">
        <ele>819.011933</ele>
        <time>2026-05-12T06:53:49.000Z</time>
      </trkpt>
      <trkpt lat="47.798270" lon="15.350944">
        <ele>818.963978</ele>
        <time>2026-05-12T06:53:50.000Z</time>
      </trkpt>
      <trkpt lat="47.798218" lon="15.350931">
        <ele>818.915481</ele>
        <time>2026-05-12T06:53:51.000Z</time>
      </trkpt>
      <trkpt lat="47.798166" lon="15.350926">
        <ele>818.867554</ele>
        <time>2026-05-12T06:53:52.000Z</time>
      </trkpt>
      <trkpt lat="47.798110" lon="15.350924">
        <ele>818.816032</ele>
        <time>2026-05-12T06:53:53.000Z</time>
      </trkpt>
      <trkpt lat="47.798055" lon="15.350928">
        <ele>818.765385</ele>
        <time>2026-05-12T06:53:54.000Z</time>
      </trkpt>
      <trkpt lat="47.797998" lon="15.350936">
        <ele>818.712726</ele>
        <time>2026-05-12T06:53:55.000Z</time>
      </trkpt>
      <trkpt lat="47.797942" lon="15.350945">
        <ele>818.660920</ele>
        <time>2026-05-12T06:53:56.000Z</time>
      </trkpt>
      <trkpt lat="47.797885" lon="15.350961">
        <ele>818.607570</ele>
        <time>2026-05-12T06:53:57.000Z</time>
      </trkpt>
      <trkpt lat="47.797829" lon="15.350986">
        <ele>818.553797</ele>
        <time>2026-05-12T06:53:58.000Z</time>
      </trkpt>
      <trkpt lat="47.797777" lon="15.351017">
        <ele>818.502277</ele>
        <time>2026-05-12T06:53:59.000Z</time>
      </trkpt>
      <trkpt lat="47.797728" lon="15.351059">
        <ele>818.450272</ele>
        <time>2026-05-12T06:54:00.000Z</time>
      </trkpt>
      <trkpt lat="47.797684" lon="15.351105">
        <ele>818.400819</ele>
        <time>2026-05-12T06:54:01.000Z</time>
      </trkpt>
      <trkpt lat="47.797642" lon="15.351158">
        <ele>818.350178</ele>
        <time>2026-05-12T06:54:02.000Z</time>
      </trkpt>
      <trkpt lat="47.797604" lon="15.351216">
        <ele>818.318160</ele>
        <time>2026-05-12T06:54:03.000Z</time>
      </trkpt>
      <trkpt lat="47.797566" lon="15.351275">
        <ele>818.291920</ele>
        <time>2026-05-12T06:54:04.000Z</time>
      </trkpt>
      <trkpt lat="47.797535" lon="15.351325">
        <ele>818.270077</ele>
        <time>2026-05-12T06:54:05.000Z</time>
      </trkpt>
      <trkpt lat="47.797499" lon="15.351391">
        <ele>818.242785</ele>
        <time>2026-05-12T06:54:06.000Z</time>
      </trkpt>
      <trkpt lat="47.797461" lon="15.351470">
        <ele>818.211593</ele>
        <time>2026-05-12T06:54:07.000Z</time>
      </trkpt>
      <trkpt lat="47.797435" lon="15.351539">
        <ele>818.186195</ele>
        <time>2026-05-12T06:54:08.000Z</time>
      </trkpt>
      <trkpt lat="47.797412" lon="15.351607">
        <ele>818.161755</ele>
        <time>2026-05-12T06:54:09.000Z</time>
      </trkpt>
      <trkpt lat="47.797389" lon="15.351678">
        <ele>818.136450</ele>
        <time>2026-05-12T06:54:10.000Z</time>
      </trkpt>
      <trkpt lat="47.797366" lon="15.351750">
        <ele>818.110856</ele>
        <time>2026-05-12T06:54:11.000Z</time>
      </trkpt>
      <trkpt lat="47.797343" lon="15.351823">
        <ele>818.084972</ele>
        <time>2026-05-12T06:54:12.000Z</time>
      </trkpt>
      <trkpt lat="47.797315" lon="15.351897">
        <ele>818.057707</ele>
        <time>2026-05-12T06:54:13.000Z</time>
      </trkpt>
      <trkpt lat="47.797283" lon="15.351967">
        <ele>818.030525</ele>
        <time>2026-05-12T06:54:14.000Z</time>
      </trkpt>
      <trkpt lat="47.797248" lon="15.352030">
        <ele>818.004280</ele>
        <time>2026-05-12T06:54:15.000Z</time>
      </trkpt>
      <trkpt lat="47.797209" lon="15.352087">
        <ele>817.978162</ele>
        <time>2026-05-12T06:54:16.000Z</time>
      </trkpt>
      <trkpt lat="47.797167" lon="15.352142">
        <ele>817.951430</ele>
        <time>2026-05-12T06:54:17.000Z</time>
      </trkpt>
      <trkpt lat="47.797122" lon="15.352193">
        <ele>817.924402</ele>
        <time>2026-05-12T06:54:18.000Z</time>
      </trkpt>
      <trkpt lat="47.797080" lon="15.352242">
        <ele>817.898901</ele>
        <time>2026-05-12T06:54:19.000Z</time>
      </trkpt>
      <trkpt lat="47.797038" lon="15.352292">
        <ele>817.873200</ele>
        <time>2026-05-12T06:54:20.000Z</time>
      </trkpt>
      <trkpt lat="47.797005" lon="15.352334">
        <ele>817.852452</ele>
        <time>2026-05-12T06:54:21.000Z</time>
      </trkpt>
      <trkpt lat="47.796958" lon="15.352396">
        <ele>817.822441</ele>
        <time>2026-05-12T06:54:22.000Z</time>
      </trkpt>
      <trkpt lat="47.796920" lon="15.352453">
        <ele>817.796661</ele>
        <time>2026-05-12T06:54:23.000Z</time>
      </trkpt>
      <trkpt lat="47.796886" lon="15.352510">
        <ele>817.772190</ele>
        <time>2026-05-12T06:54:24.000Z</time>
      </trkpt>
      <trkpt lat="47.796852" lon="15.352567">
        <ele>817.747719</ele>
        <time>2026-05-12T06:54:25.000Z</time>
      </trkpt>
      <trkpt lat="47.796819" lon="15.352623">
        <ele>817.723805</ele>
        <time>2026-05-12T06:54:26.000Z</time>
      </trkpt>
      <trkpt lat="47.796784" lon="15.352676">
        <ele>817.699946</ele>
        <time>2026-05-12T06:54:27.000Z</time>
      </trkpt>
      <trkpt lat="47.796746" lon="15.352729">
        <ele>817.675061</ele>
        <time>2026-05-12T06:54:28.000Z</time>
      </trkpt>
      <trkpt lat="47.796710" lon="15.352783">
        <ele>817.650637</ele>
        <time>2026-05-12T06:54:29.000Z</time>
      </trkpt>
      <trkpt lat="47.796676" lon="15.352839">
        <ele>817.626405</ele>
        <time>2026-05-12T06:54:30.000Z</time>
      </trkpt>
      <trkpt lat="47.796643" lon="15.352897">
        <ele>817.602005</ele>
        <time>2026-05-12T06:54:31.000Z</time>
      </trkpt>
      <trkpt lat="47.796609" lon="15.352953">
        <ele>817.577773</ele>
        <time>2026-05-12T06:54:32.000Z</time>
      </trkpt>
      <trkpt lat="47.796575" lon="15.353009">
        <ele>817.553540</ele>
        <time>2026-05-12T06:54:33.000Z</time>
      </trkpt>
      <trkpt lat="47.796542" lon="15.353066">
        <ele>817.529384</ele>
        <time>2026-05-12T06:54:34.000Z</time>
      </trkpt>
      <trkpt lat="47.796510" lon="15.353123">
        <ele>817.505536</ele>
        <time>2026-05-12T06:54:35.000Z</time>
      </trkpt>
      <trkpt lat="47.796479" lon="15.353178">
        <ele>817.482488</ele>
        <time>2026-05-12T06:54:36.000Z</time>
      </trkpt>
      <trkpt lat="47.796450" lon="15.353230">
        <ele>817.473934</ele>
        <time>2026-05-12T06:54:37.000Z</time>
      </trkpt>
      <trkpt lat="47.796418" lon="15.353287">
        <ele>817.468175</ele>
        <time>2026-05-12T06:54:38.000Z</time>
      </trkpt>
      <trkpt lat="47.796382" lon="15.353345">
        <ele>817.462052</ele>
        <time>2026-05-12T06:54:39.000Z</time>
      </trkpt>
      <trkpt lat="47.796352" lon="15.353408">
        <ele>817.456064</ele>
        <time>2026-05-12T06:54:40.000Z</time>
      </trkpt>
      <trkpt lat="47.796327" lon="15.353473">
        <ele>817.450257</ele>
        <time>2026-05-12T06:54:41.000Z</time>
      </trkpt>
      <trkpt lat="47.796305" lon="15.353540">
        <ele>817.444475</ele>
        <time>2026-05-12T06:54:42.000Z</time>
      </trkpt>
      <trkpt lat="47.796283" lon="15.353609">
        <ele>817.438553</ele>
        <time>2026-05-12T06:54:43.000Z</time>
      </trkpt>
      <trkpt lat="47.796266" lon="15.353676">
        <ele>817.433000</ele>
        <time>2026-05-12T06:54:44.000Z</time>
      </trkpt>
      <trkpt lat="47.796254" lon="15.353743">
        <ele>817.427623</ele>
        <time>2026-05-12T06:54:45.000Z</time>
      </trkpt>
      <trkpt lat="47.796246" lon="15.353817">
        <ele>817.421812</ele>
        <time>2026-05-12T06:54:46.000Z</time>
      </trkpt>
      <trkpt lat="47.796240" lon="15.353888">
        <ele>817.416263</ele>
        <time>2026-05-12T06:54:47.000Z</time>
      </trkpt>
      <trkpt lat="47.796235" lon="15.353957">
        <ele>817.410882</ele>
        <time>2026-05-12T06:54:48.000Z</time>
      </trkpt>
      <trkpt lat="47.796230" lon="15.354026">
        <ele>817.405501</ele>
        <time>2026-05-12T06:54:49.000Z</time>
      </trkpt>
      <trkpt lat="47.796226" lon="15.354094">
        <ele>817.400209</ele>
        <time>2026-05-12T06:54:50.000Z</time>
      </trkpt>
      <trkpt lat="47.796224" lon="15.354160">
        <ele>817.395086</ele>
        <time>2026-05-12T06:54:51.000Z</time>
      </trkpt>
      <trkpt lat="47.796222" lon="15.354228">
        <ele>817.389809</ele>
        <time>2026-05-12T06:54:52.000Z</time>
      </trkpt>
      <trkpt lat="47.796217" lon="15.354302">
        <ele>817.384042</ele>
        <time>2026-05-12T06:54:53.000Z</time>
      </trkpt>
      <trkpt lat="47.796200" lon="15.354379">
        <ele>817.377758</ele>
        <time>2026-05-12T06:54:54.000Z</time>
      </trkpt>
      <trkpt lat="47.796167" lon="15.354453">
        <ele>817.370871</ele>
        <time>2026-05-12T06:54:55.000Z</time>
      </trkpt>
      <trkpt lat="47.796132" lon="15.354524">
        <ele>817.364042</ele>
        <time>2026-05-12T06:54:56.000Z</time>
      </trkpt>
      <trkpt lat="47.796100" lon="15.354589">
        <ele>817.357794</ele>
        <time>2026-05-12T06:54:57.000Z</time>
      </trkpt>
      <trkpt lat="47.796062" lon="15.354651">
        <ele>817.351287</ele>
        <time>2026-05-12T06:54:58.000Z</time>
      </trkpt>
      <trkpt lat="47.796020" lon="15.354707">
        <ele>817.344779</ele>
        <time>2026-05-12T06:54:59.000Z</time>
      </trkpt>
      <trkpt lat="47.795976" lon="15.354755">
        <ele>817.338483</ele>
        <time>2026-05-12T06:55:00.000Z</time>
      </trkpt>
      <trkpt lat="47.795932" lon="15.354799">
        <ele>817.332365</ele>
        <time>2026-05-12T06:55:01.000Z</time>
      </trkpt>
      <trkpt lat="47.795885" lon="15.354840">
        <ele>817.326077</ele>
        <time>2026-05-12T06:55:02.000Z</time>
      </trkpt>
      <trkpt lat="47.795837" lon="15.354878">
        <ele>817.319802</ele>
        <time>2026-05-12T06:55:03.000Z</time>
      </trkpt>
      <trkpt lat="47.795787" lon="15.354910">
        <ele>817.313520</ele>
        <time>2026-05-12T06:55:04.000Z</time>
      </trkpt>
      <trkpt lat="47.795743" lon="15.354938">
        <ele>817.307997</ele>
        <time>2026-05-12T06:55:05.000Z</time>
      </trkpt>
      <trkpt lat="47.795698" lon="15.354965">
        <ele>817.302397</ele>
        <time>2026-05-12T06:55:06.000Z</time>
      </trkpt>
      <trkpt lat="47.795652" lon="15.354992">
        <ele>817.296690</ele>
        <time>2026-05-12T06:55:07.000Z</time>
      </trkpt>
      <trkpt lat="47.795604" lon="15.355020">
        <ele>817.290740</ele>
        <time>2026-05-12T06:55:08.000Z</time>
      </trkpt>
      <trkpt lat="47.795555" lon="15.355052">
        <ele>817.284564</ele>
        <time>2026-05-12T06:55:09.000Z</time>
      </trkpt>
      <trkpt lat="47.795506" lon="15.355081">
        <ele>817.278477</ele>
        <time>2026-05-12T06:55:10.000Z</time>
      </trkpt>
      <trkpt lat="47.795459" lon="15.355107">
        <ele>817.272690</ele>
        <time>2026-05-12T06:55:11.000Z</time>
      </trkpt>
      <trkpt lat="47.795409" lon="15.355137">
        <ele>817.270386</ele>
        <time>2026-05-12T06:55:12.000Z</time>
      </trkpt>
      <trkpt lat="47.795358" lon="15.355166">
        <ele>817.270178</ele>
        <time>2026-05-12T06:55:13.000Z</time>
      </trkpt>
      <trkpt lat="47.795308" lon="15.355191">
        <ele>817.269978</ele>
        <time>2026-05-12T06:55:14.000Z</time>
      </trkpt>
      <trkpt lat="47.795260" lon="15.355219">
        <ele>817.269782</ele>
        <time>2026-05-12T06:55:15.000Z</time>
      </trkpt>
      <trkpt lat="47.795212" lon="15.355251">
        <ele>817.269582</ele>
        <time>2026-05-12T06:55:16.000Z</time>
      </trkpt>
      <trkpt lat="47.795155" lon="15.355294">
        <ele>817.269339</ele>
        <time>2026-05-12T06:55:17.000Z</time>
      </trkpt>
      <trkpt lat="47.795102" lon="15.355329">
        <ele>817.269118</ele>
        <time>2026-05-12T06:55:18.000Z</time>
      </trkpt>
      <trkpt lat="47.795059" lon="15.355353">
        <ele>817.268944</ele>
        <time>2026-05-12T06:55:19.000Z</time>
      </trkpt>
      <trkpt lat="47.794994" lon="15.355393">
        <ele>817.268677</ele>
        <time>2026-05-12T06:55:20.000Z</time>
      </trkpt>
      <trkpt lat="47.794953" lon="15.355415">
        <ele>817.268511</ele>
        <time>2026-05-12T06:55:21.000Z</time>
      </trkpt>
      <trkpt lat="47.794888" lon="15.355452">
        <ele>817.268246</ele>
        <time>2026-05-12T06:55:22.000Z</time>
      </trkpt>
      <trkpt lat="47.794839" lon="15.355494">
        <ele>817.268031</ele>
        <time>2026-05-12T06:55:23.000Z</time>
      </trkpt>
      <trkpt lat="47.794778" lon="15.355534">
        <ele>817.267778</ele>
        <time>2026-05-12T06:55:24.000Z</time>
      </trkpt>
      <trkpt lat="47.794719" lon="15.355495">
        <ele>817.267533</ele>
        <time>2026-05-12T06:55:25.000Z</time>
      </trkpt>
      <trkpt lat="47.794678" lon="15.355463">
        <ele>817.267357</ele>
        <time>2026-05-12T06:55:26.000Z</time>
      </trkpt>
      <trkpt lat="47.794629" lon="15.355443">
        <ele>817.267163</ele>
        <time>2026-05-12T06:55:27.000Z</time>
      </trkpt>
      <trkpt lat="47.794582" lon="15.355419">
        <ele>817.266975</ele>
        <time>2026-05-12T06:55:28.000Z</time>
      </trkpt>
      <trkpt lat="47.794535" lon="15.355376">
        <ele>817.266765</ele>
        <time>2026-05-12T06:55:29.000Z</time>
      </trkpt>
      <trkpt lat="47.794488" lon="15.355321">
        <ele>817.266538</ele>
        <time>2026-05-12T06:55:30.000Z</time>
      </trkpt>
      <trkpt lat="47.794453" lon="15.355264">
        <ele>817.266340</ele>
        <time>2026-05-12T06:55:31.000Z</time>
      </trkpt>
      <trkpt lat="47.794422" lon="15.355199">
        <ele>817.266137</ele>
        <time>2026-05-12T06:55:32.000Z</time>
      </trkpt>
      <trkpt lat="47.794402" lon="15.355112">
        <ele>817.265902</ele>
        <time>2026-05-12T06:55:33.000Z</time>
      </trkpt>
      <trkpt lat="47.794387" lon="15.355037">
        <ele>817.265702</ele>
        <time>2026-05-12T06:55:34.000Z</time>
      </trkpt>
      <trkpt lat="47.794378" lon="15.354957">
        <ele>817.265495</ele>
        <time>2026-05-12T06:55:35.000Z</time>
      </trkpt>
      <trkpt lat="47.794371" lon="15.354876">
        <ele>817.265286</ele>
        <time>2026-05-12T06:55:36.000Z</time>
      </trkpt>
      <trkpt lat="47.794363" lon="15.354793">
        <ele>817.265072</ele>
        <time>2026-05-12T06:55:37.000Z</time>
      </trkpt>
      <trkpt lat="47.794353" lon="15.354712">
        <ele>817.264862</ele>
        <time>2026-05-12T06:55:38.000Z</time>
      </trkpt>
      <trkpt lat="47.794343" lon="15.354628">
        <ele>817.264644</ele>
        <time>2026-05-12T06:55:39.000Z</time>
      </trkpt>
      <trkpt lat="47.794333" lon="15.354547">
        <ele>817.264434</ele>
        <time>2026-05-12T06:55:40.000Z</time>
      </trkpt>
      <trkpt lat="47.794318" lon="15.354466">
        <ele>817.264219</ele>
        <time>2026-05-12T06:55:41.000Z</time>
      </trkpt>
      <trkpt lat="47.794300" lon="15.354388">
        <ele>817.264009</ele>
        <time>2026-05-12T06:55:42.000Z</time>
      </trkpt>
      <trkpt lat="47.794288" lon="15.354308">
        <ele>817.263799</ele>
        <time>2026-05-12T06:55:43.000Z</time>
      </trkpt>
      <trkpt lat="47.794277" lon="15.354232">
        <ele>817.267314</ele>
        <time>2026-05-12T06:55:44.000Z</time>
      </trkpt>
      <trkpt lat="47.794259" lon="15.354158">
        <ele>817.276319</ele>
        <time>2026-05-12T06:55:45.000Z</time>
      </trkpt>
      <trkpt lat="47.794244" lon="15.354086">
        <ele>817.284945</ele>
        <time>2026-05-12T06:55:46.000Z</time>
      </trkpt>
      <trkpt lat="47.794226" lon="15.354016">
        <ele>817.293521</ele>
        <time>2026-05-12T06:55:47.000Z</time>
      </trkpt>
      <trkpt lat="47.794208" lon="15.353944">
        <ele>817.302312</ele>
        <time>2026-05-12T06:55:48.000Z</time>
      </trkpt>
      <trkpt lat="47.794191" lon="15.353869">
        <ele>817.311369</ele>
        <time>2026-05-12T06:55:49.000Z</time>
      </trkpt>
      <trkpt lat="47.794169" lon="15.353798">
        <ele>817.320316</ele>
        <time>2026-05-12T06:55:50.000Z</time>
      </trkpt>
      <trkpt lat="47.794144" lon="15.353729">
        <ele>817.329286</ele>
        <time>2026-05-12T06:55:51.000Z</time>
      </trkpt>
      <trkpt lat="47.794117" lon="15.353667">
        <ele>817.337741</ele>
        <time>2026-05-12T06:55:52.000Z</time>
      </trkpt>
      <trkpt lat="47.794088" lon="15.353610">
        <ele>817.345923</ele>
        <time>2026-05-12T06:55:53.000Z</time>
      </trkpt>
      <trkpt lat="47.794054" lon="15.353558">
        <ele>817.354226</ele>
        <time>2026-05-12T06:55:54.000Z</time>
      </trkpt>
      <trkpt lat="47.794024" lon="15.353501">
        <ele>817.362511</ele>
        <time>2026-05-12T06:55:55.000Z</time>
      </trkpt>
      <trkpt lat="47.793995" lon="15.353443">
        <ele>817.370785</ele>
        <time>2026-05-12T06:55:56.000Z</time>
      </trkpt>
      <trkpt lat="47.793966" lon="15.353383">
        <ele>817.379242</ele>
        <time>2026-05-12T06:55:57.000Z</time>
      </trkpt>
      <trkpt lat="47.793936" lon="15.353317">
        <ele>817.388361</ele>
        <time>2026-05-12T06:55:58.000Z</time>
      </trkpt>
      <trkpt lat="47.793905" lon="15.353251">
        <ele>817.397576</ele>
        <time>2026-05-12T06:55:59.000Z</time>
      </trkpt>
      <trkpt lat="47.793877" lon="15.353183">
        <ele>817.406702</ele>
        <time>2026-05-12T06:56:00.000Z</time>
      </trkpt>
      <trkpt lat="47.793847" lon="15.353116">
        <ele>817.415916</ele>
        <time>2026-05-12T06:56:01.000Z</time>
      </trkpt>
      <trkpt lat="47.793814" lon="15.353050">
        <ele>817.425330</ele>
        <time>2026-05-12T06:56:02.000Z</time>
      </trkpt>
      <trkpt lat="47.793782" lon="15.352985">
        <ele>817.434551</ele>
        <time>2026-05-12T06:56:03.000Z</time>
      </trkpt>
      <trkpt lat="47.793748" lon="15.352922">
        <ele>817.443798</ele>
        <time>2026-05-12T06:56:04.000Z</time>
      </trkpt>
      <trkpt lat="47.793714" lon="15.352860">
        <ele>817.452956</ele>
        <time>2026-05-12T06:56:05.000Z</time>
      </trkpt>
      <trkpt lat="47.793677" lon="15.352802">
        <ele>817.462108</ele>
        <time>2026-05-12T06:56:06.000Z</time>
      </trkpt>
      <trkpt lat="47.793637" lon="15.352745">
        <ele>817.471540</ele>
        <time>2026-05-12T06:56:07.000Z</time>
      </trkpt>
      <trkpt lat="47.793593" lon="15.352693">
        <ele>817.481109</ele>
        <time>2026-05-12T06:56:08.000Z</time>
      </trkpt>
      <trkpt lat="47.793554" lon="15.352639">
        <ele>817.490182</ele>
        <time>2026-05-12T06:56:09.000Z</time>
      </trkpt>
      <trkpt lat="47.793515" lon="15.352588">
        <ele>817.499024</ele>
        <time>2026-05-12T06:56:10.000Z</time>
      </trkpt>
      <trkpt lat="47.793472" lon="15.352544">
        <ele>817.507912</ele>
        <time>2026-05-12T06:56:11.000Z</time>
      </trkpt>
      <trkpt lat="47.793426" lon="15.352510">
        <ele>817.516659</ele>
        <time>2026-05-12T06:56:12.000Z</time>
      </trkpt>
      <trkpt lat="47.793382" lon="15.352477">
        <ele>817.525051</ele>
        <time>2026-05-12T06:56:13.000Z</time>
      </trkpt>
      <trkpt lat="47.793336" lon="15.352445">
        <ele>817.533700</ele>
        <time>2026-05-12T06:56:14.000Z</time>
      </trkpt>
      <trkpt lat="47.793288" lon="15.352420">
        <ele>817.542362</ele>
        <time>2026-05-12T06:56:15.000Z</time>
      </trkpt>
      <trkpt lat="47.793239" lon="15.352399">
        <ele>817.551047</ele>
        <time>2026-05-12T06:56:16.000Z</time>
      </trkpt>
      <trkpt lat="47.793189" lon="15.352385">
        <ele>817.559713</ele>
        <time>2026-05-12T06:56:17.000Z</time>
      </trkpt>
      <trkpt lat="47.793141" lon="15.352376">
        <ele>817.567953</ele>
        <time>2026-05-12T06:56:18.000Z</time>
      </trkpt>
      <trkpt lat="47.793092" lon="15.352369">
        <ele>817.561673</ele>
        <time>2026-05-12T06:56:19.000Z</time>
      </trkpt>
      <trkpt lat="47.793044" lon="15.352365">
        <ele>817.550788</ele>
        <time>2026-05-12T06:56:20.000Z</time>
      </trkpt>
      <trkpt lat="47.792998" lon="15.352367">
        <ele>817.540367</ele>
        <time>2026-05-12T06:56:21.000Z</time>
      </trkpt>
      <trkpt lat="47.792951" lon="15.352378">
        <ele>817.529595</ele>
        <time>2026-05-12T06:56:22.000Z</time>
      </trkpt>
      <trkpt lat="47.792901" lon="15.352400">
        <ele>817.517789</ele>
        <time>2026-05-12T06:56:23.000Z</time>
      </trkpt>
      <trkpt lat="47.792856" lon="15.352426">
        <ele>817.506859</ele>
        <time>2026-05-12T06:56:24.000Z</time>
      </trkpt>
      <trkpt lat="47.792814" lon="15.352453">
        <ele>817.496500</ele>
        <time>2026-05-12T06:56:25.000Z</time>
      </trkpt>
      <trkpt lat="47.792770" lon="15.352479">
        <ele>817.485781</ele>
        <time>2026-05-12T06:56:26.000Z</time>
      </trkpt>
      <trkpt lat="47.792725" lon="15.352508">
        <ele>817.474678</ele>
        <time>2026-05-12T06:56:27.000Z</time>
      </trkpt>
      <trkpt lat="47.792679" lon="15.352541">
        <ele>817.463115</ele>
        <time>2026-05-12T06:56:28.000Z</time>
      </trkpt>
      <trkpt lat="47.792635" lon="15.352581">
        <ele>817.451441</ele>
        <time>2026-05-12T06:56:29.000Z</time>
      </trkpt>
      <trkpt lat="47.792588" lon="15.352622">
        <ele>817.439106</ele>
        <time>2026-05-12T06:56:30.000Z</time>
      </trkpt>
      <trkpt lat="47.792542" lon="15.352661">
        <ele>817.427120</ele>
        <time>2026-05-12T06:56:31.000Z</time>
      </trkpt>
      <trkpt lat="47.792495" lon="15.352701">
        <ele>817.414861</ele>
        <time>2026-05-12T06:56:32.000Z</time>
      </trkpt>
      <trkpt lat="47.792449" lon="15.352737">
        <ele>817.403093</ele>
        <time>2026-05-12T06:56:33.000Z</time>
      </trkpt>
      <trkpt lat="47.792404" lon="15.352774">
        <ele>817.391453</ele>
        <time>2026-05-12T06:56:34.000Z</time>
      </trkpt>
      <trkpt lat="47.792359" lon="15.352816">
        <ele>817.379426</ele>
        <time>2026-05-12T06:56:35.000Z</time>
      </trkpt>
      <trkpt lat="47.792315" lon="15.352857">
        <ele>817.367672</ele>
        <time>2026-05-12T06:56:36.000Z</time>
      </trkpt>
      <trkpt lat="47.792270" lon="15.352898">
        <ele>817.355726</ele>
        <time>2026-05-12T06:56:37.000Z</time>
      </trkpt>
      <trkpt lat="47.792226" lon="15.352940">
        <ele>817.343890</ele>
        <time>2026-05-12T06:56:38.000Z</time>
      </trkpt>
      <trkpt lat="47.792180" lon="15.352980">
        <ele>817.331828</ele>
        <time>2026-05-12T06:56:39.000Z</time>
      </trkpt>
      <trkpt lat="47.792134" lon="15.353017">
        <ele>817.319988</ele>
        <time>2026-05-12T06:56:40.000Z</time>
      </trkpt>
      <trkpt lat="47.792089" lon="15.353053">
        <ele>817.308421</ele>
        <time>2026-05-12T06:56:41.000Z</time>
      </trkpt>
      <trkpt lat="47.792043" lon="15.353089">
        <ele>817.296653</ele>
        <time>2026-05-12T06:56:42.000Z</time>
      </trkpt>
      <trkpt lat="47.791996" lon="15.353129">
        <ele>817.284394</ele>
        <time>2026-05-12T06:56:43.000Z</time>
      </trkpt>
      <trkpt lat="47.791949" lon="15.353163">
        <ele>817.272562</ele>
        <time>2026-05-12T06:56:44.000Z</time>
      </trkpt>
      <trkpt lat="47.791902" lon="15.353191">
        <ele>817.261099</ele>
        <time>2026-05-12T06:56:45.000Z</time>
      </trkpt>
      <trkpt lat="47.791854" lon="15.353220">
        <ele>817.249369</ele>
        <time>2026-05-12T06:56:46.000Z</time>
      </trkpt>
      <trkpt lat="47.791804" lon="15.353248">
        <ele>817.237273</ele>
        <time>2026-05-12T06:56:47.000Z</time>
      </trkpt>
      <trkpt lat="47.791756" lon="15.353267">
        <ele>817.226027</ele>
        <time>2026-05-12T06:56:48.000Z</time>
      </trkpt>
      <trkpt lat="47.791708" lon="15.353286">
        <ele>817.214781</ele>
        <time>2026-05-12T06:56:49.000Z</time>
      </trkpt>
      <trkpt lat="47.791658" lon="15.353305">
        <ele>817.203096</ele>
        <time>2026-05-12T06:56:50.000Z</time>
      </trkpt>
      <trkpt lat="47.791608" lon="15.353317">
        <ele>817.191629</ele>
        <time>2026-05-12T06:56:51.000Z</time>
      </trkpt>
      <trkpt lat="47.791558" lon="15.353327">
        <ele>817.180205</ele>
        <time>2026-05-12T06:56:52.000Z</time>
      </trkpt>
      <trkpt lat="47.791506" lon="15.353334">
        <ele>817.168383</ele>
        <time>2026-05-12T06:56:53.000Z</time>
      </trkpt>
      <trkpt lat="47.791455" lon="15.353337">
        <ele>817.164579</ele>
        <time>2026-05-12T06:56:54.000Z</time>
      </trkpt>
      <trkpt lat="47.791404" lon="15.353341">
        <ele>817.168074</ele>
        <time>2026-05-12T06:56:55.000Z</time>
      </trkpt>
      <trkpt lat="47.791362" lon="15.353345">
        <ele>817.170955</ele>
        <time>2026-05-12T06:56:56.000Z</time>
      </trkpt>
      <trkpt lat="47.791300" lon="15.353353">
        <ele>817.175214</ele>
        <time>2026-05-12T06:56:57.000Z</time>
      </trkpt>
      <trkpt lat="47.791248" lon="15.353362">
        <ele>817.178797</ele>
        <time>2026-05-12T06:56:58.000Z</time>
      </trkpt>
      <trkpt lat="47.791196" lon="15.353378">
        <ele>817.182431</ele>
        <time>2026-05-12T06:56:59.000Z</time>
      </trkpt>
      <trkpt lat="47.791145" lon="15.353391">
        <ele>817.185973</ele>
        <time>2026-05-12T06:57:00.000Z</time>
      </trkpt>
      <trkpt lat="47.791106" lon="15.353395">
        <ele>817.188648</ele>
        <time>2026-05-12T06:57:01.000Z</time>
      </trkpt>
      <trkpt lat="47.791055" lon="15.353395">
        <ele>817.192139</ele>
        <time>2026-05-12T06:57:02.000Z</time>
      </trkpt>
      <trkpt lat="47.790994" lon="15.353397">
        <ele>817.196315</ele>
        <time>2026-05-12T06:57:03.000Z</time>
      </trkpt>
      <trkpt lat="47.790944" lon="15.353396">
        <ele>817.199737</ele>
        <time>2026-05-12T06:57:04.000Z</time>
      </trkpt>
      <trkpt lat="47.790897" lon="15.353378">
        <ele>817.203059</ele>
        <time>2026-05-12T06:57:05.000Z</time>
      </trkpt>
      <trkpt lat="47.790855" lon="15.353352">
        <ele>817.206172</ele>
        <time>2026-05-12T06:57:06.000Z</time>
      </trkpt>
      <trkpt lat="47.790821" lon="15.353323">
        <ele>817.208854</ele>
        <time>2026-05-12T06:57:07.000Z</time>
      </trkpt>
      <trkpt lat="47.790770" lon="15.353281">
        <ele>817.212844</ele>
        <time>2026-05-12T06:57:08.000Z</time>
      </trkpt>
      <trkpt lat="47.790733" lon="15.353235">
        <ele>817.216143</ele>
        <time>2026-05-12T06:57:09.000Z</time>
      </trkpt>
      <trkpt lat="47.790698" lon="15.353185">
        <ele>817.219464</ele>
        <time>2026-05-12T06:57:10.000Z</time>
      </trkpt>
      <trkpt lat="47.790658" lon="15.353138">
        <ele>817.222951</ele>
        <time>2026-05-12T06:57:11.000Z</time>
      </trkpt>
      <trkpt lat="47.790617" lon="15.353096">
        <ele>817.226358</ele>
        <time>2026-05-12T06:57:12.000Z</time>
      </trkpt>
      <trkpt lat="47.790580" lon="15.353063">
        <ele>817.229310</ele>
        <time>2026-05-12T06:57:13.000Z</time>
      </trkpt>
      <trkpt lat="47.790524" lon="15.353017">
        <ele>817.233688</ele>
        <time>2026-05-12T06:57:14.000Z</time>
      </trkpt>
      <trkpt lat="47.790478" lon="15.352981">
        <ele>817.237245</ele>
        <time>2026-05-12T06:57:15.000Z</time>
      </trkpt>
      <trkpt lat="47.790442" lon="15.352952">
        <ele>817.240047</ele>
        <time>2026-05-12T06:57:16.000Z</time>
      </trkpt>
      <trkpt lat="47.790398" lon="15.352923">
        <ele>817.243340</ele>
        <time>2026-05-12T06:57:17.000Z</time>
      </trkpt>
      <trkpt lat="47.790344" lon="15.352894">
        <ele>817.247269</ele>
        <time>2026-05-12T06:57:18.000Z</time>
      </trkpt>
      <trkpt lat="47.790294" lon="15.352878">
        <ele>817.250770</ele>
        <time>2026-05-12T06:57:19.000Z</time>
      </trkpt>
      <trkpt lat="47.790245" lon="15.352863">
        <ele>817.254194</ele>
        <time>2026-05-12T06:57:20.000Z</time>
      </trkpt>
      <trkpt lat="47.790197" lon="15.352848">
        <ele>817.257551</ele>
        <time>2026-05-12T06:57:21.000Z</time>
      </trkpt>
      <trkpt lat="47.790150" lon="15.352832">
        <ele>817.260850</ele>
        <time>2026-05-12T06:57:22.000Z</time>
      </trkpt>
      <trkpt lat="47.790102" lon="15.352820">
        <ele>817.264182</ele>
        <time>2026-05-12T06:57:23.000Z</time>
      </trkpt>
      <trkpt lat="47.790054" lon="15.352807">
        <ele>817.267521</ele>
        <time>2026-05-12T06:57:24.000Z</time>
      </trkpt>
      <trkpt lat="47.790007" lon="15.352800">
        <ele>817.270754</ele>
        <time>2026-05-12T06:57:25.000Z</time>
      </trkpt>
      <trkpt lat="47.789960" lon="15.352788">
        <ele>817.274018</ele>
        <time>2026-05-12T06:57:26.000Z</time>
      </trkpt>
      <trkpt lat="47.789913" lon="15.352778">
        <ele>817.277267</ele>
        <time>2026-05-12T06:57:27.000Z</time>
      </trkpt>
      <trkpt lat="47.789867" lon="15.352761">
        <ele>817.280511</ele>
        <time>2026-05-12T06:57:28.000Z</time>
      </trkpt>
      <trkpt lat="47.789822" lon="15.352744">
        <ele>817.283689</ele>
        <time>2026-05-12T06:57:29.000Z</time>
      </trkpt>
      <trkpt lat="47.789774" lon="15.352734">
        <ele>817.259220</ele>
        <time>2026-05-12T06:57:30.000Z</time>
      </trkpt>
      <trkpt lat="47.789728" lon="15.352716">
        <ele>817.181861</ele>
        <time>2026-05-12T06:57:31.000Z</time>
      </trkpt>
      <trkpt lat="47.789682" lon="15.352696">
        <ele>817.103918</ele>
        <time>2026-05-12T06:57:32.000Z</time>
      </trkpt>
      <trkpt lat="47.789636" lon="15.352674">
        <ele>817.025334</ele>
        <time>2026-05-12T06:57:33.000Z</time>
      </trkpt>
      <trkpt lat="47.789589" lon="15.352653">
        <ele>816.945520</ele>
        <time>2026-05-12T06:57:34.000Z</time>
      </trkpt>
      <trkpt lat="47.789548" lon="15.352606">
        <ele>816.861350</ele>
        <time>2026-05-12T06:57:35.000Z</time>
      </trkpt>
      <trkpt lat="47.789510" lon="15.352555">
        <ele>816.778130</ele>
        <time>2026-05-12T06:57:36.000Z</time>
      </trkpt>
      <trkpt lat="47.789469" lon="15.352505">
        <ele>816.691920</ele>
        <time>2026-05-12T06:57:37.000Z</time>
      </trkpt>
      <trkpt lat="47.789425" lon="15.352462">
        <ele>816.606309</ele>
        <time>2026-05-12T06:57:38.000Z</time>
      </trkpt>
      <trkpt lat="47.789379" lon="15.352419">
        <ele>816.517961</ele>
        <time>2026-05-12T06:57:39.000Z</time>
      </trkpt>
      <trkpt lat="47.789334" lon="15.352374">
        <ele>816.429786</ele>
        <time>2026-05-12T06:57:40.000Z</time>
      </trkpt>
      <trkpt lat="47.789288" lon="15.352327">
        <ele>816.339037</ele>
        <time>2026-05-12T06:57:41.000Z</time>
      </trkpt>
      <trkpt lat="47.789243" lon="15.352271">
        <ele>816.243635</ele>
        <time>2026-05-12T06:57:42.000Z</time>
      </trkpt>
      <trkpt lat="47.789202" lon="15.352211">
        <ele>816.150117</ele>
        <time>2026-05-12T06:57:43.000Z</time>
      </trkpt>
      <trkpt lat="47.789163" lon="15.352148">
        <ele>816.056507</ele>
        <time>2026-05-12T06:57:44.000Z</time>
      </trkpt>
      <trkpt lat="47.789122" lon="15.352081">
        <ele>815.957476</ele>
        <time>2026-05-12T06:57:45.000Z</time>
      </trkpt>
      <trkpt lat="47.789081" lon="15.352011">
        <ele>815.855997</ele>
        <time>2026-05-12T06:57:46.000Z</time>
      </trkpt>
      <trkpt lat="47.789038" lon="15.351941">
        <ele>815.752351</ele>
        <time>2026-05-12T06:57:47.000Z</time>
      </trkpt>
      <trkpt lat="47.788996" lon="15.351867">
        <ele>815.646496</ele>
        <time>2026-05-12T06:57:48.000Z</time>
      </trkpt>
      <trkpt lat="47.788954" lon="15.351789">
        <ele>815.537265</ele>
        <time>2026-05-12T06:57:49.000Z</time>
      </trkpt>
      <trkpt lat="47.788912" lon="15.351707">
        <ele>815.424591</ele>
        <time>2026-05-12T06:57:50.000Z</time>
      </trkpt>
      <trkpt lat="47.788867" lon="15.351625">
        <ele>815.308892</ele>
        <time>2026-05-12T06:57:51.000Z</time>
      </trkpt>
      <trkpt lat="47.788821" lon="15.351540">
        <ele>815.189624</ele>
        <time>2026-05-12T06:57:52.000Z</time>
      </trkpt>
      <trkpt lat="47.788777" lon="15.351459">
        <ele>815.075799</ele>
        <time>2026-05-12T06:57:53.000Z</time>
      </trkpt>
      <trkpt lat="47.788723" lon="15.351383">
        <ele>814.954923</ele>
        <time>2026-05-12T06:57:54.000Z</time>
      </trkpt>
      <trkpt lat="47.788663" lon="15.351315">
        <ele>814.832265</ele>
        <time>2026-05-12T06:57:55.000Z</time>
      </trkpt>
      <trkpt lat="47.788595" lon="15.351263">
        <ele>814.707923</ele>
        <time>2026-05-12T06:57:56.000Z</time>
      </trkpt>
      <trkpt lat="47.788523" lon="15.351231">
        <ele>814.585709</ele>
        <time>2026-05-12T06:57:57.000Z</time>
      </trkpt>
      <trkpt lat="47.788448" lon="15.351216">
        <ele>814.462629</ele>
        <time>2026-05-12T06:57:58.000Z</time>
      </trkpt>
      <trkpt lat="47.788373" lon="15.351212">
        <ele>814.341540</ele>
        <time>2026-05-12T06:57:59.000Z</time>
      </trkpt>
      <trkpt lat="47.788296" lon="15.351216">
        <ele>814.222352</ele>
        <time>2026-05-12T06:58:00.000Z</time>
      </trkpt>
      <trkpt lat="47.788222" lon="15.351224">
        <ele>814.107577</ele>
        <time>2026-05-12T06:58:01.000Z</time>
      </trkpt>
      <trkpt lat="47.788150" lon="15.351232">
        <ele>813.995887</ele>
        <time>2026-05-12T06:58:02.000Z</time>
      </trkpt>
      <trkpt lat="47.788076" lon="15.351249">
        <ele>813.880057</ele>
        <time>2026-05-12T06:58:03.000Z</time>
      </trkpt>
      <trkpt lat="47.788007" lon="15.351263">
        <ele>813.772330</ele>
        <time>2026-05-12T06:58:04.000Z</time>
      </trkpt>
      <trkpt lat="47.787942" lon="15.351273">
        <ele>813.671243</ele>
        <time>2026-05-12T06:58:05.000Z</time>
      </trkpt>
      <trkpt lat="47.787874" lon="15.351292">
        <ele>813.564213</ele>
        <time>2026-05-12T06:58:06.000Z</time>
      </trkpt>
      <trkpt lat="47.787811" lon="15.351310">
        <ele>813.464976</ele>
        <time>2026-05-12T06:58:07.000Z</time>
      </trkpt>
      <trkpt lat="47.787749" lon="15.351328">
        <ele>813.367258</ele>
        <time>2026-05-12T06:58:08.000Z</time>
      </trkpt>
      <trkpt lat="47.787683" lon="15.351350">
        <ele>813.262630</ele>
        <time>2026-05-12T06:58:09.000Z</time>
      </trkpt>
      <trkpt lat="47.787620" lon="15.351379">
        <ele>813.160618</ele>
        <time>2026-05-12T06:58:10.000Z</time>
      </trkpt>
      <trkpt lat="47.787561" lon="15.351402">
        <ele>813.066269</ele>
        <time>2026-05-12T06:58:11.000Z</time>
      </trkpt>
      <trkpt lat="47.787504" lon="15.351423">
        <ele>812.975432</ele>
        <time>2026-05-12T06:58:12.000Z</time>
      </trkpt>
      <trkpt lat="47.787447" lon="15.351441">
        <ele>812.885293</ele>
        <time>2026-05-12T06:58:13.000Z</time>
      </trkpt>
      <trkpt lat="47.787391" lon="15.351455">
        <ele>812.797450</ele>
        <time>2026-05-12T06:58:14.000Z</time>
      </trkpt>
      <trkpt lat="47.787333" lon="15.351462">
        <ele>812.707433</ele>
        <time>2026-05-12T06:58:15.000Z</time>
      </trkpt>
      <trkpt lat="47.787280" lon="15.351451">
        <ele>812.624651</ele>
        <time>2026-05-12T06:58:16.000Z</time>
      </trkpt>
      <trkpt lat="47.787225" lon="15.351434">
        <ele>812.537754</ele>
        <time>2026-05-12T06:58:17.000Z</time>
      </trkpt>
      <trkpt lat="47.787174" lon="15.351395">
        <ele>812.449055</ele>
        <time>2026-05-12T06:58:18.000Z</time>
      </trkpt>
      <trkpt lat="47.787126" lon="15.351360">
        <ele>812.366370</ele>
        <time>2026-05-12T06:58:19.000Z</time>
      </trkpt>
      <trkpt lat="47.787074" lon="15.351348">
        <ele>812.284967</ele>
        <time>2026-05-12T06:58:20.000Z</time>
      </trkpt>
      <trkpt lat="47.787021" lon="15.351340">
        <ele>812.202559</ele>
        <time>2026-05-12T06:58:21.000Z</time>
      </trkpt>
      <trkpt lat="47.786969" lon="15.351335">
        <ele>812.121950</ele>
        <time>2026-05-12T06:58:22.000Z</time>
      </trkpt>
      <trkpt lat="47.786915" lon="15.351331">
        <ele>812.038311</ele>
        <time>2026-05-12T06:58:23.000Z</time>
      </trkpt>
      <trkpt lat="47.786862" lon="15.351332">
        <ele>811.956316</ele>
        <time>2026-05-12T06:58:24.000Z</time>
      </trkpt>
      <trkpt lat="47.786810" lon="15.351334">
        <ele>811.875848</ele>
        <time>2026-05-12T06:58:25.000Z</time>
      </trkpt>
      <trkpt lat="47.786758" lon="15.351334">
        <ele>811.795407</ele>
        <time>2026-05-12T06:58:26.000Z</time>
      </trkpt>
      <trkpt lat="47.786707" lon="15.351336">
        <ele>811.716485</ele>
        <time>2026-05-12T06:58:27.000Z</time>
      </trkpt>
      <trkpt lat="47.786655" lon="15.351336">
        <ele>811.636044</ele>
        <time>2026-05-12T06:58:28.000Z</time>
      </trkpt>
      <trkpt lat="47.786600" lon="15.351335">
        <ele>811.571893</ele>
        <time>2026-05-12T06:58:29.000Z</time>
      </trkpt>
      <trkpt lat="47.786546" lon="15.351331">
        <ele>811.552839</ele>
        <time>2026-05-12T06:58:30.000Z</time>
      </trkpt>
      <trkpt lat="47.786489" lon="15.351326">
        <ele>811.532716</ele>
        <time>2026-05-12T06:58:31.000Z</time>
      </trkpt>
      <trkpt lat="47.786433" lon="15.351322">
        <ele>811.512958</ele>
        <time>2026-05-12T06:58:32.000Z</time>
      </trkpt>
      <trkpt lat="47.786378" lon="15.351314">
        <ele>811.493482</ele>
        <time>2026-05-12T06:58:33.000Z</time>
      </trkpt>
      <trkpt lat="47.786322" lon="15.351302">
        <ele>811.473543</ele>
        <time>2026-05-12T06:58:34.000Z</time>
      </trkpt>
      <trkpt lat="47.786278" lon="15.351290">
        <ele>811.457779</ele>
        <time>2026-05-12T06:58:35.000Z</time>
      </trkpt>
      <trkpt lat="47.786212" lon="15.351266">
        <ele>811.433835</ele>
        <time>2026-05-12T06:58:36.000Z</time>
      </trkpt>
      <trkpt lat="47.786159" lon="15.351241">
        <ele>811.414241</ele>
        <time>2026-05-12T06:58:37.000Z</time>
      </trkpt>
      <trkpt lat="47.786108" lon="15.351216">
        <ele>811.395318</ele>
        <time>2026-05-12T06:58:38.000Z</time>
      </trkpt>
      <trkpt lat="47.786058" lon="15.351185">
        <ele>811.376229</ele>
        <time>2026-05-12T06:58:39.000Z</time>
      </trkpt>
      <trkpt lat="47.786009" lon="15.351154">
        <ele>811.357465</ele>
        <time>2026-05-12T06:58:40.000Z</time>
      </trkpt>
      <trkpt lat="47.785959" lon="15.351122">
        <ele>811.338283</ele>
        <time>2026-05-12T06:58:41.000Z</time>
      </trkpt>
      <trkpt lat="47.785909" lon="15.351085">
        <ele>811.318605</ele>
        <time>2026-05-12T06:58:42.000Z</time>
      </trkpt>
      <trkpt lat="47.785862" lon="15.351043">
        <ele>811.299284</ele>
        <time>2026-05-12T06:58:43.000Z</time>
      </trkpt>
      <trkpt lat="47.785815" lon="15.350998">
        <ele>811.279589</ele>
        <time>2026-05-12T06:58:44.000Z</time>
      </trkpt>
      <trkpt lat="47.785771" lon="15.350946">
        <ele>811.259788</ele>
        <time>2026-05-12T06:58:45.000Z</time>
      </trkpt>
      <trkpt lat="47.785729" lon="15.350890">
        <ele>811.239916</ele>
        <time>2026-05-12T06:58:46.000Z</time>
      </trkpt>
      <trkpt lat="47.785686" lon="15.350833">
        <ele>811.219622</ele>
        <time>2026-05-12T06:58:47.000Z</time>
      </trkpt>
      <trkpt lat="47.785646" lon="15.350776">
        <ele>811.200106</ele>
        <time>2026-05-12T06:58:48.000Z</time>
      </trkpt>
      <trkpt lat="47.785611" lon="15.350713">
        <ele>811.180749</ele>
        <time>2026-05-12T06:58:49.000Z</time>
      </trkpt>
      <trkpt lat="47.785579" lon="15.350649">
        <ele>811.161858</ele>
        <time>2026-05-12T06:58:50.000Z</time>
      </trkpt>
      <trkpt lat="47.785546" lon="15.350590">
        <ele>811.143680</ele>
        <time>2026-05-12T06:58:51.000Z</time>
      </trkpt>
      <trkpt lat="47.785514" lon="15.350530">
        <ele>811.125541</ele>
        <time>2026-05-12T06:58:52.000Z</time>
      </trkpt>
      <trkpt lat="47.785482" lon="15.350462">
        <ele>811.105882</ele>
        <time>2026-05-12T06:58:53.000Z</time>
      </trkpt>
      <trkpt lat="47.785449" lon="15.350397">
        <ele>811.086591</ele>
        <time>2026-05-12T06:58:54.000Z</time>
      </trkpt>
      <trkpt lat="47.785415" lon="15.350333">
        <ele>811.067271</ele>
        <time>2026-05-12T06:58:55.000Z</time>
      </trkpt>
      <trkpt lat="47.785380" lon="15.350267">
        <ele>811.047362</ele>
        <time>2026-05-12T06:58:56.000Z</time>
      </trkpt>
      <trkpt lat="47.785346" lon="15.350202">
        <ele>811.027856</ele>
        <time>2026-05-12T06:58:57.000Z</time>
      </trkpt>
      <trkpt lat="47.785313" lon="15.350131">
        <ele>811.007413</ele>
        <time>2026-05-12T06:58:58.000Z</time>
      </trkpt>
      <trkpt lat="47.785277" lon="15.350065">
        <ele>810.987283</ele>
        <time>2026-05-12T06:58:59.000Z</time>
      </trkpt>
      <trkpt lat="47.785243" lon="15.350000">
        <ele>810.967777</ele>
        <time>2026-05-12T06:59:00.000Z</time>
      </trkpt>
      <trkpt lat="47.785209" lon="15.349937">
        <ele>810.948643</ele>
        <time>2026-05-12T06:59:01.000Z</time>
      </trkpt>
      <trkpt lat="47.785169" lon="15.349882">
        <ele>810.934174</ele>
        <time>2026-05-12T06:59:02.000Z</time>
      </trkpt>
      <trkpt lat="47.785125" lon="15.349834">
        <ele>810.921109</ele>
        <time>2026-05-12T06:59:03.000Z</time>
      </trkpt>
      <trkpt lat="47.785082" lon="15.349787">
        <ele>810.908332</ele>
        <time>2026-05-12T06:59:04.000Z</time>
      </trkpt>
      <trkpt lat="47.785035" lon="15.349747">
        <ele>810.895366</ele>
        <time>2026-05-12T06:59:05.000Z</time>
      </trkpt>
      <trkpt lat="47.784986" lon="15.349711">
        <ele>810.882279</ele>
        <time>2026-05-12T06:59:06.000Z</time>
      </trkpt>
      <trkpt lat="47.784936" lon="15.349678">
        <ele>810.869179</ele>
        <time>2026-05-12T06:59:07.000Z</time>
      </trkpt>
      <trkpt lat="47.784882" lon="15.349652">
        <ele>810.855587</ele>
        <time>2026-05-12T06:59:08.000Z</time>
      </trkpt>
      <trkpt lat="47.784824" lon="15.349635">
        <ele>810.841430</ele>
        <time>2026-05-12T06:59:09.000Z</time>
      </trkpt>
      <trkpt lat="47.784764" lon="15.349622">
        <ele>810.826909</ele>
        <time>2026-05-12T06:59:10.000Z</time>
      </trkpt>
      <trkpt lat="47.784706" lon="15.349611">
        <ele>810.812906</ele>
        <time>2026-05-12T06:59:11.000Z</time>
      </trkpt>
      <trkpt lat="47.784647" lon="15.349613">
        <ele>810.798773</ele>
        <time>2026-05-12T06:59:12.000Z</time>
      </trkpt>
      <trkpt lat="47.784595" lon="15.349580">
        <ele>810.785234</ele>
        <time>2026-05-12T06:59:13.000Z</time>
      </trkpt>
      <trkpt lat="47.784540" lon="15.349558">
        <ele>810.771595</ele>
        <time>2026-05-12T06:59:14.000Z</time>
      </trkpt>
      <trkpt lat="47.784492" lon="15.349542">
        <ele>810.759815</ele>
        <time>2026-05-12T06:59:15.000Z</time>
      </trkpt>
      <trkpt lat="47.784437" lon="15.349528">
        <ele>810.746451</ele>
        <time>2026-05-12T06:59:16.000Z</time>
      </trkpt>
      <trkpt lat="47.784383" lon="15.349522">
        <ele>810.733483</ele>
        <time>2026-05-12T06:59:17.000Z</time>
      </trkpt>
      <trkpt lat="47.784331" lon="15.349518">
        <ele>810.721013</ele>
        <time>2026-05-12T06:59:18.000Z</time>
      </trkpt>
      <trkpt lat="47.784278" lon="15.349520">
        <ele>810.708316</ele>
        <time>2026-05-12T06:59:19.000Z</time>
      </trkpt>
      <trkpt lat="47.784225" lon="15.349530">
        <ele>810.695521</ele>
        <time>2026-05-12T06:59:20.000Z</time>
      </trkpt>
      <trkpt lat="47.784171" lon="15.349543">
        <ele>810.682421</ele>
        <time>2026-05-12T06:59:21.000Z</time>
      </trkpt>
      <trkpt lat="47.784117" lon="15.349563">
        <ele>810.669094</ele>
        <time>2026-05-12T06:59:22.000Z</time>
      </trkpt>
      <trkpt lat="47.784064" lon="15.349594">
        <ele>810.655456</ele>
        <time>2026-05-12T06:59:23.000Z</time>
      </trkpt>
      <trkpt lat="47.784013" lon="15.349632">
        <ele>810.641797</ele>
        <time>2026-05-12T06:59:24.000Z</time>
      </trkpt>
      <trkpt lat="47.783964" lon="15.349676">
        <ele>810.628091</ele>
        <time>2026-05-12T06:59:25.000Z</time>
      </trkpt>
      <trkpt lat="47.783927" lon="15.349714">
        <ele>810.617325</ele>
        <time>2026-05-12T06:59:26.000Z</time>
      </trkpt>
      <trkpt lat="47.783882" lon="15.349761">
        <ele>810.604159</ele>
        <time>2026-05-12T06:59:27.000Z</time>
      </trkpt>
      <trkpt lat="47.783832" lon="15.349819">
        <ele>810.588976</ele>
        <time>2026-05-12T06:59:28.000Z</time>
      </trkpt>
      <trkpt lat="47.783801" lon="15.349863">
        <ele>810.578717</ele>
        <time>2026-05-12T06:59:29.000Z</time>
      </trkpt>
      <trkpt lat="47.783757" lon="15.349932">
        <ele>810.563409</ele>
        <time>2026-05-12T06:59:30.000Z</time>
      </trkpt>
      <trkpt lat="47.783718" lon="15.349992">
        <ele>810.549976</ele>
        <time>2026-05-12T06:59:31.000Z</time>
      </trkpt>
      <trkpt lat="47.783680" lon="15.350050">
        <ele>810.536940</ele>
        <time>2026-05-12T06:59:32.000Z</time>
      </trkpt>
      <trkpt lat="47.783643" lon="15.350110">
        <ele>810.523835</ele>
        <time>2026-05-12T06:59:33.000Z</time>
      </trkpt>
      <trkpt lat="47.783603" lon="15.350166">
        <ele>810.503807</ele>
        <time>2026-05-12T06:59:34.000Z</time>
      </trkpt>
      <trkpt lat="47.783559" lon="15.350220">
        <ele>810.456020</ele>
        <time>2026-05-12T06:59:35.000Z</time>
      </trkpt>
      <trkpt lat="47.783513" lon="15.350272">
        <ele>810.407618</ele>
        <time>2026-05-12T06:59:36.000Z</time>
      </trkpt>
      <trkpt lat="47.783467" lon="15.350315">
        <ele>810.362102</ele>
        <time>2026-05-12T06:59:37.000Z</time>
      </trkpt>
      <trkpt lat="47.783418" lon="15.350356">
        <ele>810.315001</ele>
        <time>2026-05-12T06:59:38.000Z</time>
      </trkpt>
      <trkpt lat="47.783366" lon="15.350386">
        <ele>810.268271</ele>
        <time>2026-05-12T06:59:39.000Z</time>
      </trkpt>
      <trkpt lat="47.783314" lon="15.350411">
        <ele>810.222483</ele>
        <time>2026-05-12T06:59:40.000Z</time>
      </trkpt>
      <trkpt lat="47.783250" lon="15.350433">
        <ele>810.167445</ele>
        <time>2026-05-12T06:59:41.000Z</time>
      </trkpt>
      <trkpt lat="47.783208" lon="15.350440">
        <ele>810.132033</ele>
        <time>2026-05-12T06:59:42.000Z</time>
      </trkpt>
      <trkpt lat="47.783152" lon="15.350450">
        <ele>810.084774</ele>
        <time>2026-05-12T06:59:43.000Z</time>
      </trkpt>
      <trkpt lat="47.783095" lon="15.350452">
        <ele>810.037000</ele>
        <time>2026-05-12T06:59:44.000Z</time>
      </trkpt>
      <trkpt lat="47.783037" lon="15.350454">
        <ele>809.988389</ele>
        <time>2026-05-12T06:59:45.000Z</time>
      </trkpt>
      <trkpt lat="47.782979" lon="15.350453">
        <ele>809.939787</ele>
        <time>2026-05-12T06:59:46.000Z</time>
      </trkpt>
      <trkpt lat="47.782923" lon="15.350453">
        <ele>809.892865</ele>
        <time>2026-05-12T06:59:47.000Z</time>
      </trkpt>
      <trkpt lat="47.782868" lon="15.350454">
        <ele>809.846777</ele>
        <time>2026-05-12T06:59:48.000Z</time>
      </trkpt>
      <trkpt lat="47.782811" lon="15.350452">
        <ele>809.799003</ele>
        <time>2026-05-12T06:59:49.000Z</time>
      </trkpt>
      <trkpt lat="47.782740" lon="15.350444">
        <ele>809.739342</ele>
        <time>2026-05-12T06:59:50.000Z</time>
      </trkpt>
      <trkpt lat="47.782679" lon="15.350436">
        <ele>809.688032</ele>
        <time>2026-05-12T06:59:51.000Z</time>
      </trkpt>
      <trkpt lat="47.782630" lon="15.350432">
        <ele>809.646913</ele>
        <time>2026-05-12T06:59:52.000Z</time>
      </trkpt>
      <trkpt lat="47.782558" lon="15.350426">
        <ele>809.586489</ele>
        <time>2026-05-12T06:59:53.000Z</time>
      </trkpt>
      <trkpt lat="47.782510" lon="15.350419">
        <ele>809.546077</ele>
        <time>2026-05-12T06:59:54.000Z</time>
      </trkpt>
      <trkpt lat="47.782447" lon="15.350412">
        <ele>809.493143</ele>
        <time>2026-05-12T06:59:55.000Z</time>
      </trkpt>
      <trkpt lat="47.782371" lon="15.350401">
        <ele>809.429162</ele>
        <time>2026-05-12T06:59:56.000Z</time>
      </trkpt>
      <trkpt lat="47.782309" lon="15.350385">
        <ele>809.376436</ele>
        <time>2026-05-12T06:59:57.000Z</time>
      </trkpt>
      <trkpt lat="47.782261" lon="15.350365">
        <ele>809.334670</ele>
        <time>2026-05-12T06:59:58.000Z</time>
      </trkpt>
      <trkpt lat="47.782190" lon="15.350331">
        <ele>809.272175</ele>
        <time>2026-05-12T06:59:59.000Z</time>
      </trkpt>
      <trkpt lat="47.782135" lon="15.350298">
        <ele>809.222486</ele>
        <time>2026-05-12T07:00:00.000Z</time>
      </trkpt>
      <trkpt lat="47.782092" lon="15.350268">
        <ele>809.182694</ele>
        <time>2026-05-12T07:00:01.000Z</time>
      </trkpt>
      <trkpt lat="47.782031" lon="15.350214">
        <ele>809.123223</ele>
        <time>2026-05-12T07:00:02.000Z</time>
      </trkpt>
      <trkpt lat="47.781983" lon="15.350165">
        <ele>809.074450</ele>
        <time>2026-05-12T07:00:03.000Z</time>
      </trkpt>
      <trkpt lat="47.781943" lon="15.350122">
        <ele>809.033105</ele>
        <time>2026-05-12T07:00:04.000Z</time>
      </trkpt>
      <trkpt lat="47.781895" lon="15.350067">
        <ele>809.002358</ele>
        <time>2026-05-12T07:00:05.000Z</time>
      </trkpt>
      <trkpt lat="47.781838" lon="15.350000">
        <ele>808.992241</ele>
        <time>2026-05-12T07:00:06.000Z</time>
      </trkpt>
      <trkpt lat="47.781790" lon="15.349942">
        <ele>808.983629</ele>
        <time>2026-05-12T07:00:07.000Z</time>
      </trkpt>
      <trkpt lat="47.781747" lon="15.349876">
        <ele>808.975025</ele>
        <time>2026-05-12T07:00:08.000Z</time>
      </trkpt>
      <trkpt lat="47.781705" lon="15.349809">
        <ele>808.966450</ele>
        <time>2026-05-12T07:00:09.000Z</time>
      </trkpt>
      <trkpt lat="47.781671" lon="15.349752">
        <ele>808.959316</ele>
        <time>2026-05-12T07:00:10.000Z</time>
      </trkpt>
      <trkpt lat="47.781620" lon="15.349671">
        <ele>808.948927</ele>
        <time>2026-05-12T07:00:11.000Z</time>
      </trkpt>
      <trkpt lat="47.781581" lon="15.349605">
        <ele>808.940702</ele>
        <time>2026-05-12T07:00:12.000Z</time>
      </trkpt>
      <trkpt lat="47.781550" lon="15.349554">
        <ele>808.934265</ele>
        <time>2026-05-12T07:00:13.000Z</time>
      </trkpt>
      <trkpt lat="47.781502" lon="15.349479">
        <ele>808.924572</ele>
        <time>2026-05-12T07:00:14.000Z</time>
      </trkpt>
      <trkpt lat="47.781461" lon="15.349414">
        <ele>808.916228</ele>
        <time>2026-05-12T07:00:15.000Z</time>
      </trkpt>
      <trkpt lat="47.781420" lon="15.349357">
        <ele>808.908413</ele>
        <time>2026-05-12T07:00:16.000Z</time>
      </trkpt>
      <trkpt lat="47.781376" lon="15.349300">
        <ele>808.900288</ele>
        <time>2026-05-12T07:00:17.000Z</time>
      </trkpt>
      <trkpt lat="47.781339" lon="15.349259">
        <ele>808.893863</ele>
        <time>2026-05-12T07:00:18.000Z</time>
      </trkpt>
      <trkpt lat="47.781294" lon="15.349209">
        <ele>808.886041</ele>
        <time>2026-05-12T07:00:19.000Z</time>
      </trkpt>
      <trkpt lat="47.781241" lon="15.349150">
        <ele>808.876822</ele>
        <time>2026-05-12T07:00:20.000Z</time>
      </trkpt>
      <trkpt lat="47.781198" lon="15.349104">
        <ele>808.869446</ele>
        <time>2026-05-12T07:00:21.000Z</time>
      </trkpt>
      <trkpt lat="47.781160" lon="15.349073">
        <ele>808.863410</ele>
        <time>2026-05-12T07:00:22.000Z</time>
      </trkpt>
      <trkpt lat="47.781110" lon="15.349038">
        <ele>808.855714</ele>
        <time>2026-05-12T07:00:23.000Z</time>
      </trkpt>
      <trkpt lat="47.781053" lon="15.348996">
        <ele>808.846855</ele>
        <time>2026-05-12T07:00:24.000Z</time>
      </trkpt>
      <trkpt lat="47.781013" lon="15.348969">
        <ele>808.840737</ele>
        <time>2026-05-12T07:00:25.000Z</time>
      </trkpt>
      <trkpt lat="47.780962" lon="15.348941">
        <ele>808.833166</ele>
        <time>2026-05-12T07:00:26.000Z</time>
      </trkpt>
      <trkpt lat="47.780909" lon="15.348921">
        <ele>808.825550</ele>
        <time>2026-05-12T07:00:27.000Z</time>
      </trkpt>
      <trkpt lat="47.780853" lon="15.348909">
        <ele>808.817670</ele>
        <time>2026-05-12T07:00:28.000Z</time>
      </trkpt>
      <trkpt lat="47.780796" lon="15.348905">
        <ele>808.809722</ele>
        <time>2026-05-12T07:00:29.000Z</time>
      </trkpt>
      <trkpt lat="47.780727" lon="15.348908">
        <ele>808.800108</ele>
        <time>2026-05-12T07:00:30.000Z</time>
      </trkpt>
      <trkpt lat="47.780681" lon="15.348922">
        <ele>808.793568</ele>
        <time>2026-05-12T07:00:31.000Z</time>
      </trkpt>
      <trkpt lat="47.780622" lon="15.348940">
        <ele>808.785180</ele>
        <time>2026-05-12T07:00:32.000Z</time>
      </trkpt>
      <trkpt lat="47.780563" lon="15.348956">
        <ele>808.776826</ele>
        <time>2026-05-12T07:00:33.000Z</time>
      </trkpt>
      <trkpt lat="47.780505" lon="15.348973">
        <ele>808.768593</ele>
        <time>2026-05-12T07:00:34.000Z</time>
      </trkpt>
      <trkpt lat="47.780447" lon="15.348991">
        <ele>808.760341</ele>
        <time>2026-05-12T07:00:35.000Z</time>
      </trkpt>
      <trkpt lat="47.780390" lon="15.349013">
        <ele>808.741291</ele>
        <time>2026-05-12T07:00:36.000Z</time>
      </trkpt>
      <trkpt lat="47.780331" lon="15.349038">
        <ele>808.707624</ele>
        <time>2026-05-12T07:00:37.000Z</time>
      </trkpt>
      <trkpt lat="47.780272" lon="15.349059">
        <ele>808.674330</ele>
        <time>2026-05-12T07:00:38.000Z</time>
      </trkpt>
      <trkpt lat="47.780213" lon="15.349066">
        <ele>808.641847</ele>
        <time>2026-05-12T07:00:39.000Z</time>
      </trkpt>
      <trkpt lat="47.780156" lon="15.349068">
        <ele>808.610555</ele>
        <time>2026-05-12T07:00:40.000Z</time>
      </trkpt>
      <trkpt lat="47.780096" lon="15.349070">
        <ele>808.577618</ele>
        <time>2026-05-12T07:00:41.000Z</time>
      </trkpt>
      <trkpt lat="47.780040" lon="15.349059">
        <ele>808.546617</ele>
        <time>2026-05-12T07:00:42.000Z</time>
      </trkpt>
      <trkpt lat="47.779984" lon="15.349046">
        <ele>808.515512</ele>
        <time>2026-05-12T07:00:43.000Z</time>
      </trkpt>
      <trkpt lat="47.779928" lon="15.349028">
        <ele>808.484069</ele>
        <time>2026-05-12T07:00:44.000Z</time>
      </trkpt>
      <trkpt lat="47.779872" lon="15.349004">
        <ele>808.452086</ele>
        <time>2026-05-12T07:00:45.000Z</time>
      </trkpt>
      <trkpt lat="47.779817" lon="15.348977">
        <ele>808.420301</ele>
        <time>2026-05-12T07:00:46.000Z</time>
      </trkpt>
      <trkpt lat="47.779763" lon="15.348945">
        <ele>808.388401</ele>
        <time>2026-05-12T07:00:47.000Z</time>
      </trkpt>
      <trkpt lat="47.779709" lon="15.348905">
        <ele>808.355296</ele>
        <time>2026-05-12T07:00:48.000Z</time>
      </trkpt>
      <trkpt lat="47.779660" lon="15.348860">
        <ele>808.323695</ele>
        <time>2026-05-12T07:00:49.000Z</time>
      </trkpt>
      <trkpt lat="47.779614" lon="15.348808">
        <ele>808.291991</ele>
        <time>2026-05-12T07:00:50.000Z</time>
      </trkpt>
      <trkpt lat="47.779573" lon="15.348749">
        <ele>808.260690</ele>
        <time>2026-05-12T07:00:51.000Z</time>
      </trkpt>
      <trkpt lat="47.779534" lon="15.348687">
        <ele>808.229370</ele>
        <time>2026-05-12T07:00:52.000Z</time>
      </trkpt>
      <trkpt lat="47.779495" lon="15.348624">
        <ele>808.197779</ele>
        <time>2026-05-12T07:00:53.000Z</time>
      </trkpt>
      <trkpt lat="47.779460" lon="15.348555">
        <ele>808.165896</ele>
        <time>2026-05-12T07:00:54.000Z</time>
      </trkpt>
      <trkpt lat="47.779426" lon="15.348486">
        <ele>808.134340</ele>
        <time>2026-05-12T07:00:55.000Z</time>
      </trkpt>
      <trkpt lat="47.779391" lon="15.348420">
        <ele>808.103333</ele>
        <time>2026-05-12T07:00:56.000Z</time>
      </trkpt>
      <trkpt lat="47.779352" lon="15.348360">
        <ele>808.072547</ele>
        <time>2026-05-12T07:00:57.000Z</time>
      </trkpt>
      <trkpt lat="47.779309" lon="15.348300">
        <ele>808.040196</ele>
        <time>2026-05-12T07:00:58.000Z</time>
      </trkpt>
      <trkpt lat="47.779265" lon="15.348242">
        <ele>808.007936</ele>
        <time>2026-05-12T07:00:59.000Z</time>
      </trkpt>
      <trkpt lat="47.779220" lon="15.348187">
        <ele>807.975977</ele>
        <time>2026-05-12T07:01:00.000Z</time>
      </trkpt>
      <trkpt lat="47.779172" lon="15.348135">
        <ele>807.943393</ele>
        <time>2026-05-12T07:01:01.000Z</time>
      </trkpt>
      <trkpt lat="47.779124" lon="15.348086">
        <ele>807.911447</ele>
        <time>2026-05-12T07:01:02.000Z</time>
      </trkpt>
      <trkpt lat="47.779072" lon="15.348039">
        <ele>807.878056</ele>
        <time>2026-05-12T07:01:03.000Z</time>
      </trkpt>
      <trkpt lat="47.779018" lon="15.347998">
        <ele>807.844785</ele>
        <time>2026-05-12T07:01:04.000Z</time>
      </trkpt>
      <trkpt lat="47.778960" lon="15.347965">
        <ele>807.810706</ele>
        <time>2026-05-12T07:01:05.000Z</time>
      </trkpt>
      <trkpt lat="47.778905" lon="15.347937">
        <ele>807.778804</ele>
        <time>2026-05-12T07:01:06.000Z</time>
      </trkpt>
      <trkpt lat="47.778851" lon="15.347901">
        <ele>807.758354</ele>
        <time>2026-05-12T07:01:07.000Z</time>
      </trkpt>
      <trkpt lat="47.778796" lon="15.347866">
        <ele>807.743174</ele>
        <time>2026-05-12T07:01:08.000Z</time>
      </trkpt>
      <trkpt lat="47.778744" lon="15.347829">
        <ele>807.728548</ele>
        <time>2026-05-12T07:01:09.000Z</time>
      </trkpt>
      <trkpt lat="47.778687" lon="15.347809">
        <ele>807.713687</ele>
        <time>2026-05-12T07:01:10.000Z</time>
      </trkpt>
      <trkpt lat="47.778630" lon="15.347795">
        <ele>807.699027</ele>
        <time>2026-05-12T07:01:11.000Z</time>
      </trkpt>
      <trkpt lat="47.778577" lon="15.347782">
        <ele>807.685396</ele>
        <time>2026-05-12T07:01:12.000Z</time>
      </trkpt>
      <trkpt lat="47.778523" lon="15.347770">
        <ele>807.671541</ele>
        <time>2026-05-12T07:01:13.000Z</time>
      </trkpt>
      <trkpt lat="47.778475" lon="15.347737">
        <ele>807.658123</ele>
        <time>2026-05-12T07:01:14.000Z</time>
      </trkpt>
      <trkpt lat="47.778423" lon="15.347700">
        <ele>807.643497</ele>
        <time>2026-05-12T07:01:15.000Z</time>
      </trkpt>
      <trkpt lat="47.778369" lon="15.347665">
        <ele>807.628550</ele>
        <time>2026-05-12T07:01:16.000Z</time>
      </trkpt>
      <trkpt lat="47.778314" lon="15.347641">
        <ele>807.614006</ele>
        <time>2026-05-12T07:01:17.000Z</time>
      </trkpt>
      <trkpt lat="47.778262" lon="15.347627">
        <ele>807.600596</ele>
        <time>2026-05-12T07:01:18.000Z</time>
      </trkpt>
      <trkpt lat="47.778211" lon="15.347600">
        <ele>807.586860</ele>
        <time>2026-05-12T07:01:19.000Z</time>
      </trkpt>
      <trkpt lat="47.778165" lon="15.347571">
        <ele>807.574182</ele>
        <time>2026-05-12T07:01:20.000Z</time>
      </trkpt>
      <trkpt lat="47.778118" lon="15.347549">
        <ele>807.561679</ele>
        <time>2026-05-12T07:01:21.000Z</time>
      </trkpt>
      <trkpt lat="47.778067" lon="15.347526">
        <ele>807.548156</ele>
        <time>2026-05-12T07:01:22.000Z</time>
      </trkpt>
      <trkpt lat="47.778026" lon="15.347491">
        <ele>807.536162</ele>
        <time>2026-05-12T07:01:23.000Z</time>
      </trkpt>
      <trkpt lat="47.777982" lon="15.347459">
        <ele>807.523734</ele>
        <time>2026-05-12T07:01:24.000Z</time>
      </trkpt>
      <trkpt lat="47.777944" lon="15.347428">
        <ele>807.512737</ele>
        <time>2026-05-12T07:01:25.000Z</time>
      </trkpt>
      <trkpt lat="47.777896" lon="15.347406">
        <ele>807.499992</ele>
        <time>2026-05-12T07:01:26.000Z</time>
      </trkpt>
      <trkpt lat="47.777862" lon="15.347386">
        <ele>807.490715</ele>
        <time>2026-05-12T07:01:27.000Z</time>
      </trkpt>
      <trkpt lat="47.777817" lon="15.347366">
        <ele>807.478797</ele>
        <time>2026-05-12T07:01:28.000Z</time>
      </trkpt>
      <trkpt lat="47.777772" lon="15.347347">
        <ele>807.466927</ele>
        <time>2026-05-12T07:01:29.000Z</time>
      </trkpt>
      <trkpt lat="47.777726" lon="15.347327">
        <ele>807.454766</ele>
        <time>2026-05-12T07:01:30.000Z</time>
      </trkpt>
      <trkpt lat="47.777677" lon="15.347316">
        <ele>807.442191</ele>
        <time>2026-05-12T07:01:31.000Z</time>
      </trkpt>
      <trkpt lat="47.777629" lon="15.347306">
        <ele>807.429892</ele>
        <time>2026-05-12T07:01:32.000Z</time>
      </trkpt>
      <trkpt lat="47.777581" lon="15.347304">
        <ele>807.417706</ele>
        <time>2026-05-12T07:01:33.000Z</time>
      </trkpt>
      <trkpt lat="47.777533" lon="15.347307">
        <ele>807.405515</ele>
        <time>2026-05-12T07:01:34.000Z</time>
      </trkpt>
      <trkpt lat="47.777486" lon="15.347311">
        <ele>807.393569</ele>
        <time>2026-05-12T07:01:35.000Z</time>
      </trkpt>
      <trkpt lat="47.777436" lon="15.347315">
        <ele>807.380863</ele>
        <time>2026-05-12T07:01:36.000Z</time>
      </trkpt>
      <trkpt lat="47.777379" lon="15.347319">
        <ele>807.366382</ele>
        <time>2026-05-12T07:01:37.000Z</time>
      </trkpt>
      <trkpt lat="47.777320" lon="15.347321">
        <ele>807.351406</ele>
        <time>2026-05-12T07:01:38.000Z</time>
      </trkpt>
      <trkpt lat="47.777258" lon="15.347325">
        <ele>807.335658</ele>
        <time>2026-05-12T07:01:39.000Z</time>
      </trkpt>
      <trkpt lat="47.777195" lon="15.347327">
        <ele>807.319668</ele>
        <time>2026-05-12T07:01:40.000Z</time>
      </trkpt>
      <trkpt lat="47.777134" lon="15.347327">
        <ele>807.273527</ele>
        <time>2026-05-12T07:01:41.000Z</time>
      </trkpt>
      <trkpt lat="47.777059" lon="15.347326">
        <ele>807.182284</ele>
        <time>2026-05-12T07:01:42.000Z</time>
      </trkpt>
      <trkpt lat="47.777009" lon="15.347323">
        <ele>807.121408</ele>
        <time>2026-05-12T07:01:43.000Z</time>
      </trkpt>
      <trkpt lat="47.776945" lon="15.347318">
        <ele>807.043443</ele>
        <time>2026-05-12T07:01:44.000Z</time>
      </trkpt>
      <trkpt lat="47.776884" lon="15.347317">
        <ele>806.969230</ele>
        <time>2026-05-12T07:01:45.000Z</time>
      </trkpt>
      <trkpt lat="47.776823" lon="15.347316">
        <ele>806.895017</ele>
        <time>2026-05-12T07:01:46.000Z</time>
      </trkpt>
      <trkpt lat="47.776762" lon="15.347313">
        <ele>806.820768</ele>
        <time>2026-05-12T07:01:47.000Z</time>
      </trkpt>
      <trkpt lat="47.776700" lon="15.347310">
        <ele>806.745304</ele>
        <time>2026-05-12T07:01:48.000Z</time>
      </trkpt>
      <trkpt lat="47.776637" lon="15.347306">
        <ele>806.668593</ele>
        <time>2026-05-12T07:01:49.000Z</time>
      </trkpt>
      <trkpt lat="47.776575" lon="15.347297">
        <ele>806.592810</ele>
        <time>2026-05-12T07:01:50.000Z</time>
      </trkpt>
      <trkpt lat="47.776513" lon="15.347283">
        <ele>806.516522</ele>
        <time>2026-05-12T07:01:51.000Z</time>
      </trkpt>
      <trkpt lat="47.776452" lon="15.347264">
        <ele>806.440705</ele>
        <time>2026-05-12T07:01:52.000Z</time>
      </trkpt>
      <trkpt lat="47.776392" lon="15.347239">
        <ele>806.364906</ele>
        <time>2026-05-12T07:01:53.000Z</time>
      </trkpt>
      <trkpt lat="47.776334" lon="15.347206">
        <ele>806.289365</ele>
        <time>2026-05-12T07:01:54.000Z</time>
      </trkpt>
      <trkpt lat="47.776277" lon="15.347168">
        <ele>806.213382</ele>
        <time>2026-05-12T07:01:55.000Z</time>
      </trkpt>
      <trkpt lat="47.776221" lon="15.347124">
        <ele>806.136343</ele>
        <time>2026-05-12T07:01:56.000Z</time>
      </trkpt>
      <trkpt lat="47.776167" lon="15.347073">
        <ele>806.058536</ele>
        <time>2026-05-12T07:01:57.000Z</time>
      </trkpt>
      <trkpt lat="47.776114" lon="15.347018">
        <ele>805.979929</ele>
        <time>2026-05-12T07:01:58.000Z</time>
      </trkpt>
      <trkpt lat="47.776062" lon="15.346961">
        <ele>805.901358</ele>
        <time>2026-05-12T07:01:59.000Z</time>
      </trkpt>
      <trkpt lat="47.776013" lon="15.346900">
        <ele>805.823639</ele>
        <time>2026-05-12T07:02:00.000Z</time>
      </trkpt>
      <trkpt lat="47.775967" lon="15.346838">
        <ele>805.748135</ele>
        <time>2026-05-12T07:02:01.000Z</time>
      </trkpt>
      <trkpt lat="47.775923" lon="15.346773">
        <ele>805.672709</ele>
        <time>2026-05-12T07:02:02.000Z</time>
      </trkpt>
      <trkpt lat="47.775880" lon="15.346705">
        <ele>805.596374</ele>
        <time>2026-05-12T07:02:03.000Z</time>
      </trkpt>
      <trkpt lat="47.775839" lon="15.346635">
        <ele>805.520461</ele>
        <time>2026-05-12T07:02:04.000Z</time>
      </trkpt>
      <trkpt lat="47.775798" lon="15.346565">
        <ele>805.444547</ele>
        <time>2026-05-12T07:02:05.000Z</time>
      </trkpt>
      <trkpt lat="47.775761" lon="15.346495">
        <ele>805.371738</ele>
        <time>2026-05-12T07:02:06.000Z</time>
      </trkpt>
      <trkpt lat="47.775733" lon="15.346443">
        <ele>805.317263</ele>
        <time>2026-05-12T07:02:07.000Z</time>
      </trkpt>
      <trkpt lat="47.775691" lon="15.346365">
        <ele>805.235549</ele>
        <time>2026-05-12T07:02:08.000Z</time>
      </trkpt>
      <trkpt lat="47.775657" lon="15.346300">
        <ele>805.168209</ele>
        <time>2026-05-12T07:02:09.000Z</time>
      </trkpt>
      <trkpt lat="47.775623" lon="15.346232">
        <ele>805.110976</ele>
        <time>2026-05-12T07:02:10.000Z</time>
      </trkpt>
      <trkpt lat="47.775597" lon="15.346176">
        <ele>805.081906</ele>
        <time>2026-05-12T07:02:11.000Z</time>
      </trkpt>
      <trkpt lat="47.775553" lon="15.346097">
        <ele>805.038083</ele>
        <time>2026-05-12T07:02:12.000Z</time>
      </trkpt>
      <trkpt lat="47.775512" lon="15.346037">
        <ele>805.001535</ele>
        <time>2026-05-12T07:02:13.000Z</time>
      </trkpt>
      <trkpt lat="47.775470" lon="15.345980">
        <ele>804.965408</ele>
        <time>2026-05-12T07:02:14.000Z</time>
      </trkpt>
      <trkpt lat="47.775426" lon="15.345927">
        <ele>804.929430</ele>
        <time>2026-05-12T07:02:15.000Z</time>
      </trkpt>
      <trkpt lat="47.775381" lon="15.345882">
        <ele>804.894973</ele>
        <time>2026-05-12T07:02:16.000Z</time>
      </trkpt>
      <trkpt lat="47.775332" lon="15.345846">
        <ele>804.860242</ele>
        <time>2026-05-12T07:02:17.000Z</time>
      </trkpt>
      <trkpt lat="47.775283" lon="15.345816">
        <ele>804.826567</ele>
        <time>2026-05-12T07:02:18.000Z</time>
      </trkpt>
      <trkpt lat="47.775235" lon="15.345788">
        <ele>804.793801</ele>
        <time>2026-05-12T07:02:19.000Z</time>
      </trkpt>
      <trkpt lat="47.775185" lon="15.345772">
        <ele>804.761297</ele>
        <time>2026-05-12T07:02:20.000Z</time>
      </trkpt>
      <trkpt lat="47.775133" lon="15.345765">
        <ele>804.728114</ele>
        <time>2026-05-12T07:02:21.000Z</time>
      </trkpt>
      <trkpt lat="47.775082" lon="15.345764">
        <ele>804.695699</ele>
        <time>2026-05-12T07:02:22.000Z</time>
      </trkpt>
      <trkpt lat="47.775027" lon="15.345769">
        <ele>804.660679</ele>
        <time>2026-05-12T07:02:23.000Z</time>
      </trkpt>
      <trkpt lat="47.774973" lon="15.345773">
        <ele>804.626317</ele>
        <time>2026-05-12T07:02:24.000Z</time>
      </trkpt>
      <trkpt lat="47.774920" lon="15.345779">
        <ele>804.592536</ele>
        <time>2026-05-12T07:02:25.000Z</time>
      </trkpt>
      <trkpt lat="47.774867" lon="15.345791">
        <ele>804.558465</ele>
        <time>2026-05-12T07:02:26.000Z</time>
      </trkpt>
      <trkpt lat="47.774813" lon="15.345808">
        <ele>804.523386</ele>
        <time>2026-05-12T07:02:27.000Z</time>
      </trkpt>
      <trkpt lat="47.774762" lon="15.345824">
        <ele>804.490260</ele>
        <time>2026-05-12T07:02:28.000Z</time>
      </trkpt>
      <trkpt lat="47.774714" lon="15.345837">
        <ele>804.459253</ele>
        <time>2026-05-12T07:02:29.000Z</time>
      </trkpt>
      <trkpt lat="47.774667" lon="15.345855">
        <ele>804.428409</ele>
        <time>2026-05-12T07:02:30.000Z</time>
      </trkpt>
      <trkpt lat="47.774615" lon="15.345874">
        <ele>804.394379</ele>
        <time>2026-05-12T07:02:31.000Z</time>
      </trkpt>
      <trkpt lat="47.774567" lon="15.345894">
        <ele>804.362700</ele>
        <time>2026-05-12T07:02:32.000Z</time>
      </trkpt>
      <trkpt lat="47.774519" lon="15.345920">
        <ele>804.330235</ele>
        <time>2026-05-12T07:02:33.000Z</time>
      </trkpt>
      <trkpt lat="47.774471" lon="15.345944">
        <ele>804.298053</ele>
        <time>2026-05-12T07:02:34.000Z</time>
      </trkpt>
      <trkpt lat="47.774423" lon="15.345966">
        <ele>804.266133</ele>
        <time>2026-05-12T07:02:35.000Z</time>
      </trkpt>
      <trkpt lat="47.774376" lon="15.345989">
        <ele>804.234688</ele>
        <time>2026-05-12T07:02:36.000Z</time>
      </trkpt>
      <trkpt lat="47.774328" lon="15.346014">
        <ele>804.202368</ele>
        <time>2026-05-12T07:02:37.000Z</time>
      </trkpt>
      <trkpt lat="47.774280" lon="15.346038">
        <ele>804.170185</ele>
        <time>2026-05-12T07:02:38.000Z</time>
      </trkpt>
      <trkpt lat="47.774233" lon="15.346064">
        <ele>804.138317</ele>
        <time>2026-05-12T07:02:39.000Z</time>
      </trkpt>
      <trkpt lat="47.774195" lon="15.346084">
        <ele>804.112701</ele>
        <time>2026-05-12T07:02:40.000Z</time>
      </trkpt>
      <trkpt lat="47.774149" lon="15.346106">
        <ele>804.081993</ele>
        <time>2026-05-12T07:02:41.000Z</time>
      </trkpt>
      <trkpt lat="47.774102" lon="15.346126">
        <ele>804.050925</ele>
        <time>2026-05-12T07:02:42.000Z</time>
      </trkpt>
      <trkpt lat="47.774059" lon="15.346144">
        <ele>804.022536</ele>
        <time>2026-05-12T07:02:43.000Z</time>
      </trkpt>
      <trkpt lat="47.774013" lon="15.346173">
        <ele>803.990785</ele>
        <time>2026-05-12T07:02:44.000Z</time>
      </trkpt>
      <trkpt lat="47.773968" lon="15.346198">
        <ele>803.950176</ele>
        <time>2026-05-12T07:02:45.000Z</time>
      </trkpt>
      <trkpt lat="47.773920" lon="15.346219">
        <ele>803.902965</ele>
        <time>2026-05-12T07:02:46.000Z</time>
      </trkpt>
      <trkpt lat="47.773874" lon="15.346240">
        <ele>803.857563</ele>
        <time>2026-05-12T07:02:47.000Z</time>
      </trkpt>
      <trkpt lat="47.773818" lon="15.346265">
        <ele>803.802394</ele>
        <time>2026-05-12T07:02:48.000Z</time>
      </trkpt>
      <trkpt lat="47.773772" lon="15.346283">
        <ele>803.757513</ele>
        <time>2026-05-12T07:02:49.000Z</time>
      </trkpt>
      <trkpt lat="47.773728" lon="15.346303">
        <ele>803.714100</ele>
        <time>2026-05-12T07:02:50.000Z</time>
      </trkpt>
      <trkpt lat="47.773684" lon="15.346322">
        <ele>803.670869</ele>
        <time>2026-05-12T07:02:51.000Z</time>
      </trkpt>
      <trkpt lat="47.773640" lon="15.346343">
        <ele>803.627267</ele>
        <time>2026-05-12T07:02:52.000Z</time>
      </trkpt>
      <trkpt lat="47.773597" lon="15.346362">
        <ele>803.584941</ele>
        <time>2026-05-12T07:02:53.000Z</time>
      </trkpt>
      <trkpt lat="47.773553" lon="15.346378">
        <ele>803.542201</ele>
        <time>2026-05-12T07:02:54.000Z</time>
      </trkpt>
      <trkpt lat="47.773508" lon="15.346392">
        <ele>803.498820</ele>
        <time>2026-05-12T07:02:55.000Z</time>
      </trkpt>
      <trkpt lat="47.773462" lon="15.346404">
        <ele>803.454753</ele>
        <time>2026-05-12T07:02:56.000Z</time>
      </trkpt>
      <trkpt lat="47.773415" lon="15.346412">
        <ele>803.410114</ele>
        <time>2026-05-12T07:02:57.000Z</time>
      </trkpt>
      <trkpt lat="47.773369" lon="15.346416">
        <ele>803.366635</ele>
        <time>2026-05-12T07:02:58.000Z</time>
      </trkpt>
      <trkpt lat="47.773320" lon="15.346420">
        <ele>803.320329</ele>
        <time>2026-05-12T07:02:59.000Z</time>
      </trkpt>
      <trkpt lat="47.773271" lon="15.346421">
        <ele>803.274088</ele>
        <time>2026-05-12T07:03:00.000Z</time>
      </trkpt>
      <trkpt lat="47.773221" lon="15.346418">
        <ele>803.226870</ele>
        <time>2026-05-12T07:03:01.000Z</time>
      </trkpt>
      <trkpt lat="47.773171" lon="15.346412">
        <ele>803.179536</ele>
        <time>2026-05-12T07:03:02.000Z</time>
      </trkpt>
      <trkpt lat="47.773121" lon="15.346409">
        <ele>803.132318</ele>
        <time>2026-05-12T07:03:03.000Z</time>
      </trkpt>
      <trkpt lat="47.773073" lon="15.346403">
        <ele>803.086866</ele>
        <time>2026-05-12T07:03:04.000Z</time>
      </trkpt>
      <trkpt lat="47.773014" lon="15.346388">
        <ele>803.030386</ele>
        <time>2026-05-12T07:03:05.000Z</time>
      </trkpt>
      <trkpt lat="47.772975" lon="15.346381">
        <ele>802.993319</ele>
        <time>2026-05-12T07:03:06.000Z</time>
      </trkpt>
      <trkpt lat="47.772925" lon="15.346376">
        <ele>802.946033</ele>
        <time>2026-05-12T07:03:07.000Z</time>
      </trkpt>
      <trkpt lat="47.772873" lon="15.346365">
        <ele>802.896472</ele>
        <time>2026-05-12T07:03:08.000Z</time>
      </trkpt>
      <trkpt lat="47.772821" lon="15.346351">
        <ele>802.846608</ele>
        <time>2026-05-12T07:03:09.000Z</time>
      </trkpt>
      <trkpt lat="47.772768" lon="15.346338">
        <ele>802.795923</ele>
        <time>2026-05-12T07:03:10.000Z</time>
      </trkpt>
      <trkpt lat="47.772704" lon="15.346324">
        <ele>802.734883</ele>
        <time>2026-05-12T07:03:11.000Z</time>
      </trkpt>
      <trkpt lat="47.772662" lon="15.346312">
        <ele>802.694528</ele>
        <time>2026-05-12T07:03:12.000Z</time>
      </trkpt>
      <trkpt lat="47.772598" lon="15.346290">
        <ele>802.632547</ele>
        <time>2026-05-12T07:03:13.000Z</time>
      </trkpt>
      <trkpt lat="47.772556" lon="15.346272">
        <ele>802.591304</ele>
        <time>2026-05-12T07:03:14.000Z</time>
      </trkpt>
      <trkpt lat="47.772505" lon="15.346243">
        <ele>802.539786</ele>
        <time>2026-05-12T07:03:15.000Z</time>
      </trkpt>
      <trkpt lat="47.772456" lon="15.346211">
        <ele>802.489292</ele>
        <time>2026-05-12T07:03:16.000Z</time>
      </trkpt>
      <trkpt lat="47.772410" lon="15.346178">
        <ele>802.441105</ele>
        <time>2026-05-12T07:03:17.000Z</time>
      </trkpt>
      <trkpt lat="47.772363" lon="15.346146">
        <ele>802.392333</ele>
        <time>2026-05-12T07:03:18.000Z</time>
      </trkpt>
      <trkpt lat="47.772316" lon="15.346111">
        <ele>802.342740</ele>
        <time>2026-05-12T07:03:19.000Z</time>
      </trkpt>
      <trkpt lat="47.772273" lon="15.346071">
        <ele>802.294888</ele>
        <time>2026-05-12T07:03:20.000Z</time>
      </trkpt>
      <trkpt lat="47.772229" lon="15.346031">
        <ele>802.253903</ele>
        <time>2026-05-12T07:03:21.000Z</time>
      </trkpt>
      <trkpt lat="47.772186" lon="15.345988">
        <ele>802.214982</ele>
        <time>2026-05-12T07:03:22.000Z</time>
      </trkpt>
      <trkpt lat="47.772144" lon="15.345946">
        <ele>802.176966</ele>
        <time>2026-05-12T07:03:23.000Z</time>
      </trkpt>
      <trkpt lat="47.772102" lon="15.345909">
        <ele>802.140299</ele>
        <time>2026-05-12T07:03:24.000Z</time>
      </trkpt>
      <trkpt lat="47.772059" lon="15.345874">
        <ele>802.103478</ele>
        <time>2026-05-12T07:03:25.000Z</time>
      </trkpt>
      <trkpt lat="47.772006" lon="15.345830">
        <ele>802.057884</ele>
        <time>2026-05-12T07:03:26.000Z</time>
      </trkpt>
      <trkpt lat="47.771968" lon="15.345804">
        <ele>802.026463</ele>
        <time>2026-05-12T07:03:27.000Z</time>
      </trkpt>
      <trkpt lat="47.771920" lon="15.345779">
        <ele>801.988258</ele>
        <time>2026-05-12T07:03:28.000Z</time>
      </trkpt>
      <trkpt lat="47.771871" lon="15.345755">
        <ele>801.949505</ele>
        <time>2026-05-12T07:03:29.000Z</time>
      </trkpt>
      <trkpt lat="47.771821" lon="15.345736">
        <ele>801.910737</ele>
        <time>2026-05-12T07:03:30.000Z</time>
      </trkpt>
      <trkpt lat="47.771776" lon="15.345716">
        <ele>801.875455</ele>
        <time>2026-05-12T07:03:31.000Z</time>
      </trkpt>
      <trkpt lat="47.771731" lon="15.345702">
        <ele>801.840918</ele>
        <time>2026-05-12T07:03:32.000Z</time>
      </trkpt>
      <trkpt lat="47.771684" lon="15.345691">
        <ele>801.805176</ele>
        <time>2026-05-12T07:03:33.000Z</time>
      </trkpt>
      <trkpt lat="47.771638" lon="15.345678">
        <ele>801.770001</ele>
        <time>2026-05-12T07:03:34.000Z</time>
      </trkpt>
      <trkpt lat="47.771589" lon="15.345665">
        <ele>801.732610</ele>
        <time>2026-05-12T07:03:35.000Z</time>
      </trkpt>
      <trkpt lat="47.771540" lon="15.345655">
        <ele>801.695455</ele>
        <time>2026-05-12T07:03:36.000Z</time>
      </trkpt>
      <trkpt lat="47.771491" lon="15.345648">
        <ele>801.658475</ele>
        <time>2026-05-12T07:03:37.000Z</time>
      </trkpt>
      <trkpt lat="47.771438" lon="15.345648">
        <ele>801.618659</ele>
        <time>2026-05-12T07:03:38.000Z</time>
      </trkpt>
      <trkpt lat="47.771389" lon="15.345647">
        <ele>801.581845</ele>
        <time>2026-05-12T07:03:39.000Z</time>
      </trkpt>
      <trkpt lat="47.771340" lon="15.345647">
        <ele>801.545034</ele>
        <time>2026-05-12T07:03:40.000Z</time>
      </trkpt>
      <trkpt lat="47.771291" lon="15.345648">
        <ele>801.508220</ele>
        <time>2026-05-12T07:03:41.000Z</time>
      </trkpt>
      <trkpt lat="47.771251" lon="15.345649">
        <ele>801.478166</ele>
        <time>2026-05-12T07:03:42.000Z</time>
      </trkpt>
      <trkpt lat="47.771193" lon="15.345651">
        <ele>801.434583</ele>
        <time>2026-05-12T07:03:43.000Z</time>
      </trkpt>
      <trkpt lat="47.771144" lon="15.345657">
        <ele>801.397647</ele>
        <time>2026-05-12T07:03:44.000Z</time>
      </trkpt>
      <trkpt lat="47.771093" lon="15.345666">
        <ele>801.359066</ele>
        <time>2026-05-12T07:03:45.000Z</time>
      </trkpt>
      <trkpt lat="47.771042" lon="15.345673">
        <ele>801.320590</ele>
        <time>2026-05-12T07:03:46.000Z</time>
      </trkpt>
      <trkpt lat="47.770990" lon="15.345681">
        <ele>801.281317</ele>
        <time>2026-05-12T07:03:47.000Z</time>
      </trkpt>
      <trkpt lat="47.770947" lon="15.345694">
        <ele>801.248354</ele>
        <time>2026-05-12T07:03:48.000Z</time>
      </trkpt>
      <trkpt lat="47.770883" lon="15.345722">
        <ele>801.198239</ele>
        <time>2026-05-12T07:03:49.000Z</time>
      </trkpt>
      <trkpt lat="47.770826" lon="15.345745">
        <ele>801.153872</ele>
        <time>2026-05-12T07:03:50.000Z</time>
      </trkpt>
      <trkpt lat="47.770766" lon="15.345815">
        <ele>801.096593</ele>
        <time>2026-05-12T07:03:51.000Z</time>
      </trkpt>
      <trkpt lat="47.770710" lon="15.345832">
        <ele>801.053657</ele>
        <time>2026-05-12T07:03:52.000Z</time>
      </trkpt>
      <trkpt lat="47.770656" lon="15.345836">
        <ele>801.013040</ele>
        <time>2026-05-12T07:03:53.000Z</time>
      </trkpt>
      <trkpt lat="47.770596" lon="15.345849">
        <ele>800.967490</ele>
        <time>2026-05-12T07:03:54.000Z</time>
      </trkpt>
      <trkpt lat="47.770539" lon="15.345858">
        <ele>800.930760</ele>
        <time>2026-05-12T07:03:55.000Z</time>
      </trkpt>
      <trkpt lat="47.770481" lon="15.345870">
        <ele>800.920666</ele>
        <time>2026-05-12T07:03:56.000Z</time>
      </trkpt>
      <trkpt lat="47.770420" lon="15.345886">
        <ele>800.909989</ele>
        <time>2026-05-12T07:03:57.000Z</time>
      </trkpt>
      <trkpt lat="47.770362" lon="15.345896">
        <ele>800.899924</ele>
        <time>2026-05-12T07:03:58.000Z</time>
      </trkpt>
      <trkpt lat="47.770305" lon="15.345912">
        <ele>800.889926</ele>
        <time>2026-05-12T07:03:59.000Z</time>
      </trkpt>
      <trkpt lat="47.770257" lon="15.345903">
        <ele>800.881586</ele>
        <time>2026-05-12T07:04:00.000Z</time>
      </trkpt>
      <trkpt lat="47.770207" lon="15.345909">
        <ele>800.872939</ele>
        <time>2026-05-12T07:04:01.000Z</time>
      </trkpt>
      <trkpt lat="47.770156" lon="15.345916">
        <ele>800.864111</ele>
        <time>2026-05-12T07:04:02.000Z</time>
      </trkpt>
      <trkpt lat="47.770104" lon="15.345925">
        <ele>800.855087</ele>
        <time>2026-05-12T07:04:03.000Z</time>
      </trkpt>
      <trkpt lat="47.770050" lon="15.345933">
        <ele>800.845733</ele>
        <time>2026-05-12T07:04:04.000Z</time>
      </trkpt>
      <trkpt lat="47.769995" lon="15.345945">
        <ele>800.836150</ele>
        <time>2026-05-12T07:04:05.000Z</time>
      </trkpt>
      <trkpt lat="47.769939" lon="15.345959">
        <ele>800.826362</ele>
        <time>2026-05-12T07:04:06.000Z</time>
      </trkpt>
      <trkpt lat="47.769883" lon="15.345971">
        <ele>800.816609</ele>
        <time>2026-05-12T07:04:07.000Z</time>
      </trkpt>
      <trkpt lat="47.769829" lon="15.345976">
        <ele>800.807283</ele>
        <time>2026-05-12T07:04:08.000Z</time>
      </trkpt>
      <trkpt lat="47.769776" lon="15.345971">
        <ele>800.798129</ele>
        <time>2026-05-12T07:04:09.000Z</time>
      </trkpt>
      <trkpt lat="47.769726" lon="15.345959">
        <ele>800.789399</ele>
        <time>2026-05-12T07:04:10.000Z</time>
      </trkpt>
      <trkpt lat="47.769677" lon="15.345945">
        <ele>800.780798</ele>
        <time>2026-05-12T07:04:11.000Z</time>
      </trkpt>
      <trkpt lat="47.769630" lon="15.345922">
        <ele>800.772269</ele>
        <time>2026-05-12T07:04:12.000Z</time>
      </trkpt>
      <trkpt lat="47.769586" lon="15.345896">
        <ele>800.764109</ele>
        <time>2026-05-12T07:04:13.000Z</time>
      </trkpt>
      <trkpt lat="47.769544" lon="15.345873">
        <ele>800.756394</ele>
        <time>2026-05-12T07:04:14.000Z</time>
      </trkpt>
      <trkpt lat="47.769503" lon="15.345850">
        <ele>800.748841</ele>
        <time>2026-05-12T07:04:15.000Z</time>
      </trkpt>
      <trkpt lat="47.769462" lon="15.345834">
        <ele>800.741534</ele>
        <time>2026-05-12T07:04:16.000Z</time>
      </trkpt>
      <trkpt lat="47.769426" lon="15.345812">
        <ele>800.734826</ele>
        <time>2026-05-12T07:04:17.000Z</time>
      </trkpt>
      <trkpt lat="47.769393" lon="15.345786">
        <ele>800.728389</ele>
        <time>2026-05-12T07:04:18.000Z</time>
      </trkpt>
      <trkpt lat="47.769363" lon="15.345761">
        <ele>800.722462</ele>
        <time>2026-05-12T07:04:19.000Z</time>
      </trkpt>
      <trkpt lat="47.769332" lon="15.345741">
        <ele>800.716638</ele>
        <time>2026-05-12T07:04:20.000Z</time>
      </trkpt>
      <trkpt lat="47.769299" lon="15.345725">
        <ele>800.710655</ele>
        <time>2026-05-12T07:04:21.000Z</time>
      </trkpt>
      <trkpt lat="47.769268" lon="15.345706">
        <ele>800.704876</ele>
        <time>2026-05-12T07:04:22.000Z</time>
      </trkpt>
      <trkpt lat="47.769234" lon="15.345690">
        <ele>800.698729</ele>
        <time>2026-05-12T07:04:23.000Z</time>
      </trkpt>
      <trkpt lat="47.769199" lon="15.345677">
        <ele>800.692510</ele>
        <time>2026-05-12T07:04:24.000Z</time>
      </trkpt>
      <trkpt lat="47.769165" lon="15.345663">
        <ele>800.686429</ele>
        <time>2026-05-12T07:04:25.000Z</time>
      </trkpt>
      <trkpt lat="47.769130" lon="15.345651">
        <ele>800.680238</ele>
        <time>2026-05-12T07:04:26.000Z</time>
      </trkpt>
      <trkpt lat="47.769090" lon="15.345645">
        <ele>800.673308</ele>
        <time>2026-05-12T07:04:27.000Z</time>
      </trkpt>
      <trkpt lat="47.769048" lon="15.345641">
        <ele>800.666053</ele>
        <time>2026-05-12T07:04:28.000Z</time>
      </trkpt>
      <trkpt lat="47.769004" lon="15.345635">
        <ele>800.658437</ele>
        <time>2026-05-12T07:04:29.000Z</time>
      </trkpt>
      <trkpt lat="47.768961" lon="15.345638">
        <ele>800.651017</ele>
        <time>2026-05-12T07:04:30.000Z</time>
      </trkpt>
      <trkpt lat="47.768912" lon="15.345638">
        <ele>800.642570</ele>
        <time>2026-05-12T07:04:31.000Z</time>
      </trkpt>
      <trkpt lat="47.768862" lon="15.345640">
        <ele>800.633948</ele>
        <time>2026-05-12T07:04:32.000Z</time>
      </trkpt>
      <trkpt lat="47.768808" lon="15.345648">
        <ele>800.624594</ele>
        <time>2026-05-12T07:04:33.000Z</time>
      </trkpt>
      <trkpt lat="47.768753" lon="15.345654">
        <ele>800.569191</ele>
        <time>2026-05-12T07:04:34.000Z</time>
      </trkpt>
      <trkpt lat="47.768698" lon="15.345660">
        <ele>800.501628</ele>
        <time>2026-05-12T07:04:35.000Z</time>
      </trkpt>
      <trkpt lat="47.768640" lon="15.345664">
        <ele>800.430494</ele>
        <time>2026-05-12T07:04:36.000Z</time>
      </trkpt>
      <trkpt lat="47.768580" lon="15.345673">
        <ele>800.356614</ele>
        <time>2026-05-12T07:04:37.000Z</time>
      </trkpt>
      <trkpt lat="47.768521" lon="15.345673">
        <ele>800.284331</ele>
        <time>2026-05-12T07:04:38.000Z</time>
      </trkpt>
      <trkpt lat="47.768462" lon="15.345676">
        <ele>800.212006</ele>
        <time>2026-05-12T07:04:39.000Z</time>
      </trkpt>
      <trkpt lat="47.768400" lon="15.345674">
        <ele>800.136030</ele>
        <time>2026-05-12T07:04:40.000Z</time>
      </trkpt>
      <trkpt lat="47.768339" lon="15.345662">
        <ele>800.060647</ele>
        <time>2026-05-12T07:04:41.000Z</time>
      </trkpt>
      <trkpt lat="47.768280" lon="15.345639">
        <ele>799.985924</ele>
        <time>2026-05-12T07:04:42.000Z</time>
      </trkpt>
      <trkpt lat="47.768222" lon="15.345606">
        <ele>799.909848</ele>
        <time>2026-05-12T07:04:43.000Z</time>
      </trkpt>
      <trkpt lat="47.768167" lon="15.345568">
        <ele>799.835555</ele>
        <time>2026-05-12T07:04:44.000Z</time>
      </trkpt>
      <trkpt lat="47.768117" lon="15.345513">
        <ele>799.759374</ele>
        <time>2026-05-12T07:04:45.000Z</time>
      </trkpt>
      <trkpt lat="47.768068" lon="15.345469">
        <ele>799.689256</ele>
        <time>2026-05-12T07:04:46.000Z</time>
      </trkpt>
      <trkpt lat="47.768026" lon="15.345417">
        <ele>799.622315</ele>
        <time>2026-05-12T07:04:47.000Z</time>
      </trkpt>
      <trkpt lat="47.767986" lon="15.345363">
        <ele>799.556143</ele>
        <time>2026-05-12T07:04:48.000Z</time>
      </trkpt>
      <trkpt lat="47.767947" lon="15.345307">
        <ele>799.489740</ele>
        <time>2026-05-12T07:04:49.000Z</time>
      </trkpt>
      <trkpt lat="47.767910" lon="15.345248">
        <ele>799.423293</ele>
        <time>2026-05-12T07:04:50.000Z</time>
      </trkpt>
      <trkpt lat="47.767876" lon="15.345182">
        <ele>799.354818</ele>
        <time>2026-05-12T07:04:51.000Z</time>
      </trkpt>
      <trkpt lat="47.767841" lon="15.345120">
        <ele>799.288146</ele>
        <time>2026-05-12T07:04:52.000Z</time>
      </trkpt>
      <trkpt lat="47.767808" lon="15.345060">
        <ele>799.224306</ele>
        <time>2026-05-12T07:04:53.000Z</time>
      </trkpt>
      <trkpt lat="47.767776" lon="15.344996">
        <ele>799.158622</ele>
        <time>2026-05-12T07:04:54.000Z</time>
      </trkpt>
      <trkpt lat="47.767747" lon="15.344929">
        <ele>799.093000</ele>
        <time>2026-05-12T07:04:55.000Z</time>
      </trkpt>
      <trkpt lat="47.767719" lon="15.344861">
        <ele>799.027333</ele>
        <time>2026-05-12T07:04:56.000Z</time>
      </trkpt>
      <trkpt lat="47.767694" lon="15.344793">
        <ele>798.963509</ele>
        <time>2026-05-12T07:04:57.000Z</time>
      </trkpt>
      <trkpt lat="47.767672" lon="15.344726">
        <ele>798.902105</ele>
        <time>2026-05-12T07:04:58.000Z</time>
      </trkpt>
      <trkpt lat="47.767654" lon="15.344661">
        <ele>798.844216</ele>
        <time>2026-05-12T07:04:59.000Z</time>
      </trkpt>
      <trkpt lat="47.767632" lon="15.344595">
        <ele>798.783551</ele>
        <time>2026-05-12T07:05:00.000Z</time>
      </trkpt>
      <trkpt lat="47.767609" lon="15.344530">
        <ele>798.723063</ele>
        <time>2026-05-12T07:05:01.000Z</time>
      </trkpt>
      <trkpt lat="47.767588" lon="15.344471">
        <ele>798.668087</ele>
        <time>2026-05-12T07:05:02.000Z</time>
      </trkpt>
      <trkpt lat="47.767566" lon="15.344415">
        <ele>798.614674</ele>
        <time>2026-05-12T07:05:03.000Z</time>
      </trkpt>
      <trkpt lat="47.767542" lon="15.344363">
        <ele>798.562731</ele>
        <time>2026-05-12T07:05:04.000Z</time>
      </trkpt>
      <trkpt lat="47.767519" lon="15.344316">
        <ele>798.514857</ele>
        <time>2026-05-12T07:05:05.000Z</time>
      </trkpt>
      <trkpt lat="47.767495" lon="15.344272">
        <ele>798.468196</ele>
        <time>2026-05-12T07:05:06.000Z</time>
      </trkpt>
      <trkpt lat="47.767471" lon="15.344236">
        <ele>798.426442</ele>
        <time>2026-05-12T07:05:07.000Z</time>
      </trkpt>
      <trkpt lat="47.767445" lon="15.344209">
        <ele>798.398212</ele>
        <time>2026-05-12T07:05:08.000Z</time>
      </trkpt>
      <trkpt lat="47.767419" lon="15.344185">
        <ele>798.373383</ele>
        <time>2026-05-12T07:05:09.000Z</time>
      </trkpt>
      <trkpt lat="47.767392" lon="15.344162">
        <ele>798.348137</ele>
        <time>2026-05-12T07:05:10.000Z</time>
      </trkpt>
      <trkpt lat="47.767367" lon="15.344142">
        <ele>798.325105</ele>
        <time>2026-05-12T07:05:11.000Z</time>
      </trkpt>
      <trkpt lat="47.767339" lon="15.344130">
        <ele>798.301460</ele>
        <time>2026-05-12T07:05:12.000Z</time>
      </trkpt>
      <trkpt lat="47.767312" lon="15.344122">
        <ele>798.279121</ele>
        <time>2026-05-12T07:05:13.000Z</time>
      </trkpt>
      <trkpt lat="47.767285" lon="15.344111">
        <ele>798.256406</ele>
        <time>2026-05-12T07:05:14.000Z</time>
      </trkpt>
      <trkpt lat="47.767257" lon="15.344099">
        <ele>798.232761</ele>
        <time>2026-05-12T07:05:15.000Z</time>
      </trkpt>
      <trkpt lat="47.767233" lon="15.344080">
        <ele>798.210701</ele>
        <time>2026-05-12T07:05:16.000Z</time>
      </trkpt>
      <trkpt lat="47.767210" lon="15.344053">
        <ele>798.186928</ele>
        <time>2026-05-12T07:05:17.000Z</time>
      </trkpt>
      <trkpt lat="47.767191" lon="15.344020">
        <ele>798.163229</ele>
        <time>2026-05-12T07:05:18.000Z</time>
      </trkpt>
      <trkpt lat="47.767171" lon="15.343978">
        <ele>798.135156</ele>
        <time>2026-05-12T07:05:19.000Z</time>
      </trkpt>
      <trkpt lat="47.767151" lon="15.343930">
        <ele>798.104354</ele>
        <time>2026-05-12T07:05:20.000Z</time>
      </trkpt>
      <trkpt lat="47.767130" lon="15.343881">
        <ele>798.072659</ele>
        <time>2026-05-12T07:05:21.000Z</time>
      </trkpt>
      <trkpt lat="47.767107" lon="15.343834">
        <ele>798.040951</ele>
        <time>2026-05-12T07:05:22.000Z</time>
      </trkpt>
      <trkpt lat="47.767082" lon="15.343785">
        <ele>798.007399</ele>
        <time>2026-05-12T07:05:23.000Z</time>
      </trkpt>
      <trkpt lat="47.767056" lon="15.343737">
        <ele>797.973776</ele>
        <time>2026-05-12T07:05:24.000Z</time>
      </trkpt>
      <trkpt lat="47.767029" lon="15.343689">
        <ele>797.939639</ele>
        <time>2026-05-12T07:05:25.000Z</time>
      </trkpt>
      <trkpt lat="47.766999" lon="15.343640">
        <ele>797.903489</ele>
        <time>2026-05-12T07:05:26.000Z</time>
      </trkpt>
      <trkpt lat="47.766967" lon="15.343590">
        <ele>797.865833</ele>
        <time>2026-05-12T07:05:27.000Z</time>
      </trkpt>
      <trkpt lat="47.766931" lon="15.343543">
        <ele>797.826969</ele>
        <time>2026-05-12T07:05:28.000Z</time>
      </trkpt>
      <trkpt lat="47.766893" lon="15.343496">
        <ele>797.786870</ele>
        <time>2026-05-12T07:05:29.000Z</time>
      </trkpt>
      <trkpt lat="47.766854" lon="15.343451">
        <ele>797.746822</ele>
        <time>2026-05-12T07:05:30.000Z</time>
      </trkpt>
      <trkpt lat="47.766814" lon="15.343408">
        <ele>797.706778</ele>
        <time>2026-05-12T07:05:31.000Z</time>
      </trkpt>
      <trkpt lat="47.766779" lon="15.343375">
        <ele>797.673155</ele>
        <time>2026-05-12T07:05:32.000Z</time>
      </trkpt>
      <trkpt lat="47.766737" lon="15.343333">
        <ele>797.632091</ele>
        <time>2026-05-12T07:05:33.000Z</time>
      </trkpt>
      <trkpt lat="47.766684" lon="15.343283">
        <ele>797.581167</ele>
        <time>2026-05-12T07:05:34.000Z</time>
      </trkpt>
      <trkpt lat="47.766638" lon="15.343241">
        <ele>797.537372</ele>
        <time>2026-05-12T07:05:35.000Z</time>
      </trkpt>
      <trkpt lat="47.766601" lon="15.343209">
        <ele>797.502644</ele>
        <time>2026-05-12T07:05:36.000Z</time>
      </trkpt>
      <trkpt lat="47.766546" lon="15.343160">
        <ele>797.450625</ele>
        <time>2026-05-12T07:05:37.000Z</time>
      </trkpt>
      <trkpt lat="47.766499" lon="15.343119">
        <ele>797.406415</ele>
        <time>2026-05-12T07:05:38.000Z</time>
      </trkpt>
      <trkpt lat="47.766460" lon="15.343085">
        <ele>797.369736</ele>
        <time>2026-05-12T07:05:39.000Z</time>
      </trkpt>
      <trkpt lat="47.766404" lon="15.343036">
        <ele>797.317019</ele>
        <time>2026-05-12T07:05:40.000Z</time>
      </trkpt>
      <trkpt lat="47.766365" lon="15.343004">
        <ele>797.280879</ele>
        <time>2026-05-12T07:05:41.000Z</time>
      </trkpt>
      <trkpt lat="47.766318" lon="15.342963">
        <ele>797.236668</ele>
        <time>2026-05-12T07:05:42.000Z</time>
      </trkpt>
      <trkpt lat="47.766263" lon="15.342913">
        <ele>797.184367</ele>
        <time>2026-05-12T07:05:43.000Z</time>
      </trkpt>
      <trkpt lat="47.766216" lon="15.342871">
        <ele>797.139878</ele>
        <time>2026-05-12T07:05:44.000Z</time>
      </trkpt>
      <trkpt lat="47.766176" lon="15.342840">
        <ele>797.103280</ele>
        <time>2026-05-12T07:05:45.000Z</time>
      </trkpt>
      <trkpt lat="47.766126" lon="15.342801">
        <ele>797.057470</ele>
        <time>2026-05-12T07:05:46.000Z</time>
      </trkpt>
      <trkpt lat="47.766069" lon="15.342756">
        <ele>797.005110</ele>
        <time>2026-05-12T07:05:47.000Z</time>
      </trkpt>
      <trkpt lat="47.766023" lon="15.342718">
        <ele>796.962415</ele>
        <time>2026-05-12T07:05:48.000Z</time>
      </trkpt>
      <trkpt lat="47.765977" lon="15.342677">
        <ele>796.916677</ele>
        <time>2026-05-12T07:05:49.000Z</time>
      </trkpt>
      <trkpt lat="47.765941" lon="15.342644">
        <ele>796.880485</ele>
        <time>2026-05-12T07:05:50.000Z</time>
      </trkpt>
      <trkpt lat="47.765895" lon="15.342601">
        <ele>796.833987</ele>
        <time>2026-05-12T07:05:51.000Z</time>
      </trkpt>
      <trkpt lat="47.765850" lon="15.342557">
        <ele>796.787899</ele>
        <time>2026-05-12T07:05:52.000Z</time>
      </trkpt>
      <trkpt lat="47.765804" lon="15.342515">
        <ele>796.741704</ele>
        <time>2026-05-12T07:05:53.000Z</time>
      </trkpt>
      <trkpt lat="47.765759" lon="15.342471">
        <ele>796.695615</ele>
        <time>2026-05-12T07:05:54.000Z</time>
      </trkpt>
      <trkpt lat="47.765695" lon="15.342404">
        <ele>796.628636</ele>
        <time>2026-05-12T07:05:55.000Z</time>
      </trkpt>
      <trkpt lat="47.765661" lon="15.342365">
        <ele>796.591890</ele>
        <time>2026-05-12T07:05:56.000Z</time>
      </trkpt>
      <trkpt lat="47.765617" lon="15.342315">
        <ele>796.544502</ele>
        <time>2026-05-12T07:05:57.000Z</time>
      </trkpt>
      <trkpt lat="47.765574" lon="15.342265">
        <ele>796.497791</ele>
        <time>2026-05-12T07:05:58.000Z</time>
      </trkpt>
      <trkpt lat="47.765531" lon="15.342214">
        <ele>796.450723</ele>
        <time>2026-05-12T07:05:59.000Z</time>
      </trkpt>
      <trkpt lat="47.765491" lon="15.342158">
        <ele>796.403712</ele>
        <time>2026-05-12T07:06:00.000Z</time>
      </trkpt>
      <trkpt lat="47.765453" lon="15.342098">
        <ele>796.356285</ele>
        <time>2026-05-12T07:06:01.000Z</time>
      </trkpt>
      <trkpt lat="47.765416" lon="15.342037">
        <ele>796.309015</ele>
        <time>2026-05-12T07:06:02.000Z</time>
      </trkpt>
      <trkpt lat="47.765380" lon="15.341974">
        <ele>796.261444</ele>
        <time>2026-05-12T07:06:03.000Z</time>
      </trkpt>
      <trkpt lat="47.765345" lon="15.341910">
        <ele>796.213978</ele>
        <time>2026-05-12T07:06:04.000Z</time>
      </trkpt>
      <trkpt lat="47.765314" lon="15.341845">
        <ele>796.168126</ele>
        <time>2026-05-12T07:06:05.000Z</time>
      </trkpt>
      <trkpt lat="47.765287" lon="15.341777">
        <ele>796.122690</ele>
        <time>2026-05-12T07:06:06.000Z</time>
      </trkpt>
      <trkpt lat="47.765262" lon="15.341707">
        <ele>796.077087</ele>
        <time>2026-05-12T07:06:07.000Z</time>
      </trkpt>
      <trkpt lat="47.765238" lon="15.341636">
        <ele>796.031366</ele>
        <time>2026-05-12T07:06:08.000Z</time>
      </trkpt>
      <trkpt lat="47.765211" lon="15.341548">
        <ele>795.975714</ele>
        <time>2026-05-12T07:06:09.000Z</time>
      </trkpt>
      <trkpt lat="47.765195" lon="15.341487">
        <ele>795.938043</ele>
        <time>2026-05-12T07:06:10.000Z</time>
      </trkpt>
      <trkpt lat="47.765178" lon="15.341411">
        <ele>795.891962</ele>
        <time>2026-05-12T07:06:11.000Z</time>
      </trkpt>
      <trkpt lat="47.765161" lon="15.341318">
        <ele>795.836515</ele>
        <time>2026-05-12T07:06:12.000Z</time>
      </trkpt>
      <trkpt lat="47.765151" lon="15.341256">
        <ele>795.799834</ele>
        <time>2026-05-12T07:06:13.000Z</time>
      </trkpt>
      <trkpt lat="47.765140" lon="15.341178">
        <ele>795.753983</ele>
        <time>2026-05-12T07:06:14.000Z</time>
      </trkpt>
      <trkpt lat="47.765133" lon="15.341087">
        <ele>795.701288</ele>
        <time>2026-05-12T07:06:15.000Z</time>
      </trkpt>
      <trkpt lat="47.765131" lon="15.341010">
        <ele>795.656956</ele>
        <time>2026-05-12T07:06:16.000Z</time>
      </trkpt>
      <trkpt lat="47.765125" lon="15.340935">
        <ele>795.613504</ele>
        <time>2026-05-12T07:06:17.000Z</time>
      </trkpt>
      <trkpt lat="47.765118" lon="15.340875">
        <ele>795.578469</ele>
        <time>2026-05-12T07:06:18.000Z</time>
      </trkpt>
      <trkpt lat="47.765111" lon="15.340788">
        <ele>795.528060</ele>
        <time>2026-05-12T07:06:19.000Z</time>
      </trkpt>
      <trkpt lat="47.765109" lon="15.340716">
        <ele>795.486603</ele>
        <time>2026-05-12T07:06:20.000Z</time>
      </trkpt>
      <trkpt lat="47.765107" lon="15.340660">
        <ele>795.454340</ele>
        <time>2026-05-12T07:06:21.000Z</time>
      </trkpt>
      <trkpt lat="47.765104" lon="15.340590">
        <ele>795.451651</ele>
        <time>2026-05-12T07:06:22.000Z</time>
      </trkpt>
      <trkpt lat="47.765102" lon="15.340508">
        <ele>795.695770</ele>
        <time>2026-05-12T07:06:23.000Z</time>
      </trkpt>
      <trkpt lat="47.765100" lon="15.340441">
        <ele>795.895299</ele>
        <time>2026-05-12T07:06:24.000Z</time>
      </trkpt>
      <trkpt lat="47.765100" lon="15.340388">
        <ele>796.052979</ele>
        <time>2026-05-12T07:06:25.000Z</time>
      </trkpt>
      <trkpt lat="47.765101" lon="15.340309">
        <ele>796.288055</ele>
        <time>2026-05-12T07:06:26.000Z</time>
      </trkpt>
      <trkpt lat="47.765105" lon="15.340256">
        <ele>796.446726</ele>
        <time>2026-05-12T07:06:27.000Z</time>
      </trkpt>
      <trkpt lat="47.765113" lon="15.340190">
        <ele>796.646250</ele>
        <time>2026-05-12T07:06:28.000Z</time>
      </trkpt>
      <trkpt lat="47.765120" lon="15.340120">
        <ele>796.856800</ele>
        <time>2026-05-12T07:06:29.000Z</time>
      </trkpt>
      <trkpt lat="47.765127" lon="15.340052">
        <ele>797.061466</ele>
        <time>2026-05-12T07:06:30.000Z</time>
      </trkpt>
      <trkpt lat="47.765135" lon="15.339983">
        <ele>797.269780</ele>
        <time>2026-05-12T07:06:31.000Z</time>
      </trkpt>
      <trkpt lat="47.765146" lon="15.339915">
        <ele>797.477863</ele>
        <time>2026-05-12T07:06:32.000Z</time>
      </trkpt>
      <trkpt lat="47.765155" lon="15.339849">
        <ele>797.678220</ele>
        <time>2026-05-12T07:06:33.000Z</time>
      </trkpt>
      <trkpt lat="47.765164" lon="15.339784">
        <ele>797.875662</ele>
        <time>2026-05-12T07:06:34.000Z</time>
      </trkpt>
      <trkpt lat="47.765174" lon="15.339720">
        <ele>798.071145</ele>
        <time>2026-05-12T07:06:35.000Z</time>
      </trkpt>
      <trkpt lat="47.765185" lon="15.339659">
        <ele>798.259044</ele>
        <time>2026-05-12T07:06:36.000Z</time>
      </trkpt>
      <trkpt lat="47.765196" lon="15.339600">
        <ele>798.441202</ele>
        <time>2026-05-12T07:06:37.000Z</time>
      </trkpt>
      <trkpt lat="47.765206" lon="15.339544">
        <ele>798.613587</ele>
        <time>2026-05-12T07:06:38.000Z</time>
      </trkpt>
      <trkpt lat="47.765217" lon="15.339488">
        <ele>798.787161</ele>
        <time>2026-05-12T07:06:39.000Z</time>
      </trkpt>
      <trkpt lat="47.765228" lon="15.339436">
        <ele>798.949346</ele>
        <time>2026-05-12T07:06:40.000Z</time>
      </trkpt>
      <trkpt lat="47.765240" lon="15.339385">
        <ele>799.110104</ele>
        <time>2026-05-12T07:06:41.000Z</time>
      </trkpt>
      <trkpt lat="47.765252" lon="15.339339">
        <ele>799.256904</ele>
        <time>2026-05-12T07:06:42.000Z</time>
      </trkpt>
      <trkpt lat="47.765261" lon="15.339293">
        <ele>799.399438</ele>
        <time>2026-05-12T07:06:43.000Z</time>
      </trkpt>
      <trkpt lat="47.765270" lon="15.339247">
        <ele>799.541972</ele>
        <time>2026-05-12T07:06:44.000Z</time>
      </trkpt>
      <trkpt lat="47.765280" lon="15.339200">
        <ele>799.688640</ele>
        <time>2026-05-12T07:06:45.000Z</time>
      </trkpt>
      <trkpt lat="47.765290" lon="15.339153">
        <ele>799.835307</ele>
        <time>2026-05-12T07:06:46.000Z</time>
      </trkpt>
      <trkpt lat="47.765299" lon="15.339107">
        <ele>799.977842</ele>
        <time>2026-05-12T07:06:47.000Z</time>
      </trkpt>
      <trkpt lat="47.765309" lon="15.339062">
        <ele>800.118848</ele>
        <time>2026-05-12T07:06:48.000Z</time>
      </trkpt>
      <trkpt lat="47.765320" lon="15.339018">
        <ele>800.258513</ele>
        <time>2026-05-12T07:06:49.000Z</time>
      </trkpt>
      <trkpt lat="47.765328" lon="15.338972">
        <ele>800.399874</ele>
        <time>2026-05-12T07:06:50.000Z</time>
      </trkpt>
      <trkpt lat="47.765337" lon="15.338929">
        <ele>800.533861</ele>
        <time>2026-05-12T07:06:51.000Z</time>
      </trkpt>
      <trkpt lat="47.765346" lon="15.338888">
        <ele>800.662180</ele>
        <time>2026-05-12T07:06:52.000Z</time>
      </trkpt>
      <trkpt lat="47.765354" lon="15.338849">
        <ele>800.783491</ele>
        <time>2026-05-12T07:06:53.000Z</time>
      </trkpt>
      <trkpt lat="47.765361" lon="15.338812">
        <ele>800.897847</ele>
        <time>2026-05-12T07:06:54.000Z</time>
      </trkpt>
      <trkpt lat="47.765366" lon="15.338777">
        <ele>801.004301</ele>
        <time>2026-05-12T07:06:55.000Z</time>
      </trkpt>
      <trkpt lat="47.765371" lon="15.338744">
        <ele>801.104942</ele>
        <time>2026-05-12T07:06:56.000Z</time>
      </trkpt>
      <trkpt lat="47.765376" lon="15.338710">
        <ele>801.208488</ele>
        <time>2026-05-12T07:06:57.000Z</time>
      </trkpt>
      <trkpt lat="47.765382" lon="15.338677">
        <ele>801.310194</ele>
        <time>2026-05-12T07:06:58.000Z</time>
      </trkpt>
      <trkpt lat="47.765389" lon="15.338644">
        <ele>801.413145</ele>
        <time>2026-05-12T07:06:59.000Z</time>
      </trkpt>
      <trkpt lat="47.765394" lon="15.338609">
        <ele>801.519599</ele>
        <time>2026-05-12T07:07:00.000Z</time>
      </trkpt>
      <trkpt lat="47.765402" lon="15.338575">
        <ele>801.626771</ele>
        <time>2026-05-12T07:07:01.000Z</time>
      </trkpt>
      <trkpt lat="47.765408" lon="15.338540">
        <ele>801.734232</ele>
        <time>2026-05-12T07:07:02.000Z</time>
      </trkpt>
      <trkpt lat="47.765413" lon="15.338506">
        <ele>801.837778</ele>
        <time>2026-05-12T07:07:03.000Z</time>
      </trkpt>
      <trkpt lat="47.765421" lon="15.338474">
        <ele>801.939352</ele>
        <time>2026-05-12T07:07:04.000Z</time>
      </trkpt>
      <trkpt lat="47.765428" lon="15.338442">
        <ele>802.039470</ele>
        <time>2026-05-12T07:07:05.000Z</time>
      </trkpt>
      <trkpt lat="47.765433" lon="15.338410">
        <ele>802.137211</ele>
        <time>2026-05-12T07:07:06.000Z</time>
      </trkpt>
      <trkpt lat="47.765438" lon="15.338385">
        <ele>802.214811</ele>
        <time>2026-05-12T07:07:07.000Z</time>
      </trkpt>
      <trkpt lat="47.765443" lon="15.338348">
        <ele>802.327092</ele>
        <time>2026-05-12T07:07:08.000Z</time>
      </trkpt>
      <trkpt lat="47.765447" lon="15.338317">
        <ele>802.421003</ele>
        <time>2026-05-12T07:07:09.000Z</time>
      </trkpt>
      <trkpt lat="47.765453" lon="15.338293">
        <ele>802.497184</ele>
        <time>2026-05-12T07:07:10.000Z</time>
      </trkpt>
      <trkpt lat="47.765458" lon="15.338265">
        <ele>802.583376</ele>
        <time>2026-05-12T07:07:11.000Z</time>
      </trkpt>
      <trkpt lat="47.765461" lon="15.338237">
        <ele>802.667730</ele>
        <time>2026-05-12T07:07:12.000Z</time>
      </trkpt>
      <trkpt lat="47.765464" lon="15.338201">
        <ele>802.775653</ele>
        <time>2026-05-12T07:07:13.000Z</time>
      </trkpt>
      <trkpt lat="47.765468" lon="15.338177">
        <ele>802.849218</ele>
        <time>2026-05-12T07:07:14.000Z</time>
      </trkpt>
      <trkpt lat="47.765470" lon="15.338151">
        <ele>802.927075</ele>
        <time>2026-05-12T07:07:15.000Z</time>
      </trkpt>
      <trkpt lat="47.765473" lon="15.338126">
        <ele>803.002628</ele>
        <time>2026-05-12T07:07:16.000Z</time>
      </trkpt>
      <trkpt lat="47.765480" lon="15.338100">
        <ele>803.085954</ele>
        <time>2026-05-12T07:07:17.000Z</time>
      </trkpt>
      <trkpt lat="47.765483" lon="15.338079">
        <ele>803.149827</ele>
        <time>2026-05-12T07:07:18.000Z</time>
      </trkpt>
      <trkpt lat="47.765488" lon="15.338047">
        <ele>803.247568</ele>
        <time>2026-05-12T07:07:19.000Z</time>
      </trkpt>
      <trkpt lat="47.765491" lon="15.338021">
        <ele>803.326051</ele>
        <time>2026-05-12T07:07:20.000Z</time>
      </trkpt>
      <trkpt lat="47.765492" lon="15.337994">
        <ele>803.431519</ele>
        <time>2026-05-12T07:07:21.000Z</time>
      </trkpt>
      <trkpt lat="47.765493" lon="15.337967">
        <ele>803.591169</ele>
        <time>2026-05-12T07:07:22.000Z</time>
      </trkpt>
      <trkpt lat="47.765495" lon="15.337944">
        <ele>803.728092</ele>
        <time>2026-05-12T07:07:23.000Z</time>
      </trkpt>
      <trkpt lat="47.765499" lon="15.337910">
        <ele>803.931880</ele>
        <time>2026-05-12T07:07:24.000Z</time>
      </trkpt>
      <trkpt lat="47.765502" lon="15.337881">
        <ele>804.105112</ele>
        <time>2026-05-12T07:07:25.000Z</time>
      </trkpt>
      <trkpt lat="47.765504" lon="15.337853">
        <ele>804.271355</ele>
        <time>2026-05-12T07:07:26.000Z</time>
      </trkpt>
      <trkpt lat="47.765508" lon="15.337824">
        <ele>804.446139</ele>
        <time>2026-05-12T07:07:27.000Z</time>
      </trkpt>
      <trkpt lat="47.765511" lon="15.337797">
        <ele>804.607710</ele>
        <time>2026-05-12T07:07:28.000Z</time>
      </trkpt>
      <trkpt lat="47.765514" lon="15.337772">
        <ele>804.757644</ele>
        <time>2026-05-12T07:07:29.000Z</time>
      </trkpt>
      <trkpt lat="47.765519" lon="15.337746">
        <ele>804.917307</ele>
        <time>2026-05-12T07:07:30.000Z</time>
      </trkpt>
      <trkpt lat="47.765524" lon="15.337716">
        <ele>805.099790</ele>
        <time>2026-05-12T07:07:31.000Z</time>
      </trkpt>
      <trkpt lat="47.765527" lon="15.337693">
        <ele>805.238115</ele>
        <time>2026-05-12T07:07:32.000Z</time>
      </trkpt>
      <trkpt lat="47.765532" lon="15.337659">
        <ele>805.443600</ele>
        <time>2026-05-12T07:07:33.000Z</time>
      </trkpt>
      <trkpt lat="47.765536" lon="15.337631">
        <ele>805.612604</ele>
        <time>2026-05-12T07:07:34.000Z</time>
      </trkpt>
      <trkpt lat="47.765543" lon="15.337605">
        <ele>805.777964</ele>
        <time>2026-05-12T07:07:35.000Z</time>
      </trkpt>
      <trkpt lat="47.765548" lon="15.337575">
        <ele>805.960447</ele>
        <time>2026-05-12T07:07:36.000Z</time>
      </trkpt>
      <trkpt lat="47.765552" lon="15.337549">
        <ele>806.117921</ele>
        <time>2026-05-12T07:07:37.000Z</time>
      </trkpt>
      <trkpt lat="47.765557" lon="15.337523">
        <ele>806.277584</ele>
        <time>2026-05-12T07:07:38.000Z</time>
      </trkpt>
      <trkpt lat="47.765561" lon="15.337496">
        <ele>806.440817</ele>
        <time>2026-05-12T07:07:39.000Z</time>
      </trkpt>
      <trkpt lat="47.765568" lon="15.337471">
        <ele>806.600712</ele>
        <time>2026-05-12T07:07:40.000Z</time>
      </trkpt>
      <trkpt lat="47.765572" lon="15.337444">
        <ele>806.763945</ele>
        <time>2026-05-12T07:07:41.000Z</time>
      </trkpt>
      <trkpt lat="47.765577" lon="15.337418">
        <ele>806.923608</ele>
        <time>2026-05-12T07:07:42.000Z</time>
      </trkpt>
      <trkpt lat="47.765585" lon="15.337392">
        <ele>807.092431</ele>
        <time>2026-05-12T07:07:43.000Z</time>
      </trkpt>
      <trkpt lat="47.765591" lon="15.337366">
        <ele>807.254730</ele>
        <time>2026-05-12T07:07:44.000Z</time>
      </trkpt>
      <trkpt lat="47.765598" lon="15.337339">
        <ele>807.425584</ele>
        <time>2026-05-12T07:07:45.000Z</time>
      </trkpt>
      <trkpt lat="47.765604" lon="15.337313">
        <ele>807.587883</ele>
        <time>2026-05-12T07:07:46.000Z</time>
      </trkpt>
      <trkpt lat="47.765611" lon="15.337289">
        <ele>807.742343</ele>
        <time>2026-05-12T07:07:47.000Z</time>
      </trkpt>
      <trkpt lat="47.765618" lon="15.337264">
        <ele>807.902237</ele>
        <time>2026-05-12T07:07:48.000Z</time>
      </trkpt>
      <trkpt lat="47.765622" lon="15.337237">
        <ele>808.065471</ele>
        <time>2026-05-12T07:07:49.000Z</time>
      </trkpt>
      <trkpt lat="47.765628" lon="15.337210">
        <ele>808.233364</ele>
        <time>2026-05-12T07:07:50.000Z</time>
      </trkpt>
      <trkpt lat="47.765635" lon="15.337186">
        <ele>808.387825</ele>
        <time>2026-05-12T07:07:51.000Z</time>
      </trkpt>
      <trkpt lat="47.765642" lon="15.337163">
        <ele>808.536888</ele>
        <time>2026-05-12T07:07:52.000Z</time>
      </trkpt>
      <trkpt lat="47.765650" lon="15.337141">
        <ele>808.684565</ele>
        <time>2026-05-12T07:07:53.000Z</time>
      </trkpt>
      <trkpt lat="47.765657" lon="15.337118">
        <ele>808.833628</ele>
        <time>2026-05-12T07:07:54.000Z</time>
      </trkpt>
      <trkpt lat="47.765664" lon="15.337098">
        <ele>808.966756</ele>
        <time>2026-05-12T07:07:55.000Z</time>
      </trkpt>
      <trkpt lat="47.765673" lon="15.337077">
        <ele>809.113798</ele>
        <time>2026-05-12T07:07:56.000Z</time>
      </trkpt>
      <trkpt lat="47.765680" lon="15.337054">
        <ele>809.262861</ele>
        <time>2026-05-12T07:07:57.000Z</time>
      </trkpt>
      <trkpt lat="47.765688" lon="15.337031">
        <ele>809.415756</ele>
        <time>2026-05-12T07:07:58.000Z</time>
      </trkpt>
      <trkpt lat="47.765699" lon="15.337010">
        <ele>809.572941</ele>
        <time>2026-05-12T07:07:59.000Z</time>
      </trkpt>
      <trkpt lat="47.765708" lon="15.336987">
        <ele>809.730067</ele>
        <time>2026-05-12T07:08:00.000Z</time>
      </trkpt>
      <trkpt lat="47.765717" lon="15.336963">
        <ele>809.892323</ele>
        <time>2026-05-12T07:08:01.000Z</time>
      </trkpt>
      <trkpt lat="47.765729" lon="15.336945">
        <ele>810.042000</ele>
        <time>2026-05-12T07:08:02.000Z</time>
      </trkpt>
      <trkpt lat="47.765736" lon="15.336924">
        <ele>810.180392</ele>
        <time>2026-05-12T07:08:03.000Z</time>
      </trkpt>
      <trkpt lat="47.765743" lon="15.336902">
        <ele>810.324097</ele>
        <time>2026-05-12T07:08:04.000Z</time>
      </trkpt>
      <trkpt lat="47.765752" lon="15.336881">
        <ele>810.471138</ele>
        <time>2026-05-12T07:08:05.000Z</time>
      </trkpt>
      <trkpt lat="47.765762" lon="15.336862">
        <ele>810.613611</ele>
        <time>2026-05-12T07:08:06.000Z</time>
      </trkpt>
      <trkpt lat="47.765771" lon="15.336842">
        <ele>810.755709</ele>
        <time>2026-05-12T07:08:07.000Z</time>
      </trkpt>
      <trkpt lat="47.765779" lon="15.336821">
        <ele>810.898221</ele>
        <time>2026-05-12T07:08:08.000Z</time>
      </trkpt>
      <trkpt lat="47.765789" lon="15.336800">
        <ele>811.050165</ele>
        <time>2026-05-12T07:08:09.000Z</time>
      </trkpt>
      <trkpt lat="47.765800" lon="15.336778">
        <ele>811.212047</ele>
        <time>2026-05-12T07:08:10.000Z</time>
      </trkpt>
      <trkpt lat="47.765811" lon="15.336757">
        <ele>811.369232</ele>
        <time>2026-05-12T07:08:11.000Z</time>
      </trkpt>
      <trkpt lat="47.765821" lon="15.336734">
        <ele>811.530955</ele>
        <time>2026-05-12T07:08:12.000Z</time>
      </trkpt>
      <trkpt lat="47.765830" lon="15.336713">
        <ele>811.677996</ele>
        <time>2026-05-12T07:08:13.000Z</time>
      </trkpt>
      <trkpt lat="47.765838" lon="15.336693">
        <ele>811.815402</ele>
        <time>2026-05-12T07:08:14.000Z</time>
      </trkpt>
      <trkpt lat="47.765846" lon="15.336672">
        <ele>811.957913</ele>
        <time>2026-05-12T07:08:15.000Z</time>
      </trkpt>
      <trkpt lat="47.765855" lon="15.336653">
        <ele>812.095145</ele>
        <time>2026-05-12T07:08:16.000Z</time>
      </trkpt>
      <trkpt lat="47.765865" lon="15.336634">
        <ele>812.237617</ele>
        <time>2026-05-12T07:08:17.000Z</time>
      </trkpt>
      <trkpt lat="47.765873" lon="15.336615">
        <ele>812.369984</ele>
        <time>2026-05-12T07:08:18.000Z</time>
      </trkpt>
      <trkpt lat="47.765881" lon="15.336594">
        <ele>812.512495</ele>
        <time>2026-05-12T07:08:19.000Z</time>
      </trkpt>
      <trkpt lat="47.765892" lon="15.336576">
        <ele>812.656123</ele>
        <time>2026-05-12T07:08:20.000Z</time>
      </trkpt>
      <trkpt lat="47.765901" lon="15.336556">
        <ele>812.798221</ele>
        <time>2026-05-12T07:08:21.000Z</time>
      </trkpt>
      <trkpt lat="47.765909" lon="15.336536">
        <ele>812.935627</ele>
        <time>2026-05-12T07:08:22.000Z</time>
      </trkpt>
      <trkpt lat="47.765921" lon="15.336516">
        <ele>813.093906</ele>
        <time>2026-05-12T07:08:23.000Z</time>
      </trkpt>
      <trkpt lat="47.765933" lon="15.336497">
        <ele>813.247831</ele>
        <time>2026-05-12T07:08:24.000Z</time>
      </trkpt>
      <trkpt lat="47.765946" lon="15.336479">
        <ele>813.403818</ele>
        <time>2026-05-12T07:08:25.000Z</time>
      </trkpt>
      <trkpt lat="47.765958" lon="15.336460">
        <ele>813.557744</ele>
        <time>2026-05-12T07:08:26.000Z</time>
      </trkpt>
      <trkpt lat="47.765968" lon="15.336438">
        <ele>813.714542</ele>
        <time>2026-05-12T07:08:27.000Z</time>
      </trkpt>
      <trkpt lat="47.765977" lon="15.336416">
        <ele>813.866594</ele>
        <time>2026-05-12T07:08:28.000Z</time>
      </trkpt>
      <trkpt lat="47.765987" lon="15.336393">
        <ele>814.028316</ele>
        <time>2026-05-12T07:08:29.000Z</time>
      </trkpt>
      <trkpt lat="47.765997" lon="15.336370">
        <ele>814.190039</ele>
        <time>2026-05-12T07:08:30.000Z</time>
      </trkpt>
      <trkpt lat="47.766012" lon="15.336351">
        <ele>814.363077</ele>
        <time>2026-05-12T07:08:31.000Z</time>
      </trkpt>
      <trkpt lat="47.766024" lon="15.336329">
        <ele>814.530350</ele>
        <time>2026-05-12T07:08:32.000Z</time>
      </trkpt>
      <trkpt lat="47.766035" lon="15.336305">
        <ele>814.701851</ele>
        <time>2026-05-12T07:08:33.000Z</time>
      </trkpt>
      <trkpt lat="47.766043" lon="15.336279">
        <ele>814.870673</ele>
        <time>2026-05-12T07:08:34.000Z</time>
      </trkpt>
      <trkpt lat="47.766049" lon="15.336251">
        <ele>815.044180</ele>
        <time>2026-05-12T07:08:35.000Z</time>
      </trkpt>
      <trkpt lat="47.766054" lon="15.336222">
        <ele>815.220937</ele>
        <time>2026-05-12T07:08:36.000Z</time>
      </trkpt>
      <trkpt lat="47.766058" lon="15.336192">
        <ele>815.401507</ele>
        <time>2026-05-12T07:08:37.000Z</time>
      </trkpt>
      <trkpt lat="47.766060" lon="15.336161">
        <ele>815.585370</ele>
        <time>2026-05-12T07:08:38.000Z</time>
      </trkpt>
      <trkpt lat="47.766062" lon="15.336130">
        <ele>815.769233</ele>
        <time>2026-05-12T07:08:39.000Z</time>
      </trkpt>
      <trkpt lat="47.766061" lon="15.336101">
        <ele>815.940673</ele>
        <time>2026-05-12T07:08:40.000Z</time>
      </trkpt>
      <trkpt lat="47.766059" lon="15.336071">
        <ele>816.118660</ele>
        <time>2026-05-12T07:08:41.000Z</time>
      </trkpt>
      <trkpt lat="47.766058" lon="15.336040">
        <ele>816.301893</ele>
        <time>2026-05-12T07:08:42.000Z</time>
      </trkpt>
      <trkpt lat="47.766055" lon="15.336010">
        <ele>816.480961</ele>
        <time>2026-05-12T07:08:43.000Z</time>
      </trkpt>
      <trkpt lat="47.766047" lon="15.335981">
        <ele>816.666034</ele>
        <time>2026-05-12T07:08:44.000Z</time>
      </trkpt>
      <trkpt lat="47.766039" lon="15.335953">
        <ele>816.845659</ele>
        <time>2026-05-12T07:08:45.000Z</time>
      </trkpt>
      <trkpt lat="47.766031" lon="15.335925">
        <ele>817.025284</ele>
        <time>2026-05-12T07:08:46.000Z</time>
      </trkpt>
      <trkpt lat="47.766024" lon="15.335900">
        <ele>817.185177</ele>
        <time>2026-05-12T07:08:47.000Z</time>
      </trkpt>
      <trkpt lat="47.766015" lon="15.335874">
        <ele>817.357839</ele>
        <time>2026-05-12T07:08:48.000Z</time>
      </trkpt>
      <trkpt lat="47.766004" lon="15.335849">
        <ele>817.534249</ele>
        <time>2026-05-12T07:08:49.000Z</time>
      </trkpt>
      <trkpt lat="47.765990" lon="15.335828">
        <ele>817.708872</ele>
        <time>2026-05-12T07:08:50.000Z</time>
      </trkpt>
      <trkpt lat="47.765975" lon="15.335807">
        <ele>817.889789</ele>
        <time>2026-05-12T07:08:51.000Z</time>
      </trkpt>
      <trkpt lat="47.765959" lon="15.335787">
        <ele>818.073346</ele>
        <time>2026-05-12T07:08:52.000Z</time>
      </trkpt>
      <trkpt lat="47.765941" lon="15.335764">
        <ele>818.281759</ele>
        <time>2026-05-12T07:08:53.000Z</time>
      </trkpt>
      <trkpt lat="47.765928" lon="15.335743">
        <ele>818.450312</ele>
        <time>2026-05-12T07:08:54.000Z</time>
      </trkpt>
      <trkpt lat="47.765916" lon="15.335729">
        <ele>818.584259</ele>
        <time>2026-05-12T07:08:55.000Z</time>
      </trkpt>
      <trkpt lat="47.765899" lon="15.335716">
        <ele>818.752149</ele>
        <time>2026-05-12T07:08:56.000Z</time>
      </trkpt>
      <trkpt lat="47.765882" lon="15.335706">
        <ele>818.912718</ele>
        <time>2026-05-12T07:08:57.000Z</time>
      </trkpt>
      <trkpt lat="47.765863" lon="15.335696">
        <ele>819.089740</ele>
        <time>2026-05-12T07:08:58.000Z</time>
      </trkpt>
      <trkpt lat="47.765843" lon="15.335688">
        <ele>819.259229</ele>
        <time>2026-05-12T07:08:59.000Z</time>
      </trkpt>
      <trkpt lat="47.765823" lon="15.335679">
        <ele>819.418007</ele>
        <time>2026-05-12T07:09:00.000Z</time>
      </trkpt>
      <trkpt lat="47.765804" lon="15.335671">
        <ele>819.568057</ele>
        <time>2026-05-12T07:09:01.000Z</time>
      </trkpt>
      <trkpt lat="47.765784" lon="15.335665">
        <ele>819.723095</ele>
        <time>2026-05-12T07:09:02.000Z</time>
      </trkpt>
      <trkpt lat="47.765759" lon="15.335657">
        <ele>819.917413</ele>
        <time>2026-05-12T07:09:03.000Z</time>
      </trkpt>
      <trkpt lat="47.765743" lon="15.335652">
        <ele>820.041649</ele>
        <time>2026-05-12T07:09:04.000Z</time>
      </trkpt>
      <trkpt lat="47.765720" lon="15.335651">
        <ele>820.216498</ele>
        <time>2026-05-12T07:09:05.000Z</time>
      </trkpt>
      <trkpt lat="47.765701" lon="15.335652">
        <ele>820.360968</ele>
        <time>2026-05-12T07:09:06.000Z</time>
      </trkpt>
      <trkpt lat="47.765684" lon="15.335654">
        <ele>820.490553</ele>
        <time>2026-05-12T07:09:07.000Z</time>
      </trkpt>
      <trkpt lat="47.765666" lon="15.335656">
        <ele>820.627714</ele>
        <time>2026-05-12T07:09:08.000Z</time>
      </trkpt>
      <trkpt lat="47.765646" lon="15.335661">
        <ele>820.781824</ele>
        <time>2026-05-12T07:09:09.000Z</time>
      </trkpt>
      <trkpt lat="47.765625" lon="15.335664">
        <ele>820.942135</ele>
        <time>2026-05-12T07:09:10.000Z</time>
      </trkpt>
      <trkpt lat="47.765606" lon="15.335668">
        <ele>821.087953</ele>
        <time>2026-05-12T07:09:11.000Z</time>
      </trkpt>
      <trkpt lat="47.765581" lon="15.335676">
        <ele>821.282271</ele>
        <time>2026-05-12T07:09:12.000Z</time>
      </trkpt>
      <trkpt lat="47.765566" lon="15.335682">
        <ele>821.400302</ele>
        <time>2026-05-12T07:09:13.000Z</time>
      </trkpt>
      <trkpt lat="47.765549" lon="15.335688">
        <ele>821.533069</ele>
        <time>2026-05-12T07:09:14.000Z</time>
      </trkpt>
      <trkpt lat="47.765533" lon="15.335693">
        <ele>821.657305</ele>
        <time>2026-05-12T07:09:15.000Z</time>
      </trkpt>
      <trkpt lat="47.765516" lon="15.335698">
        <ele>821.788987</ele>
        <time>2026-05-12T07:09:16.000Z</time>
      </trkpt>
      <trkpt lat="47.765499" lon="15.335699">
        <ele>821.918270</ele>
        <time>2026-05-12T07:09:17.000Z</time>
      </trkpt>
      <trkpt lat="47.765481" lon="15.335702">
        <ele>822.055906</ele>
        <time>2026-05-12T07:09:18.000Z</time>
      </trkpt>
      <trkpt lat="47.765463" lon="15.335704">
        <ele>822.193067</ele>
        <time>2026-05-12T07:09:19.000Z</time>
      </trkpt>
      <trkpt lat="47.765447" lon="15.335710">
        <ele>822.318453</ele>
        <time>2026-05-12T07:09:20.000Z</time>
      </trkpt>
      <trkpt lat="47.765425" lon="15.335718">
        <ele>822.490550</ele>
        <time>2026-05-12T07:09:21.000Z</time>
      </trkpt>
      <trkpt lat="47.765412" lon="15.335726">
        <ele>822.597454</ele>
        <time>2026-05-12T07:09:22.000Z</time>
      </trkpt>
      <trkpt lat="47.765396" lon="15.335733">
        <ele>822.724185</ele>
        <time>2026-05-12T07:09:23.000Z</time>
      </trkpt>
      <trkpt lat="47.765376" lon="15.335744">
        <ele>822.886216</ele>
        <time>2026-05-12T07:09:24.000Z</time>
      </trkpt>
      <trkpt lat="47.765358" lon="15.335752">
        <ele>823.028970</ele>
        <time>2026-05-12T07:09:25.000Z</time>
      </trkpt>
      <trkpt lat="47.765342" lon="15.335758">
        <ele>823.154356</ele>
        <time>2026-05-12T07:09:26.000Z</time>
      </trkpt>
      <trkpt lat="47.765324" lon="15.335765">
        <ele>823.295732</ele>
        <time>2026-05-12T07:09:27.000Z</time>
      </trkpt>
      <trkpt lat="47.765306" lon="15.335769">
        <ele>823.434030</ele>
        <time>2026-05-12T07:09:28.000Z</time>
      </trkpt>
      <trkpt lat="47.765288" lon="15.335771">
        <ele>823.571191</ele>
        <time>2026-05-12T07:09:29.000Z</time>
      </trkpt>
      <trkpt lat="47.765269" lon="15.335778">
        <ele>823.719932</ele>
        <time>2026-05-12T07:09:30.000Z</time>
      </trkpt>
      <trkpt lat="47.765249" lon="15.335788">
        <ele>823.880264</ele>
        <time>2026-05-12T07:09:31.000Z</time>
      </trkpt>
      <trkpt lat="47.765234" lon="15.335795">
        <ele>823.999724</ele>
        <time>2026-05-12T07:09:32.000Z</time>
      </trkpt>
      <trkpt lat="47.765212" lon="15.335804">
        <ele>824.173105</ele>
        <time>2026-05-12T07:09:33.000Z</time>
      </trkpt>
      <trkpt lat="47.765197" lon="15.335808">
        <ele>824.288906</ele>
        <time>2026-05-12T07:09:34.000Z</time>
      </trkpt>
      <trkpt lat="47.765178" lon="15.335812">
        <ele>824.434724</ele>
        <time>2026-05-12T07:09:35.000Z</time>
      </trkpt>
      <trkpt lat="47.765161" lon="15.335813">
        <ele>824.564006</ele>
        <time>2026-05-12T07:09:36.000Z</time>
      </trkpt>
      <trkpt lat="47.765139" lon="15.335818">
        <ele>824.733122</ele>
        <time>2026-05-12T07:09:37.000Z</time>
      </trkpt>
      <trkpt lat="47.765124" lon="15.335821">
        <ele>824.848131</ele>
        <time>2026-05-12T07:09:38.000Z</time>
      </trkpt>
      <trkpt lat="47.765103" lon="15.335823">
        <ele>825.008035</ele>
        <time>2026-05-12T07:09:39.000Z</time>
      </trkpt>
      <trkpt lat="47.765083" lon="15.335825">
        <ele>825.160356</ele>
        <time>2026-05-12T07:09:40.000Z</time>
      </trkpt>
      <trkpt lat="47.765064" lon="15.335827">
        <ele>825.305097</ele>
        <time>2026-05-12T07:09:41.000Z</time>
      </trkpt>
      <trkpt lat="47.765041" lon="15.335830">
        <ele>825.480542</ele>
        <time>2026-05-12T07:09:42.000Z</time>
      </trkpt>
      <trkpt lat="47.765021" lon="15.335828">
        <ele>825.632863</ele>
        <time>2026-05-12T07:09:43.000Z</time>
      </trkpt>
      <trkpt lat="47.765000" lon="15.335822">
        <ele>825.795357</ele>
        <time>2026-05-12T07:09:44.000Z</time>
      </trkpt>
      <trkpt lat="47.764981" lon="15.335815">
        <ele>825.944098</ele>
        <time>2026-05-12T07:09:45.000Z</time>
      </trkpt>
      <trkpt lat="47.764964" lon="15.335807">
        <ele>826.079588</ele>
        <time>2026-05-12T07:09:46.000Z</time>
      </trkpt>
      <trkpt lat="47.764946" lon="15.335795">
        <ele>826.229474</ele>
        <time>2026-05-12T07:09:47.000Z</time>
      </trkpt>
      <trkpt lat="47.764930" lon="15.335781">
        <ele>826.370527</ele>
        <time>2026-05-12T07:09:48.000Z</time>
      </trkpt>
      <trkpt lat="47.764914" lon="15.335766">
        <ele>826.514236</ele>
        <time>2026-05-12T07:09:49.000Z</time>
      </trkpt>
      <trkpt lat="47.764899" lon="15.335747">
        <ele>826.663938</ele>
        <time>2026-05-12T07:09:50.000Z</time>
      </trkpt>
      <trkpt lat="47.764885" lon="15.335723">
        <ele>826.826251</ele>
        <time>2026-05-12T07:09:51.000Z</time>
      </trkpt>
      <trkpt lat="47.764872" lon="15.335700">
        <ele>826.979744</ele>
        <time>2026-05-12T07:09:52.000Z</time>
      </trkpt>
      <trkpt lat="47.764860" lon="15.335677">
        <ele>827.128460</ele>
        <time>2026-05-12T07:09:53.000Z</time>
      </trkpt>
      <trkpt lat="47.764852" lon="15.335652">
        <ele>827.269887</ele>
        <time>2026-05-12T07:09:54.000Z</time>
      </trkpt>
      <trkpt lat="47.764845" lon="15.335623">
        <ele>827.427274</ele>
        <time>2026-05-12T07:09:55.000Z</time>
      </trkpt>
      <trkpt lat="47.764844" lon="15.335595">
        <ele>827.570495</ele>
        <time>2026-05-12T07:09:56.000Z</time>
      </trkpt>
      <trkpt lat="47.764844" lon="15.335566">
        <ele>827.718621</ele>
        <time>2026-05-12T07:09:57.000Z</time>
      </trkpt>
      <trkpt lat="47.764844" lon="15.335538">
        <ele>827.861639</ele>
        <time>2026-05-12T07:09:58.000Z</time>
      </trkpt>
      <trkpt lat="47.764845" lon="15.335510">
        <ele>828.004859</ele>
        <time>2026-05-12T07:09:59.000Z</time>
      </trkpt>
      <trkpt lat="47.764847" lon="15.335483">
        <ele>828.143605</ele>
        <time>2026-05-12T07:10:00.000Z</time>
      </trkpt>
      <trkpt lat="47.764852" lon="15.335455">
        <ele>828.291584</ele>
        <time>2026-05-12T07:10:01.000Z</time>
      </trkpt>
      <trkpt lat="47.764857" lon="15.335430">
        <ele>828.424812</ele>
        <time>2026-05-12T07:10:02.000Z</time>
      </trkpt>
      <trkpt lat="47.764866" lon="15.335407">
        <ele>828.560748</ele>
        <time>2026-05-12T07:10:03.000Z</time>
      </trkpt>
      <trkpt lat="47.764878" lon="15.335385">
        <ele>828.705463</ele>
        <time>2026-05-12T07:10:04.000Z</time>
      </trkpt>
      <trkpt lat="47.764893" lon="15.335369">
        <ele>828.845717</ele>
        <time>2026-05-12T07:10:05.000Z</time>
      </trkpt>
      <trkpt lat="47.764909" lon="15.335354">
        <ele>828.989427</ele>
        <time>2026-05-12T07:10:06.000Z</time>
      </trkpt>
      <trkpt lat="47.764926" lon="15.335339">
        <ele>829.139620</ele>
        <time>2026-05-12T07:10:07.000Z</time>
      </trkpt>
      <trkpt lat="47.764943" lon="15.335324">
        <ele>829.289814</ele>
        <time>2026-05-12T07:10:08.000Z</time>
      </trkpt>
      <trkpt lat="47.764960" lon="15.335309">
        <ele>829.440007</ele>
        <time>2026-05-12T07:10:09.000Z</time>
      </trkpt>
      <trkpt lat="47.764977" lon="15.335297">
        <ele>829.582992</ele>
        <time>2026-05-12T07:10:10.000Z</time>
      </trkpt>
      <trkpt lat="47.764993" lon="15.335286">
        <ele>829.716930</ele>
        <time>2026-05-12T07:10:11.000Z</time>
      </trkpt>
      <trkpt lat="47.765010" lon="15.335275">
        <ele>829.857801</ele>
        <time>2026-05-12T07:10:12.000Z</time>
      </trkpt>
      <trkpt lat="47.765028" lon="15.335268">
        <ele>829.999177</ele>
        <time>2026-05-12T07:10:13.000Z</time>
      </trkpt>
      <trkpt lat="47.765043" lon="15.335260">
        <ele>830.120264</ele>
        <time>2026-05-12T07:10:14.000Z</time>
      </trkpt>
      <trkpt lat="47.765060" lon="15.335253">
        <ele>830.254302</ele>
        <time>2026-05-12T07:10:15.000Z</time>
      </trkpt>
      <trkpt lat="47.765077" lon="15.335250">
        <ele>830.384390</ele>
        <time>2026-05-12T07:10:16.000Z</time>
      </trkpt>
      <trkpt lat="47.765094" lon="15.335243">
        <ele>830.518428</ele>
        <time>2026-05-12T07:10:17.000Z</time>
      </trkpt>
      <trkpt lat="47.765109" lon="15.335235">
        <ele>830.639515</ele>
        <time>2026-05-12T07:10:18.000Z</time>
      </trkpt>
      <trkpt lat="47.765125" lon="15.335230">
        <ele>830.763751</ele>
        <time>2026-05-12T07:10:19.000Z</time>
      </trkpt>
      <trkpt lat="47.765142" lon="15.335227">
        <ele>830.893838</ele>
        <time>2026-05-12T07:10:20.000Z</time>
      </trkpt>
      <trkpt lat="47.765158" lon="15.335220">
        <ele>831.020569</ele>
        <time>2026-05-12T07:10:21.000Z</time>
      </trkpt>
      <trkpt lat="47.765176" lon="15.335216">
        <ele>831.158867</ele>
        <time>2026-05-12T07:10:22.000Z</time>
      </trkpt>
      <trkpt lat="47.765196" lon="15.335215">
        <ele>831.310931</ele>
        <time>2026-05-12T07:10:23.000Z</time>
      </trkpt>
      <trkpt lat="47.765215" lon="15.335212">
        <ele>831.456121</ele>
        <time>2026-05-12T07:10:24.000Z</time>
      </trkpt>
      <trkpt lat="47.765232" lon="15.335204">
        <ele>831.591612</ele>
        <time>2026-05-12T07:10:25.000Z</time>
      </trkpt>
      <trkpt lat="47.765248" lon="15.335196">
        <ele>831.719877</ele>
        <time>2026-05-12T07:10:26.000Z</time>
      </trkpt>
      <trkpt lat="47.765263" lon="15.335190">
        <ele>831.837909</ele>
        <time>2026-05-12T07:10:27.000Z</time>
      </trkpt>
      <trkpt lat="47.765277" lon="15.335185">
        <ele>831.947316</ele>
        <time>2026-05-12T07:10:28.000Z</time>
      </trkpt>
      <trkpt lat="47.765294" lon="15.335180">
        <ele>832.078998</ele>
        <time>2026-05-12T07:10:29.000Z</time>
      </trkpt>
      <trkpt lat="47.765308" lon="15.335179">
        <ele>832.185506</ele>
        <time>2026-05-12T07:10:30.000Z</time>
      </trkpt>
      <trkpt lat="47.765322" lon="15.335177">
        <ele>832.292380</ele>
        <time>2026-05-12T07:10:31.000Z</time>
      </trkpt>
      <trkpt lat="47.765338" lon="15.335174">
        <ele>832.414924</ele>
        <time>2026-05-12T07:10:32.000Z</time>
      </trkpt>
      <trkpt lat="47.765356" lon="15.335171">
        <ele>832.552560</ele>
        <time>2026-05-12T07:10:33.000Z</time>
      </trkpt>
      <trkpt lat="47.765372" lon="15.335167">
        <ele>832.675848</ele>
        <time>2026-05-12T07:10:34.000Z</time>
      </trkpt>
      <trkpt lat="47.765388" lon="15.335166">
        <ele>832.797538</ele>
        <time>2026-05-12T07:10:35.000Z</time>
      </trkpt>
      <trkpt lat="47.765402" lon="15.335163">
        <ele>832.905863</ele>
        <time>2026-05-12T07:10:36.000Z</time>
      </trkpt>
      <trkpt lat="47.765416" lon="15.335158">
        <ele>833.016868</ele>
        <time>2026-05-12T07:10:37.000Z</time>
      </trkpt>
      <trkpt lat="47.765427" lon="15.335153">
        <ele>833.105547</ele>
        <time>2026-05-12T07:10:38.000Z</time>
      </trkpt>
      <trkpt lat="47.765444" lon="15.335144">
        <ele>833.244666</ele>
        <time>2026-05-12T07:10:39.000Z</time>
      </trkpt>
      <trkpt lat="47.765460" lon="15.335137">
        <ele>833.373247</ele>
        <time>2026-05-12T07:10:40.000Z</time>
      </trkpt>
      <trkpt lat="47.765478" lon="15.335132">
        <ele>833.514423</ele>
        <time>2026-05-12T07:10:41.000Z</time>
      </trkpt>
      <trkpt lat="47.765495" lon="15.335126">
        <ele>833.649128</ele>
        <time>2026-05-12T07:10:42.000Z</time>
      </trkpt>
      <trkpt lat="47.765513" lon="15.335124">
        <ele>833.788292</ele>
        <time>2026-05-12T07:10:43.000Z</time>
      </trkpt>
      <trkpt lat="47.765529" lon="15.335118">
        <ele>833.915508</ele>
        <time>2026-05-12T07:10:44.000Z</time>
      </trkpt>
      <trkpt lat="47.765547" lon="15.335111">
        <ele>834.058949</ele>
        <time>2026-05-12T07:10:45.000Z</time>
      </trkpt>
      <trkpt lat="47.765564" lon="15.335104">
        <ele>834.194944</ele>
        <time>2026-05-12T07:10:46.000Z</time>
      </trkpt>
      <trkpt lat="47.765581" lon="15.335095">
        <ele>834.334063</ele>
        <time>2026-05-12T07:10:47.000Z</time>
      </trkpt>
      <trkpt lat="47.765598" lon="15.335086">
        <ele>834.473182</ele>
        <time>2026-05-12T07:10:48.000Z</time>
      </trkpt>
      <trkpt lat="47.765614" lon="15.335075">
        <ele>834.609074</ele>
        <time>2026-05-12T07:10:49.000Z</time>
      </trkpt>
      <trkpt lat="47.765631" lon="15.335063">
        <ele>834.754147</ele>
        <time>2026-05-12T07:10:50.000Z</time>
      </trkpt>
      <trkpt lat="47.765646" lon="15.335053">
        <ele>834.880875</ele>
        <time>2026-05-12T07:10:51.000Z</time>
      </trkpt>
      <trkpt lat="47.765662" lon="15.335045">
        <ele>835.011013</ele>
        <time>2026-05-12T07:10:52.000Z</time>
      </trkpt>
      <trkpt lat="47.765679" lon="15.335039">
        <ele>835.145719</ele>
        <time>2026-05-12T07:10:53.000Z</time>
      </trkpt>
      <trkpt lat="47.765692" lon="15.335032">
        <ele>835.252310</ele>
        <time>2026-05-12T07:10:54.000Z</time>
      </trkpt>
      <trkpt lat="47.765705" lon="15.335021">
        <ele>835.367615</ele>
        <time>2026-05-12T07:10:55.000Z</time>
      </trkpt>
      <trkpt lat="47.765718" lon="15.335010">
        <ele>835.482920</ele>
        <time>2026-05-12T07:10:56.000Z</time>
      </trkpt>
      <trkpt lat="47.765733" lon="15.334998">
        <ele>835.614228</ele>
        <time>2026-05-12T07:10:57.000Z</time>
      </trkpt>
      <trkpt lat="47.765745" lon="15.334989">
        <ele>835.717838</ele>
        <time>2026-05-12T07:10:58.000Z</time>
      </trkpt>
      <trkpt lat="47.765760" lon="15.334980">
        <ele>835.842536</ele>
        <time>2026-05-12T07:10:59.000Z</time>
      </trkpt>
      <trkpt lat="47.765775" lon="15.334974">
        <ele>835.962291</ele>
        <time>2026-05-12T07:11:00.000Z</time>
      </trkpt>
      <trkpt lat="47.765790" lon="15.334964">
        <ele>836.089020</ele>
        <time>2026-05-12T07:11:01.000Z</time>
      </trkpt>
      <trkpt lat="47.765804" lon="15.334949">
        <ele>836.222036</ele>
        <time>2026-05-12T07:11:02.000Z</time>
      </trkpt>
      <trkpt lat="47.765817" lon="15.334931">
        <ele>836.358955</ele>
        <time>2026-05-12T07:11:03.000Z</time>
      </trkpt>
      <trkpt lat="47.765829" lon="15.334916">
        <ele>836.479795</ele>
        <time>2026-05-12T07:11:04.000Z</time>
      </trkpt>
      <trkpt lat="47.765839" lon="15.334902">
        <ele>836.585663</ele>
        <time>2026-05-12T07:11:05.000Z</time>
      </trkpt>
      <trkpt lat="47.765851" lon="15.334886">
        <ele>836.709900</ele>
        <time>2026-05-12T07:11:06.000Z</time>
      </trkpt>
      <trkpt lat="47.765866" lon="15.334870">
        <ele>836.852201</ele>
        <time>2026-05-12T07:11:07.000Z</time>
      </trkpt>
      <trkpt lat="47.765879" lon="15.334855">
        <ele>836.979040</ele>
        <time>2026-05-12T07:11:08.000Z</time>
      </trkpt>
      <trkpt lat="47.765894" lon="15.334840">
        <ele>837.118385</ele>
        <time>2026-05-12T07:11:09.000Z</time>
      </trkpt>
      <trkpt lat="47.765907" lon="15.334823">
        <ele>837.251828</ele>
        <time>2026-05-12T07:11:10.000Z</time>
      </trkpt>
      <trkpt lat="47.765919" lon="15.334806">
        <ele>837.379582</ele>
        <time>2026-05-12T07:11:11.000Z</time>
      </trkpt>
      <trkpt lat="47.765931" lon="15.334790">
        <ele>837.503819</ele>
        <time>2026-05-12T07:11:12.000Z</time>
      </trkpt>
      <trkpt lat="47.765940" lon="15.334771">
        <ele>837.624275</ele>
        <time>2026-05-12T07:11:13.000Z</time>
      </trkpt>
      <trkpt lat="47.765946" lon="15.334752">
        <ele>837.733064</ele>
        <time>2026-05-12T07:11:14.000Z</time>
      </trkpt>
      <trkpt lat="47.765954" lon="15.334730">
        <ele>837.862688</ele>
        <time>2026-05-12T07:11:15.000Z</time>
      </trkpt>
      <trkpt lat="47.765964" lon="15.334709">
        <ele>837.996059</ele>
        <time>2026-05-12T07:11:16.000Z</time>
      </trkpt>
      <trkpt lat="47.765974" lon="15.334689">
        <ele>838.125235</ele>
        <time>2026-05-12T07:11:17.000Z</time>
      </trkpt>
      <trkpt lat="47.765980" lon="15.334668">
        <ele>838.243486</ele>
        <time>2026-05-12T07:11:18.000Z</time>
      </trkpt>
      <trkpt lat="47.765987" lon="15.334645">
        <ele>838.374327</ele>
        <time>2026-05-12T07:11:19.000Z</time>
      </trkpt>
      <trkpt lat="47.765994" lon="15.334624">
        <ele>838.495802</ele>
        <time>2026-05-12T07:11:20.000Z</time>
      </trkpt>
      <trkpt lat="47.766004" lon="15.334600">
        <ele>838.642134</ele>
        <time>2026-05-12T07:11:21.000Z</time>
      </trkpt>
      <trkpt lat="47.766014" lon="15.334579">
        <ele>838.775504</ele>
        <time>2026-05-12T07:11:22.000Z</time>
      </trkpt>
      <trkpt lat="47.766023" lon="15.334558">
        <ele>838.904571</ele>
        <time>2026-05-12T07:11:23.000Z</time>
      </trkpt>
      <trkpt lat="47.766031" lon="15.334538">
        <ele>839.025180</ele>
        <time>2026-05-12T07:11:24.000Z</time>
      </trkpt>
      <trkpt lat="47.766039" lon="15.334517">
        <ele>839.150271</ele>
        <time>2026-05-12T07:11:25.000Z</time>
      </trkpt>
      <trkpt lat="47.766046" lon="15.334493">
        <ele>839.285850</ele>
        <time>2026-05-12T07:11:26.000Z</time>
      </trkpt>
      <trkpt lat="47.766049" lon="15.334469">
        <ele>839.412357</ele>
        <time>2026-05-12T07:11:27.000Z</time>
      </trkpt>
      <trkpt lat="47.766051" lon="15.334443">
        <ele>839.547975</ele>
        <time>2026-05-12T07:11:28.000Z</time>
      </trkpt>
      <trkpt lat="47.766051" lon="15.334418">
        <ele>839.677531</ele>
        <time>2026-05-12T07:11:29.000Z</time>
      </trkpt>
      <trkpt lat="47.766053" lon="15.334393">
        <ele>839.808002</ele>
        <time>2026-05-12T07:11:30.000Z</time>
      </trkpt>
      <trkpt lat="47.766053" lon="15.334368">
        <ele>839.937558</ele>
        <time>2026-05-12T07:11:31.000Z</time>
      </trkpt>
      <trkpt lat="47.766053" lon="15.334342">
        <ele>840.072297</ele>
        <time>2026-05-12T07:11:32.000Z</time>
      </trkpt>
      <trkpt lat="47.766054" lon="15.334315">
        <ele>840.212430</ele>
        <time>2026-05-12T07:11:33.000Z</time>
      </trkpt>
      <trkpt lat="47.766054" lon="15.334285">
        <ele>840.367898</ele>
        <time>2026-05-12T07:11:34.000Z</time>
      </trkpt>
      <trkpt lat="47.766052" lon="15.334259">
        <ele>840.503516</ele>
        <time>2026-05-12T07:11:35.000Z</time>
      </trkpt>
      <trkpt lat="47.766048" lon="15.334234">
        <ele>840.636692</ele>
        <time>2026-05-12T07:11:36.000Z</time>
      </trkpt>
      <trkpt lat="47.766044" lon="15.334207">
        <ele>840.779971</ele>
        <time>2026-05-12T07:11:37.000Z</time>
      </trkpt>
      <trkpt lat="47.766040" lon="15.334180">
        <ele>840.923251</ele>
        <time>2026-05-12T07:11:38.000Z</time>
      </trkpt>
      <trkpt lat="47.766033" lon="15.334156">
        <ele>841.058829</ele>
        <time>2026-05-12T07:11:39.000Z</time>
      </trkpt>
      <trkpt lat="47.766022" lon="15.334132">
        <ele>841.209367</ele>
        <time>2026-05-12T07:11:40.000Z</time>
      </trkpt>
      <trkpt lat="47.766008" lon="15.334108">
        <ele>841.374047</ele>
        <time>2026-05-12T07:11:41.000Z</time>
      </trkpt>
      <trkpt lat="47.765994" lon="15.334085">
        <ele>841.534849</ele>
        <time>2026-05-12T07:11:42.000Z</time>
      </trkpt>
      <trkpt lat="47.765980" lon="15.334061">
        <ele>841.699529</ele>
        <time>2026-05-12T07:11:43.000Z</time>
      </trkpt>
      <trkpt lat="47.765966" lon="15.334042">
        <ele>841.845631</ele>
        <time>2026-05-12T07:11:44.000Z</time>
      </trkpt>
      <trkpt lat="47.765951" lon="15.334024">
        <ele>841.994210</ele>
        <time>2026-05-12T07:11:45.000Z</time>
      </trkpt>
      <trkpt lat="47.765935" lon="15.334010">
        <ele>842.137321</ele>
        <time>2026-05-12T07:11:46.000Z</time>
      </trkpt>
      <trkpt lat="47.765917" lon="15.333998">
        <ele>842.289395</ele>
        <time>2026-05-12T07:11:47.000Z</time>
      </trkpt>
      <trkpt lat="47.765899" lon="15.333988">
        <ele>842.437533</ele>
        <time>2026-05-12T07:11:48.000Z</time>
      </trkpt>
      <trkpt lat="47.765879" lon="15.333977">
        <ele>842.601930</ele>
        <time>2026-05-12T07:11:49.000Z</time>
      </trkpt>
      <trkpt lat="47.765862" lon="15.333968">
        <ele>842.741049</ele>
        <time>2026-05-12T07:11:50.000Z</time>
      </trkpt>
      <trkpt lat="47.765842" lon="15.333964">
        <ele>842.896633</ele>
        <time>2026-05-12T07:11:51.000Z</time>
      </trkpt>
      <trkpt lat="47.765822" lon="15.333960">
        <ele>843.052217</ele>
        <time>2026-05-12T07:11:52.000Z</time>
      </trkpt>
      <trkpt lat="47.765803" lon="15.333955">
        <ele>843.200979</ele>
        <time>2026-05-12T07:11:53.000Z</time>
      </trkpt>
      <trkpt lat="47.765785" lon="15.333953">
        <ele>843.340143</ele>
        <time>2026-05-12T07:11:54.000Z</time>
      </trkpt>
      <trkpt lat="47.765767" lon="15.333949">
        <ele>843.480460</ele>
        <time>2026-05-12T07:11:55.000Z</time>
      </trkpt>
      <trkpt lat="47.765748" lon="15.333948">
        <ele>843.627039</ele>
        <time>2026-05-12T07:11:56.000Z</time>
      </trkpt>
      <trkpt lat="47.765729" lon="15.333948">
        <ele>843.773526</ele>
        <time>2026-05-12T07:11:57.000Z</time>
      </trkpt>
      <trkpt lat="47.765709" lon="15.333950">
        <ele>843.928071</ele>
        <time>2026-05-12T07:11:58.000Z</time>
      </trkpt>
      <trkpt lat="47.765690" lon="15.333952">
        <ele>844.074925</ele>
        <time>2026-05-12T07:11:59.000Z</time>
      </trkpt>
      <trkpt lat="47.765668" lon="15.333958">
        <ele>844.247369</ele>
        <time>2026-05-12T07:12:00.000Z</time>
      </trkpt>
      <trkpt lat="47.765647" lon="15.333965">
        <ele>844.413290</ele>
        <time>2026-05-12T07:12:01.000Z</time>
      </trkpt>
      <trkpt lat="47.765626" lon="15.333973">
        <ele>844.580421</ele>
        <time>2026-05-12T07:12:02.000Z</time>
      </trkpt>
      <trkpt lat="47.765606" lon="15.333983">
        <ele>844.743093</ele>
        <time>2026-05-12T07:12:03.000Z</time>
      </trkpt>
      <trkpt lat="47.765588" lon="15.333990">
        <ele>844.886534</ele>
        <time>2026-05-12T07:12:04.000Z</time>
      </trkpt>
      <trkpt lat="47.765571" lon="15.333993">
        <ele>845.018520</ele>
        <time>2026-05-12T07:12:05.000Z</time>
      </trkpt>
      <trkpt lat="47.765556" lon="15.333993">
        <ele>845.134168</ele>
        <time>2026-05-12T07:12:06.000Z</time>
      </trkpt>
      <trkpt lat="47.765540" lon="15.333992">
        <ele>845.257635</ele>
        <time>2026-05-12T07:12:07.000Z</time>
      </trkpt>
      <trkpt lat="47.765522" lon="15.333995">
        <ele>845.397280</ele>
        <time>2026-05-12T07:12:08.000Z</time>
      </trkpt>
      <trkpt lat="47.765505" lon="15.333994">
        <ele>845.528450</ele>
        <time>2026-05-12T07:12:09.000Z</time>
      </trkpt>
      <trkpt lat="47.765487" lon="15.334000">
        <ele>845.670669</ele>
        <time>2026-05-12T07:12:10.000Z</time>
      </trkpt>
      <trkpt lat="47.765471" lon="15.334000">
        <ele>845.794027</ele>
        <time>2026-05-12T07:12:11.000Z</time>
      </trkpt>
      <trkpt lat="47.765452" lon="15.334007">
        <ele>845.944939</ele>
        <time>2026-05-12T07:12:12.000Z</time>
      </trkpt>
      <trkpt lat="47.765434" lon="15.334016">
        <ele>846.091344</ele>
        <time>2026-05-12T07:12:13.000Z</time>
      </trkpt>
      <trkpt lat="47.765416" lon="15.334024">
        <ele>846.236182</ele>
        <time>2026-05-12T07:12:14.000Z</time>
      </trkpt>
      <trkpt lat="47.765400" lon="15.334030">
        <ele>846.363398</ele>
        <time>2026-05-12T07:12:15.000Z</time>
      </trkpt>
      <trkpt lat="47.765385" lon="15.334034">
        <ele>846.480890</ele>
        <time>2026-05-12T07:12:16.000Z</time>
      </trkpt>
      <trkpt lat="47.765368" lon="15.334040">
        <ele>846.615595</ele>
        <time>2026-05-12T07:12:17.000Z</time>
      </trkpt>
      <trkpt lat="47.765351" lon="15.334050">
        <ele>846.761483</ele>
        <time>2026-05-12T07:12:18.000Z</time>
      </trkpt>
      <trkpt lat="47.765334" lon="15.334058">
        <ele>846.915162</ele>
        <time>2026-05-12T07:12:19.000Z</time>
      </trkpt>
      <trkpt lat="47.765318" lon="15.334064">
        <ele>847.057379</ele>
        <time>2026-05-12T07:12:20.000Z</time>
      </trkpt>
      <trkpt lat="47.765303" lon="15.334072">
        <ele>847.194721</ele>
        <time>2026-05-12T07:12:21.000Z</time>
      </trkpt>
      <trkpt lat="47.765287" lon="15.334083">
        <ele>847.346638</ele>
        <time>2026-05-12T07:12:22.000Z</time>
      </trkpt>
      <trkpt lat="47.765272" lon="15.334092">
        <ele>847.486041</ele>
        <time>2026-05-12T07:12:23.000Z</time>
      </trkpt>
      <trkpt lat="47.765258" lon="15.334099">
        <ele>847.613339</ele>
        <time>2026-05-12T07:12:24.000Z</time>
      </trkpt>
      <trkpt lat="47.765242" lon="15.334105">
        <ele>847.755557</ele>
        <time>2026-05-12T07:12:25.000Z</time>
      </trkpt>
      <trkpt lat="47.765226" lon="15.334110">
        <ele>847.896470</ele>
        <time>2026-05-12T07:12:26.000Z</time>
      </trkpt>
      <trkpt lat="47.765208" lon="15.334115">
        <ele>848.054294</ele>
        <time>2026-05-12T07:12:27.000Z</time>
      </trkpt>
      <trkpt lat="47.765191" lon="15.334119">
        <ele>848.202638</ele>
        <time>2026-05-12T07:12:28.000Z</time>
      </trkpt>
      <trkpt lat="47.765175" lon="15.334126">
        <ele>848.346381</ele>
        <time>2026-05-12T07:12:29.000Z</time>
      </trkpt>
      <trkpt lat="47.765158" lon="15.334133">
        <ele>848.498413</ele>
        <time>2026-05-12T07:12:30.000Z</time>
      </trkpt>
      <trkpt lat="47.765141" lon="15.334141">
        <ele>848.652091</ele>
        <time>2026-05-12T07:12:31.000Z</time>
      </trkpt>
      <trkpt lat="47.765125" lon="15.334148">
        <ele>848.795835</ele>
        <time>2026-05-12T07:12:32.000Z</time>
      </trkpt>
      <trkpt lat="47.765110" lon="15.334154">
        <ele>848.929711</ele>
        <time>2026-05-12T07:12:33.000Z</time>
      </trkpt>
      <trkpt lat="47.765095" lon="15.334161">
        <ele>849.065208</ele>
        <time>2026-05-12T07:12:34.000Z</time>
      </trkpt>
      <trkpt lat="47.765080" lon="15.334164">
        <ele>849.195656</ele>
        <time>2026-05-12T07:12:35.000Z</time>
      </trkpt>
      <trkpt lat="47.765066" lon="15.334169">
        <ele>849.319750</ele>
        <time>2026-05-12T07:12:36.000Z</time>
      </trkpt>
      <trkpt lat="47.765049" lon="15.334182">
        <ele>849.484496</ele>
        <time>2026-05-12T07:12:37.000Z</time>
      </trkpt>
      <trkpt lat="47.765033" lon="15.334195">
        <ele>849.641626</ele>
        <time>2026-05-12T07:12:38.000Z</time>
      </trkpt>
      <trkpt lat="47.765018" lon="15.334207">
        <ele>849.788418</ele>
        <time>2026-05-12T07:12:39.000Z</time>
      </trkpt>
      <trkpt lat="47.765003" lon="15.334217">
        <ele>849.930091</ele>
        <time>2026-05-12T07:12:40.000Z</time>
      </trkpt>
      <trkpt lat="47.764987" lon="15.334225">
        <ele>850.075575</ele>
        <time>2026-05-12T07:12:41.000Z</time>
      </trkpt>
      <trkpt lat="47.764973" lon="15.334238">
        <ele>850.217816</ele>
        <time>2026-05-12T07:12:42.000Z</time>
      </trkpt>
      <trkpt lat="47.764958" lon="15.334250">
        <ele>850.364608</ele>
        <time>2026-05-12T07:12:43.000Z</time>
      </trkpt>
      <trkpt lat="47.764944" lon="15.334262">
        <ele>850.503869</ele>
        <time>2026-05-12T07:12:44.000Z</time>
      </trkpt>
      <trkpt lat="47.764929" lon="15.334269">
        <ele>850.639365</ele>
        <time>2026-05-12T07:12:45.000Z</time>
      </trkpt>
      <trkpt lat="47.764913" lon="15.334268">
        <ele>850.777391</ele>
        <time>2026-05-12T07:12:46.000Z</time>
      </trkpt>
      <trkpt lat="47.764897" lon="15.334277">
        <ele>850.924823</ele>
        <time>2026-05-12T07:12:47.000Z</time>
      </trkpt>
      <trkpt lat="47.764882" lon="15.334287">
        <ele>851.066495</ele>
        <time>2026-05-12T07:12:48.000Z</time>
      </trkpt>
      <trkpt lat="47.764867" lon="15.334294">
        <ele>851.201992</ele>
        <time>2026-05-12T07:12:49.000Z</time>
      </trkpt>
      <trkpt lat="47.764850" lon="15.334304">
        <ele>851.359553</ele>
        <time>2026-05-12T07:12:50.000Z</time>
      </trkpt>
      <trkpt lat="47.764833" lon="15.334312">
        <ele>851.513231</ele>
        <time>2026-05-12T07:12:51.000Z</time>
      </trkpt>
      <trkpt lat="47.764819" lon="15.334321">
        <ele>851.644681</ele>
        <time>2026-05-12T07:12:52.000Z</time>
      </trkpt>
      <trkpt lat="47.764806" lon="15.334331">
        <ele>851.770820</ele>
        <time>2026-05-12T07:12:53.000Z</time>
      </trkpt>
      <trkpt lat="47.764791" lon="15.334340">
        <ele>851.910223</ele>
        <time>2026-05-12T07:12:54.000Z</time>
      </trkpt>
      <trkpt lat="47.764777" lon="15.334346">
        <ele>852.035796</ele>
        <time>2026-05-12T07:12:55.000Z</time>
      </trkpt>
      <trkpt lat="47.764762" lon="15.334354">
        <ele>852.173138</ele>
        <time>2026-05-12T07:12:56.000Z</time>
      </trkpt>
      <trkpt lat="47.764748" lon="15.334364">
        <ele>852.306991</ele>
        <time>2026-05-12T07:12:57.000Z</time>
      </trkpt>
      <trkpt lat="47.764732" lon="15.334375">
        <ele>852.458909</ele>
        <time>2026-05-12T07:12:58.000Z</time>
      </trkpt>
      <trkpt lat="47.764720" lon="15.334383">
        <ele>852.572246</ele>
        <time>2026-05-12T07:12:59.000Z</time>
      </trkpt>
      <trkpt lat="47.764708" lon="15.334395">
        <ele>852.696869</ele>
        <time>2026-05-12T07:13:00.000Z</time>
      </trkpt>
      <trkpt lat="47.764694" lon="15.334404">
        <ele>852.828318</ele>
        <time>2026-05-12T07:13:01.000Z</time>
      </trkpt>
      <trkpt lat="47.764679" lon="15.334414">
        <ele>852.969991</ele>
        <time>2026-05-12T07:13:02.000Z</time>
      </trkpt>
      <trkpt lat="47.764666" lon="15.334423">
        <ele>853.093576</ele>
        <time>2026-05-12T07:13:03.000Z</time>
      </trkpt>
      <trkpt lat="47.764652" lon="15.334431">
        <ele>853.222837</ele>
        <time>2026-05-12T07:13:04.000Z</time>
      </trkpt>
      <trkpt lat="47.764639" lon="15.334437">
        <ele>853.340152</ele>
        <time>2026-05-12T07:13:05.000Z</time>
      </trkpt>
      <trkpt lat="47.764626" lon="15.334441">
        <ele>853.454570</ele>
        <time>2026-05-12T07:13:06.000Z</time>
      </trkpt>
      <trkpt lat="47.764612" lon="15.334446">
        <ele>853.578665</ele>
        <time>2026-05-12T07:13:07.000Z</time>
      </trkpt>
      <trkpt lat="47.764596" lon="15.334456">
        <ele>853.728244</ele>
        <time>2026-05-12T07:13:08.000Z</time>
      </trkpt>
      <trkpt lat="47.764582" lon="15.334472">
        <ele>853.880405</ele>
        <time>2026-05-12T07:13:09.000Z</time>
      </trkpt>
      <trkpt lat="47.764567" lon="15.334488">
        <ele>854.039487</ele>
        <time>2026-05-12T07:13:10.000Z</time>
      </trkpt>
      <trkpt lat="47.764552" lon="15.334499">
        <ele>854.183626</ele>
        <time>2026-05-12T07:13:11.000Z</time>
      </trkpt>
      <trkpt lat="47.764537" lon="15.334511">
        <ele>854.330418</ele>
        <time>2026-05-12T07:13:12.000Z</time>
      </trkpt>
      <trkpt lat="47.764525" lon="15.334521">
        <ele>854.448967</ele>
        <time>2026-05-12T07:13:13.000Z</time>
      </trkpt>
      <trkpt lat="47.764513" lon="15.334528">
        <ele>854.560062</ele>
        <time>2026-05-12T07:13:14.000Z</time>
      </trkpt>
      <trkpt lat="47.764499" lon="15.334538">
        <ele>854.693915</ele>
        <time>2026-05-12T07:13:15.000Z</time>
      </trkpt>
      <trkpt lat="47.764485" lon="15.334544">
        <ele>854.819488</ele>
        <time>2026-05-12T07:13:16.000Z</time>
      </trkpt>
      <trkpt lat="47.764470" lon="15.334553">
        <ele>854.958892</ele>
        <time>2026-05-12T07:13:17.000Z</time>
      </trkpt>
      <trkpt lat="47.764455" lon="15.334566">
        <ele>855.108515</ele>
        <time>2026-05-12T07:13:18.000Z</time>
      </trkpt>
      <trkpt lat="47.764440" lon="15.334577">
        <ele>855.252654</ele>
        <time>2026-05-12T07:13:19.000Z</time>
      </trkpt>
      <trkpt lat="47.764426" lon="15.334586">
        <ele>855.384104</ele>
        <time>2026-05-12T07:13:20.000Z</time>
      </trkpt>
      <trkpt lat="47.764410" lon="15.334595">
        <ele>855.531536</ele>
        <time>2026-05-12T07:13:21.000Z</time>
      </trkpt>
      <trkpt lat="47.764395" lon="15.334606">
        <ele>855.675675</ele>
        <time>2026-05-12T07:13:22.000Z</time>
      </trkpt>
      <trkpt lat="47.764379" lon="15.334611">
        <ele>855.816588</ele>
        <time>2026-05-12T07:13:23.000Z</time>
      </trkpt>
      <trkpt lat="47.764363" lon="15.334612">
        <ele>855.954614</ele>
        <time>2026-05-12T07:13:24.000Z</time>
      </trkpt>
      <trkpt lat="47.764346" lon="15.334617">
        <ele>856.103973</ele>
        <time>2026-05-12T07:13:25.000Z</time>
      </trkpt>
      <trkpt lat="47.764329" lon="15.334622">
        <ele>856.253332</ele>
        <time>2026-05-12T07:13:26.000Z</time>
      </trkpt>
      <trkpt lat="47.764310" lon="15.334625">
        <ele>856.418013</ele>
        <time>2026-05-12T07:13:27.000Z</time>
      </trkpt>
      <trkpt lat="47.764291" lon="15.334624">
        <ele>856.581876</ele>
        <time>2026-05-12T07:13:28.000Z</time>
      </trkpt>
      <trkpt lat="47.764273" lon="15.334620">
        <ele>856.738740</ele>
        <time>2026-05-12T07:13:29.000Z</time>
      </trkpt>
      <trkpt lat="47.764253" lon="15.334616">
        <ele>856.912670</ele>
        <time>2026-05-12T07:13:30.000Z</time>
      </trkpt>
      <trkpt lat="47.764235" lon="15.334612">
        <ele>857.069534</ele>
        <time>2026-05-12T07:13:31.000Z</time>
      </trkpt>
      <trkpt lat="47.764217" lon="15.334606">
        <ele>857.228522</ele>
        <time>2026-05-12T07:13:32.000Z</time>
      </trkpt>
      <trkpt lat="47.764198" lon="15.334600">
        <ele>857.395932</ele>
        <time>2026-05-12T07:13:33.000Z</time>
      </trkpt>
      <trkpt lat="47.764180" lon="15.334593">
        <ele>857.556287</ele>
        <time>2026-05-12T07:13:34.000Z</time>
      </trkpt>
      <trkpt lat="47.764163" lon="15.334582">
        <ele>857.716070</ele>
        <time>2026-05-12T07:13:35.000Z</time>
      </trkpt>
      <trkpt lat="47.764147" lon="15.334570">
        <ele>857.870507</ele>
        <time>2026-05-12T07:13:36.000Z</time>
      </trkpt>
      <trkpt lat="47.764133" lon="15.334555">
        <ele>858.019210</ele>
        <time>2026-05-12T07:13:37.000Z</time>
      </trkpt>
      <trkpt lat="47.764118" lon="15.334539">
        <ele>858.178292</ele>
        <time>2026-05-12T07:13:38.000Z</time>
      </trkpt>
      <trkpt lat="47.764106" lon="15.334523">
        <ele>858.317181</ele>
        <time>2026-05-12T07:13:39.000Z</time>
      </trkpt>
      <trkpt lat="47.764093" lon="15.334503">
        <ele>858.478366</ele>
        <time>2026-05-12T07:13:40.000Z</time>
      </trkpt>
      <trkpt lat="47.764080" lon="15.334484">
        <ele>858.635438</ele>
        <time>2026-05-12T07:13:41.000Z</time>
      </trkpt>
      <trkpt lat="47.764068" lon="15.334464">
        <ele>858.790756</ele>
        <time>2026-05-12T07:13:42.000Z</time>
      </trkpt>
      <trkpt lat="47.764057" lon="15.334443">
        <ele>858.944999</ele>
        <time>2026-05-12T07:13:43.000Z</time>
      </trkpt>
      <trkpt lat="47.764049" lon="15.334421">
        <ele>859.089913</ele>
        <time>2026-05-12T07:13:44.000Z</time>
      </trkpt>
      <trkpt lat="47.764046" lon="15.334396">
        <ele>859.237042</ele>
        <time>2026-05-12T07:13:45.000Z</time>
      </trkpt>
      <trkpt lat="47.764046" lon="15.334369">
        <ele>859.393469</ele>
        <time>2026-05-12T07:13:46.000Z</time>
      </trkpt>
      <trkpt lat="47.764052" lon="15.334340">
        <ele>859.569261</ele>
        <time>2026-05-12T07:13:47.000Z</time>
      </trkpt>
      <trkpt lat="47.764059" lon="15.334315">
        <ele>859.726164</ele>
        <time>2026-05-12T07:13:48.000Z</time>
      </trkpt>
      <trkpt lat="47.764067" lon="15.334290">
        <ele>859.886578</ele>
        <time>2026-05-12T07:13:49.000Z</time>
      </trkpt>
      <trkpt lat="47.764077" lon="15.334269">
        <ele>860.035679</ele>
        <time>2026-05-12T07:13:50.000Z</time>
      </trkpt>
      <trkpt lat="47.764089" lon="15.334246">
        <ele>860.204360</ele>
        <time>2026-05-12T07:13:51.000Z</time>
      </trkpt>
      <trkpt lat="47.764099" lon="15.334224">
        <ele>860.358225</ele>
        <time>2026-05-12T07:13:52.000Z</time>
      </trkpt>
      <trkpt lat="47.764112" lon="15.334205">
        <ele>860.515297</ele>
        <time>2026-05-12T07:13:53.000Z</time>
      </trkpt>
      <trkpt lat="47.764126" lon="15.334188">
        <ele>860.671055</ele>
        <time>2026-05-12T07:13:54.000Z</time>
      </trkpt>
      <trkpt lat="47.764143" lon="15.334179">
        <ele>860.826579</ele>
        <time>2026-05-12T07:13:55.000Z</time>
      </trkpt>
      <trkpt lat="47.764160" lon="15.334166">
        <ele>860.991326</ele>
        <time>2026-05-12T07:13:56.000Z</time>
      </trkpt>
      <trkpt lat="47.764178" lon="15.334155">
        <ele>861.159048</ele>
        <time>2026-05-12T07:13:57.000Z</time>
      </trkpt>
      <trkpt lat="47.764195" lon="15.334144">
        <ele>861.318830</ele>
        <time>2026-05-12T07:13:58.000Z</time>
      </trkpt>
      <trkpt lat="47.764213" lon="15.334136">
        <ele>861.480747</ele>
        <time>2026-05-12T07:13:59.000Z</time>
      </trkpt>
      <trkpt lat="47.764230" lon="15.334125">
        <ele>861.640530</ele>
        <time>2026-05-12T07:14:00.000Z</time>
      </trkpt>
      <trkpt lat="47.764246" lon="15.334117">
        <ele>861.786014</ele>
        <time>2026-05-12T07:14:01.000Z</time>
      </trkpt>
      <trkpt lat="47.764263" lon="15.334110">
        <ele>861.938046</ele>
        <time>2026-05-12T07:14:02.000Z</time>
      </trkpt>
      <trkpt lat="47.764280" lon="15.334101">
        <ele>862.093570</ele>
        <time>2026-05-12T07:14:03.000Z</time>
      </trkpt>
      <trkpt lat="47.764296" lon="15.334093">
        <ele>862.240865</ele>
        <time>2026-05-12T07:14:04.000Z</time>
      </trkpt>
      <trkpt lat="47.764311" lon="15.334090">
        <ele>862.382064</ele>
        <time>2026-05-12T07:14:05.000Z</time>
      </trkpt>
      <trkpt lat="47.764326" lon="15.334085">
        <ele>862.525475</ele>
        <time>2026-05-12T07:14:06.000Z</time>
      </trkpt>
      <trkpt lat="47.764341" lon="15.334080">
        <ele>862.668886</ele>
        <time>2026-05-12T07:14:07.000Z</time>
      </trkpt>
      <trkpt lat="47.764355" lon="15.334075">
        <ele>862.803208</ele>
        <time>2026-05-12T07:14:08.000Z</time>
      </trkpt>
      <trkpt lat="47.764371" lon="15.334071">
        <ele>862.954572</ele>
        <time>2026-05-12T07:14:09.000Z</time>
      </trkpt>
      <trkpt lat="47.764388" lon="15.334068">
        <ele>863.114283</ele>
        <time>2026-05-12T07:14:10.000Z</time>
      </trkpt>
      <trkpt lat="47.764403" lon="15.334063">
        <ele>863.257694</ele>
        <time>2026-05-12T07:14:11.000Z</time>
      </trkpt>
      <trkpt lat="47.764418" lon="15.334058">
        <ele>863.401104</ele>
        <time>2026-05-12T07:14:12.000Z</time>
      </trkpt>
      <trkpt lat="47.764434" lon="15.334053">
        <ele>863.553632</ele>
        <time>2026-05-12T07:14:13.000Z</time>
      </trkpt>
      <trkpt lat="47.764449" lon="15.334047">
        <ele>863.698543</ele>
        <time>2026-05-12T07:14:14.000Z</time>
      </trkpt>
      <trkpt lat="47.764462" lon="15.334040">
        <ele>863.827525</ele>
        <time>2026-05-12T07:14:15.000Z</time>
      </trkpt>
      <trkpt lat="47.764475" lon="15.334035">
        <ele>863.952795</ele>
        <time>2026-05-12T07:14:16.000Z</time>
      </trkpt>
      <trkpt lat="47.764489" lon="15.334028">
        <ele>864.090586</ele>
        <time>2026-05-12T07:14:17.000Z</time>
      </trkpt>
      <trkpt lat="47.764504" lon="15.334023">
        <ele>864.233997</ele>
        <time>2026-05-12T07:14:18.000Z</time>
      </trkpt>
      <trkpt lat="47.764519" lon="15.334019">
        <ele>864.376168</ele>
        <time>2026-05-12T07:14:19.000Z</time>
      </trkpt>
      <trkpt lat="47.764535" lon="15.334009">
        <ele>864.538076</ele>
        <time>2026-05-12T07:14:20.000Z</time>
      </trkpt>
      <trkpt lat="47.764550" lon="15.333999">
        <ele>864.691425</ele>
        <time>2026-05-12T07:14:21.000Z</time>
      </trkpt>
      <trkpt lat="47.764566" lon="15.333992">
        <ele>864.847017</ele>
        <time>2026-05-12T07:14:22.000Z</time>
      </trkpt>
      <trkpt lat="47.764581" lon="15.333988">
        <ele>864.989188</ele>
        <time>2026-05-12T07:14:23.000Z</time>
      </trkpt>
      <trkpt lat="47.764597" lon="15.333984">
        <ele>865.140551</ele>
        <time>2026-05-12T07:14:24.000Z</time>
      </trkpt>
      <trkpt lat="47.764612" lon="15.333978">
        <ele>865.285462</ele>
        <time>2026-05-12T07:14:25.000Z</time>
      </trkpt>
      <trkpt lat="47.764628" lon="15.333967">
        <ele>865.449901</ele>
        <time>2026-05-12T07:14:26.000Z</time>
      </trkpt>
      <trkpt lat="47.764644" lon="15.333957">
        <ele>865.611809</ele>
        <time>2026-05-12T07:14:27.000Z</time>
      </trkpt>
      <trkpt lat="47.764660" lon="15.333951">
        <ele>865.765748</ele>
        <time>2026-05-12T07:14:28.000Z</time>
      </trkpt>
      <trkpt lat="47.764674" lon="15.333941">
        <ele>865.910634</ele>
        <time>2026-05-12T07:14:29.000Z</time>
      </trkpt>
      <trkpt lat="47.764690" lon="15.333927">
        <ele>866.083809</ele>
        <time>2026-05-12T07:14:30.000Z</time>
      </trkpt>
      <trkpt lat="47.764707" lon="15.333916">
        <ele>866.256760</ele>
        <time>2026-05-12T07:14:31.000Z</time>
      </trkpt>
      <trkpt lat="47.764722" lon="15.333907">
        <ele>866.407654</ele>
        <time>2026-05-12T07:14:32.000Z</time>
      </trkpt>
      <trkpt lat="47.764736" lon="15.333897">
        <ele>866.552540</ele>
        <time>2026-05-12T07:14:33.000Z</time>
      </trkpt>
      <trkpt lat="47.764750" lon="15.333884">
        <ele>866.706505</ele>
        <time>2026-05-12T07:14:34.000Z</time>
      </trkpt>
      <trkpt lat="47.764762" lon="15.333866">
        <ele>866.865486</ele>
        <time>2026-05-12T07:14:35.000Z</time>
      </trkpt>
      <trkpt lat="47.764776" lon="15.333852">
        <ele>867.022862</ele>
        <time>2026-05-12T07:14:36.000Z</time>
      </trkpt>
      <trkpt lat="47.764790" lon="15.333840">
        <ele>867.173601</ele>
        <time>2026-05-12T07:14:37.000Z</time>
      </trkpt>
      <trkpt lat="47.764804" lon="15.333829">
        <ele>867.321309</ele>
        <time>2026-05-12T07:14:38.000Z</time>
      </trkpt>
      <trkpt lat="47.764818" lon="15.333818">
        <ele>867.469017</ele>
        <time>2026-05-12T07:14:39.000Z</time>
      </trkpt>
      <trkpt lat="47.764830" lon="15.333800">
        <ele>867.627998</ele>
        <time>2026-05-12T07:14:40.000Z</time>
      </trkpt>
      <trkpt lat="47.764840" lon="15.333784">
        <ele>867.765005</ele>
        <time>2026-05-12T07:14:41.000Z</time>
      </trkpt>
      <trkpt lat="47.764853" lon="15.333767">
        <ele>867.926481</ele>
        <time>2026-05-12T07:14:42.000Z</time>
      </trkpt>
      <trkpt lat="47.764864" lon="15.333752">
        <ele>868.065692</ele>
        <time>2026-05-12T07:14:43.000Z</time>
      </trkpt>
      <trkpt lat="47.764877" lon="15.333734">
        <ele>868.231375</ele>
        <time>2026-05-12T07:14:44.000Z</time>
      </trkpt>
      <trkpt lat="47.764887" lon="15.333715">
        <ele>868.382703</ele>
        <time>2026-05-12T07:14:45.000Z</time>
      </trkpt>
      <trkpt lat="47.764898" lon="15.333697">
        <ele>868.535257</ele>
        <time>2026-05-12T07:14:46.000Z</time>
      </trkpt>
      <trkpt lat="47.764909" lon="15.333676">
        <ele>868.702212</ele>
        <time>2026-05-12T07:14:47.000Z</time>
      </trkpt>
      <trkpt lat="47.764920" lon="15.333658">
        <ele>868.854767</ele>
        <time>2026-05-12T07:14:48.000Z</time>
      </trkpt>
      <trkpt lat="47.764932" lon="15.333640">
        <ele>869.013747</ele>
        <time>2026-05-12T07:14:49.000Z</time>
      </trkpt>
      <trkpt lat="47.764944" lon="15.333621">
        <ele>869.177240</ele>
        <time>2026-05-12T07:14:50.000Z</time>
      </trkpt>
      <trkpt lat="47.764954" lon="15.333606">
        <ele>869.309723</ele>
        <time>2026-05-12T07:14:51.000Z</time>
      </trkpt>
      <trkpt lat="47.764964" lon="15.333587">
        <ele>869.461051</ele>
        <time>2026-05-12T07:14:52.000Z</time>
      </trkpt>
      <trkpt lat="47.764974" lon="15.333569">
        <ele>869.607493</ele>
        <time>2026-05-12T07:14:53.000Z</time>
      </trkpt>
      <trkpt lat="47.764984" lon="15.333550">
        <ele>869.758821</ele>
        <time>2026-05-12T07:14:54.000Z</time>
      </trkpt>
      <trkpt lat="47.764991" lon="15.333531">
        <ele>869.894693</ele>
        <time>2026-05-12T07:14:55.000Z</time>
      </trkpt>
      <trkpt lat="47.765000" lon="15.333512">
        <ele>870.040454</ele>
        <time>2026-05-12T07:14:56.000Z</time>
      </trkpt>
      <trkpt lat="47.765007" lon="15.333491">
        <ele>870.187448</ele>
        <time>2026-05-12T07:14:57.000Z</time>
      </trkpt>
      <trkpt lat="47.765016" lon="15.333468">
        <ele>870.354340</ele>
        <time>2026-05-12T07:14:58.000Z</time>
      </trkpt>
      <trkpt lat="47.765026" lon="15.333447">
        <ele>870.515728</ele>
        <time>2026-05-12T07:14:59.000Z</time>
      </trkpt>
      <trkpt lat="47.765036" lon="15.333427">
        <ele>870.672041</ele>
        <time>2026-05-12T07:15:00.000Z</time>
      </trkpt>
      <trkpt lat="47.765048" lon="15.333405">
        <ele>870.849711</ele>
        <time>2026-05-12T07:15:01.000Z</time>
      </trkpt>
      <trkpt lat="47.765058" lon="15.333382">
        <ele>871.021486</ele>
        <time>2026-05-12T07:15:02.000Z</time>
      </trkpt>
      <trkpt lat="47.765065" lon="15.333360">
        <ele>871.174124</ele>
        <time>2026-05-12T07:15:03.000Z</time>
      </trkpt>
      <trkpt lat="47.765072" lon="15.333335">
        <ele>871.343956</ele>
        <time>2026-05-12T07:15:04.000Z</time>
      </trkpt>
      <trkpt lat="47.765080" lon="15.333313">
        <ele>871.500811</ele>
        <time>2026-05-12T07:15:05.000Z</time>
      </trkpt>
      <trkpt lat="47.765089" lon="15.333290">
        <ele>871.667703</ele>
        <time>2026-05-12T07:15:06.000Z</time>
      </trkpt>
      <trkpt lat="47.765095" lon="15.333269">
        <ele>871.810796</ele>
        <time>2026-05-12T07:15:07.000Z</time>
      </trkpt>
      <trkpt lat="47.765099" lon="15.333247">
        <ele>871.953715</ele>
        <time>2026-05-12T07:15:08.000Z</time>
      </trkpt>
      <trkpt lat="47.765103" lon="15.333226">
        <ele>872.090591</ele>
        <time>2026-05-12T07:15:09.000Z</time>
      </trkpt>
      <trkpt lat="47.765108" lon="15.333204">
        <ele>872.236225</ele>
        <time>2026-05-12T07:15:10.000Z</time>
      </trkpt>
      <trkpt lat="47.765111" lon="15.333184">
        <ele>872.364729</ele>
        <time>2026-05-12T07:15:11.000Z</time>
      </trkpt>
      <trkpt lat="47.765117" lon="15.333162">
        <ele>872.513613</ele>
        <time>2026-05-12T07:15:12.000Z</time>
      </trkpt>
      <trkpt lat="47.765123" lon="15.333142">
        <ele>872.650957</ele>
        <time>2026-05-12T07:15:13.000Z</time>
      </trkpt>
      <trkpt lat="47.765129" lon="15.333120">
        <ele>872.799841</ele>
        <time>2026-05-12T07:15:14.000Z</time>
      </trkpt>
      <trkpt lat="47.765133" lon="15.333100">
        <ele>872.930694</ele>
        <time>2026-05-12T07:15:15.000Z</time>
      </trkpt>
      <trkpt lat="47.765138" lon="15.333081">
        <ele>873.058648</ele>
        <time>2026-05-12T07:15:16.000Z</time>
      </trkpt>
      <trkpt lat="47.765143" lon="15.333059">
        <ele>873.204282</ele>
        <time>2026-05-12T07:15:17.000Z</time>
      </trkpt>
      <trkpt lat="47.765146" lon="15.333038">
        <ele>873.338913</ele>
        <time>2026-05-12T07:15:18.000Z</time>
      </trkpt>
      <trkpt lat="47.765148" lon="15.333014">
        <ele>873.490568</ele>
        <time>2026-05-12T07:15:19.000Z</time>
      </trkpt>
      <trkpt lat="47.765151" lon="15.332992">
        <ele>873.631340</ele>
        <time>2026-05-12T07:15:20.000Z</time>
      </trkpt>
      <trkpt lat="47.765153" lon="15.332972">
        <ele>873.758139</ele>
        <time>2026-05-12T07:15:21.000Z</time>
      </trkpt>
      <trkpt lat="47.765155" lon="15.332948">
        <ele>873.909794</ele>
        <time>2026-05-12T07:15:22.000Z</time>
      </trkpt>
      <trkpt lat="47.765157" lon="15.332925">
        <ele>874.055228</ele>
        <time>2026-05-12T07:15:23.000Z</time>
      </trkpt>
      <trkpt lat="47.765160" lon="15.332902">
        <ele>874.202150</ele>
        <time>2026-05-12T07:15:24.000Z</time>
      </trkpt>
      <trkpt lat="47.765162" lon="15.332880">
        <ele>874.341367</ele>
        <time>2026-05-12T07:15:25.000Z</time>
      </trkpt>
      <trkpt lat="47.765166" lon="15.332860">
        <ele>874.472220</ele>
        <time>2026-05-12T07:15:26.000Z</time>
      </trkpt>
      <trkpt lat="47.765171" lon="15.332837">
        <ele>874.623808</ele>
        <time>2026-05-12T07:15:27.000Z</time>
      </trkpt>
      <trkpt lat="47.765175" lon="15.332813">
        <ele>874.778868</ele>
        <time>2026-05-12T07:15:28.000Z</time>
      </trkpt>
      <trkpt lat="47.765178" lon="15.332788">
        <ele>874.938120</ele>
        <time>2026-05-12T07:15:29.000Z</time>
      </trkpt>
      <trkpt lat="47.765180" lon="15.332765">
        <ele>875.083554</ele>
        <time>2026-05-12T07:15:30.000Z</time>
      </trkpt>
      <trkpt lat="47.765181" lon="15.332740">
        <ele>875.240605</ele>
        <time>2026-05-12T07:15:31.000Z</time>
      </trkpt>
      <trkpt lat="47.765181" lon="15.332715">
        <ele>875.397379</ele>
        <time>2026-05-12T07:15:32.000Z</time>
      </trkpt>
      <trkpt lat="47.765184" lon="15.332692">
        <ele>875.544301</ele>
        <time>2026-05-12T07:15:33.000Z</time>
      </trkpt>
      <trkpt lat="47.765186" lon="15.332668">
        <ele>875.695956</ele>
        <time>2026-05-12T07:15:34.000Z</time>
      </trkpt>
      <trkpt lat="47.765189" lon="15.332646">
        <ele>875.836727</ele>
        <time>2026-05-12T07:15:35.000Z</time>
      </trkpt>
      <trkpt lat="47.765193" lon="15.332623">
        <ele>875.985708</ele>
        <time>2026-05-12T07:15:36.000Z</time>
      </trkpt>
      <trkpt lat="47.765196" lon="15.332599">
        <ele>876.138791</ele>
        <time>2026-05-12T07:15:37.000Z</time>
      </trkpt>
      <trkpt lat="47.765197" lon="15.332577">
        <ele>876.277067</ele>
        <time>2026-05-12T07:15:38.000Z</time>
      </trkpt>
      <trkpt lat="47.765198" lon="15.332553">
        <ele>876.427858</ele>
        <time>2026-05-12T07:15:39.000Z</time>
      </trkpt>
      <trkpt lat="47.765197" lon="15.332531">
        <ele>876.566134</ele>
        <time>2026-05-12T07:15:40.000Z</time>
      </trkpt>
      <trkpt lat="47.765197" lon="15.332508">
        <ele>876.710366</ele>
        <time>2026-05-12T07:15:41.000Z</time>
      </trkpt>
      <trkpt lat="47.765196" lon="15.332484">
        <ele>876.861158</ele>
        <time>2026-05-12T07:15:42.000Z</time>
      </trkpt>
      <trkpt lat="47.765196" lon="15.332462">
        <ele>876.999118</ele>
        <time>2026-05-12T07:15:43.000Z</time>
      </trkpt>
      <trkpt lat="47.765198" lon="15.332437">
        <ele>877.156998</ele>
        <time>2026-05-12T07:15:44.000Z</time>
      </trkpt>
      <trkpt lat="47.765199" lon="15.332412">
        <ele>877.314049</ele>
        <time>2026-05-12T07:15:45.000Z</time>
      </trkpt>
      <trkpt lat="47.765200" lon="15.332387">
        <ele>877.471100</ele>
        <time>2026-05-12T07:15:46.000Z</time>
      </trkpt>
      <trkpt lat="47.765201" lon="15.332363">
        <ele>877.621892</ele>
        <time>2026-05-12T07:15:47.000Z</time>
      </trkpt>
      <trkpt lat="47.765204" lon="15.332341">
        <ele>877.762663</ele>
        <time>2026-05-12T07:15:48.000Z</time>
      </trkpt>
      <trkpt lat="47.765209" lon="15.332319">
        <ele>877.908297</ele>
        <time>2026-05-12T07:15:49.000Z</time>
      </trkpt>
      <trkpt lat="47.765213" lon="15.332296">
        <ele>878.057278</ele>
        <time>2026-05-12T07:15:50.000Z</time>
      </trkpt>
      <trkpt lat="47.765213" lon="15.332272">
        <ele>878.207780</ele>
        <time>2026-05-12T07:15:51.000Z</time>
      </trkpt>
      <trkpt lat="47.765213" lon="15.332248">
        <ele>878.358283</ele>
        <time>2026-05-12T07:15:52.000Z</time>
      </trkpt>
      <trkpt lat="47.765214" lon="15.332222">
        <ele>878.521594</ele>
        <time>2026-05-12T07:15:53.000Z</time>
      </trkpt>
      <trkpt lat="47.765214" lon="15.332197">
        <ele>878.678368</ele>
        <time>2026-05-12T07:15:54.000Z</time>
      </trkpt>
      <trkpt lat="47.765216" lon="15.332172">
        <ele>878.836248</ele>
        <time>2026-05-12T07:15:55.000Z</time>
      </trkpt>
      <trkpt lat="47.765219" lon="15.332148">
        <ele>878.989331</ele>
        <time>2026-05-12T07:15:56.000Z</time>
      </trkpt>
      <trkpt lat="47.765221" lon="15.332123">
        <ele>879.016187</ele>
        <time>2026-05-12T07:15:57.000Z</time>
      </trkpt>
      <trkpt lat="47.765222" lon="15.332101">
        <ele>879.033569</ele>
        <time>2026-05-12T07:15:58.000Z</time>
      </trkpt>
      <trkpt lat="47.765223" lon="15.332077">
        <ele>879.052524</ele>
        <time>2026-05-12T07:15:59.000Z</time>
      </trkpt>
      <trkpt lat="47.765225" lon="15.332054">
        <ele>879.070806</ele>
        <time>2026-05-12T07:16:00.000Z</time>
      </trkpt>
      <trkpt lat="47.765226" lon="15.332030">
        <ele>879.089761</ele>
        <time>2026-05-12T07:16:01.000Z</time>
      </trkpt>
      <trkpt lat="47.765223" lon="15.332004">
        <ele>879.110556</ele>
        <time>2026-05-12T07:16:02.000Z</time>
      </trkpt>
      <trkpt lat="47.765223" lon="15.331978">
        <ele>879.131052</ele>
        <time>2026-05-12T07:16:03.000Z</time>
      </trkpt>
      <trkpt lat="47.765225" lon="15.331954">
        <ele>879.150116</ele>
        <time>2026-05-12T07:16:04.000Z</time>
      </trkpt>
      <trkpt lat="47.765227" lon="15.331931">
        <ele>879.168397</ele>
        <time>2026-05-12T07:16:05.000Z</time>
      </trkpt>
      <trkpt lat="47.765226" lon="15.331906">
        <ele>879.188140</ele>
        <time>2026-05-12T07:16:06.000Z</time>
      </trkpt>
      <trkpt lat="47.765227" lon="15.331884">
        <ele>879.205521</ele>
        <time>2026-05-12T07:16:07.000Z</time>
      </trkpt>
      <trkpt lat="47.765226" lon="15.331859">
        <ele>879.225264</ele>
        <time>2026-05-12T07:16:08.000Z</time>
      </trkpt>
      <trkpt lat="47.765226" lon="15.331835">
        <ele>879.244182</ele>
        <time>2026-05-12T07:16:09.000Z</time>
      </trkpt>
      <trkpt lat="47.765225" lon="15.331811">
        <ele>879.263138</ele>
        <time>2026-05-12T07:16:10.000Z</time>
      </trkpt>
      <trkpt lat="47.765226" lon="15.331786">
        <ele>879.282880</ele>
        <time>2026-05-12T07:16:11.000Z</time>
      </trkpt>
      <trkpt lat="47.765227" lon="15.331762">
        <ele>879.301835</ele>
        <time>2026-05-12T07:16:12.000Z</time>
      </trkpt>
      <trkpt lat="47.765228" lon="15.331737">
        <ele>879.321577</ele>
        <time>2026-05-12T07:16:13.000Z</time>
      </trkpt>
      <trkpt lat="47.765228" lon="15.331713">
        <ele>879.340496</ele>
        <time>2026-05-12T07:16:14.000Z</time>
      </trkpt>
      <trkpt lat="47.765228" lon="15.331687">
        <ele>879.360991</ele>
        <time>2026-05-12T07:16:15.000Z</time>
      </trkpt>
      <trkpt lat="47.765226" lon="15.331661">
        <ele>879.381621</ele>
        <time>2026-05-12T07:16:16.000Z</time>
      </trkpt>
      <trkpt lat="47.765226" lon="15.331634">
        <ele>879.402905</ele>
        <time>2026-05-12T07:16:17.000Z</time>
      </trkpt>
      <trkpt lat="47.765226" lon="15.331608">
        <ele>879.423400</ele>
        <time>2026-05-12T07:16:18.000Z</time>
      </trkpt>
      <trkpt lat="47.765226" lon="15.331581">
        <ele>879.444684</ele>
        <time>2026-05-12T07:16:19.000Z</time>
      </trkpt>
      <trkpt lat="47.765223" lon="15.331554">
        <ele>879.466256</ele>
        <time>2026-05-12T07:16:20.000Z</time>
      </trkpt>
      <trkpt lat="47.765217" lon="15.331525">
        <ele>879.490175</ele>
        <time>2026-05-12T07:16:21.000Z</time>
      </trkpt>
      <trkpt lat="47.765213" lon="15.331494">
        <ele>879.515058</ele>
        <time>2026-05-12T07:16:22.000Z</time>
      </trkpt>
      <trkpt lat="47.765208" lon="15.331466">
        <ele>879.537896</ele>
        <time>2026-05-12T07:16:23.000Z</time>
      </trkpt>
      <trkpt lat="47.765203" lon="15.331437">
        <ele>879.561496</ele>
        <time>2026-05-12T07:16:24.000Z</time>
      </trkpt>
      <trkpt lat="47.765199" lon="15.331408">
        <ele>879.584833</ele>
        <time>2026-05-12T07:16:25.000Z</time>
      </trkpt>
      <trkpt lat="47.765196" lon="15.331378">
        <ele>879.608742</ele>
        <time>2026-05-12T07:16:26.000Z</time>
      </trkpt>
      <trkpt lat="47.765193" lon="15.331351">
        <ele>879.630315</ele>
        <time>2026-05-12T07:16:27.000Z</time>
      </trkpt>
      <trkpt lat="47.765190" lon="15.331326">
        <ele>879.650334</ele>
        <time>2026-05-12T07:16:28.000Z</time>
      </trkpt>
      <trkpt lat="47.765188" lon="15.331307">
        <ele>879.665494</ele>
        <time>2026-05-12T07:16:29.000Z</time>
      </trkpt>
      <trkpt lat="47.765185" lon="15.331288">
        <ele>879.680879</ele>
        <time>2026-05-12T07:16:30.000Z</time>
      </trkpt>
      <trkpt lat="47.765183" lon="15.331265">
        <ele>879.699160</ele>
        <time>2026-05-12T07:16:31.000Z</time>
      </trkpt>
      <trkpt lat="47.765180" lon="15.331236">
        <ele>879.722290</ele>
        <time>2026-05-12T07:16:32.000Z</time>
      </trkpt>
      <trkpt lat="47.765177" lon="15.331204">
        <ele>879.747759</ele>
        <time>2026-05-12T07:16:33.000Z</time>
      </trkpt>
      <trkpt lat="47.765172" lon="15.331170">
        <ele>879.775195</ele>
        <time>2026-05-12T07:16:34.000Z</time>
      </trkpt>
      <trkpt lat="47.765167" lon="15.331134">
        <ele>879.804173</ele>
        <time>2026-05-12T07:16:35.000Z</time>
      </trkpt>
      <trkpt lat="47.765159" lon="15.331097">
        <ele>879.834812</ele>
        <time>2026-05-12T07:16:36.000Z</time>
      </trkpt>
      <trkpt lat="47.765151" lon="15.331062">
        <ele>879.863953</ele>
        <time>2026-05-12T07:16:37.000Z</time>
      </trkpt>
      <trkpt lat="47.765144" lon="15.331026">
        <ele>879.893495</ele>
        <time>2026-05-12T07:16:38.000Z</time>
      </trkpt>
      <trkpt lat="47.765136" lon="15.330992">
        <ele>879.921892</ele>
        <time>2026-05-12T07:16:39.000Z</time>
      </trkpt>
      <trkpt lat="47.765128" lon="15.330958">
        <ele>879.950288</ele>
        <time>2026-05-12T07:16:40.000Z</time>
      </trkpt>
      <trkpt lat="47.765122" lon="15.330923">
        <ele>879.978761</ele>
        <time>2026-05-12T07:16:41.000Z</time>
      </trkpt>
      <trkpt lat="47.765115" lon="15.330887">
        <ele>880.008303</ele>
        <time>2026-05-12T07:16:42.000Z</time>
      </trkpt>
      <trkpt lat="47.765106" lon="15.330851">
        <ele>880.038581</ele>
        <time>2026-05-12T07:16:43.000Z</time>
      </trkpt>
      <trkpt lat="47.765097" lon="15.330814">
        <ele>880.069599</ele>
        <time>2026-05-12T07:16:44.000Z</time>
      </trkpt>
      <trkpt lat="47.765089" lon="15.330775">
        <ele>880.101742</ele>
        <time>2026-05-12T07:16:45.000Z</time>
      </trkpt>
      <trkpt lat="47.765078" lon="15.330736">
        <ele>880.135082</ele>
        <time>2026-05-12T07:16:46.000Z</time>
      </trkpt>
      <trkpt lat="47.765068" lon="15.330695">
        <ele>880.169464</ele>
        <time>2026-05-12T07:16:47.000Z</time>
      </trkpt>
      <trkpt lat="47.765060" lon="15.330652">
        <ele>880.204635</ele>
        <time>2026-05-12T07:16:48.000Z</time>
      </trkpt>
      <trkpt lat="47.765051" lon="15.330608">
        <ele>880.240890</ele>
        <time>2026-05-12T07:16:49.000Z</time>
      </trkpt>
      <trkpt lat="47.765041" lon="15.330561">
        <ele>880.279752</ele>
        <time>2026-05-12T07:16:50.000Z</time>
      </trkpt>
      <trkpt lat="47.765028" lon="15.330513">
        <ele>880.320546</ele>
        <time>2026-05-12T07:16:51.000Z</time>
      </trkpt>
      <trkpt lat="47.765014" lon="15.330464">
        <ele>880.362516</ele>
        <time>2026-05-12T07:16:52.000Z</time>
      </trkpt>
      <trkpt lat="47.765002" lon="15.330414">
        <ele>880.404368</ele>
        <time>2026-05-12T07:16:53.000Z</time>
      </trkpt>
      <trkpt lat="47.764993" lon="15.330364">
        <ele>880.445171</ele>
        <time>2026-05-12T07:16:54.000Z</time>
      </trkpt>
      <trkpt lat="47.764986" lon="15.330314">
        <ele>880.485432</ele>
        <time>2026-05-12T07:16:55.000Z</time>
      </trkpt>
      <trkpt lat="47.764979" lon="15.330268">
        <ele>880.522611</ele>
        <time>2026-05-12T07:16:56.000Z</time>
      </trkpt>
      <trkpt lat="47.764974" lon="15.330231">
        <ele>880.552361</ele>
        <time>2026-05-12T07:16:57.000Z</time>
      </trkpt>
      <trkpt lat="47.764968" lon="15.330200">
        <ele>880.577791</ele>
        <time>2026-05-12T07:16:58.000Z</time>
      </trkpt>
      <trkpt lat="47.764964" lon="15.330170">
        <ele>880.601901</ele>
        <time>2026-05-12T07:16:59.000Z</time>
      </trkpt>
      <trkpt lat="47.764956" lon="15.330140">
        <ele>880.627343</ele>
        <time>2026-05-12T07:17:00.000Z</time>
      </trkpt>
      <trkpt lat="47.764942" lon="15.330111">
        <ele>880.655488</ele>
        <time>2026-05-12T07:17:01.000Z</time>
      </trkpt>
      <trkpt lat="47.764925" lon="15.330088">
        <ele>880.682436</ele>
        <time>2026-05-12T07:17:02.000Z</time>
      </trkpt>
      <trkpt lat="47.764906" lon="15.330075">
        <ele>880.706962</ele>
        <time>2026-05-12T07:17:03.000Z</time>
      </trkpt>
      <trkpt lat="47.764889" lon="15.330067">
        <ele>880.727872</ele>
        <time>2026-05-12T07:17:04.000Z</time>
      </trkpt>
      <trkpt lat="47.764876" lon="15.330071">
        <ele>880.743441</ele>
        <time>2026-05-12T07:17:05.000Z</time>
      </trkpt>
      <trkpt lat="47.764864" lon="15.330081">
        <ele>880.759571</ele>
        <time>2026-05-12T07:17:06.000Z</time>
      </trkpt>
      <trkpt lat="47.764852" lon="15.330092">
        <ele>880.776101</ele>
        <time>2026-05-12T07:17:07.000Z</time>
      </trkpt>
      <trkpt lat="47.764842" lon="15.330100">
        <ele>880.789417</ele>
        <time>2026-05-12T07:17:08.000Z</time>
      </trkpt>
      <trkpt lat="47.764834" lon="15.330104">
        <ele>880.799315</ele>
        <time>2026-05-12T07:17:09.000Z</time>
      </trkpt>
      <trkpt lat="47.764830" lon="15.330105">
        <ele>880.804071</ele>
        <time>2026-05-12T07:17:10.000Z</time>
      </trkpt>
      <trkpt lat="47.764830" lon="15.330105">
        <ele>880.804071</ele>
        <time>2026-05-12T07:17:11.000Z</time>
      </trkpt>
      <trkpt lat="47.764891" lon="15.330064">
        <ele>880.882571</ele>
        <time>2026-05-12T07:19:00.000Z</time>
      </trkpt>
      <trkpt lat="47.764901" lon="15.330038">
        <ele>880.906185</ele>
        <time>2026-05-12T07:19:01.000Z</time>
      </trkpt>
      <trkpt lat="47.764913" lon="15.330000">
        <ele>880.939281</ele>
        <time>2026-05-12T07:19:02.000Z</time>
      </trkpt>
      <trkpt lat="47.764921" lon="15.329951">
        <ele>880.979031</ele>
        <time>2026-05-12T07:19:03.000Z</time>
      </trkpt>
      <trkpt lat="47.764921" lon="15.329905">
        <ele>881.015292</ele>
        <time>2026-05-12T07:19:04.000Z</time>
      </trkpt>
      <trkpt lat="47.764919" lon="15.329857">
        <ele>881.053203</ele>
        <time>2026-05-12T07:19:05.000Z</time>
      </trkpt>
      <trkpt lat="47.764915" lon="15.329806">
        <ele>881.093678</ele>
        <time>2026-05-12T07:19:06.000Z</time>
      </trkpt>
      <trkpt lat="47.764912" lon="15.329750">
        <ele>881.088842</ele>
        <time>2026-05-12T07:19:07.000Z</time>
      </trkpt>
      <trkpt lat="47.764908" lon="15.329693">
        <ele>881.063013</ele>
        <time>2026-05-12T07:19:08.000Z</time>
      </trkpt>
      <trkpt lat="47.764904" lon="15.329635">
        <ele>881.036737</ele>
        <time>2026-05-12T07:19:09.000Z</time>
      </trkpt>
      <trkpt lat="47.764901" lon="15.329576">
        <ele>881.010070</ele>
        <time>2026-05-12T07:19:10.000Z</time>
      </trkpt>
      <trkpt lat="47.764898" lon="15.329520">
        <ele>880.984752</ele>
        <time>2026-05-12T07:19:11.000Z</time>
      </trkpt>
      <trkpt lat="47.764897" lon="15.329465">
        <ele>880.959956</ele>
        <time>2026-05-12T07:19:12.000Z</time>
      </trkpt>
      <trkpt lat="47.764896" lon="15.329410">
        <ele>880.935159</ele>
        <time>2026-05-12T07:19:13.000Z</time>
      </trkpt>
      <trkpt lat="47.764896" lon="15.329355">
        <ele>880.910372</ele>
        <time>2026-05-12T07:19:14.000Z</time>
      </trkpt>
      <trkpt lat="47.764897" lon="15.329297">
        <ele>880.884224</ele>
        <time>2026-05-12T07:19:15.000Z</time>
      </trkpt>
      <trkpt lat="47.764900" lon="15.329238">
        <ele>880.857557</ele>
        <time>2026-05-12T07:19:16.000Z</time>
      </trkpt>
      <trkpt lat="47.764904" lon="15.329180">
        <ele>880.831281</ele>
        <time>2026-05-12T07:19:17.000Z</time>
      </trkpt>
      <trkpt lat="47.764907" lon="15.329122">
        <ele>880.805064</ele>
        <time>2026-05-12T07:19:18.000Z</time>
      </trkpt>
      <trkpt lat="47.764912" lon="15.329061">
        <ele>880.777369</ele>
        <time>2026-05-12T07:19:19.000Z</time>
      </trkpt>
      <trkpt lat="47.764917" lon="15.329001">
        <ele>880.750121</ele>
        <time>2026-05-12T07:19:20.000Z</time>
      </trkpt>
      <trkpt lat="47.764921" lon="15.328939">
        <ele>880.722050</ele>
        <time>2026-05-12T07:19:21.000Z</time>
      </trkpt>
      <trkpt lat="47.764925" lon="15.328877">
        <ele>880.693980</ele>
        <time>2026-05-12T07:19:22.000Z</time>
      </trkpt>
      <trkpt lat="47.764929" lon="15.328814">
        <ele>880.665460</ele>
        <time>2026-05-12T07:19:23.000Z</time>
      </trkpt>
      <trkpt lat="47.764933" lon="15.328752">
        <ele>880.637390</ele>
        <time>2026-05-12T07:19:24.000Z</time>
      </trkpt>
      <trkpt lat="47.764936" lon="15.328690">
        <ele>880.609375</ele>
        <time>2026-05-12T07:19:25.000Z</time>
      </trkpt>
      <trkpt lat="47.764940" lon="15.328627">
        <ele>880.580856</ele>
        <time>2026-05-12T07:19:26.000Z</time>
      </trkpt>
      <trkpt lat="47.764945" lon="15.328567">
        <ele>880.553608</ele>
        <time>2026-05-12T07:19:27.000Z</time>
      </trkpt>
      <trkpt lat="47.764950" lon="15.328522">
        <ele>880.533052</ele>
        <time>2026-05-12T07:19:28.000Z</time>
      </trkpt>
      <trkpt lat="47.764957" lon="15.328451">
        <ele>880.500711</ele>
        <time>2026-05-12T07:19:29.000Z</time>
      </trkpt>
      <trkpt lat="47.764960" lon="15.328390">
        <ele>880.473146</ele>
        <time>2026-05-12T07:19:30.000Z</time>
      </trkpt>
      <trkpt lat="47.764962" lon="15.328341">
        <ele>880.451022</ele>
        <time>2026-05-12T07:19:31.000Z</time>
      </trkpt>
      <trkpt lat="47.764965" lon="15.328281">
        <ele>880.423907</ele>
        <time>2026-05-12T07:19:32.000Z</time>
      </trkpt>
      <trkpt lat="47.764970" lon="15.328208">
        <ele>880.390837</ele>
        <time>2026-05-12T07:19:33.000Z</time>
      </trkpt>
      <trkpt lat="47.764973" lon="15.328146">
        <ele>880.362822</ele>
        <time>2026-05-12T07:19:34.000Z</time>
      </trkpt>
      <trkpt lat="47.764979" lon="15.328084">
        <ele>880.334592</ele>
        <time>2026-05-12T07:19:35.000Z</time>
      </trkpt>
      <trkpt lat="47.764983" lon="15.328023">
        <ele>880.306970</ele>
        <time>2026-05-12T07:19:36.000Z</time>
      </trkpt>
      <trkpt lat="47.764988" lon="15.327961">
        <ele>880.278827</ele>
        <time>2026-05-12T07:19:37.000Z</time>
      </trkpt>
      <trkpt lat="47.764992" lon="15.327899">
        <ele>880.250757</ele>
        <time>2026-05-12T07:19:38.000Z</time>
      </trkpt>
      <trkpt lat="47.764996" lon="15.327839">
        <ele>880.223583</ele>
        <time>2026-05-12T07:19:39.000Z</time>
      </trkpt>
      <trkpt lat="47.764999" lon="15.327779">
        <ele>880.196468</ele>
        <time>2026-05-12T07:19:40.000Z</time>
      </trkpt>
      <trkpt lat="47.765003" lon="15.327721">
        <ele>880.170191</ele>
        <time>2026-05-12T07:19:41.000Z</time>
      </trkpt>
      <trkpt lat="47.765006" lon="15.327663">
        <ele>880.143974</ele>
        <time>2026-05-12T07:19:42.000Z</time>
      </trkpt>
      <trkpt lat="47.765009" lon="15.327605">
        <ele>880.117757</ele>
        <time>2026-05-12T07:19:43.000Z</time>
      </trkpt>
      <trkpt lat="47.765013" lon="15.327549">
        <ele>880.092377</ele>
        <time>2026-05-12T07:19:44.000Z</time>
      </trkpt>
      <trkpt lat="47.765017" lon="15.327492">
        <ele>880.066549</ele>
        <time>2026-05-12T07:19:45.000Z</time>
      </trkpt>
      <trkpt lat="47.765021" lon="15.327435">
        <ele>880.040721</ele>
        <time>2026-05-12T07:19:46.000Z</time>
      </trkpt>
      <trkpt lat="47.765025" lon="15.327377">
        <ele>880.014444</ele>
        <time>2026-05-12T07:19:47.000Z</time>
      </trkpt>
      <trkpt lat="47.765030" lon="15.327319">
        <ele>879.988090</ele>
        <time>2026-05-12T07:19:48.000Z</time>
      </trkpt>
      <trkpt lat="47.765036" lon="15.327263">
        <ele>879.962534</ele>
        <time>2026-05-12T07:19:49.000Z</time>
      </trkpt>
      <trkpt lat="47.765043" lon="15.327207">
        <ele>879.936863</ele>
        <time>2026-05-12T07:19:50.000Z</time>
      </trkpt>
      <trkpt lat="47.765049" lon="15.327151">
        <ele>879.911306</ele>
        <time>2026-05-12T07:19:51.000Z</time>
      </trkpt>
      <trkpt lat="47.765057" lon="15.327095">
        <ele>879.927924</ele>
        <time>2026-05-12T07:19:52.000Z</time>
      </trkpt>
      <trkpt lat="47.765069" lon="15.327032">
        <ele>879.980521</ele>
        <time>2026-05-12T07:19:53.000Z</time>
      </trkpt>
      <trkpt lat="47.765079" lon="15.326991">
        <ele>880.015556</ele>
        <time>2026-05-12T07:19:54.000Z</time>
      </trkpt>
      <trkpt lat="47.765090" lon="15.326940">
        <ele>880.058579</ele>
        <time>2026-05-12T07:19:55.000Z</time>
      </trkpt>
      <trkpt lat="47.765102" lon="15.326890">
        <ele>880.101225</ele>
        <time>2026-05-12T07:19:56.000Z</time>
      </trkpt>
      <trkpt lat="47.765113" lon="15.326841">
        <ele>880.142721</ele>
        <time>2026-05-12T07:19:57.000Z</time>
      </trkpt>
      <trkpt lat="47.765127" lon="15.326792">
        <ele>880.185488</ele>
        <time>2026-05-12T07:19:58.000Z</time>
      </trkpt>
      <trkpt lat="47.765143" lon="15.326733">
        <ele>880.236592</ele>
        <time>2026-05-12T07:19:59.000Z</time>
      </trkpt>
      <trkpt lat="47.765154" lon="15.326693">
        <ele>880.271307</ele>
        <time>2026-05-12T07:20:00.000Z</time>
      </trkpt>
      <trkpt lat="47.765166" lon="15.326643">
        <ele>880.313953</ele>
        <time>2026-05-12T07:20:01.000Z</time>
      </trkpt>
      <trkpt lat="47.765178" lon="15.326592">
        <ele>880.357356</ele>
        <time>2026-05-12T07:20:02.000Z</time>
      </trkpt>
      <trkpt lat="47.765190" lon="15.326540">
        <ele>880.401518</ele>
        <time>2026-05-12T07:20:03.000Z</time>
      </trkpt>
      <trkpt lat="47.765202" lon="15.326490">
        <ele>880.444164</ele>
        <time>2026-05-12T07:20:04.000Z</time>
      </trkpt>
      <trkpt lat="47.765217" lon="15.326444">
        <ele>880.485232</ele>
        <time>2026-05-12T07:20:05.000Z</time>
      </trkpt>
      <trkpt lat="47.765234" lon="15.326398">
        <ele>880.527398</ele>
        <time>2026-05-12T07:20:06.000Z</time>
      </trkpt>
      <trkpt lat="47.765251" lon="15.326353">
        <ele>880.568861</ele>
        <time>2026-05-12T07:20:07.000Z</time>
      </trkpt>
      <trkpt lat="47.765269" lon="15.326305">
        <ele>880.613012</ele>
        <time>2026-05-12T07:20:08.000Z</time>
      </trkpt>
      <trkpt lat="47.765288" lon="15.326259">
        <ele>880.656380</ele>
        <time>2026-05-12T07:20:09.000Z</time>
      </trkpt>
      <trkpt lat="47.765307" lon="15.326215">
        <ele>880.698387</ele>
        <time>2026-05-12T07:20:10.000Z</time>
      </trkpt>
      <trkpt lat="47.765325" lon="15.326169">
        <ele>880.741142</ele>
        <time>2026-05-12T07:20:11.000Z</time>
      </trkpt>
      <trkpt lat="47.765344" lon="15.326124">
        <ele>880.783828</ele>
        <time>2026-05-12T07:20:12.000Z</time>
      </trkpt>
      <trkpt lat="47.765363" lon="15.326079">
        <ele>880.826513</ele>
        <time>2026-05-12T07:20:13.000Z</time>
      </trkpt>
      <trkpt lat="47.765384" lon="15.326025">
        <ele>880.876625</ele>
        <time>2026-05-12T07:20:14.000Z</time>
      </trkpt>
      <trkpt lat="47.765398" lon="15.325989">
        <ele>880.910033</ele>
        <time>2026-05-12T07:20:15.000Z</time>
      </trkpt>
      <trkpt lat="47.765416" lon="15.325944">
        <ele>880.952095</ele>
        <time>2026-05-12T07:20:16.000Z</time>
      </trkpt>
      <trkpt lat="47.765437" lon="15.325900">
        <ele>880.995441</ele>
        <time>2026-05-12T07:20:17.000Z</time>
      </trkpt>
      <trkpt lat="47.765458" lon="15.325860">
        <ele>881.036210</ele>
        <time>2026-05-12T07:20:18.000Z</time>
      </trkpt>
      <trkpt lat="47.765481" lon="15.325819">
        <ele>881.079105</ele>
        <time>2026-05-12T07:20:19.000Z</time>
      </trkpt>
      <trkpt lat="47.765502" lon="15.325779">
        <ele>881.119874</ele>
        <time>2026-05-12T07:20:20.000Z</time>
      </trkpt>
      <trkpt lat="47.765524" lon="15.325739">
        <ele>881.161389</ele>
        <time>2026-05-12T07:20:21.000Z</time>
      </trkpt>
      <trkpt lat="47.765545" lon="15.325700">
        <ele>881.201528</ele>
        <time>2026-05-12T07:20:22.000Z</time>
      </trkpt>
      <trkpt lat="47.765572" lon="15.325655">
        <ele>881.249980</ele>
        <time>2026-05-12T07:20:23.000Z</time>
      </trkpt>
      <trkpt lat="47.765592" lon="15.325615">
        <ele>881.290024</ele>
        <time>2026-05-12T07:20:24.000Z</time>
      </trkpt>
      <trkpt lat="47.765607" lon="15.325581">
        <ele>881.322691</ele>
        <time>2026-05-12T07:20:25.000Z</time>
      </trkpt>
      <trkpt lat="47.765634" lon="15.325535">
        <ele>881.371745</ele>
        <time>2026-05-12T07:20:26.000Z</time>
      </trkpt>
      <trkpt lat="47.765653" lon="15.325509">
        <ele>881.402595</ele>
        <time>2026-05-12T07:20:27.000Z</time>
      </trkpt>
      <trkpt lat="47.765679" lon="15.325478">
        <ele>881.442412</ele>
        <time>2026-05-12T07:20:28.000Z</time>
      </trkpt>
      <trkpt lat="47.765709" lon="15.325439">
        <ele>881.490020</ele>
        <time>2026-05-12T07:20:29.000Z</time>
      </trkpt>
      <trkpt lat="47.765729" lon="15.325413">
        <ele>881.521759</ele>
        <time>2026-05-12T07:20:30.000Z</time>
      </trkpt>
      <trkpt lat="47.765754" lon="15.325381">
        <ele>881.561170</ele>
        <time>2026-05-12T07:20:31.000Z</time>
      </trkpt>
      <trkpt lat="47.765783" lon="15.325341">
        <ele>881.608428</ele>
        <time>2026-05-12T07:20:32.000Z</time>
      </trkpt>
      <trkpt lat="47.765804" lon="15.325306">
        <ele>881.646113</ele>
        <time>2026-05-12T07:20:33.000Z</time>
      </trkpt>
      <trkpt lat="47.765821" lon="15.325276">
        <ele>881.677631</ele>
        <time>2026-05-12T07:20:34.000Z</time>
      </trkpt>
      <trkpt lat="47.765844" lon="15.325241">
        <ele>881.716947</ele>
        <time>2026-05-12T07:20:35.000Z</time>
      </trkpt>
      <trkpt lat="47.765867" lon="15.325206">
        <ele>881.756264</ele>
        <time>2026-05-12T07:20:36.000Z</time>
      </trkpt>
      <trkpt lat="47.765892" lon="15.325174">
        <ele>881.795675</ele>
        <time>2026-05-12T07:20:37.000Z</time>
      </trkpt>
      <trkpt lat="47.765916" lon="15.325145">
        <ele>881.832623</ele>
        <time>2026-05-12T07:20:38.000Z</time>
      </trkpt>
      <trkpt lat="47.765942" lon="15.325120">
        <ele>881.869617</ele>
        <time>2026-05-12T07:20:39.000Z</time>
      </trkpt>
      <trkpt lat="47.765970" lon="15.325094">
        <ele>881.909060</ele>
        <time>2026-05-12T07:20:40.000Z</time>
      </trkpt>
      <trkpt lat="47.765996" lon="15.325070">
        <ele>881.945625</ele>
        <time>2026-05-12T07:20:41.000Z</time>
      </trkpt>
      <trkpt lat="47.766021" lon="15.325043">
        <ele>881.982542</ele>
        <time>2026-05-12T07:20:42.000Z</time>
      </trkpt>
      <trkpt lat="47.766046" lon="15.325011">
        <ele>882.021953</ele>
        <time>2026-05-12T07:20:43.000Z</time>
      </trkpt>
      <trkpt lat="47.766071" lon="15.324982">
        <ele>882.064478</ele>
        <time>2026-05-12T07:20:44.000Z</time>
      </trkpt>
      <trkpt lat="47.766099" lon="15.324955">
        <ele>882.123450</ele>
        <time>2026-05-12T07:20:45.000Z</time>
      </trkpt>
      <trkpt lat="47.766127" lon="15.324930">
        <ele>882.181164</ele>
        <time>2026-05-12T07:20:46.000Z</time>
      </trkpt>
      <trkpt lat="47.766155" lon="15.324904">
        <ele>882.239499</ele>
        <time>2026-05-12T07:20:47.000Z</time>
      </trkpt>
      <trkpt lat="47.766182" lon="15.324876">
        <ele>882.297667</ele>
        <time>2026-05-12T07:20:48.000Z</time>
      </trkpt>
      <trkpt lat="47.766210" lon="15.324851">
        <ele>882.355381</ele>
        <time>2026-05-12T07:20:49.000Z</time>
      </trkpt>
      <trkpt lat="47.766238" lon="15.324827">
        <ele>882.412493</ele>
        <time>2026-05-12T07:20:50.000Z</time>
      </trkpt>
      <trkpt lat="47.766264" lon="15.324802">
        <ele>882.467207</ele>
        <time>2026-05-12T07:20:51.000Z</time>
      </trkpt>
      <trkpt lat="47.766290" lon="15.324778">
        <ele>882.521285</ele>
        <time>2026-05-12T07:20:52.000Z</time>
      </trkpt>
      <trkpt lat="47.766314" lon="15.324754">
        <ele>882.572393</ele>
        <time>2026-05-12T07:20:53.000Z</time>
      </trkpt>
      <trkpt lat="47.766338" lon="15.324729">
        <ele>882.624174</ele>
        <time>2026-05-12T07:20:54.000Z</time>
      </trkpt>
      <trkpt lat="47.766362" lon="15.324707">
        <ele>882.673996</ele>
        <time>2026-05-12T07:20:55.000Z</time>
      </trkpt>
      <trkpt lat="47.766386" lon="15.324681">
        <ele>882.726467</ele>
        <time>2026-05-12T07:20:56.000Z</time>
      </trkpt>
      <trkpt lat="47.766407" lon="15.324654">
        <ele>882.775521</ele>
        <time>2026-05-12T07:20:57.000Z</time>
      </trkpt>
      <trkpt lat="47.766429" lon="15.324629">
        <ele>882.824448</ele>
        <time>2026-05-12T07:20:58.000Z</time>
      </trkpt>
      <trkpt lat="47.766451" lon="15.324606">
        <ele>882.871970</ele>
        <time>2026-05-12T07:20:59.000Z</time>
      </trkpt>
      <trkpt lat="47.766476" lon="15.324583">
        <ele>882.923920</ele>
        <time>2026-05-12T07:21:00.000Z</time>
      </trkpt>
      <trkpt lat="47.766498" lon="15.324561">
        <ele>882.970769</ele>
        <time>2026-05-12T07:21:01.000Z</time>
      </trkpt>
      <trkpt lat="47.766519" lon="15.324536">
        <ele>883.018304</ele>
        <time>2026-05-12T07:21:02.000Z</time>
      </trkpt>
      <trkpt lat="47.766541" lon="15.324510">
        <ele>883.067961</ele>
        <time>2026-05-12T07:21:03.000Z</time>
      </trkpt>
      <trkpt lat="47.766565" lon="15.324487">
        <ele>883.118416</ele>
        <time>2026-05-12T07:21:04.000Z</time>
      </trkpt>
      <trkpt lat="47.766588" lon="15.324463">
        <ele>883.168068</ele>
        <time>2026-05-12T07:21:05.000Z</time>
      </trkpt>
      <trkpt lat="47.766608" lon="15.324437">
        <ele>883.215008</ele>
        <time>2026-05-12T07:21:06.000Z</time>
      </trkpt>
      <trkpt lat="47.766630" lon="15.324413">
        <ele>883.263223</ele>
        <time>2026-05-12T07:21:07.000Z</time>
      </trkpt>
      <trkpt lat="47.766653" lon="15.324390">
        <ele>883.312202</ele>
        <time>2026-05-12T07:21:08.000Z</time>
      </trkpt>
      <trkpt lat="47.766677" lon="15.324366">
        <ele>883.363311</ele>
        <time>2026-05-12T07:21:09.000Z</time>
      </trkpt>
      <trkpt lat="47.766699" lon="15.324343">
        <ele>883.410833</ele>
        <time>2026-05-12T07:21:10.000Z</time>
      </trkpt>
      <trkpt lat="47.766720" lon="15.324317">
        <ele>883.459118</ele>
        <time>2026-05-12T07:21:11.000Z</time>
      </trkpt>
      <trkpt lat="47.766739" lon="15.324289">
        <ele>883.506384</ele>
        <time>2026-05-12T07:21:12.000Z</time>
      </trkpt>
      <trkpt lat="47.766759" lon="15.324265">
        <ele>883.551796</ele>
        <time>2026-05-12T07:21:13.000Z</time>
      </trkpt>
      <trkpt lat="47.766780" lon="15.324241">
        <ele>883.598598</ele>
        <time>2026-05-12T07:21:14.000Z</time>
      </trkpt>
      <trkpt lat="47.766803" lon="15.324218">
        <ele>883.647576</ele>
        <time>2026-05-12T07:21:15.000Z</time>
      </trkpt>
      <trkpt lat="47.766825" lon="15.324194">
        <ele>883.695791</ele>
        <time>2026-05-12T07:21:16.000Z</time>
      </trkpt>
      <trkpt lat="47.766846" lon="15.324169">
        <ele>883.743326</ele>
        <time>2026-05-12T07:21:17.000Z</time>
      </trkpt>
      <trkpt lat="47.766867" lon="15.324145">
        <ele>883.790127</ele>
        <time>2026-05-12T07:21:18.000Z</time>
      </trkpt>
      <trkpt lat="47.766890" lon="15.324122">
        <ele>883.839106</ele>
        <time>2026-05-12T07:21:19.000Z</time>
      </trkpt>
      <trkpt lat="47.766914" lon="15.324101">
        <ele>883.888315</ele>
        <time>2026-05-12T07:21:20.000Z</time>
      </trkpt>
      <trkpt lat="47.766937" lon="15.324077">
        <ele>883.937966</ele>
        <time>2026-05-12T07:21:21.000Z</time>
      </trkpt>
      <trkpt lat="47.766957" lon="15.324050">
        <ele>883.985697</ele>
        <time>2026-05-12T07:21:22.000Z</time>
      </trkpt>
      <trkpt lat="47.766977" lon="15.324020">
        <ele>884.035892</ele>
        <time>2026-05-12T07:21:23.000Z</time>
      </trkpt>
      <trkpt lat="47.766999" lon="15.323989">
        <ele>884.089445</ele>
        <time>2026-05-12T07:21:24.000Z</time>
      </trkpt>
      <trkpt lat="47.767019" lon="15.323958">
        <ele>884.140490</ele>
        <time>2026-05-12T07:21:25.000Z</time>
      </trkpt>
      <trkpt lat="47.767040" lon="15.323930">
        <ele>884.190329</ele>
        <time>2026-05-12T07:21:26.000Z</time>
      </trkpt>
      <trkpt lat="47.767061" lon="15.323902">
        <ele>884.240168</ele>
        <time>2026-05-12T07:21:27.000Z</time>
      </trkpt>
      <trkpt lat="47.767082" lon="15.323872">
        <ele>884.291622</ele>
        <time>2026-05-12T07:21:28.000Z</time>
      </trkpt>
      <trkpt lat="47.767105" lon="15.323843">
        <ele>884.344907</ele>
        <time>2026-05-12T07:21:29.000Z</time>
      </trkpt>
      <trkpt lat="47.767128" lon="15.323812">
        <ele>884.399757</ele>
        <time>2026-05-12T07:21:30.000Z</time>
      </trkpt>
      <trkpt lat="47.767153" lon="15.323785">
        <ele>884.454356</ele>
        <time>2026-05-12T07:21:31.000Z</time>
      </trkpt>
      <trkpt lat="47.767179" lon="15.323756">
        <ele>884.511787</ele>
        <time>2026-05-12T07:21:32.000Z</time>
      </trkpt>
      <trkpt lat="47.767205" lon="15.323727">
        <ele>884.569218</ele>
        <time>2026-05-12T07:21:33.000Z</time>
      </trkpt>
      <trkpt lat="47.767228" lon="15.323694">
        <ele>884.625691</ele>
        <time>2026-05-12T07:21:34.000Z</time>
      </trkpt>
      <trkpt lat="47.767252" lon="15.323660">
        <ele>884.684262</ele>
        <time>2026-05-12T07:21:35.000Z</time>
      </trkpt>
      <trkpt lat="47.767278" lon="15.323629">
        <ele>884.743149</ele>
        <time>2026-05-12T07:21:36.000Z</time>
      </trkpt>
      <trkpt lat="47.767305" lon="15.323598">
        <ele>884.803426</ele>
        <time>2026-05-12T07:21:37.000Z</time>
      </trkpt>
      <trkpt lat="47.767332" lon="15.323571">
        <ele>884.860922</ele>
        <time>2026-05-12T07:21:38.000Z</time>
      </trkpt>
      <trkpt lat="47.767358" lon="15.323546">
        <ele>884.915636</ele>
        <time>2026-05-12T07:21:39.000Z</time>
      </trkpt>
      <trkpt lat="47.767383" lon="15.323519">
        <ele>884.970234</ele>
        <time>2026-05-12T07:21:40.000Z</time>
      </trkpt>
      <trkpt lat="47.767410" lon="15.323494">
        <ele>885.026440</ele>
        <time>2026-05-12T07:21:41.000Z</time>
      </trkpt>
      <trkpt lat="47.767438" lon="15.323470">
        <ele>885.083552</ele>
        <time>2026-05-12T07:21:42.000Z</time>
      </trkpt>
      <trkpt lat="47.767466" lon="15.323449">
        <ele>885.138971</ele>
        <time>2026-05-12T07:21:43.000Z</time>
      </trkpt>
      <trkpt lat="47.767496" lon="15.323431">
        <ele>885.196141</ele>
        <time>2026-05-12T07:21:44.000Z</time>
      </trkpt>
      <trkpt lat="47.767525" lon="15.323413">
        <ele>885.210580</ele>
        <time>2026-05-12T07:21:45.000Z</time>
      </trkpt>
      <trkpt lat="47.767555" lon="15.323395">
        <ele>885.164030</ele>
        <time>2026-05-12T07:21:46.000Z</time>
      </trkpt>
      <trkpt lat="47.767584" lon="15.323378">
        <ele>885.119175</ele>
        <time>2026-05-12T07:21:47.000Z</time>
      </trkpt>
      <trkpt lat="47.767614" lon="15.323363">
        <ele>885.073631</ele>
        <time>2026-05-12T07:21:48.000Z</time>
      </trkpt>
      <trkpt lat="47.767646" lon="15.323348">
        <ele>885.025350</ele>
        <time>2026-05-12T07:21:49.000Z</time>
      </trkpt>
      <trkpt lat="47.767679" lon="15.323332">
        <ele>884.975403</ele>
        <time>2026-05-12T07:21:50.000Z</time>
      </trkpt>
      <trkpt lat="47.767713" lon="15.323316">
        <ele>884.924087</ele>
        <time>2026-05-12T07:21:51.000Z</time>
      </trkpt>
      <trkpt lat="47.767749" lon="15.323303">
        <ele>884.870777</ele>
        <time>2026-05-12T07:21:52.000Z</time>
      </trkpt>
      <trkpt lat="47.767786" lon="15.323288">
        <ele>884.815591</ele>
        <time>2026-05-12T07:21:53.000Z</time>
      </trkpt>
      <trkpt lat="47.767821" lon="15.323270">
        <ele>884.762300</ele>
        <time>2026-05-12T07:21:54.000Z</time>
      </trkpt>
      <trkpt lat="47.767857" lon="15.323255">
        <ele>884.708501</ele>
        <time>2026-05-12T07:21:55.000Z</time>
      </trkpt>
      <trkpt lat="47.767894" lon="15.323241">
        <ele>884.653561</ele>
        <time>2026-05-12T07:21:56.000Z</time>
      </trkpt>
      <trkpt lat="47.767931" lon="15.323226">
        <ele>884.598375</ele>
        <time>2026-05-12T07:21:57.000Z</time>
      </trkpt>
      <trkpt lat="47.767968" lon="15.323212">
        <ele>884.543435</ele>
        <time>2026-05-12T07:21:58.000Z</time>
      </trkpt>
      <trkpt lat="47.768005" lon="15.323197">
        <ele>884.488249</ele>
        <time>2026-05-12T07:21:59.000Z</time>
      </trkpt>
      <trkpt lat="47.768044" lon="15.323180">
        <ele>884.429767</ele>
        <time>2026-05-12T07:22:00.000Z</time>
      </trkpt>
      <trkpt lat="47.768083" lon="15.323161">
        <ele>884.370712</ele>
        <time>2026-05-12T07:22:01.000Z</time>
      </trkpt>
      <trkpt lat="47.768124" lon="15.323143">
        <ele>884.309196</ele>
        <time>2026-05-12T07:22:02.000Z</time>
      </trkpt>
      <trkpt lat="47.768168" lon="15.323127">
        <ele>884.244014</ele>
        <time>2026-05-12T07:22:03.000Z</time>
      </trkpt>
      <trkpt lat="47.768211" lon="15.323109">
        <ele>884.179733</ele>
        <time>2026-05-12T07:22:04.000Z</time>
      </trkpt>
      <trkpt lat="47.768255" lon="15.323087">
        <ele>884.112935</ele>
        <time>2026-05-12T07:22:05.000Z</time>
      </trkpt>
      <trkpt lat="47.768298" lon="15.323068">
        <ele>884.048384</ele>
        <time>2026-05-12T07:22:06.000Z</time>
      </trkpt>
      <trkpt lat="47.768341" lon="15.323046">
        <ele>883.982949</ele>
        <time>2026-05-12T07:22:07.000Z</time>
      </trkpt>
      <trkpt lat="47.768385" lon="15.323029">
        <ele>883.917531</ele>
        <time>2026-05-12T07:22:08.000Z</time>
      </trkpt>
      <trkpt lat="47.768430" lon="15.323013">
        <ele>883.850950</ele>
        <time>2026-05-12T07:22:09.000Z</time>
      </trkpt>
      <trkpt lat="47.768475" lon="15.322996">
        <ele>883.784138</ele>
        <time>2026-05-12T07:22:10.000Z</time>
      </trkpt>
      <trkpt lat="47.768520" lon="15.322976">
        <ele>883.716553</ele>
        <time>2026-05-12T07:22:11.000Z</time>
      </trkpt>
      <trkpt lat="47.768568" lon="15.322956">
        <ele>883.644821</ele>
        <time>2026-05-12T07:22:12.000Z</time>
      </trkpt>
      <trkpt lat="47.768616" lon="15.322939">
        <ele>883.573817</ele>
        <time>2026-05-12T07:22:13.000Z</time>
      </trkpt>
      <trkpt lat="47.768664" lon="15.322922">
        <ele>883.502813</ele>
        <time>2026-05-12T07:22:14.000Z</time>
      </trkpt>
      <trkpt lat="47.768713" lon="15.322905">
        <ele>883.430408</ele>
        <time>2026-05-12T07:22:15.000Z</time>
      </trkpt>
      <trkpt lat="47.768764" lon="15.322891">
        <ele>883.355778</ele>
        <time>2026-05-12T07:22:16.000Z</time>
      </trkpt>
      <trkpt lat="47.768814" lon="15.322877">
        <ele>883.282562</ele>
        <time>2026-05-12T07:22:17.000Z</time>
      </trkpt>
      <trkpt lat="47.768864" lon="15.322864">
        <ele>883.209519</ele>
        <time>2026-05-12T07:22:18.000Z</time>
      </trkpt>
      <trkpt lat="47.768913" lon="15.322852">
        <ele>883.138057</ele>
        <time>2026-05-12T07:22:19.000Z</time>
      </trkpt>
      <trkpt lat="47.768962" lon="15.322841">
        <ele>883.066746</ele>
        <time>2026-05-12T07:22:20.000Z</time>
      </trkpt>
      <trkpt lat="47.769012" lon="15.322832">
        <ele>882.994269</ele>
        <time>2026-05-12T07:22:21.000Z</time>
      </trkpt>
      <trkpt lat="47.769062" lon="15.322825">
        <ele>882.921999</ele>
        <time>2026-05-12T07:22:22.000Z</time>
      </trkpt>
      <trkpt lat="47.769111" lon="15.322817">
        <ele>882.851062</ele>
        <time>2026-05-12T07:22:23.000Z</time>
      </trkpt>
      <trkpt lat="47.769159" lon="15.322808">
        <ele>882.781441</ele>
        <time>2026-05-12T07:22:24.000Z</time>
      </trkpt>
      <trkpt lat="47.769206" lon="15.322800">
        <ele>882.713365</ele>
        <time>2026-05-12T07:22:25.000Z</time>
      </trkpt>
      <trkpt lat="47.769251" lon="15.322797">
        <ele>882.648543</ele>
        <time>2026-05-12T07:22:26.000Z</time>
      </trkpt>
      <trkpt lat="47.769295" lon="15.322795">
        <ele>882.605113</ele>
        <time>2026-05-12T07:22:27.000Z</time>
      </trkpt>
      <trkpt lat="47.769342" lon="15.322789">
        <ele>882.561592</ele>
        <time>2026-05-12T07:22:28.000Z</time>
      </trkpt>
      <trkpt lat="47.769388" lon="15.322784">
        <ele>882.519040</ele>
        <time>2026-05-12T07:22:29.000Z</time>
      </trkpt>
      <trkpt lat="47.769433" lon="15.322775">
        <ele>882.477151</ele>
        <time>2026-05-12T07:22:30.000Z</time>
      </trkpt>
      <trkpt lat="47.769478" lon="15.322768">
        <ele>882.435409</ele>
        <time>2026-05-12T07:22:31.000Z</time>
      </trkpt>
      <trkpt lat="47.769523" lon="15.322761">
        <ele>882.393666</ele>
        <time>2026-05-12T07:22:32.000Z</time>
      </trkpt>
      <trkpt lat="47.769569" lon="15.322756">
        <ele>882.351114</ele>
        <time>2026-05-12T07:22:33.000Z</time>
      </trkpt>
      <trkpt lat="47.769615" lon="15.322748">
        <ele>882.308387</ele>
        <time>2026-05-12T07:22:34.000Z</time>
      </trkpt>
      <trkpt lat="47.769661" lon="15.322740">
        <ele>882.265659</ele>
        <time>2026-05-12T07:22:35.000Z</time>
      </trkpt>
      <trkpt lat="47.769706" lon="15.322733">
        <ele>882.223917</ele>
        <time>2026-05-12T07:22:36.000Z</time>
      </trkpt>
      <trkpt lat="47.769750" lon="15.322724">
        <ele>882.182941</ele>
        <time>2026-05-12T07:22:37.000Z</time>
      </trkpt>
      <trkpt lat="47.769795" lon="15.322711">
        <ele>882.140650</ele>
        <time>2026-05-12T07:22:38.000Z</time>
      </trkpt>
      <trkpt lat="47.769839" lon="15.322697">
        <ele>882.099139</ele>
        <time>2026-05-12T07:22:39.000Z</time>
      </trkpt>
      <trkpt lat="47.769882" lon="15.322684">
        <ele>882.058657</ele>
        <time>2026-05-12T07:22:40.000Z</time>
      </trkpt>
      <trkpt lat="47.769924" lon="15.322671">
        <ele>882.019079</ele>
        <time>2026-05-12T07:22:41.000Z</time>
      </trkpt>
      <trkpt lat="47.769965" lon="15.322655">
        <ele>881.979974</ele>
        <time>2026-05-12T07:22:42.000Z</time>
      </trkpt>
      <trkpt lat="47.770004" lon="15.322637">
        <ele>881.942302</ele>
        <time>2026-05-12T07:22:43.000Z</time>
      </trkpt>
      <trkpt lat="47.770043" lon="15.322619">
        <ele>881.904630</ele>
        <time>2026-05-12T07:22:44.000Z</time>
      </trkpt>
      <trkpt lat="47.770082" lon="15.322603">
        <ele>881.867306</ele>
        <time>2026-05-12T07:22:45.000Z</time>
      </trkpt>
      <trkpt lat="47.770121" lon="15.322592">
        <ele>881.830685</ele>
        <time>2026-05-12T07:22:46.000Z</time>
      </trkpt>
      <trkpt lat="47.770159" lon="15.322582">
        <ele>881.795083</ele>
        <time>2026-05-12T07:22:47.000Z</time>
      </trkpt>
      <trkpt lat="47.770199" lon="15.322568">
        <ele>881.757172</ele>
        <time>2026-05-12T07:22:48.000Z</time>
      </trkpt>
      <trkpt lat="47.770238" lon="15.322552">
        <ele>881.719849</ele>
        <time>2026-05-12T07:22:49.000Z</time>
      </trkpt>
      <trkpt lat="47.770277" lon="15.322539">
        <ele>881.682976</ele>
        <time>2026-05-12T07:22:50.000Z</time>
      </trkpt>
      <trkpt lat="47.770316" lon="15.322525">
        <ele>881.645963</ele>
        <time>2026-05-12T07:22:51.000Z</time>
      </trkpt>
      <trkpt lat="47.770356" lon="15.322508">
        <ele>881.607584</ele>
        <time>2026-05-12T07:22:52.000Z</time>
      </trkpt>
      <trkpt lat="47.770394" lon="15.322491">
        <ele>881.570976</ele>
        <time>2026-05-12T07:22:53.000Z</time>
      </trkpt>
      <trkpt lat="47.770432" lon="15.322473">
        <ele>881.534184</ele>
        <time>2026-05-12T07:22:54.000Z</time>
      </trkpt>
      <trkpt lat="47.770468" lon="15.322450">
        <ele>881.498038</ele>
        <time>2026-05-12T07:22:55.000Z</time>
      </trkpt>
      <trkpt lat="47.770507" lon="15.322427">
        <ele>881.459334</ele>
        <time>2026-05-12T07:22:56.000Z</time>
      </trkpt>
      <trkpt lat="47.770550" lon="15.322409">
        <ele>881.418123</ele>
        <time>2026-05-12T07:22:57.000Z</time>
      </trkpt>
      <trkpt lat="47.770593" lon="15.322395">
        <ele>881.377514</ele>
        <time>2026-05-12T07:22:58.000Z</time>
      </trkpt>
      <trkpt lat="47.770636" lon="15.322381">
        <ele>881.336904</ele>
        <time>2026-05-12T07:22:59.000Z</time>
      </trkpt>
      <trkpt lat="47.770678" lon="15.322365">
        <ele>881.296906</ele>
        <time>2026-05-12T07:23:00.000Z</time>
      </trkpt>
      <trkpt lat="47.770719" lon="15.322345">
        <ele>881.257099</ele>
        <time>2026-05-12T07:23:01.000Z</time>
      </trkpt>
      <trkpt lat="47.770760" lon="15.322323">
        <ele>881.216888</ele>
        <time>2026-05-12T07:23:02.000Z</time>
      </trkpt>
      <trkpt lat="47.770803" lon="15.322302">
        <ele>881.175135</ele>
        <time>2026-05-12T07:23:03.000Z</time>
      </trkpt>
      <trkpt lat="47.770844" lon="15.322279">
        <ele>881.134710</ele>
        <time>2026-05-12T07:23:04.000Z</time>
      </trkpt>
      <trkpt lat="47.770884" lon="15.322254">
        <ele>881.094683</ele>
        <time>2026-05-12T07:23:05.000Z</time>
      </trkpt>
      <trkpt lat="47.770925" lon="15.322228">
        <ele>881.053565</ele>
        <time>2026-05-12T07:23:06.000Z</time>
      </trkpt>
      <trkpt lat="47.770964" lon="15.322202">
        <ele>881.014138</ele>
        <time>2026-05-12T07:23:07.000Z</time>
      </trkpt>
      <trkpt lat="47.771004" lon="15.322177">
        <ele>880.968177</ele>
        <time>2026-05-12T07:23:08.000Z</time>
      </trkpt>
      <trkpt lat="47.771046" lon="15.322148">
        <ele>880.890197</ele>
        <time>2026-05-12T07:23:09.000Z</time>
      </trkpt>
      <trkpt lat="47.771088" lon="15.322118">
        <ele>880.811733</ele>
        <time>2026-05-12T07:23:10.000Z</time>
      </trkpt>
      <trkpt lat="47.771129" lon="15.322090">
        <ele>880.735756</ele>
        <time>2026-05-12T07:23:11.000Z</time>
      </trkpt>
      <trkpt lat="47.771170" lon="15.322062">
        <ele>880.659779</ele>
        <time>2026-05-12T07:23:12.000Z</time>
      </trkpt>
      <trkpt lat="47.771209" lon="15.322031">
        <ele>880.585311</ele>
        <time>2026-05-12T07:23:13.000Z</time>
      </trkpt>
      <trkpt lat="47.771244" lon="15.322003">
        <ele>880.518385</ele>
        <time>2026-05-12T07:23:14.000Z</time>
      </trkpt>
      <trkpt lat="47.771281" lon="15.321975">
        <ele>880.448474</ele>
        <time>2026-05-12T07:23:15.000Z</time>
      </trkpt>
      <trkpt lat="47.771318" lon="15.321947">
        <ele>880.378564</ele>
        <time>2026-05-12T07:23:16.000Z</time>
      </trkpt>
      <trkpt lat="47.771354" lon="15.321921">
        <ele>880.311169</ele>
        <time>2026-05-12T07:23:17.000Z</time>
      </trkpt>
      <trkpt lat="47.771391" lon="15.321897">
        <ele>880.243190</ele>
        <time>2026-05-12T07:23:18.000Z</time>
      </trkpt>
      <trkpt lat="47.771426" lon="15.321873">
        <ele>880.178286</ele>
        <time>2026-05-12T07:23:19.000Z</time>
      </trkpt>
      <trkpt lat="47.771461" lon="15.321845">
        <ele>880.111360</ele>
        <time>2026-05-12T07:23:20.000Z</time>
      </trkpt>
      <trkpt lat="47.771495" lon="15.321818">
        <ele>880.046453</ele>
        <time>2026-05-12T07:23:21.000Z</time>
      </trkpt>
      <trkpt lat="47.771529" lon="15.321791">
        <ele>879.981546</ele>
        <time>2026-05-12T07:23:22.000Z</time>
      </trkpt>
      <trkpt lat="47.771562" lon="15.321760">
        <ele>879.915819</ele>
        <time>2026-05-12T07:23:23.000Z</time>
      </trkpt>
      <trkpt lat="47.771594" lon="15.321726">
        <ele>879.849595</ele>
        <time>2026-05-12T07:23:24.000Z</time>
      </trkpt>
      <trkpt lat="47.771625" lon="15.321693">
        <ele>879.785400</ele>
        <time>2026-05-12T07:23:25.000Z</time>
      </trkpt>
      <trkpt lat="47.771660" lon="15.321660">
        <ele>879.715616</ele>
        <time>2026-05-12T07:23:26.000Z</time>
      </trkpt>
      <trkpt lat="47.771695" lon="15.321628">
        <ele>879.646431</ele>
        <time>2026-05-12T07:23:27.000Z</time>
      </trkpt>
      <trkpt lat="47.771730" lon="15.321594">
        <ele>879.576034</ele>
        <time>2026-05-12T07:23:28.000Z</time>
      </trkpt>
      <trkpt lat="47.771765" lon="15.321562">
        <ele>879.506849</ele>
        <time>2026-05-12T07:23:29.000Z</time>
      </trkpt>
      <trkpt lat="47.771799" lon="15.321529">
        <ele>879.438482</ele>
        <time>2026-05-12T07:23:30.000Z</time>
      </trkpt>
      <trkpt lat="47.771834" lon="15.321497">
        <ele>879.369297</ele>
        <time>2026-05-12T07:23:31.000Z</time>
      </trkpt>
      <trkpt lat="47.771871" lon="15.321467">
        <ele>879.298331</ele>
        <time>2026-05-12T07:23:32.000Z</time>
      </trkpt>
      <trkpt lat="47.771908" lon="15.321438">
        <ele>879.227900</ele>
        <time>2026-05-12T07:23:33.000Z</time>
      </trkpt>
      <trkpt lat="47.771945" lon="15.321405">
        <ele>879.155248</ele>
        <time>2026-05-12T07:23:34.000Z</time>
      </trkpt>
      <trkpt lat="47.771985" lon="15.321371">
        <ele>879.077664</ele>
        <time>2026-05-12T07:23:35.000Z</time>
      </trkpt>
      <trkpt lat="47.772027" lon="15.321338">
        <ele>878.997673</ele>
        <time>2026-05-12T07:23:36.000Z</time>
      </trkpt>
      <trkpt lat="47.772072" lon="15.321308">
        <ele>878.914626</ele>
        <time>2026-05-12T07:23:37.000Z</time>
      </trkpt>
      <trkpt lat="47.772116" lon="15.321274">
        <ele>878.831125</ele>
        <time>2026-05-12T07:23:38.000Z</time>
      </trkpt>
      <trkpt lat="47.772159" lon="15.321244">
        <ele>878.751140</ele>
        <time>2026-05-12T07:23:39.000Z</time>
      </trkpt>
      <trkpt lat="47.772198" lon="15.321225">
        <ele>878.682026</ele>
        <time>2026-05-12T07:23:40.000Z</time>
      </trkpt>
      <trkpt lat="47.772234" lon="15.321212">
        <ele>878.619636</ele>
        <time>2026-05-12T07:23:41.000Z</time>
      </trkpt>
      <trkpt lat="47.772265" lon="15.321191">
        <ele>878.562271</ele>
        <time>2026-05-12T07:23:42.000Z</time>
      </trkpt>
      <trkpt lat="47.772294" lon="15.321168">
        <ele>878.506925</ele>
        <time>2026-05-12T07:23:43.000Z</time>
      </trkpt>
      <trkpt lat="47.772318" lon="15.321147">
        <ele>878.460034</ele>
        <time>2026-05-12T07:23:44.000Z</time>
      </trkpt>
      <trkpt lat="47.772337" lon="15.321128">
        <ele>878.421480</ele>
        <time>2026-05-12T07:23:45.000Z</time>
      </trkpt>
      <trkpt lat="47.772355" lon="15.321110">
        <ele>878.384954</ele>
        <time>2026-05-12T07:23:46.000Z</time>
      </trkpt>
      <trkpt lat="47.772366" lon="15.321092">
        <ele>878.357417</ele>
        <time>2026-05-12T07:23:47.000Z</time>
      </trkpt>
      <trkpt lat="47.772377" lon="15.321069">
        <ele>878.325465</ele>
        <time>2026-05-12T07:23:48.000Z</time>
      </trkpt>
      <trkpt lat="47.772388" lon="15.321044">
        <ele>878.291642</ele>
        <time>2026-05-12T07:23:49.000Z</time>
      </trkpt>
      <trkpt lat="47.772397" lon="15.321022">
        <ele>878.262491</ele>
        <time>2026-05-12T07:23:50.000Z</time>
      </trkpt>
      <trkpt lat="47.772406" lon="15.320998">
        <ele>878.231383</ele>
        <time>2026-05-12T07:23:51.000Z</time>
      </trkpt>
      <trkpt lat="47.772412" lon="15.320977">
        <ele>878.205554</ele>
        <time>2026-05-12T07:23:52.000Z</time>
      </trkpt>
      <trkpt lat="47.772415" lon="15.320959">
        <ele>878.184563</ele>
        <time>2026-05-12T07:23:53.000Z</time>
      </trkpt>
      <trkpt lat="47.772417" lon="15.320939">
        <ele>878.161676</ele>
        <time>2026-05-12T07:23:54.000Z</time>
      </trkpt>
      <trkpt lat="47.772419" lon="15.320924">
        <ele>878.144367</ele>
        <time>2026-05-12T07:23:55.000Z</time>
      </trkpt>
      <trkpt lat="47.772421" lon="15.320903">
        <ele>878.120360</ele>
        <time>2026-05-12T07:23:56.000Z</time>
      </trkpt>
      <trkpt lat="47.772427" lon="15.320876">
        <ele>878.088171</ele>
        <time>2026-05-12T07:23:57.000Z</time>
      </trkpt>
      <trkpt lat="47.772437" lon="15.320847">
        <ele>878.051278</ele>
        <time>2026-05-12T07:23:58.000Z</time>
      </trkpt>
      <trkpt lat="47.772444" lon="15.320813">
        <ele>878.011029</ele>
        <time>2026-05-12T07:23:59.000Z</time>
      </trkpt>
      <trkpt lat="47.772453" lon="15.320778">
        <ele>877.968612</ele>
        <time>2026-05-12T07:24:00.000Z</time>
      </trkpt>
      <trkpt lat="47.772461" lon="15.320741">
        <ele>877.944237</ele>
        <time>2026-05-12T07:24:01.000Z</time>
      </trkpt>
      <trkpt lat="47.772470" lon="15.320704">
        <ele>877.931508</ele>
        <time>2026-05-12T07:24:02.000Z</time>
      </trkpt>
      <trkpt lat="47.772481" lon="15.320669">
        <ele>877.919009</ele>
        <time>2026-05-12T07:24:03.000Z</time>
      </trkpt>
      <trkpt lat="47.772487" lon="15.320630">
        <ele>877.906067</ele>
        <time>2026-05-12T07:24:04.000Z</time>
      </trkpt>
      <trkpt lat="47.772496" lon="15.320591">
        <ele>877.892728</ele>
        <time>2026-05-12T07:24:05.000Z</time>
      </trkpt>
      <trkpt lat="47.772505" lon="15.320550">
        <ele>877.878775</ele>
        <time>2026-05-12T07:24:06.000Z</time>
      </trkpt>
      <trkpt lat="47.772514" lon="15.320512">
        <ele>877.865741</ele>
        <time>2026-05-12T07:24:07.000Z</time>
      </trkpt>
      <trkpt lat="47.772523" lon="15.320476">
        <ele>877.853316</ele>
        <time>2026-05-12T07:24:08.000Z</time>
      </trkpt>
      <trkpt lat="47.772533" lon="15.320439">
        <ele>877.840416</ele>
        <time>2026-05-12T07:24:09.000Z</time>
      </trkpt>
      <trkpt lat="47.772544" lon="15.320404">
        <ele>877.827917</ele>
        <time>2026-05-12T07:24:10.000Z</time>
      </trkpt>
      <trkpt lat="47.772554" lon="15.320367">
        <ele>877.815016</ele>
        <time>2026-05-12T07:24:11.000Z</time>
      </trkpt>
      <trkpt lat="47.772569" lon="15.320333">
        <ele>877.801859</ele>
        <time>2026-05-12T07:24:12.000Z</time>
      </trkpt>
      <trkpt lat="47.772586" lon="15.320311">
        <ele>877.791015</ele>
        <time>2026-05-12T07:24:13.000Z</time>
      </trkpt>
      <trkpt lat="47.772609" lon="15.320279">
        <ele>877.775858</ele>
        <time>2026-05-12T07:24:14.000Z</time>
      </trkpt>
      <trkpt lat="47.772624" lon="15.320254">
        <ele>877.765017</ele>
        <time>2026-05-12T07:24:15.000Z</time>
      </trkpt>
      <trkpt lat="47.772644" lon="15.320209">
        <ele>877.747565</ele>
        <time>2026-05-12T07:24:16.000Z</time>
      </trkpt>
      <trkpt lat="47.772660" lon="15.320178">
        <ele>877.734921</ele>
        <time>2026-05-12T07:24:17.000Z</time>
      </trkpt>
      <trkpt lat="47.772683" lon="15.320151">
        <ele>877.720820</ele>
        <time>2026-05-12T07:24:18.000Z</time>
      </trkpt>
      <trkpt lat="47.772706" lon="15.320131">
        <ele>877.707997</ele>
        <time>2026-05-12T07:24:19.000Z</time>
      </trkpt>
      <trkpt lat="47.772724" lon="15.320110">
        <ele>877.696988</ele>
        <time>2026-05-12T07:24:20.000Z</time>
      </trkpt>
      <trkpt lat="47.772744" lon="15.320086">
        <ele>877.684620</ele>
        <time>2026-05-12T07:24:21.000Z</time>
      </trkpt>
      <trkpt lat="47.772766" lon="15.320057">
        <ele>877.670473</ele>
        <time>2026-05-12T07:24:22.000Z</time>
      </trkpt>
      <trkpt lat="47.772782" lon="15.320029">
        <ele>877.658584</ele>
        <time>2026-05-12T07:24:23.000Z</time>
      </trkpt>
      <trkpt lat="47.772805" lon="15.320005">
        <ele>877.645063</ele>
        <time>2026-05-12T07:24:24.000Z</time>
      </trkpt>
      <trkpt lat="47.772829" lon="15.319978">
        <ele>877.630581</ele>
        <time>2026-05-12T07:24:25.000Z</time>
      </trkpt>
      <trkpt lat="47.772852" lon="15.319953">
        <ele>877.616871</ele>
        <time>2026-05-12T07:24:26.000Z</time>
      </trkpt>
      <trkpt lat="47.772876" lon="15.319927">
        <ele>877.602581</ele>
        <time>2026-05-12T07:24:27.000Z</time>
      </trkpt>
      <trkpt lat="47.772898" lon="15.319900">
        <ele>877.588855</ele>
        <time>2026-05-12T07:24:28.000Z</time>
      </trkpt>
      <trkpt lat="47.772918" lon="15.319873">
        <ele>877.575856</ele>
        <time>2026-05-12T07:24:29.000Z</time>
      </trkpt>
      <trkpt lat="47.772936" lon="15.319843">
        <ele>877.562847</ele>
        <time>2026-05-12T07:24:30.000Z</time>
      </trkpt>
      <trkpt lat="47.772955" lon="15.319815">
        <ele>877.549976</ele>
        <time>2026-05-12T07:24:31.000Z</time>
      </trkpt>
      <trkpt lat="47.772976" lon="15.319789">
        <ele>877.536826</ele>
        <time>2026-05-12T07:24:32.000Z</time>
      </trkpt>
      <trkpt lat="47.772998" lon="15.319761">
        <ele>877.522891</ele>
        <time>2026-05-12T07:24:33.000Z</time>
      </trkpt>
      <trkpt lat="47.773017" lon="15.319734">
        <ele>877.510245</ele>
        <time>2026-05-12T07:24:34.000Z</time>
      </trkpt>
      <trkpt lat="47.773036" lon="15.319708">
        <ele>877.497821</ele>
        <time>2026-05-12T07:24:35.000Z</time>
      </trkpt>
      <trkpt lat="47.773057" lon="15.319680">
        <ele>877.484248</ele>
        <time>2026-05-12T07:24:36.000Z</time>
      </trkpt>
      <trkpt lat="47.773076" lon="15.319651">
        <ele>877.471147</ele>
        <time>2026-05-12T07:24:37.000Z</time>
      </trkpt>
      <trkpt lat="47.773095" lon="15.319620">
        <ele>877.457575</ele>
        <time>2026-05-12T07:24:38.000Z</time>
      </trkpt>
      <trkpt lat="47.773114" lon="15.319590">
        <ele>877.444240</ele>
        <time>2026-05-12T07:24:39.000Z</time>
      </trkpt>
      <trkpt lat="47.773134" lon="15.319557">
        <ele>877.429866</ele>
        <time>2026-05-12T07:24:40.000Z</time>
      </trkpt>
      <trkpt lat="47.773154" lon="15.319528">
        <ele>877.416424</ele>
        <time>2026-05-12T07:24:41.000Z</time>
      </trkpt>
      <trkpt lat="47.773176" lon="15.319502">
        <ele>877.402901</ele>
        <time>2026-05-12T07:24:42.000Z</time>
      </trkpt>
      <trkpt lat="47.773196" lon="15.319477">
        <ele>877.390329</ele>
        <time>2026-05-12T07:24:43.000Z</time>
      </trkpt>
      <trkpt lat="47.773216" lon="15.319452">
        <ele>877.377756</ele>
        <time>2026-05-12T07:24:44.000Z</time>
      </trkpt>
      <trkpt lat="47.773234" lon="15.319428">
        <ele>877.366122</ele>
        <time>2026-05-12T07:24:45.000Z</time>
      </trkpt>
      <trkpt lat="47.773248" lon="15.319405">
        <ele>877.356084</ele>
        <time>2026-05-12T07:24:46.000Z</time>
      </trkpt>
      <trkpt lat="47.773260" lon="15.319379">
        <ele>877.345881</ele>
        <time>2026-05-12T07:24:47.000Z</time>
      </trkpt>
      <trkpt lat="47.773271" lon="15.319350">
        <ele>877.335109</ele>
        <time>2026-05-12T07:24:48.000Z</time>
      </trkpt>
      <trkpt lat="47.773283" lon="15.319323">
        <ele>877.324638</ele>
        <time>2026-05-12T07:24:49.000Z</time>
      </trkpt>
      <trkpt lat="47.773297" lon="15.319301">
        <ele>877.314837</ele>
        <time>2026-05-12T07:24:50.000Z</time>
      </trkpt>
      <trkpt lat="47.773308" lon="15.319281">
        <ele>877.306477</ele>
        <time>2026-05-12T07:24:51.000Z</time>
      </trkpt>
      <trkpt lat="47.773318" lon="15.319268">
        <ele>877.300086</ele>
        <time>2026-05-12T07:24:52.000Z</time>
      </trkpt>
      <trkpt lat="47.773322" lon="15.319262">
        <ele>877.297352</ele>
        <time>2026-05-12T07:24:53.000Z</time>
      </trkpt>
      <trkpt lat="47.773322" lon="15.319262">
        <ele>877.297352</ele>
        <time>2026-05-12T07:24:54.000Z</time>
      </trkpt>
      <trkpt lat="47.773337" lon="15.319191">
        <ele>877.273276</ele>
        <time>2026-05-12T07:26:01.000Z</time>
      </trkpt>
      <trkpt lat="47.773348" lon="15.319159">
        <ele>877.261649</ele>
        <time>2026-05-12T07:26:02.000Z</time>
      </trkpt>
      <trkpt lat="47.773364" lon="15.319126">
        <ele>877.248486</ele>
        <time>2026-05-12T07:26:03.000Z</time>
      </trkpt>
      <trkpt lat="47.773385" lon="15.319093">
        <ele>877.233785</ele>
        <time>2026-05-12T07:26:04.000Z</time>
      </trkpt>
      <trkpt lat="47.773411" lon="15.319066">
        <ele>877.218524</ele>
        <time>2026-05-12T07:26:05.000Z</time>
      </trkpt>
      <trkpt lat="47.773437" lon="15.319037">
        <ele>877.202884</ele>
        <time>2026-05-12T07:26:06.000Z</time>
      </trkpt>
      <trkpt lat="47.773459" lon="15.319000">
        <ele>877.186903</ele>
        <time>2026-05-12T07:26:07.000Z</time>
      </trkpt>
      <trkpt lat="47.773474" lon="15.318960">
        <ele>877.172085</ele>
        <time>2026-05-12T07:26:08.000Z</time>
      </trkpt>
      <trkpt lat="47.773492" lon="15.318924">
        <ele>877.157571</ele>
        <time>2026-05-12T07:26:09.000Z</time>
      </trkpt>
      <trkpt lat="47.773509" lon="15.318888">
        <ele>877.143338</ele>
        <time>2026-05-12T07:26:10.000Z</time>
      </trkpt>
      <trkpt lat="47.773530" lon="15.318849">
        <ele>877.127172</ele>
        <time>2026-05-12T07:26:11.000Z</time>
      </trkpt>
      <trkpt lat="47.773550" lon="15.318806">
        <ele>877.110256</ele>
        <time>2026-05-12T07:26:12.000Z</time>
      </trkpt>
      <trkpt lat="47.773571" lon="15.318765">
        <ele>877.093581</ele>
        <time>2026-05-12T07:26:13.000Z</time>
      </trkpt>
      <trkpt lat="47.773602" lon="15.318727">
        <ele>876.910751</ele>
        <time>2026-05-12T07:26:14.000Z</time>
      </trkpt>
      <trkpt lat="47.773624" lon="15.318681">
        <ele>876.645704</ele>
        <time>2026-05-12T07:26:15.000Z</time>
      </trkpt>
      <trkpt lat="47.773649" lon="15.318644">
        <ele>876.399398</ele>
        <time>2026-05-12T07:26:16.000Z</time>
      </trkpt>
      <trkpt lat="47.773670" lon="15.318598">
        <ele>876.138339</ele>
        <time>2026-05-12T07:26:17.000Z</time>
      </trkpt>
      <trkpt lat="47.773686" lon="15.318548">
        <ele>875.878363</ele>
        <time>2026-05-12T07:26:18.000Z</time>
      </trkpt>
      <trkpt lat="47.773697" lon="15.318500">
        <ele>875.640286</ele>
        <time>2026-05-12T07:26:19.000Z</time>
      </trkpt>
      <trkpt lat="47.773701" lon="15.318462">
        <ele>875.459719</ele>
        <time>2026-05-12T07:26:20.000Z</time>
      </trkpt>
      <trkpt lat="47.773708" lon="15.318426">
        <ele>875.283785</ele>
        <time>2026-05-12T07:26:21.000Z</time>
      </trkpt>
      <trkpt lat="47.773713" lon="15.318386">
        <ele>875.092784</ele>
        <time>2026-05-12T07:26:22.000Z</time>
      </trkpt>
      <trkpt lat="47.773712" lon="15.318348">
        <ele>874.914255</ele>
        <time>2026-05-12T07:26:23.000Z</time>
      </trkpt>
      <trkpt lat="47.773714" lon="15.318314">
        <ele>874.754031</ele>
        <time>2026-05-12T07:26:24.000Z</time>
      </trkpt>
      <trkpt lat="47.773717" lon="15.318288">
        <ele>874.630188</ele>
        <time>2026-05-12T07:26:25.000Z</time>
      </trkpt>
      <trkpt lat="47.773715" lon="15.318255">
        <ele>874.474640</ele>
        <time>2026-05-12T07:26:26.000Z</time>
      </trkpt>
      <trkpt lat="47.773711" lon="15.318223">
        <ele>874.321839</ele>
        <time>2026-05-12T07:26:27.000Z</time>
      </trkpt>
      <trkpt lat="47.773697" lon="15.318185">
        <ele>874.118401</ele>
        <time>2026-05-12T07:26:28.000Z</time>
      </trkpt>
      <trkpt lat="47.773681" lon="15.318154">
        <ele>873.934906</ele>
        <time>2026-05-12T07:26:29.000Z</time>
      </trkpt>
      <trkpt lat="47.773656" lon="15.318121">
        <ele>873.701462</ele>
        <time>2026-05-12T07:26:30.000Z</time>
      </trkpt>
      <trkpt lat="47.773631" lon="15.318096">
        <ele>873.491057</ele>
        <time>2026-05-12T07:26:31.000Z</time>
      </trkpt>
      <trkpt lat="47.773605" lon="15.318077">
        <ele>873.288719</ele>
        <time>2026-05-12T07:26:32.000Z</time>
      </trkpt>
      <trkpt lat="47.773578" lon="15.318063">
        <ele>873.088994</ele>
        <time>2026-05-12T07:26:33.000Z</time>
      </trkpt>
      <trkpt lat="47.773551" lon="15.318051">
        <ele>872.892158</ele>
        <time>2026-05-12T07:26:34.000Z</time>
      </trkpt>
      <trkpt lat="47.773522" lon="15.318039">
        <ele>872.681898</ele>
        <time>2026-05-12T07:26:35.000Z</time>
      </trkpt>
      <trkpt lat="47.773493" lon="15.318025">
        <ele>872.468931</ele>
        <time>2026-05-12T07:26:36.000Z</time>
      </trkpt>
      <trkpt lat="47.773467" lon="15.318007">
        <ele>872.268618</ele>
        <time>2026-05-12T07:26:37.000Z</time>
      </trkpt>
      <trkpt lat="47.773440" lon="15.317989">
        <ele>872.061951</ele>
        <time>2026-05-12T07:26:38.000Z</time>
      </trkpt>
      <trkpt lat="47.773415" lon="15.317973">
        <ele>871.871850</ele>
        <time>2026-05-12T07:26:39.000Z</time>
      </trkpt>
      <trkpt lat="47.773391" lon="15.317960">
        <ele>871.693441</ele>
        <time>2026-05-12T07:26:40.000Z</time>
      </trkpt>
      <trkpt lat="47.773366" lon="15.317950">
        <ele>871.512610</ele>
        <time>2026-05-12T07:26:41.000Z</time>
      </trkpt>
      <trkpt lat="47.773341" lon="15.317941">
        <ele>871.332940</ele>
        <time>2026-05-12T07:26:42.000Z</time>
      </trkpt>
      <trkpt lat="47.773317" lon="15.317930">
        <ele>871.157520</ele>
        <time>2026-05-12T07:26:43.000Z</time>
      </trkpt>
      <trkpt lat="47.773293" lon="15.317917">
        <ele>870.979111</ele>
        <time>2026-05-12T07:26:44.000Z</time>
      </trkpt>
      <trkpt lat="47.773265" lon="15.317903">
        <ele>870.772776</ele>
        <time>2026-05-12T07:26:45.000Z</time>
      </trkpt>
      <trkpt lat="47.773236" lon="15.317893">
        <ele>870.564835</ele>
        <time>2026-05-12T07:26:46.000Z</time>
      </trkpt>
      <trkpt lat="47.773206" lon="15.317882">
        <ele>870.349008</ele>
        <time>2026-05-12T07:26:47.000Z</time>
      </trkpt>
      <trkpt lat="47.773178" lon="15.317865">
        <ele>870.137765</ele>
        <time>2026-05-12T07:26:48.000Z</time>
      </trkpt>
      <trkpt lat="47.773151" lon="15.317843">
        <ele>869.922736</ele>
        <time>2026-05-12T07:26:49.000Z</time>
      </trkpt>
      <trkpt lat="47.773126" lon="15.317821">
        <ele>869.719849</ele>
        <time>2026-05-12T07:26:50.000Z</time>
      </trkpt>
      <trkpt lat="47.773103" lon="15.317798">
        <ele>869.526276</ele>
        <time>2026-05-12T07:26:51.000Z</time>
      </trkpt>
      <trkpt lat="47.773079" lon="15.317777">
        <ele>869.331791</ele>
        <time>2026-05-12T07:26:52.000Z</time>
      </trkpt>
      <trkpt lat="47.773054" lon="15.317756">
        <ele>869.131253</ele>
        <time>2026-05-12T07:26:53.000Z</time>
      </trkpt>
      <trkpt lat="47.773026" lon="15.317734">
        <ele>868.910071</ele>
        <time>2026-05-12T07:26:54.000Z</time>
      </trkpt>
      <trkpt lat="47.772998" lon="15.317710">
        <ele>868.684352</ele>
        <time>2026-05-12T07:26:55.000Z</time>
      </trkpt>
      <trkpt lat="47.772969" lon="15.317686">
        <ele>868.452555</ele>
        <time>2026-05-12T07:26:56.000Z</time>
      </trkpt>
      <trkpt lat="47.772938" lon="15.317660">
        <ele>868.203980</ele>
        <time>2026-05-12T07:26:57.000Z</time>
      </trkpt>
      <trkpt lat="47.772908" lon="15.317631">
        <ele>867.954081</ele>
        <time>2026-05-12T07:26:58.000Z</time>
      </trkpt>
      <trkpt lat="47.772878" lon="15.317602">
        <ele>867.704182</ele>
        <time>2026-05-12T07:26:59.000Z</time>
      </trkpt>
      <trkpt lat="47.772850" lon="15.317573">
        <ele>867.465877</ele>
        <time>2026-05-12T07:27:00.000Z</time>
      </trkpt>
      <trkpt lat="47.772824" lon="15.317545">
        <ele>867.241682</ele>
        <time>2026-05-12T07:27:01.000Z</time>
      </trkpt>
      <trkpt lat="47.772799" lon="15.317517">
        <ele>867.023107</ele>
        <time>2026-05-12T07:27:02.000Z</time>
      </trkpt>
      <trkpt lat="47.772776" lon="15.317485">
        <ele>866.803152</ele>
        <time>2026-05-12T07:27:03.000Z</time>
      </trkpt>
      <trkpt lat="47.772754" lon="15.317449">
        <ele>866.574724</ele>
        <time>2026-05-12T07:27:04.000Z</time>
      </trkpt>
      <trkpt lat="47.772734" lon="15.317411">
        <ele>866.348136</ele>
        <time>2026-05-12T07:27:05.000Z</time>
      </trkpt>
      <trkpt lat="47.772713" lon="15.317373">
        <ele>866.117175</ele>
        <time>2026-05-12T07:27:06.000Z</time>
      </trkpt>
      <trkpt lat="47.772694" lon="15.317334">
        <ele>865.891041</ele>
        <time>2026-05-12T07:27:07.000Z</time>
      </trkpt>
      <trkpt lat="47.772675" lon="15.317293">
        <ele>865.657241</ele>
        <time>2026-05-12T07:27:08.000Z</time>
      </trkpt>
      <trkpt lat="47.772658" lon="15.317251">
        <ele>865.427069</ele>
        <time>2026-05-12T07:27:09.000Z</time>
      </trkpt>
      <trkpt lat="47.772640" lon="15.317213">
        <ele>865.208817</ele>
        <time>2026-05-12T07:27:10.000Z</time>
      </trkpt>
      <trkpt lat="47.772623" lon="15.317173">
        <ele>864.986636</ele>
        <time>2026-05-12T07:27:11.000Z</time>
      </trkpt>
      <trkpt lat="47.772604" lon="15.317136">
        <ele>864.768034</ele>
        <time>2026-05-12T07:27:12.000Z</time>
      </trkpt>
      <trkpt lat="47.772585" lon="15.317100">
        <ele>864.553144</ele>
        <time>2026-05-12T07:27:13.000Z</time>
      </trkpt>
      <trkpt lat="47.772568" lon="15.317064">
        <ele>864.493778</ele>
        <time>2026-05-12T07:27:14.000Z</time>
      </trkpt>
      <trkpt lat="47.772552" lon="15.317025">
        <ele>864.458903</ele>
        <time>2026-05-12T07:27:15.000Z</time>
      </trkpt>
      <trkpt lat="47.772536" lon="15.316982">
        <ele>864.421388</ele>
        <time>2026-05-12T07:27:16.000Z</time>
      </trkpt>
      <trkpt lat="47.772516" lon="15.316941">
        <ele>864.382720</ele>
        <time>2026-05-12T07:27:17.000Z</time>
      </trkpt>
      <trkpt lat="47.772494" lon="15.316899">
        <ele>864.342077</ele>
        <time>2026-05-12T07:27:18.000Z</time>
      </trkpt>
      <trkpt lat="47.772473" lon="15.316849">
        <ele>864.297075</ele>
        <time>2026-05-12T07:27:19.000Z</time>
      </trkpt>
      <trkpt lat="47.772450" lon="15.316800">
        <ele>864.251457</ele>
        <time>2026-05-12T07:27:20.000Z</time>
      </trkpt>
      <trkpt lat="47.772427" lon="15.316747">
        <ele>864.203304</ele>
        <time>2026-05-12T07:27:21.000Z</time>
      </trkpt>
      <trkpt lat="47.772408" lon="15.316706">
        <ele>864.165292</ele>
        <time>2026-05-12T07:27:22.000Z</time>
      </trkpt>
      <trkpt lat="47.772385" lon="15.316656">
        <ele>864.119046</ele>
        <time>2026-05-12T07:27:23.000Z</time>
      </trkpt>
      <trkpt lat="47.772358" lon="15.316603">
        <ele>864.068285</ele>
        <time>2026-05-12T07:27:24.000Z</time>
      </trkpt>
      <trkpt lat="47.772336" lon="15.316557">
        <ele>864.025192</ele>
        <time>2026-05-12T07:27:25.000Z</time>
      </trkpt>
      <trkpt lat="47.772317" lon="15.316510">
        <ele>863.983330</ele>
        <time>2026-05-12T07:27:26.000Z</time>
      </trkpt>
      <trkpt lat="47.772301" lon="15.316477">
        <ele>863.952272</ele>
        <time>2026-05-12T07:27:27.000Z</time>
      </trkpt>
      <trkpt lat="47.772276" lon="15.316430">
        <ele>863.906522</ele>
        <time>2026-05-12T07:27:28.000Z</time>
      </trkpt>
      <trkpt lat="47.772258" lon="15.316394">
        <ele>863.872275</ele>
        <time>2026-05-12T07:27:29.000Z</time>
      </trkpt>
      <trkpt lat="47.772242" lon="15.316358">
        <ele>863.839333</ele>
        <time>2026-05-12T07:27:30.000Z</time>
      </trkpt>
      <trkpt lat="47.772227" lon="15.316320">
        <ele>863.805696</ele>
        <time>2026-05-12T07:27:31.000Z</time>
      </trkpt>
      <trkpt lat="47.772211" lon="15.316282">
        <ele>863.771470</ele>
        <time>2026-05-12T07:27:32.000Z</time>
      </trkpt>
      <trkpt lat="47.772195" lon="15.316248">
        <ele>863.739790</ele>
        <time>2026-05-12T07:27:33.000Z</time>
      </trkpt>
      <trkpt lat="47.772178" lon="15.316212">
        <ele>863.706208</ele>
        <time>2026-05-12T07:27:34.000Z</time>
      </trkpt>
      <trkpt lat="47.772164" lon="15.316171">
        <ele>863.671107</ele>
        <time>2026-05-12T07:27:35.000Z</time>
      </trkpt>
      <trkpt lat="47.772148" lon="15.316126">
        <ele>863.632249</ele>
        <time>2026-05-12T07:27:36.000Z</time>
      </trkpt>
      <trkpt lat="47.772133" lon="15.316081">
        <ele>863.593910</ele>
        <time>2026-05-12T07:27:37.000Z</time>
      </trkpt>
      <trkpt lat="47.772119" lon="15.316039">
        <ele>863.558127</ele>
        <time>2026-05-12T07:27:38.000Z</time>
      </trkpt>
      <trkpt lat="47.772101" lon="15.315996">
        <ele>863.519461</ele>
        <time>2026-05-12T07:27:39.000Z</time>
      </trkpt>
      <trkpt lat="47.772085" lon="15.315952">
        <ele>863.481276</ele>
        <time>2026-05-12T07:27:40.000Z</time>
      </trkpt>
      <trkpt lat="47.772072" lon="15.315907">
        <ele>863.443891</ele>
        <time>2026-05-12T07:27:41.000Z</time>
      </trkpt>
      <trkpt lat="47.772060" lon="15.315863">
        <ele>863.407647</ele>
        <time>2026-05-12T07:27:42.000Z</time>
      </trkpt>
      <trkpt lat="47.772050" lon="15.315816">
        <ele>863.370019</ele>
        <time>2026-05-12T07:27:43.000Z</time>
      </trkpt>
      <trkpt lat="47.772040" lon="15.315768">
        <ele>863.331662</ele>
        <time>2026-05-12T07:27:44.000Z</time>
      </trkpt>
      <trkpt lat="47.772030" lon="15.315721">
        <ele>863.294034</ele>
        <time>2026-05-12T07:27:45.000Z</time>
      </trkpt>
      <trkpt lat="47.772015" lon="15.315676">
        <ele>863.255695</ele>
        <time>2026-05-12T07:27:46.000Z</time>
      </trkpt>
      <trkpt lat="47.772000" lon="15.315634">
        <ele>863.219392</ele>
        <time>2026-05-12T07:27:47.000Z</time>
      </trkpt>
      <trkpt lat="47.771986" lon="15.315597">
        <ele>863.186983</ele>
        <time>2026-05-12T07:27:48.000Z</time>
      </trkpt>
      <trkpt lat="47.771972" lon="15.315567">
        <ele>863.159107</ele>
        <time>2026-05-12T07:27:49.000Z</time>
      </trkpt>
      <trkpt lat="47.771955" lon="15.315548">
        <ele>863.134960</ele>
        <time>2026-05-12T07:27:50.000Z</time>
      </trkpt>
      <trkpt lat="47.771942" lon="15.315541">
        <ele>863.119259</ele>
        <time>2026-05-12T07:27:51.000Z</time>
      </trkpt>
      <trkpt lat="47.771937" lon="15.315538">
        <ele>863.113137</ele>
        <time>2026-05-12T07:27:52.000Z</time>
      </trkpt>
      <trkpt lat="47.771927" lon="15.315562">
        <ele>863.091584</ele>
        <time>2026-05-12T07:31:52.000Z</time>
      </trkpt>
      <trkpt lat="47.771929" lon="15.315555">
        <ele>863.085778</ele>
        <time>2026-05-12T07:31:53.000Z</time>
      </trkpt>
      <trkpt lat="47.771932" lon="15.315553">
        <ele>863.082045</ele>
        <time>2026-05-12T07:31:54.000Z</time>
      </trkpt>
      <trkpt lat="47.771937" lon="15.315546">
        <ele>863.074248</ele>
        <time>2026-05-12T07:31:55.000Z</time>
      </trkpt>
      <trkpt lat="47.771941" lon="15.315540">
        <ele>863.067797</ele>
        <time>2026-05-12T07:31:56.000Z</time>
      </trkpt>
      <trkpt lat="47.772046" lon="15.315537">
        <ele>862.948530</ele>
        <time>2026-05-12T08:59:55.000Z</time>
      </trkpt>
      <trkpt lat="47.772054" lon="15.315542">
        <ele>862.938675</ele>
        <time>2026-05-12T08:59:56.000Z</time>
      </trkpt>
      <trkpt lat="47.772058" lon="15.315543">
        <ele>862.934069</ele>
        <time>2026-05-12T08:59:57.000Z</time>
      </trkpt>
      <trkpt lat="47.772148" lon="15.315536">
        <ele>862.831719</ele>
        <time>2026-05-12T09:00:02.000Z</time>
      </trkpt>
      <trkpt lat="47.772171" lon="15.315546">
        <ele>862.804506</ele>
        <time>2026-05-12T09:00:03.000Z</time>
      </trkpt>
      <trkpt lat="47.772180" lon="15.315547">
        <ele>862.794256</ele>
        <time>2026-05-12T09:00:04.000Z</time>
      </trkpt>
      <trkpt lat="47.772169" lon="15.315546">
        <ele>862.781740</ele>
        <time>2026-05-12T09:00:05.000Z</time>
      </trkpt>
      <trkpt lat="47.772163" lon="15.315547">
        <ele>862.774884</ele>
        <time>2026-05-12T09:00:06.000Z</time>
      </trkpt>
      <trkpt lat="47.772247" lon="15.315576">
        <ele>862.676953</ele>
        <time>2026-05-12T09:00:09.000Z</time>
      </trkpt>
      <trkpt lat="47.772279" lon="15.315585">
        <ele>862.639968</ele>
        <time>2026-05-12T09:00:10.000Z</time>
      </trkpt>
      <trkpt lat="47.772305" lon="15.315595">
        <ele>862.609470</ele>
        <time>2026-05-12T09:00:11.000Z</time>
      </trkpt>
      <trkpt lat="47.772312" lon="15.315600">
        <ele>862.600651</ele>
        <time>2026-05-12T09:00:12.000Z</time>
      </trkpt>
      <trkpt lat="47.772308" lon="15.315629">
        <ele>862.578055</ele>
        <time>2026-05-12T09:00:13.000Z</time>
      </trkpt>
      <trkpt lat="47.772296" lon="15.315650">
        <ele>862.557016</ele>
        <time>2026-05-12T09:00:14.000Z</time>
      </trkpt>
      <trkpt lat="47.772382" lon="15.315870">
        <ele>862.957641</ele>
        <time>2026-05-12T09:00:25.000Z</time>
      </trkpt>
      <trkpt lat="47.772386" lon="15.315882">
        <ele>862.999435</ele>
        <time>2026-05-12T09:00:26.000Z</time>
      </trkpt>
      <trkpt lat="47.772377" lon="15.315905">
        <ele>863.082476</ele>
        <time>2026-05-12T09:00:27.000Z</time>
      </trkpt>
      <trkpt lat="47.772362" lon="15.315922">
        <ele>863.170015</ele>
        <time>2026-05-12T09:00:28.000Z</time>
      </trkpt>
      <trkpt lat="47.772314" lon="15.315959">
        <ele>863.420986</ele>
        <time>2026-05-12T09:00:29.000Z</time>
      </trkpt>
      <trkpt lat="47.772292" lon="15.315990">
        <ele>863.561655</ele>
        <time>2026-05-12T09:00:30.000Z</time>
      </trkpt>
      <trkpt lat="47.772292" lon="15.316015">
        <ele>863.639659</ele>
        <time>2026-05-12T09:00:31.000Z</time>
      </trkpt>
      <trkpt lat="47.772297" lon="15.316033">
        <ele>863.700430</ele>
        <time>2026-05-12T09:00:32.000Z</time>
      </trkpt>
      <trkpt lat="47.772297" lon="15.316047">
        <ele>863.744112</ele>
        <time>2026-05-12T09:00:33.000Z</time>
      </trkpt>
      <trkpt lat="47.772290" lon="15.316058">
        <ele>863.791378</ele>
        <time>2026-05-12T09:00:34.000Z</time>
      </trkpt>
      <trkpt lat="47.772281" lon="15.316064">
        <ele>863.837164</ele>
        <time>2026-05-12T09:00:35.000Z</time>
      </trkpt>
      <trkpt lat="47.772859" lon="15.317377">
        <ele>868.734514</ele>
        <time>2026-05-12T09:01:59.000Z</time>
      </trkpt>
      <trkpt lat="47.772864" lon="15.317391">
        <ele>868.783980</ele>
        <time>2026-05-12T09:02:00.000Z</time>
      </trkpt>
      <trkpt lat="47.772867" lon="15.317406">
        <ele>868.832811</ele>
        <time>2026-05-12T09:02:01.000Z</time>
      </trkpt>
      <trkpt lat="47.772871" lon="15.317423">
        <ele>868.889010</ele>
        <time>2026-05-12T09:02:02.000Z</time>
      </trkpt>
      <trkpt lat="47.772874" lon="15.317451">
        <ele>868.977477</ele>
        <time>2026-05-12T09:02:03.000Z</time>
      </trkpt>
      <trkpt lat="47.772882" lon="15.317462">
        <ele>869.028047</ele>
        <time>2026-05-12T09:02:04.000Z</time>
      </trkpt>
      <trkpt lat="47.772888" lon="15.317473">
        <ele>869.072250</ele>
        <time>2026-05-12T09:02:05.000Z</time>
      </trkpt>
      <trkpt lat="47.772896" lon="15.317483">
        <ele>869.120757</ele>
        <time>2026-05-12T09:02:06.000Z</time>
      </trkpt>
      <trkpt lat="47.772904" lon="15.317495">
        <ele>869.173495</ele>
        <time>2026-05-12T09:02:07.000Z</time>
      </trkpt>
      <trkpt lat="47.772905" lon="15.317514">
        <ele>869.232959</ele>
        <time>2026-05-12T09:02:08.000Z</time>
      </trkpt>
      <trkpt lat="47.772906" lon="15.317533">
        <ele>869.292423</ele>
        <time>2026-05-12T09:02:09.000Z</time>
      </trkpt>
      <trkpt lat="47.772912" lon="15.317544">
        <ele>869.336626</ele>
        <time>2026-05-12T09:02:10.000Z</time>
      </trkpt>
      <trkpt lat="47.772919" lon="15.317554">
        <ele>869.381677</ele>
        <time>2026-05-12T09:02:11.000Z</time>
      </trkpt>
      <trkpt lat="47.772925" lon="15.317566">
        <ele>869.428344</ele>
        <time>2026-05-12T09:02:12.000Z</time>
      </trkpt>
      <trkpt lat="47.772929" lon="15.317577">
        <ele>869.467367</ele>
        <time>2026-05-12T09:02:13.000Z</time>
      </trkpt>
      <trkpt lat="47.772934" lon="15.317589">
        <ele>869.511420</ele>
        <time>2026-05-12T09:02:14.000Z</time>
      </trkpt>
      <trkpt lat="47.772935" lon="15.317613">
        <ele>869.586447</ele>
        <time>2026-05-12T09:02:15.000Z</time>
      </trkpt>
      <trkpt lat="47.772941" lon="15.317625">
        <ele>869.633114</ele>
        <time>2026-05-12T09:02:16.000Z</time>
      </trkpt>
      <trkpt lat="47.772948" lon="15.317636">
        <ele>869.680380</ele>
        <time>2026-05-12T09:02:17.000Z</time>
      </trkpt>
      <trkpt lat="47.772952" lon="15.317650">
        <ele>869.727845</ele>
        <time>2026-05-12T09:02:18.000Z</time>
      </trkpt>
      <trkpt lat="47.772958" lon="15.317663">
        <ele>869.777051</ele>
        <time>2026-05-12T09:02:19.000Z</time>
      </trkpt>
      <trkpt lat="47.772960" lon="15.317678">
        <ele>869.824765</ele>
        <time>2026-05-12T09:02:20.000Z</time>
      </trkpt>
      <trkpt lat="47.772968" lon="15.317692">
        <ele>869.882101</ele>
        <time>2026-05-12T09:02:21.000Z</time>
      </trkpt>
      <trkpt lat="47.772972" lon="15.317706">
        <ele>869.929567</ele>
        <time>2026-05-12T09:02:22.000Z</time>
      </trkpt>
      <trkpt lat="47.772981" lon="15.317711">
        <ele>869.974167</ele>
        <time>2026-05-12T09:02:23.000Z</time>
      </trkpt>
      <trkpt lat="47.772991" lon="15.317720">
        <ele>870.028425</ele>
        <time>2026-05-12T09:02:24.000Z</time>
      </trkpt>
      <trkpt lat="47.772996" lon="15.317731">
        <ele>870.069859</ele>
        <time>2026-05-12T09:02:25.000Z</time>
      </trkpt>
      <trkpt lat="47.773001" lon="15.317743">
        <ele>870.113912</ele>
        <time>2026-05-12T09:02:26.000Z</time>
      </trkpt>
      <trkpt lat="47.773013" lon="15.317750">
        <ele>870.173751</ele>
        <time>2026-05-12T09:02:27.000Z</time>
      </trkpt>
      <trkpt lat="47.773023" lon="15.317755">
        <ele>870.222728</ele>
        <time>2026-05-12T09:02:28.000Z</time>
      </trkpt>
      <trkpt lat="47.773028" lon="15.317770">
        <ele>870.274970</ele>
        <time>2026-05-12T09:02:29.000Z</time>
      </trkpt>
      <trkpt lat="47.773033" lon="15.317790">
        <ele>870.341550</ele>
        <time>2026-05-12T09:02:30.000Z</time>
      </trkpt>
      <trkpt lat="47.773040" lon="15.317800">
        <ele>870.386602</ele>
        <time>2026-05-12T09:02:31.000Z</time>
      </trkpt>
      <trkpt lat="47.773043" lon="15.317804">
        <ele>870.405303</ele>
        <time>2026-05-12T09:02:32.000Z</time>
      </trkpt>
      <trkpt lat="47.773048" lon="15.317815">
        <ele>870.446737</ele>
        <time>2026-05-12T09:02:33.000Z</time>
      </trkpt>
      <trkpt lat="47.773057" lon="15.317838">
        <ele>870.529778</ele>
        <time>2026-05-12T09:02:34.000Z</time>
      </trkpt>
      <trkpt lat="47.773062" lon="15.317850">
        <ele>870.573831</ele>
        <time>2026-05-12T09:02:35.000Z</time>
      </trkpt>
      <trkpt lat="47.773066" lon="15.317861">
        <ele>870.612854</ele>
        <time>2026-05-12T09:02:36.000Z</time>
      </trkpt>
      <trkpt lat="47.773074" lon="15.317870">
        <ele>870.659415</ele>
        <time>2026-05-12T09:02:37.000Z</time>
      </trkpt>
      <trkpt lat="47.773082" lon="15.317880">
        <ele>870.707922</ele>
        <time>2026-05-12T09:02:38.000Z</time>
      </trkpt>
      <trkpt lat="47.773092" lon="15.317889">
        <ele>870.762180</ele>
        <time>2026-05-12T09:02:39.000Z</time>
      </trkpt>
      <trkpt lat="47.773099" lon="15.317897">
        <ele>870.803158</ele>
        <time>2026-05-12T09:02:40.000Z</time>
      </trkpt>
      <trkpt lat="47.773105" lon="15.317908">
        <ele>870.849557</ele>
        <time>2026-05-12T09:02:41.000Z</time>
      </trkpt>
      <trkpt lat="47.773116" lon="15.317915">
        <ele>870.912125</ele>
        <time>2026-05-12T09:02:42.000Z</time>
      </trkpt>
      <trkpt lat="47.773129" lon="15.317927">
        <ele>870.992132</ele>
        <time>2026-05-12T09:02:43.000Z</time>
      </trkpt>
      <trkpt lat="47.773134" lon="15.317934">
        <ele>871.028035</ele>
        <time>2026-05-12T09:02:44.000Z</time>
      </trkpt>
      <trkpt lat="47.773140" lon="15.317943">
        <ele>871.072591</ele>
        <time>2026-05-12T09:02:45.000Z</time>
      </trkpt>
      <trkpt lat="47.773147" lon="15.317950">
        <ele>871.116699</ele>
        <time>2026-05-12T09:02:46.000Z</time>
      </trkpt>
      <trkpt lat="47.773154" lon="15.317956">
        <ele>871.158947</ele>
        <time>2026-05-12T09:02:47.000Z</time>
      </trkpt>
      <trkpt lat="47.773159" lon="15.317967">
        <ele>871.205621</ele>
        <time>2026-05-12T09:02:48.000Z</time>
      </trkpt>
      <trkpt lat="47.773164" lon="15.317975">
        <ele>871.244019</ele>
        <time>2026-05-12T09:02:49.000Z</time>
      </trkpt>
      <trkpt lat="47.773171" lon="15.317986">
        <ele>871.297263</ele>
        <time>2026-05-12T09:02:50.000Z</time>
      </trkpt>
      <trkpt lat="47.773179" lon="15.317995">
        <ele>871.349713</ele>
        <time>2026-05-12T09:02:51.000Z</time>
      </trkpt>
      <trkpt lat="47.773188" lon="15.318005">
        <ele>871.408456</ele>
        <time>2026-05-12T09:02:52.000Z</time>
      </trkpt>
      <trkpt lat="47.773199" lon="15.318010">
        <ele>871.468607</ele>
        <time>2026-05-12T09:02:53.000Z</time>
      </trkpt>
      <trkpt lat="47.773209" lon="15.318025">
        <ele>871.542867</ele>
        <time>2026-05-12T09:02:54.000Z</time>
      </trkpt>
      <trkpt lat="47.773218" lon="15.318037">
        <ele>871.606067</ele>
        <time>2026-05-12T09:02:55.000Z</time>
      </trkpt>
      <trkpt lat="47.773224" lon="15.318051">
        <ele>871.664427</ele>
        <time>2026-05-12T09:02:56.000Z</time>
      </trkpt>
      <trkpt lat="47.773232" lon="15.318062">
        <ele>871.721393</ele>
        <time>2026-05-12T09:02:57.000Z</time>
      </trkpt>
      <trkpt lat="47.773241" lon="15.318073">
        <ele>871.782304</ele>
        <time>2026-05-12T09:02:58.000Z</time>
      </trkpt>
      <trkpt lat="47.773250" lon="15.318082">
        <ele>871.839014</ele>
        <time>2026-05-12T09:02:59.000Z</time>
      </trkpt>
      <trkpt lat="47.773260" lon="15.318083">
        <ele>871.891429</ele>
        <time>2026-05-12T09:03:00.000Z</time>
      </trkpt>
      <trkpt lat="47.773267" lon="15.318091">
        <ele>871.937590</ele>
        <time>2026-05-12T09:03:01.000Z</time>
      </trkpt>
      <trkpt lat="47.773276" lon="15.318097">
        <ele>871.989166</ele>
        <time>2026-05-12T09:03:02.000Z</time>
      </trkpt>
      <trkpt lat="47.773284" lon="15.318100">
        <ele>872.032312</ele>
        <time>2026-05-12T09:03:03.000Z</time>
      </trkpt>
      <trkpt lat="47.773568" lon="15.318369">
        <ele>873.792952</ele>
        <time>2026-05-12T09:03:40.000Z</time>
      </trkpt>
      <trkpt lat="47.773567" lon="15.318381">
        <ele>873.835451</ele>
        <time>2026-05-12T09:03:41.000Z</time>
      </trkpt>
      <trkpt lat="47.773565" lon="15.318390">
        <ele>873.868768</ele>
        <time>2026-05-12T09:03:42.000Z</time>
      </trkpt>
      <trkpt lat="47.772755" lon="15.320033">
        <ele>880.236428</ele>
        <time>2026-05-12T09:06:06.000Z</time>
      </trkpt>
      <trkpt lat="47.772756" lon="15.320040">
        <ele>880.236428</ele>
        <time>2026-05-12T09:06:07.000Z</time>
      </trkpt>
      <trkpt lat="47.772755" lon="15.320059">
        <ele>880.236428</ele>
        <time>2026-05-12T09:06:08.000Z</time>
      </trkpt>
      <trkpt lat="47.772753" lon="15.320073">
        <ele>880.236428</ele>
        <time>2026-05-12T09:06:09.000Z</time>
      </trkpt>
      <trkpt lat="47.772746" lon="15.320088">
        <ele>880.236428</ele>
        <time>2026-05-12T09:06:10.000Z</time>
      </trkpt>
      <trkpt lat="47.772477" lon="15.320610">
        <ele>880.236428</ele>
        <time>2026-05-12T09:08:57.000Z</time>
      </trkpt>
      <trkpt lat="47.772483" lon="15.320611">
        <ele>880.236428</ele>
        <time>2026-05-12T09:08:58.000Z</time>
      </trkpt>
      <trkpt lat="47.772486" lon="15.320612">
        <ele>880.236428</ele>
        <time>2026-05-12T09:08:59.000Z</time>
      </trkpt>
      <trkpt lat="47.772486" lon="15.320619">
        <ele>880.236428</ele>
        <time>2026-05-12T09:09:00.000Z</time>
      </trkpt>
      <trkpt lat="47.772433" lon="15.320809">
        <ele>880.236428</ele>
        <time>2026-05-12T09:09:09.000Z</time>
      </trkpt>
      <trkpt lat="47.772442" lon="15.320832">
        <ele>880.236428</ele>
        <time>2026-05-12T09:09:10.000Z</time>
      </trkpt>
      <trkpt lat="47.772445" lon="15.320851">
        <ele>880.236428</ele>
        <time>2026-05-12T09:09:11.000Z</time>
      </trkpt>
      <trkpt lat="47.772449" lon="15.320866">
        <ele>880.236428</ele>
        <time>2026-05-12T09:09:12.000Z</time>
      </trkpt>
      <trkpt lat="47.772455" lon="15.320872">
        <ele>880.236428</ele>
        <time>2026-05-12T09:09:13.000Z</time>
      </trkpt>
      <trkpt lat="47.772462" lon="15.320868">
        <ele>880.236428</ele>
        <time>2026-05-12T09:09:14.000Z</time>
      </trkpt>
      <trkpt lat="47.772464" lon="15.320873">
        <ele>880.236428</ele>
        <time>2026-05-12T09:09:15.000Z</time>
      </trkpt>
      <trkpt lat="47.772468" lon="15.320876">
        <ele>880.236428</ele>
        <time>2026-05-12T09:09:16.000Z</time>
      </trkpt>
      <trkpt lat="47.772471" lon="15.320879">
        <ele>880.236428</ele>
        <time>2026-05-12T09:09:17.000Z</time>
      </trkpt>
      <trkpt lat="47.772477" lon="15.320883">
        <ele>880.236428</ele>
        <time>2026-05-12T09:09:18.000Z</time>
      </trkpt>
      <trkpt lat="47.772489" lon="15.320884">
        <ele>880.236428</ele>
        <time>2026-05-12T09:09:19.000Z</time>
      </trkpt>
      <trkpt lat="47.772497" lon="15.320888">
        <ele>880.236428</ele>
        <time>2026-05-12T09:09:20.000Z</time>
      </trkpt>
      <trkpt lat="47.772500" lon="15.320895">
        <ele>880.236428</ele>
        <time>2026-05-12T09:09:21.000Z</time>
      </trkpt>
      <trkpt lat="47.772470" lon="15.320986">
        <ele>880.236428</ele>
        <time>2026-05-12T09:09:35.000Z</time>
      </trkpt>
      <trkpt lat="47.772482" lon="15.320994">
        <ele>880.236428</ele>
        <time>2026-05-12T09:09:36.000Z</time>
      </trkpt>
      <trkpt lat="47.772500" lon="15.320956">
        <ele>880.236428</ele>
        <time>2026-05-12T09:09:37.000Z</time>
      </trkpt>
      <trkpt lat="47.772513" lon="15.320937">
        <ele>880.236428</ele>
        <time>2026-05-12T09:09:38.000Z</time>
      </trkpt>
      <trkpt lat="47.772523" lon="15.320929">
        <ele>880.236428</ele>
        <time>2026-05-12T09:09:39.000Z</time>
      </trkpt>
      <trkpt lat="47.772526" lon="15.320925">
        <ele>880.236428</ele>
        <time>2026-05-12T09:09:40.000Z</time>
      </trkpt>
      <trkpt lat="47.772526" lon="15.320924">
        <ele>880.236428</ele>
        <time>2026-05-12T09:09:41.000Z</time>
      </trkpt>
      <trkpt lat="47.772532" lon="15.320923">
        <ele>880.236428</ele>
        <time>2026-05-12T09:09:42.000Z</time>
      </trkpt>
      <trkpt lat="47.772537" lon="15.320921">
        <ele>880.236428</ele>
        <time>2026-05-12T09:09:43.000Z</time>
      </trkpt>
      <trkpt lat="47.772550" lon="15.320901">
        <ele>880.236428</ele>
        <time>2026-05-12T09:09:44.000Z</time>
      </trkpt>
      <trkpt lat="47.772560" lon="15.320857">
        <ele>880.236428</ele>
        <time>2026-05-12T09:09:45.000Z</time>
      </trkpt>
      <trkpt lat="47.772571" lon="15.320819">
        <ele>880.236428</ele>
        <time>2026-05-12T09:09:46.000Z</time>
      </trkpt>
      <trkpt lat="47.772576" lon="15.320807">
        <ele>880.236428</ele>
        <time>2026-05-12T09:09:47.000Z</time>
      </trkpt>
      <trkpt lat="47.772580" lon="15.320789">
        <ele>880.236428</ele>
        <time>2026-05-12T09:09:48.000Z</time>
      </trkpt>
      <trkpt lat="47.772582" lon="15.320776">
        <ele>880.236428</ele>
        <time>2026-05-12T09:09:49.000Z</time>
      </trkpt>
      <trkpt lat="47.772441" lon="15.320715">
        <ele>880.236428</ele>
        <time>2026-05-12T09:12:07.000Z</time>
      </trkpt>
      <trkpt lat="47.772449" lon="15.320686">
        <ele>880.236428</ele>
        <time>2026-05-12T09:12:08.000Z</time>
      </trkpt>
      <trkpt lat="47.772451" lon="15.320658">
        <ele>880.236428</ele>
        <time>2026-05-12T09:12:09.000Z</time>
      </trkpt>
      <trkpt lat="47.772450" lon="15.320637">
        <ele>880.236428</ele>
        <time>2026-05-12T09:12:10.000Z</time>
      </trkpt>
      <trkpt lat="47.772450" lon="15.320623">
        <ele>880.236428</ele>
        <time>2026-05-12T09:12:11.000Z</time>
      </trkpt>
      <trkpt lat="47.772497" lon="15.320416">
        <ele>880.236428</ele>
        <time>2026-05-12T09:13:40.000Z</time>
      </trkpt>
      <trkpt lat="47.772503" lon="15.320425">
        <ele>880.236428</ele>
        <time>2026-05-12T09:13:41.000Z</time>
      </trkpt>
      <trkpt lat="47.772505" lon="15.320427">
        <ele>880.236428</ele>
        <time>2026-05-12T09:13:42.000Z</time>
      </trkpt>
      <trkpt lat="47.772508" lon="15.320432">
        <ele>880.236428</ele>
        <time>2026-05-12T09:13:43.000Z</time>
      </trkpt>
      <trkpt lat="47.772411" lon="15.321078">
        <ele>880.236428</ele>
        <time>2026-05-12T09:19:29.000Z</time>
      </trkpt>
      <trkpt lat="47.772599" lon="15.321217">
        <ele>880.236428</ele>
        <time>2026-05-12T09:19:30.000Z</time>
      </trkpt>
      <trkpt lat="47.772663" lon="15.321258">
        <ele>880.236428</ele>
        <time>2026-05-12T09:19:31.000Z</time>
      </trkpt>
      <trkpt lat="47.772676" lon="15.321247">
        <ele>880.236428</ele>
        <time>2026-05-12T09:19:32.000Z</time>
      </trkpt>
      <trkpt lat="47.772686" lon="15.321225">
        <ele>880.236428</ele>
        <time>2026-05-12T09:19:33.000Z</time>
      </trkpt>
      <trkpt lat="47.772568" lon="15.321107">
        <ele>880.236428</ele>
        <time>2026-05-12T09:19:34.000Z</time>
      </trkpt>
      <trkpt lat="47.772533" lon="15.321115">
        <ele>880.236428</ele>
        <time>2026-05-12T09:19:35.000Z</time>
      </trkpt>
    </trkseg>
  </trk>
</gpx>