<?xml version='1.0' encoding='UTF-8'?>
<gpx version="1.1" creator="https://www.komoot.de" xmlns="http://www.topografix.com/GPX/1/1" xmlns:xsi="http://www.w3.org/2001/XMLSchema-instance" xsi:schemaLocation="http://www.topografix.com/GPX/1/1 http://www.topografix.com/GPX/1/1/gpx.xsd">
  <metadata>
    <name>Gravel-Tour</name>
    <author>
      <link href="https://www.komoot.de">
        <text>komoot</text>
        <type>text/html</type>
      </link>
    </author>
  </metadata>
  <trk>
    <name>Gravel-Tour</name>
    <trkseg>
      <trkpt lat="51.332073" lon="12.345292">
        <ele>111.775587</ele>
        <time>2026-05-01T11:05:43.788Z</time>
      </trkpt>
      <trkpt lat="51.332102" lon="12.345294">
        <ele>111.775587</ele>
        <time>2026-05-01T11:05:44.607Z</time>
      </trkpt>
      <trkpt lat="51.332225" lon="12.345299">
        <ele>111.775587</ele>
        <time>2026-05-01T11:05:48.232Z</time>
      </trkpt>
      <trkpt lat="51.332217" lon="12.345628">
        <ele>111.775587</ele>
        <time>2026-05-01T11:05:52.809Z</time>
      </trkpt>
      <trkpt lat="51.332213" lon="12.345786">
        <ele>111.775587</ele>
        <time>2026-05-01T11:05:55.109Z</time>
      </trkpt>
      <trkpt lat="51.332196" lon="12.346592">
        <ele>111.738415</ele>
        <time>2026-05-01T11:06:06.011Z</time>
      </trkpt>
      <trkpt lat="51.332184" lon="12.347156">
        <ele>111.524041</ele>
        <time>2026-05-01T11:06:13.072Z</time>
      </trkpt>
      <trkpt lat="51.332175" lon="12.347529">
        <ele>111.382241</ele>
        <time>2026-05-01T11:06:17.793Z</time>
      </trkpt>
      <trkpt lat="51.332157" lon="12.348397">
        <ele>111.052328</ele>
        <time>2026-05-01T11:06:29.206Z</time>
      </trkpt>
      <trkpt lat="51.332157" lon="12.348505">
        <ele>111.011301</ele>
        <time>2026-05-01T11:06:30.621Z</time>
      </trkpt>
      <trkpt lat="51.332157" lon="12.348697">
        <ele>110.938365</ele>
        <time>2026-05-01T11:06:33.189Z</time>
      </trkpt>
      <trkpt lat="51.332158" lon="12.348830">
        <ele>110.887838</ele>
        <time>2026-05-01T11:06:34.895Z</time>
      </trkpt>
      <trkpt lat="51.332172" lon="12.349447">
        <ele>110.643625</ele>
        <time>2026-05-01T11:06:42.524Z</time>
      </trkpt>
      <trkpt lat="51.332185" lon="12.349609">
        <ele>110.560685</ele>
        <time>2026-05-01T11:06:44.493Z</time>
      </trkpt>
      <trkpt lat="51.332223" lon="12.349739">
        <ele>110.487802</ele>
        <time>2026-05-01T11:06:46.167Z</time>
      </trkpt>
      <trkpt lat="51.332281" lon="12.349849">
        <ele>110.414711</ele>
        <time>2026-05-01T11:06:47.860Z</time>
      </trkpt>
      <trkpt lat="51.332496" lon="12.350252">
        <ele>110.145612</ele>
        <time>2026-05-01T11:06:54.099Z</time>
      </trkpt>
      <trkpt lat="51.332529" lon="12.350313">
        <ele>110.104638</ele>
        <time>2026-05-01T11:06:55.080Z</time>
      </trkpt>
      <trkpt lat="51.332633" lon="12.350497">
        <ele>109.978643</ele>
        <time>2026-05-01T11:06:58.087Z</time>
      </trkpt>
      <trkpt lat="51.332663" lon="12.350554">
        <ele>109.940797</ele>
        <time>2026-05-01T11:06:58.985Z</time>
      </trkpt>
      <trkpt lat="51.332742" lon="12.350700">
        <ele>109.842720</ele>
        <time>2026-05-01T11:07:01.316Z</time>
      </trkpt>
      <trkpt lat="51.332954" lon="12.351093">
        <ele>109.579063</ele>
        <time>2026-05-01T11:07:07.607Z</time>
      </trkpt>
      <trkpt lat="51.332975" lon="12.351130">
        <ele>109.553680</ele>
        <time>2026-05-01T11:07:08.190Z</time>
      </trkpt>
      <trkpt lat="51.333403" lon="12.351929">
        <ele>109.141332</ele>
        <time>2026-05-01T11:07:20.852Z</time>
      </trkpt>
      <trkpt lat="51.333436" lon="12.351992">
        <ele>109.124950</ele>
        <time>2026-05-01T11:07:21.869Z</time>
      </trkpt>
      <trkpt lat="51.333494" lon="12.352100">
        <ele>109.096572</ele>
        <time>2026-05-01T11:07:23.559Z</time>
      </trkpt>
      <trkpt lat="51.333393" lon="12.352252">
        <ele>109.052356</ele>
        <time>2026-05-01T11:07:26.320Z</time>
      </trkpt>
      <trkpt lat="51.332961" lon="12.352830">
        <ele>108.872776</ele>
        <time>2026-05-01T11:07:39.051Z</time>
      </trkpt>
      <trkpt lat="51.332751" lon="12.353093">
        <ele>108.787732</ele>
        <time>2026-05-01T11:07:45.446Z</time>
      </trkpt>
      <trkpt lat="51.332635" lon="12.353246">
        <ele>108.739791</ele>
        <time>2026-05-01T11:07:49.137Z</time>
      </trkpt>
      <trkpt lat="51.332251" lon="12.353763">
        <ele>108.574630</ele>
        <time>2026-05-01T11:08:00.861Z</time>
      </trkpt>
      <trkpt lat="51.332201" lon="12.353705">
        <ele>108.553426</ele>
        <time>2026-05-01T11:08:02.147Z</time>
      </trkpt>
      <trkpt lat="51.332165" lon="12.353728">
        <ele>108.540115</ele>
        <time>2026-05-01T11:08:03.024Z</time>
      </trkpt>
      <trkpt lat="51.331816" lon="12.354037">
        <ele>108.403157</ele>
        <time>2026-05-01T11:08:11.427Z</time>
      </trkpt>
      <trkpt lat="51.331707" lon="12.354116">
        <ele>108.362069</ele>
        <time>2026-05-01T11:08:13.909Z</time>
      </trkpt>
      <trkpt lat="51.331674" lon="12.354138">
        <ele>108.349794</ele>
        <time>2026-05-01T11:08:14.621Z</time>
      </trkpt>
      <trkpt lat="51.331531" lon="12.354245">
        <ele>108.295588</ele>
        <time>2026-05-01T11:08:17.797Z</time>
      </trkpt>
      <trkpt lat="51.331056" lon="12.354571">
        <ele>108.118114</ele>
        <time>2026-05-01T11:08:27.934Z</time>
      </trkpt>
      <trkpt lat="51.330569" lon="12.354815">
        <ele>108.041719</ele>
        <time>2026-05-01T11:08:37.863Z</time>
      </trkpt>
      <trkpt lat="51.330468" lon="12.354866">
        <ele>108.047140</ele>
        <time>2026-05-01T11:08:40.043Z</time>
      </trkpt>
      <trkpt lat="51.330441" lon="12.354759">
        <ele>108.050830</ele>
        <time>2026-05-01T11:08:41.528Z</time>
      </trkpt>
      <trkpt lat="51.330428" lon="12.354703">
        <ele>108.052740</ele>
        <time>2026-05-01T11:08:42.287Z</time>
      </trkpt>
      <trkpt lat="51.330310" lon="12.354251">
        <ele>108.068405</ele>
        <time>2026-05-01T11:08:48.923Z</time>
      </trkpt>
      <trkpt lat="51.330428" lon="12.354703">
        <ele>108.084069</ele>
        <time>2026-05-01T11:08:55.916Z</time>
      </trkpt>
      <trkpt lat="51.330441" lon="12.354759">
        <ele>108.085980</ele>
        <time>2026-05-01T11:08:56.830Z</time>
      </trkpt>
      <trkpt lat="51.330468" lon="12.354866">
        <ele>108.089670</ele>
        <time>2026-05-01T11:08:58.537Z</time>
      </trkpt>
      <trkpt lat="51.330531" lon="12.355115">
        <ele>108.098260</ele>
        <time>2026-05-01T11:09:02.624Z</time>
      </trkpt>
      <trkpt lat="51.330699" lon="12.355763">
        <ele>108.120695</ele>
        <time>2026-05-01T11:09:13.788Z</time>
      </trkpt>
      <trkpt lat="51.330864" lon="12.356391">
        <ele>108.315587</ele>
        <time>2026-05-01T11:09:24.645Z</time>
      </trkpt>
      <trkpt lat="51.330876" lon="12.356436">
        <ele>108.329732</ele>
        <time>2026-05-01T11:09:25.481Z</time>
      </trkpt>
      <trkpt lat="51.330896" lon="12.356513">
        <ele>108.353839</ele>
        <time>2026-05-01T11:09:26.868Z</time>
      </trkpt>
      <trkpt lat="51.331302" lon="12.358077">
        <ele>108.843451</ele>
        <time>2026-05-01T11:09:52.193Z</time>
      </trkpt>
      <trkpt lat="51.331406" lon="12.358463">
        <ele>108.969497</ele>
        <time>2026-05-01T11:09:58.266Z</time>
      </trkpt>
      <trkpt lat="51.331497" lon="12.358434">
        <ele>109.028860</ele>
        <time>2026-05-01T11:10:00.444Z</time>
      </trkpt>
      <trkpt lat="51.331613" lon="12.358465">
        <ele>109.104101</ele>
        <time>2026-05-01T11:10:03.182Z</time>
      </trkpt>
      <trkpt lat="51.331703" lon="12.358528">
        <ele>109.166948</ele>
        <time>2026-05-01T11:10:05.461Z</time>
      </trkpt>
      <trkpt lat="51.331789" lon="12.358648">
        <ele>109.239943</ele>
        <time>2026-05-01T11:10:08.133Z</time>
      </trkpt>
      <trkpt lat="51.332086" lon="12.359732">
        <ele>109.713089</ele>
        <time>2026-05-01T11:10:25.707Z</time>
      </trkpt>
      <trkpt lat="51.332122" lon="12.359956">
        <ele>109.805545</ele>
        <time>2026-05-01T11:10:29.263Z</time>
      </trkpt>
      <trkpt lat="51.332118" lon="12.360130">
        <ele>109.875146</ele>
        <time>2026-05-01T11:10:31.943Z</time>
      </trkpt>
      <trkpt lat="51.332079" lon="12.360301">
        <ele>109.947913</ele>
        <time>2026-05-01T11:10:34.766Z</time>
      </trkpt>
      <trkpt lat="51.332016" lon="12.360436">
        <ele>110.015268</ele>
        <time>2026-05-01T11:10:37.455Z</time>
      </trkpt>
      <trkpt lat="51.331936" lon="12.360514">
        <ele>110.075200</ele>
        <time>2026-05-01T11:10:39.924Z</time>
      </trkpt>
      <trkpt lat="51.332180" lon="12.361462">
        <ele>110.852499</ele>
        <time>2026-05-01T11:10:57.044Z</time>
      </trkpt>
      <trkpt lat="51.332210" lon="12.361581">
        <ele>110.953244</ele>
        <time>2026-05-01T11:10:59.147Z</time>
      </trkpt>
      <trkpt lat="51.332121" lon="12.361677">
        <ele>111.088104</ele>
        <time>2026-05-01T11:11:02.110Z</time>
      </trkpt>
      <trkpt lat="51.332064" lon="12.361816">
        <ele>111.218638</ele>
        <time>2026-05-01T11:11:04.996Z</time>
      </trkpt>
      <trkpt lat="51.332045" lon="12.361980">
        <ele>111.349589</ele>
        <time>2026-05-01T11:11:07.827Z</time>
      </trkpt>
      <trkpt lat="51.332059" lon="12.362105">
        <ele>111.449291</ele>
        <time>2026-05-01T11:11:10.141Z</time>
      </trkpt>
      <trkpt lat="51.332125" lon="12.362279">
        <ele>111.609102</ele>
        <time>2026-05-01T11:11:13.804Z</time>
      </trkpt>
      <trkpt lat="51.332245" lon="12.362385">
        <ele>111.781329</ele>
        <time>2026-05-01T11:11:17.761Z</time>
      </trkpt>
      <trkpt lat="51.332277" lon="12.362530">
        <ele>111.902060</ele>
        <time>2026-05-01T11:11:20.507Z</time>
      </trkpt>
      <trkpt lat="51.332306" lon="12.362703">
        <ele>112.042685</ele>
        <time>2026-05-01T11:11:23.835Z</time>
      </trkpt>
      <trkpt lat="51.332275" lon="12.363064">
        <ele>112.328770</ele>
        <time>2026-05-01T11:11:30.522Z</time>
      </trkpt>
      <trkpt lat="51.332261" lon="12.363215">
        <ele>112.432010</ele>
        <time>2026-05-01T11:11:33.381Z</time>
      </trkpt>
      <trkpt lat="51.332199" lon="12.363927">
        <ele>112.885665</ele>
        <time>2026-05-01T11:11:47.061Z</time>
      </trkpt>
      <trkpt lat="51.332081" lon="12.365514">
        <ele>113.894220</ele>
        <time>2026-05-01T11:12:14.631Z</time>
      </trkpt>
      <trkpt lat="51.332070" lon="12.365662">
        <ele>113.988275</ele>
        <time>2026-05-01T11:12:16.901Z</time>
      </trkpt>
      <trkpt lat="51.331956" lon="12.366957">
        <ele>114.062472</ele>
        <time>2026-05-01T11:12:34.780Z</time>
      </trkpt>
      <trkpt lat="51.332008" lon="12.367392">
        <ele>114.010304</ele>
        <time>2026-05-01T11:12:40.413Z</time>
      </trkpt>
      <trkpt lat="51.332345" lon="12.369328">
        <ele>113.810843</ele>
        <time>2026-05-01T11:13:04.707Z</time>
      </trkpt>
      <trkpt lat="51.332369" lon="12.369475">
        <ele>113.802762</ele>
        <time>2026-05-01T11:13:06.699Z</time>
      </trkpt>
      <trkpt lat="51.332391" lon="12.369618">
        <ele>113.794928</ele>
        <time>2026-05-01T11:13:08.422Z</time>
      </trkpt>
      <trkpt lat="51.332403" lon="12.369698">
        <ele>113.790552</ele>
        <time>2026-05-01T11:13:09.533Z</time>
      </trkpt>
      <trkpt lat="51.332420" lon="12.369817">
        <ele>113.784059</ele>
        <time>2026-05-01T11:13:10.950Z</time>
      </trkpt>
      <trkpt lat="51.332432" lon="12.369895">
        <ele>113.779786</ele>
        <time>2026-05-01T11:13:12.035Z</time>
      </trkpt>
      <trkpt lat="51.332456" lon="12.370055">
        <ele>113.771034</ele>
        <time>2026-05-01T11:13:14.004Z</time>
      </trkpt>
      <trkpt lat="51.332476" lon="12.370189">
        <ele>113.763705</ele>
        <time>2026-05-01T11:13:15.915Z</time>
      </trkpt>
      <trkpt lat="51.332487" lon="12.370267">
        <ele>113.759452</ele>
        <time>2026-05-01T11:13:16.851Z</time>
      </trkpt>
      <trkpt lat="51.332543" lon="12.370646">
        <ele>113.738737</ele>
        <time>2026-05-01T11:13:22.300Z</time>
      </trkpt>
      <trkpt lat="51.332563" lon="12.370770">
        <ele>113.731925</ele>
        <time>2026-05-01T11:13:23.981Z</time>
      </trkpt>
      <trkpt lat="51.332602" lon="12.371015">
        <ele>113.718477</ele>
        <time>2026-05-01T11:13:27.718Z</time>
      </trkpt>
      <trkpt lat="51.332644" lon="12.371258">
        <ele>113.705066</ele>
        <time>2026-05-01T11:13:31.517Z</time>
      </trkpt>
      <trkpt lat="51.332732" lon="12.371828">
        <ele>113.895660</ele>
        <time>2026-05-01T11:13:40.539Z</time>
      </trkpt>
      <trkpt lat="51.332785" lon="12.372188">
        <ele>114.175503</ele>
        <time>2026-05-01T11:13:46.326Z</time>
      </trkpt>
      <trkpt lat="51.332822" lon="12.372284">
        <ele>114.260846</ele>
        <time>2026-05-01T11:13:48.301Z</time>
      </trkpt>
      <trkpt lat="51.332925" lon="12.372973">
        <ele>114.796870</ele>
        <time>2026-05-01T11:14:01.538Z</time>
      </trkpt>
      <trkpt lat="51.332953" lon="12.373162">
        <ele>114.943835</ele>
        <time>2026-05-01T11:14:05.352Z</time>
      </trkpt>
      <trkpt lat="51.332946" lon="12.373390">
        <ele>115.116552</ele>
        <time>2026-05-01T11:14:10.094Z</time>
      </trkpt>
      <trkpt lat="51.332951" lon="12.373485">
        <ele>115.188685</ele>
        <time>2026-05-01T11:14:12.152Z</time>
      </trkpt>
      <trkpt lat="51.332956" lon="12.373567">
        <ele>115.251022</ele>
        <time>2026-05-01T11:14:13.912Z</time>
      </trkpt>
      <trkpt lat="51.332967" lon="12.373645">
        <ele>115.311523</ele>
        <time>2026-05-01T11:14:15.537Z</time>
      </trkpt>
      <trkpt lat="51.332886" lon="12.373652">
        <ele>115.409756</ele>
        <time>2026-05-01T11:14:18.341Z</time>
      </trkpt>
      <trkpt lat="51.332883" lon="12.373725">
        <ele>115.465108</ele>
        <time>2026-05-01T11:14:19.717Z</time>
      </trkpt>
      <trkpt lat="51.332881" lon="12.373752">
        <ele>115.485680</ele>
        <time>2026-05-01T11:14:20.234Z</time>
      </trkpt>
      <trkpt lat="51.332871" lon="12.373940">
        <ele>115.628438</ele>
        <time>2026-05-01T11:14:24.077Z</time>
      </trkpt>
      <trkpt lat="51.332859" lon="12.374244">
        <ele>115.858909</ele>
        <time>2026-05-01T11:14:29.755Z</time>
      </trkpt>
      <trkpt lat="51.332831" lon="12.374967">
        <ele>115.954966</ele>
        <time>2026-05-01T11:14:42.447Z</time>
      </trkpt>
      <trkpt lat="51.332820" lon="12.375266">
        <ele>115.992046</ele>
        <time>2026-05-01T11:14:47.458Z</time>
      </trkpt>
      <trkpt lat="51.332794" lon="12.375872">
        <ele>116.067245</ele>
        <time>2026-05-01T11:14:57.363Z</time>
      </trkpt>
      <trkpt lat="51.332769" lon="12.376523">
        <ele>116.147990</ele>
        <time>2026-05-01T11:15:05.396Z</time>
      </trkpt>
      <trkpt lat="51.332769" lon="12.376534">
        <ele>116.149352</ele>
        <time>2026-05-01T11:15:05.515Z</time>
      </trkpt>
      <trkpt lat="51.332755" lon="12.376966">
        <ele>116.202905</ele>
        <time>2026-05-01T11:15:10.377Z</time>
      </trkpt>
      <trkpt lat="51.332786" lon="12.377081">
        <ele>116.218410</ele>
        <time>2026-05-01T11:15:11.736Z</time>
      </trkpt>
      <trkpt lat="51.332832" lon="12.377152">
        <ele>116.207132</ele>
        <time>2026-05-01T11:15:12.831Z</time>
      </trkpt>
      <trkpt lat="51.332859" lon="12.377202">
        <ele>116.191275</ele>
        <time>2026-05-01T11:15:13.523Z</time>
      </trkpt>
      <trkpt lat="51.332827" lon="12.377262">
        <ele>116.172346</ele>
        <time>2026-05-01T11:15:14.432Z</time>
      </trkpt>
      <trkpt lat="51.332812" lon="12.377287">
        <ele>116.164030</ele>
        <time>2026-05-01T11:15:14.843Z</time>
      </trkpt>
      <trkpt lat="51.332845" lon="12.377340">
        <ele>116.146076</ele>
        <time>2026-05-01T11:15:18.121Z</time>
      </trkpt>
      <trkpt lat="51.332874" lon="12.377385">
        <ele>116.130565</ele>
        <time>2026-05-01T11:15:20.930Z</time>
      </trkpt>
      <trkpt lat="51.332931" lon="12.377474">
        <ele>116.099984</ele>
        <time>2026-05-01T11:15:22.354Z</time>
      </trkpt>
      <trkpt lat="51.332961" lon="12.377521">
        <ele>116.083862</ele>
        <time>2026-05-01T11:15:25.231Z</time>
      </trkpt>
      <trkpt lat="51.333011" lon="12.377601">
        <ele>116.056711</ele>
        <time>2026-05-01T11:15:30.176Z</time>
      </trkpt>
      <trkpt lat="51.333110" lon="12.377544">
        <ele>116.016307</ele>
        <time>2026-05-01T11:15:32.115Z</time>
      </trkpt>
      <trkpt lat="51.333281" lon="12.377601">
        <ele>115.949228</ele>
        <time>2026-05-01T11:15:35.432Z</time>
      </trkpt>
      <trkpt lat="51.333294" lon="12.377609">
        <ele>115.943880</ele>
        <time>2026-05-01T11:15:35.696Z</time>
      </trkpt>
      <trkpt lat="51.333306" lon="12.377617">
        <ele>115.938888</ele>
        <time>2026-05-01T11:15:35.959Z</time>
      </trkpt>
      <trkpt lat="51.333414" lon="12.377651">
        <ele>115.896617</ele>
        <time>2026-05-01T11:15:38.041Z</time>
      </trkpt>
      <trkpt lat="51.333436" lon="12.377665">
        <ele>115.887525</ele>
        <time>2026-05-01T11:15:38.504Z</time>
      </trkpt>
      <trkpt lat="51.333557" lon="12.377742">
        <ele>115.837519</ele>
        <time>2026-05-01T11:15:40.993Z</time>
      </trkpt>
      <trkpt lat="51.333869" lon="12.377941">
        <ele>115.708538</ele>
        <time>2026-05-01T11:15:47.750Z</time>
      </trkpt>
      <trkpt lat="51.333932" lon="12.377981">
        <ele>115.682510</ele>
        <time>2026-05-01T11:15:49.239Z</time>
      </trkpt>
      <trkpt lat="51.333990" lon="12.378018">
        <ele>115.658532</ele>
        <time>2026-05-01T11:15:50.545Z</time>
      </trkpt>
      <trkpt lat="51.334047" lon="12.378053">
        <ele>115.635087</ele>
        <time>2026-05-01T11:15:51.985Z</time>
      </trkpt>
      <trkpt lat="51.334100" lon="12.378086">
        <ele>115.613247</ele>
        <time>2026-05-01T11:15:53.451Z</time>
      </trkpt>
      <trkpt lat="51.334197" lon="12.378149">
        <ele>115.573046</ele>
        <time>2026-05-01T11:15:56.420Z</time>
      </trkpt>
      <trkpt lat="51.334319" lon="12.378228">
        <ele>115.559066</ele>
        <time>2026-05-01T11:16:00.424Z</time>
      </trkpt>
      <trkpt lat="51.334421" lon="12.378295">
        <ele>115.676609</ele>
        <time>2026-05-01T11:16:03.763Z</time>
      </trkpt>
      <trkpt lat="51.334575" lon="12.378315">
        <ele>115.841326</ele>
        <time>2026-05-01T11:16:08.255Z</time>
      </trkpt>
      <trkpt lat="51.334649" lon="12.378325">
        <ele>115.920497</ele>
        <time>2026-05-01T11:16:10.559Z</time>
      </trkpt>
      <trkpt lat="51.334691" lon="12.378351">
        <ele>115.968505</ele>
        <time>2026-05-01T11:16:11.891Z</time>
      </trkpt>
      <trkpt lat="51.334804" lon="12.378430">
        <ele>116.099964</ele>
        <time>2026-05-01T11:16:15.669Z</time>
      </trkpt>
      <trkpt lat="51.335176" lon="12.378653">
        <ele>116.523451</ele>
        <time>2026-05-01T11:16:27.822Z</time>
      </trkpt>
      <trkpt lat="51.335261" lon="12.378764">
        <ele>116.640402</ele>
        <time>2026-05-01T11:16:31.002Z</time>
      </trkpt>
      <trkpt lat="51.335268" lon="12.378859">
        <ele>116.704116</ele>
        <time>2026-05-01T11:16:32.867Z</time>
      </trkpt>
      <trkpt lat="51.335501" lon="12.378995">
        <ele>116.968516</ele>
        <time>2026-05-01T11:16:41.910Z</time>
      </trkpt>
      <trkpt lat="51.335582" lon="12.379481">
        <ele>117.303536</ele>
        <time>2026-05-01T11:16:53.619Z</time>
      </trkpt>
      <trkpt lat="51.335655" lon="12.379764">
        <ele>117.458720</ele>
        <time>2026-05-01T11:17:00.447Z</time>
      </trkpt>
      <trkpt lat="51.335750" lon="12.379998">
        <ele>117.487734</ele>
        <time>2026-05-01T11:17:06.162Z</time>
      </trkpt>
      <trkpt lat="51.335937" lon="12.380383">
        <ele>117.538435</ele>
        <time>2026-05-01T11:17:15.210Z</time>
      </trkpt>
      <trkpt lat="51.336103" lon="12.380787">
        <ele>117.588708</ele>
        <time>2026-05-01T11:17:23.676Z</time>
      </trkpt>
      <trkpt lat="51.336213" lon="12.381002">
        <ele>117.617599</ele>
        <time>2026-05-01T11:17:28.466Z</time>
      </trkpt>
      <trkpt lat="51.336500" lon="12.381396">
        <ele>117.680520</ele>
        <time>2026-05-01T11:17:38.965Z</time>
      </trkpt>
      <trkpt lat="51.336675" lon="12.381571">
        <ele>117.714859</ele>
        <time>2026-05-01T11:17:44.402Z</time>
      </trkpt>
      <trkpt lat="51.336856" lon="12.381677">
        <ele>117.746932</ele>
        <time>2026-05-01T11:17:49.546Z</time>
      </trkpt>
      <trkpt lat="51.337153" lon="12.381582">
        <ele>117.706600</ele>
        <time>2026-05-01T11:17:57.884Z</time>
      </trkpt>
      <trkpt lat="51.337320" lon="12.381366">
        <ele>117.675226</ele>
        <time>2026-05-01T11:18:04.120Z</time>
      </trkpt>
      <trkpt lat="51.337336" lon="12.381378">
        <ele>117.672644</ele>
        <time>2026-05-01T11:18:04.536Z</time>
      </trkpt>
      <trkpt lat="51.337422" lon="12.381440">
        <ele>117.658861</ele>
        <time>2026-05-01T11:18:06.740Z</time>
      </trkpt>
      <trkpt lat="51.337651" lon="12.381607">
        <ele>117.622089</ele>
        <time>2026-05-01T11:18:12.398Z</time>
      </trkpt>
      <trkpt lat="51.337688" lon="12.381669">
        <ele>117.614262</ele>
        <time>2026-05-01T11:18:14.005Z</time>
      </trkpt>
      <trkpt lat="51.338439" lon="12.382143">
        <ele>117.496298</ele>
        <time>2026-05-01T11:18:37.008Z</time>
      </trkpt>
      <trkpt lat="51.338475" lon="12.382204">
        <ele>117.488638</ele>
        <time>2026-05-01T11:18:38.475Z</time>
      </trkpt>
      <trkpt lat="51.338318" lon="12.382934">
        <ele>117.482398</ele>
        <time>2026-05-01T11:18:49.389Z</time>
      </trkpt>
      <trkpt lat="51.338196" lon="12.383522">
        <ele>117.479242</ele>
        <time>2026-05-01T11:18:57.901Z</time>
      </trkpt>
      <trkpt lat="51.337995" lon="12.384626">
        <ele>117.473385</ele>
        <time>2026-05-01T11:19:13.739Z</time>
      </trkpt>
      <trkpt lat="51.337953" lon="12.384885">
        <ele>117.472022</ele>
        <time>2026-05-01T11:19:17.538Z</time>
      </trkpt>
      <trkpt lat="51.337917" lon="12.385092">
        <ele>117.482189</ele>
        <time>2026-05-01T11:19:20.561Z</time>
      </trkpt>
      <trkpt lat="51.337788" lon="12.385327">
        <ele>117.510419</ele>
        <time>2026-05-01T11:19:24.956Z</time>
      </trkpt>
      <trkpt lat="51.337787" lon="12.385422">
        <ele>117.518993</ele>
        <time>2026-05-01T11:19:26.265Z</time>
      </trkpt>
      <trkpt lat="51.337603" lon="12.385717">
        <ele>117.556610</ele>
        <time>2026-05-01T11:19:32.167Z</time>
      </trkpt>
      <trkpt lat="51.337350" lon="12.386228">
        <ele>117.615448</ele>
        <time>2026-05-01T11:19:41.931Z</time>
      </trkpt>
      <trkpt lat="51.337131" lon="12.386711">
        <ele>117.669304</ele>
        <time>2026-05-01T11:19:51.126Z</time>
      </trkpt>
      <trkpt lat="51.336905" lon="12.387230">
        <ele>117.726393</ele>
        <time>2026-05-01T11:20:00.243Z</time>
      </trkpt>
      <trkpt lat="51.336826" lon="12.387410">
        <ele>117.728423</ele>
        <time>2026-05-01T11:20:03.360Z</time>
      </trkpt>
      <trkpt lat="51.336500" lon="12.388183">
        <ele>117.711975</ele>
        <time>2026-05-01T11:20:16.391Z</time>
      </trkpt>
      <trkpt lat="51.336219" lon="12.388735">
        <ele>117.699418</ele>
        <time>2026-05-01T11:20:25.996Z</time>
      </trkpt>
      <trkpt lat="51.335959" lon="12.389161">
        <ele>117.688915</ele>
        <time>2026-05-01T11:20:33.326Z</time>
      </trkpt>
      <trkpt lat="51.335923" lon="12.389223">
        <ele>117.687422</ele>
        <time>2026-05-01T11:20:34.342Z</time>
      </trkpt>
      <trkpt lat="51.335832" lon="12.389397">
        <ele>117.683420</ele>
        <time>2026-05-01T11:20:37.141Z</time>
      </trkpt>
      <trkpt lat="51.335680" lon="12.389678">
        <ele>117.739363</ele>
        <time>2026-05-01T11:20:42.031Z</time>
      </trkpt>
      <trkpt lat="51.335614" lon="12.389789">
        <ele>117.782333</ele>
        <time>2026-05-01T11:20:44.105Z</time>
      </trkpt>
      <trkpt lat="51.335228" lon="12.390460">
        <ele>118.038110</ele>
        <time>2026-05-01T11:20:58.192Z</time>
      </trkpt>
      <trkpt lat="51.334785" lon="12.391173">
        <ele>118.320091</ele>
        <time>2026-05-01T11:21:15.858Z</time>
      </trkpt>
      <trkpt lat="51.334420" lon="12.391748">
        <ele>118.544353</ele>
        <time>2026-05-01T11:21:30.008Z</time>
      </trkpt>
      <trkpt lat="51.333980" lon="12.392468">
        <ele>118.801283</ele>
        <time>2026-05-01T11:21:45.995Z</time>
      </trkpt>
      <trkpt lat="51.333925" lon="12.392548">
        <ele>118.831628</ele>
        <time>2026-05-01T11:21:47.696Z</time>
      </trkpt>
      <trkpt lat="51.334028" lon="12.392691">
        <ele>118.887301</ele>
        <time>2026-05-01T11:21:50.845Z</time>
      </trkpt>
      <trkpt lat="51.334060" lon="12.392716">
        <ele>118.901841</ele>
        <time>2026-05-01T11:21:51.656Z</time>
      </trkpt>
      <trkpt lat="51.334489" lon="12.393029">
        <ele>119.094347</ele>
        <time>2026-05-01T11:22:02.368Z</time>
      </trkpt>
      <trkpt lat="51.334463" lon="12.393290">
        <ele>119.161770</ele>
        <time>2026-05-01T11:22:06.036Z</time>
      </trkpt>
      <trkpt lat="51.334423" lon="12.393674">
        <ele>119.235108</ele>
        <time>2026-05-01T11:22:11.569Z</time>
      </trkpt>
      <trkpt lat="51.334300" lon="12.394882">
        <ele>119.338323</ele>
        <time>2026-05-01T11:22:30.944Z</time>
      </trkpt>
      <trkpt lat="51.334284" lon="12.395064">
        <ele>119.353823</ele>
        <time>2026-05-01T11:22:33.871Z</time>
      </trkpt>
      <trkpt lat="51.334163" lon="12.396377">
        <ele>119.462209</ele>
        <time>2026-05-01T11:22:52.738Z</time>
      </trkpt>
      <trkpt lat="51.334083" lon="12.397340">
        <ele>119.123147</ele>
        <time>2026-05-01T11:23:04.583Z</time>
      </trkpt>
      <trkpt lat="51.334070" lon="12.397482">
        <ele>119.073057</ele>
        <time>2026-05-01T11:23:06.299Z</time>
      </trkpt>
      <trkpt lat="51.334127" lon="12.397513">
        <ele>119.039427</ele>
        <time>2026-05-01T11:23:07.432Z</time>
      </trkpt>
      <trkpt lat="51.334156" lon="12.397543">
        <ele>119.020138</ele>
        <time>2026-05-01T11:23:08.095Z</time>
      </trkpt>
      <trkpt lat="51.334406" lon="12.397856">
        <ele>118.842831</ele>
        <time>2026-05-01T11:23:14.086Z</time>
      </trkpt>
      <trkpt lat="51.334674" lon="12.398186">
        <ele>118.653942</ele>
        <time>2026-05-01T11:23:20.547Z</time>
      </trkpt>
      <trkpt lat="51.334649" lon="12.398312">
        <ele>118.607802</ele>
        <time>2026-05-01T11:23:22.144Z</time>
      </trkpt>
      <trkpt lat="51.334403" lon="12.399605">
        <ele>118.378265</ele>
        <time>2026-05-01T11:23:39.670Z</time>
      </trkpt>
      <trkpt lat="51.334190" lon="12.400726">
        <ele>118.274809</ele>
        <time>2026-05-01T11:23:56.504Z</time>
      </trkpt>
      <trkpt lat="51.333969" lon="12.401885">
        <ele>118.319844</ele>
        <time>2026-05-01T11:24:13.028Z</time>
      </trkpt>
      <trkpt lat="51.333962" lon="12.401923">
        <ele>118.330238</ele>
        <time>2026-05-01T11:24:13.581Z</time>
      </trkpt>
      <trkpt lat="51.333744" lon="12.402982">
        <ele>118.622764</ele>
        <time>2026-05-01T11:24:29.488Z</time>
      </trkpt>
      <trkpt lat="51.333509" lon="12.404224">
        <ele>118.965860</ele>
        <time>2026-05-01T11:24:49.722Z</time>
      </trkpt>
      <trkpt lat="51.333499" lon="12.404271">
        <ele>118.997410</ele>
        <time>2026-05-01T11:24:50.556Z</time>
      </trkpt>
      <trkpt lat="51.333620" lon="12.404331">
        <ele>119.126247</ele>
        <time>2026-05-01T11:24:53.910Z</time>
      </trkpt>
      <trkpt lat="51.333564" lon="12.404635">
        <ele>119.327647</ele>
        <time>2026-05-01T11:24:59.303Z</time>
      </trkpt>
      <trkpt lat="51.333558" lon="12.404665">
        <ele>119.347664</ele>
        <time>2026-05-01T11:24:59.834Z</time>
      </trkpt>
      <trkpt lat="51.333424" lon="12.405339">
        <ele>119.797123</ele>
        <time>2026-05-01T11:25:11.961Z</time>
      </trkpt>
      <trkpt lat="51.333431" lon="12.405443">
        <ele>119.863592</ele>
        <time>2026-05-01T11:25:13.726Z</time>
      </trkpt>
      <trkpt lat="51.333159" lon="12.406913">
        <ele>120.832622</ele>
        <time>2026-05-01T11:25:39.494Z</time>
      </trkpt>
      <trkpt lat="51.333086" lon="12.407474">
        <ele>121.156565</ele>
        <time>2026-05-01T11:25:49.058Z</time>
      </trkpt>
      <trkpt lat="51.332887" lon="12.408449">
        <ele>121.736406</ele>
        <time>2026-05-01T11:26:05.980Z</time>
      </trkpt>
      <trkpt lat="51.332622" lon="12.409673">
        <ele>122.440734</ele>
        <time>2026-05-01T11:26:26.487Z</time>
      </trkpt>
      <trkpt lat="51.332577" lon="12.410217">
        <ele>122.579347</ele>
        <time>2026-05-01T11:26:35.384Z</time>
      </trkpt>
      <trkpt lat="51.332509" lon="12.410581">
        <ele>122.675315</ele>
        <time>2026-05-01T11:26:41.422Z</time>
      </trkpt>
      <trkpt lat="51.332453" lon="12.410879">
        <ele>122.753921</ele>
        <time>2026-05-01T11:26:46.174Z</time>
      </trkpt>
      <trkpt lat="51.332345" lon="12.411115">
        <ele>122.827814</ele>
        <time>2026-05-01T11:26:50.502Z</time>
      </trkpt>
      <trkpt lat="51.332265" lon="12.411640">
        <ele>122.964316</ele>
        <time>2026-05-01T11:26:58.165Z</time>
      </trkpt>
      <trkpt lat="51.332228" lon="12.411944">
        <ele>123.042550</ele>
        <time>2026-05-01T11:27:02.538Z</time>
      </trkpt>
      <trkpt lat="51.332204" lon="12.412145">
        <ele>123.094242</ele>
        <time>2026-05-01T11:27:05.458Z</time>
      </trkpt>
      <trkpt lat="51.332102" lon="12.413138">
        <ele>123.115419</ele>
        <time>2026-05-01T11:27:19.137Z</time>
      </trkpt>
      <trkpt lat="51.332086" lon="12.413310">
        <ele>123.108956</ele>
        <time>2026-05-01T11:27:21.417Z</time>
      </trkpt>
      <trkpt lat="51.332030" lon="12.413871">
        <ele>123.087844</ele>
        <time>2026-05-01T11:27:28.910Z</time>
      </trkpt>
      <trkpt lat="51.331995" lon="12.414554">
        <ele>123.062376</ele>
        <time>2026-05-01T11:27:38.167Z</time>
      </trkpt>
      <trkpt lat="51.331993" lon="12.414594">
        <ele>123.060885</ele>
        <time>2026-05-01T11:27:38.709Z</time>
      </trkpt>
      <trkpt lat="51.331929" lon="12.415741">
        <ele>122.984921</ele>
        <time>2026-05-01T11:27:54.679Z</time>
      </trkpt>
      <trkpt lat="51.331912" lon="12.416151">
        <ele>122.944618</ele>
        <time>2026-05-01T11:28:00.497Z</time>
      </trkpt>
      <trkpt lat="51.331905" lon="12.416489">
        <ele>122.911448</ele>
        <time>2026-05-01T11:28:05.289Z</time>
      </trkpt>
      <trkpt lat="51.331954" lon="12.417417">
        <ele>122.820102</ele>
        <time>2026-05-01T11:28:17.954Z</time>
      </trkpt>
      <trkpt lat="51.332033" lon="12.417972">
        <ele>122.764271</ele>
        <time>2026-05-01T11:28:25.322Z</time>
      </trkpt>
      <trkpt lat="51.332081" lon="12.418120">
        <ele>122.738100</ele>
        <time>2026-05-01T11:28:27.462Z</time>
      </trkpt>
      <trkpt lat="51.332267" lon="12.418295">
        <ele>122.662950</ele>
        <time>2026-05-01T11:28:31.971Z</time>
      </trkpt>
      <trkpt lat="51.332770" lon="12.418679">
        <ele>122.468843</ele>
        <time>2026-05-01T11:28:43.615Z</time>
      </trkpt>
      <trkpt lat="51.333158" lon="12.418956">
        <ele>122.320866</ele>
        <time>2026-05-01T11:28:52.554Z</time>
      </trkpt>
      <trkpt lat="51.333087" lon="12.419287">
        <ele>122.244708</ele>
        <time>2026-05-01T11:28:57.058Z</time>
      </trkpt>
      <trkpt lat="51.333059" lon="12.419412">
        <ele>122.215810</ele>
        <time>2026-05-01T11:28:58.760Z</time>
      </trkpt>
      <trkpt lat="51.333008" lon="12.419661">
        <ele>122.158786</ele>
        <time>2026-05-01T11:29:02.100Z</time>
      </trkpt>
      <trkpt lat="51.332957" lon="12.419908">
        <ele>122.118903</ele>
        <time>2026-05-01T11:29:05.429Z</time>
      </trkpt>
      <trkpt lat="51.332935" lon="12.420011">
        <ele>122.109720</ele>
        <time>2026-05-01T11:29:06.820Z</time>
      </trkpt>
      <trkpt lat="51.332876" lon="12.420287">
        <ele>122.085112</ele>
        <time>2026-05-01T11:29:10.650Z</time>
      </trkpt>
      <trkpt lat="51.332855" lon="12.420389">
        <ele>122.076052</ele>
        <time>2026-05-01T11:29:12.071Z</time>
      </trkpt>
      <trkpt lat="51.332721" lon="12.421043">
        <ele>122.017990</ele>
        <time>2026-05-01T11:29:21.205Z</time>
      </trkpt>
      <trkpt lat="51.332704" lon="12.421131">
        <ele>122.010220</ele>
        <time>2026-05-01T11:29:22.415Z</time>
      </trkpt>
      <trkpt lat="51.332688" lon="12.421218">
        <ele>122.002569</ele>
        <time>2026-05-01T11:29:23.627Z</time>
      </trkpt>
      <trkpt lat="51.332681" lon="12.421255">
        <ele>121.999308</ele>
        <time>2026-05-01T11:29:24.141Z</time>
      </trkpt>
      <trkpt lat="51.332677" lon="12.421275">
        <ele>121.997536</ele>
        <time>2026-05-01T11:29:24.427Z</time>
      </trkpt>
      <trkpt lat="51.332639" lon="12.421461">
        <ele>121.981028</ele>
        <time>2026-05-01T11:29:27.050Z</time>
      </trkpt>
      <trkpt lat="51.332612" lon="12.421579">
        <ele>121.970427</ele>
        <time>2026-05-01T11:29:28.744Z</time>
      </trkpt>
      <trkpt lat="51.332598" lon="12.421654">
        <ele>121.963823</ele>
        <time>2026-05-01T11:29:29.817Z</time>
      </trkpt>
      <trkpt lat="51.332571" lon="12.421773">
        <ele>121.953143</ele>
        <time>2026-05-01T11:29:31.561Z</time>
      </trkpt>
      <trkpt lat="51.332513" lon="12.422073">
        <ele>121.926651</ele>
        <time>2026-05-01T11:29:35.812Z</time>
      </trkpt>
      <trkpt lat="51.332481" lon="12.422246">
        <ele>121.911431</ele>
        <time>2026-05-01T11:29:38.355Z</time>
      </trkpt>
      <trkpt lat="51.332447" lon="12.422429">
        <ele>121.895325</ele>
        <time>2026-05-01T11:29:41.081Z</time>
      </trkpt>
      <trkpt lat="51.332397" lon="12.422702">
        <ele>121.912676</ele>
        <time>2026-05-01T11:29:45.206Z</time>
      </trkpt>
      <trkpt lat="51.332352" lon="12.422951">
        <ele>121.949850</ele>
        <time>2026-05-01T11:29:49.081Z</time>
      </trkpt>
      <trkpt lat="51.332285" lon="12.423348">
        <ele>122.008826</ele>
        <time>2026-05-01T11:29:55.467Z</time>
      </trkpt>
      <trkpt lat="51.332269" lon="12.423442">
        <ele>122.022798</ele>
        <time>2026-05-01T11:29:56.991Z</time>
      </trkpt>
      <trkpt lat="51.332211" lon="12.423789">
        <ele>122.074313</ele>
        <time>2026-05-01T11:30:02.655Z</time>
      </trkpt>
      <trkpt lat="51.332135" lon="12.424219">
        <ele>122.138401</ele>
        <time>2026-05-01T11:30:09.679Z</time>
      </trkpt>
      <trkpt lat="51.332049" lon="12.424623">
        <ele>122.199611</ele>
        <time>2026-05-01T11:30:16.373Z</time>
      </trkpt>
      <trkpt lat="51.331945" lon="12.425023">
        <ele>122.261746</ele>
        <time>2026-05-01T11:30:23.141Z</time>
      </trkpt>
      <trkpt lat="51.331885" lon="12.425235">
        <ele>122.295124</ele>
        <time>2026-05-01T11:30:26.584Z</time>
      </trkpt>
      <trkpt lat="51.331787" lon="12.425582">
        <ele>122.294990</ele>
        <time>2026-05-01T11:30:32.220Z</time>
      </trkpt>
      <trkpt lat="51.331609" lon="12.426254">
        <ele>122.285611</ele>
        <time>2026-05-01T11:30:42.991Z</time>
      </trkpt>
      <trkpt lat="51.331434" lon="12.426994">
        <ele>122.275443</ele>
        <time>2026-05-01T11:30:54.305Z</time>
      </trkpt>
      <trkpt lat="51.331404" lon="12.427124">
        <ele>122.273662</ele>
        <time>2026-05-01T11:30:56.193Z</time>
      </trkpt>
      <trkpt lat="51.331375" lon="12.427250">
        <ele>122.271937</ele>
        <time>2026-05-01T11:30:58.000Z</time>
      </trkpt>
      <trkpt lat="51.331310" lon="12.427529">
        <ele>122.268110</ele>
        <time>2026-05-01T11:31:01.930Z</time>
      </trkpt>
      <trkpt lat="51.331258" lon="12.427777">
        <ele>122.264749</ele>
        <time>2026-05-01T11:31:05.280Z</time>
      </trkpt>
      <trkpt lat="51.331142" lon="12.428517">
        <ele>122.277470</ele>
        <time>2026-05-01T11:31:14.633Z</time>
      </trkpt>
      <trkpt lat="51.331057" lon="12.429253">
        <ele>122.296527</ele>
        <time>2026-05-01T11:31:23.637Z</time>
      </trkpt>
      <trkpt lat="51.331051" lon="12.429295">
        <ele>122.297624</ele>
        <time>2026-05-01T11:31:24.154Z</time>
      </trkpt>
      <trkpt lat="51.331016" lon="12.429533">
        <ele>122.303850</ele>
        <time>2026-05-01T11:31:27.206Z</time>
      </trkpt>
      <trkpt lat="51.330947" lon="12.429905">
        <ele>122.313731</ele>
        <time>2026-05-01T11:31:32.211Z</time>
      </trkpt>
      <trkpt lat="51.330806" lon="12.430666">
        <ele>122.333942</ele>
        <time>2026-05-01T11:31:43.240Z</time>
      </trkpt>
      <trkpt lat="51.330789" lon="12.430899">
        <ele>122.503889</ele>
        <time>2026-05-01T11:31:46.848Z</time>
      </trkpt>
      <trkpt lat="51.330737" lon="12.430915">
        <ele>122.591985</ele>
        <time>2026-05-01T11:31:48.194Z</time>
      </trkpt>
      <trkpt lat="51.330687" lon="12.431004">
        <ele>122.716400</ele>
        <time>2026-05-01T11:31:50.141Z</time>
      </trkpt>
      <trkpt lat="51.330170" lon="12.432669">
        <ele>124.649149</ele>
        <time>2026-05-01T11:32:26.636Z</time>
      </trkpt>
      <trkpt lat="51.329948" lon="12.433257">
        <ele>125.356026</ele>
        <time>2026-05-01T11:32:41.368Z</time>
      </trkpt>
      <trkpt lat="51.329720" lon="12.433830">
        <ele>125.915659</ele>
        <time>2026-05-01T11:32:55.297Z</time>
      </trkpt>
      <trkpt lat="51.329420" lon="12.434335">
        <ele>126.489702</ele>
        <time>2026-05-01T11:33:08.613Z</time>
      </trkpt>
      <trkpt lat="51.329293" lon="12.434537">
        <ele>126.725774</ele>
        <time>2026-05-01T11:33:13.761Z</time>
      </trkpt>
      <trkpt lat="51.329237" lon="12.434627">
        <ele>126.830410</ele>
        <time>2026-05-01T11:33:15.980Z</time>
      </trkpt>
      <trkpt lat="51.328611" lon="12.435644">
        <ele>127.733752</ele>
        <time>2026-05-01T11:33:37.416Z</time>
      </trkpt>
      <trkpt lat="51.328012" lon="12.436765">
        <ele>127.868969</ele>
        <time>2026-05-01T11:33:56.318Z</time>
      </trkpt>
      <trkpt lat="51.327906" lon="12.436978">
        <ele>127.893931</ele>
        <time>2026-05-01T11:33:59.808Z</time>
      </trkpt>
      <trkpt lat="51.327616" lon="12.437585">
        <ele>127.964694</ele>
        <time>2026-05-01T11:34:09.928Z</time>
      </trkpt>
      <trkpt lat="51.327528" lon="12.437780">
        <ele>128.018531</ele>
        <time>2026-05-01T11:34:13.279Z</time>
      </trkpt>
      <trkpt lat="51.327420" lon="12.438050">
        <ele>128.090283</ele>
        <time>2026-05-01T11:34:17.869Z</time>
      </trkpt>
      <trkpt lat="51.327155" lon="12.439265">
        <ele>128.378316</ele>
        <time>2026-05-01T11:34:37.746Z</time>
      </trkpt>
      <trkpt lat="51.326887" lon="12.440585">
        <ele>128.661287</ele>
        <time>2026-05-01T11:34:59.620Z</time>
      </trkpt>
      <trkpt lat="51.326880" lon="12.440624">
        <ele>128.667274</ele>
        <time>2026-05-01T11:35:00.237Z</time>
      </trkpt>
      <trkpt lat="51.326868" lon="12.440689">
        <ele>128.677275</ele>
        <time>2026-05-01T11:35:01.294Z</time>
      </trkpt>
      <trkpt lat="51.326771" lon="12.441212">
        <ele>128.757776</ele>
        <time>2026-05-01T11:35:09.473Z</time>
      </trkpt>
      <trkpt lat="51.326716" lon="12.441569">
        <ele>128.812031</ele>
        <time>2026-05-01T11:35:14.811Z</time>
      </trkpt>
      <trkpt lat="51.326600" lon="12.442468">
        <ele>128.947485</ele>
        <time>2026-05-01T11:35:27.678Z</time>
      </trkpt>
      <trkpt lat="51.326488" lon="12.443519">
        <ele>129.008530</ele>
        <time>2026-05-01T11:35:42.255Z</time>
      </trkpt>
      <trkpt lat="51.326408" lon="12.444164">
        <ele>128.976427</ele>
        <time>2026-05-01T11:35:51.402Z</time>
      </trkpt>
      <trkpt lat="51.326372" lon="12.444458">
        <ele>128.961801</ele>
        <time>2026-05-01T11:35:55.535Z</time>
      </trkpt>
      <trkpt lat="51.326281" lon="12.445221">
        <ele>128.923879</ele>
        <time>2026-05-01T11:36:06.181Z</time>
      </trkpt>
      <trkpt lat="51.326220" lon="12.445726">
        <ele>128.898769</ele>
        <time>2026-05-01T11:36:13.134Z</time>
      </trkpt>
      <trkpt lat="51.326067" lon="12.446908">
        <ele>128.646069</ele>
        <time>2026-05-01T11:36:29.089Z</time>
      </trkpt>
      <trkpt lat="51.325973" lon="12.447644">
        <ele>128.473009</ele>
        <time>2026-05-01T11:36:38.762Z</time>
      </trkpt>
      <trkpt lat="51.325934" lon="12.447921">
        <ele>128.407596</ele>
        <time>2026-05-01T11:36:42.452Z</time>
      </trkpt>
      <trkpt lat="51.325888" lon="12.448148">
        <ele>128.352620</ele>
        <time>2026-05-01T11:36:45.563Z</time>
      </trkpt>
      <trkpt lat="51.325893" lon="12.448431">
        <ele>128.287398</ele>
        <time>2026-05-01T11:36:49.288Z</time>
      </trkpt>
      <trkpt lat="51.325885" lon="12.448535">
        <ele>128.263258</ele>
        <time>2026-05-01T11:36:50.653Z</time>
      </trkpt>
      <trkpt lat="51.325876" lon="12.448867">
        <ele>128.176550</ele>
        <time>2026-05-01T11:36:55.023Z</time>
      </trkpt>
      <trkpt lat="51.325889" lon="12.449978">
        <ele>127.858903</ele>
        <time>2026-05-01T11:37:09.218Z</time>
      </trkpt>
      <trkpt lat="51.325887" lon="12.450281">
        <ele>127.772282</ele>
        <time>2026-05-01T11:37:12.942Z</time>
      </trkpt>
      <trkpt lat="51.325846" lon="12.450980">
        <ele>127.571586</ele>
        <time>2026-05-01T11:37:21.468Z</time>
      </trkpt>
      <trkpt lat="51.325741" lon="12.451337">
        <ele>127.458794</ele>
        <time>2026-05-01T11:37:26.298Z</time>
      </trkpt>
      <trkpt lat="51.325699" lon="12.451545">
        <ele>127.415848</ele>
        <time>2026-05-01T11:37:29.054Z</time>
      </trkpt>
      <trkpt lat="51.325711" lon="12.452048">
        <ele>127.560754</ele>
        <time>2026-05-01T11:37:35.558Z</time>
      </trkpt>
      <trkpt lat="51.325744" lon="12.452257">
        <ele>127.622811</ele>
        <time>2026-05-01T11:37:38.421Z</time>
      </trkpt>
      <trkpt lat="51.325780" lon="12.452540">
        <ele>127.705950</ele>
        <time>2026-05-01T11:37:42.325Z</time>
      </trkpt>
      <trkpt lat="51.325809" lon="12.452732">
        <ele>127.762814</ele>
        <time>2026-05-01T11:37:45.090Z</time>
      </trkpt>
      <trkpt lat="51.325832" lon="12.452891">
        <ele>127.809796</ele>
        <time>2026-05-01T11:37:47.457Z</time>
      </trkpt>
      <trkpt lat="51.325912" lon="12.453444">
        <ele>127.973200</ele>
        <time>2026-05-01T11:37:56.262Z</time>
      </trkpt>
      <trkpt lat="51.325938" lon="12.453852">
        <ele>128.091262</ele>
        <time>2026-05-01T11:38:03.164Z</time>
      </trkpt>
      <trkpt lat="51.325880" lon="12.454204">
        <ele>128.196057</ele>
        <time>2026-05-01T11:38:09.619Z</time>
      </trkpt>
      <trkpt lat="51.325771" lon="12.454641">
        <ele>128.516377</ele>
        <time>2026-05-01T11:38:18.346Z</time>
      </trkpt>
      <trkpt lat="51.325406" lon="12.455345">
        <ele>129.282276</ele>
        <time>2026-05-01T11:38:35.231Z</time>
      </trkpt>
      <trkpt lat="51.325066" lon="12.456154">
        <ele>130.098570</ele>
        <time>2026-05-01T11:38:52.550Z</time>
      </trkpt>
      <trkpt lat="51.324920" lon="12.456502">
        <ele>130.449518</ele>
        <time>2026-05-01T11:38:59.817Z</time>
      </trkpt>
      <trkpt lat="51.324705" lon="12.457145">
        <ele>130.979600</ele>
        <time>2026-05-01T11:39:12.183Z</time>
      </trkpt>
      <trkpt lat="51.324666" lon="12.457846">
        <ele>131.454687</ele>
        <time>2026-05-01T11:39:23.854Z</time>
      </trkpt>
      <trkpt lat="51.324599" lon="12.459084">
        <ele>132.293537</ele>
        <time>2026-05-01T11:39:44.520Z</time>
      </trkpt>
      <trkpt lat="51.324560" lon="12.459748">
        <ele>132.639956</ele>
        <time>2026-05-01T11:39:55.699Z</time>
      </trkpt>
      <trkpt lat="51.324548" lon="12.459937">
        <ele>132.682981</ele>
        <time>2026-05-01T11:39:58.760Z</time>
      </trkpt>
      <trkpt lat="51.324525" lon="12.460286">
        <ele>132.762460</ele>
        <time>2026-05-01T11:40:04.331Z</time>
      </trkpt>
      <trkpt lat="51.324494" lon="12.460757">
        <ele>132.869722</ele>
        <time>2026-05-01T11:40:11.568Z</time>
      </trkpt>
      <trkpt lat="51.324482" lon="12.460922">
        <ele>132.907343</ele>
        <time>2026-05-01T11:40:14.022Z</time>
      </trkpt>
      <trkpt lat="51.324412" lon="12.462133">
        <ele>133.182781</ele>
        <time>2026-05-01T11:40:30.800Z</time>
      </trkpt>
      <trkpt lat="51.324335" lon="12.463400">
        <ele>133.297533</ele>
        <time>2026-05-01T11:40:47.446Z</time>
      </trkpt>
      <trkpt lat="51.324262" lon="12.464624">
        <ele>133.367392</ele>
        <time>2026-05-01T11:41:04.340Z</time>
      </trkpt>
      <trkpt lat="51.324251" lon="12.464816">
        <ele>133.378346</ele>
        <time>2026-05-01T11:41:07.128Z</time>
      </trkpt>
      <trkpt lat="51.324180" lon="12.466061">
        <ele>133.543168</ele>
        <time>2026-05-01T11:41:25.965Z</time>
      </trkpt>
      <trkpt lat="51.324177" lon="12.466134">
        <ele>133.555721</ele>
        <time>2026-05-01T11:41:27.063Z</time>
      </trkpt>
      <trkpt lat="51.324145" lon="12.466774">
        <ele>133.665887</ele>
        <time>2026-05-01T11:41:36.772Z</time>
      </trkpt>
      <trkpt lat="51.324093" lon="12.467711">
        <ele>133.827295</ele>
        <time>2026-05-01T11:41:50.884Z</time>
      </trkpt>
      <trkpt lat="51.324008" lon="12.469228">
        <ele>133.834768</ele>
        <time>2026-05-01T11:42:13.123Z</time>
      </trkpt>
      <trkpt lat="51.323923" lon="12.470750">
        <ele>133.749970</ele>
        <time>2026-05-01T11:42:33.885Z</time>
      </trkpt>
      <trkpt lat="51.323890" lon="12.471385">
        <ele>133.569688</ele>
        <time>2026-05-01T11:42:42.106Z</time>
      </trkpt>
      <trkpt lat="51.323881" lon="12.471571">
        <ele>133.492580</ele>
        <time>2026-05-01T11:42:44.508Z</time>
      </trkpt>
      <trkpt lat="51.323848" lon="12.472515">
        <ele>133.101797</ele>
        <time>2026-05-01T11:42:56.083Z</time>
      </trkpt>
      <trkpt lat="51.323843" lon="12.472629">
        <ele>133.054562</ele>
        <time>2026-05-01T11:42:57.458Z</time>
      </trkpt>
      <trkpt lat="51.323813" lon="12.473263">
        <ele>132.791767</ele>
        <time>2026-05-01T11:43:04.992Z</time>
      </trkpt>
      <trkpt lat="51.323806" lon="12.473401">
        <ele>132.734542</ele>
        <time>2026-05-01T11:43:06.624Z</time>
      </trkpt>
      <trkpt lat="51.323781" lon="12.473942">
        <ele>132.516177</ele>
        <time>2026-05-01T11:43:13.156Z</time>
      </trkpt>
      <trkpt lat="51.323726" lon="12.475122">
        <ele>132.104171</ele>
        <time>2026-05-01T11:43:27.793Z</time>
      </trkpt>
      <trkpt lat="51.323712" lon="12.475432">
        <ele>131.995951</ele>
        <time>2026-05-01T11:43:31.661Z</time>
      </trkpt>
      <trkpt lat="51.323698" lon="12.475768">
        <ele>131.878699</ele>
        <time>2026-05-01T11:43:35.964Z</time>
      </trkpt>
      <trkpt lat="51.323656" lon="12.476720">
        <ele>131.546396</ele>
        <time>2026-05-01T11:43:48.645Z</time>
      </trkpt>
      <trkpt lat="51.323622" lon="12.477345">
        <ele>131.491888</ele>
        <time>2026-05-01T11:43:57.155Z</time>
      </trkpt>
      <trkpt lat="51.323608" lon="12.477658">
        <ele>131.465036</ele>
        <time>2026-05-01T11:44:01.438Z</time>
      </trkpt>
      <trkpt lat="51.323556" lon="12.479018">
        <ele>131.348442</ele>
        <time>2026-05-01T11:44:20.817Z</time>
      </trkpt>
      <trkpt lat="51.323551" lon="12.479103">
        <ele>131.341136</ele>
        <time>2026-05-01T11:44:22.012Z</time>
      </trkpt>
      <trkpt lat="51.323532" lon="12.479432">
        <ele>131.312863</ele>
        <time>2026-05-01T11:44:26.639Z</time>
      </trkpt>
      <trkpt lat="51.323495" lon="12.479756">
        <ele>131.270978</ele>
        <time>2026-05-01T11:44:31.084Z</time>
      </trkpt>
      <trkpt lat="51.323466" lon="12.479960">
        <ele>131.235965</ele>
        <time>2026-05-01T11:44:33.897Z</time>
      </trkpt>
      <trkpt lat="51.323402" lon="12.480459">
        <ele>131.150713</ele>
        <time>2026-05-01T11:44:40.695Z</time>
      </trkpt>
      <trkpt lat="51.323393" lon="12.480918">
        <ele>131.073858</ele>
        <time>2026-05-01T11:44:46.807Z</time>
      </trkpt>
      <trkpt lat="51.323416" lon="12.481381">
        <ele>130.996127</ele>
        <time>2026-05-01T11:44:52.903Z</time>
      </trkpt>
      <trkpt lat="51.323517" lon="12.482432">
        <ele>130.818166</ele>
        <time>2026-05-01T11:45:06.499Z</time>
      </trkpt>
      <trkpt lat="51.323528" lon="12.482935">
        <ele>130.734341</ele>
        <time>2026-05-01T11:45:13.166Z</time>
      </trkpt>
      <trkpt lat="51.323502" lon="12.483244">
        <ele>130.682415</ele>
        <time>2026-05-01T11:45:17.457Z</time>
      </trkpt>
      <trkpt lat="51.323494" lon="12.483295">
        <ele>130.673658</ele>
        <time>2026-05-01T11:45:18.181Z</time>
      </trkpt>
      <trkpt lat="51.323386" lon="12.483906">
        <ele>130.567909</ele>
        <time>2026-05-01T11:45:26.779Z</time>
      </trkpt>
      <trkpt lat="51.323349" lon="12.484118">
        <ele>130.531251</ele>
        <time>2026-05-01T11:45:29.727Z</time>
      </trkpt>
      <trkpt lat="51.323299" lon="12.484398">
        <ele>130.482753</ele>
        <time>2026-05-01T11:45:33.656Z</time>
      </trkpt>
      <trkpt lat="51.323239" lon="12.484739">
        <ele>130.423754</ele>
        <time>2026-05-01T11:45:38.434Z</time>
      </trkpt>
      <trkpt lat="51.323193" lon="12.484999">
        <ele>130.378752</ele>
        <time>2026-05-01T11:45:42.073Z</time>
      </trkpt>
      <trkpt lat="51.323047" lon="12.485828">
        <ele>130.176241</ele>
        <time>2026-05-01T11:45:53.729Z</time>
      </trkpt>
      <trkpt lat="51.322823" lon="12.487106">
        <ele>129.828020</ele>
        <time>2026-05-01T11:46:10.655Z</time>
      </trkpt>
      <trkpt lat="51.322778" lon="12.487349">
        <ele>129.761529</ele>
        <time>2026-05-01T11:46:13.882Z</time>
      </trkpt>
      <trkpt lat="51.322725" lon="12.487727">
        <ele>129.659895</ele>
        <time>2026-05-01T11:46:18.885Z</time>
      </trkpt>
      <trkpt lat="51.322722" lon="12.487910">
        <ele>129.611868</ele>
        <time>2026-05-01T11:46:21.246Z</time>
      </trkpt>
      <trkpt lat="51.322730" lon="12.488018">
        <ele>129.583336</ele>
        <time>2026-05-01T11:46:22.667Z</time>
      </trkpt>
      <trkpt lat="51.322667" lon="12.488046">
        <ele>129.548743</ele>
        <time>2026-05-01T11:46:24.007Z</time>
      </trkpt>
      <trkpt lat="51.322597" lon="12.488105">
        <ele>129.506749</ele>
        <time>2026-05-01T11:46:25.636Z</time>
      </trkpt>
      <trkpt lat="51.322508" lon="12.488355">
        <ele>129.411311</ele>
        <time>2026-05-01T11:46:29.267Z</time>
      </trkpt>
      <trkpt lat="51.322452" lon="12.488513">
        <ele>129.351059</ele>
        <time>2026-05-01T11:46:31.545Z</time>
      </trkpt>
      <trkpt lat="51.322323" lon="12.488873">
        <ele>129.213406</ele>
        <time>2026-05-01T11:46:36.653Z</time>
      </trkpt>
      <trkpt lat="51.322082" lon="12.489580">
        <ele>128.946268</ele>
        <time>2026-05-01T11:46:46.728Z</time>
      </trkpt>
      <trkpt lat="51.321588" lon="12.491108">
        <ele>128.417248</ele>
        <time>2026-05-01T11:47:09.344Z</time>
      </trkpt>
      <trkpt lat="51.320907" lon="12.493296">
        <ele>127.684131</ele>
        <time>2026-05-01T11:47:41.795Z</time>
      </trkpt>
      <trkpt lat="51.320835" lon="12.493582">
        <ele>127.546078</ele>
        <time>2026-05-01T11:47:45.661Z</time>
      </trkpt>
      <trkpt lat="51.320822" lon="12.493767">
        <ele>127.462724</ele>
        <time>2026-05-01T11:47:47.969Z</time>
      </trkpt>
      <trkpt lat="51.320825" lon="12.493870">
        <ele>127.416557</ele>
        <time>2026-05-01T11:47:49.232Z</time>
      </trkpt>
      <trkpt lat="51.320794" lon="12.493888">
        <ele>127.392930</ele>
        <time>2026-05-01T11:47:49.887Z</time>
      </trkpt>
      <trkpt lat="51.320727" lon="12.493914">
        <ele>127.343538</ele>
        <time>2026-05-01T11:47:51.242Z</time>
      </trkpt>
      <trkpt lat="51.320015" lon="12.495820">
        <ele>126.398741</ele>
        <time>2026-05-01T11:48:17.738Z</time>
      </trkpt>
      <trkpt lat="51.319882" lon="12.496123">
        <ele>126.275423</ele>
        <time>2026-05-01T11:48:22.307Z</time>
      </trkpt>
      <trkpt lat="51.319673" lon="12.496434">
        <ele>126.123324</ele>
        <time>2026-05-01T11:48:28.045Z</time>
      </trkpt>
      <trkpt lat="51.319506" lon="12.496659">
        <ele>126.006980</ele>
        <time>2026-05-01T11:48:32.506Z</time>
      </trkpt>
      <trkpt lat="51.319344" lon="12.496941">
        <ele>125.879409</ele>
        <time>2026-05-01T11:48:37.472Z</time>
      </trkpt>
      <trkpt lat="51.318839" lon="12.498012">
        <ele>125.540250</ele>
        <time>2026-05-01T11:48:55.600Z</time>
      </trkpt>
      <trkpt lat="51.318642" lon="12.498321">
        <ele>125.497928</ele>
        <time>2026-05-01T11:49:01.756Z</time>
      </trkpt>
      <trkpt lat="51.318088" lon="12.498908">
        <ele>125.395993</ele>
        <time>2026-05-01T11:49:16.642Z</time>
      </trkpt>
      <trkpt lat="51.317869" lon="12.499243">
        <ele>125.349512</ele>
        <time>2026-05-01T11:49:23.301Z</time>
      </trkpt>
      <trkpt lat="51.317634" lon="12.499862">
        <ele>125.293337</ele>
        <time>2026-05-01T11:49:33.092Z</time>
      </trkpt>
      <trkpt lat="51.317022" lon="12.502122">
        <ele>125.169969</ele>
        <time>2026-05-01T11:50:05.962Z</time>
      </trkpt>
      <trkpt lat="51.316951" lon="12.502458">
        <ele>125.189023</ele>
        <time>2026-05-01T11:50:10.932Z</time>
      </trkpt>
      <trkpt lat="51.316898" lon="12.503111">
        <ele>125.261636</ele>
        <time>2026-05-01T11:50:20.407Z</time>
      </trkpt>
      <trkpt lat="51.316936" lon="12.503709">
        <ele>125.327919</ele>
        <time>2026-05-01T11:50:29.271Z</time>
      </trkpt>
      <trkpt lat="51.316927" lon="12.504185">
        <ele>125.380433</ele>
        <time>2026-05-01T11:50:36.413Z</time>
      </trkpt>
      <trkpt lat="51.316852" lon="12.505202">
        <ele>125.490222</ele>
        <time>2026-05-01T11:50:51.643Z</time>
      </trkpt>
      <trkpt lat="51.316814" lon="12.505410">
        <ele>125.508031</ele>
        <time>2026-05-01T11:50:54.817Z</time>
      </trkpt>
      <trkpt lat="51.316785" lon="12.505531">
        <ele>125.518681</ele>
        <time>2026-05-01T11:50:56.696Z</time>
      </trkpt>
      <trkpt lat="51.316616" lon="12.505960">
        <ele>125.560355</ele>
        <time>2026-05-01T11:51:03.982Z</time>
      </trkpt>
      <trkpt lat="51.315763" lon="12.507422">
        <ele>125.726175</ele>
        <time>2026-05-01T11:51:31.968Z</time>
      </trkpt>
      <trkpt lat="51.315487" lon="12.507892">
        <ele>125.789925</ele>
        <time>2026-05-01T11:51:41.028Z</time>
      </trkpt>
      <trkpt lat="51.315308" lon="12.508135">
        <ele>125.827053</ele>
        <time>2026-05-01T11:51:46.324Z</time>
      </trkpt>
      <trkpt lat="51.314325" lon="12.509181">
        <ele>126.016609</ele>
        <time>2026-05-01T11:52:13.451Z</time>
      </trkpt>
      <trkpt lat="51.314039" lon="12.509545">
        <ele>126.088382</ele>
        <time>2026-05-01T11:52:21.946Z</time>
      </trkpt>
      <trkpt lat="51.312867" lon="12.511308">
        <ele>126.401124</ele>
        <time>2026-05-01T11:52:59.033Z</time>
      </trkpt>
      <trkpt lat="51.312080" lon="12.512267">
        <ele>126.582778</ele>
        <time>2026-05-01T11:53:21.569Z</time>
      </trkpt>
      <trkpt lat="51.311160" lon="12.513651">
        <ele>126.779539</ele>
        <time>2026-05-01T11:53:50.582Z</time>
      </trkpt>
      <trkpt lat="51.311176" lon="12.513680">
        <ele>126.782771</ele>
        <time>2026-05-01T11:53:51.304Z</time>
      </trkpt>
      <trkpt lat="51.310970" lon="12.514095">
        <ele>126.827054</ele>
        <time>2026-05-01T11:53:58.841Z</time>
      </trkpt>
      <trkpt lat="51.310660" lon="12.514584">
        <ele>126.885252</ele>
        <time>2026-05-01T11:54:08.694Z</time>
      </trkpt>
      <trkpt lat="51.310029" lon="12.515617">
        <ele>127.000517</ele>
        <time>2026-05-01T11:54:29.128Z</time>
      </trkpt>
      <trkpt lat="51.309958" lon="12.515774">
        <ele>127.015612</ele>
        <time>2026-05-01T11:54:31.859Z</time>
      </trkpt>
      <trkpt lat="51.309899" lon="12.516040">
        <ele>127.037597</ele>
        <time>2026-05-01T11:54:35.891Z</time>
      </trkpt>
      <trkpt lat="51.309831" lon="12.516660">
        <ele>127.086629</ele>
        <time>2026-05-01T11:54:45.045Z</time>
      </trkpt>
      <trkpt lat="51.309786" lon="12.516963">
        <ele>127.110889</ele>
        <time>2026-05-01T11:54:49.613Z</time>
      </trkpt>
      <trkpt lat="51.309742" lon="12.517090">
        <ele>127.122199</ele>
        <time>2026-05-01T11:54:51.730Z</time>
      </trkpt>
      <trkpt lat="51.309686" lon="12.517208">
        <ele>127.133739</ele>
        <time>2026-05-01T11:54:53.886Z</time>
      </trkpt>
      <trkpt lat="51.309619" lon="12.517342">
        <ele>127.147105</ele>
        <time>2026-05-01T11:54:56.399Z</time>
      </trkpt>
      <trkpt lat="51.309593" lon="12.517394">
        <ele>127.148494</ele>
        <time>2026-05-01T11:54:57.367Z</time>
      </trkpt>
      <trkpt lat="51.309381" lon="12.517816">
        <ele>127.118160</ele>
        <time>2026-05-01T11:55:05.077Z</time>
      </trkpt>
      <trkpt lat="51.309545" lon="12.518150">
        <ele>127.094363</ele>
        <time>2026-05-01T11:55:11.038Z</time>
      </trkpt>
      <trkpt lat="51.309518" lon="12.518365">
        <ele>127.082076</ele>
        <time>2026-05-01T11:55:14.096Z</time>
      </trkpt>
      <trkpt lat="51.309567" lon="12.519157">
        <ele>127.037484</ele>
        <time>2026-05-01T11:55:24.948Z</time>
      </trkpt>
      <trkpt lat="51.309527" lon="12.519330">
        <ele>127.027149</ele>
        <time>2026-05-01T11:55:27.409Z</time>
      </trkpt>
      <trkpt lat="51.309461" lon="12.519614">
        <ele>127.010172</ele>
        <time>2026-05-01T11:55:31.374Z</time>
      </trkpt>
      <trkpt lat="51.309427" lon="12.520065">
        <ele>126.976582</ele>
        <time>2026-05-01T11:55:37.293Z</time>
      </trkpt>
      <trkpt lat="51.309436" lon="12.520814">
        <ele>126.852271</ele>
        <time>2026-05-01T11:55:46.980Z</time>
      </trkpt>
      <trkpt lat="51.309490" lon="12.521423">
        <ele>126.750203</ele>
        <time>2026-05-01T11:55:54.942Z</time>
      </trkpt>
      <trkpt lat="51.309686" lon="12.523659">
        <ele>126.443720</ele>
        <time>2026-05-01T11:56:24.792Z</time>
      </trkpt>
      <trkpt lat="51.309901" lon="12.525765">
        <ele>126.278494</ele>
        <time>2026-05-01T11:56:54.349Z</time>
      </trkpt>
      <trkpt lat="51.310288" lon="12.526357">
        <ele>126.334642</ele>
        <time>2026-05-01T11:57:06.539Z</time>
      </trkpt>
      <trkpt lat="51.308919" lon="12.529213">
        <ele>126.583144</ele>
        <time>2026-05-01T11:57:58.189Z</time>
      </trkpt>
      <trkpt lat="51.308493" lon="12.530082">
        <ele>126.663942</ele>
        <time>2026-05-01T11:58:13.880Z</time>
      </trkpt>
      <trkpt lat="51.308379" lon="12.530223">
        <ele>126.675735</ele>
        <time>2026-05-01T11:58:17.087Z</time>
      </trkpt>
      <trkpt lat="51.308067" lon="12.530609">
        <ele>126.693131</ele>
        <time>2026-05-01T11:58:25.690Z</time>
      </trkpt>
      <trkpt lat="51.307879" lon="12.530796">
        <ele>126.702895</ele>
        <time>2026-05-01T11:58:30.549Z</time>
      </trkpt>
      <trkpt lat="51.307649" lon="12.531025">
        <ele>126.714843</ele>
        <time>2026-05-01T11:58:40.565Z</time>
      </trkpt>
      <trkpt lat="51.307270" lon="12.531283">
        <ele>126.733010</ele>
        <time>2026-05-01T11:58:55.745Z</time>
      </trkpt>
      <trkpt lat="51.306903" lon="12.531532">
        <ele>126.750592</ele>
        <time>2026-05-01T11:59:05.547Z</time>
      </trkpt>
      <trkpt lat="51.306524" lon="12.531968">
        <ele>126.830243</ele>
        <time>2026-05-01T11:59:17.279Z</time>
      </trkpt>
      <trkpt lat="51.305642" lon="12.533628">
        <ele>127.075231</ele>
        <time>2026-05-01T11:59:52.307Z</time>
      </trkpt>
      <trkpt lat="51.304824" lon="12.534256">
        <ele>127.152061</ele>
        <time>2026-05-01T12:00:15.358Z</time>
      </trkpt>
      <trkpt lat="51.303999" lon="12.535050">
        <ele>127.219841</ele>
        <time>2026-05-01T12:00:39.328Z</time>
      </trkpt>
      <trkpt lat="51.304137" lon="12.535508">
        <ele>127.184888</ele>
        <time>2026-05-01T12:00:47.252Z</time>
      </trkpt>
      <trkpt lat="51.304262" lon="12.536934">
        <ele>127.085893</ele>
        <time>2026-05-01T12:01:09.344Z</time>
      </trkpt>
      <trkpt lat="51.304253" lon="12.537248">
        <ele>127.064283</ele>
        <time>2026-05-01T12:01:14.052Z</time>
      </trkpt>
      <trkpt lat="51.304201" lon="12.537521">
        <ele>127.044663</ele>
        <time>2026-05-01T12:01:18.299Z</time>
      </trkpt>
      <trkpt lat="51.304034" lon="12.538152">
        <ele>126.972009</ele>
        <time>2026-05-01T12:01:33.716Z</time>
      </trkpt>
      <trkpt lat="51.303987" lon="12.538324">
        <ele>126.948858</ele>
        <time>2026-05-01T12:01:37.913Z</time>
      </trkpt>
      <trkpt lat="51.303975" lon="12.538644">
        <ele>126.909319</ele>
        <time>2026-05-01T12:01:45.071Z</time>
      </trkpt>
      <trkpt lat="51.304042" lon="12.539117">
        <ele>126.849502</ele>
        <time>2026-05-01T12:01:55.910Z</time>
      </trkpt>
      <trkpt lat="51.304040" lon="12.539965">
        <ele>126.744912</ele>
        <time>2026-05-01T12:02:14.915Z</time>
      </trkpt>
      <trkpt lat="51.303958" lon="12.540477">
        <ele>126.679724</ele>
        <time>2026-05-01T12:02:26.833Z</time>
      </trkpt>
      <trkpt lat="51.303812" lon="12.540959">
        <ele>126.716010</ele>
        <time>2026-05-01T12:02:39.147Z</time>
      </trkpt>
      <trkpt lat="51.303560" lon="12.541630">
        <ele>126.780841</ele>
        <time>2026-05-01T12:02:57.540Z</time>
      </trkpt>
      <trkpt lat="51.303357" lon="12.542120">
        <ele>126.829527</ele>
        <time>2026-05-01T12:03:06.144Z</time>
      </trkpt>
      <trkpt lat="51.302909" lon="12.544656">
        <ele>127.016728</ele>
        <time>2026-05-01T12:03:44.974Z</time>
      </trkpt>
      <trkpt lat="51.302764" lon="12.545389">
        <ele>127.065711</ele>
        <time>2026-05-01T12:03:55.776Z</time>
      </trkpt>
      <trkpt lat="51.302507" lon="12.546619">
        <ele>127.049287</ele>
        <time>2026-05-01T12:04:13.164Z</time>
      </trkpt>
      <trkpt lat="51.302479" lon="12.546943">
        <ele>127.030334</ele>
        <time>2026-05-01T12:04:17.495Z</time>
      </trkpt>
      <trkpt lat="51.302505" lon="12.547481">
        <ele>126.999065</ele>
        <time>2026-05-01T12:04:24.694Z</time>
      </trkpt>
      <trkpt lat="51.302636" lon="12.548024">
        <ele>126.965338</ele>
        <time>2026-05-01T12:04:32.490Z</time>
      </trkpt>
      <trkpt lat="51.302928" lon="12.548867">
        <ele>126.940044</ele>
        <time>2026-05-01T12:04:45.459Z</time>
      </trkpt>
      <trkpt lat="51.304411" lon="12.552596">
        <ele>127.145918</ele>
        <time>2026-05-01T12:05:54.322Z</time>
      </trkpt>
      <trkpt lat="51.304460" lon="12.552865">
        <ele>127.165396</ele>
        <time>2026-05-01T12:05:58.885Z</time>
      </trkpt>
      <trkpt lat="51.304493" lon="12.553223">
        <ele>127.190552</ele>
        <time>2026-05-01T12:06:04.848Z</time>
      </trkpt>
      <trkpt lat="51.304471" lon="12.555124">
        <ele>127.478180</ele>
        <time>2026-05-01T12:06:36.195Z</time>
      </trkpt>
      <trkpt lat="51.304343" lon="12.556967">
        <ele>127.751243</ele>
        <time>2026-05-01T12:07:02.869Z</time>
      </trkpt>
      <trkpt lat="51.304445" lon="12.559526">
        <ele>127.976525</ele>
        <time>2026-05-01T12:07:39.456Z</time>
      </trkpt>
      <trkpt lat="51.304449" lon="12.559966">
        <ele>127.990641</ele>
        <time>2026-05-01T12:07:45.821Z</time>
      </trkpt>
      <trkpt lat="51.304439" lon="12.561503">
        <ele>128.039947</ele>
        <time>2026-05-01T12:08:07.449Z</time>
      </trkpt>
      <trkpt lat="51.304414" lon="12.562603">
        <ele>128.053221</ele>
        <time>2026-05-01T12:08:22.544Z</time>
      </trkpt>
      <trkpt lat="51.304398" lon="12.562801">
        <ele>128.049253</ele>
        <time>2026-05-01T12:08:25.263Z</time>
      </trkpt>
      <trkpt lat="51.304349" lon="12.563109">
        <ele>128.042937</ele>
        <time>2026-05-01T12:08:29.554Z</time>
      </trkpt>
      <trkpt lat="51.304166" lon="12.563698">
        <ele>128.029866</ele>
        <time>2026-05-01T12:08:38.363Z</time>
      </trkpt>
      <trkpt lat="51.304012" lon="12.564245">
        <ele>128.017944</ele>
        <time>2026-05-01T12:08:46.488Z</time>
      </trkpt>
      <trkpt lat="51.303758" lon="12.564557">
        <ele>128.007763</ele>
        <time>2026-05-01T12:08:53.592Z</time>
      </trkpt>
      <trkpt lat="51.303513" lon="12.565069">
        <ele>128.056733</ele>
        <time>2026-05-01T12:09:02.813Z</time>
      </trkpt>
      <trkpt lat="51.303283" lon="12.565463">
        <ele>128.115508</ele>
        <time>2026-05-01T12:09:10.660Z</time>
      </trkpt>
      <trkpt lat="51.303152" lon="12.565638">
        <ele>128.145274</ele>
        <time>2026-05-01T12:09:14.658Z</time>
      </trkpt>
      <trkpt lat="51.302224" lon="12.566746">
        <ele>128.330558</ele>
        <time>2026-05-01T12:09:41.893Z</time>
      </trkpt>
      <trkpt lat="51.302153" lon="12.566870">
        <ele>128.338375</ele>
        <time>2026-05-01T12:09:44.324Z</time>
      </trkpt>
      <trkpt lat="51.302107" lon="12.567048">
        <ele>128.347330</ele>
        <time>2026-05-01T12:09:47.082Z</time>
      </trkpt>
      <trkpt lat="51.301923" lon="12.567116">
        <ele>128.361374</ele>
        <time>2026-05-01T12:09:51.403Z</time>
      </trkpt>
      <trkpt lat="51.301853" lon="12.567168">
        <ele>128.367114</ele>
        <time>2026-05-01T12:09:53.136Z</time>
      </trkpt>
      <trkpt lat="51.301640" lon="12.567411">
        <ele>128.386570</ele>
        <time>2026-05-01T12:09:59.021Z</time>
      </trkpt>
      <trkpt lat="51.300382" lon="12.569264">
        <ele>128.581635</ele>
        <time>2026-05-01T12:10:36.625Z</time>
      </trkpt>
      <trkpt lat="51.300224" lon="12.569492">
        <ele>128.614834</ele>
        <time>2026-05-01T12:10:41.422Z</time>
      </trkpt>
      <trkpt lat="51.300101" lon="12.569608">
        <ele>128.637110</ele>
        <time>2026-05-01T12:10:44.648Z</time>
      </trkpt>
      <trkpt lat="51.299957" lon="12.569662">
        <ele>128.660185</ele>
        <time>2026-05-01T12:10:48.007Z</time>
      </trkpt>
      <trkpt lat="51.297672" lon="12.569921">
        <ele>129.220411</ele>
        <time>2026-05-01T12:11:41.690Z</time>
      </trkpt>
      <trkpt lat="51.296846" lon="12.570009">
        <ele>129.420179</ele>
        <time>2026-05-01T12:12:01.643Z</time>
      </trkpt>
      <trkpt lat="51.296769" lon="12.570066">
        <ele>129.440654</ele>
        <time>2026-05-01T12:12:03.679Z</time>
      </trkpt>
      <trkpt lat="51.296712" lon="12.570182">
        <ele>129.462916</ele>
        <time>2026-05-01T12:12:05.889Z</time>
      </trkpt>
      <trkpt lat="51.296677" lon="12.570338">
        <ele>129.487924</ele>
        <time>2026-05-01T12:12:08.364Z</time>
      </trkpt>
      <trkpt lat="51.296591" lon="12.570592">
        <ele>129.531509</ele>
        <time>2026-05-01T12:12:12.670Z</time>
      </trkpt>
      <trkpt lat="51.296487" lon="12.570726">
        <ele>129.563737</ele>
        <time>2026-05-01T12:12:15.842Z</time>
      </trkpt>
      <trkpt lat="51.296449" lon="12.570660">
        <ele>129.577275</ele>
        <time>2026-05-01T12:12:17.181Z</time>
      </trkpt>
      <trkpt lat="51.296150" lon="12.570702">
        <ele>129.645949</ele>
        <time>2026-05-01T12:12:24.145Z</time>
      </trkpt>
      <trkpt lat="51.295572" lon="12.570902">
        <ele>129.535641</ele>
        <time>2026-05-01T12:12:41.155Z</time>
      </trkpt>
      <trkpt lat="51.294488" lon="12.571138">
        <ele>129.331581</ele>
        <time>2026-05-01T12:13:11.369Z</time>
      </trkpt>
      <trkpt lat="51.293792" lon="12.571363">
        <ele>129.260727</ele>
        <time>2026-05-01T12:13:26.233Z</time>
      </trkpt>
      <trkpt lat="51.293684" lon="12.571195">
        <ele>129.247948</ele>
        <time>2026-05-01T12:13:29.493Z</time>
      </trkpt>
      <trkpt lat="51.293360" lon="12.570862">
        <ele>129.215281</ele>
        <time>2026-05-01T12:13:38.082Z</time>
      </trkpt>
      <trkpt lat="51.292846" lon="12.570816">
        <ele>129.171618</ele>
        <time>2026-05-01T12:13:49.843Z</time>
      </trkpt>
      <trkpt lat="51.292617" lon="12.570881">
        <ele>129.161379</ele>
        <time>2026-05-01T12:13:55.152Z</time>
      </trkpt>
      <trkpt lat="51.292199" lon="12.571244">
        <ele>129.171098</ele>
        <time>2026-05-01T12:14:05.939Z</time>
      </trkpt>
      <trkpt lat="51.291868" lon="12.571445">
        <ele>129.178333</ele>
        <time>2026-05-01T12:14:13.966Z</time>
      </trkpt>
      <trkpt lat="51.291555" lon="12.571524">
        <ele>129.184808</ele>
        <time>2026-05-01T12:14:21.095Z</time>
      </trkpt>
      <trkpt lat="51.290875" lon="12.571569">
        <ele>129.187198</ele>
        <time>2026-05-01T12:14:36.427Z</time>
      </trkpt>
      <trkpt lat="51.290643" lon="12.571691">
        <ele>129.168488</ele>
        <time>2026-05-01T12:14:41.846Z</time>
      </trkpt>
      <trkpt lat="51.290431" lon="12.571884">
        <ele>129.149800</ele>
        <time>2026-05-01T12:14:47.205Z</time>
      </trkpt>
      <trkpt lat="51.289938" lon="12.572538">
        <ele>129.100728</ele>
        <time>2026-05-01T12:15:01.114Z</time>
      </trkpt>
      <trkpt lat="51.289057" lon="12.574027">
        <ele>128.975530</ele>
        <time>2026-05-01T12:15:28.607Z</time>
      </trkpt>
      <trkpt lat="51.288666" lon="12.574390">
        <ele>128.924190</ele>
        <time>2026-05-01T12:15:38.335Z</time>
      </trkpt>
      <trkpt lat="51.287974" lon="12.574881">
        <ele>128.864243</ele>
        <time>2026-05-01T12:15:54.905Z</time>
      </trkpt>
      <trkpt lat="51.287759" lon="12.575081">
        <ele>128.881822</ele>
        <time>2026-05-01T12:16:00.481Z</time>
      </trkpt>
      <trkpt lat="51.287328" lon="12.575693">
        <ele>128.922557</ele>
        <time>2026-05-01T12:16:13.627Z</time>
      </trkpt>
      <trkpt lat="51.287109" lon="12.575937">
        <ele>128.941421</ele>
        <time>2026-05-01T12:16:19.734Z</time>
      </trkpt>
      <trkpt lat="51.286347" lon="12.576545">
        <ele>129.010842</ele>
        <time>2026-05-01T12:16:39.235Z</time>
      </trkpt>
      <trkpt lat="51.286013" lon="12.576795">
        <ele>129.048803</ele>
        <time>2026-05-01T12:16:47.729Z</time>
      </trkpt>
      <trkpt lat="51.285633" lon="12.577003">
        <ele>129.090147</ele>
        <time>2026-05-01T12:16:56.859Z</time>
      </trkpt>
      <trkpt lat="51.285415" lon="12.577169">
        <ele>129.115002</ele>
        <time>2026-05-01T12:17:02.280Z</time>
      </trkpt>
      <trkpt lat="51.285107" lon="12.577594">
        <ele>129.156880</ele>
        <time>2026-05-01T12:17:11.368Z</time>
      </trkpt>
      <trkpt lat="51.284861" lon="12.578004">
        <ele>129.167654</ele>
        <time>2026-05-01T12:17:19.330Z</time>
      </trkpt>
      <trkpt lat="51.284449" lon="12.578749">
        <ele>129.170359</ele>
        <time>2026-05-01T12:17:33.245Z</time>
      </trkpt>
      <trkpt lat="51.284397" lon="12.578933">
        <ele>129.170908</ele>
        <time>2026-05-01T12:17:36.079Z</time>
      </trkpt>
      <trkpt lat="51.284412" lon="12.579010">
        <ele>129.171127</ele>
        <time>2026-05-01T12:17:37.205Z</time>
      </trkpt>
      <trkpt lat="51.284644" lon="12.579377">
        <ele>129.172546</ele>
        <time>2026-05-01T12:17:44.503Z</time>
      </trkpt>
      <trkpt lat="51.284663" lon="12.579449">
        <ele>129.172759</ele>
        <time>2026-05-01T12:17:45.603Z</time>
      </trkpt>
      <trkpt lat="51.284517" lon="12.579538">
        <ele>129.173438</ele>
        <time>2026-05-01T12:17:49.228Z</time>
      </trkpt>
      <trkpt lat="51.284524" lon="12.579600">
        <ele>129.173610</ele>
        <time>2026-05-01T12:17:50.387Z</time>
      </trkpt>
      <trkpt lat="51.284497" lon="12.579689">
        <ele>129.173879</ele>
        <time>2026-05-01T12:17:52.181Z</time>
      </trkpt>
      <trkpt lat="51.284518" lon="12.579782">
        <ele>129.174148</ele>
        <time>2026-05-01T12:17:54.000Z</time>
      </trkpt>
      <trkpt lat="51.284596" lon="12.580073">
        <ele>129.163604</ele>
        <time>2026-05-01T12:17:59.743Z</time>
      </trkpt>
      <trkpt lat="51.285041" lon="12.580714">
        <ele>129.121977</ele>
        <time>2026-05-01T12:18:16.854Z</time>
      </trkpt>
      <trkpt lat="51.285048" lon="12.580778">
        <ele>129.119152</ele>
        <time>2026-05-01T12:18:18.008Z</time>
      </trkpt>
      <trkpt lat="51.284814" lon="12.581177">
        <ele>129.095377</ele>
        <time>2026-05-01T12:18:27.734Z</time>
      </trkpt>
      <trkpt lat="51.284708" lon="12.581289">
        <ele>129.086546</ele>
        <time>2026-05-01T12:18:31.360Z</time>
      </trkpt>
      <trkpt lat="51.284529" lon="12.581362">
        <ele>129.073708</ele>
        <time>2026-05-01T12:18:36.682Z</time>
      </trkpt>
      <trkpt lat="51.284323" lon="12.581391">
        <ele>129.059335</ele>
        <time>2026-05-01T12:18:42.660Z</time>
      </trkpt>
      <trkpt lat="51.284235" lon="12.581397">
        <ele>129.053214</ele>
        <time>2026-05-01T12:18:45.198Z</time>
      </trkpt>
      <trkpt lat="51.283962" lon="12.581376">
        <ele>129.091633</ele>
        <time>2026-05-01T12:18:53.108Z</time>
      </trkpt>
      <trkpt lat="51.283739" lon="12.581475">
        <ele>129.136650</ele>
        <time>2026-05-01T12:18:59.901Z</time>
      </trkpt>
      <trkpt lat="51.283354" lon="12.581753">
        <ele>129.218820</ele>
        <time>2026-05-01T12:19:12.549Z</time>
      </trkpt>
      <trkpt lat="51.283168" lon="12.581953">
        <ele>129.262420</ele>
        <time>2026-05-01T12:19:19.406Z</time>
      </trkpt>
      <trkpt lat="51.282975" lon="12.582218">
        <ele>129.311905</ele>
        <time>2026-05-01T12:19:27.247Z</time>
      </trkpt>
      <trkpt lat="51.282100" lon="12.583736">
        <ele>129.580899</ele>
        <time>2026-05-01T12:20:07.325Z</time>
      </trkpt>
      <trkpt lat="51.282043" lon="12.583780">
        <ele>129.594552</ele>
        <time>2026-05-01T12:20:09.268Z</time>
      </trkpt>
      <trkpt lat="51.281826" lon="12.583943">
        <ele>129.646267</ele>
        <time>2026-05-01T12:20:16.457Z</time>
      </trkpt>
      <trkpt lat="51.281300" lon="12.584015">
        <ele>129.760138</ele>
        <time>2026-05-01T12:20:32.056Z</time>
      </trkpt>
      <trkpt lat="51.281162" lon="12.584005">
        <ele>129.787002</ele>
        <time>2026-05-01T12:20:36.151Z</time>
      </trkpt>
      <trkpt lat="51.281126" lon="12.583937">
        <ele>129.786374</ele>
        <time>2026-05-01T12:20:37.774Z</time>
      </trkpt>
      <trkpt lat="51.280955" lon="12.583083">
        <ele>129.780053</ele>
        <time>2026-05-01T12:20:54.131Z</time>
      </trkpt>
      <trkpt lat="51.280304" lon="12.583084">
        <ele>129.772716</ele>
        <time>2026-05-01T12:21:08.022Z</time>
      </trkpt>
      <trkpt lat="51.280030" lon="12.583153">
        <ele>129.769590</ele>
        <time>2026-05-01T12:21:14.042Z</time>
      </trkpt>
      <trkpt lat="51.279635" lon="12.583245">
        <ele>129.806388</ele>
        <time>2026-05-01T12:21:22.948Z</time>
      </trkpt>
      <trkpt lat="51.278839" lon="12.583423">
        <ele>130.006839</ele>
        <time>2026-05-01T12:21:41.057Z</time>
      </trkpt>
      <trkpt lat="51.277262" lon="12.583773">
        <ele>130.605766</ele>
        <time>2026-05-01T12:22:18.854Z</time>
      </trkpt>
      <trkpt lat="51.277346" lon="12.584159">
        <ele>130.737818</ele>
        <time>2026-05-01T12:22:25.101Z</time>
      </trkpt>
      <trkpt lat="51.277393" lon="12.584369">
        <ele>130.809884</ele>
        <time>2026-05-01T12:22:28.496Z</time>
      </trkpt>
      <trkpt lat="51.277460" lon="12.584662">
        <ele>130.910682</ele>
        <time>2026-05-01T12:22:33.267Z</time>
      </trkpt>
      <trkpt lat="51.277764" lon="12.585957">
        <ele>131.471019</ele>
        <time>2026-05-01T12:22:55.439Z</time>
      </trkpt>
      <trkpt lat="51.277884" lon="12.586699">
        <ele>131.850436</ele>
        <time>2026-05-01T12:23:08.217Z</time>
      </trkpt>
      <trkpt lat="51.278002" lon="12.587577">
        <ele>132.295021</ele>
        <time>2026-05-01T12:23:22.745Z</time>
      </trkpt>
      <trkpt lat="51.278053" lon="12.587992">
        <ele>132.504399</ele>
        <time>2026-05-01T12:23:29.488Z</time>
      </trkpt>
      <trkpt lat="51.278125" lon="12.588520">
        <ele>132.652185</ele>
        <time>2026-05-01T12:23:38.272Z</time>
      </trkpt>
      <trkpt lat="51.278117" lon="12.588623">
        <ele>132.673402</ele>
        <time>2026-05-01T12:23:39.956Z</time>
      </trkpt>
      <trkpt lat="51.278078" lon="12.588691">
        <ele>132.692261</ele>
        <time>2026-05-01T12:23:41.399Z</time>
      </trkpt>
      <trkpt lat="51.277946" lon="12.588860">
        <ele>132.747526</ele>
        <time>2026-05-01T12:23:45.627Z</time>
      </trkpt>
      <trkpt lat="51.277946" lon="12.588970">
        <ele>132.770012</ele>
        <time>2026-05-01T12:23:47.299Z</time>
      </trkpt>
      <trkpt lat="51.278055" lon="12.589519">
        <ele>132.887757</ele>
        <time>2026-05-01T12:23:55.483Z</time>
      </trkpt>
      <trkpt lat="51.278093" lon="12.589710">
        <ele>132.928729</ele>
        <time>2026-05-01T12:23:58.370Z</time>
      </trkpt>
      <trkpt lat="51.278131" lon="12.589979">
        <ele>132.985103</ele>
        <time>2026-05-01T12:24:02.306Z</time>
      </trkpt>
      <trkpt lat="51.278066" lon="12.590346">
        <ele>133.063074</ele>
        <time>2026-05-01T12:24:07.647Z</time>
      </trkpt>
      <trkpt lat="51.278005" lon="12.590526">
        <ele>133.104923</ele>
        <time>2026-05-01T12:24:10.460Z</time>
      </trkpt>
      <trkpt lat="51.277504" lon="12.591719">
        <ele>133.149171</ele>
        <time>2026-05-01T12:24:30.023Z</time>
      </trkpt>
      <trkpt lat="51.277301" lon="12.592301">
        <ele>133.145487</ele>
        <time>2026-05-01T12:24:39.386Z</time>
      </trkpt>
      <trkpt lat="51.277220" lon="12.592534">
        <ele>133.144013</ele>
        <time>2026-05-01T12:24:43.050Z</time>
      </trkpt>
      <trkpt lat="51.276909" lon="12.593367">
        <ele>133.134140</ele>
        <time>2026-05-01T12:24:56.237Z</time>
      </trkpt>
      <trkpt lat="51.276851" lon="12.593460">
        <ele>133.130672</ele>
        <time>2026-05-01T12:24:58.036Z</time>
      </trkpt>
      <trkpt lat="51.276789" lon="12.593531">
        <ele>133.127453</ele>
        <time>2026-05-01T12:24:59.715Z</time>
      </trkpt>
      <trkpt lat="51.276693" lon="12.593627">
        <ele>133.122674</ele>
        <time>2026-05-01T12:25:02.233Z</time>
      </trkpt>
      <trkpt lat="51.276445" lon="12.593860">
        <ele>133.110531</ele>
        <time>2026-05-01T12:25:08.735Z</time>
      </trkpt>
      <trkpt lat="51.276404" lon="12.593901">
        <ele>133.108490</ele>
        <time>2026-05-01T12:25:09.833Z</time>
      </trkpt>
      <trkpt lat="51.275672" lon="12.594592">
        <ele>133.072607</ele>
        <time>2026-05-01T12:25:28.022Z</time>
      </trkpt>
      <trkpt lat="51.275474" lon="12.594897">
        <ele>133.081349</ele>
        <time>2026-05-01T12:25:34.084Z</time>
      </trkpt>
      <trkpt lat="51.275471" lon="12.595004">
        <ele>133.098214</ele>
        <time>2026-05-01T12:25:35.586Z</time>
      </trkpt>
      <trkpt lat="51.275503" lon="12.595165">
        <ele>133.124814</ele>
        <time>2026-05-01T12:25:37.978Z</time>
      </trkpt>
      <trkpt lat="51.275512" lon="12.595198">
        <ele>133.130483</ele>
        <time>2026-05-01T12:25:38.495Z</time>
      </trkpt>
      <trkpt lat="51.275576" lon="12.595431">
        <ele>133.170552</ele>
        <time>2026-05-01T12:25:42.108Z</time>
      </trkpt>
      <trkpt lat="51.275589" lon="12.595478">
        <ele>133.178644</ele>
        <time>2026-05-01T12:25:42.849Z</time>
      </trkpt>
      <trkpt lat="51.275630" lon="12.595610">
        <ele>133.201849</ele>
        <time>2026-05-01T12:25:44.958Z</time>
      </trkpt>
      <trkpt lat="51.275646" lon="12.595667">
        <ele>133.211687</ele>
        <time>2026-05-01T12:25:45.855Z</time>
      </trkpt>
      <trkpt lat="51.275711" lon="12.596022">
        <ele>133.269930</ele>
        <time>2026-05-01T12:25:51.278Z</time>
      </trkpt>
      <trkpt lat="51.275704" lon="12.596239">
        <ele>133.304144</ele>
        <time>2026-05-01T12:25:54.507Z</time>
      </trkpt>
      <trkpt lat="51.275631" lon="12.596564">
        <ele>133.358518</ele>
        <time>2026-05-01T12:25:59.699Z</time>
      </trkpt>
      <trkpt lat="51.275497" lon="12.596887">
        <ele>133.419545</ele>
        <time>2026-05-01T12:26:05.584Z</time>
      </trkpt>
      <trkpt lat="51.275426" lon="12.597056">
        <ele>133.451600</ele>
        <time>2026-05-01T12:26:08.674Z</time>
      </trkpt>
      <trkpt lat="51.275183" lon="12.597630">
        <ele>133.558260</ele>
        <time>2026-05-01T12:26:19.189Z</time>
      </trkpt>
      <trkpt lat="51.274936" lon="12.598206">
        <ele>133.662051</ele>
        <time>2026-05-01T12:26:29.482Z</time>
      </trkpt>
      <trkpt lat="51.274526" lon="12.599162">
        <ele>133.834322</ele>
        <time>2026-05-01T12:26:46.343Z</time>
      </trkpt>
      <trkpt lat="51.274083" lon="12.600056">
        <ele>133.960593</ele>
        <time>2026-05-01T12:27:02.684Z</time>
      </trkpt>
      <trkpt lat="51.273988" lon="12.600252">
        <ele>133.970825</ele>
        <time>2026-05-01T12:27:06.178Z</time>
      </trkpt>
      <trkpt lat="51.273856" lon="12.600524">
        <ele>133.985031</ele>
        <time>2026-05-01T12:27:11.093Z</time>
      </trkpt>
      <trkpt lat="51.273395" lon="12.601470">
        <ele>134.034516</ele>
        <time>2026-05-01T12:27:28.021Z</time>
      </trkpt>
      <trkpt lat="51.273118" lon="12.602036">
        <ele>134.061872</ele>
        <time>2026-05-01T12:27:37.726Z</time>
      </trkpt>
      <trkpt lat="51.272688" lon="12.602930">
        <ele>134.039413</ele>
        <time>2026-05-01T12:27:52.925Z</time>
      </trkpt>
      <trkpt lat="51.272491" lon="12.603359">
        <ele>134.028814</ele>
        <time>2026-05-01T12:28:00.575Z</time>
      </trkpt>
      <trkpt lat="51.272435" lon="12.603488">
        <ele>134.025687</ele>
        <time>2026-05-01T12:28:02.828Z</time>
      </trkpt>
      <trkpt lat="51.271821" lon="12.604927">
        <ele>134.026665</ele>
        <time>2026-05-01T12:28:28.368Z</time>
      </trkpt>
      <trkpt lat="51.271289" lon="12.606358">
        <ele>134.075832</ele>
        <time>2026-05-01T12:28:52.981Z</time>
      </trkpt>
      <trkpt lat="51.270860" lon="12.607591">
        <ele>134.066664</ele>
        <time>2026-05-01T12:29:13.525Z</time>
      </trkpt>
      <trkpt lat="51.270902" lon="12.607651">
        <ele>134.064357</ele>
        <time>2026-05-01T12:29:14.815Z</time>
      </trkpt>
      <trkpt lat="51.270863" lon="12.607863">
        <ele>134.058696</ele>
        <time>2026-05-01T12:29:17.919Z</time>
      </trkpt>
      <trkpt lat="51.270192" lon="12.609829">
        <ele>133.967301</ele>
        <time>2026-05-01T12:29:48.892Z</time>
      </trkpt>
      <trkpt lat="51.269842" lon="12.611307">
        <ele>133.836821</ele>
        <time>2026-05-01T12:30:09.615Z</time>
      </trkpt>
      <trkpt lat="51.269764" lon="12.611445">
        <ele>133.821466</ele>
        <time>2026-05-01T12:30:12.076Z</time>
      </trkpt>
      <trkpt lat="51.269633" lon="12.611802">
        <ele>133.787294</ele>
        <time>2026-05-01T12:30:17.625Z</time>
      </trkpt>
      <trkpt lat="51.269587" lon="12.611796">
        <ele>133.781204</ele>
        <time>2026-05-01T12:30:18.617Z</time>
      </trkpt>
      <trkpt lat="51.269510" lon="12.611997">
        <ele>133.798061</ele>
        <time>2026-05-01T12:30:21.959Z</time>
      </trkpt>
      <trkpt lat="51.269446" lon="12.612165">
        <ele>133.815488</ele>
        <time>2026-05-01T12:30:24.749Z</time>
      </trkpt>
      <trkpt lat="51.268976" lon="12.613256">
        <ele>133.932847</ele>
        <time>2026-05-01T12:30:44.211Z</time>
      </trkpt>
      <trkpt lat="51.268953" lon="12.613495">
        <ele>133.954271</ele>
        <time>2026-05-01T12:30:47.791Z</time>
      </trkpt>
      <trkpt lat="51.268828" lon="12.613783">
        <ele>133.985326</ele>
        <time>2026-05-01T12:30:53.013Z</time>
      </trkpt>
      <trkpt lat="51.268068" lon="12.615390">
        <ele>134.343681</ele>
        <time>2026-05-01T12:31:23.052Z</time>
      </trkpt>
      <trkpt lat="51.267593" lon="12.616402">
        <ele>134.611057</ele>
        <time>2026-05-01T12:31:41.953Z</time>
      </trkpt>
      <trkpt lat="51.267402" lon="12.616751">
        <ele>134.690949</ele>
        <time>2026-05-01T12:31:48.838Z</time>
      </trkpt>
      <trkpt lat="51.266820" lon="12.617657">
        <ele>134.891811</ele>
        <time>2026-05-01T12:32:07.927Z</time>
      </trkpt>
      <trkpt lat="51.265655" lon="12.619611">
        <ele>135.341882</ele>
        <time>2026-05-01T12:32:46.653Z</time>
      </trkpt>
      <trkpt lat="51.265601" lon="12.619659">
        <ele>135.359387</ele>
        <time>2026-05-01T12:32:48.097Z</time>
      </trkpt>
      <trkpt lat="51.265542" lon="12.619609">
        <ele>135.378306</ele>
        <time>2026-05-01T12:32:50.579Z</time>
      </trkpt>
      <trkpt lat="51.264739" lon="12.621001">
        <ele>135.717582</ele>
        <time>2026-05-01T12:33:19.093Z</time>
      </trkpt>
      <trkpt lat="51.263774" lon="12.622772">
        <ele>136.133498</ele>
        <time>2026-05-01T12:33:55.771Z</time>
      </trkpt>
      <trkpt lat="51.262863" lon="12.624423">
        <ele>136.327751</ele>
        <time>2026-05-01T12:34:28.403Z</time>
      </trkpt>
      <trkpt lat="51.262462" lon="12.625009">
        <ele>136.406426</ele>
        <time>2026-05-01T12:34:40.717Z</time>
      </trkpt>
      <trkpt lat="51.262172" lon="12.625398">
        <ele>136.463504</ele>
        <time>2026-05-01T12:34:49.402Z</time>
      </trkpt>
      <trkpt lat="51.262094" lon="12.625497">
        <ele>136.478520</ele>
        <time>2026-05-01T12:34:51.683Z</time>
      </trkpt>
      <trkpt lat="51.261990" lon="12.625286">
        <ele>136.503858</ele>
        <time>2026-05-01T12:34:55.405Z</time>
      </trkpt>
      <trkpt lat="51.261897" lon="12.625376">
        <ele>136.520249</ele>
        <time>2026-05-01T12:34:57.821Z</time>
      </trkpt>
      <trkpt lat="51.261815" lon="12.625456">
        <ele>136.534732</ele>
        <time>2026-05-01T12:34:59.988Z</time>
      </trkpt>
      <trkpt lat="51.261640" lon="12.625048">
        <ele>136.581395</ele>
        <time>2026-05-01T12:35:07.099Z</time>
      </trkpt>
      <trkpt lat="51.261313" lon="12.624493">
        <ele>136.656095</ele>
        <time>2026-05-01T12:35:18.606Z</time>
      </trkpt>
      <trkpt lat="51.261236" lon="12.624539">
        <ele>136.673161</ele>
        <time>2026-05-01T12:35:20.670Z</time>
      </trkpt>
      <trkpt lat="51.261191" lon="12.624523">
        <ele>136.682731</ele>
        <time>2026-05-01T12:35:21.810Z</time>
      </trkpt>
      <trkpt lat="51.261052" lon="12.624201">
        <ele>136.733549</ele>
        <time>2026-05-01T12:35:27.910Z</time>
      </trkpt>
      <trkpt lat="51.260763" lon="12.623935">
        <ele>136.802785</ele>
        <time>2026-05-01T12:35:35.766Z</time>
      </trkpt>
      <trkpt lat="51.260337" lon="12.623688">
        <ele>136.896863</ele>
        <time>2026-05-01T12:35:45.887Z</time>
      </trkpt>
      <trkpt lat="51.260096" lon="12.623646">
        <ele>136.947191</ele>
        <time>2026-05-01T12:35:51.294Z</time>
      </trkpt>
      <trkpt lat="51.259686" lon="12.623675">
        <ele>137.037448</ele>
        <time>2026-05-01T12:36:00.271Z</time>
      </trkpt>
      <trkpt lat="51.259579" lon="12.623715">
        <ele>137.069082</ele>
        <time>2026-05-01T12:36:02.617Z</time>
      </trkpt>
      <trkpt lat="51.259479" lon="12.623802">
        <ele>137.101860</ele>
        <time>2026-05-01T12:36:05.060Z</time>
      </trkpt>
      <trkpt lat="51.253290" lon="12.633518">
        <ele>139.723121</ele>
        <time>2026-05-01T12:39:27.807Z</time>
      </trkpt>
      <trkpt lat="51.253186" lon="12.633709">
        <ele>139.841229</ele>
        <time>2026-05-01T12:39:32.044Z</time>
      </trkpt>
      <trkpt lat="51.253108" lon="12.633752">
        <ele>139.910257</ele>
        <time>2026-05-01T12:39:34.290Z</time>
      </trkpt>
      <trkpt lat="51.252841" lon="12.634858">
        <ele>140.530942</ele>
        <time>2026-05-01T12:39:54.383Z</time>
      </trkpt>
      <trkpt lat="51.252766" lon="12.635154">
        <ele>140.698146</ele>
        <time>2026-05-01T12:39:59.632Z</time>
      </trkpt>
      <trkpt lat="51.252758" lon="12.635184">
        <ele>140.715220</ele>
        <time>2026-05-01T12:40:00.172Z</time>
      </trkpt>
      <trkpt lat="51.252681" lon="12.635485">
        <ele>140.885480</ele>
        <time>2026-05-01T12:40:05.395Z</time>
      </trkpt>
      <trkpt lat="51.252636" lon="12.635665">
        <ele>140.986969</ele>
        <time>2026-05-01T12:40:08.457Z</time>
      </trkpt>
      <trkpt lat="51.252301" lon="12.636857">
        <ele>141.861895</ele>
        <time>2026-05-01T12:40:28.906Z</time>
      </trkpt>
      <trkpt lat="51.252199" lon="12.637029">
        <ele>142.040677</ele>
        <time>2026-05-01T12:40:32.518Z</time>
      </trkpt>
      <trkpt lat="51.252120" lon="12.637146">
        <ele>142.170537</ele>
        <time>2026-05-01T12:40:35.109Z</time>
      </trkpt>
      <trkpt lat="51.252257" lon="12.637681">
        <ele>142.606693</ele>
        <time>2026-05-01T12:40:44.358Z</time>
      </trkpt>
      <trkpt lat="51.252307" lon="12.637917">
        <ele>142.794688</ele>
        <time>2026-05-01T12:40:48.510Z</time>
      </trkpt>
      <trkpt lat="51.252313" lon="12.637941">
        <ele>142.814188</ele>
        <time>2026-05-01T12:40:48.939Z</time>
      </trkpt>
      <trkpt lat="51.252335" lon="12.638028">
        <ele>142.884988</ele>
        <time>2026-05-01T12:40:50.500Z</time>
      </trkpt>
      <trkpt lat="51.252344" lon="12.638058">
        <ele>142.910090</ele>
        <time>2026-05-01T12:40:51.057Z</time>
      </trkpt>
      <trkpt lat="51.252374" lon="12.638165">
        <ele>142.998555</ele>
        <time>2026-05-01T12:40:53.076Z</time>
      </trkpt>
      <trkpt lat="51.252726" lon="12.639288">
        <ele>144.154716</ele>
        <time>2026-05-01T12:41:16.679Z</time>
      </trkpt>
      <trkpt lat="51.252691" lon="12.639502">
        <ele>144.386134</ele>
        <time>2026-05-01T12:41:21.208Z</time>
      </trkpt>
      <trkpt lat="51.252750" lon="12.640012">
        <ele>144.928766</ele>
        <time>2026-05-01T12:41:32.043Z</time>
      </trkpt>
      <trkpt lat="51.252792" lon="12.640146">
        <ele>145.085562</ele>
        <time>2026-05-01T12:41:35.130Z</time>
      </trkpt>
      <trkpt lat="51.252718" lon="12.640304">
        <ele>145.292031</ele>
        <time>2026-05-01T12:41:38.994Z</time>
      </trkpt>
      <trkpt lat="51.252453" lon="12.641251">
        <ele>146.377363</ele>
        <time>2026-05-01T12:41:57.602Z</time>
      </trkpt>
      <trkpt lat="51.252296" lon="12.641708">
        <ele>146.624739</ele>
        <time>2026-05-01T12:42:06.950Z</time>
      </trkpt>
      <trkpt lat="51.252159" lon="12.641881">
        <ele>146.745765</ele>
        <time>2026-05-01T12:42:11.751Z</time>
      </trkpt>
      <trkpt lat="51.251952" lon="12.641985">
        <ele>146.896157</ele>
        <time>2026-05-01T12:42:17.334Z</time>
      </trkpt>
      <trkpt lat="51.251925" lon="12.642156">
        <ele>146.972659</ele>
        <time>2026-05-01T12:42:20.156Z</time>
      </trkpt>
      <trkpt lat="51.251892" lon="12.642219">
        <ele>147.008296</ele>
        <time>2026-05-01T12:42:21.378Z</time>
      </trkpt>
      <trkpt lat="51.251656" lon="12.642480">
        <ele>147.207223</ele>
        <time>2026-05-01T12:42:27.619Z</time>
      </trkpt>
      <trkpt lat="51.251586" lon="12.642599">
        <ele>147.278064</ele>
        <time>2026-05-01T12:42:29.748Z</time>
      </trkpt>
      <trkpt lat="51.251490" lon="12.642875">
        <ele>147.415037</ele>
        <time>2026-05-01T12:42:33.852Z</time>
      </trkpt>
      <trkpt lat="51.251405" lon="12.643215">
        <ele>147.573857</ele>
        <time>2026-05-01T12:42:38.862Z</time>
      </trkpt>
      <trkpt lat="51.251312" lon="12.643587">
        <ele>147.657776</ele>
        <time>2026-05-01T12:42:44.957Z</time>
      </trkpt>
      <trkpt lat="51.251230" lon="12.643920">
        <ele>147.653427</ele>
        <time>2026-05-01T12:42:50.244Z</time>
      </trkpt>
      <trkpt lat="51.251161" lon="12.644404">
        <ele>147.647394</ele>
        <time>2026-05-01T12:42:57.711Z</time>
      </trkpt>
      <trkpt lat="51.251159" lon="12.644814">
        <ele>147.642410</ele>
        <time>2026-05-01T12:43:04.009Z</time>
      </trkpt>
      <trkpt lat="51.251200" lon="12.645141">
        <ele>147.638357</ele>
        <time>2026-05-01T12:43:08.872Z</time>
      </trkpt>
      <trkpt lat="51.251358" lon="12.645729">
        <ele>147.630580</ele>
        <time>2026-05-01T12:43:17.842Z</time>
      </trkpt>
      <trkpt lat="51.251591" lon="12.646314">
        <ele>147.476510</ele>
        <time>2026-05-01T12:43:27.273Z</time>
      </trkpt>
      <trkpt lat="51.250498" lon="12.649269">
        <ele>145.774165</ele>
        <time>2026-05-01T12:44:06.380Z</time>
      </trkpt>
      <trkpt lat="51.250406" lon="12.649594">
        <ele>145.687171</ele>
        <time>2026-05-01T12:44:10.822Z</time>
      </trkpt>
      <trkpt lat="51.250295" lon="12.649869">
        <ele>145.607364</ele>
        <time>2026-05-01T12:44:15.080Z</time>
      </trkpt>
      <trkpt lat="51.250259" lon="12.649959">
        <ele>145.581314</ele>
        <time>2026-05-01T12:44:16.513Z</time>
      </trkpt>
      <trkpt lat="51.250204" lon="12.650099">
        <ele>145.541001</ele>
        <time>2026-05-01T12:44:18.820Z</time>
      </trkpt>
      <trkpt lat="51.250104" lon="12.650363">
        <ele>145.465741</ele>
        <time>2026-05-01T12:44:23.258Z</time>
      </trkpt>
      <trkpt lat="51.249638" lon="12.651616">
        <ele>145.531587</ele>
        <time>2026-05-01T12:44:46.243Z</time>
      </trkpt>
      <trkpt lat="51.248727" lon="12.654048">
        <ele>146.686857</ele>
        <time>2026-05-01T12:45:31.906Z</time>
      </trkpt>
      <trkpt lat="51.248366" lon="12.655140">
        <ele>147.272805</ele>
        <time>2026-05-01T12:45:51.681Z</time>
      </trkpt>
      <trkpt lat="51.247795" lon="12.656662">
        <ele>148.064705</ele>
        <time>2026-05-01T12:46:19.537Z</time>
      </trkpt>
      <trkpt lat="51.247484" lon="12.657734">
        <ele>148.547818</ele>
        <time>2026-05-01T12:46:37.781Z</time>
      </trkpt>
      <trkpt lat="51.247295" lon="12.658492">
        <ele>148.881437</ele>
        <time>2026-05-01T12:46:50.541Z</time>
      </trkpt>
      <trkpt lat="51.247203" lon="12.659636">
        <ele>149.248521</ele>
        <time>2026-05-01T12:47:08.265Z</time>
      </trkpt>
      <trkpt lat="51.246879" lon="12.660806">
        <ele>149.643071</ele>
        <time>2026-05-01T12:47:26.760Z</time>
      </trkpt>
      <trkpt lat="51.246729" lon="12.661861">
        <ele>150.156555</ele>
        <time>2026-05-01T12:47:41.683Z</time>
      </trkpt>
      <trkpt lat="51.246664" lon="12.662470">
        <ele>150.557521</ele>
        <time>2026-05-01T12:47:51.118Z</time>
      </trkpt>
      <trkpt lat="51.246733" lon="12.663053">
        <ele>150.942611</ele>
        <time>2026-05-01T12:48:01.174Z</time>
      </trkpt>
      <trkpt lat="51.246750" lon="12.663352">
        <ele>151.137471</ele>
        <time>2026-05-01T12:48:06.504Z</time>
      </trkpt>
      <trkpt lat="51.246736" lon="12.663525">
        <ele>151.250688</ele>
        <time>2026-05-01T12:48:09.631Z</time>
      </trkpt>
      <trkpt lat="51.246585" lon="12.664199">
        <ele>151.717144</ele>
        <time>2026-05-01T12:48:23.278Z</time>
      </trkpt>
      <trkpt lat="51.246392" lon="12.664782">
        <ele>152.166701</ele>
        <time>2026-05-01T12:48:36.909Z</time>
      </trkpt>
      <trkpt lat="51.245994" lon="12.665786">
        <ele>152.976776</ele>
        <time>2026-05-01T12:48:59.353Z</time>
      </trkpt>
      <trkpt lat="51.245822" lon="12.666428">
        <ele>153.452800</ele>
        <time>2026-05-01T12:49:10.265Z</time>
      </trkpt>
      <trkpt lat="51.245451" lon="12.667369">
        <ele>153.583890</ele>
        <time>2026-05-01T12:49:24.730Z</time>
      </trkpt>
      <trkpt lat="51.245280" lon="12.668053">
        <ele>153.536992</ele>
        <time>2026-05-01T12:49:33.653Z</time>
      </trkpt>
      <trkpt lat="51.245168" lon="12.668677">
        <ele>153.495658</ele>
        <time>2026-05-01T12:49:41.464Z</time>
      </trkpt>
      <trkpt lat="51.244994" lon="12.670060">
        <ele>153.632909</ele>
        <time>2026-05-01T12:49:59.853Z</time>
      </trkpt>
      <trkpt lat="51.244578" lon="12.670957">
        <ele>153.893521</ele>
        <time>2026-05-01T12:50:16.903Z</time>
      </trkpt>
      <trkpt lat="51.244240" lon="12.671973">
        <ele>154.211370</ele>
        <time>2026-05-01T12:50:35.922Z</time>
      </trkpt>
      <trkpt lat="51.244205" lon="12.672125">
        <ele>154.299695</ele>
        <time>2026-05-01T12:50:38.634Z</time>
      </trkpt>
      <trkpt lat="51.244177" lon="12.672658">
        <ele>154.591395</ele>
        <time>2026-05-01T12:50:47.668Z</time>
      </trkpt>
      <trkpt lat="51.244125" lon="12.672858">
        <ele>154.709501</ele>
        <time>2026-05-01T12:50:51.323Z</time>
      </trkpt>
      <trkpt lat="51.243338" lon="12.675216">
        <ele>155.925977</ele>
        <time>2026-05-01T12:51:35.752Z</time>
      </trkpt>
      <trkpt lat="51.243156" lon="12.676095">
        <ele>156.174667</ele>
        <time>2026-05-01T12:51:49.994Z</time>
      </trkpt>
      <trkpt lat="51.242904" lon="12.676996">
        <ele>156.439746</ele>
        <time>2026-05-01T12:52:03.919Z</time>
      </trkpt>
      <trkpt lat="51.242757" lon="12.677352">
        <ele>156.359351</ele>
        <time>2026-05-01T12:52:09.572Z</time>
      </trkpt>
      <trkpt lat="51.241845" lon="12.679265">
        <ele>155.611123</ele>
        <time>2026-05-01T12:52:39.120Z</time>
      </trkpt>
      <trkpt lat="51.241715" lon="12.679466">
        <ele>155.573195</ele>
        <time>2026-05-01T12:52:42.615Z</time>
      </trkpt>
      <trkpt lat="51.241437" lon="12.679737">
        <ele>155.583963</ele>
        <time>2026-05-01T12:52:48.962Z</time>
      </trkpt>
      <trkpt lat="51.241274" lon="12.679967">
        <ele>155.591154</ele>
        <time>2026-05-01T12:52:53.246Z</time>
      </trkpt>
      <trkpt lat="51.240217" lon="12.681985">
        <ele>156.111811</ele>
        <time>2026-05-01T12:53:30.733Z</time>
      </trkpt>
      <trkpt lat="51.240165" lon="12.682101">
        <ele>156.199772</ele>
        <time>2026-05-01T12:53:33.171Z</time>
      </trkpt>
      <trkpt lat="51.240020" lon="12.682630">
        <ele>156.555805</ele>
        <time>2026-05-01T12:53:43.554Z</time>
      </trkpt>
      <trkpt lat="51.239984" lon="12.682855">
        <ele>156.698983</ele>
        <time>2026-05-01T12:53:47.811Z</time>
      </trkpt>
      <trkpt lat="51.239969" lon="12.683000">
        <ele>156.789592</ele>
        <time>2026-05-01T12:53:50.539Z</time>
      </trkpt>
      <trkpt lat="51.239990" lon="12.683148">
        <ele>156.883152</ele>
        <time>2026-05-01T12:53:53.333Z</time>
      </trkpt>
      <trkpt lat="51.240030" lon="12.683328">
        <ele>157.000912</ele>
        <time>2026-05-01T12:53:56.875Z</time>
      </trkpt>
      <trkpt lat="51.240096" lon="12.683686">
        <ele>157.231000</ele>
        <time>2026-05-01T12:54:03.927Z</time>
      </trkpt>
      <trkpt lat="51.240129" lon="12.683901">
        <ele>157.367479</ele>
        <time>2026-05-01T12:54:08.107Z</time>
      </trkpt>
      <trkpt lat="51.240168" lon="12.684150">
        <ele>157.554351</ele>
        <time>2026-05-01T12:54:12.919Z</time>
      </trkpt>
      <trkpt lat="51.240233" lon="12.684524">
        <ele>157.848437</ele>
        <time>2026-05-01T12:54:20.002Z</time>
      </trkpt>
      <trkpt lat="51.240587" lon="12.685493">
        <ele>158.698475</ele>
        <time>2026-05-01T12:54:39.602Z</time>
      </trkpt>
      <trkpt lat="51.240853" lon="12.686357">
        <ele>159.427969</ele>
        <time>2026-05-01T12:54:55.284Z</time>
      </trkpt>
      <trkpt lat="51.241119" lon="12.687439">
        <ele>159.963837</ele>
        <time>2026-05-01T12:55:14.036Z</time>
      </trkpt>
      <trkpt lat="51.241330" lon="12.688604">
        <ele>160.449356</ele>
        <time>2026-05-01T12:55:32.923Z</time>
      </trkpt>
      <trkpt lat="51.241822" lon="12.692308">
        <ele>161.153605</ele>
        <time>2026-05-01T12:56:28.876Z</time>
      </trkpt>
      <trkpt lat="51.241841" lon="12.692658">
        <ele>161.068147</ele>
        <time>2026-05-01T12:56:33.515Z</time>
      </trkpt>
      <trkpt lat="51.241812" lon="12.693343">
        <ele>160.901140</ele>
        <time>2026-05-01T12:56:42.254Z</time>
      </trkpt>
      <trkpt lat="51.241999" lon="12.694331">
        <ele>160.650065</ele>
        <time>2026-05-01T12:56:55.047Z</time>
      </trkpt>
      <trkpt lat="51.242083" lon="12.694956">
        <ele>160.485425</ele>
        <time>2026-05-01T12:57:03.004Z</time>
      </trkpt>
      <trkpt lat="51.242089" lon="12.695594">
        <ele>160.223109</ele>
        <time>2026-05-01T12:57:11.101Z</time>
      </trkpt>
      <trkpt lat="51.241998" lon="12.696374">
        <ele>159.896926</ele>
        <time>2026-05-01T12:57:21.290Z</time>
      </trkpt>
      <trkpt lat="51.241884" lon="12.696908">
        <ele>159.664981</ele>
        <time>2026-05-01T12:57:28.595Z</time>
      </trkpt>
      <trkpt lat="51.241651" lon="12.697522">
        <ele>159.369807</ele>
        <time>2026-05-01T12:57:37.789Z</time>
      </trkpt>
      <trkpt lat="51.241586" lon="12.697748">
        <ele>159.224626</ele>
        <time>2026-05-01T12:57:40.936Z</time>
      </trkpt>
      <trkpt lat="51.241137" lon="12.699659">
        <ele>157.776044</ele>
        <time>2026-05-01T12:58:05.369Z</time>
      </trkpt>
      <trkpt lat="51.240621" lon="12.701190">
        <ele>156.437625</ele>
        <time>2026-05-01T12:58:25.088Z</time>
      </trkpt>
      <trkpt lat="51.240336" lon="12.702414">
        <ele>155.381020</ele>
        <time>2026-05-01T12:58:39.950Z</time>
      </trkpt>
      <trkpt lat="51.240178" lon="12.703013">
        <ele>154.899808</ele>
        <time>2026-05-01T12:58:47.662Z</time>
      </trkpt>
      <trkpt lat="51.240043" lon="12.703422">
        <ele>154.680407</ele>
        <time>2026-05-01T12:58:53.384Z</time>
      </trkpt>
      <trkpt lat="51.239717" lon="12.704221">
        <ele>154.227853</ele>
        <time>2026-05-01T12:59:06.112Z</time>
      </trkpt>
      <trkpt lat="51.239695" lon="12.704265">
        <ele>154.201133</ele>
        <time>2026-05-01T12:59:06.903Z</time>
      </trkpt>
      <trkpt lat="51.239487" lon="12.704855">
        <ele>153.879826</ele>
        <time>2026-05-01T12:59:16.038Z</time>
      </trkpt>
      <trkpt lat="51.239332" lon="12.705372">
        <ele>153.607815</ele>
        <time>2026-05-01T12:59:23.573Z</time>
      </trkpt>
      <trkpt lat="51.239018" lon="12.706678">
        <ele>152.401550</ele>
        <time>2026-05-01T12:59:40.296Z</time>
      </trkpt>
      <trkpt lat="51.238834" lon="12.707439">
        <ele>151.694341</ele>
        <time>2026-05-01T12:59:49.296Z</time>
      </trkpt>
      <trkpt lat="51.238338" lon="12.709132">
        <ele>149.811577</ele>
        <time>2026-05-01T13:00:10.115Z</time>
      </trkpt>
      <trkpt lat="51.238020" lon="12.710168">
        <ele>148.557899</ele>
        <time>2026-05-01T13:00:23.104Z</time>
      </trkpt>
      <trkpt lat="51.237961" lon="12.710356">
        <ele>148.329400</ele>
        <time>2026-05-01T13:00:25.467Z</time>
      </trkpt>
      <trkpt lat="51.237924" lon="12.710478">
        <ele>148.182107</ele>
        <time>2026-05-01T13:00:27.002Z</time>
      </trkpt>
      <trkpt lat="51.237755" lon="12.711025">
        <ele>147.534844</ele>
        <time>2026-05-01T13:00:33.984Z</time>
      </trkpt>
      <trkpt lat="51.237682" lon="12.711261">
        <ele>147.258296</ele>
        <time>2026-05-01T13:00:36.945Z</time>
      </trkpt>
      <trkpt lat="51.237518" lon="12.711941">
        <ele>146.492724</ele>
        <time>2026-05-01T13:00:44.830Z</time>
      </trkpt>
      <trkpt lat="51.237496" lon="12.712044">
        <ele>146.378389</ele>
        <time>2026-05-01T13:00:45.995Z</time>
      </trkpt>
      <trkpt lat="51.237351" lon="12.712674">
        <ele>145.673210</ele>
        <time>2026-05-01T13:00:53.296Z</time>
      </trkpt>
      <trkpt lat="51.237228" lon="12.713207">
        <ele>145.076416</ele>
        <time>2026-05-01T13:00:59.615Z</time>
      </trkpt>
      <trkpt lat="51.237101" lon="12.713864">
        <ele>144.793303</ele>
        <time>2026-05-01T13:01:07.540Z</time>
      </trkpt>
      <trkpt lat="51.237087" lon="12.713941">
        <ele>144.769166</ele>
        <time>2026-05-01T13:01:08.468Z</time>
      </trkpt>
      <trkpt lat="51.236970" lon="12.714755">
        <ele>144.517744</ele>
        <time>2026-05-01T13:01:18.736Z</time>
      </trkpt>
      <trkpt lat="51.236907" lon="12.715045">
        <ele>144.425336</ele>
        <time>2026-05-01T13:01:22.995Z</time>
      </trkpt>
      <trkpt lat="51.236783" lon="12.715450">
        <ele>144.289617</ele>
        <time>2026-05-01T13:01:29.829Z</time>
      </trkpt>
      <trkpt lat="51.236539" lon="12.716043">
        <ele>144.082681</ele>
        <time>2026-05-01T13:01:41.608Z</time>
      </trkpt>
      <trkpt lat="51.236522" lon="12.716086">
        <ele>144.070911</ele>
        <time>2026-05-01T13:01:42.474Z</time>
      </trkpt>
      <trkpt lat="51.236491" lon="12.716180">
        <ele>144.046320</ele>
        <time>2026-05-01T13:01:44.271Z</time>
      </trkpt>
      <trkpt lat="51.236087" lon="12.717399">
        <ele>143.727089</ele>
        <time>2026-05-01T13:02:06.926Z</time>
      </trkpt>
      <trkpt lat="51.235963" lon="12.717746">
        <ele>143.634614</ele>
        <time>2026-05-01T13:02:12.825Z</time>
      </trkpt>
      <trkpt lat="51.235900" lon="12.717931">
        <ele>143.585871</ele>
        <time>2026-05-01T13:02:15.766Z</time>
      </trkpt>
      <trkpt lat="51.235869" lon="12.718054">
        <ele>143.555182</ele>
        <time>2026-05-01T13:02:17.590Z</time>
      </trkpt>
      <trkpt lat="51.235702" lon="12.719470">
        <ele>141.981794</ele>
        <time>2026-05-01T13:02:34.104Z</time>
      </trkpt>
      <trkpt lat="51.235676" lon="12.719717">
        <ele>141.594597</ele>
        <time>2026-05-01T13:02:36.648Z</time>
      </trkpt>
      <trkpt lat="51.235672" lon="12.721142">
        <ele>139.391660</ele>
        <time>2026-05-01T13:02:50.338Z</time>
      </trkpt>
      <trkpt lat="51.235672" lon="12.721293">
        <ele>139.158229</ele>
        <time>2026-05-01T13:02:51.788Z</time>
      </trkpt>
      <trkpt lat="51.235675" lon="12.721866">
        <ele>138.600047</ele>
        <time>2026-05-01T13:02:57.400Z</time>
      </trkpt>
      <trkpt lat="51.235571" lon="12.721927">
        <ele>138.449836</ele>
        <time>2026-05-01T13:02:59.172Z</time>
      </trkpt>
      <trkpt lat="51.235536" lon="12.722047">
        <ele>138.337458</ele>
        <time>2026-05-01T13:03:00.526Z</time>
      </trkpt>
      <trkpt lat="51.235539" lon="12.722128">
        <ele>138.268577</ele>
        <time>2026-05-01T13:03:01.330Z</time>
      </trkpt>
      <trkpt lat="51.235231" lon="12.722056">
        <ele>137.846539</ele>
        <time>2026-05-01T13:03:06.575Z</time>
      </trkpt>
      <trkpt lat="51.235172" lon="12.722045">
        <ele>137.766003</ele>
        <time>2026-05-01T13:03:07.639Z</time>
      </trkpt>
      <trkpt lat="51.234921" lon="12.721998">
        <ele>137.423365</ele>
        <time>2026-05-01T13:03:12.301Z</time>
      </trkpt>
      <trkpt lat="51.234799" lon="12.721975">
        <ele>137.256808</ele>
        <time>2026-05-01T13:03:14.888Z</time>
      </trkpt>
      <trkpt lat="51.234741" lon="12.721964">
        <ele>137.177618</ele>
        <time>2026-05-01T13:03:16.221Z</time>
      </trkpt>
      <trkpt lat="51.234692" lon="12.721955">
        <ele>137.110746</ele>
        <time>2026-05-01T13:03:17.433Z</time>
      </trkpt>
      <trkpt lat="51.234258" lon="12.721919">
        <ele>136.592823</ele>
        <time>2026-05-01T13:03:29.424Z</time>
      </trkpt>
      <trkpt lat="51.233948" lon="12.721948">
        <ele>136.942303</ele>
        <time>2026-05-01T13:03:38.579Z</time>
      </trkpt>
      <trkpt lat="51.233225" lon="12.722064">
        <ele>137.760083</ele>
        <time>2026-05-01T13:04:00.110Z</time>
      </trkpt>
      <trkpt lat="51.233078" lon="12.722131">
        <ele>137.932126</ele>
        <time>2026-05-01T13:04:04.719Z</time>
      </trkpt>
      <trkpt lat="51.232869" lon="12.722219">
        <ele>138.175378</ele>
        <time>2026-05-01T13:04:11.109Z</time>
      </trkpt>
      <trkpt lat="51.232602" lon="12.722326">
        <ele>138.485183</ele>
        <time>2026-05-01T13:04:18.930Z</time>
      </trkpt>
      <trkpt lat="51.232523" lon="12.722354">
        <ele>138.576255</ele>
        <time>2026-05-01T13:04:21.154Z</time>
      </trkpt>
      <trkpt lat="51.232100" lon="12.722526">
        <ele>139.336773</ele>
        <time>2026-05-01T13:04:32.561Z</time>
      </trkpt>
      <trkpt lat="51.231488" lon="12.722850">
        <ele>140.467123</ele>
        <time>2026-05-01T13:04:47.887Z</time>
      </trkpt>
      <trkpt lat="51.231434" lon="12.722881">
        <ele>140.567724</ele>
        <time>2026-05-01T13:04:49.344Z</time>
      </trkpt>
      <trkpt lat="51.230513" lon="12.723400">
        <ele>142.626720</ele>
        <time>2026-05-01T13:05:19.109Z</time>
      </trkpt>
      <trkpt lat="51.229807" lon="12.723801">
        <ele>144.780999</ele>
        <time>2026-05-01T13:05:48.720Z</time>
      </trkpt>
      <trkpt lat="51.229486" lon="12.723939">
        <ele>145.736717</ele>
        <time>2026-05-01T13:06:02.847Z</time>
      </trkpt>
      <trkpt lat="51.229041" lon="12.723947">
        <ele>146.913080</ele>
        <time>2026-05-01T13:06:21.404Z</time>
      </trkpt>
      <trkpt lat="51.228876" lon="12.723937">
        <ele>146.930918</ele>
        <time>2026-05-01T13:06:27.539Z</time>
      </trkpt>
      <trkpt lat="51.228620" lon="12.723923">
        <ele>146.958591</ele>
        <time>2026-05-01T13:06:36.179Z</time>
      </trkpt>
      <trkpt lat="51.228318" lon="12.723906">
        <ele>146.991237</ele>
        <time>2026-05-01T13:06:45.239Z</time>
      </trkpt>
      <trkpt lat="51.228235" lon="12.723905">
        <ele>147.000204</ele>
        <time>2026-05-01T13:06:47.473Z</time>
      </trkpt>
      <trkpt lat="51.227725" lon="12.723895">
        <ele>147.055304</ele>
        <time>2026-05-01T13:06:58.147Z</time>
      </trkpt>
      <trkpt lat="51.227579" lon="12.723930">
        <ele>147.071253</ele>
        <time>2026-05-01T13:07:00.825Z</time>
      </trkpt>
      <trkpt lat="51.227228" lon="12.724099">
        <ele>146.855438</ele>
        <time>2026-05-01T13:07:07.169Z</time>
      </trkpt>
      <trkpt lat="51.226647" lon="12.724538">
        <ele>144.557567</ele>
        <time>2026-05-01T13:07:17.662Z</time>
      </trkpt>
      <trkpt lat="51.226503" lon="12.724634">
        <ele>143.999702</ele>
        <time>2026-05-01T13:07:20.170Z</time>
      </trkpt>
      <trkpt lat="51.225785" lon="12.724895">
        <ele>141.367177</ele>
        <time>2026-05-01T13:07:32.151Z</time>
      </trkpt>
      <trkpt lat="51.225372" lon="12.725132">
        <ele>139.631976</ele>
        <time>2026-05-01T13:07:39.315Z</time>
      </trkpt>
      <trkpt lat="51.225159" lon="12.725290">
        <ele>138.632785</ele>
        <time>2026-05-01T13:07:43.002Z</time>
      </trkpt>
      <trkpt lat="51.225039" lon="12.725289">
        <ele>138.122252</ele>
        <time>2026-05-01T13:07:44.789Z</time>
      </trkpt>
      <trkpt lat="51.224843" lon="12.725411">
        <ele>137.227277</ele>
        <time>2026-05-01T13:07:47.910Z</time>
      </trkpt>
      <trkpt lat="51.224678" lon="12.725585">
        <ele>136.386031</ele>
        <time>2026-05-01T13:07:50.867Z</time>
      </trkpt>
      <trkpt lat="51.224667" lon="12.725662">
        <ele>136.175604</ele>
        <time>2026-05-01T13:07:51.607Z</time>
      </trkpt>
      <trkpt lat="51.224626" lon="12.725829">
        <ele>135.697683</ele>
        <time>2026-05-01T13:07:53.301Z</time>
      </trkpt>
      <trkpt lat="51.224557" lon="12.726074">
        <ele>134.981939</ele>
        <time>2026-05-01T13:07:55.840Z</time>
      </trkpt>
      <trkpt lat="51.224426" lon="12.726362">
        <ele>134.033556</ele>
        <time>2026-05-01T13:07:59.261Z</time>
      </trkpt>
      <trkpt lat="51.224316" lon="12.726685">
        <ele>133.053942</ele>
        <time>2026-05-01T13:08:02.808Z</time>
      </trkpt>
      <trkpt lat="51.224253" lon="12.726997">
        <ele>132.680957</ele>
        <time>2026-05-01T13:08:05.958Z</time>
      </trkpt>
      <trkpt lat="51.224122" lon="12.728159">
        <ele>131.408039</ele>
        <time>2026-05-01T13:08:18.414Z</time>
      </trkpt>
      <trkpt lat="51.223840" lon="12.729041">
        <ele>130.340376</ele>
        <time>2026-05-01T13:08:32.734Z</time>
      </trkpt>
      <trkpt lat="51.223839" lon="12.729159">
        <ele>130.213144</ele>
        <time>2026-05-01T13:08:34.520Z</time>
      </trkpt>
      <trkpt lat="51.223870" lon="12.729202">
        <ele>130.142454</ele>
        <time>2026-05-01T13:08:35.552Z</time>
      </trkpt>
      <trkpt lat="51.224123" lon="12.729717">
        <ele>129.900988</ele>
        <time>2026-05-01T13:08:45.513Z</time>
      </trkpt>
      <trkpt lat="51.224202" lon="12.729924">
        <ele>129.888265</ele>
        <time>2026-05-01T13:08:49.193Z</time>
      </trkpt>
      <trkpt lat="51.223889" lon="12.730301">
        <ele>129.855409</ele>
        <time>2026-05-01T13:08:58.697Z</time>
      </trkpt>
      <trkpt lat="51.223595" lon="12.730753">
        <ele>129.821206</ele>
        <time>2026-05-01T13:09:08.444Z</time>
      </trkpt>
      <trkpt lat="51.221408" lon="12.734591">
        <ele>129.753839</ele>
        <time>2026-05-01T13:10:18.917Z</time>
      </trkpt>
      <trkpt lat="51.220646" lon="12.736014">
        <ele>129.806805</ele>
        <time>2026-05-01T13:10:45.827Z</time>
      </trkpt>
      <trkpt lat="51.220107" lon="12.737103">
        <ele>129.892372</ele>
        <time>2026-05-01T13:11:06.019Z</time>
      </trkpt>
      <trkpt lat="51.217994" lon="12.741405">
        <ele>130.177164</ele>
        <time>2026-05-01T13:12:23.303Z</time>
      </trkpt>
      <trkpt lat="51.217688" lon="12.741973">
        <ele>130.207093</ele>
        <time>2026-05-01T13:12:33.391Z</time>
      </trkpt>
      <trkpt lat="51.217247" lon="12.742613">
        <ele>130.283586</ele>
        <time>2026-05-01T13:12:46.331Z</time>
      </trkpt>
      <trkpt lat="51.217189" lon="12.742689">
        <ele>130.301220</ele>
        <time>2026-05-01T13:12:47.981Z</time>
      </trkpt>
      <trkpt lat="51.217118" lon="12.742779">
        <ele>130.322526</ele>
        <time>2026-05-01T13:12:49.986Z</time>
      </trkpt>
      <trkpt lat="51.216714" lon="12.743207">
        <ele>130.436475</ele>
        <time>2026-05-01T13:13:01.228Z</time>
      </trkpt>
      <trkpt lat="51.216349" lon="12.743543">
        <ele>130.535495</ele>
        <time>2026-05-01T13:13:11.394Z</time>
      </trkpt>
      <trkpt lat="51.215919" lon="12.743821">
        <ele>130.644524</ele>
        <time>2026-05-01T13:13:22.221Z</time>
      </trkpt>
      <trkpt lat="51.215331" lon="12.744051">
        <ele>131.204323</ele>
        <time>2026-05-01T13:13:35.927Z</time>
      </trkpt>
      <trkpt lat="51.215217" lon="12.744028">
        <ele>131.315899</ele>
        <time>2026-05-01T13:13:38.659Z</time>
      </trkpt>
      <trkpt lat="51.215108" lon="12.744268">
        <ele>131.496208</ele>
        <time>2026-05-01T13:13:43.221Z</time>
      </trkpt>
      <trkpt lat="51.215013" lon="12.744349">
        <ele>131.600786</ele>
        <time>2026-05-01T13:13:45.869Z</time>
      </trkpt>
      <trkpt lat="51.214749" lon="12.744478">
        <ele>131.868872</ele>
        <time>2026-05-01T13:13:52.939Z</time>
      </trkpt>
      <trkpt lat="51.213120" lon="12.745042">
        <ele>134.129367</ele>
        <time>2026-05-01T13:14:41.128Z</time>
      </trkpt>
      <trkpt lat="51.212997" lon="12.745101">
        <ele>134.327696</ele>
        <time>2026-05-01T13:14:44.999Z</time>
      </trkpt>
      <trkpt lat="51.212912" lon="12.745097">
        <ele>134.459012</ele>
        <time>2026-05-01T13:14:47.581Z</time>
      </trkpt>
      <trkpt lat="51.212408" lon="12.745256">
        <ele>135.253596</ele>
        <time>2026-05-01T13:15:03.178Z</time>
      </trkpt>
      <trkpt lat="51.212039" lon="12.745314">
        <ele>135.835672</ele>
        <time>2026-05-01T13:15:14.273Z</time>
      </trkpt>
      <trkpt lat="51.211904" lon="12.745282">
        <ele>136.049926</ele>
        <time>2026-05-01T13:15:18.313Z</time>
      </trkpt>
      <trkpt lat="51.211707" lon="12.745351">
        <ele>136.366543</ele>
        <time>2026-05-01T13:15:24.829Z</time>
      </trkpt>
      <trkpt lat="51.210915" lon="12.745648">
        <ele>137.643712</ele>
        <time>2026-05-01T13:15:50.257Z</time>
      </trkpt>
      <trkpt lat="51.210575" lon="12.745753">
        <ele>138.117263</ele>
        <time>2026-05-01T13:16:00.588Z</time>
      </trkpt>
      <trkpt lat="51.210034" lon="12.745892">
        <ele>138.653778</ele>
        <time>2026-05-01T13:16:16.434Z</time>
      </trkpt>
      <trkpt lat="51.209620" lon="12.745863">
        <ele>139.059519</ele>
        <time>2026-05-01T13:16:27.946Z</time>
      </trkpt>
      <trkpt lat="51.209080" lon="12.745748">
        <ele>139.592922</ele>
        <time>2026-05-01T13:16:42.960Z</time>
      </trkpt>
      <trkpt lat="51.208816" lon="12.745729">
        <ele>139.837951</ele>
        <time>2026-05-01T13:16:49.977Z</time>
      </trkpt>
      <trkpt lat="51.208620" lon="12.745736">
        <ele>140.000487</ele>
        <time>2026-05-01T13:16:55.097Z</time>
      </trkpt>
      <trkpt lat="51.208166" lon="12.745839">
        <ele>140.380664</ele>
        <time>2026-05-01T13:17:07.209Z</time>
      </trkpt>
      <trkpt lat="51.207696" lon="12.746115">
        <ele>140.795857</ele>
        <time>2026-05-01T13:17:22.474Z</time>
      </trkpt>
      <trkpt lat="51.207357" lon="12.746384">
        <ele>141.109723</ele>
        <time>2026-05-01T13:17:34.062Z</time>
      </trkpt>
      <trkpt lat="51.206953" lon="12.746794">
        <ele>141.307870</ele>
        <time>2026-05-01T13:17:47.973Z</time>
      </trkpt>
      <trkpt lat="51.206737" lon="12.746963">
        <ele>141.350806</ele>
        <time>2026-05-01T13:17:54.922Z</time>
      </trkpt>
      <trkpt lat="51.206285" lon="12.747318">
        <ele>141.440722</ele>
        <time>2026-05-01T13:18:08.687Z</time>
      </trkpt>
      <trkpt lat="51.205882" lon="12.747750">
        <ele>141.527370</ele>
        <time>2026-05-01T13:18:19.660Z</time>
      </trkpt>
      <trkpt lat="51.205363" lon="12.748438">
        <ele>141.564510</ele>
        <time>2026-05-01T13:18:33.377Z</time>
      </trkpt>
      <trkpt lat="51.204911" lon="12.748919">
        <ele>141.551478</ele>
        <time>2026-05-01T13:18:45.464Z</time>
      </trkpt>
      <trkpt lat="51.204651" lon="12.749114">
        <ele>141.544586</ele>
        <time>2026-05-01T13:18:52.703Z</time>
      </trkpt>
      <trkpt lat="51.204436" lon="12.749226">
        <ele>141.539160</ele>
        <time>2026-05-01T13:18:58.890Z</time>
      </trkpt>
      <trkpt lat="51.204397" lon="12.749246">
        <ele>141.538178</ele>
        <time>2026-05-01T13:19:00.048Z</time>
      </trkpt>
      <trkpt lat="51.204310" lon="12.749292">
        <ele>141.535979</ele>
        <time>2026-05-01T13:19:02.703Z</time>
      </trkpt>
      <trkpt lat="51.203374" lon="12.749715">
        <ele>141.838925</ele>
        <time>2026-05-01T13:19:32.026Z</time>
      </trkpt>
      <trkpt lat="51.203147" lon="12.749852">
        <ele>141.935308</ele>
        <time>2026-05-01T13:19:39.332Z</time>
      </trkpt>
      <trkpt lat="51.202935" lon="12.750007">
        <ele>142.027918</ele>
        <time>2026-05-01T13:19:45.916Z</time>
      </trkpt>
      <trkpt lat="51.202542" lon="12.750402">
        <ele>142.212370</ele>
        <time>2026-05-01T13:19:57.855Z</time>
      </trkpt>
      <trkpt lat="51.202216" lon="12.750880">
        <ele>141.985001</ele>
        <time>2026-05-01T13:20:07.952Z</time>
      </trkpt>
      <trkpt lat="51.201942" lon="12.751477">
        <ele>141.648575</ele>
        <time>2026-05-01T13:20:18.036Z</time>
      </trkpt>
      <trkpt lat="51.201690" lon="12.752117">
        <ele>141.304941</ele>
        <time>2026-05-01T13:20:28.302Z</time>
      </trkpt>
      <trkpt lat="51.201066" lon="12.753559">
        <ele>140.298907</ele>
        <time>2026-05-01T13:20:51.706Z</time>
      </trkpt>
      <trkpt lat="51.200807" lon="12.753980">
        <ele>139.900803</ele>
        <time>2026-05-01T13:20:59.410Z</time>
      </trkpt>
      <trkpt lat="51.200523" lon="12.754310">
        <ele>139.522499</ele>
        <time>2026-05-01T13:21:06.672Z</time>
      </trkpt>
      <trkpt lat="51.200178" lon="12.754592">
        <ele>139.105085</ele>
        <time>2026-05-01T13:21:14.618Z</time>
      </trkpt>
      <trkpt lat="51.199040" lon="12.755298">
        <ele>138.724788</ele>
        <time>2026-05-01T13:21:41.033Z</time>
      </trkpt>
      <trkpt lat="51.196999" lon="12.756536">
        <ele>139.055579</ele>
        <time>2026-05-01T13:22:41.585Z</time>
      </trkpt>
      <trkpt lat="51.196613" lon="12.756824">
        <ele>139.145189</ele>
        <time>2026-05-01T13:22:53.520Z</time>
      </trkpt>
      <trkpt lat="51.194517" lon="12.758694">
        <ele>138.693766</ele>
        <time>2026-05-01T13:23:53.221Z</time>
      </trkpt>
      <trkpt lat="51.194287" lon="12.758860">
        <ele>138.559580</ele>
        <time>2026-05-01T13:23:58.787Z</time>
      </trkpt>
      <trkpt lat="51.193632" lon="12.759172">
        <ele>138.196217</ele>
        <time>2026-05-01T13:24:12.935Z</time>
      </trkpt>
      <trkpt lat="51.193137" lon="12.759225">
        <ele>137.803017</ele>
        <time>2026-05-01T13:24:23.113Z</time>
      </trkpt>
      <trkpt lat="51.193091" lon="12.759719">
        <ele>137.528636</ele>
        <time>2026-05-01T13:24:33.318Z</time>
      </trkpt>
      <trkpt lat="51.193044" lon="12.759805">
        <ele>137.465946</ele>
        <time>2026-05-01T13:24:35.685Z</time>
      </trkpt>
      <trkpt lat="51.192213" lon="12.760542">
        <ele>136.632483</ele>
        <time>2026-05-01T13:25:08.015Z</time>
      </trkpt>
      <trkpt lat="51.191609" lon="12.760863">
        <ele>136.551371</ele>
        <time>2026-05-01T13:25:30.828Z</time>
      </trkpt>
      <trkpt lat="51.191279" lon="12.761056">
        <ele>136.548937</ele>
        <time>2026-05-01T13:25:38.393Z</time>
      </trkpt>
      <trkpt lat="51.191133" lon="12.761148">
        <ele>136.547850</ele>
        <time>2026-05-01T13:25:41.777Z</time>
      </trkpt>
      <trkpt lat="51.190988" lon="12.761230">
        <ele>136.546784</ele>
        <time>2026-05-01T13:25:45.075Z</time>
      </trkpt>
      <trkpt lat="51.190828" lon="12.761318">
        <ele>136.545612</ele>
        <time>2026-05-01T13:25:48.907Z</time>
      </trkpt>
      <trkpt lat="51.190715" lon="12.761380">
        <ele>136.544784</ele>
        <time>2026-05-01T13:25:51.747Z</time>
      </trkpt>
      <trkpt lat="51.190714" lon="12.762040">
        <ele>136.631014</ele>
        <time>2026-05-01T13:26:02.349Z</time>
      </trkpt>
      <trkpt lat="51.190714" lon="12.762165">
        <ele>136.691461</ele>
        <time>2026-05-01T13:26:04.389Z</time>
      </trkpt>
      <trkpt lat="51.190714" lon="12.762219">
        <ele>136.717574</ele>
        <time>2026-05-01T13:26:05.309Z</time>
      </trkpt>
      <trkpt lat="51.190487" lon="12.762359">
        <ele>136.905353</ele>
        <time>2026-05-01T13:26:11.947Z</time>
      </trkpt>
      <trkpt lat="51.189932" lon="12.762545">
        <ele>137.342926</ele>
        <time>2026-05-01T13:26:28.164Z</time>
      </trkpt>
      <trkpt lat="51.189814" lon="12.762688">
        <ele>137.457257</ele>
        <time>2026-05-01T13:26:32.376Z</time>
      </trkpt>
      <trkpt lat="51.189647" lon="12.762804">
        <ele>137.597793</ele>
        <time>2026-05-01T13:26:37.534Z</time>
      </trkpt>
      <trkpt lat="51.188031" lon="12.763691">
        <ele>138.378936</ele>
        <time>2026-05-01T13:27:19.322Z</time>
      </trkpt>
      <trkpt lat="51.188001" lon="12.763990">
        <ele>138.445542</ele>
        <time>2026-05-01T13:27:23.117Z</time>
      </trkpt>
      <trkpt lat="51.188037" lon="12.764389">
        <ele>138.534213</ele>
        <time>2026-05-01T13:27:28.090Z</time>
      </trkpt>
      <trkpt lat="51.187958" lon="12.764393">
        <ele>138.562010</ele>
        <time>2026-05-01T13:27:29.646Z</time>
      </trkpt>
      <trkpt lat="51.187601" lon="12.764531">
        <ele>138.728249</ele>
        <time>2026-05-01T13:27:36.906Z</time>
      </trkpt>
      <trkpt lat="51.187148" lon="12.764790">
        <ele>138.946026</ele>
        <time>2026-05-01T13:27:46.490Z</time>
      </trkpt>
      <trkpt lat="51.184876" lon="12.765967">
        <ele>140.554961</ele>
        <time>2026-05-01T13:28:47.582Z</time>
      </trkpt>
      <trkpt lat="51.184710" lon="12.766025">
        <ele>140.694194</ele>
        <time>2026-05-01T13:28:52.750Z</time>
      </trkpt>
      <trkpt lat="51.184355" lon="12.766000">
        <ele>140.994085</ele>
        <time>2026-05-01T13:29:03.538Z</time>
      </trkpt>
      <trkpt lat="51.184235" lon="12.766031">
        <ele>141.100094</ele>
        <time>2026-05-01T13:29:07.248Z</time>
      </trkpt>
      <trkpt lat="51.184146" lon="12.766097">
        <ele>141.185682</ele>
        <time>2026-05-01T13:29:10.284Z</time>
      </trkpt>
      <trkpt lat="51.184016" lon="12.766252">
        <ele>141.327211</ele>
        <time>2026-05-01T13:29:15.192Z</time>
      </trkpt>
      <trkpt lat="51.184084" lon="12.766393">
        <ele>141.424457</ele>
        <time>2026-05-01T13:29:18.470Z</time>
      </trkpt>
      <trkpt lat="51.184071" lon="12.766701">
        <ele>141.593197</ele>
        <time>2026-05-01T13:29:24.357Z</time>
      </trkpt>
      <trkpt lat="51.183876" lon="12.767389">
        <ele>142.005932</ele>
        <time>2026-05-01T13:29:37.966Z</time>
      </trkpt>
      <trkpt lat="51.183622" lon="12.769275">
        <ele>142.269214</ele>
        <time>2026-05-01T13:30:04.073Z</time>
      </trkpt>
      <trkpt lat="51.183495" lon="12.769990">
        <ele>142.175174</ele>
        <time>2026-05-01T13:30:13.340Z</time>
      </trkpt>
      <trkpt lat="51.183299" lon="12.770644">
        <ele>142.083441</ele>
        <time>2026-05-01T13:30:22.244Z</time>
      </trkpt>
      <trkpt lat="51.183135" lon="12.771047">
        <ele>141.943581</ele>
        <time>2026-05-01T13:30:27.997Z</time>
      </trkpt>
      <trkpt lat="51.182725" lon="12.771827">
        <ele>141.498425</ele>
        <time>2026-05-01T13:30:40.662Z</time>
      </trkpt>
      <trkpt lat="51.182392" lon="12.772561">
        <ele>141.102191</ele>
        <time>2026-05-01T13:30:52.454Z</time>
      </trkpt>
      <trkpt lat="51.181971" lon="12.773670">
        <ele>140.221581</ele>
        <time>2026-05-01T13:31:09.802Z</time>
      </trkpt>
      <trkpt lat="51.181790" lon="12.774075">
        <ele>139.746454</ele>
        <time>2026-05-01T13:31:16.082Z</time>
      </trkpt>
      <trkpt lat="51.181621" lon="12.774380">
        <ele>139.357601</ele>
        <time>2026-05-01T13:31:20.866Z</time>
      </trkpt>
      <trkpt lat="51.181492" lon="12.774601">
        <ele>139.069139</ele>
        <time>2026-05-01T13:31:24.294Z</time>
      </trkpt>
      <trkpt lat="51.181430" lon="12.774702">
        <ele>138.934103</ele>
        <time>2026-05-01T13:31:25.874Z</time>
      </trkpt>
      <trkpt lat="51.181232" lon="12.775030">
        <ele>138.499123</ele>
        <time>2026-05-01T13:31:30.810Z</time>
      </trkpt>
      <trkpt lat="51.181157" lon="12.775204">
        <ele>138.297407</ele>
        <time>2026-05-01T13:31:33.047Z</time>
      </trkpt>
      <trkpt lat="51.181117" lon="12.775421">
        <ele>138.081342</ele>
        <time>2026-05-01T13:31:35.390Z</time>
      </trkpt>
      <trkpt lat="51.181121" lon="12.775575">
        <ele>137.886628</ele>
        <time>2026-05-01T13:31:36.958Z</time>
      </trkpt>
      <trkpt lat="51.181565" lon="12.777587">
        <ele>135.075289</ele>
        <time>2026-05-01T13:31:58.706Z</time>
      </trkpt>
      <trkpt lat="51.181583" lon="12.777681">
        <ele>134.945746</ele>
        <time>2026-05-01T13:31:59.771Z</time>
      </trkpt>
      <trkpt lat="51.181643" lon="12.778033">
        <ele>134.464966</ele>
        <time>2026-05-01T13:32:03.791Z</time>
      </trkpt>
      <trkpt lat="51.181656" lon="12.778365">
        <ele>134.369571</ele>
        <time>2026-05-01T13:32:07.576Z</time>
      </trkpt>
      <trkpt lat="51.181628" lon="12.778632">
        <ele>134.500679</ele>
        <time>2026-05-01T13:32:10.776Z</time>
      </trkpt>
      <trkpt lat="51.181513" lon="12.779173">
        <ele>134.777349</ele>
        <time>2026-05-01T13:32:18.119Z</time>
      </trkpt>
      <trkpt lat="51.181316" lon="12.780033">
        <ele>135.220799</ele>
        <time>2026-05-01T13:32:32.354Z</time>
      </trkpt>
      <trkpt lat="51.181100" lon="12.780984">
        <ele>135.869725</ele>
        <time>2026-05-01T13:32:52.864Z</time>
      </trkpt>
      <trkpt lat="51.180889" lon="12.781867">
        <ele>137.995136</ele>
        <time>2026-05-01T13:33:16.015Z</time>
      </trkpt>
      <trkpt lat="51.180854" lon="12.782192">
        <ele>138.736824</ele>
        <time>2026-05-01T13:33:24.510Z</time>
      </trkpt>
      <trkpt lat="51.180895" lon="12.782670">
        <ele>139.821943</ele>
        <time>2026-05-01T13:33:37.257Z</time>
      </trkpt>
      <trkpt lat="51.180934" lon="12.782818">
        <ele>140.183035</ele>
        <time>2026-05-01T13:33:41.593Z</time>
      </trkpt>
      <trkpt lat="51.181104" lon="12.783176">
        <ele>141.193179</ele>
        <time>2026-05-01T13:33:53.691Z</time>
      </trkpt>
      <trkpt lat="51.181332" lon="12.783616">
        <ele>142.383127</ele>
        <time>2026-05-01T13:34:08.620Z</time>
      </trkpt>
      <trkpt lat="51.181374" lon="12.783867">
        <ele>142.813387</ele>
        <time>2026-05-01T13:34:14.954Z</time>
      </trkpt>
      <trkpt lat="51.181244" lon="12.784881">
        <ele>144.527530</ele>
        <time>2026-05-01T13:34:37.447Z</time>
      </trkpt>
      <trkpt lat="51.181199" lon="12.785041">
        <ele>144.817971</ele>
        <time>2026-05-01T13:34:40.861Z</time>
      </trkpt>
      <trkpt lat="51.181136" lon="12.785139">
        <ele>145.050456</ele>
        <time>2026-05-01T13:34:43.565Z</time>
      </trkpt>
      <trkpt lat="51.180791" lon="12.785523">
        <ele>146.161907</ele>
        <time>2026-05-01T13:34:56.015Z</time>
      </trkpt>
      <trkpt lat="51.180692" lon="12.785628">
        <ele>146.476005</ele>
        <time>2026-05-01T13:34:59.339Z</time>
      </trkpt>
      <trkpt lat="51.180678" lon="12.785642">
        <ele>146.519661</ele>
        <time>2026-05-01T13:34:59.812Z</time>
      </trkpt>
      <trkpt lat="51.180471" lon="12.785845">
        <ele>146.956928</ele>
        <time>2026-05-01T13:35:06.380Z</time>
      </trkpt>
      <trkpt lat="51.180267" lon="12.786040">
        <ele>147.140194</ele>
        <time>2026-05-01T13:35:12.470Z</time>
      </trkpt>
      <trkpt lat="51.180180" lon="12.786169">
        <ele>147.231727</ele>
        <time>2026-05-01T13:35:15.406Z</time>
      </trkpt>
      <trkpt lat="51.180197" lon="12.786285">
        <ele>147.289274</ele>
        <time>2026-05-01T13:35:17.250Z</time>
      </trkpt>
      <trkpt lat="51.180367" lon="12.786626">
        <ele>147.499743</ele>
        <time>2026-05-01T13:35:23.918Z</time>
      </trkpt>
      <trkpt lat="51.179929" lon="12.787752">
        <ele>148.139898</ele>
        <time>2026-05-01T13:35:44.671Z</time>
      </trkpt>
      <trkpt lat="51.178879" lon="12.790280">
        <ele>146.975889</ele>
        <time>2026-05-01T13:36:26.974Z</time>
      </trkpt>
      <trkpt lat="51.177855" lon="12.792312">
        <ele>142.379181</ele>
        <time>2026-05-01T13:36:52.656Z</time>
      </trkpt>
      <trkpt lat="51.177775" lon="12.792488">
        <ele>141.986622</ele>
        <time>2026-05-01T13:36:54.778Z</time>
      </trkpt>
      <trkpt lat="51.177720" lon="12.792738">
        <ele>141.580902</ele>
        <time>2026-05-01T13:36:57.404Z</time>
      </trkpt>
      <trkpt lat="51.177700" lon="12.793287">
        <ele>140.877967</ele>
        <time>2026-05-01T13:37:02.926Z</time>
      </trkpt>
      <trkpt lat="51.177655" lon="12.793447">
        <ele>140.653811</ele>
        <time>2026-05-01T13:37:04.712Z</time>
      </trkpt>
      <trkpt lat="51.177510" lon="12.793779">
        <ele>140.136605</ele>
        <time>2026-05-01T13:37:08.885Z</time>
      </trkpt>
      <trkpt lat="51.177399" lon="12.793999">
        <ele>139.775629</ele>
        <time>2026-05-01T13:37:11.874Z</time>
      </trkpt>
      <trkpt lat="51.177343" lon="12.794106">
        <ele>139.597461</ele>
        <time>2026-05-01T13:37:13.450Z</time>
      </trkpt>
      <trkpt lat="51.177046" lon="12.795060">
        <ele>138.235928</ele>
        <time>2026-05-01T13:37:27.172Z</time>
      </trkpt>
      <trkpt lat="51.176789" lon="12.795698">
        <ele>137.854166</ele>
        <time>2026-05-01T13:37:36.935Z</time>
      </trkpt>
      <trkpt lat="51.176683" lon="12.795831">
        <ele>137.775475</ele>
        <time>2026-05-01T13:37:39.678Z</time>
      </trkpt>
      <trkpt lat="51.176553" lon="12.795920">
        <ele>137.692932</ele>
        <time>2026-05-01T13:37:42.603Z</time>
      </trkpt>
      <trkpt lat="51.174911" lon="12.796715">
        <ele>136.682295</ele>
        <time>2026-05-01T13:38:20.276Z</time>
      </trkpt>
      <trkpt lat="51.173856" lon="12.797233">
        <ele>136.020850</ele>
        <time>2026-05-01T13:38:42.222Z</time>
      </trkpt>
      <trkpt lat="51.173562" lon="12.797424">
        <ele>135.766888</ele>
        <time>2026-05-01T13:38:48.009Z</time>
      </trkpt>
      <trkpt lat="51.173510" lon="12.797428">
        <ele>135.720612</ele>
        <time>2026-05-01T13:38:48.922Z</time>
      </trkpt>
      <trkpt lat="51.173324" lon="12.797510">
        <ele>135.549082</ele>
        <time>2026-05-01T13:38:52.393Z</time>
      </trkpt>
      <trkpt lat="51.172411" lon="12.798343">
        <ele>134.614140</ele>
        <time>2026-05-01T13:39:11.753Z</time>
      </trkpt>
      <trkpt lat="51.172068" lon="12.798652">
        <ele>134.413054</ele>
        <time>2026-05-01T13:39:19.689Z</time>
      </trkpt>
      <trkpt lat="51.171791" lon="12.798965">
        <ele>134.562345</ele>
        <time>2026-05-01T13:39:27.094Z</time>
      </trkpt>
      <trkpt lat="51.170926" lon="12.800211">
        <ele>135.074930</ele>
        <time>2026-05-01T13:39:57.473Z</time>
      </trkpt>
      <trkpt lat="51.170196" lon="12.801061">
        <ele>135.638424</ele>
        <time>2026-05-01T13:40:22.890Z</time>
      </trkpt>
      <trkpt lat="51.169792" lon="12.801589">
        <ele>135.988148</ele>
        <time>2026-05-01T13:40:36.697Z</time>
      </trkpt>
      <trkpt lat="51.169387" lon="12.802204">
        <ele>136.356771</ele>
        <time>2026-05-01T13:40:50.221Z</time>
      </trkpt>
      <trkpt lat="51.168607" lon="12.803547">
        <ele>135.877039</ele>
        <time>2026-05-01T13:41:13.955Z</time>
      </trkpt>
      <trkpt lat="51.168099" lon="12.804329">
        <ele>135.575822</ele>
        <time>2026-05-01T13:41:27.401Z</time>
      </trkpt>
      <trkpt lat="51.167995" lon="12.804435">
        <ele>135.511748</ele>
        <time>2026-05-01T13:41:29.746Z</time>
      </trkpt>
      <trkpt lat="51.167712" lon="12.804460">
        <ele>135.364609</ele>
        <time>2026-05-01T13:41:35.151Z</time>
      </trkpt>
      <trkpt lat="51.167057" lon="12.804416">
        <ele>135.024278</ele>
        <time>2026-05-01T13:41:47.915Z</time>
      </trkpt>
      <trkpt lat="51.165618" lon="12.804331">
        <ele>134.613720</ele>
        <time>2026-05-01T13:42:19.125Z</time>
      </trkpt>
      <trkpt lat="51.165437" lon="12.804402">
        <ele>134.599133</ele>
        <time>2026-05-01T13:42:23.405Z</time>
      </trkpt>
      <trkpt lat="51.165049" lon="12.804757">
        <ele>134.564126</ele>
        <time>2026-05-01T13:42:33.683Z</time>
      </trkpt>
      <trkpt lat="51.164820" lon="12.805017">
        <ele>134.542126</ele>
        <time>2026-05-01T13:42:40.133Z</time>
      </trkpt>
      <trkpt lat="51.163556" lon="12.806923">
        <ele>134.691691</ele>
        <time>2026-05-01T13:43:19.688Z</time>
      </trkpt>
      <trkpt lat="51.163464" lon="12.806815">
        <ele>134.702897</ele>
        <time>2026-05-01T13:43:22.280Z</time>
      </trkpt>
      <trkpt lat="51.163374" lon="12.806762">
        <ele>134.712876</ele>
        <time>2026-05-01T13:43:24.443Z</time>
      </trkpt>
      <trkpt lat="51.159532" lon="12.804694">
        <ele>135.283231</ele>
        <time>2026-05-01T13:44:56.219Z</time>
      </trkpt>
      <trkpt lat="51.159484" lon="12.804819">
        <ele>135.306130</ele>
        <time>2026-05-01T13:44:58.422Z</time>
      </trkpt>
      <trkpt lat="51.158122" lon="12.807057">
        <ele>135.775930</ele>
        <time>2026-05-01T13:45:45.384Z</time>
      </trkpt>
      <trkpt lat="51.157987" lon="12.807270">
        <ele>135.818766</ele>
        <time>2026-05-01T13:45:49.551Z</time>
      </trkpt>
      <trkpt lat="51.157462" lon="12.808097">
        <ele>135.985219</ele>
        <time>2026-05-01T13:46:05.819Z</time>
      </trkpt>
      <trkpt lat="51.157289" lon="12.808456">
        <ele>136.056075</ele>
        <time>2026-05-01T13:46:11.909Z</time>
      </trkpt>
      <trkpt lat="51.157159" lon="12.808833">
        <ele>136.129052</ele>
        <time>2026-05-01T13:46:17.939Z</time>
      </trkpt>
      <trkpt lat="51.156796" lon="12.809887">
        <ele>136.333020</ele>
        <time>2026-05-01T13:46:36.210Z</time>
      </trkpt>
      <trkpt lat="51.156313" lon="12.811404">
        <ele>136.511003</ele>
        <time>2026-05-01T13:47:02.006Z</time>
      </trkpt>
      <trkpt lat="51.156300" lon="12.811514">
        <ele>136.512505</ele>
        <time>2026-05-01T13:47:03.641Z</time>
      </trkpt>
      <trkpt lat="51.155770" lon="12.813344">
        <ele>136.539562</ele>
        <time>2026-05-01T13:47:31.116Z</time>
      </trkpt>
      <trkpt lat="51.155744" lon="12.813551">
        <ele>136.512116</ele>
        <time>2026-05-01T13:47:34.037Z</time>
      </trkpt>
      <trkpt lat="51.155769" lon="12.813840">
        <ele>136.466695</ele>
        <time>2026-05-01T13:47:38.113Z</time>
      </trkpt>
      <trkpt lat="51.155894" lon="12.814597">
        <ele>136.344819</ele>
        <time>2026-05-01T13:47:48.648Z</time>
      </trkpt>
      <trkpt lat="51.156145" lon="12.815298">
        <ele>136.219146</ele>
        <time>2026-05-01T13:47:59.328Z</time>
      </trkpt>
      <trkpt lat="51.156143" lon="12.815628">
        <ele>136.167765</ele>
        <time>2026-05-01T13:48:03.634Z</time>
      </trkpt>
      <trkpt lat="51.156311" lon="12.816285">
        <ele>136.070547</ele>
        <time>2026-05-01T13:48:12.810Z</time>
      </trkpt>
      <trkpt lat="51.156346" lon="12.816504">
        <ele>136.048234</ele>
        <time>2026-05-01T13:48:15.674Z</time>
      </trkpt>
      <trkpt lat="51.156371" lon="12.816978">
        <ele>136.001269</ele>
        <time>2026-05-01T13:48:21.569Z</time>
      </trkpt>
      <trkpt lat="51.156623" lon="12.818496">
        <ele>135.846232</ele>
        <time>2026-05-01T13:48:42.351Z</time>
      </trkpt>
      <trkpt lat="51.156894" lon="12.820438">
        <ele>136.078313</ele>
        <time>2026-05-01T13:49:12.465Z</time>
      </trkpt>
      <trkpt lat="51.157041" lon="12.822075">
        <ele>136.333771</ele>
        <time>2026-05-01T13:49:37.364Z</time>
      </trkpt>
      <trkpt lat="51.157047" lon="12.822627">
        <ele>136.401949</ele>
        <time>2026-05-01T13:49:45.455Z</time>
      </trkpt>
      <trkpt lat="51.157020" lon="12.823236">
        <ele>136.477343</ele>
        <time>2026-05-01T13:49:54.372Z</time>
      </trkpt>
      <trkpt lat="51.157046" lon="12.823988">
        <ele>136.570350</ele>
        <time>2026-05-01T13:50:04.915Z</time>
      </trkpt>
      <trkpt lat="51.157067" lon="12.824234">
        <ele>136.601009</ele>
        <time>2026-05-01T13:50:08.337Z</time>
      </trkpt>
      <trkpt lat="51.157149" lon="12.824496">
        <ele>136.637098</ele>
        <time>2026-05-01T13:50:12.331Z</time>
      </trkpt>
      <trkpt lat="51.157184" lon="12.824545">
        <ele>136.641844</ele>
        <time>2026-05-01T13:50:13.365Z</time>
      </trkpt>
      <trkpt lat="51.157174" lon="12.825073">
        <ele>136.675602</ele>
        <time>2026-05-01T13:50:20.651Z</time>
      </trkpt>
      <trkpt lat="51.157246" lon="12.826106">
        <ele>136.742023</ele>
        <time>2026-05-01T13:50:35.032Z</time>
      </trkpt>
      <trkpt lat="51.157165" lon="12.826959">
        <ele>136.797156</ele>
        <time>2026-05-01T13:50:46.855Z</time>
      </trkpt>
      <trkpt lat="51.157062" lon="12.827340">
        <ele>136.837336</ele>
        <time>2026-05-01T13:50:52.710Z</time>
      </trkpt>
      <trkpt lat="51.156894" lon="12.827786">
        <ele>137.005087</ele>
        <time>2026-05-01T13:51:00.267Z</time>
      </trkpt>
      <trkpt lat="51.156551" lon="12.828526">
        <ele>137.301784</ele>
        <time>2026-05-01T13:51:14.373Z</time>
      </trkpt>
      <trkpt lat="51.156203" lon="12.829124">
        <ele>137.564822</ele>
        <time>2026-05-01T13:51:27.390Z</time>
      </trkpt>
      <trkpt lat="51.156112" lon="12.829363">
        <ele>137.654975</ele>
        <time>2026-05-01T13:51:31.952Z</time>
      </trkpt>
      <trkpt lat="51.156080" lon="12.829676">
        <ele>137.757892</ele>
        <time>2026-05-01T13:51:37.179Z</time>
      </trkpt>
      <trkpt lat="51.156080" lon="12.830222">
        <ele>137.943420</ele>
        <time>2026-05-01T13:51:46.236Z</time>
      </trkpt>
      <trkpt lat="51.156072" lon="12.830597">
        <ele>138.070917</ele>
        <time>2026-05-01T13:51:52.438Z</time>
      </trkpt>
      <trkpt lat="51.156023" lon="12.830995">
        <ele>138.208736</ele>
        <time>2026-05-01T13:51:59.032Z</time>
      </trkpt>
      <trkpt lat="51.155991" lon="12.831106">
        <ele>138.250246</ele>
        <time>2026-05-01T13:52:01.004Z</time>
      </trkpt>
      <trkpt lat="51.155935" lon="12.831219">
        <ele>138.299183</ele>
        <time>2026-05-01T13:52:03.290Z</time>
      </trkpt>
      <trkpt lat="51.155837" lon="12.831321">
        <ele>138.362587</ele>
        <time>2026-05-01T13:52:06.214Z</time>
      </trkpt>
      <trkpt lat="51.155889" lon="12.831485">
        <ele>138.425029</ele>
        <time>2026-05-01T13:52:09.060Z</time>
      </trkpt>
      <trkpt lat="51.155880" lon="12.831780">
        <ele>138.525388</ele>
        <time>2026-05-01T13:52:13.586Z</time>
      </trkpt>
      <trkpt lat="51.155866" lon="12.831900">
        <ele>138.566863</ele>
        <time>2026-05-01T13:52:15.439Z</time>
      </trkpt>
      <trkpt lat="51.155819" lon="12.832290">
        <ele>138.701807</ele>
        <time>2026-05-01T13:52:21.176Z</time>
      </trkpt>
      <trkpt lat="51.155774" lon="12.832664">
        <ele>138.683820</ele>
        <time>2026-05-01T13:52:26.536Z</time>
      </trkpt>
      <trkpt lat="51.155704" lon="12.833326">
        <ele>138.611169</ele>
        <time>2026-05-01T13:52:35.573Z</time>
      </trkpt>
      <trkpt lat="51.155715" lon="12.833493">
        <ele>138.592998</ele>
        <time>2026-05-01T13:52:37.782Z</time>
      </trkpt>
      <trkpt lat="51.155766" lon="12.833625">
        <ele>138.576220</ele>
        <time>2026-05-01T13:52:39.798Z</time>
      </trkpt>
      <trkpt lat="51.155715" lon="12.833754">
        <ele>138.559718</ele>
        <time>2026-05-01T13:52:41.723Z</time>
      </trkpt>
      <trkpt lat="51.155633" lon="12.833828">
        <ele>138.543461</ele>
        <time>2026-05-01T13:52:43.684Z</time>
      </trkpt>
      <trkpt lat="51.155151" lon="12.833888">
        <ele>138.460044</ele>
        <time>2026-05-01T13:52:53.475Z</time>
      </trkpt>
      <trkpt lat="51.155054" lon="12.833928">
        <ele>138.442757</ele>
        <time>2026-05-01T13:52:55.482Z</time>
      </trkpt>
      <trkpt lat="51.155010" lon="12.834003">
        <ele>138.431643</ele>
        <time>2026-05-01T13:52:56.728Z</time>
      </trkpt>
      <trkpt lat="51.154743" lon="12.835229">
        <ele>138.453769</ele>
        <time>2026-05-01T13:53:13.358Z</time>
      </trkpt>
      <trkpt lat="51.154547" lon="12.835785">
        <ele>138.479931</ele>
        <time>2026-05-01T13:53:22.224Z</time>
      </trkpt>
      <trkpt lat="51.154396" lon="12.836303">
        <ele>138.503361</ele>
        <time>2026-05-01T13:53:30.741Z</time>
      </trkpt>
      <trkpt lat="51.154274" lon="12.836917">
        <ele>138.552989</ele>
        <time>2026-05-01T13:53:40.711Z</time>
      </trkpt>
      <trkpt lat="51.154258" lon="12.837198">
        <ele>138.652113</ele>
        <time>2026-05-01T13:53:45.210Z</time>
      </trkpt>
      <trkpt lat="51.154299" lon="12.838133">
        <ele>138.981390</ele>
        <time>2026-05-01T13:54:00.558Z</time>
      </trkpt>
      <trkpt lat="51.154337" lon="12.838516">
        <ele>139.117615</ele>
        <time>2026-05-01T13:54:06.748Z</time>
      </trkpt>
      <trkpt lat="51.154591" lon="12.839567">
        <ele>139.513300</ele>
        <time>2026-05-01T13:54:24.375Z</time>
      </trkpt>
      <trkpt lat="51.154792" lon="12.840393">
        <ele>139.659418</ele>
        <time>2026-05-01T13:54:37.657Z</time>
      </trkpt>
      <trkpt lat="51.154955" lon="12.841164">
        <ele>139.782720</ele>
        <time>2026-05-01T13:54:49.587Z</time>
      </trkpt>
      <trkpt lat="51.155085" lon="12.841838">
        <ele>139.889584</ele>
        <time>2026-05-01T13:54:59.672Z</time>
      </trkpt>
      <trkpt lat="51.155273" lon="12.843291">
        <ele>139.854743</ele>
        <time>2026-05-01T13:55:20.604Z</time>
      </trkpt>
      <trkpt lat="51.155280" lon="12.843338">
        <ele>139.849016</ele>
        <time>2026-05-01T13:55:21.255Z</time>
      </trkpt>
      <trkpt lat="51.155331" lon="12.843584">
        <ele>139.818298</ele>
        <time>2026-05-01T13:55:24.726Z</time>
      </trkpt>
      <trkpt lat="51.155489" lon="12.844340">
        <ele>139.723823</ele>
        <time>2026-05-01T13:55:35.090Z</time>
      </trkpt>
      <trkpt lat="51.155583" lon="12.844891">
        <ele>139.656124</ele>
        <time>2026-05-01T13:55:42.372Z</time>
      </trkpt>
      <trkpt lat="51.155597" lon="12.845655">
        <ele>139.548775</ele>
        <time>2026-05-01T13:55:52.208Z</time>
      </trkpt>
      <trkpt lat="51.155822" lon="12.846167">
        <ele>139.455043</ele>
        <time>2026-05-01T13:56:00.156Z</time>
      </trkpt>
      <trkpt lat="51.156089" lon="12.846661">
        <ele>139.357270</ele>
        <time>2026-05-01T13:56:08.626Z</time>
      </trkpt>
      <trkpt lat="51.156656" lon="12.847574">
        <ele>139.208240</ele>
        <time>2026-05-01T13:56:26.465Z</time>
      </trkpt>
      <trkpt lat="51.157198" lon="12.848178">
        <ele>139.252068</ele>
        <time>2026-05-01T13:56:41.531Z</time>
      </trkpt>
      <trkpt lat="51.158017" lon="12.849414">
        <ele>139.339942</ele>
        <time>2026-05-01T13:57:07.279Z</time>
      </trkpt>
      <trkpt lat="51.158183" lon="12.849808">
        <ele>139.389035</ele>
        <time>2026-05-01T13:57:14.127Z</time>
      </trkpt>
      <trkpt lat="51.159038" lon="12.852409">
        <ele>139.655499</ele>
        <time>2026-05-01T13:57:56.256Z</time>
      </trkpt>
      <trkpt lat="51.159354" lon="12.853092">
        <ele>139.701424</ele>
        <time>2026-05-01T13:58:08.313Z</time>
      </trkpt>
      <trkpt lat="51.159910" lon="12.854165">
        <ele>139.773214</ele>
        <time>2026-05-01T13:58:27.931Z</time>
      </trkpt>
      <trkpt lat="51.160894" lon="12.856123">
        <ele>139.840105</ele>
        <time>2026-05-01T13:59:02.834Z</time>
      </trkpt>
      <trkpt lat="51.161048" lon="12.856482">
        <ele>139.866075</ele>
        <time>2026-05-01T13:59:08.835Z</time>
      </trkpt>
      <trkpt lat="51.161421" lon="12.858085">
        <ele>140.031900</ele>
        <time>2026-05-01T13:59:34.282Z</time>
      </trkpt>
      <trkpt lat="51.161511" lon="12.858368">
        <ele>140.062674</ele>
        <time>2026-05-01T13:59:39.246Z</time>
      </trkpt>
      <trkpt lat="51.161590" lon="12.858478">
        <ele>140.078894</ele>
        <time>2026-05-01T13:59:41.833Z</time>
      </trkpt>
      <trkpt lat="51.162131" lon="12.858714">
        <ele>140.042357</ele>
        <time>2026-05-01T13:59:55.017Z</time>
      </trkpt>
      <trkpt lat="51.162322" lon="12.858913">
        <ele>139.972120</ele>
        <time>2026-05-01T13:59:59.691Z</time>
      </trkpt>
      <trkpt lat="51.162639" lon="12.859575">
        <ele>139.811320</ele>
        <time>2026-05-01T14:00:10.441Z</time>
      </trkpt>
      <trkpt lat="51.162699" lon="12.859743">
        <ele>139.773996</ele>
        <time>2026-05-01T14:00:12.948Z</time>
      </trkpt>
      <trkpt lat="51.162737" lon="12.859999">
        <ele>139.723209</ele>
        <time>2026-05-01T14:00:16.297Z</time>
      </trkpt>
      <trkpt lat="51.162698" lon="12.860205">
        <ele>139.681667</ele>
        <time>2026-05-01T14:00:18.954Z</time>
      </trkpt>
      <trkpt lat="51.162427" lon="12.860517">
        <ele>139.578770</ele>
        <time>2026-05-01T14:00:25.458Z</time>
      </trkpt>
      <trkpt lat="51.162357" lon="12.860638">
        <ele>139.551961</ele>
        <time>2026-05-01T14:00:27.451Z</time>
      </trkpt>
      <trkpt lat="51.162233" lon="12.860985">
        <ele>139.491020</ele>
        <time>2026-05-01T14:00:32.323Z</time>
      </trkpt>
      <trkpt lat="51.162208" lon="12.861171">
        <ele>139.461994</ele>
        <time>2026-05-01T14:00:34.647Z</time>
      </trkpt>
      <trkpt lat="51.162398" lon="12.862587">
        <ele>139.241041</ele>
        <time>2026-05-01T14:00:54.545Z</time>
      </trkpt>
      <trkpt lat="51.162697" lon="12.863967">
        <ele>139.240067</ele>
        <time>2026-05-01T14:01:14.537Z</time>
      </trkpt>
      <trkpt lat="51.162913" lon="12.865667">
        <ele>139.486714</ele>
        <time>2026-05-01T14:01:40.086Z</time>
      </trkpt>
      <trkpt lat="51.163146" lon="12.866964">
        <ele>139.897312</ele>
        <time>2026-05-01T14:02:00.754Z</time>
      </trkpt>
      <trkpt lat="51.163553" lon="12.868304">
        <ele>140.445487</ele>
        <time>2026-05-01T14:02:24.057Z</time>
      </trkpt>
      <trkpt lat="51.163613" lon="12.868851">
        <ele>140.647960</ele>
        <time>2026-05-01T14:02:32.976Z</time>
      </trkpt>
      <trkpt lat="51.163671" lon="12.869110">
        <ele>140.745445</ele>
        <time>2026-05-01T14:02:37.390Z</time>
      </trkpt>
      <trkpt lat="51.163761" lon="12.869317">
        <ele>140.834729</ele>
        <time>2026-05-01T14:02:41.413Z</time>
      </trkpt>
      <trkpt lat="51.164314" lon="12.870059">
        <ele>141.243240</ele>
        <time>2026-05-01T14:02:59.734Z</time>
      </trkpt>
      <trkpt lat="51.164475" lon="12.870230">
        <ele>141.352582</ele>
        <time>2026-05-01T14:03:04.555Z</time>
      </trkpt>
      <trkpt lat="51.164530" lon="12.870252">
        <ele>141.384633</ele>
        <time>2026-05-01T14:03:05.955Z</time>
      </trkpt>
      <trkpt lat="51.164616" lon="12.870344">
        <ele>141.443169</ele>
        <time>2026-05-01T14:03:08.512Z</time>
      </trkpt>
      <trkpt lat="51.164984" lon="12.871390">
        <ele>141.619138</ele>
        <time>2026-05-01T14:03:26.254Z</time>
      </trkpt>
      <trkpt lat="51.165175" lon="12.871802">
        <ele>141.623102</ele>
        <time>2026-05-01T14:03:33.454Z</time>
      </trkpt>
      <trkpt lat="51.166080" lon="12.873273">
        <ele>141.592673</ele>
        <time>2026-05-01T14:04:00.998Z</time>
      </trkpt>
      <trkpt lat="51.166208" lon="12.873435">
        <ele>141.566151</ele>
        <time>2026-05-01T14:04:04.359Z</time>
      </trkpt>
      <trkpt lat="51.166430" lon="12.873617">
        <ele>141.525637</ele>
        <time>2026-05-01T14:04:09.470Z</time>
      </trkpt>
      <trkpt lat="51.167624" lon="12.873738">
        <ele>141.374883</ele>
        <time>2026-05-01T14:04:34.367Z</time>
      </trkpt>
      <trkpt lat="51.168104" lon="12.873919">
        <ele>141.575510</ele>
        <time>2026-05-01T14:04:45.503Z</time>
      </trkpt>
      <trkpt lat="51.168719" lon="12.874370">
        <ele>141.850845</ele>
        <time>2026-05-01T14:05:02.123Z</time>
      </trkpt>
      <trkpt lat="51.169055" lon="12.874777">
        <ele>142.022467</ele>
        <time>2026-05-01T14:05:13.115Z</time>
      </trkpt>
      <trkpt lat="51.169260" lon="12.875101">
        <ele>142.201729</ele>
        <time>2026-05-01T14:05:20.802Z</time>
      </trkpt>
      <trkpt lat="51.169536" lon="12.875750">
        <ele>142.593841</ele>
        <time>2026-05-01T14:05:33.961Z</time>
      </trkpt>
      <trkpt lat="51.169847" lon="12.876636">
        <ele>143.101554</ele>
        <time>2026-05-01T14:05:50.962Z</time>
      </trkpt>
      <trkpt lat="51.169946" lon="12.876753">
        <ele>143.199815</ele>
        <time>2026-05-01T14:05:54.171Z</time>
      </trkpt>
      <trkpt lat="51.170107" lon="12.876821">
        <ele>143.332632</ele>
        <time>2026-05-01T14:05:58.465Z</time>
      </trkpt>
      <trkpt lat="51.170879" lon="12.876805">
        <ele>143.647730</ele>
        <time>2026-05-01T14:06:17.410Z</time>
      </trkpt>
      <trkpt lat="51.170870" lon="12.876924">
        <ele>143.666582</ele>
        <time>2026-05-01T14:06:19.155Z</time>
      </trkpt>
      <trkpt lat="51.170871" lon="12.877102">
        <ele>143.694577</ele>
        <time>2026-05-01T14:06:21.757Z</time>
      </trkpt>
      <trkpt lat="51.170859" lon="12.877238">
        <ele>143.716177</ele>
        <time>2026-05-01T14:06:23.752Z</time>
      </trkpt>
      <trkpt lat="51.170311" lon="12.879550">
        <ele>143.926065</ele>
        <time>2026-05-01T14:06:57.864Z</time>
      </trkpt>
      <trkpt lat="51.170296" lon="12.879696">
        <ele>143.920425</ele>
        <time>2026-05-01T14:06:59.987Z</time>
      </trkpt>
      <trkpt lat="51.170313" lon="12.879993">
        <ele>143.909056</ele>
        <time>2026-05-01T14:07:04.213Z</time>
      </trkpt>
      <trkpt lat="51.170450" lon="12.880785">
        <ele>143.877735</ele>
        <time>2026-05-01T14:07:15.138Z</time>
      </trkpt>
      <trkpt lat="51.170581" lon="12.881537">
        <ele>143.850846</ele>
        <time>2026-05-01T14:07:25.467Z</time>
      </trkpt>
      <trkpt lat="51.170718" lon="12.882076">
        <ele>143.846222</ele>
        <time>2026-05-01T14:07:33.306Z</time>
      </trkpt>
      <trkpt lat="51.170807" lon="12.882320">
        <ele>143.843978</ele>
        <time>2026-05-01T14:07:37.130Z</time>
      </trkpt>
      <trkpt lat="51.170972" lon="12.882750">
        <ele>143.839970</ele>
        <time>2026-05-01T14:07:43.913Z</time>
      </trkpt>
      <trkpt lat="51.171148" lon="12.883031">
        <ele>143.836813</ele>
        <time>2026-05-01T14:07:49.182Z</time>
      </trkpt>
      <trkpt lat="51.171368" lon="12.883218">
        <ele>143.833652</ele>
        <time>2026-05-01T14:07:54.502Z</time>
      </trkpt>
      <trkpt lat="51.171755" lon="12.883461">
        <ele>143.846817</ele>
        <time>2026-05-01T14:08:04.096Z</time>
      </trkpt>
      <trkpt lat="51.172796" lon="12.884909">
        <ele>144.604254</ele>
        <time>2026-05-01T14:08:37.529Z</time>
      </trkpt>
      <trkpt lat="51.174122" lon="12.886148">
        <ele>145.719872</ele>
        <time>2026-05-01T14:09:17.652Z</time>
      </trkpt>
      <trkpt lat="51.174544" lon="12.886596">
        <ele>146.117911</ele>
        <time>2026-05-01T14:09:30.618Z</time>
      </trkpt>
      <trkpt lat="51.175083" lon="12.887197">
        <ele>146.506948</ele>
        <time>2026-05-01T14:09:47.426Z</time>
      </trkpt>
      <trkpt lat="51.175527" lon="12.887567">
        <ele>146.777186</ele>
        <time>2026-05-01T14:10:00.151Z</time>
      </trkpt>
      <trkpt lat="51.175858" lon="12.887733">
        <ele>146.964365</ele>
        <time>2026-05-01T14:10:08.814Z</time>
      </trkpt>
      <trkpt lat="51.176493" lon="12.887920">
        <ele>147.128647</ele>
        <time>2026-05-01T14:10:24.175Z</time>
      </trkpt>
      <trkpt lat="51.176645" lon="12.888072">
        <ele>147.070552</ele>
        <time>2026-05-01T14:10:28.136Z</time>
      </trkpt>
      <trkpt lat="51.176720" lon="12.888226">
        <ele>147.030963</ele>
        <time>2026-05-01T14:10:30.777Z</time>
      </trkpt>
      <trkpt lat="51.176790" lon="12.888495">
        <ele>146.971834</ele>
        <time>2026-05-01T14:10:34.612Z</time>
      </trkpt>
      <trkpt lat="51.176838" lon="12.888830">
        <ele>146.902070</ele>
        <time>2026-05-01T14:10:39.049Z</time>
      </trkpt>
      <trkpt lat="51.177000" lon="12.890318">
        <ele>146.562055</ele>
        <time>2026-05-01T14:10:57.907Z</time>
      </trkpt>
      <trkpt lat="51.177076" lon="12.890792">
        <ele>146.294920</ele>
        <time>2026-05-01T14:11:03.926Z</time>
      </trkpt>
      <trkpt lat="51.177481" lon="12.893086">
        <ele>145.018725</ele>
        <time>2026-05-01T14:11:32.514Z</time>
      </trkpt>
      <trkpt lat="51.177541" lon="12.893334">
        <ele>144.939603</ele>
        <time>2026-05-01T14:11:35.700Z</time>
      </trkpt>
      <trkpt lat="51.177498" lon="12.893525">
        <ele>144.879198</ele>
        <time>2026-05-01T14:11:38.300Z</time>
      </trkpt>
      <trkpt lat="51.177465" lon="12.893555">
        <ele>144.861164</ele>
        <time>2026-05-01T14:11:39.056Z</time>
      </trkpt>
      <trkpt lat="51.176965" lon="12.894135">
        <ele>144.567638</ele>
        <time>2026-05-01T14:11:51.406Z</time>
      </trkpt>
      <trkpt lat="51.176849" lon="12.894274">
        <ele>144.498754</ele>
        <time>2026-05-01T14:11:54.505Z</time>
      </trkpt>
      <trkpt lat="51.176760" lon="12.894418">
        <ele>144.438566</ele>
        <time>2026-05-01T14:11:57.218Z</time>
      </trkpt>
      <trkpt lat="51.176696" lon="12.894505">
        <ele>144.398642</ele>
        <time>2026-05-01T14:11:59.079Z</time>
      </trkpt>
      <trkpt lat="51.176508" lon="12.894694">
        <ele>144.293134</ele>
        <time>2026-05-01T14:12:03.821Z</time>
      </trkpt>
      <trkpt lat="51.175570" lon="12.895435">
        <ele>144.261763</ele>
        <time>2026-05-01T14:12:27.961Z</time>
      </trkpt>
      <trkpt lat="51.175468" lon="12.895508">
        <ele>144.270683</ele>
        <time>2026-05-01T14:12:30.698Z</time>
      </trkpt>
      <trkpt lat="51.175505" lon="12.895656">
        <ele>144.278653</ele>
        <time>2026-05-01T14:12:33.083Z</time>
      </trkpt>
      <trkpt lat="51.175778" lon="12.896866">
        <ele>144.338046</ele>
        <time>2026-05-01T14:12:52.241Z</time>
      </trkpt>
      <trkpt lat="51.175795" lon="12.896960">
        <ele>144.337799</ele>
        <time>2026-05-01T14:12:53.717Z</time>
      </trkpt>
      <trkpt lat="51.175790" lon="12.897079">
        <ele>144.337497</ele>
        <time>2026-05-01T14:12:55.552Z</time>
      </trkpt>
      <trkpt lat="51.175839" lon="12.897165">
        <ele>144.337204</ele>
        <time>2026-05-01T14:12:57.334Z</time>
      </trkpt>
      <trkpt lat="51.175934" lon="12.897665">
        <ele>144.335884</ele>
        <time>2026-05-01T14:13:05.218Z</time>
      </trkpt>
      <trkpt lat="51.176115" lon="12.898542">
        <ele>144.333553</ele>
        <time>2026-05-01T14:13:18.021Z</time>
      </trkpt>
      <trkpt lat="51.176125" lon="12.899021">
        <ele>144.332342</ele>
        <time>2026-05-01T14:13:24.170Z</time>
      </trkpt>
      <trkpt lat="51.176075" lon="12.899391">
        <ele>144.331386</ele>
        <time>2026-05-01T14:13:29.068Z</time>
      </trkpt>
      <trkpt lat="51.175974" lon="12.899878">
        <ele>144.308993</ele>
        <time>2026-05-01T14:13:35.798Z</time>
      </trkpt>
      <trkpt lat="51.175902" lon="12.900051">
        <ele>144.296776</ele>
        <time>2026-05-01T14:13:38.485Z</time>
      </trkpt>
      <trkpt lat="51.175611" lon="12.900240">
        <ele>144.267290</ele>
        <time>2026-05-01T14:13:44.906Z</time>
      </trkpt>
      <trkpt lat="51.175012" lon="12.900582">
        <ele>144.207583</ele>
        <time>2026-05-01T14:13:58.303Z</time>
      </trkpt>
      <trkpt lat="51.174757" lon="12.900819">
        <ele>144.179887</ele>
        <time>2026-05-01T14:14:04.905Z</time>
      </trkpt>
      <trkpt lat="51.174380" lon="12.901392">
        <ele>144.314988</ele>
        <time>2026-05-01T14:14:17.341Z</time>
      </trkpt>
      <trkpt lat="51.174029" lon="12.902106">
        <ele>144.576126</ele>
        <time>2026-05-01T14:14:31.056Z</time>
      </trkpt>
      <trkpt lat="51.173999" lon="12.902225">
        <ele>144.613041</ele>
        <time>2026-05-01T14:14:33.002Z</time>
      </trkpt>
      <trkpt lat="51.173976" lon="12.902495">
        <ele>144.691465</ele>
        <time>2026-05-01T14:14:37.172Z</time>
      </trkpt>
      <trkpt lat="51.173982" lon="12.904349">
        <ele>145.302923</ele>
        <time>2026-05-01T14:15:05.827Z</time>
      </trkpt>
      <trkpt lat="51.173859" lon="12.905928">
        <ele>145.911202</ele>
        <time>2026-05-01T14:15:30.803Z</time>
      </trkpt>
      <trkpt lat="51.173757" lon="12.906539">
        <ele>146.137054</ele>
        <time>2026-05-01T14:15:40.926Z</time>
      </trkpt>
      <trkpt lat="51.173661" lon="12.906915">
        <ele>146.256178</ele>
        <time>2026-05-01T14:15:47.505Z</time>
      </trkpt>
      <trkpt lat="51.173392" lon="12.907599">
        <ele>146.493096</ele>
        <time>2026-05-01T14:16:00.757Z</time>
      </trkpt>
      <trkpt lat="51.173493" lon="12.907800">
        <ele>146.568678</ele>
        <time>2026-05-01T14:16:04.887Z</time>
      </trkpt>
      <trkpt lat="51.173500" lon="12.907877">
        <ele>146.591508</ele>
        <time>2026-05-01T14:16:06.114Z</time>
      </trkpt>
      <trkpt lat="51.173472" lon="12.907958">
        <ele>146.618649</ele>
        <time>2026-05-01T14:16:07.564Z</time>
      </trkpt>
      <trkpt lat="51.173275" lon="12.908348">
        <ele>146.765604</ele>
        <time>2026-05-01T14:16:15.212Z</time>
      </trkpt>
      <trkpt lat="51.173181" lon="12.908599">
        <ele>146.851392</ele>
        <time>2026-05-01T14:16:19.489Z</time>
      </trkpt>
      <trkpt lat="51.173098" lon="12.908857">
        <ele>146.918945</ele>
        <time>2026-05-01T14:16:23.584Z</time>
      </trkpt>
      <trkpt lat="51.173091" lon="12.908990">
        <ele>146.889689</ele>
        <time>2026-05-01T14:16:25.423Z</time>
      </trkpt>
      <trkpt lat="51.173620" lon="12.910323">
        <ele>146.543882</ele>
        <time>2026-05-01T14:16:45.565Z</time>
      </trkpt>
      <trkpt lat="51.173632" lon="12.910513">
        <ele>146.502024</ele>
        <time>2026-05-01T14:16:47.878Z</time>
      </trkpt>
      <trkpt lat="51.173600" lon="12.910597">
        <ele>146.480479</ele>
        <time>2026-05-01T14:16:49.048Z</time>
      </trkpt>
      <trkpt lat="51.173522" lon="12.910686">
        <ele>146.446949</ele>
        <time>2026-05-01T14:16:50.913Z</time>
      </trkpt>
      <trkpt lat="51.173430" lon="12.910782">
        <ele>146.408512</ele>
        <time>2026-05-01T14:16:53.050Z</time>
      </trkpt>
      <trkpt lat="51.173285" lon="12.910926">
        <ele>146.348793</ele>
        <time>2026-05-01T14:16:56.405Z</time>
      </trkpt>
      <trkpt lat="51.173627" lon="12.911733">
        <ele>146.217861</ele>
        <time>2026-05-01T14:17:08.772Z</time>
      </trkpt>
      <trkpt lat="51.173638" lon="12.911801">
        <ele>146.210299</ele>
        <time>2026-05-01T14:17:09.683Z</time>
      </trkpt>
      <trkpt lat="51.173615" lon="12.911902">
        <ele>146.198728</ele>
        <time>2026-05-01T14:17:11.094Z</time>
      </trkpt>
      <trkpt lat="51.173203" lon="12.913306">
        <ele>146.031802</ele>
        <time>2026-05-01T14:17:32.380Z</time>
      </trkpt>
      <trkpt lat="51.172896" lon="12.914111">
        <ele>146.083607</ele>
        <time>2026-05-01T14:17:45.947Z</time>
      </trkpt>
      <trkpt lat="51.172594" lon="12.914769">
        <ele>146.226473</ele>
        <time>2026-05-01T14:17:57.785Z</time>
      </trkpt>
      <trkpt lat="51.171971" lon="12.915908">
        <ele>146.491297</ele>
        <time>2026-05-01T14:18:20.091Z</time>
      </trkpt>
      <trkpt lat="51.171770" lon="12.916210">
        <ele>146.726071</ele>
        <time>2026-05-01T14:18:26.802Z</time>
      </trkpt>
      <trkpt lat="51.171639" lon="12.916291">
        <ele>146.845523</ele>
        <time>2026-05-01T14:18:30.261Z</time>
      </trkpt>
      <trkpt lat="51.171584" lon="12.916285">
        <ele>146.892393</ele>
        <time>2026-05-01T14:18:31.625Z</time>
      </trkpt>
      <trkpt lat="51.171296" lon="12.916047">
        <ele>147.168165</ele>
        <time>2026-05-01T14:18:39.706Z</time>
      </trkpt>
      <trkpt lat="51.171108" lon="12.915896">
        <ele>147.347125</ele>
        <time>2026-05-01T14:18:45.008Z</time>
      </trkpt>
      <trkpt lat="51.170984" lon="12.915883">
        <ele>147.452777</ele>
        <time>2026-05-01T14:18:48.211Z</time>
      </trkpt>
      <trkpt lat="51.170891" lon="12.915915">
        <ele>147.533664</ele>
        <time>2026-05-01T14:18:50.690Z</time>
      </trkpt>
      <trkpt lat="51.170803" lon="12.915991">
        <ele>147.618746</ele>
        <time>2026-05-01T14:18:53.341Z</time>
      </trkpt>
      <trkpt lat="51.170724" lon="12.916142">
        <ele>147.723581</ele>
        <time>2026-05-01T14:18:56.649Z</time>
      </trkpt>
      <trkpt lat="51.170520" lon="12.916666">
        <ele>148.092916</ele>
        <time>2026-05-01T14:19:07.125Z</time>
      </trkpt>
      <trkpt lat="51.170348" lon="12.917102">
        <ele>148.716474</ele>
        <time>2026-05-01T14:19:15.989Z</time>
      </trkpt>
      <trkpt lat="51.170256" lon="12.917210">
        <ele>148.937019</ele>
        <time>2026-05-01T14:19:19.099Z</time>
      </trkpt>
      <trkpt lat="51.170161" lon="12.917244">
        <ele>149.124990</ele>
        <time>2026-05-01T14:19:21.744Z</time>
      </trkpt>
      <trkpt lat="51.169795" lon="12.917160">
        <ele>149.838878</ele>
        <time>2026-05-01T14:19:31.487Z</time>
      </trkpt>
      <trkpt lat="51.169696" lon="12.917182">
        <ele>150.031856</ele>
        <time>2026-05-01T14:19:34.125Z</time>
      </trkpt>
      <trkpt lat="51.169564" lon="12.917269">
        <ele>150.307603</ele>
        <time>2026-05-01T14:19:38.180Z</time>
      </trkpt>
      <trkpt lat="51.169385" lon="12.917519">
        <ele>150.766967</ele>
        <time>2026-05-01T14:19:45.576Z</time>
      </trkpt>
      <trkpt lat="51.168962" lon="12.918356">
        <ele>152.517528</ele>
        <time>2026-05-01T14:20:08.675Z</time>
      </trkpt>
      <trkpt lat="51.168701" lon="12.917927">
        <ele>153.806084</ele>
        <time>2026-05-01T14:20:21.656Z</time>
      </trkpt>
      <trkpt lat="51.168460" lon="12.917413">
        <ele>155.189631</ele>
        <time>2026-05-01T14:20:37.830Z</time>
      </trkpt>
      <trkpt lat="51.168000" lon="12.918023">
        <ele>157.246365</ele>
        <time>2026-05-01T14:21:03.035Z</time>
      </trkpt>
      <trkpt lat="51.167736" lon="12.918477">
        <ele>158.395210</ele>
        <time>2026-05-01T14:21:16.818Z</time>
      </trkpt>
      <trkpt lat="51.167645" lon="12.919192">
        <ele>159.644705</ele>
        <time>2026-05-01T14:21:32.524Z</time>
      </trkpt>
      <trkpt lat="51.167281" lon="12.920064">
        <ele>161.438775</ele>
        <time>2026-05-01T14:21:58.173Z</time>
      </trkpt>
      <trkpt lat="51.167157" lon="12.920265">
        <ele>161.921687</ele>
        <time>2026-05-01T14:22:04.171Z</time>
      </trkpt>
      <trkpt lat="51.166629" lon="12.920821">
        <ele>162.711639</ele>
        <time>2026-05-01T14:22:21.037Z</time>
      </trkpt>
      <trkpt lat="51.166410" lon="12.921109">
        <ele>162.801154</ele>
        <time>2026-05-01T14:22:27.022Z</time>
      </trkpt>
      <trkpt lat="51.166273" lon="12.921312">
        <ele>162.860128</ele>
        <time>2026-05-01T14:22:30.682Z</time>
      </trkpt>
      <trkpt lat="51.166007" lon="12.921896">
        <ele>163.002861</ele>
        <time>2026-05-01T14:22:38.661Z</time>
      </trkpt>
      <trkpt lat="51.165869" lon="12.922122">
        <ele>163.065240</ele>
        <time>2026-05-01T14:22:41.993Z</time>
      </trkpt>
      <trkpt lat="51.165756" lon="12.922281">
        <ele>163.112762</ele>
        <time>2026-05-01T14:22:44.553Z</time>
      </trkpt>
      <trkpt lat="51.165520" lon="12.922567">
        <ele>163.452527</ele>
        <time>2026-05-01T14:22:49.776Z</time>
      </trkpt>
      <trkpt lat="51.165542" lon="12.922677">
        <ele>163.588155</ele>
        <time>2026-05-01T14:22:51.136Z</time>
      </trkpt>
      <trkpt lat="51.165528" lon="12.922821">
        <ele>163.759330</ele>
        <time>2026-05-01T14:22:52.942Z</time>
      </trkpt>
      <trkpt lat="51.165394" lon="12.923155">
        <ele>164.225103</ele>
        <time>2026-05-01T14:22:58.862Z</time>
      </trkpt>
      <trkpt lat="51.164892" lon="12.924065">
        <ele>165.648836</ele>
        <time>2026-05-01T14:23:26.301Z</time>
      </trkpt>
      <trkpt lat="51.164418" lon="12.924810">
        <ele>166.616622</ele>
        <time>2026-05-01T14:23:55.080Z</time>
      </trkpt>
      <trkpt lat="51.163762" lon="12.925511">
        <ele>166.980151</ele>
        <time>2026-05-01T14:24:24.211Z</time>
      </trkpt>
      <trkpt lat="51.161324" lon="12.929006">
        <ele>162.499117</ele>
        <time>2026-05-01T14:25:27.578Z</time>
      </trkpt>
      <trkpt lat="51.161346" lon="12.929168">
        <ele>162.110056</ele>
        <time>2026-05-01T14:25:29.020Z</time>
      </trkpt>
      <trkpt lat="51.161370" lon="12.929275">
        <ele>161.843325</ele>
        <time>2026-05-01T14:25:30.030Z</time>
      </trkpt>
      <trkpt lat="51.162076" lon="12.928846">
        <ele>159.015565</ele>
        <time>2026-05-01T14:25:40.458Z</time>
      </trkpt>
      <trkpt lat="51.162711" lon="12.928458">
        <ele>156.497832</ele>
        <time>2026-05-01T14:25:49.944Z</time>
      </trkpt>
      <trkpt lat="51.162865" lon="12.929163">
        <ele>154.772337</ele>
        <time>2026-05-01T14:25:57.205Z</time>
      </trkpt>
      <trkpt lat="51.162911" lon="12.929538">
        <ele>153.889173</ele>
        <time>2026-05-01T14:26:01.266Z</time>
      </trkpt>
      <trkpt lat="51.162883" lon="12.929858">
        <ele>153.142392</ele>
        <time>2026-05-01T14:26:04.783Z</time>
      </trkpt>
      <trkpt lat="51.162779" lon="12.930222">
        <ele>152.217873</ele>
        <time>2026-05-01T14:26:09.336Z</time>
      </trkpt>
      <trkpt lat="51.162640" lon="12.930476">
        <ele>151.659479</ele>
        <time>2026-05-01T14:26:13.432Z</time>
      </trkpt>
      <trkpt lat="51.162436" lon="12.930718">
        <ele>151.756241</ele>
        <time>2026-05-01T14:26:19.078Z</time>
      </trkpt>
      <trkpt lat="51.162218" lon="12.930858">
        <ele>151.845680</ele>
        <time>2026-05-01T14:26:24.910Z</time>
      </trkpt>
      <trkpt lat="51.161541" lon="12.930948">
        <ele>152.104216</ele>
        <time>2026-05-01T14:26:44.596Z</time>
      </trkpt>
      <trkpt lat="51.161356" lon="12.930978">
        <ele>152.174984</ele>
        <time>2026-05-01T14:26:50.155Z</time>
      </trkpt>
      <trkpt lat="51.161198" lon="12.931048">
        <ele>152.237391</ele>
        <time>2026-05-01T14:26:55.055Z</time>
      </trkpt>
      <trkpt lat="51.161108" lon="12.931114">
        <ele>152.275090</ele>
        <time>2026-05-01T14:26:58.003Z</time>
      </trkpt>
      <trkpt lat="51.160955" lon="12.931322">
        <ele>152.426741</ele>
        <time>2026-05-01T14:27:03.757Z</time>
      </trkpt>
      <trkpt lat="51.160808" lon="12.931648">
        <ele>152.777085</ele>
        <time>2026-05-01T14:27:10.767Z</time>
      </trkpt>
      <trkpt lat="51.160621" lon="12.932354">
        <ele>153.445794</ele>
        <time>2026-05-01T14:27:23.375Z</time>
      </trkpt>
      <trkpt lat="51.160473" lon="12.933124">
        <ele>154.148504</ele>
        <time>2026-05-01T14:27:36.457Z</time>
      </trkpt>
      <trkpt lat="51.160449" lon="12.933705">
        <ele>154.656556</ele>
        <time>2026-05-01T14:27:46.417Z</time>
      </trkpt>
      <trkpt lat="51.160462" lon="12.934229">
        <ele>155.250264</ele>
        <time>2026-05-01T14:27:56.008Z</time>
      </trkpt>
      <trkpt lat="51.160178" lon="12.934311">
        <ele>155.841417</ele>
        <time>2026-05-01T14:28:05.009Z</time>
      </trkpt>
      <trkpt lat="51.160070" lon="12.934332">
        <ele>156.064264</ele>
        <time>2026-05-01T14:28:08.550Z</time>
      </trkpt>
      <trkpt lat="51.159993" lon="12.934363">
        <ele>156.226926</ele>
        <time>2026-05-01T14:28:11.023Z</time>
      </trkpt>
      <trkpt lat="51.159941" lon="12.934463">
        <ele>156.393791</ele>
        <time>2026-05-01T14:28:13.613Z</time>
      </trkpt>
      <trkpt lat="51.159744" lon="12.935315">
        <ele>157.560231</ele>
        <time>2026-05-01T14:28:32.161Z</time>
      </trkpt>
      <trkpt lat="51.159624" lon="12.935825">
        <ele>158.259937</ele>
        <time>2026-05-01T14:28:43.562Z</time>
      </trkpt>
      <trkpt lat="51.159742" lon="12.935955">
        <ele>158.541190</ele>
        <time>2026-05-01T14:28:48.190Z</time>
      </trkpt>
      <trkpt lat="51.159779" lon="12.936327">
        <ele>158.887068</ele>
        <time>2026-05-01T14:28:55.448Z</time>
      </trkpt>
      <trkpt lat="51.159794" lon="12.936770">
        <ele>159.294469</ele>
        <time>2026-05-01T14:29:03.924Z</time>
      </trkpt>
      <trkpt lat="51.159830" lon="12.937633">
        <ele>160.088715</ele>
        <time>2026-05-01T14:29:19.894Z</time>
      </trkpt>
      <trkpt lat="51.159831" lon="12.937690">
        <ele>160.141079</ele>
        <time>2026-05-01T14:29:20.905Z</time>
      </trkpt>
      <trkpt lat="51.159836" lon="12.937847">
        <ele>160.285438</ele>
        <time>2026-05-01T14:29:23.765Z</time>
      </trkpt>
      <trkpt lat="51.159847" lon="12.938112">
        <ele>160.529320</ele>
        <time>2026-05-01T14:29:28.455Z</time>
      </trkpt>
      <trkpt lat="51.159859" lon="12.938374">
        <ele>160.770556</ele>
        <time>2026-05-01T14:29:32.857Z</time>
      </trkpt>
      <trkpt lat="51.159863" lon="12.938675">
        <ele>161.047027</ele>
        <time>2026-05-01T14:29:37.674Z</time>
      </trkpt>
      <trkpt lat="51.159864" lon="12.938739">
        <ele>161.105816</ele>
        <time>2026-05-01T14:29:38.650Z</time>
      </trkpt>
      <trkpt lat="51.159861" lon="12.939003">
        <ele>161.146925</ele>
        <time>2026-05-01T14:29:42.664Z</time>
      </trkpt>
      <trkpt lat="51.159885" lon="12.939379">
        <ele>161.152786</ele>
        <time>2026-05-01T14:29:48.273Z</time>
      </trkpt>
      <trkpt lat="51.159941" lon="12.940305">
        <ele>161.167214</ele>
        <time>2026-05-01T14:30:00.996Z</time>
      </trkpt>
      <trkpt lat="51.160052" lon="12.943453">
        <ele>160.846961</ele>
        <time>2026-05-01T14:31:11.966Z</time>
      </trkpt>
      <trkpt lat="51.160104" lon="12.944161">
        <ele>160.713135</ele>
        <time>2026-05-01T14:31:28.228Z</time>
      </trkpt>
      <trkpt lat="51.160244" lon="12.945132">
        <ele>160.477512</ele>
        <time>2026-05-01T14:31:49.614Z</time>
      </trkpt>
      <trkpt lat="51.160337" lon="12.945541">
        <ele>160.363694</ele>
        <time>2026-05-01T14:31:59.334Z</time>
      </trkpt>
      <trkpt lat="51.160347" lon="12.945794">
        <ele>160.297374</ele>
        <time>2026-05-01T14:32:02.890Z</time>
      </trkpt>
      <trkpt lat="51.160105" lon="12.946552">
        <ele>160.074850</ele>
        <time>2026-05-01T14:32:14.424Z</time>
      </trkpt>
      <trkpt lat="51.159977" lon="12.946732">
        <ele>160.003655</ele>
        <time>2026-05-01T14:32:18.004Z</time>
      </trkpt>
      <trkpt lat="51.159848" lon="12.947099">
        <ele>159.913778</ele>
        <time>2026-05-01T14:32:23.087Z</time>
      </trkpt>
      <trkpt lat="51.159363" lon="12.947989">
        <ele>160.714674</ele>
        <time>2026-05-01T14:32:38.162Z</time>
      </trkpt>
      <trkpt lat="51.159089" lon="12.948574">
        <ele>161.210640</ele>
        <time>2026-05-01T14:32:48.353Z</time>
      </trkpt>
      <trkpt lat="51.158551" lon="12.950258">
        <ele>164.106887</ele>
        <time>2026-05-01T14:33:24.085Z</time>
      </trkpt>
      <trkpt lat="51.158386" lon="12.951077">
        <ele>166.147303</ele>
        <time>2026-05-01T14:33:45.667Z</time>
      </trkpt>
      <trkpt lat="51.157887" lon="12.952470">
        <ele>169.595028</ele>
        <time>2026-05-01T14:34:38.848Z</time>
      </trkpt>
      <trkpt lat="51.157520" lon="12.953545">
        <ele>171.701587</ele>
        <time>2026-05-01T14:35:13.355Z</time>
      </trkpt>
      <trkpt lat="51.157446" lon="12.953791">
        <ele>172.171166</ele>
        <time>2026-05-01T14:35:19.644Z</time>
      </trkpt>
      <trkpt lat="51.157131" lon="12.954917">
        <ele>172.620209</ele>
        <time>2026-05-01T14:35:37.928Z</time>
      </trkpt>
      <trkpt lat="51.156756" lon="12.956287">
        <ele>169.108924</ele>
        <time>2026-05-01T14:35:51.565Z</time>
      </trkpt>
      <trkpt lat="51.156709" lon="12.956570">
        <ele>168.421238</ele>
        <time>2026-05-01T14:35:54.232Z</time>
      </trkpt>
      <trkpt lat="51.156628" lon="12.957439">
        <ele>166.138673</ele>
        <time>2026-05-01T14:36:02.272Z</time>
      </trkpt>
      <trkpt lat="51.156524" lon="12.958629">
        <ele>162.060368</ele>
        <time>2026-05-01T14:36:13.111Z</time>
      </trkpt>
      <trkpt lat="51.156405" lon="12.959924">
        <ele>157.617741</ele>
        <time>2026-05-01T14:36:25.223Z</time>
      </trkpt>
      <trkpt lat="51.156371" lon="12.960745">
        <ele>155.918574</ele>
        <time>2026-05-01T14:36:33.034Z</time>
      </trkpt>
      <trkpt lat="51.156415" lon="12.961924">
        <ele>153.824051</ele>
        <time>2026-05-01T14:36:45.360Z</time>
      </trkpt>
      <trkpt lat="51.156417" lon="12.962345">
        <ele>153.077434</ele>
        <time>2026-05-01T14:36:50.331Z</time>
      </trkpt>
      <trkpt lat="51.156390" lon="12.962669">
        <ele>152.497807</ele>
        <time>2026-05-01T14:36:54.392Z</time>
      </trkpt>
      <trkpt lat="51.156331" lon="12.962967">
        <ele>152.010851</ele>
        <time>2026-05-01T14:36:58.366Z</time>
      </trkpt>
      <trkpt lat="51.155865" lon="12.964644">
        <ele>151.305948</ele>
        <time>2026-05-01T14:37:22.762Z</time>
      </trkpt>
      <trkpt lat="51.155558" lon="12.965946">
        <ele>150.947420</ele>
        <time>2026-05-01T14:37:41.480Z</time>
      </trkpt>
      <trkpt lat="51.155429" lon="12.966274">
        <ele>150.966558</ele>
        <time>2026-05-01T14:37:46.606Z</time>
      </trkpt>
      <trkpt lat="51.154997" lon="12.967081">
        <ele>151.019002</ele>
        <time>2026-05-01T14:38:00.829Z</time>
      </trkpt>
      <trkpt lat="51.154860" lon="12.967425">
        <ele>151.039145</ele>
        <time>2026-05-01T14:38:06.338Z</time>
      </trkpt>
      <trkpt lat="51.154214" lon="12.969917">
        <ele>152.124563</ele>
        <time>2026-05-01T14:38:47.676Z</time>
      </trkpt>
      <trkpt lat="51.154046" lon="12.970490">
        <ele>152.443949</ele>
        <time>2026-05-01T14:38:58.903Z</time>
      </trkpt>
      <trkpt lat="51.153912" lon="12.970769">
        <ele>152.844989</ele>
        <time>2026-05-01T14:39:05.027Z</time>
      </trkpt>
      <trkpt lat="51.153633" lon="12.971058">
        <ele>153.687184</ele>
        <time>2026-05-01T14:39:14.264Z</time>
      </trkpt>
      <trkpt lat="51.153294" lon="12.971273">
        <ele>154.610690</ele>
        <time>2026-05-01T14:39:24.412Z</time>
      </trkpt>
      <trkpt lat="51.153048" lon="12.971333">
        <ele>155.240627</ele>
        <time>2026-05-01T14:39:31.120Z</time>
      </trkpt>
      <trkpt lat="51.152937" lon="12.971398">
        <ele>155.539952</ele>
        <time>2026-05-01T14:39:34.284Z</time>
      </trkpt>
      <trkpt lat="51.152889" lon="12.971452">
        <ele>155.688658</ele>
        <time>2026-05-01T14:39:35.833Z</time>
      </trkpt>
      <trkpt lat="51.152501" lon="12.971711">
        <ele>156.753407</ele>
        <time>2026-05-01T14:39:48.589Z</time>
      </trkpt>
      <trkpt lat="51.152458" lon="12.971794">
        <ele>156.924328</ele>
        <time>2026-05-01T14:39:51.027Z</time>
      </trkpt>
      <trkpt lat="51.152375" lon="12.972531">
        <ele>159.286640</ele>
        <time>2026-05-01T14:40:11.965Z</time>
      </trkpt>
      <trkpt lat="51.152301" lon="12.972749">
        <ele>160.122881</ele>
        <time>2026-05-01T14:40:20.026Z</time>
      </trkpt>
      <trkpt lat="51.152226" lon="12.972840">
        <ele>160.629801</ele>
        <time>2026-05-01T14:40:24.936Z</time>
      </trkpt>
      <trkpt lat="51.151750" lon="12.973020">
        <ele>163.260976</ele>
        <time>2026-05-01T14:40:51.730Z</time>
      </trkpt>
      <trkpt lat="51.151637" lon="12.973188">
        <ele>164.092009</ele>
        <time>2026-05-01T14:41:00.279Z</time>
      </trkpt>
      <trkpt lat="51.151549" lon="12.973419">
        <ele>165.003799</ele>
        <time>2026-05-01T14:41:09.721Z</time>
      </trkpt>
      <trkpt lat="51.151407" lon="12.974568">
        <ele>167.633261</ele>
        <time>2026-05-01T14:41:46.241Z</time>
      </trkpt>
      <trkpt lat="51.151395" lon="12.975196">
        <ele>168.485978</ele>
        <time>2026-05-01T14:41:59.642Z</time>
      </trkpt>
      <trkpt lat="51.151437" lon="12.975728">
        <ele>169.213705</ele>
        <time>2026-05-01T14:42:08.140Z</time>
      </trkpt>
      <trkpt lat="51.151446" lon="12.976217">
        <ele>169.877661</ele>
        <time>2026-05-01T14:42:15.149Z</time>
      </trkpt>
      <trkpt lat="51.151420" lon="12.976805">
        <ele>170.559854</ele>
        <time>2026-05-01T14:42:22.831Z</time>
      </trkpt>
      <trkpt lat="51.151379" lon="12.977155">
        <ele>169.691207</ele>
        <time>2026-05-01T14:42:27.371Z</time>
      </trkpt>
      <trkpt lat="51.151369" lon="12.977895">
        <ele>167.885430</ele>
        <time>2026-05-01T14:42:36.778Z</time>
      </trkpt>
      <trkpt lat="51.151320" lon="12.978918">
        <ele>165.382378</ele>
        <time>2026-05-01T14:42:46.570Z</time>
      </trkpt>
      <trkpt lat="51.151341" lon="12.979171">
        <ele>164.759760</ele>
        <time>2026-05-01T14:42:48.792Z</time>
      </trkpt>
      <trkpt lat="51.151398" lon="12.979391">
        <ele>164.179048</ele>
        <time>2026-05-01T14:42:50.828Z</time>
      </trkpt>
      <trkpt lat="51.151527" lon="12.979569">
        <ele>163.456340</ele>
        <time>2026-05-01T14:42:53.133Z</time>
      </trkpt>
      <trkpt lat="51.151766" lon="12.979760">
        <ele>161.922402</ele>
        <time>2026-05-01T14:42:56.757Z</time>
      </trkpt>
      <trkpt lat="51.152398" lon="12.980224">
        <ele>157.930192</ele>
        <time>2026-05-01T14:43:06.281Z</time>
      </trkpt>
      <trkpt lat="51.152483" lon="12.980308">
        <ele>157.356397</ele>
        <time>2026-05-01T14:43:07.668Z</time>
      </trkpt>
      <trkpt lat="51.152593" lon="12.980720">
        <ele>155.744910</ele>
        <time>2026-05-01T14:43:11.637Z</time>
      </trkpt>
      <trkpt lat="51.152702" lon="12.981390">
        <ele>153.312578</ele>
        <time>2026-05-01T14:43:18.595Z</time>
      </trkpt>
      <trkpt lat="51.152891" lon="12.982668">
        <ele>152.780698</ele>
        <time>2026-05-01T14:43:39.636Z</time>
      </trkpt>
      <trkpt lat="51.152954" lon="12.983417">
        <ele>152.474581</ele>
        <time>2026-05-01T14:43:52.524Z</time>
      </trkpt>
      <trkpt lat="51.152945" lon="12.983909">
        <ele>152.275200</ele>
        <time>2026-05-01T14:44:00.855Z</time>
      </trkpt>
      <trkpt lat="51.152744" lon="12.984681">
        <ele>152.211781</ele>
        <time>2026-05-01T14:44:14.708Z</time>
      </trkpt>
      <trkpt lat="51.152720" lon="12.984857">
        <ele>152.229315</ele>
        <time>2026-05-01T14:44:17.637Z</time>
      </trkpt>
      <trkpt lat="51.152731" lon="12.985166">
        <ele>152.259447</ele>
        <time>2026-05-01T14:44:22.547Z</time>
      </trkpt>
      <trkpt lat="51.152775" lon="12.985450">
        <ele>152.287927</ele>
        <time>2026-05-01T14:44:26.996Z</time>
      </trkpt>
      <trkpt lat="51.152826" lon="12.985739">
        <ele>152.317155</ele>
        <time>2026-05-01T14:44:31.550Z</time>
      </trkpt>
      <trkpt lat="51.152859" lon="12.985832">
        <ele>152.327558</ele>
        <time>2026-05-01T14:44:33.119Z</time>
      </trkpt>
      <trkpt lat="51.152938" lon="12.985883">
        <ele>152.340787</ele>
        <time>2026-05-01T14:44:35.087Z</time>
      </trkpt>
      <trkpt lat="51.153236" lon="12.985803">
        <ele>152.387691</ele>
        <time>2026-05-01T14:44:41.765Z</time>
      </trkpt>
      <trkpt lat="51.153442" lon="12.985737">
        <ele>152.420304</ele>
        <time>2026-05-01T14:44:45.981Z</time>
      </trkpt>
      <trkpt lat="51.153845" lon="12.985619">
        <ele>152.376663</ele>
        <time>2026-05-01T14:44:54.041Z</time>
      </trkpt>
      <trkpt lat="51.154554" lon="12.985427">
        <ele>152.229576</ele>
        <time>2026-05-01T14:45:08.182Z</time>
      </trkpt>
      <trkpt lat="51.154633" lon="12.985418">
        <ele>152.213377</ele>
        <time>2026-05-01T14:45:09.787Z</time>
      </trkpt>
      <trkpt lat="51.154730" lon="12.985451">
        <ele>152.193091</ele>
        <time>2026-05-01T14:45:11.803Z</time>
      </trkpt>
      <trkpt lat="51.154840" lon="12.985565">
        <ele>152.166258</ele>
        <time>2026-05-01T14:45:14.557Z</time>
      </trkpt>
      <trkpt lat="51.154912" lon="12.985817">
        <ele>152.130734</ele>
        <time>2026-05-01T14:45:18.325Z</time>
      </trkpt>
      <trkpt lat="51.154927" lon="12.987955">
        <ele>152.399388</ele>
        <time>2026-05-01T14:45:50.331Z</time>
      </trkpt>
      <trkpt lat="51.154936" lon="12.988101">
        <ele>152.428469</ele>
        <time>2026-05-01T14:45:52.556Z</time>
      </trkpt>
      <trkpt lat="51.154996" lon="12.988319">
        <ele>152.475662</ele>
        <time>2026-05-01T14:45:56.158Z</time>
      </trkpt>
      <trkpt lat="51.155058" lon="12.988419">
        <ele>152.503535</ele>
        <time>2026-05-01T14:45:58.255Z</time>
      </trkpt>
      <trkpt lat="51.155289" lon="12.988576">
        <ele>152.582901</ele>
        <time>2026-05-01T14:46:04.331Z</time>
      </trkpt>
      <trkpt lat="51.156100" lon="12.988879">
        <ele>153.027909</ele>
        <time>2026-05-01T14:46:24.929Z</time>
      </trkpt>
      <trkpt lat="51.156302" lon="12.988992">
        <ele>153.154704</ele>
        <time>2026-05-01T14:46:30.204Z</time>
      </trkpt>
      <trkpt lat="51.156611" lon="12.989253">
        <ele>153.361821</ele>
        <time>2026-05-01T14:46:38.869Z</time>
      </trkpt>
      <trkpt lat="51.156720" lon="12.989450">
        <ele>153.459411</ele>
        <time>2026-05-01T14:46:42.896Z</time>
      </trkpt>
      <trkpt lat="51.157258" lon="12.991010">
        <ele>154.175575</ele>
        <time>2026-05-01T14:47:10.843Z</time>
      </trkpt>
      <trkpt lat="51.158005" lon="12.992625">
        <ele>154.963036</ele>
        <time>2026-05-01T14:47:43.111Z</time>
      </trkpt>
      <trkpt lat="51.158305" lon="12.993167">
        <ele>155.112501</ele>
        <time>2026-05-01T14:47:54.088Z</time>
      </trkpt>
      <trkpt lat="51.158506" lon="12.993721">
        <ele>155.244832</ele>
        <time>2026-05-01T14:48:03.278Z</time>
      </trkpt>
      <trkpt lat="51.158584" lon="12.994035">
        <ele>155.314661</ele>
        <time>2026-05-01T14:48:07.938Z</time>
      </trkpt>
      <trkpt lat="51.158672" lon="12.994555">
        <ele>155.426021</ele>
        <time>2026-05-01T14:48:15.248Z</time>
      </trkpt>
      <trkpt lat="51.158692" lon="12.994997">
        <ele>155.519608</ele>
        <time>2026-05-01T14:48:21.164Z</time>
      </trkpt>
      <trkpt lat="51.158546" lon="12.998815">
        <ele>156.679172</ele>
        <time>2026-05-01T14:49:16.240Z</time>
      </trkpt>
      <trkpt lat="51.158444" lon="13.001114">
        <ele>157.769217</ele>
        <time>2026-05-01T14:49:57.615Z</time>
      </trkpt>
      <trkpt lat="51.158400" lon="13.001575">
        <ele>157.951254</ele>
        <time>2026-05-01T14:50:06.592Z</time>
      </trkpt>
      <trkpt lat="51.158171" lon="13.002986">
        <ele>158.520226</ele>
        <time>2026-05-01T14:50:29.808Z</time>
      </trkpt>
      <trkpt lat="51.157879" lon="13.004218">
        <ele>158.491445</ele>
        <time>2026-05-01T14:50:46.514Z</time>
      </trkpt>
      <trkpt lat="51.157538" lon="13.005499">
        <ele>158.138950</ele>
        <time>2026-05-01T14:51:02.710Z</time>
      </trkpt>
      <trkpt lat="51.157143" lon="13.006569">
        <ele>158.221056</ele>
        <time>2026-05-01T14:51:18.712Z</time>
      </trkpt>
      <trkpt lat="51.156841" lon="13.007471">
        <ele>158.628109</ele>
        <time>2026-05-01T14:51:32.422Z</time>
      </trkpt>
      <trkpt lat="51.156635" lon="13.007979">
        <ele>158.868936</ele>
        <time>2026-05-01T14:51:40.933Z</time>
      </trkpt>
      <trkpt lat="51.156140" lon="13.008905">
        <ele>160.377608</ele>
        <time>2026-05-01T14:52:03.628Z</time>
      </trkpt>
      <trkpt lat="51.156082" lon="13.009158">
        <ele>160.956361</ele>
        <time>2026-05-01T14:52:09.355Z</time>
      </trkpt>
      <trkpt lat="51.156103" lon="13.009346">
        <ele>161.366643</ele>
        <time>2026-05-01T14:52:13.622Z</time>
      </trkpt>
      <trkpt lat="51.156236" lon="13.009778">
        <ele>162.400601</ele>
        <time>2026-05-01T14:52:24.811Z</time>
      </trkpt>
      <trkpt lat="51.156533" lon="13.010760">
        <ele>164.742948</ele>
        <time>2026-05-01T14:52:52.415Z</time>
      </trkpt>
      <trkpt lat="51.156658" lon="13.011298">
        <ele>166.357633</ele>
        <time>2026-05-01T14:53:08.200Z</time>
      </trkpt>
      <trkpt lat="51.156829" lon="13.012333">
        <ele>169.923340</ele>
        <time>2026-05-01T14:53:38.245Z</time>
      </trkpt>
      <trkpt lat="51.156811" lon="13.013017">
        <ele>172.204071</ele>
        <time>2026-05-01T14:53:58.948Z</time>
      </trkpt>
      <trkpt lat="51.156822" lon="13.013653">
        <ele>174.323691</ele>
        <time>2026-05-01T14:54:17.848Z</time>
      </trkpt>
      <trkpt lat="51.156779" lon="13.013950">
        <ele>175.237128</ele>
        <time>2026-05-01T14:54:26.722Z</time>
      </trkpt>
      <trkpt lat="51.156662" lon="13.014428">
        <ele>176.600117</ele>
        <time>2026-05-01T14:54:41.243Z</time>
      </trkpt>
      <trkpt lat="51.156638" lon="13.014695">
        <ele>177.316603</ele>
        <time>2026-05-01T14:54:48.572Z</time>
      </trkpt>
      <trkpt lat="51.156673" lon="13.015337">
        <ele>179.028394</ele>
        <time>2026-05-01T14:55:04.686Z</time>
      </trkpt>
      <trkpt lat="51.156629" lon="13.015629">
        <ele>179.826113</ele>
        <time>2026-05-01T14:55:11.630Z</time>
      </trkpt>
      <trkpt lat="51.156505" lon="13.015948">
        <ele>180.823029</ele>
        <time>2026-05-01T14:55:19.843Z</time>
      </trkpt>
      <trkpt lat="51.156085" lon="13.016726">
        <ele>183.256369</ele>
        <time>2026-05-01T14:55:40.617Z</time>
      </trkpt>
      <trkpt lat="51.155696" lon="13.017165">
        <ele>184.734654</ele>
        <time>2026-05-01T14:55:56.326Z</time>
      </trkpt>
      <trkpt lat="51.155362" lon="13.017842">
        <ele>186.410378</ele>
        <time>2026-05-01T14:56:14.764Z</time>
      </trkpt>
      <trkpt lat="51.154901" lon="13.019007">
        <ele>189.035065</ele>
        <time>2026-05-01T14:56:45.040Z</time>
      </trkpt>
      <trkpt lat="51.154671" lon="13.019842">
        <ele>190.716731</ele>
        <time>2026-05-01T14:57:04.417Z</time>
      </trkpt>
      <trkpt lat="51.154269" lon="13.021085">
        <ele>193.295585</ele>
        <time>2026-05-01T14:57:34.513Z</time>
      </trkpt>
      <trkpt lat="51.154092" lon="13.021721">
        <ele>194.464500</ele>
        <time>2026-05-01T14:57:49.710Z</time>
      </trkpt>
      <trkpt lat="51.154044" lon="13.022032">
        <ele>195.001521</ele>
        <time>2026-05-01T14:57:56.416Z</time>
      </trkpt>
      <trkpt lat="51.153978" lon="13.022810">
        <ele>196.317904</ele>
        <time>2026-05-01T14:58:11.892Z</time>
      </trkpt>
      <trkpt lat="51.153914" lon="13.023239">
        <ele>197.057295</ele>
        <time>2026-05-01T14:58:19.951Z</time>
      </trkpt>
      <trkpt lat="51.153508" lon="13.024827">
        <ele>200.292355</ele>
        <time>2026-05-01T14:58:53.056Z</time>
      </trkpt>
      <trkpt lat="51.153239" lon="13.026013">
        <ele>202.828621</ele>
        <time>2026-05-01T14:59:22.372Z</time>
      </trkpt>
      <trkpt lat="51.153177" lon="13.026632">
        <ele>204.138815</ele>
        <time>2026-05-01T14:59:38.521Z</time>
      </trkpt>
      <trkpt lat="51.153194" lon="13.027126">
        <ele>205.388306</ele>
        <time>2026-05-01T14:59:51.042Z</time>
      </trkpt>
      <trkpt lat="51.153301" lon="13.027468">
        <ele>206.353523</ele>
        <time>2026-05-01T15:00:00.257Z</time>
      </trkpt>
      <trkpt lat="51.153424" lon="13.027674">
        <ele>207.071814</ele>
        <time>2026-05-01T15:00:06.843Z</time>
      </trkpt>
      <trkpt lat="51.153900" lon="13.028244">
        <ele>209.468801</ele>
        <time>2026-05-01T15:00:26.876Z</time>
      </trkpt>
      <trkpt lat="51.154580" lon="13.029129">
        <ele>213.723498</ele>
        <time>2026-05-01T15:01:00.664Z</time>
      </trkpt>
      <trkpt lat="51.154765" lon="13.029509">
        <ele>215.407379</ele>
        <time>2026-05-01T15:01:14.075Z</time>
      </trkpt>
      <trkpt lat="51.154834" lon="13.029731">
        <ele>216.274673</ele>
        <time>2026-05-01T15:01:21.310Z</time>
      </trkpt>
      <trkpt lat="51.154971" lon="13.030333">
        <ele>218.516400</ele>
        <time>2026-05-01T15:01:40.928Z</time>
      </trkpt>
      <trkpt lat="51.155403" lon="13.031719">
        <ele>224.212846</ele>
        <time>2026-05-01T15:02:30.563Z</time>
      </trkpt>
      <trkpt lat="51.155530" lon="13.032339">
        <ele>226.726657</ele>
        <time>2026-05-01T15:02:49.726Z</time>
      </trkpt>
      <trkpt lat="51.155614" lon="13.033012">
        <ele>229.371386</ele>
        <time>2026-05-01T15:03:09.611Z</time>
      </trkpt>
      <trkpt lat="51.155629" lon="13.035373">
        <ele>236.935238</ele>
        <time>2026-05-01T15:04:19.498Z</time>
      </trkpt>
      <trkpt lat="51.155512" lon="13.037337">
        <ele>240.623980</ele>
        <time>2026-05-01T15:05:10.291Z</time>
      </trkpt>
      <trkpt lat="51.155399" lon="13.037170">
        <ele>240.645250</ele>
        <time>2026-05-01T15:05:14.818Z</time>
      </trkpt>
      <trkpt lat="51.155162" lon="13.036578">
        <ele>240.706058</ele>
        <time>2026-05-01T15:05:25.256Z</time>
      </trkpt>
      <trkpt lat="51.155040" lon="13.036375">
        <ele>240.730400</ele>
        <time>2026-05-01T15:05:28.530Z</time>
      </trkpt>
      <trkpt lat="51.154966" lon="13.036290">
        <ele>240.742991</ele>
        <time>2026-05-01T15:05:30.082Z</time>
      </trkpt>
      <trkpt lat="51.154855" lon="13.036164">
        <ele>240.761801</ele>
        <time>2026-05-01T15:05:32.324Z</time>
      </trkpt>
      <trkpt lat="51.154289" lon="13.035777">
        <ele>239.447817</ele>
        <time>2026-05-01T15:05:41.752Z</time>
      </trkpt>
      <trkpt lat="51.153542" lon="13.035383">
        <ele>235.484053</ele>
        <time>2026-05-01T15:05:53.232Z</time>
      </trkpt>
      <trkpt lat="51.152580" lon="13.034501">
        <ele>229.782087</ele>
        <time>2026-05-01T15:06:09.247Z</time>
      </trkpt>
      <trkpt lat="51.151922" lon="13.033991">
        <ele>225.874826</ele>
        <time>2026-05-01T15:06:20.079Z</time>
      </trkpt>
      <trkpt lat="51.151769" lon="13.033883">
        <ele>224.981234</ele>
        <time>2026-05-01T15:06:22.611Z</time>
      </trkpt>
      <trkpt lat="51.151676" lon="13.033859">
        <ele>224.478111</ele>
        <time>2026-05-01T15:06:24.046Z</time>
      </trkpt>
      <trkpt lat="51.151541" lon="13.033846">
        <ele>223.755843</ele>
        <time>2026-05-01T15:06:26.106Z</time>
      </trkpt>
      <trkpt lat="51.150634" lon="13.034189">
        <ele>219.260203</ele>
        <time>2026-05-01T15:06:40.481Z</time>
      </trkpt>
      <trkpt lat="51.150109" lon="13.034331">
        <ele>216.824170</ele>
        <time>2026-05-01T15:06:48.795Z</time>
      </trkpt>
      <trkpt lat="51.149833" lon="13.034357">
        <ele>215.559355</ele>
        <time>2026-05-01T15:06:53.148Z</time>
      </trkpt>
      <trkpt lat="51.149473" lon="13.034340">
        <ele>213.911380</ele>
        <time>2026-05-01T15:06:58.821Z</time>
      </trkpt>
      <trkpt lat="51.148850" lon="13.034184">
        <ele>210.674480</ele>
        <time>2026-05-01T15:07:08.500Z</time>
      </trkpt>
      <trkpt lat="51.148636" lon="13.034181">
        <ele>209.576033</ele>
        <time>2026-05-01T15:07:11.705Z</time>
      </trkpt>
      <trkpt lat="51.148394" lon="13.034307">
        <ele>208.269338</ele>
        <time>2026-05-01T15:07:15.471Z</time>
      </trkpt>
      <trkpt lat="51.147364" lon="13.035143">
        <ele>202.543069</ele>
        <time>2026-05-01T15:07:32.381Z</time>
      </trkpt>
      <trkpt lat="51.147241" lon="13.035168">
        <ele>201.962591</ele>
        <time>2026-05-01T15:07:34.210Z</time>
      </trkpt>
      <trkpt lat="51.147038" lon="13.035099">
        <ele>200.990895</ele>
        <time>2026-05-01T15:07:37.278Z</time>
      </trkpt>
      <trkpt lat="51.146743" lon="13.034801">
        <ele>199.355921</ele>
        <time>2026-05-01T15:07:42.492Z</time>
      </trkpt>
      <trkpt lat="51.146630" lon="13.034733">
        <ele>198.790479</ele>
        <time>2026-05-01T15:07:44.306Z</time>
      </trkpt>
      <trkpt lat="51.146484" lon="13.034726">
        <ele>198.106680</ele>
        <time>2026-05-01T15:07:46.525Z</time>
      </trkpt>
      <trkpt lat="51.146321" lon="13.034786">
        <ele>197.323525</ele>
        <time>2026-05-01T15:07:49.095Z</time>
      </trkpt>
      <trkpt lat="51.146184" lon="13.034884">
        <ele>196.620550</ele>
        <time>2026-05-01T15:07:51.432Z</time>
      </trkpt>
      <trkpt lat="51.146009" lon="13.035125">
        <ele>195.908710</ele>
        <time>2026-05-01T15:07:55.144Z</time>
      </trkpt>
      <trkpt lat="51.145923" lon="13.035323">
        <ele>195.563359</ele>
        <time>2026-05-01T15:07:57.660Z</time>
      </trkpt>
      <trkpt lat="51.145765" lon="13.036044">
        <ele>194.468152</ele>
        <time>2026-05-01T15:08:06.183Z</time>
      </trkpt>
      <trkpt lat="51.145656" lon="13.036265">
        <ele>194.065012</ele>
        <time>2026-05-01T15:08:09.625Z</time>
      </trkpt>
      <trkpt lat="51.145540" lon="13.036376">
        <ele>193.755738</ele>
        <time>2026-05-01T15:08:12.330Z</time>
      </trkpt>
      <trkpt lat="51.145503" lon="13.036379">
        <ele>193.671051</ele>
        <time>2026-05-01T15:08:13.111Z</time>
      </trkpt>
      <trkpt lat="51.145413" lon="13.036391">
        <ele>193.464601</ele>
        <time>2026-05-01T15:08:14.959Z</time>
      </trkpt>
      <trkpt lat="51.144990" lon="13.036454">
        <ele>192.493454</ele>
        <time>2026-05-01T15:08:23.828Z</time>
      </trkpt>
      <trkpt lat="51.144562" lon="13.036587">
        <ele>191.276022</ele>
        <time>2026-05-01T15:08:32.758Z</time>
      </trkpt>
      <trkpt lat="51.144196" lon="13.036761">
        <ele>190.108569</ele>
        <time>2026-05-01T15:08:39.570Z</time>
      </trkpt>
      <trkpt lat="51.143846" lon="13.036848">
        <ele>189.025792</ele>
        <time>2026-05-01T15:08:45.391Z</time>
      </trkpt>
      <trkpt lat="51.143744" lon="13.036846">
        <ele>188.713984</ele>
        <time>2026-05-01T15:08:47.012Z</time>
      </trkpt>
      <trkpt lat="51.143647" lon="13.036731">
        <ele>188.344461</ele>
        <time>2026-05-01T15:08:48.917Z</time>
      </trkpt>
      <trkpt lat="51.143403" lon="13.035997">
        <ele>186.751487</ele>
        <time>2026-05-01T15:08:56.882Z</time>
      </trkpt>
      <trkpt lat="51.143313" lon="13.035801">
        <ele>186.105678</ele>
        <time>2026-05-01T15:08:59.185Z</time>
      </trkpt>
      <trkpt lat="51.143246" lon="13.035731">
        <ele>185.740823</ele>
        <time>2026-05-01T15:09:00.392Z</time>
      </trkpt>
      <trkpt lat="51.143064" lon="13.035705">
        <ele>184.908598</ele>
        <time>2026-05-01T15:09:03.141Z</time>
      </trkpt>
      <trkpt lat="51.142572" lon="13.035777">
        <ele>182.658404</ele>
        <time>2026-05-01T15:09:10.503Z</time>
      </trkpt>
      <trkpt lat="51.142254" lon="13.035787">
        <ele>181.209820</ele>
        <time>2026-05-01T15:09:15.304Z</time>
      </trkpt>
      <trkpt lat="51.141547" lon="13.035604">
        <ele>178.094135</ele>
        <time>2026-05-01T15:09:25.995Z</time>
      </trkpt>
      <trkpt lat="51.140901" lon="13.035649">
        <ele>175.988873</ele>
        <time>2026-05-01T15:09:36.096Z</time>
      </trkpt>
      <trkpt lat="51.140755" lon="13.035626">
        <ele>175.511208</ele>
        <time>2026-05-01T15:09:38.470Z</time>
      </trkpt>
      <trkpt lat="51.140580" lon="13.035492">
        <ele>174.879100</ele>
        <time>2026-05-01T15:09:41.688Z</time>
      </trkpt>
      <trkpt lat="51.140367" lon="13.035177">
        <ele>173.933072</ele>
        <time>2026-05-01T15:09:46.630Z</time>
      </trkpt>
      <trkpt lat="51.140224" lon="13.034793">
        <ele>173.020891</ele>
        <time>2026-05-01T15:09:51.567Z</time>
      </trkpt>
      <trkpt lat="51.140169" lon="13.034417">
        <ele>172.411089</ele>
        <time>2026-05-01T15:09:56.038Z</time>
      </trkpt>
      <trkpt lat="51.140160" lon="13.033937">
        <ele>171.900437</ele>
        <time>2026-05-01T15:10:01.802Z</time>
      </trkpt>
      <trkpt lat="51.140108" lon="13.033712">
        <ele>171.645459</ele>
        <time>2026-05-01T15:10:04.679Z</time>
      </trkpt>
      <trkpt lat="51.139731" lon="13.032679">
        <ele>170.374658</ele>
        <time>2026-05-01T15:10:18.550Z</time>
      </trkpt>
      <trkpt lat="51.139317" lon="13.031792">
        <ele>169.357908</ele>
        <time>2026-05-01T15:10:30.912Z</time>
      </trkpt>
      <trkpt lat="51.138746" lon="13.030860">
        <ele>168.587674</ele>
        <time>2026-05-01T15:10:45.912Z</time>
      </trkpt>
      <trkpt lat="51.138686" lon="13.030763">
        <ele>168.507133</ele>
        <time>2026-05-01T15:10:47.547Z</time>
      </trkpt>
      <trkpt lat="51.138461" lon="13.030291">
        <ele>168.156627</ele>
        <time>2026-05-01T15:10:54.692Z</time>
      </trkpt>
      <trkpt lat="51.138059" lon="13.029587">
        <ele>168.029877</ele>
        <time>2026-05-01T15:11:07.255Z</time>
      </trkpt>
      <trkpt lat="51.137805" lon="13.029240">
        <ele>168.227557</ele>
        <time>2026-05-01T15:11:14.721Z</time>
      </trkpt>
      <trkpt lat="51.137249" lon="13.028665">
        <ele>168.619200</ele>
        <time>2026-05-01T15:11:30.870Z</time>
      </trkpt>
      <trkpt lat="51.137029" lon="13.028463">
        <ele>168.769227</ele>
        <time>2026-05-01T15:11:37.511Z</time>
      </trkpt>
      <trkpt lat="51.136992" lon="13.028427">
        <ele>168.794842</ele>
        <time>2026-05-01T15:11:38.625Z</time>
      </trkpt>
      <trkpt lat="51.136932" lon="13.028613">
        <ele>168.872384</ele>
        <time>2026-05-01T15:11:42.137Z</time>
      </trkpt>
      <trkpt lat="51.136789" lon="13.030351">
        <ele>170.789750</ele>
        <time>2026-05-01T15:12:17.130Z</time>
      </trkpt>
      <trkpt lat="51.136756" lon="13.030826">
        <ele>171.342699</ele>
        <time>2026-05-01T15:12:28.418Z</time>
      </trkpt>
      <trkpt lat="51.136669" lon="13.032001">
        <ele>172.116961</ele>
        <time>2026-05-01T15:12:54.828Z</time>
      </trkpt>
      <trkpt lat="51.136644" lon="13.032399">
        <ele>171.994632</ele>
        <time>2026-05-01T15:13:02.357Z</time>
      </trkpt>
      <trkpt lat="51.136076" lon="13.032935">
        <ele>171.672892</ele>
        <time>2026-05-01T15:13:15.675Z</time>
      </trkpt>
      <trkpt lat="51.135943" lon="13.033100">
        <ele>171.590741</ele>
        <time>2026-05-01T15:13:18.504Z</time>
      </trkpt>
      <trkpt lat="51.135747" lon="13.033460">
        <ele>171.444971</ele>
        <time>2026-05-01T15:13:23.347Z</time>
      </trkpt>
      <trkpt lat="51.135632" lon="13.033895">
        <ele>171.003326</ele>
        <time>2026-05-01T15:13:28.044Z</time>
      </trkpt>
      <trkpt lat="51.135512" lon="13.034480">
        <ele>169.940869</ele>
        <time>2026-05-01T15:13:34.135Z</time>
      </trkpt>
      <trkpt lat="51.135508" lon="13.034594">
        <ele>169.743768</ele>
        <time>2026-05-01T15:13:35.246Z</time>
      </trkpt>
      <trkpt lat="51.135607" lon="13.034983">
        <ele>169.019119</ele>
        <time>2026-05-01T15:13:39.353Z</time>
      </trkpt>
      <trkpt lat="51.135717" lon="13.035578">
        <ele>167.948341</ele>
        <time>2026-05-01T15:13:45.471Z</time>
      </trkpt>
      <trkpt lat="51.135735" lon="13.035926">
        <ele>167.345565</ele>
        <time>2026-05-01T15:13:48.995Z</time>
      </trkpt>
      <trkpt lat="51.135656" lon="13.036757">
        <ele>166.201049</ele>
        <time>2026-05-01T15:13:57.890Z</time>
      </trkpt>
      <trkpt lat="51.135543" lon="13.037419">
        <ele>165.712266</ele>
        <time>2026-05-01T15:14:05.407Z</time>
      </trkpt>
      <trkpt lat="51.135333" lon="13.038568">
        <ele>164.859638</ele>
        <time>2026-05-01T15:14:19.578Z</time>
      </trkpt>
      <trkpt lat="51.135001" lon="13.040753">
        <ele>164.319800</ele>
        <time>2026-05-01T15:14:55.848Z</time>
      </trkpt>
      <trkpt lat="51.134900" lon="13.042263">
        <ele>164.156683</ele>
        <time>2026-05-01T15:15:17.804Z</time>
      </trkpt>
      <trkpt lat="51.134705" lon="13.043649">
        <ele>163.390534</ele>
        <time>2026-05-01T15:15:35.681Z</time>
      </trkpt>
      <trkpt lat="51.134345" lon="13.044745">
        <ele>162.721427</ele>
        <time>2026-05-01T15:15:49.507Z</time>
      </trkpt>
      <trkpt lat="51.134265" lon="13.044863">
        <ele>162.595475</ele>
        <time>2026-05-01T15:15:51.421Z</time>
      </trkpt>
      <trkpt lat="51.134104" lon="13.045013">
        <ele>162.379990</ele>
        <time>2026-05-01T15:15:54.814Z</time>
      </trkpt>
      <trkpt lat="51.133926" lon="13.045068">
        <ele>162.170491</ele>
        <time>2026-05-01T15:15:58.115Z</time>
      </trkpt>
      <trkpt lat="51.133757" lon="13.044896">
        <ele>161.938796</ele>
        <time>2026-05-01T15:16:01.747Z</time>
      </trkpt>
      <trkpt lat="51.133619" lon="13.045201">
        <ele>161.666165</ele>
        <time>2026-05-01T15:16:06.144Z</time>
      </trkpt>
      <trkpt lat="51.133216" lon="13.045785">
        <ele>161.036786</ele>
        <time>2026-05-01T15:16:16.281Z</time>
      </trkpt>
      <trkpt lat="51.131498" lon="13.047755">
        <ele>159.861094</ele>
        <time>2026-05-01T15:16:59.508Z</time>
      </trkpt>
      <trkpt lat="51.131040" lon="13.048365">
        <ele>160.541405</ele>
        <time>2026-05-01T15:17:11.564Z</time>
      </trkpt>
      <trkpt lat="51.130617" lon="13.049110">
        <ele>161.288364</ele>
        <time>2026-05-01T15:17:29.706Z</time>
      </trkpt>
      <trkpt lat="51.130385" lon="13.049655">
        <ele>161.777992</ele>
        <time>2026-05-01T15:17:43.077Z</time>
      </trkpt>
      <trkpt lat="51.130270" lon="13.050065">
        <ele>162.159757</ele>
        <time>2026-05-01T15:17:52.391Z</time>
      </trkpt>
      <trkpt lat="51.130123" lon="13.050664">
        <ele>162.817968</ele>
        <time>2026-05-01T15:18:07.288Z</time>
      </trkpt>
      <trkpt lat="51.129996" lon="13.051144">
        <ele>163.351066</ele>
        <time>2026-05-01T15:18:20.237Z</time>
      </trkpt>
      <trkpt lat="51.129978" lon="13.051251">
        <ele>163.464434</ele>
        <time>2026-05-01T15:18:22.821Z</time>
      </trkpt>
      <trkpt lat="51.129987" lon="13.051353">
        <ele>163.569846</ele>
        <time>2026-05-01T15:18:25.532Z</time>
      </trkpt>
      <trkpt lat="51.130052" lon="13.051572">
        <ele>163.817770</ele>
        <time>2026-05-01T15:18:31.237Z</time>
      </trkpt>
      <trkpt lat="51.130039" lon="13.051825">
        <ele>164.077552</ele>
        <time>2026-05-01T15:18:36.635Z</time>
      </trkpt>
      <trkpt lat="51.130135" lon="13.052107">
        <ele>164.405874</ele>
        <time>2026-05-01T15:18:42.341Z</time>
      </trkpt>
      <trkpt lat="51.130237" lon="13.052373">
        <ele>164.724890</ele>
        <time>2026-05-01T15:18:46.676Z</time>
      </trkpt>
      <trkpt lat="51.130423" lon="13.053204">
        <ele>164.828538</ele>
        <time>2026-05-01T15:18:58.998Z</time>
      </trkpt>
      <trkpt lat="51.130608" lon="13.054752">
        <ele>164.625655</ele>
        <time>2026-05-01T15:19:20.051Z</time>
      </trkpt>
      <trkpt lat="51.130666" lon="13.055515">
        <ele>164.518532</ele>
        <time>2026-05-01T15:19:32.014Z</time>
      </trkpt>
      <trkpt lat="51.130722" lon="13.055872">
        <ele>164.453671</ele>
        <time>2026-05-01T15:19:38.083Z</time>
      </trkpt>
      <trkpt lat="51.130805" lon="13.056174">
        <ele>164.395560</ele>
        <time>2026-05-01T15:19:43.370Z</time>
      </trkpt>
      <trkpt lat="51.130943" lon="13.056533">
        <ele>164.321355</ele>
        <time>2026-05-01T15:19:50.201Z</time>
      </trkpt>
      <trkpt lat="51.130975" lon="13.056708">
        <ele>164.289227</ele>
        <time>2026-05-01T15:19:53.085Z</time>
      </trkpt>
      <trkpt lat="51.130978" lon="13.056907">
        <ele>164.254142</ele>
        <time>2026-05-01T15:19:56.157Z</time>
      </trkpt>
      <trkpt lat="51.130937" lon="13.057312">
        <ele>164.181834</ele>
        <time>2026-05-01T15:20:02.239Z</time>
      </trkpt>
      <trkpt lat="51.130936" lon="13.057840">
        <ele>164.088769</ele>
        <time>2026-05-01T15:20:09.422Z</time>
      </trkpt>
      <trkpt lat="51.131240" lon="13.059370">
        <ele>163.815339</ele>
        <time>2026-05-01T15:20:31.973Z</time>
      </trkpt>
      <trkpt lat="51.131407" lon="13.060258">
        <ele>163.658432</ele>
        <time>2026-05-01T15:20:44.295Z</time>
      </trkpt>
      <trkpt lat="51.131436" lon="13.060448">
        <ele>163.625335</ele>
        <time>2026-05-01T15:20:46.970Z</time>
      </trkpt>
      <trkpt lat="51.131585" lon="13.061423">
        <ele>163.523340</ele>
        <time>2026-05-01T15:21:02.828Z</time>
      </trkpt>
      <trkpt lat="51.131571" lon="13.061813">
        <ele>163.500762</ele>
        <time>2026-05-01T15:21:08.575Z</time>
      </trkpt>
      <trkpt lat="51.131561" lon="13.061870">
        <ele>163.497341</ele>
        <time>2026-05-01T15:21:09.421Z</time>
      </trkpt>
      <trkpt lat="51.131505" lon="13.061962">
        <ele>163.489933</ele>
        <time>2026-05-01T15:21:11.058Z</time>
      </trkpt>
      <trkpt lat="51.131677" lon="13.062527">
        <ele>163.453637</ele>
        <time>2026-05-01T15:21:19.054Z</time>
      </trkpt>
      <trkpt lat="51.131800" lon="13.062900">
        <ele>163.429283</ele>
        <time>2026-05-01T15:21:24.342Z</time>
      </trkpt>
      <trkpt lat="51.131757" lon="13.063113">
        <ele>163.416350</ele>
        <time>2026-05-01T15:21:27.134Z</time>
      </trkpt>
      <trkpt lat="51.131582" lon="13.064764">
        <ele>163.638814</ele>
        <time>2026-05-01T15:21:50.523Z</time>
      </trkpt>
      <trkpt lat="51.131589" lon="13.064974">
        <ele>163.679603</ele>
        <time>2026-05-01T15:21:53.480Z</time>
      </trkpt>
      <trkpt lat="51.131691" lon="13.065523">
        <ele>163.790657</ele>
        <time>2026-05-01T15:22:02.019Z</time>
      </trkpt>
      <trkpt lat="51.131824" lon="13.065992">
        <ele>163.890481</ele>
        <time>2026-05-01T15:22:10.191Z</time>
      </trkpt>
      <trkpt lat="51.131959" lon="13.066600">
        <ele>164.062486</ele>
        <time>2026-05-01T15:22:20.852Z</time>
      </trkpt>
      <trkpt lat="51.132014" lon="13.067486">
        <ele>164.356493</ele>
        <time>2026-05-01T15:22:35.195Z</time>
      </trkpt>
      <trkpt lat="51.132256" lon="13.068406">
        <ele>164.685909</ele>
        <time>2026-05-01T15:22:51.396Z</time>
      </trkpt>
      <trkpt lat="51.132364" lon="13.068734">
        <ele>164.808227</ele>
        <time>2026-05-01T15:22:57.042Z</time>
      </trkpt>
      <trkpt lat="51.132484" lon="13.069259">
        <ele>164.910981</ele>
        <time>2026-05-01T15:23:05.017Z</time>
      </trkpt>
      <trkpt lat="51.132628" lon="13.069670">
        <ele>164.936002</ele>
        <time>2026-05-01T15:23:11.515Z</time>
      </trkpt>
      <trkpt lat="51.132680" lon="13.070499">
        <ele>164.980288</ele>
        <time>2026-05-01T15:23:22.563Z</time>
      </trkpt>
      <trkpt lat="51.132757" lon="13.071255">
        <ele>165.020999</ele>
        <time>2026-05-01T15:23:32.489Z</time>
      </trkpt>
      <trkpt lat="51.132872" lon="13.071746">
        <ele>165.055972</ele>
        <time>2026-05-01T15:23:39.011Z</time>
      </trkpt>
      <trkpt lat="51.132904" lon="13.072030">
        <ele>165.162041</ele>
        <time>2026-05-01T15:23:42.958Z</time>
      </trkpt>
      <trkpt lat="51.132928" lon="13.072963">
        <ele>165.505306</ele>
        <time>2026-05-01T15:23:57.605Z</time>
      </trkpt>
      <trkpt lat="51.133037" lon="13.074052">
        <ele>165.910689</ele>
        <time>2026-05-01T15:24:17.123Z</time>
      </trkpt>
      <trkpt lat="51.133086" lon="13.075622">
        <ele>166.214329</ele>
        <time>2026-05-01T15:24:43.161Z</time>
      </trkpt>
      <trkpt lat="51.133181" lon="13.076125">
        <ele>166.270685</ele>
        <time>2026-05-01T15:24:50.572Z</time>
      </trkpt>
      <trkpt lat="51.133269" lon="13.077516">
        <ele>166.364502</ele>
        <time>2026-05-01T15:25:08.889Z</time>
      </trkpt>
      <trkpt lat="51.133367" lon="13.077929">
        <ele>166.187214</ele>
        <time>2026-05-01T15:25:14.279Z</time>
      </trkpt>
      <trkpt lat="51.133445" lon="13.078371">
        <ele>166.002858</ele>
        <time>2026-05-01T15:25:20.534Z</time>
      </trkpt>
      <trkpt lat="51.133493" lon="13.078952">
        <ele>165.767563</ele>
        <time>2026-05-01T15:25:28.558Z</time>
      </trkpt>
      <trkpt lat="51.133478" lon="13.079950">
        <ele>165.366732</ele>
        <time>2026-05-01T15:25:42.063Z</time>
      </trkpt>
      <trkpt lat="51.133359" lon="13.080794">
        <ele>165.105691</ele>
        <time>2026-05-01T15:25:52.812Z</time>
      </trkpt>
      <trkpt lat="51.133123" lon="13.081621">
        <ele>164.872864</ele>
        <time>2026-05-01T15:26:04.849Z</time>
      </trkpt>
      <trkpt lat="51.133057" lon="13.082369">
        <ele>164.679282</ele>
        <time>2026-05-01T15:26:15.322Z</time>
      </trkpt>
      <trkpt lat="51.132863" lon="13.083684">
        <ele>164.402588</ele>
        <time>2026-05-01T15:26:34.180Z</time>
      </trkpt>
      <trkpt lat="51.132722" lon="13.084298">
        <ele>164.296226</ele>
        <time>2026-05-01T15:26:42.989Z</time>
      </trkpt>
      <trkpt lat="51.132720" lon="13.084395">
        <ele>164.280437</ele>
        <time>2026-05-01T15:26:44.295Z</time>
      </trkpt>
      <trkpt lat="51.132779" lon="13.084907">
        <ele>164.195754</ele>
        <time>2026-05-01T15:26:51.166Z</time>
      </trkpt>
      <trkpt lat="51.132844" lon="13.085265">
        <ele>164.135126</ele>
        <time>2026-05-01T15:26:56.005Z</time>
      </trkpt>
      <trkpt lat="51.133034" lon="13.086092">
        <ele>164.019717</ele>
        <time>2026-05-01T15:27:07.191Z</time>
      </trkpt>
      <trkpt lat="51.133137" lon="13.086642">
        <ele>163.966217</ele>
        <time>2026-05-01T15:27:14.494Z</time>
      </trkpt>
      <trkpt lat="51.133156" lon="13.086856">
        <ele>163.946072</ele>
        <time>2026-05-01T15:27:17.286Z</time>
      </trkpt>
      <trkpt lat="51.133147" lon="13.087149">
        <ele>163.918728</ele>
        <time>2026-05-01T15:27:21.111Z</time>
      </trkpt>
      <trkpt lat="51.133046" lon="13.087941">
        <ele>163.843397</ele>
        <time>2026-05-01T15:27:32.055Z</time>
      </trkpt>
      <trkpt lat="51.133128" lon="13.088473">
        <ele>163.792335</ele>
        <time>2026-05-01T15:27:40.002Z</time>
      </trkpt>
      <trkpt lat="51.133371" lon="13.089535">
        <ele>164.193661</ele>
        <time>2026-05-01T15:27:57.584Z</time>
      </trkpt>
      <trkpt lat="51.133393" lon="13.089718">
        <ele>164.261765</ele>
        <time>2026-05-01T15:28:00.572Z</time>
      </trkpt>
      <trkpt lat="51.133381" lon="13.089970">
        <ele>164.354137</ele>
        <time>2026-05-01T15:28:04.644Z</time>
      </trkpt>
      <trkpt lat="51.133366" lon="13.090071">
        <ele>164.392073</ele>
        <time>2026-05-01T15:28:06.309Z</time>
      </trkpt>
      <trkpt lat="51.133311" lon="13.090551">
        <ele>164.570417</ele>
        <time>2026-05-01T15:28:14.044Z</time>
      </trkpt>
      <trkpt lat="51.133316" lon="13.090670">
        <ele>164.614010</ele>
        <time>2026-05-01T15:28:15.887Z</time>
      </trkpt>
      <trkpt lat="51.133638" lon="13.092462">
        <ele>165.819465</ele>
        <time>2026-05-01T15:28:43.906Z</time>
      </trkpt>
      <trkpt lat="51.133721" lon="13.092678">
        <ele>166.018046</ele>
        <time>2026-05-01T15:28:47.856Z</time>
      </trkpt>
      <trkpt lat="51.133792" lon="13.092806">
        <ele>166.151991</ele>
        <time>2026-05-01T15:28:50.753Z</time>
      </trkpt>
      <trkpt lat="51.133795" lon="13.092891">
        <ele>166.218739</ele>
        <time>2026-05-01T15:28:52.239Z</time>
      </trkpt>
      <trkpt lat="51.133795" lon="13.092892">
        <ele>166.219523</ele>
        <time>2026-05-01T15:28:52.242Z</time>
      </trkpt>
      <trkpt lat="51.133227" lon="13.093603">
        <ele>167.142169</ele>
        <time>2026-05-01T15:29:13.792Z</time>
      </trkpt>
      <trkpt lat="51.133319" lon="13.093827">
        <ele>167.466452</ele>
        <time>2026-05-01T15:29:19.403Z</time>
      </trkpt>
      <trkpt lat="51.133538" lon="13.094516">
        <ele>168.401995</ele>
        <time>2026-05-01T15:29:35.809Z</time>
      </trkpt>
      <trkpt lat="51.133917" lon="13.095468">
        <ele>169.767638</ele>
        <time>2026-05-01T15:29:59.375Z</time>
      </trkpt>
      <trkpt lat="51.134076" lon="13.095303">
        <ele>170.133898</ele>
        <time>2026-05-01T15:30:05.299Z</time>
      </trkpt>
      <trkpt lat="51.134200" lon="13.095604">
        <ele>170.562264</ele>
        <time>2026-05-01T15:30:11.997Z</time>
      </trkpt>
      <trkpt lat="51.134373" lon="13.095642">
        <ele>170.700243</ele>
        <time>2026-05-01T15:30:16.772Z</time>
      </trkpt>
      <trkpt lat="51.134513" lon="13.095748">
        <ele>170.822706</ele>
        <time>2026-05-01T15:30:20.804Z</time>
      </trkpt>
      <trkpt lat="51.134645" lon="13.095910">
        <ele>170.954341</ele>
        <time>2026-05-01T15:30:24.879Z</time>
      </trkpt>
      <trkpt lat="51.134781" lon="13.096204">
        <ele>171.135427</ele>
        <time>2026-05-01T15:30:30.085Z</time>
      </trkpt>
      <trkpt lat="51.135009" lon="13.098221">
        <ele>172.230350</ele>
        <time>2026-05-01T15:30:57.737Z</time>
      </trkpt>
      <trkpt lat="51.135015" lon="13.099082">
        <ele>172.851195</ele>
        <time>2026-05-01T15:31:10.551Z</time>
      </trkpt>
      <trkpt lat="51.135044" lon="13.099291">
        <ele>173.005530</ele>
        <time>2026-05-01T15:31:14.317Z</time>
      </trkpt>
      <trkpt lat="51.135328" lon="13.100046">
        <ele>173.640227</ele>
        <time>2026-05-01T15:31:31.586Z</time>
      </trkpt>
      <trkpt lat="51.135367" lon="13.100141">
        <ele>173.722082</ele>
        <time>2026-05-01T15:31:34.182Z</time>
      </trkpt>
      <trkpt lat="51.135167" lon="13.100347">
        <ele>173.995717</ele>
        <time>2026-05-01T15:31:41.981Z</time>
      </trkpt>
      <trkpt lat="51.135033" lon="13.100562">
        <ele>174.158496</ele>
        <time>2026-05-01T15:31:48.110Z</time>
      </trkpt>
      <trkpt lat="51.134932" lon="13.100784">
        <ele>174.291205</ele>
        <time>2026-05-01T15:31:53.509Z</time>
      </trkpt>
      <trkpt lat="51.134783" lon="13.101116">
        <ele>174.488749</ele>
        <time>2026-05-01T15:32:01.384Z</time>
      </trkpt>
      <trkpt lat="51.134746" lon="13.101214">
        <ele>174.544101</ele>
        <time>2026-05-01T15:32:03.715Z</time>
      </trkpt>
      <trkpt lat="51.134681" lon="13.101396">
        <ele>174.645450</ele>
        <time>2026-05-01T15:32:07.735Z</time>
      </trkpt>
      <trkpt lat="51.135131" lon="13.101809">
        <ele>175.045964</ele>
        <time>2026-05-01T15:32:20.882Z</time>
      </trkpt>
      <trkpt lat="51.135434" lon="13.102187">
        <ele>175.342746</ele>
        <time>2026-05-01T15:32:28.368Z</time>
      </trkpt>
      <trkpt lat="51.136092" lon="13.103215">
        <ele>175.286745</ele>
        <time>2026-05-01T15:32:45.698Z</time>
      </trkpt>
      <trkpt lat="51.136189" lon="13.103423">
        <ele>175.257430</ele>
        <time>2026-05-01T15:32:49.119Z</time>
      </trkpt>
      <trkpt lat="51.136220" lon="13.103568">
        <ele>175.240101</ele>
        <time>2026-05-01T15:32:51.123Z</time>
      </trkpt>
      <trkpt lat="51.136222" lon="13.103715">
        <ele>175.223469</ele>
        <time>2026-05-01T15:32:53.130Z</time>
      </trkpt>
      <trkpt lat="51.136185" lon="13.104057">
        <ele>175.184211</ele>
        <time>2026-05-01T15:32:57.982Z</time>
      </trkpt>
      <trkpt lat="51.136196" lon="13.104213">
        <ele>175.166453</ele>
        <time>2026-05-01T15:33:00.272Z</time>
      </trkpt>
      <trkpt lat="51.136261" lon="13.104626">
        <ele>175.118288</ele>
        <time>2026-05-01T15:33:06.491Z</time>
      </trkpt>
      <trkpt lat="51.136336" lon="13.105382">
        <ele>175.277131</ele>
        <time>2026-05-01T15:33:17.740Z</time>
      </trkpt>
      <trkpt lat="51.136364" lon="13.105495">
        <ele>175.307748</ele>
        <time>2026-05-01T15:33:19.543Z</time>
      </trkpt>
      <trkpt lat="51.136527" lon="13.105849">
        <ele>175.418401</ele>
        <time>2026-05-01T15:33:26.077Z</time>
      </trkpt>
      <trkpt lat="51.136891" lon="13.106423">
        <ele>175.624059</ele>
        <time>2026-05-01T15:33:37.628Z</time>
      </trkpt>
      <trkpt lat="51.136975" lon="13.106696">
        <ele>175.700683</ele>
        <time>2026-05-01T15:33:41.886Z</time>
      </trkpt>
      <trkpt lat="51.137655" lon="13.109696">
        <ele>177.473385</ele>
        <time>2026-05-01T15:34:34.013Z</time>
      </trkpt>
      <trkpt lat="51.137788" lon="13.110224">
        <ele>177.905030</ele>
        <time>2026-05-01T15:34:44.130Z</time>
      </trkpt>
      <trkpt lat="51.137985" lon="13.110798">
        <ele>178.448992</ele>
        <time>2026-05-01T15:34:56.380Z</time>
      </trkpt>
      <trkpt lat="51.138271" lon="13.111468">
        <ele>179.122729</ele>
        <time>2026-05-01T15:35:11.812Z</time>
      </trkpt>
      <trkpt lat="51.138634" lon="13.112009">
        <ele>179.781270</ele>
        <time>2026-05-01T15:35:27.890Z</time>
      </trkpt>
      <trkpt lat="51.139218" lon="13.113244">
        <ele>180.055574</ele>
        <time>2026-05-01T15:35:51.834Z</time>
      </trkpt>
      <trkpt lat="51.139354" lon="13.113445">
        <ele>180.073984</ele>
        <time>2026-05-01T15:35:55.524Z</time>
      </trkpt>
      <trkpt lat="51.139594" lon="13.113721">
        <ele>180.103361</ele>
        <time>2026-05-01T15:36:01.232Z</time>
      </trkpt>
      <trkpt lat="51.139862" lon="13.114013">
        <ele>180.135585</ele>
        <time>2026-05-01T15:36:07.373Z</time>
      </trkpt>
      <trkpt lat="51.140252" lon="13.114558">
        <ele>180.142511</ele>
        <time>2026-05-01T15:36:16.875Z</time>
      </trkpt>
      <trkpt lat="51.140421" lon="13.114841">
        <ele>180.135742</ele>
        <time>2026-05-01T15:36:21.418Z</time>
      </trkpt>
      <trkpt lat="51.140541" lon="13.115146">
        <ele>180.129504</ele>
        <time>2026-05-01T15:36:26.010Z</time>
      </trkpt>
      <trkpt lat="51.140742" lon="13.115856">
        <ele>180.116009</ele>
        <time>2026-05-01T15:36:36.833Z</time>
      </trkpt>
      <trkpt lat="51.140896" lon="13.116241">
        <ele>180.108098</ele>
        <time>2026-05-01T15:36:43.751Z</time>
      </trkpt>
      <trkpt lat="51.141247" lon="13.116882">
        <ele>180.497242</ele>
        <time>2026-05-01T15:36:57.703Z</time>
      </trkpt>
      <trkpt lat="51.141491" lon="13.117301">
        <ele>180.922960</ele>
        <time>2026-05-01T15:37:07.637Z</time>
      </trkpt>
      <trkpt lat="51.141601" lon="13.117592">
        <ele>181.175957</ele>
        <time>2026-05-01T15:37:13.610Z</time>
      </trkpt>
      <trkpt lat="51.141639" lon="13.117877">
        <ele>181.392932</ele>
        <time>2026-05-01T15:37:19.087Z</time>
      </trkpt>
      <trkpt lat="51.141655" lon="13.118318">
        <ele>181.721887</ele>
        <time>2026-05-01T15:37:27.793Z</time>
      </trkpt>
      <trkpt lat="51.141649" lon="13.118446">
        <ele>181.817472</ele>
        <time>2026-05-01T15:37:30.404Z</time>
      </trkpt>
      <trkpt lat="51.141708" lon="13.118694">
        <ele>182.014986</ele>
        <time>2026-05-01T15:37:35.660Z</time>
      </trkpt>
      <trkpt lat="51.141762" lon="13.118808">
        <ele>182.121358</ele>
        <time>2026-05-01T15:37:38.418Z</time>
      </trkpt>
      <trkpt lat="51.141940" lon="13.119047">
        <ele>182.323744</ele>
        <time>2026-05-01T15:37:45.497Z</time>
      </trkpt>
      <trkpt lat="51.142301" lon="13.119352">
        <ele>182.585074</ele>
        <time>2026-05-01T15:37:57.314Z</time>
      </trkpt>
      <trkpt lat="51.143131" lon="13.120481">
        <ele>183.282981</ele>
        <time>2026-05-01T15:38:23.124Z</time>
      </trkpt>
      <trkpt lat="51.143707" lon="13.121125">
        <ele>183.437752</ele>
        <time>2026-05-01T15:38:36.552Z</time>
      </trkpt>
      <trkpt lat="51.144021" lon="13.121656">
        <ele>183.480087</ele>
        <time>2026-05-01T15:38:45.384Z</time>
      </trkpt>
      <trkpt lat="51.144092" lon="13.121865">
        <ele>183.493876</ele>
        <time>2026-05-01T15:38:48.337Z</time>
      </trkpt>
      <trkpt lat="51.144290" lon="13.122545">
        <ele>183.537368</ele>
        <time>2026-05-01T15:38:58.734Z</time>
      </trkpt>
      <trkpt lat="51.144566" lon="13.123239">
        <ele>183.926877</ele>
        <time>2026-05-01T15:39:13.225Z</time>
      </trkpt>
      <trkpt lat="51.144739" lon="13.123628">
        <ele>184.260993</ele>
        <time>2026-05-01T15:39:22.615Z</time>
      </trkpt>
      <trkpt lat="51.144994" lon="13.124321">
        <ele>184.823943</ele>
        <time>2026-05-01T15:39:37.671Z</time>
      </trkpt>
      <trkpt lat="51.145215" lon="13.124577">
        <ele>185.129076</ele>
        <time>2026-05-01T15:39:45.556Z</time>
      </trkpt>
      <trkpt lat="51.145702" lon="13.124849">
        <ele>185.709620</ele>
        <time>2026-05-01T15:39:59.736Z</time>
      </trkpt>
      <trkpt lat="51.146303" lon="13.125314">
        <ele>186.477707</ele>
        <time>2026-05-01T15:40:15.041Z</time>
      </trkpt>
      <trkpt lat="51.146574" lon="13.125585">
        <ele>186.845521</ele>
        <time>2026-05-01T15:40:21.572Z</time>
      </trkpt>
      <trkpt lat="51.146790" lon="13.125893">
        <ele>187.178725</ele>
        <time>2026-05-01T15:40:28.486Z</time>
      </trkpt>
      <trkpt lat="51.146927" lon="13.126161">
        <ele>187.428074</ele>
        <time>2026-05-01T15:40:34.375Z</time>
      </trkpt>
      <trkpt lat="51.147152" lon="13.126788">
        <ele>188.360762</ele>
        <time>2026-05-01T15:40:48.412Z</time>
      </trkpt>
      <trkpt lat="51.147132" lon="13.126877">
        <ele>188.517231</ele>
        <time>2026-05-01T15:40:50.379Z</time>
      </trkpt>
      <trkpt lat="51.147123" lon="13.127740">
        <ele>189.945768</ele>
        <time>2026-05-01T15:41:08.665Z</time>
      </trkpt>
      <trkpt lat="51.147080" lon="13.127958">
        <ele>190.323992</ele>
        <time>2026-05-01T15:41:13.738Z</time>
      </trkpt>
      <trkpt lat="51.147184" lon="13.128266">
        <ele>190.902914</ele>
        <time>2026-05-01T15:41:21.850Z</time>
      </trkpt>
      <trkpt lat="51.147140" lon="13.128415">
        <ele>191.175478</ele>
        <time>2026-05-01T15:41:25.805Z</time>
      </trkpt>
      <trkpt lat="51.146803" lon="13.130416">
        <ele>194.883915</ele>
        <time>2026-05-01T15:42:12.404Z</time>
      </trkpt>
      <trkpt lat="51.146714" lon="13.130982">
        <ele>195.970755</ele>
        <time>2026-05-01T15:42:24.450Z</time>
      </trkpt>
      <trkpt lat="51.146699" lon="13.131206">
        <ele>196.390347</ele>
        <time>2026-05-01T15:42:29.060Z</time>
      </trkpt>
      <trkpt lat="51.146719" lon="13.131569">
        <ele>197.069071</ele>
        <time>2026-05-01T15:42:36.518Z</time>
      </trkpt>
      <trkpt lat="51.146758" lon="13.131812">
        <ele>197.536259</ele>
        <time>2026-05-01T15:42:41.701Z</time>
      </trkpt>
      <trkpt lat="51.147102" lon="13.133242">
        <ele>200.184504</ele>
        <time>2026-05-01T15:43:13.610Z</time>
      </trkpt>
      <trkpt lat="51.147151" lon="13.133480">
        <ele>200.615377</ele>
        <time>2026-05-01T15:43:18.798Z</time>
      </trkpt>
      <trkpt lat="51.147214" lon="13.134000">
        <ele>201.526367</ele>
        <time>2026-05-01T15:43:29.703Z</time>
      </trkpt>
      <trkpt lat="51.147233" lon="13.134412">
        <ele>202.236967</ele>
        <time>2026-05-01T15:43:38.200Z</time>
      </trkpt>
      <trkpt lat="51.147201" lon="13.134835">
        <ele>202.896351</ele>
        <time>2026-05-01T15:43:47.012Z</time>
      </trkpt>
      <trkpt lat="51.147117" lon="13.135353">
        <ele>203.606029</ele>
        <time>2026-05-01T15:43:58.207Z</time>
      </trkpt>
      <trkpt lat="51.147028" lon="13.136199">
        <ele>204.743864</ele>
        <time>2026-05-01T15:44:16.180Z</time>
      </trkpt>
      <trkpt lat="51.146831" lon="13.138365">
        <ele>206.784213</ele>
        <time>2026-05-01T15:44:59.506Z</time>
      </trkpt>
      <trkpt lat="51.146707" lon="13.138843">
        <ele>206.975025</ele>
        <time>2026-05-01T15:45:07.285Z</time>
      </trkpt>
      <trkpt lat="51.146446" lon="13.139333">
        <ele>207.212152</ele>
        <time>2026-05-01T15:45:15.756Z</time>
      </trkpt>
      <trkpt lat="51.145919" lon="13.139967">
        <ele>207.413268</ele>
        <time>2026-05-01T15:45:28.056Z</time>
      </trkpt>
      <trkpt lat="51.144955" lon="13.141066">
        <ele>206.675301</ele>
        <time>2026-05-01T15:45:49.819Z</time>
      </trkpt>
      <trkpt lat="51.144687" lon="13.141564">
        <ele>206.418999</ele>
        <time>2026-05-01T15:45:58.223Z</time>
      </trkpt>
      <trkpt lat="51.144515" lon="13.142020">
        <ele>206.664936</ele>
        <time>2026-05-01T15:46:05.561Z</time>
      </trkpt>
      <trkpt lat="51.144447" lon="13.142682">
        <ele>207.069416</ele>
        <time>2026-05-01T15:46:15.679Z</time>
      </trkpt>
      <trkpt lat="51.144448" lon="13.143148">
        <ele>207.350400</ele>
        <time>2026-05-01T15:46:23.278Z</time>
      </trkpt>
      <trkpt lat="51.144780" lon="13.145817">
        <ele>209.602963</ele>
        <time>2026-05-01T15:47:14.285Z</time>
      </trkpt>
      <trkpt lat="51.144760" lon="13.146017">
        <ele>209.810695</ele>
        <time>2026-05-01T15:47:18.236Z</time>
      </trkpt>
      <trkpt lat="51.144688" lon="13.146229">
        <ele>210.057965</ele>
        <time>2026-05-01T15:47:22.855Z</time>
      </trkpt>
      <trkpt lat="51.144699" lon="13.146342">
        <ele>210.175258</ele>
        <time>2026-05-01T15:47:25.033Z</time>
      </trkpt>
      <trkpt lat="51.144783" lon="13.146471">
        <ele>210.365966</ele>
        <time>2026-05-01T15:47:28.540Z</time>
      </trkpt>
      <trkpt lat="51.144856" lon="13.146683">
        <ele>210.614018</ele>
        <time>2026-05-01T15:47:33.050Z</time>
      </trkpt>
      <trkpt lat="51.145129" lon="13.147023">
        <ele>211.139528</ele>
        <time>2026-05-01T15:47:43.367Z</time>
      </trkpt>
      <trkpt lat="51.145492" lon="13.147222">
        <ele>211.555635</ele>
        <time>2026-05-01T15:47:54.915Z</time>
      </trkpt>
      <trkpt lat="51.145420" lon="13.147406">
        <ele>211.703107</ele>
        <time>2026-05-01T15:47:59.107Z</time>
      </trkpt>
      <trkpt lat="51.145720" lon="13.147627">
        <ele>212.061351</ele>
        <time>2026-05-01T15:48:08.856Z</time>
      </trkpt>
      <trkpt lat="51.146413" lon="13.147974">
        <ele>212.848743</ele>
        <time>2026-05-01T15:48:27.844Z</time>
      </trkpt>
      <trkpt lat="51.146798" lon="13.148207">
        <ele>212.857008</ele>
        <time>2026-05-01T15:48:37.742Z</time>
      </trkpt>
      <trkpt lat="51.148893" lon="13.149797">
        <ele>211.094437</ele>
        <time>2026-05-01T15:49:22.013Z</time>
      </trkpt>
      <trkpt lat="51.149455" lon="13.150270">
        <ele>210.381574</ele>
        <time>2026-05-01T15:49:34.146Z</time>
      </trkpt>
      <trkpt lat="51.149858" lon="13.150686">
        <ele>209.779276</ele>
        <time>2026-05-01T15:49:43.214Z</time>
      </trkpt>
      <trkpt lat="51.149758" lon="13.151647">
        <ele>208.715200</ele>
        <time>2026-05-01T15:50:03.263Z</time>
      </trkpt>
      <trkpt lat="51.149391" lon="13.156532">
        <ele>202.964543</ele>
        <time>2026-05-01T15:51:40.258Z</time>
      </trkpt>
      <trkpt lat="51.149218" lon="13.157889">
        <ele>201.178300</ele>
        <time>2026-05-01T15:52:07.883Z</time>
      </trkpt>
      <trkpt lat="51.149221" lon="13.158401">
        <ele>200.517817</ele>
        <time>2026-05-01T15:52:18.135Z</time>
      </trkpt>
      <trkpt lat="51.149305" lon="13.159496">
        <ele>198.899597</ele>
        <time>2026-05-01T15:52:40.002Z</time>
      </trkpt>
      <trkpt lat="51.149435" lon="13.160330">
        <ele>197.423209</ele>
        <time>2026-05-01T15:52:56.759Z</time>
      </trkpt>
      <trkpt lat="51.149730" lon="13.161286">
        <ele>195.592841</ele>
        <time>2026-05-01T15:53:16.672Z</time>
      </trkpt>
      <trkpt lat="51.149893" lon="13.161967">
        <ele>194.288907</ele>
        <time>2026-05-01T15:53:29.802Z</time>
      </trkpt>
      <trkpt lat="51.150099" lon="13.163142">
        <ele>191.932628</ele>
        <time>2026-05-01T15:53:51.591Z</time>
      </trkpt>
      <trkpt lat="51.150171" lon="13.163368">
        <ele>191.443082</ele>
        <time>2026-05-01T15:53:56.158Z</time>
      </trkpt>
      <trkpt lat="51.150431" lon="13.163952">
        <ele>190.059988</ele>
        <time>2026-05-01T15:54:09.142Z</time>
      </trkpt>
      <trkpt lat="51.151107" lon="13.165431">
        <ele>187.697491</ele>
        <time>2026-05-01T15:54:28.911Z</time>
      </trkpt>
      <trkpt lat="51.151660" lon="13.165954">
        <ele>186.579044</ele>
        <time>2026-05-01T15:54:41.413Z</time>
      </trkpt>
      <trkpt lat="51.151742" lon="13.166009">
        <ele>186.424298</ele>
        <time>2026-05-01T15:54:43.211Z</time>
      </trkpt>
      <trkpt lat="51.151928" lon="13.166239">
        <ele>186.035821</ele>
        <time>2026-05-01T15:54:48.077Z</time>
      </trkpt>
      <trkpt lat="51.151971" lon="13.166466">
        <ele>185.848806</ele>
        <time>2026-05-01T15:54:51.352Z</time>
      </trkpt>
      <trkpt lat="51.151922" lon="13.166796">
        <ele>185.581351</ele>
        <time>2026-05-01T15:54:56.305Z</time>
      </trkpt>
      <trkpt lat="51.152077" lon="13.167119">
        <ele>185.260610</ele>
        <time>2026-05-01T15:55:02.350Z</time>
      </trkpt>
      <trkpt lat="51.152161" lon="13.167348">
        <ele>185.051389</ele>
        <time>2026-05-01T15:55:05.946Z</time>
      </trkpt>
      <trkpt lat="51.152161" lon="13.167718">
        <ele>184.759581</ele>
        <time>2026-05-01T15:55:10.730Z</time>
      </trkpt>
      <trkpt lat="51.152128" lon="13.168044">
        <ele>184.499148</ele>
        <time>2026-05-01T15:55:14.808Z</time>
      </trkpt>
      <trkpt lat="51.152141" lon="13.168216">
        <ele>184.362515</ele>
        <time>2026-05-01T15:55:16.888Z</time>
      </trkpt>
      <trkpt lat="51.152181" lon="13.168387">
        <ele>184.218580</ele>
        <time>2026-05-01T15:55:19.020Z</time>
      </trkpt>
      <trkpt lat="51.152236" lon="13.168495">
        <ele>184.108865</ele>
        <time>2026-05-01T15:55:20.601Z</time>
      </trkpt>
      <trkpt lat="51.152333" lon="13.168643">
        <ele>183.940049</ele>
        <time>2026-05-01T15:55:22.988Z</time>
      </trkpt>
      <trkpt lat="51.153021" lon="13.169417">
        <ele>181.930647</ele>
        <time>2026-05-01T15:55:37.022Z</time>
      </trkpt>
      <trkpt lat="51.153309" lon="13.169872">
        <ele>180.909472</ele>
        <time>2026-05-01T15:55:43.427Z</time>
      </trkpt>
      <trkpt lat="51.153464" lon="13.170222">
        <ele>180.232633</ele>
        <time>2026-05-01T15:55:47.722Z</time>
      </trkpt>
      <trkpt lat="51.153570" lon="13.170557">
        <ele>179.639892</ele>
        <time>2026-05-01T15:55:51.523Z</time>
      </trkpt>
      <trkpt lat="51.153719" lon="13.171255">
        <ele>178.798694</ele>
        <time>2026-05-01T15:55:59.170Z</time>
      </trkpt>
      <trkpt lat="51.153810" lon="13.171569">
        <ele>178.466875</ele>
        <time>2026-05-01T15:56:02.847Z</time>
      </trkpt>
      <trkpt lat="51.153937" lon="13.171880">
        <ele>178.110877</ele>
        <time>2026-05-01T15:56:06.876Z</time>
      </trkpt>
      <trkpt lat="51.154264" lon="13.173486">
        <ele>176.553894</ele>
        <time>2026-05-01T15:56:27.110Z</time>
      </trkpt>
      <trkpt lat="51.154212" lon="13.173996">
        <ele>176.604150</ele>
        <time>2026-05-01T15:56:34.873Z</time>
      </trkpt>
      <trkpt lat="51.154054" lon="13.174905">
        <ele>176.695896</ele>
        <time>2026-05-01T15:56:50.485Z</time>
      </trkpt>
      <trkpt lat="51.154020" lon="13.175095">
        <ele>176.715114</ele>
        <time>2026-05-01T15:56:53.871Z</time>
      </trkpt>
      <trkpt lat="51.154016" lon="13.175230">
        <ele>176.728259</ele>
        <time>2026-05-01T15:56:56.340Z</time>
      </trkpt>
      <trkpt lat="51.154040" lon="13.175286">
        <ele>176.734856</ele>
        <time>2026-05-01T15:56:57.605Z</time>
      </trkpt>
      <trkpt lat="51.154363" lon="13.175369">
        <ele>176.785590</ele>
        <time>2026-05-01T15:57:07.163Z</time>
      </trkpt>
      <trkpt lat="51.154727" lon="13.175632">
        <ele>176.920129</ele>
        <time>2026-05-01T15:57:18.027Z</time>
      </trkpt>
      <trkpt lat="51.155635" lon="13.176356">
        <ele>177.634027</ele>
        <time>2026-05-01T15:57:40.348Z</time>
      </trkpt>
      <trkpt lat="51.156432" lon="13.177048">
        <ele>178.926728</ele>
        <time>2026-05-01T15:58:05.117Z</time>
      </trkpt>
      <trkpt lat="51.156543" lon="13.177166">
        <ele>179.361000</ele>
        <time>2026-05-01T15:58:09.906Z</time>
      </trkpt>
      <trkpt lat="51.156624" lon="13.177330">
        <ele>179.787179</ele>
        <time>2026-05-01T15:58:14.850Z</time>
      </trkpt>
      <trkpt lat="51.156574" lon="13.177566">
        <ele>180.295747</ele>
        <time>2026-05-01T15:58:22.871Z</time>
      </trkpt>
      <trkpt lat="51.156265" lon="13.177991">
        <ele>181.624131</ele>
        <time>2026-05-01T15:58:44.758Z</time>
      </trkpt>
      <trkpt lat="51.156147" lon="13.178245">
        <ele>182.269467</ele>
        <time>2026-05-01T15:58:55.959Z</time>
      </trkpt>
      <trkpt lat="51.156091" lon="13.178738">
        <ele>183.292367</ele>
        <time>2026-05-01T15:59:14.295Z</time>
      </trkpt>
      <trkpt lat="51.155978" lon="13.180613">
        <ele>188.984167</ele>
        <time>2026-05-01T16:00:19.264Z</time>
      </trkpt>
      <trkpt lat="51.155969" lon="13.181190">
        <ele>190.844214</ele>
        <time>2026-05-01T16:00:34.478Z</time>
      </trkpt>
      <trkpt lat="51.156000" lon="13.181449">
        <ele>191.693944</ele>
        <time>2026-05-01T16:00:41.874Z</time>
      </trkpt>
      <trkpt lat="51.156318" lon="13.182299">
        <ele>195.314331</ele>
        <time>2026-05-01T16:01:11.847Z</time>
      </trkpt>
      <trkpt lat="51.156943" lon="13.183526">
        <ele>201.702950</ele>
        <time>2026-05-01T16:02:03.671Z</time>
      </trkpt>
      <trkpt lat="51.157179" lon="13.184067">
        <ele>204.366366</ele>
        <time>2026-05-01T16:02:24.390Z</time>
      </trkpt>
      <trkpt lat="51.157240" lon="13.184302">
        <ele>205.271087</ele>
        <time>2026-05-01T16:02:32.198Z</time>
      </trkpt>
      <trkpt lat="51.157301" lon="13.184586">
        <ele>206.241427</ele>
        <time>2026-05-01T16:02:41.276Z</time>
      </trkpt>
      <trkpt lat="51.157698" lon="13.187810">
        <ele>215.788119</ele>
        <time>2026-05-01T16:04:10.447Z</time>
      </trkpt>
      <trkpt lat="51.157546" lon="13.188213">
        <ele>216.728055</ele>
        <time>2026-05-01T16:04:20.882Z</time>
      </trkpt>
      <trkpt lat="51.156862" lon="13.189707">
        <ele>220.028382</ele>
        <time>2026-05-01T16:04:54.694Z</time>
      </trkpt>
      <trkpt lat="51.156345" lon="13.190602">
        <ele>220.962440</ele>
        <time>2026-05-01T16:05:12.197Z</time>
      </trkpt>
      <trkpt lat="51.156024" lon="13.191123">
        <ele>221.523088</ele>
        <time>2026-05-01T16:05:21.614Z</time>
      </trkpt>
      <trkpt lat="51.155672" lon="13.191568">
        <ele>222.215677</ele>
        <time>2026-05-01T16:05:32.004Z</time>
      </trkpt>
      <trkpt lat="51.155396" lon="13.191901">
        <ele>223.307516</ele>
        <time>2026-05-01T16:05:41.785Z</time>
      </trkpt>
      <trkpt lat="51.155080" lon="13.192153">
        <ele>224.422083</ele>
        <time>2026-05-01T16:05:53.104Z</time>
      </trkpt>
      <trkpt lat="51.154564" lon="13.192554">
        <ele>226.232882</ele>
        <time>2026-05-01T16:06:14.514Z</time>
      </trkpt>
      <trkpt lat="51.154456" lon="13.192786">
        <ele>226.804527</ele>
        <time>2026-05-01T16:06:22.013Z</time>
      </trkpt>
      <trkpt lat="51.153961" lon="13.194284">
        <ele>231.139681</ele>
        <time>2026-05-01T16:07:09.270Z</time>
      </trkpt>
      <trkpt lat="51.153901" lon="13.194408">
        <ele>231.571726</ele>
        <time>2026-05-01T16:07:13.579Z</time>
      </trkpt>
      <trkpt lat="51.153483" lon="13.194943">
        <ele>233.929349</ele>
        <time>2026-05-01T16:07:37.399Z</time>
      </trkpt>
      <trkpt lat="51.152500" lon="13.196014">
        <ele>237.763490</ele>
        <time>2026-05-01T16:08:24.905Z</time>
      </trkpt>
      <trkpt lat="51.151292" lon="13.197579">
        <ele>241.486571</ele>
        <time>2026-05-01T16:09:04.259Z</time>
      </trkpt>
      <trkpt lat="51.151069" lon="13.197889">
        <ele>242.047074</ele>
        <time>2026-05-01T16:09:11.094Z</time>
      </trkpt>
      <trkpt lat="51.150919" lon="13.198163">
        <ele>242.479231</ele>
        <time>2026-05-01T16:09:16.748Z</time>
      </trkpt>
      <trkpt lat="51.150857" lon="13.198365">
        <ele>242.746464</ele>
        <time>2026-05-01T16:09:20.513Z</time>
      </trkpt>
      <trkpt lat="51.150815" lon="13.198608">
        <ele>243.045984</ele>
        <time>2026-05-01T16:09:24.959Z</time>
      </trkpt>
      <trkpt lat="51.150756" lon="13.199638">
        <ele>244.504080</ele>
        <time>2026-05-01T16:09:46.148Z</time>
      </trkpt>
      <trkpt lat="51.150642" lon="13.200213">
        <ele>245.567980</ele>
        <time>2026-05-01T16:10:00.667Z</time>
      </trkpt>
      <trkpt lat="51.150450" lon="13.200864">
        <ele>246.837117</ele>
        <time>2026-05-01T16:10:19.104Z</time>
      </trkpt>
      <trkpt lat="51.149473" lon="13.202951">
        <ele>250.123267</ele>
        <time>2026-05-01T16:11:18.972Z</time>
      </trkpt>
      <trkpt lat="51.149384" lon="13.203090">
        <ele>250.295336</ele>
        <time>2026-05-01T16:11:22.030Z</time>
      </trkpt>
      <trkpt lat="51.149216" lon="13.203192">
        <ele>250.543608</ele>
        <time>2026-05-01T16:11:26.095Z</time>
      </trkpt>
      <trkpt lat="51.149347" lon="13.204245">
        <ele>251.168288</ele>
        <time>2026-05-01T16:11:38.891Z</time>
      </trkpt>
      <trkpt lat="51.149477" lon="13.204949">
        <ele>250.292444</ele>
        <time>2026-05-01T16:11:46.733Z</time>
      </trkpt>
      <trkpt lat="51.149599" lon="13.205280">
        <ele>249.834265</ele>
        <time>2026-05-01T16:11:50.836Z</time>
      </trkpt>
      <trkpt lat="51.149477" lon="13.204949">
        <ele>249.376086</ele>
        <time>2026-05-01T16:11:54.996Z</time>
      </trkpt>
      <trkpt lat="51.149307" lon="13.205016">
        <ele>249.042913</ele>
        <time>2026-05-01T16:11:57.971Z</time>
      </trkpt>
      <trkpt lat="51.149171" lon="13.205003">
        <ele>248.783700</ele>
        <time>2026-05-01T16:12:00.287Z</time>
      </trkpt>
      <trkpt lat="51.148978" lon="13.204910">
        <ele>248.400097</ele>
        <time>2026-05-01T16:12:03.693Z</time>
      </trkpt>
      <trkpt lat="51.148598" lon="13.204643">
        <ele>247.412209</ele>
        <time>2026-05-01T16:12:10.778Z</time>
      </trkpt>
      <trkpt lat="51.148460" lon="13.204870">
        <ele>246.796636</ele>
        <time>2026-05-01T16:12:16.728Z</time>
      </trkpt>
      <trkpt lat="51.148111" lon="13.205247">
        <ele>245.487913</ele>
        <time>2026-05-01T16:12:29.210Z</time>
      </trkpt>
      <trkpt lat="51.147986" lon="13.205431">
        <ele>244.959741</ele>
        <time>2026-05-01T16:12:34.226Z</time>
      </trkpt>
      <trkpt lat="51.147034" lon="13.207338">
        <ele>240.279847</ele>
        <time>2026-05-01T16:13:18.660Z</time>
      </trkpt>
      <trkpt lat="51.146739" lon="13.207837">
        <ele>238.986142</ele>
        <time>2026-05-01T16:13:31.122Z</time>
      </trkpt>
      <trkpt lat="51.146399" lon="13.208538">
        <ele>237.314278</ele>
        <time>2026-05-01T16:13:47.418Z</time>
      </trkpt>
      <trkpt lat="51.146223" lon="13.209101">
        <ele>236.724129</ele>
        <time>2026-05-01T16:13:59.190Z</time>
      </trkpt>
      <trkpt lat="51.146022" lon="13.210507">
        <ele>236.026511</ele>
        <time>2026-05-01T16:14:28.485Z</time>
      </trkpt>
      <trkpt lat="51.144967" lon="13.214664">
        <ele>236.920618</ele>
        <time>2026-05-01T16:16:22.503Z</time>
      </trkpt>
      <trkpt lat="51.144829" lon="13.215051">
        <ele>237.244707</ele>
        <time>2026-05-01T16:16:34.341Z</time>
      </trkpt>
      <trkpt lat="51.144374" lon="13.215695">
        <ele>237.950860</ele>
        <time>2026-05-01T16:17:00.219Z</time>
      </trkpt>
      <trkpt lat="51.143873" lon="13.216086">
        <ele>238.623911</ele>
        <time>2026-05-01T16:17:16.293Z</time>
      </trkpt>
      <trkpt lat="51.142662" lon="13.217276">
        <ele>241.340676</ele>
        <time>2026-05-01T16:17:59.389Z</time>
      </trkpt>
      <trkpt lat="51.142619" lon="13.217448">
        <ele>241.562506</ele>
        <time>2026-05-01T16:18:03.161Z</time>
      </trkpt>
      <trkpt lat="51.142532" lon="13.217593">
        <ele>241.802887</ele>
        <time>2026-05-01T16:18:07.293Z</time>
      </trkpt>
      <trkpt lat="51.141924" lon="13.218158">
        <ele>243.537900</ele>
        <time>2026-05-01T16:18:30.703Z</time>
      </trkpt>
      <trkpt lat="51.141939" lon="13.218289">
        <ele>243.751521</ele>
        <time>2026-05-01T16:18:33.446Z</time>
      </trkpt>
      <trkpt lat="51.142199" lon="13.219195">
        <ele>245.349748</ele>
        <time>2026-05-01T16:18:54.264Z</time>
      </trkpt>
      <trkpt lat="51.142337" lon="13.219709">
        <ele>246.246627</ele>
        <time>2026-05-01T16:19:06.043Z</time>
      </trkpt>
      <trkpt lat="51.142456" lon="13.220294">
        <ele>247.319191</ele>
        <time>2026-05-01T16:19:19.247Z</time>
      </trkpt>
      <trkpt lat="51.142691" lon="13.223496">
        <ele>252.593365</ele>
        <time>2026-05-01T16:20:33.484Z</time>
      </trkpt>
      <trkpt lat="51.141205" lon="13.224789">
        <ele>254.211602</ele>
        <time>2026-05-01T16:21:24.160Z</time>
      </trkpt>
      <trkpt lat="51.140749" lon="13.225180">
        <ele>253.409749</ele>
        <time>2026-05-01T16:21:34.204Z</time>
      </trkpt>
      <trkpt lat="51.141660" lon="13.228013">
        <ele>249.148930</ele>
        <time>2026-05-01T16:22:06.864Z</time>
      </trkpt>
      <trkpt lat="51.141765" lon="13.228269">
        <ele>248.645312</ele>
        <time>2026-05-01T16:22:09.928Z</time>
      </trkpt>
      <trkpt lat="51.141944" lon="13.228527">
        <ele>248.011926</ele>
        <time>2026-05-01T16:22:13.924Z</time>
      </trkpt>
      <trkpt lat="51.142213" lon="13.229079">
        <ele>247.347860</ele>
        <time>2026-05-01T16:22:21.631Z</time>
      </trkpt>
      <trkpt lat="51.142277" lon="13.229199">
        <ele>247.391991</ele>
        <time>2026-05-01T16:22:23.481Z</time>
      </trkpt>
      <trkpt lat="51.142311" lon="13.229368">
        <ele>247.441719</ele>
        <time>2026-05-01T16:22:25.676Z</time>
      </trkpt>
      <trkpt lat="51.142316" lon="13.229541">
        <ele>247.490244</ele>
        <time>2026-05-01T16:22:27.921Z</time>
      </trkpt>
      <trkpt lat="51.142318" lon="13.229586">
        <ele>247.502884</ele>
        <time>2026-05-01T16:22:28.512Z</time>
      </trkpt>
      <trkpt lat="51.142397" lon="13.230164">
        <ele>247.668635</ele>
        <time>2026-05-01T16:22:37.673Z</time>
      </trkpt>
      <trkpt lat="51.142424" lon="13.230573">
        <ele>247.783867</ele>
        <time>2026-05-01T16:22:45.943Z</time>
      </trkpt>
      <trkpt lat="51.142502" lon="13.231598">
        <ele>248.073171</ele>
        <time>2026-05-01T16:23:10.042Z</time>
      </trkpt>
      <trkpt lat="51.142550" lon="13.231958">
        <ele>248.395138</ele>
        <time>2026-05-01T16:23:18.626Z</time>
      </trkpt>
      <trkpt lat="51.142571" lon="13.232105">
        <ele>248.533733</ele>
        <time>2026-05-01T16:23:22.020Z</time>
      </trkpt>
      <trkpt lat="51.142732" lon="13.233239">
        <ele>249.602568</ele>
        <time>2026-05-01T16:23:46.528Z</time>
      </trkpt>
      <trkpt lat="51.142929" lon="13.236916">
        <ele>252.548862</ele>
        <time>2026-05-01T16:24:45.221Z</time>
      </trkpt>
      <trkpt lat="51.142978" lon="13.236984">
        <ele>252.625422</ele>
        <time>2026-05-01T16:24:46.949Z</time>
      </trkpt>
      <trkpt lat="51.143065" lon="13.237012">
        <ele>252.730012</ele>
        <time>2026-05-01T16:24:49.318Z</time>
      </trkpt>
      <trkpt lat="51.143511" lon="13.237053">
        <ele>253.378967</ele>
        <time>2026-05-01T16:25:01.957Z</time>
      </trkpt>
      <trkpt lat="51.143669" lon="13.237099">
        <ele>253.623305</ele>
        <time>2026-05-01T16:25:06.925Z</time>
      </trkpt>
      <trkpt lat="51.144152" lon="13.237386">
        <ele>254.407474</ele>
        <time>2026-05-01T16:25:23.674Z</time>
      </trkpt>
      <trkpt lat="51.144278" lon="13.237493">
        <ele>254.624660</ele>
        <time>2026-05-01T16:25:28.448Z</time>
      </trkpt>
      <trkpt lat="51.144459" lon="13.237913">
        <ele>255.110964</ele>
        <time>2026-05-01T16:25:38.949Z</time>
      </trkpt>
      <trkpt lat="51.144824" lon="13.238906">
        <ele>255.633144</ele>
        <time>2026-05-01T16:26:01.354Z</time>
      </trkpt>
      <trkpt lat="51.145090" lon="13.240072">
        <ele>255.747387</ele>
        <time>2026-05-01T16:26:21.300Z</time>
      </trkpt>
      <trkpt lat="51.145255" lon="13.240582">
        <ele>255.800224</ele>
        <time>2026-05-01T16:26:28.919Z</time>
      </trkpt>
      <trkpt lat="51.145773" lon="13.241783">
        <ele>254.043879</ele>
        <time>2026-05-01T16:26:46.697Z</time>
      </trkpt>
      <trkpt lat="51.146141" lon="13.242643">
        <ele>252.305843</ele>
        <time>2026-05-01T16:26:58.030Z</time>
      </trkpt>
      <trkpt lat="51.146310" lon="13.243211">
        <ele>251.256284</ele>
        <time>2026-05-01T16:27:04.126Z</time>
      </trkpt>
      <trkpt lat="51.146516" lon="13.244158">
        <ele>248.662774</ele>
        <time>2026-05-01T16:27:13.447Z</time>
      </trkpt>
      <trkpt lat="51.146531" lon="13.244342">
        <ele>248.158562</ele>
        <time>2026-05-01T16:27:15.146Z</time>
      </trkpt>
      <trkpt lat="51.146583" lon="13.244568">
        <ele>247.504417</ele>
        <time>2026-05-01T16:27:17.352Z</time>
      </trkpt>
      <trkpt lat="51.146662" lon="13.244781">
        <ele>246.832011</ele>
        <time>2026-05-01T16:27:19.619Z</time>
      </trkpt>
      <trkpt lat="51.146804" lon="13.245304">
        <ele>245.283399</ele>
        <time>2026-05-01T16:27:24.890Z</time>
      </trkpt>
      <trkpt lat="51.146923" lon="13.245851">
        <ele>243.710129</ele>
        <time>2026-05-01T16:27:30.369Z</time>
      </trkpt>
      <trkpt lat="51.148688" lon="13.253718">
        <ele>229.489476</ele>
        <time>2026-05-01T16:29:33.546Z</time>
      </trkpt>
      <trkpt lat="51.148789" lon="13.254170">
        <ele>228.623662</ele>
        <time>2026-05-01T16:29:40.615Z</time>
      </trkpt>
      <trkpt lat="51.148869" lon="13.254596">
        <ele>227.504373</ele>
        <time>2026-05-01T16:29:47.108Z</time>
      </trkpt>
      <trkpt lat="51.148890" lon="13.254866">
        <ele>226.819561</ele>
        <time>2026-05-01T16:29:51.011Z</time>
      </trkpt>
      <trkpt lat="51.148877" lon="13.255326">
        <ele>225.660536</ele>
        <time>2026-05-01T16:29:57.510Z</time>
      </trkpt>
      <trkpt lat="51.148771" lon="13.256337">
        <ele>223.080480</ele>
        <time>2026-05-01T16:30:11.387Z</time>
      </trkpt>
      <trkpt lat="51.148739" lon="13.256880">
        <ele>221.707691</ele>
        <time>2026-05-01T16:30:18.504Z</time>
      </trkpt>
      <trkpt lat="51.148778" lon="13.260988">
        <ele>207.007570</ele>
        <time>2026-05-01T16:31:09.941Z</time>
      </trkpt>
      <trkpt lat="51.148747" lon="13.261278">
        <ele>205.991318</ele>
        <time>2026-05-01T16:31:14.839Z</time>
      </trkpt>
      <trkpt lat="51.148690" lon="13.261514">
        <ele>205.117710</ele>
        <time>2026-05-01T16:31:19.081Z</time>
      </trkpt>
      <trkpt lat="51.148534" lon="13.262067">
        <ele>203.023078</ele>
        <time>2026-05-01T16:31:29.347Z</time>
      </trkpt>
      <trkpt lat="51.148492" lon="13.262215">
        <ele>202.461923</ele>
        <time>2026-05-01T16:31:30.873Z</time>
      </trkpt>
      <trkpt lat="51.148305" lon="13.262987">
        <ele>200.340210</ele>
        <time>2026-05-01T16:31:38.793Z</time>
      </trkpt>
      <trkpt lat="51.148353" lon="13.264637">
        <ele>197.256455</ele>
        <time>2026-05-01T16:31:55.733Z</time>
      </trkpt>
      <trkpt lat="51.148420" lon="13.265029">
        <ele>196.497939</ele>
        <time>2026-05-01T16:32:00.311Z</time>
      </trkpt>
      <trkpt lat="51.148494" lon="13.265221">
        <ele>196.077238</ele>
        <time>2026-05-01T16:32:02.977Z</time>
      </trkpt>
      <trkpt lat="51.148677" lon="13.265495">
        <ele>195.784207</ele>
        <time>2026-05-01T16:32:07.916Z</time>
      </trkpt>
      <trkpt lat="51.148957" lon="13.265913">
        <ele>195.632053</ele>
        <time>2026-05-01T16:32:15.788Z</time>
      </trkpt>
      <trkpt lat="51.149032" lon="13.265988">
        <ele>195.596936</ele>
        <time>2026-05-01T16:32:17.686Z</time>
      </trkpt>
      <trkpt lat="51.149221" lon="13.265881">
        <ele>195.517384</ele>
        <time>2026-05-01T16:32:22.306Z</time>
      </trkpt>
      <trkpt lat="51.149655" lon="13.265733">
        <ele>195.341348</ele>
        <time>2026-05-01T16:32:32.994Z</time>
      </trkpt>
      <trkpt lat="51.149971" lon="13.265613">
        <ele>195.212502</ele>
        <time>2026-05-01T16:32:40.928Z</time>
      </trkpt>
      <trkpt lat="51.150918" lon="13.265298">
        <ele>195.031256</ele>
        <time>2026-05-01T16:33:05.531Z</time>
      </trkpt>
      <trkpt lat="51.152851" lon="13.264566">
        <ele>193.229774</ele>
        <time>2026-05-01T16:33:57.015Z</time>
      </trkpt>
      <trkpt lat="51.153066" lon="13.264562">
        <ele>192.863306</ele>
        <time>2026-05-01T16:34:00.880Z</time>
      </trkpt>
      <trkpt lat="51.153641" lon="13.264718">
        <ele>191.869193</ele>
        <time>2026-05-01T16:34:10.413Z</time>
      </trkpt>
      <trkpt lat="51.154154" lon="13.264787">
        <ele>189.037548</ele>
        <time>2026-05-01T16:34:18.213Z</time>
      </trkpt>
      <trkpt lat="51.155463" lon="13.264907">
        <ele>181.564078</ele>
        <time>2026-05-01T16:34:37.679Z</time>
      </trkpt>
      <trkpt lat="51.155552" lon="13.264928">
        <ele>181.281583</ele>
        <time>2026-05-01T16:34:39.031Z</time>
      </trkpt>
      <trkpt lat="51.155631" lon="13.264996">
        <ele>180.999689</ele>
        <time>2026-05-01T16:34:40.398Z</time>
      </trkpt>
      <trkpt lat="51.155710" lon="13.265195">
        <ele>180.535880</ele>
        <time>2026-05-01T16:34:42.647Z</time>
      </trkpt>
      <trkpt lat="51.155954" lon="13.266736">
        <ele>177.405878</ele>
        <time>2026-05-01T16:34:58.619Z</time>
      </trkpt>
      <trkpt lat="51.156112" lon="13.266871">
        <ele>176.843025</ele>
        <time>2026-05-01T16:35:01.886Z</time>
      </trkpt>
      <trkpt lat="51.156394" lon="13.267045">
        <ele>175.954804</ele>
        <time>2026-05-01T16:35:07.935Z</time>
      </trkpt>
      <trkpt lat="51.156432" lon="13.267062">
        <ele>176.111639</ele>
        <time>2026-05-01T16:35:08.803Z</time>
      </trkpt>
      <trkpt lat="51.156872" lon="13.267134">
        <ele>177.869286</ele>
        <time>2026-05-01T16:35:21.819Z</time>
      </trkpt>
      <trkpt lat="51.156966" lon="13.267199">
        <ele>178.276438</ele>
        <time>2026-05-01T16:35:26.021Z</time>
      </trkpt>
      <trkpt lat="51.157490" lon="13.267482">
        <ele>180.474910</ele>
        <time>2026-05-01T16:35:52.247Z</time>
      </trkpt>
      <trkpt lat="51.157588" lon="13.267645">
        <ele>181.037660</ele>
        <time>2026-05-01T16:35:59.510Z</time>
      </trkpt>
      <trkpt lat="51.157695" lon="13.267752">
        <ele>181.539562</ele>
        <time>2026-05-01T16:36:06.013Z</time>
      </trkpt>
      <trkpt lat="51.157920" lon="13.267904">
        <ele>182.510604</ele>
        <time>2026-05-01T16:36:19.037Z</time>
      </trkpt>
      <trkpt lat="51.158081" lon="13.268173">
        <ele>183.607008</ele>
        <time>2026-05-01T16:36:31.607Z</time>
      </trkpt>
      <trkpt lat="51.158190" lon="13.268412">
        <ele>184.681932</ele>
        <time>2026-05-01T16:36:41.846Z</time>
      </trkpt>
      <trkpt lat="51.158540" lon="13.269163">
        <ele>188.085356</ele>
        <time>2026-05-01T16:37:14.296Z</time>
      </trkpt>
      <trkpt lat="51.158653" lon="13.269342">
        <ele>189.009194</ele>
        <time>2026-05-01T16:37:22.340Z</time>
      </trkpt>
      <trkpt lat="51.160547" lon="13.270912">
        <ele>198.239076</ele>
        <time>2026-05-01T16:38:58.393Z</time>
      </trkpt>
      <trkpt lat="51.160761" lon="13.270976">
        <ele>198.997592</ele>
        <time>2026-05-01T16:39:04.220Z</time>
      </trkpt>
      <trkpt lat="51.161178" lon="13.270954">
        <ele>199.137710</ele>
        <time>2026-05-01T16:39:12.527Z</time>
      </trkpt>
      <trkpt lat="51.161203" lon="13.271007">
        <ele>199.004877</ele>
        <time>2026-05-01T16:39:13.258Z</time>
      </trkpt>
      <trkpt lat="51.161254" lon="13.271112">
        <ele>198.738866</ele>
        <time>2026-05-01T16:39:14.663Z</time>
      </trkpt>
      <trkpt lat="51.161644" lon="13.272660">
        <ele>195.397470</ele>
        <time>2026-05-01T16:39:30.135Z</time>
      </trkpt>
      <trkpt lat="51.161765" lon="13.272925">
        <ele>194.740911</ele>
        <time>2026-05-01T16:39:33.073Z</time>
      </trkpt>
      <trkpt lat="51.161850" lon="13.273035">
        <ele>194.391282</ele>
        <time>2026-05-01T16:39:34.640Z</time>
      </trkpt>
      <trkpt lat="51.162443" lon="13.273629">
        <ele>192.856161</ele>
        <time>2026-05-01T16:39:44.770Z</time>
      </trkpt>
      <trkpt lat="51.162773" lon="13.274068">
        <ele>191.999404</ele>
        <time>2026-05-01T16:39:51.519Z</time>
      </trkpt>
      <trkpt lat="51.162863" lon="13.274110">
        <ele>191.812456</ele>
        <time>2026-05-01T16:39:53.164Z</time>
      </trkpt>
      <trkpt lat="51.163052" lon="13.274115">
        <ele>191.435617</ele>
        <time>2026-05-01T16:39:56.776Z</time>
      </trkpt>
      <trkpt lat="51.163106" lon="13.274114">
        <ele>191.327956</ele>
        <time>2026-05-01T16:39:57.953Z</time>
      </trkpt>
      <trkpt lat="51.163420" lon="13.274124">
        <ele>190.701846</ele>
        <time>2026-05-01T16:40:05.966Z</time>
      </trkpt>
      <trkpt lat="51.163511" lon="13.274163">
        <ele>190.513992</ele>
        <time>2026-05-01T16:40:08.757Z</time>
      </trkpt>
      <trkpt lat="51.163587" lon="13.274242">
        <ele>190.592095</ele>
        <time>2026-05-01T16:40:11.663Z</time>
      </trkpt>
      <trkpt lat="51.163883" lon="13.274664">
        <ele>191.801208</ele>
        <time>2026-05-01T16:40:26.452Z</time>
      </trkpt>
      <trkpt lat="51.164081" lon="13.274955">
        <ele>192.621193</ele>
        <time>2026-05-01T16:40:38.099Z</time>
      </trkpt>
      <trkpt lat="51.164704" lon="13.275510">
        <ele>194.794353</ele>
        <time>2026-05-01T16:41:10.781Z</time>
      </trkpt>
      <trkpt lat="51.165541" lon="13.276167">
        <ele>196.472209</ele>
        <time>2026-05-01T16:41:48.395Z</time>
      </trkpt>
      <trkpt lat="51.165672" lon="13.276218">
        <ele>196.605556</ele>
        <time>2026-05-01T16:41:52.779Z</time>
      </trkpt>
      <trkpt lat="51.165988" lon="13.276012">
        <ele>196.943141</ele>
        <time>2026-05-01T16:42:02.442Z</time>
      </trkpt>
      <trkpt lat="51.166157" lon="13.275973">
        <ele>197.112001</ele>
        <time>2026-05-01T16:42:06.529Z</time>
      </trkpt>
      <trkpt lat="51.166448" lon="13.276026">
        <ele>197.401635</ele>
        <time>2026-05-01T16:42:12.473Z</time>
      </trkpt>
      <trkpt lat="51.166761" lon="13.276036">
        <ele>197.605199</ele>
        <time>2026-05-01T16:42:18.007Z</time>
      </trkpt>
      <trkpt lat="51.167540" lon="13.275969">
        <ele>194.218624</ele>
        <time>2026-05-01T16:42:30.121Z</time>
      </trkpt>
      <trkpt lat="51.167956" lon="13.275969">
        <ele>192.412756</ele>
        <time>2026-05-01T16:42:36.281Z</time>
      </trkpt>
      <trkpt lat="51.169667" lon="13.276183">
        <ele>183.407436</ele>
        <time>2026-05-01T16:43:01.405Z</time>
      </trkpt>
      <trkpt lat="51.169824" lon="13.276238">
        <ele>182.489154</ele>
        <time>2026-05-01T16:43:03.730Z</time>
      </trkpt>
      <trkpt lat="51.170054" lon="13.276379">
        <ele>181.081499</ele>
        <time>2026-05-01T16:43:07.308Z</time>
      </trkpt>
      <trkpt lat="51.171313" lon="13.277373">
        <ele>174.313933</ele>
        <time>2026-05-01T16:43:27.696Z</time>
      </trkpt>
      <trkpt lat="51.171793" lon="13.277632">
        <ele>171.974832</ele>
        <time>2026-05-01T16:43:35.442Z</time>
      </trkpt>
      <trkpt lat="51.172439" lon="13.277978">
        <ele>171.350634</ele>
        <time>2026-05-01T16:43:47.253Z</time>
      </trkpt>
      <trkpt lat="51.172630" lon="13.278041">
        <ele>171.366980</ele>
        <time>2026-05-01T16:43:51.667Z</time>
      </trkpt>
      <trkpt lat="51.172882" lon="13.278070">
        <ele>171.388155</ele>
        <time>2026-05-01T16:43:58.693Z</time>
      </trkpt>
      <trkpt lat="51.173501" lon="13.278059">
        <ele>171.440036</ele>
        <time>2026-05-01T16:44:19.127Z</time>
      </trkpt>
      <trkpt lat="51.173851" lon="13.278102">
        <ele>171.847575</ele>
        <time>2026-05-01T16:44:31.307Z</time>
      </trkpt>
      <trkpt lat="51.174012" lon="13.278071">
        <ele>172.255199</ele>
        <time>2026-05-01T16:44:37.104Z</time>
      </trkpt>
      <trkpt lat="51.173970" lon="13.278257">
        <ele>172.566749</ele>
        <time>2026-05-01T16:44:41.561Z</time>
      </trkpt>
      <trkpt lat="51.173529" lon="13.278976">
        <ele>174.151873</ele>
        <time>2026-05-01T16:45:04.024Z</time>
      </trkpt>
      <trkpt lat="51.173418" lon="13.279203">
        <ele>174.605546</ele>
        <time>2026-05-01T16:45:10.193Z</time>
      </trkpt>
      <trkpt lat="51.173136" lon="13.280035">
        <ele>176.053793</ele>
        <time>2026-05-01T16:45:28.913Z</time>
      </trkpt>
      <trkpt lat="51.172806" lon="13.280876">
        <ele>177.060239</ele>
        <time>2026-05-01T16:45:49.391Z</time>
      </trkpt>
      <trkpt lat="51.172695" lon="13.281239">
        <ele>177.469942</ele>
        <time>2026-05-01T16:45:57.696Z</time>
      </trkpt>
      <trkpt lat="51.172362" lon="13.282417">
        <ele>178.780801</ele>
        <time>2026-05-01T16:46:21.732Z</time>
      </trkpt>
      <trkpt lat="51.172265" lon="13.282918">
        <ele>178.481169</ele>
        <time>2026-05-01T16:46:29.781Z</time>
      </trkpt>
      <trkpt lat="51.172125" lon="13.284079">
        <ele>177.334382</ele>
        <time>2026-05-01T16:46:43.986Z</time>
      </trkpt>
      <trkpt lat="51.171985" lon="13.284817">
        <ele>176.586485</ele>
        <time>2026-05-01T16:46:51.993Z</time>
      </trkpt>
      <trkpt lat="51.171886" lon="13.285163">
        <ele>176.217574</ele>
        <time>2026-05-01T16:46:55.789Z</time>
      </trkpt>
      <trkpt lat="51.171659" lon="13.285653">
        <ele>174.928858</ele>
        <time>2026-05-01T16:47:01.733Z</time>
      </trkpt>
      <trkpt lat="51.170524" lon="13.287466">
        <ele>168.829988</ele>
        <time>2026-05-01T16:47:26.483Z</time>
      </trkpt>
      <trkpt lat="51.170253" lon="13.287943">
        <ele>167.332644</ele>
        <time>2026-05-01T16:47:32.820Z</time>
      </trkpt>
      <trkpt lat="51.169823" lon="13.288700">
        <ele>164.956540</ele>
        <time>2026-05-01T16:47:43.066Z</time>
      </trkpt>
      <trkpt lat="51.169486" lon="13.289195">
        <ele>163.256811</ele>
        <time>2026-05-01T16:47:50.453Z</time>
      </trkpt>
      <trkpt lat="51.169319" lon="13.289517">
        <ele>162.351480</ele>
        <time>2026-05-01T16:47:54.673Z</time>
      </trkpt>
      <trkpt lat="51.169253" lon="13.289667">
        <ele>162.018126</ele>
        <time>2026-05-01T16:47:56.521Z</time>
      </trkpt>
      <trkpt lat="51.169129" lon="13.290107">
        <ele>161.140567</ele>
        <time>2026-05-01T16:48:01.402Z</time>
      </trkpt>
      <trkpt lat="51.168903" lon="13.291351">
        <ele>158.784458</ele>
        <time>2026-05-01T16:48:14.664Z</time>
      </trkpt>
      <trkpt lat="51.168834" lon="13.291592">
        <ele>158.302497</ele>
        <time>2026-05-01T16:48:17.429Z</time>
      </trkpt>
      <trkpt lat="51.168565" lon="13.292337">
        <ele>156.872944</ele>
        <time>2026-05-01T16:48:26.676Z</time>
      </trkpt>
      <trkpt lat="51.168396" lon="13.292522">
        <ele>156.404281</ele>
        <time>2026-05-01T16:48:30.485Z</time>
      </trkpt>
      <trkpt lat="51.168331" lon="13.292708">
        <ele>156.099008</ele>
        <time>2026-05-01T16:48:33.045Z</time>
      </trkpt>
      <trkpt lat="51.168092" lon="13.292867">
        <ele>155.506927</ele>
        <time>2026-05-01T16:48:38.139Z</time>
      </trkpt>
      <trkpt lat="51.167919" lon="13.293066">
        <ele>155.019231</ele>
        <time>2026-05-01T16:48:42.301Z</time>
      </trkpt>
      <trkpt lat="51.167780" lon="13.293290">
        <ele>154.567424</ele>
        <time>2026-05-01T16:48:46.029Z</time>
      </trkpt>
      <trkpt lat="51.167632" lon="13.293660">
        <ele>153.938232</ele>
        <time>2026-05-01T16:48:50.838Z</time>
      </trkpt>
      <trkpt lat="51.167425" lon="13.294285">
        <ele>152.844583</ele>
        <time>2026-05-01T16:48:58.024Z</time>
      </trkpt>
      <trkpt lat="51.167223" lon="13.294695">
        <ele>151.918047</ele>
        <time>2026-05-01T16:49:03.277Z</time>
      </trkpt>
      <trkpt lat="51.167147" lon="13.294808">
        <ele>151.623591</ele>
        <time>2026-05-01T16:49:04.922Z</time>
      </trkpt>
      <trkpt lat="51.167263" lon="13.295232">
        <ele>150.801571</ele>
        <time>2026-05-01T16:49:09.428Z</time>
      </trkpt>
      <trkpt lat="51.167297" lon="13.295345">
        <ele>150.578855</ele>
        <time>2026-05-01T16:49:10.657Z</time>
      </trkpt>
      <trkpt lat="51.167440" lon="13.295625">
        <ele>149.937161</ele>
        <time>2026-05-01T16:49:14.166Z</time>
      </trkpt>
      <trkpt lat="51.167670" lon="13.295902">
        <ele>149.120402</ele>
        <time>2026-05-01T16:49:18.668Z</time>
      </trkpt>
      <trkpt lat="51.167953" lon="13.296076">
        <ele>148.260889</ele>
        <time>2026-05-01T16:49:23.593Z</time>
      </trkpt>
      <trkpt lat="51.168361" lon="13.296251">
        <ele>147.764751</ele>
        <time>2026-05-01T16:49:31.344Z</time>
      </trkpt>
      <trkpt lat="51.168624" lon="13.296326">
        <ele>147.490413</ele>
        <time>2026-05-01T16:49:36.934Z</time>
      </trkpt>
      <trkpt lat="51.169004" lon="13.296355">
        <ele>147.099774</ele>
        <time>2026-05-01T16:49:45.395Z</time>
      </trkpt>
      <trkpt lat="51.169727" lon="13.296072">
        <ele>146.335348</ele>
        <time>2026-05-01T16:50:01.761Z</time>
      </trkpt>
      <trkpt lat="51.170043" lon="13.296058">
        <ele>146.224476</ele>
        <time>2026-05-01T16:50:08.340Z</time>
      </trkpt>
      <trkpt lat="51.170317" lon="13.296125">
        <ele>146.138945</ele>
        <time>2026-05-01T16:50:14.204Z</time>
      </trkpt>
      <trkpt lat="51.170470" lon="13.296230">
        <ele>146.087552</ele>
        <time>2026-05-01T16:50:17.731Z</time>
      </trkpt>
      <trkpt lat="51.170797" lon="13.296578">
        <ele>145.966256</ele>
        <time>2026-05-01T16:50:25.869Z</time>
      </trkpt>
      <trkpt lat="51.170972" lon="13.296850">
        <ele>145.890859</ele>
        <time>2026-05-01T16:50:30.921Z</time>
      </trkpt>
      <trkpt lat="51.171107" lon="13.297210">
        <ele>145.809707</ele>
        <time>2026-05-01T16:50:36.580Z</time>
      </trkpt>
      <trkpt lat="51.171164" lon="13.297474">
        <ele>145.755096</ele>
        <time>2026-05-01T16:50:40.458Z</time>
      </trkpt>
      <trkpt lat="51.171242" lon="13.298301">
        <ele>145.576197</ele>
        <time>2026-05-01T16:50:52.606Z</time>
      </trkpt>
      <trkpt lat="51.171323" lon="13.299018">
        <ele>145.420349</ele>
        <time>2026-05-01T16:51:03.068Z</time>
      </trkpt>
      <trkpt lat="51.171399" lon="13.299920">
        <ele>145.225663</ele>
        <time>2026-05-01T16:51:15.042Z</time>
      </trkpt>
      <trkpt lat="51.171798" lon="13.302727">
        <ele>144.104268</ele>
        <time>2026-05-01T16:51:49.552Z</time>
      </trkpt>
      <trkpt lat="51.171910" lon="13.303316">
        <ele>143.901522</ele>
        <time>2026-05-01T16:51:57.554Z</time>
      </trkpt>
      <trkpt lat="51.171999" lon="13.303568">
        <ele>143.840051</ele>
        <time>2026-05-01T16:52:01.528Z</time>
      </trkpt>
      <trkpt lat="51.172133" lon="13.303802">
        <ele>143.772697</ele>
        <time>2026-05-01T16:52:06.035Z</time>
      </trkpt>
      <trkpt lat="51.172258" lon="13.303949">
        <ele>143.720053</ele>
        <time>2026-05-01T16:52:09.580Z</time>
      </trkpt>
      <trkpt lat="51.172620" lon="13.304271">
        <ele>143.579550</ele>
        <time>2026-05-01T16:52:18.963Z</time>
      </trkpt>
      <trkpt lat="51.173115" lon="13.304551">
        <ele>143.401517</ele>
        <time>2026-05-01T16:52:30.680Z</time>
      </trkpt>
      <trkpt lat="51.173360" lon="13.304782">
        <ele>143.241620</ele>
        <time>2026-05-01T16:52:36.747Z</time>
      </trkpt>
      <trkpt lat="51.174056" lon="13.305666">
        <ele>142.485925</ele>
        <time>2026-05-01T16:52:54.898Z</time>
      </trkpt>
      <trkpt lat="51.174351" lon="13.306212">
        <ele>142.102103</ele>
        <time>2026-05-01T16:53:03.189Z</time>
      </trkpt>
      <trkpt lat="51.174878" lon="13.306952">
        <ele>141.104447</ele>
        <time>2026-05-01T16:53:17.092Z</time>
      </trkpt>
      <trkpt lat="51.174998" lon="13.307224">
        <ele>140.700779</ele>
        <time>2026-05-01T16:53:21.207Z</time>
      </trkpt>
      <trkpt lat="51.175086" lon="13.307697">
        <ele>140.101960</ele>
        <time>2026-05-01T16:53:26.684Z</time>
      </trkpt>
      <trkpt lat="51.175163" lon="13.308479">
        <ele>139.141224</ele>
        <time>2026-05-01T16:53:35.069Z</time>
      </trkpt>
      <trkpt lat="51.175193" lon="13.309084">
        <ele>138.404651</ele>
        <time>2026-05-01T16:53:41.427Z</time>
      </trkpt>
      <trkpt lat="51.175091" lon="13.309669">
        <ele>137.493736</ele>
        <time>2026-05-01T16:53:47.634Z</time>
      </trkpt>
      <trkpt lat="51.174963" lon="13.310729">
        <ele>135.843299</ele>
        <time>2026-05-01T16:53:58.453Z</time>
      </trkpt>
      <trkpt lat="51.174866" lon="13.311053">
        <ele>135.294347</ele>
        <time>2026-05-01T16:54:02.054Z</time>
      </trkpt>
      <trkpt lat="51.174720" lon="13.311381">
        <ele>134.679320</ele>
        <time>2026-05-01T16:54:06.272Z</time>
      </trkpt>
      <trkpt lat="51.174661" lon="13.311583">
        <ele>134.338606</ele>
        <time>2026-05-01T16:54:08.696Z</time>
      </trkpt>
      <trkpt lat="51.174603" lon="13.312055">
        <ele>133.922572</ele>
        <time>2026-05-01T16:54:14.143Z</time>
      </trkpt>
      <trkpt lat="51.174646" lon="13.312407">
        <ele>133.877496</ele>
        <time>2026-05-01T16:54:18.462Z</time>
      </trkpt>
      <trkpt lat="51.174641" lon="13.312705">
        <ele>133.840025</ele>
        <time>2026-05-01T16:54:22.223Z</time>
      </trkpt>
      <trkpt lat="51.174564" lon="13.313229">
        <ele>133.772377</ele>
        <time>2026-05-01T16:54:29.061Z</time>
      </trkpt>
      <trkpt lat="51.174572" lon="13.313446">
        <ele>133.745054</ele>
        <time>2026-05-01T16:54:31.880Z</time>
      </trkpt>
      <trkpt lat="51.174614" lon="13.313635">
        <ele>133.719849</ele>
        <time>2026-05-01T16:54:34.597Z</time>
      </trkpt>
      <trkpt lat="51.174655" lon="13.313798">
        <ele>133.697774</ele>
        <time>2026-05-01T16:54:37.049Z</time>
      </trkpt>
      <trkpt lat="51.174689" lon="13.313950">
        <ele>133.677489</ele>
        <time>2026-05-01T16:54:39.405Z</time>
      </trkpt>
      <trkpt lat="51.174716" lon="13.314164">
        <ele>133.650051</ele>
        <time>2026-05-01T16:54:42.732Z</time>
      </trkpt>
      <trkpt lat="51.174732" lon="13.314946">
        <ele>133.982384</ele>
        <time>2026-05-01T16:54:56.063Z</time>
      </trkpt>
      <trkpt lat="51.174803" lon="13.315156">
        <ele>134.284677</ele>
        <time>2026-05-01T16:55:00.500Z</time>
      </trkpt>
      <trkpt lat="51.174934" lon="13.315362">
        <ele>134.656440</ele>
        <time>2026-05-01T16:55:06.358Z</time>
      </trkpt>
      <trkpt lat="51.175061" lon="13.315530">
        <ele>134.989875</ele>
        <time>2026-05-01T16:55:11.874Z</time>
      </trkpt>
      <trkpt lat="51.175179" lon="13.315608">
        <ele>135.248008</ele>
        <time>2026-05-01T16:55:16.198Z</time>
      </trkpt>
      <trkpt lat="51.175796" lon="13.315666">
        <ele>136.497068</ele>
        <time>2026-05-01T16:55:38.294Z</time>
      </trkpt>
      <trkpt lat="51.175871" lon="13.315697">
        <ele>136.653642</ele>
        <time>2026-05-01T16:55:41.170Z</time>
      </trkpt>
      <trkpt lat="51.176003" lon="13.315853">
        <ele>136.985643</ele>
        <time>2026-05-01T16:55:47.041Z</time>
      </trkpt>
      <trkpt lat="51.176383" lon="13.316699">
        <ele>137.801739</ele>
        <time>2026-05-01T16:56:09.143Z</time>
      </trkpt>
      <trkpt lat="51.176945" lon="13.318083">
        <ele>138.917792</ele>
        <time>2026-05-01T16:56:35.963Z</time>
      </trkpt>
      <trkpt lat="51.177075" lon="13.318509">
        <ele>139.080034</ele>
        <time>2026-05-01T16:56:41.959Z</time>
      </trkpt>
      <trkpt lat="51.177173" lon="13.318964">
        <ele>138.681042</ele>
        <time>2026-05-01T16:56:47.802Z</time>
      </trkpt>
      <trkpt lat="51.177193" lon="13.319159">
        <ele>138.517173</ele>
        <time>2026-05-01T16:56:50.149Z</time>
      </trkpt>
      <trkpt lat="51.177193" lon="13.319592">
        <ele>138.158075</ele>
        <time>2026-05-01T16:56:55.196Z</time>
      </trkpt>
      <trkpt lat="51.177052" lon="13.322124">
        <ele>135.579385</ele>
        <time>2026-05-01T16:57:23.308Z</time>
      </trkpt>
      <trkpt lat="51.176925" lon="13.323123">
        <ele>134.194959</ele>
        <time>2026-05-01T16:57:34.231Z</time>
      </trkpt>
      <trkpt lat="51.176814" lon="13.323464">
        <ele>133.673113</ele>
        <time>2026-05-01T16:57:38.157Z</time>
      </trkpt>
      <trkpt lat="51.176577" lon="13.323941">
        <ele>132.869222</ele>
        <time>2026-05-01T16:57:44.311Z</time>
      </trkpt>
      <trkpt lat="51.176511" lon="13.324183">
        <ele>132.692804</ele>
        <time>2026-05-01T16:57:46.984Z</time>
      </trkpt>
      <trkpt lat="51.176531" lon="13.324422">
        <ele>132.531619</ele>
        <time>2026-05-01T16:57:49.443Z</time>
      </trkpt>
      <trkpt lat="51.176745" lon="13.325035">
        <ele>132.062590</ele>
        <time>2026-05-01T16:57:56.795Z</time>
      </trkpt>
      <trkpt lat="51.176799" lon="13.325285">
        <ele>131.885829</ele>
        <time>2026-05-01T16:57:59.783Z</time>
      </trkpt>
      <trkpt lat="51.176960" lon="13.325269">
        <ele>131.713823</ele>
        <time>2026-05-01T16:58:02.777Z</time>
      </trkpt>
      <trkpt lat="51.177215" lon="13.325390">
        <ele>131.430142</ele>
        <time>2026-05-01T16:58:07.989Z</time>
      </trkpt>
      <trkpt lat="51.177471" lon="13.325436">
        <ele>131.155445</ele>
        <time>2026-05-01T16:58:13.927Z</time>
      </trkpt>
      <trkpt lat="51.177631" lon="13.325379">
        <ele>130.980635</ele>
        <time>2026-05-01T16:58:18.261Z</time>
      </trkpt>
      <trkpt lat="51.177770" lon="13.325321">
        <ele>131.103455</ele>
        <time>2026-05-01T16:58:22.415Z</time>
      </trkpt>
      <trkpt lat="51.177914" lon="13.325361">
        <ele>131.242342</ele>
        <time>2026-05-01T16:58:26.955Z</time>
      </trkpt>
      <trkpt lat="51.178568" lon="13.325908">
        <ele>131.944013</ele>
        <time>2026-05-01T16:58:52.404Z</time>
      </trkpt>
      <trkpt lat="51.178854" lon="13.325867">
        <ele>132.216864</ele>
        <time>2026-05-01T16:59:01.926Z</time>
      </trkpt>
      <trkpt lat="51.179065" lon="13.325788">
        <ele>132.422804</ele>
        <time>2026-05-01T16:59:08.316Z</time>
      </trkpt>
      <trkpt lat="51.179542" lon="13.325422">
        <ele>132.411034</ele>
        <time>2026-05-01T16:59:21.649Z</time>
      </trkpt>
      <trkpt lat="51.179875" lon="13.325062">
        <ele>131.984629</ele>
        <time>2026-05-01T16:59:29.067Z</time>
      </trkpt>
      <trkpt lat="51.180098" lon="13.324829">
        <ele>131.702056</ele>
        <time>2026-05-01T16:59:33.738Z</time>
      </trkpt>
      <trkpt lat="51.180213" lon="13.325052">
        <ele>131.510177</ele>
        <time>2026-05-01T16:59:36.788Z</time>
      </trkpt>
      <trkpt lat="51.180463" lon="13.325509">
        <ele>131.107137</ele>
        <time>2026-05-01T16:59:43.092Z</time>
      </trkpt>
      <trkpt lat="51.180823" lon="13.326290">
        <ele>130.324890</ele>
        <time>2026-05-01T16:59:53.658Z</time>
      </trkpt>
      <trkpt lat="51.181097" lon="13.326673">
        <ele>129.768303</ele>
        <time>2026-05-01T17:00:00.087Z</time>
      </trkpt>
      <trkpt lat="51.181376" lon="13.326961">
        <ele>129.260589</ele>
        <time>2026-05-01T17:00:06.434Z</time>
      </trkpt>
      <trkpt lat="51.182318" lon="13.327718">
        <ele>127.750401</ele>
        <time>2026-05-01T17:00:25.975Z</time>
      </trkpt>
      <trkpt lat="51.182568" lon="13.327955">
        <ele>127.424906</ele>
        <time>2026-05-01T17:00:31.098Z</time>
      </trkpt>
      <trkpt lat="51.183156" lon="13.328728">
        <ele>126.572109</ele>
        <time>2026-05-01T17:00:45.512Z</time>
      </trkpt>
      <trkpt lat="51.183542" lon="13.329260">
        <ele>126.010542</ele>
        <time>2026-05-01T17:00:56.018Z</time>
      </trkpt>
      <trkpt lat="51.183684" lon="13.329561">
        <ele>125.928695</ele>
        <time>2026-05-01T17:01:00.839Z</time>
      </trkpt>
      <trkpt lat="51.183752" lon="13.329807">
        <ele>125.870283</ele>
        <time>2026-05-01T17:01:04.222Z</time>
      </trkpt>
      <trkpt lat="51.183901" lon="13.330657">
        <ele>125.678527</ele>
        <time>2026-05-01T17:01:15.974Z</time>
      </trkpt>
      <trkpt lat="51.183960" lon="13.330993">
        <ele>125.602717</ele>
        <time>2026-05-01T17:01:20.550Z</time>
      </trkpt>
      <trkpt lat="51.184057" lon="13.331476">
        <ele>125.492527</ele>
        <time>2026-05-01T17:01:26.851Z</time>
      </trkpt>
      <trkpt lat="51.184181" lon="13.332039">
        <ele>125.549906</ele>
        <time>2026-05-01T17:01:34.136Z</time>
      </trkpt>
      <trkpt lat="51.184248" lon="13.332123">
        <ele>125.714541</ele>
        <time>2026-05-01T17:01:35.795Z</time>
      </trkpt>
      <trkpt lat="51.184296" lon="13.332134">
        <ele>125.808230</ele>
        <time>2026-05-01T17:01:36.819Z</time>
      </trkpt>
      <trkpt lat="51.184295" lon="13.332191">
        <ele>125.877285</ele>
        <time>2026-05-01T17:01:37.530Z</time>
      </trkpt>
      <trkpt lat="51.184291" lon="13.332346">
        <ele>126.065153</ele>
        <time>2026-05-01T17:01:39.509Z</time>
      </trkpt>
      <trkpt lat="51.184193" lon="13.332429">
        <ele>126.279518</ele>
        <time>2026-05-01T17:01:41.826Z</time>
      </trkpt>
      <trkpt lat="51.183954" lon="13.332627">
        <ele>126.799819</ele>
        <time>2026-05-01T17:01:48.458Z</time>
      </trkpt>
      <trkpt lat="51.183818" lon="13.332691">
        <ele>127.073767</ele>
        <time>2026-05-01T17:01:52.337Z</time>
      </trkpt>
      <trkpt lat="51.183782" lon="13.332778">
        <ele>127.200015</ele>
        <time>2026-05-01T17:01:54.215Z</time>
      </trkpt>
      <trkpt lat="51.183730" lon="13.332921">
        <ele>127.400225</ele>
        <time>2026-05-01T17:01:57.249Z</time>
      </trkpt>
      <trkpt lat="51.183568" lon="13.333649">
        <ele>128.335772</ele>
        <time>2026-05-01T17:02:12.163Z</time>
      </trkpt>
      <trkpt lat="51.183503" lon="13.333863">
        <ele>128.623760</ele>
        <time>2026-05-01T17:02:17.120Z</time>
      </trkpt>
      <trkpt lat="51.183389" lon="13.334289">
        <ele>130.092049</ele>
        <time>2026-05-01T17:02:28.019Z</time>
      </trkpt>
      <trkpt lat="51.183338" lon="13.334597">
        <ele>131.577366</ele>
        <time>2026-05-01T17:02:36.369Z</time>
      </trkpt>
      <trkpt lat="51.183281" lon="13.335344">
        <ele>135.085985</ele>
        <time>2026-05-01T17:02:58.904Z</time>
      </trkpt>
      <trkpt lat="51.183204" lon="13.336290">
        <ele>139.533773</ele>
        <time>2026-05-01T17:03:33.104Z</time>
      </trkpt>
      <trkpt lat="51.183074" lon="13.336963">
        <ele>143.115960</ele>
        <time>2026-05-01T17:04:02.282Z</time>
      </trkpt>
      <trkpt lat="51.183042" lon="13.337357">
        <ele>145.935357</ele>
        <time>2026-05-01T17:04:20.222Z</time>
      </trkpt>
      <trkpt lat="51.183030" lon="13.337571">
        <ele>147.460076</ele>
        <time>2026-05-01T17:04:30.133Z</time>
      </trkpt>
      <trkpt lat="51.183057" lon="13.338361">
        <ele>153.074647</ele>
        <time>2026-05-01T17:05:15.088Z</time>
      </trkpt>
      <trkpt lat="51.183175" lon="13.339893">
        <ele>163.769243</ele>
        <time>2026-05-01T17:06:40.953Z</time>
      </trkpt>
      <trkpt lat="51.182965" lon="13.340930">
        <ele>170.092552</ele>
        <time>2026-05-01T17:07:36.668Z</time>
      </trkpt>
      <trkpt lat="51.182797" lon="13.341390">
        <ele>173.181663</ele>
        <time>2026-05-01T17:08:02.120Z</time>
      </trkpt>
      <trkpt lat="51.182259" lon="13.342467">
        <ele>180.281513</ele>
        <time>2026-05-01T17:09:01.089Z</time>
      </trkpt>
      <trkpt lat="51.182214" lon="13.342639">
        <ele>180.859819</ele>
        <time>2026-05-01T17:09:08.185Z</time>
      </trkpt>
      <trkpt lat="51.182150" lon="13.343531">
        <ele>183.645620</ele>
        <time>2026-05-01T17:09:39.414Z</time>
      </trkpt>
      <trkpt lat="51.181903" lon="13.344923">
        <ele>188.134494</ele>
        <time>2026-05-01T17:10:22.323Z</time>
      </trkpt>
      <trkpt lat="51.181798" lon="13.345697">
        <ele>189.949971</ele>
        <time>2026-05-01T17:10:45.608Z</time>
      </trkpt>
      <trkpt lat="51.181755" lon="13.346436">
        <ele>191.644983</ele>
        <time>2026-05-01T17:11:08.926Z</time>
      </trkpt>
      <trkpt lat="51.181585" lon="13.349411">
        <ele>197.601103</ele>
        <time>2026-05-01T17:12:51.979Z</time>
      </trkpt>
      <trkpt lat="51.181575" lon="13.351301">
        <ele>199.514625</ele>
        <time>2026-05-01T17:13:48.147Z</time>
      </trkpt>
      <trkpt lat="51.181497" lon="13.352270">
        <ele>199.162504</ele>
        <time>2026-05-01T17:14:10.102Z</time>
      </trkpt>
      <trkpt lat="51.181359" lon="13.353292">
        <ele>198.785699</ele>
        <time>2026-05-01T17:14:29.740Z</time>
      </trkpt>
      <trkpt lat="51.181186" lon="13.354825">
        <ele>195.561207</ele>
        <time>2026-05-01T17:14:57.112Z</time>
      </trkpt>
      <trkpt lat="51.181025" lon="13.356489">
        <ele>191.709896</ele>
        <time>2026-05-01T17:15:26.711Z</time>
      </trkpt>
      <trkpt lat="51.180953" lon="13.356921">
        <ele>190.721005</ele>
        <time>2026-05-01T17:15:34.761Z</time>
      </trkpt>
      <trkpt lat="51.180855" lon="13.357233">
        <ele>189.948984</ele>
        <time>2026-05-01T17:15:41.057Z</time>
      </trkpt>
      <trkpt lat="51.180177" lon="13.358909">
        <ele>185.652413</ele>
        <time>2026-05-01T17:16:17.223Z</time>
      </trkpt>
      <trkpt lat="51.179899" lon="13.360111">
        <ele>184.159067</ele>
        <time>2026-05-01T17:16:41.469Z</time>
      </trkpt>
      <trkpt lat="51.179456" lon="13.361687">
        <ele>182.426127</ele>
        <time>2026-05-01T17:17:17.652Z</time>
      </trkpt>
      <trkpt lat="51.179260" lon="13.362754">
        <ele>182.375631</ele>
        <time>2026-05-01T17:17:44.059Z</time>
      </trkpt>
      <trkpt lat="51.179130" lon="13.363909">
        <ele>182.322337</ele>
        <time>2026-05-01T17:18:12.702Z</time>
      </trkpt>
      <trkpt lat="51.179063" lon="13.364730">
        <ele>182.544675</ele>
        <time>2026-05-01T17:18:32.908Z</time>
      </trkpt>
      <trkpt lat="51.179082" lon="13.364920">
        <ele>182.637120</ele>
        <time>2026-05-01T17:18:35.878Z</time>
      </trkpt>
      <trkpt lat="51.179018" lon="13.365047">
        <ele>182.715413</ele>
        <time>2026-05-01T17:18:38.431Z</time>
      </trkpt>
      <trkpt lat="51.178818" lon="13.365749">
        <ele>183.085912</ele>
        <time>2026-05-01T17:18:50.734Z</time>
      </trkpt>
      <trkpt lat="51.178644" lon="13.366089">
        <ele>183.296800</ele>
        <time>2026-05-01T17:18:57.890Z</time>
      </trkpt>
      <trkpt lat="51.178507" lon="13.366372">
        <ele>183.468602</ele>
        <time>2026-05-01T17:19:03.749Z</time>
      </trkpt>
      <trkpt lat="51.178455" lon="13.366552">
        <ele>183.563832</ele>
        <time>2026-05-01T17:19:07.032Z</time>
      </trkpt>
      <trkpt lat="51.178211" lon="13.367591">
        <ele>184.069981</ele>
        <time>2026-05-01T17:19:25.682Z</time>
      </trkpt>
      <trkpt lat="51.178072" lon="13.368234">
        <ele>184.375363</ele>
        <time>2026-05-01T17:19:37.281Z</time>
      </trkpt>
      <trkpt lat="51.177909" lon="13.368831">
        <ele>184.667728</ele>
        <time>2026-05-01T17:19:48.124Z</time>
      </trkpt>
      <trkpt lat="51.177585" lon="13.369910">
        <ele>184.621271</ele>
        <time>2026-05-01T17:20:08.096Z</time>
      </trkpt>
      <trkpt lat="51.177039" lon="13.371556">
        <ele>183.344361</ele>
        <time>2026-05-01T17:20:32.575Z</time>
      </trkpt>
      <trkpt lat="51.176420" lon="13.371409">
        <ele>181.623344</ele>
        <time>2026-05-01T17:20:42.817Z</time>
      </trkpt>
      <trkpt lat="51.175700" lon="13.371670">
        <ele>178.402076</ele>
        <time>2026-05-01T17:20:53.854Z</time>
      </trkpt>
      <trkpt lat="51.174551" lon="13.372102">
        <ele>173.381920</ele>
        <time>2026-05-01T17:21:11.018Z</time>
      </trkpt>
      <trkpt lat="51.173760" lon="13.372317">
        <ele>170.119813</ele>
        <time>2026-05-01T17:21:23.016Z</time>
      </trkpt>
      <trkpt lat="51.173502" lon="13.372480">
        <ele>168.991647</ele>
        <time>2026-05-01T17:21:27.417Z</time>
      </trkpt>
      <trkpt lat="51.173297" lon="13.372677">
        <ele>168.018658</ele>
        <time>2026-05-01T17:21:31.369Z</time>
      </trkpt>
      <trkpt lat="51.173114" lon="13.372909">
        <ele>167.845002</ele>
        <time>2026-05-01T17:21:35.465Z</time>
      </trkpt>
      <trkpt lat="51.172940" lon="13.373267">
        <ele>167.841431</ele>
        <time>2026-05-01T17:21:40.964Z</time>
      </trkpt>
      <trkpt lat="51.172703" lon="13.373843">
        <ele>167.836001</ele>
        <time>2026-05-01T17:21:51.259Z</time>
      </trkpt>
      <trkpt lat="51.172482" lon="13.374556">
        <ele>167.829731</ele>
        <time>2026-05-01T17:22:05.711Z</time>
      </trkpt>
      <trkpt lat="51.172328" lon="13.374892">
        <ele>167.826450</ele>
        <time>2026-05-01T17:22:14.234Z</time>
      </trkpt>
      <trkpt lat="51.172194" lon="13.375018">
        <ele>167.824798</ele>
        <time>2026-05-01T17:22:19.739Z</time>
      </trkpt>
      <trkpt lat="51.171804" lon="13.375150">
        <ele>167.824798</ele>
        <time>2026-05-01T17:22:35.284Z</time>
      </trkpt>
      <trkpt lat="51.171303" lon="13.375184">
        <ele>167.824798</ele>
        <time>2026-05-01T17:22:57.057Z</time>
      </trkpt>
      <trkpt lat="51.170673" lon="13.375052">
        <ele>167.824798</ele>
        <time>2026-05-01T17:23:26.692Z</time>
      </trkpt>
      <trkpt lat="51.170021" lon="13.374627">
        <ele>167.824798</ele>
        <time>2026-05-01T17:23:56.777Z</time>
      </trkpt>
      <trkpt lat="51.169987" lon="13.374794">
        <ele>167.824798</ele>
        <time>2026-05-01T17:24:01.113Z</time>
      </trkpt>
    </trkseg>
  </trk>
</gpx>