<?xml version='1.0' encoding='UTF-8'?>
<gpx version="1.1" creator="https://www.komoot.de" xmlns="http://www.topografix.com/GPX/1/1" xmlns:xsi="http://www.w3.org/2001/XMLSchema-instance" xsi:schemaLocation="http://www.topografix.com/GPX/1/1 http://www.topografix.com/GPX/1/1/gpx.xsd">
  <metadata>
    <name>Gravel-Fahrt</name>
    <author>
      <link href="https://www.komoot.de">
        <text>komoot</text>
        <type>text/html</type>
      </link>
    </author>
  </metadata>
  <trk>
    <name>Gravel-Fahrt</name>
    <trkseg>
      <trkpt lat="44.117851" lon="15.233819">
        <ele>14.084721</ele>
        <time>2026-05-29T14:41:52.000Z</time>
      </trkpt>
      <trkpt lat="44.117879" lon="15.233858">
        <ele>14.084721</ele>
        <time>2026-05-29T14:41:53.000Z</time>
      </trkpt>
      <trkpt lat="44.117905" lon="15.233903">
        <ele>14.084721</ele>
        <time>2026-05-29T14:41:54.000Z</time>
      </trkpt>
      <trkpt lat="44.117930" lon="15.233939">
        <ele>14.084721</ele>
        <time>2026-05-29T14:41:55.000Z</time>
      </trkpt>
      <trkpt lat="44.117954" lon="15.233978">
        <ele>14.084721</ele>
        <time>2026-05-29T14:41:56.000Z</time>
      </trkpt>
      <trkpt lat="44.117976" lon="15.234012">
        <ele>14.084721</ele>
        <time>2026-05-29T14:41:57.000Z</time>
      </trkpt>
      <trkpt lat="44.117996" lon="15.234048">
        <ele>14.084721</ele>
        <time>2026-05-29T14:41:58.000Z</time>
      </trkpt>
      <trkpt lat="44.118012" lon="15.234087">
        <ele>14.084721</ele>
        <time>2026-05-29T14:41:59.000Z</time>
      </trkpt>
      <trkpt lat="44.118027" lon="15.234127">
        <ele>14.084721</ele>
        <time>2026-05-29T14:42:00.000Z</time>
      </trkpt>
      <trkpt lat="44.118048" lon="15.234167">
        <ele>14.084721</ele>
        <time>2026-05-29T14:42:01.000Z</time>
      </trkpt>
      <trkpt lat="44.118079" lon="15.234209">
        <ele>14.084721</ele>
        <time>2026-05-29T14:42:02.000Z</time>
      </trkpt>
      <trkpt lat="44.118105" lon="15.234245">
        <ele>14.084721</ele>
        <time>2026-05-29T14:42:03.000Z</time>
      </trkpt>
      <trkpt lat="44.118128" lon="15.234283">
        <ele>14.084721</ele>
        <time>2026-05-29T14:42:04.000Z</time>
      </trkpt>
      <trkpt lat="44.118151" lon="15.234324">
        <ele>14.084721</ele>
        <time>2026-05-29T14:42:05.000Z</time>
      </trkpt>
      <trkpt lat="44.118173" lon="15.234368">
        <ele>14.084721</ele>
        <time>2026-05-29T14:42:06.000Z</time>
      </trkpt>
      <trkpt lat="44.118190" lon="15.234405">
        <ele>14.084721</ele>
        <time>2026-05-29T14:42:07.000Z</time>
      </trkpt>
      <trkpt lat="44.118212" lon="15.234460">
        <ele>14.084721</ele>
        <time>2026-05-29T14:42:08.000Z</time>
      </trkpt>
      <trkpt lat="44.118231" lon="15.234496">
        <ele>14.084721</ele>
        <time>2026-05-29T14:42:09.000Z</time>
      </trkpt>
      <trkpt lat="44.118256" lon="15.234537">
        <ele>14.084721</ele>
        <time>2026-05-29T14:42:10.000Z</time>
      </trkpt>
      <trkpt lat="44.118283" lon="15.234579">
        <ele>14.084721</ele>
        <time>2026-05-29T14:42:11.000Z</time>
      </trkpt>
      <trkpt lat="44.118307" lon="15.234620">
        <ele>14.084721</ele>
        <time>2026-05-29T14:42:12.000Z</time>
      </trkpt>
      <trkpt lat="44.118324" lon="15.234663">
        <ele>14.084721</ele>
        <time>2026-05-29T14:42:13.000Z</time>
      </trkpt>
      <trkpt lat="44.118336" lon="15.234704">
        <ele>14.084721</ele>
        <time>2026-05-29T14:42:14.000Z</time>
      </trkpt>
      <trkpt lat="44.118346" lon="15.234746">
        <ele>14.084721</ele>
        <time>2026-05-29T14:42:15.000Z</time>
      </trkpt>
      <trkpt lat="44.118364" lon="15.234787">
        <ele>14.084721</ele>
        <time>2026-05-29T14:42:16.000Z</time>
      </trkpt>
      <trkpt lat="44.118381" lon="15.234827">
        <ele>14.084050</ele>
        <time>2026-05-29T14:42:17.000Z</time>
      </trkpt>
      <trkpt lat="44.118398" lon="15.234869">
        <ele>14.078684</ele>
        <time>2026-05-29T14:42:18.000Z</time>
      </trkpt>
      <trkpt lat="44.118410" lon="15.234909">
        <ele>14.073859</ele>
        <time>2026-05-29T14:42:19.000Z</time>
      </trkpt>
      <trkpt lat="44.118414" lon="15.234950">
        <ele>14.069253</ele>
        <time>2026-05-29T14:42:20.000Z</time>
      </trkpt>
      <trkpt lat="44.118407" lon="15.234990">
        <ele>14.064671</ele>
        <time>2026-05-29T14:42:21.000Z</time>
      </trkpt>
      <trkpt lat="44.118396" lon="15.235022">
        <ele>14.060722</ele>
        <time>2026-05-29T14:42:22.000Z</time>
      </trkpt>
      <trkpt lat="44.118380" lon="15.235048">
        <ele>14.056911</ele>
        <time>2026-05-29T14:42:23.000Z</time>
      </trkpt>
      <trkpt lat="44.118355" lon="15.235068">
        <ele>14.052441</ele>
        <time>2026-05-29T14:42:24.000Z</time>
      </trkpt>
      <trkpt lat="44.118323" lon="15.235080">
        <ele>14.047304</ele>
        <time>2026-05-29T14:42:25.000Z</time>
      </trkpt>
      <trkpt lat="44.118288" lon="15.235089">
        <ele>14.041786</ele>
        <time>2026-05-29T14:42:26.000Z</time>
      </trkpt>
      <trkpt lat="44.118250" lon="15.235098">
        <ele>14.035810</ele>
        <time>2026-05-29T14:42:27.000Z</time>
      </trkpt>
      <trkpt lat="44.118210" lon="15.235105">
        <ele>14.029560</ele>
        <time>2026-05-29T14:42:28.000Z</time>
      </trkpt>
      <trkpt lat="44.118169" lon="15.235111">
        <ele>14.023169</ele>
        <time>2026-05-29T14:42:29.000Z</time>
      </trkpt>
      <trkpt lat="44.118126" lon="15.235117">
        <ele>14.016469</ele>
        <time>2026-05-29T14:42:30.000Z</time>
      </trkpt>
      <trkpt lat="44.118081" lon="15.235124">
        <ele>14.009449</ele>
        <time>2026-05-29T14:42:31.000Z</time>
      </trkpt>
      <trkpt lat="44.118034" lon="15.235133">
        <ele>14.002094</ele>
        <time>2026-05-29T14:42:32.000Z</time>
      </trkpt>
      <trkpt lat="44.117985" lon="15.235143">
        <ele>13.994416</ele>
        <time>2026-05-29T14:42:33.000Z</time>
      </trkpt>
      <trkpt lat="44.117936" lon="15.235151">
        <ele>13.986768</ele>
        <time>2026-05-29T14:42:34.000Z</time>
      </trkpt>
      <trkpt lat="44.117887" lon="15.235157">
        <ele>13.979142</ele>
        <time>2026-05-29T14:42:35.000Z</time>
      </trkpt>
      <trkpt lat="44.117837" lon="15.235169">
        <ele>13.971276</ele>
        <time>2026-05-29T14:42:36.000Z</time>
      </trkpt>
      <trkpt lat="44.117785" lon="15.235188">
        <ele>13.962942</ele>
        <time>2026-05-29T14:42:37.000Z</time>
      </trkpt>
      <trkpt lat="44.117733" lon="15.235207">
        <ele>13.954607</ele>
        <time>2026-05-29T14:42:38.000Z</time>
      </trkpt>
      <trkpt lat="44.117681" lon="15.235226">
        <ele>13.946273</ele>
        <time>2026-05-29T14:42:39.000Z</time>
      </trkpt>
      <trkpt lat="44.117630" lon="15.235242">
        <ele>13.938168</ele>
        <time>2026-05-29T14:42:40.000Z</time>
      </trkpt>
      <trkpt lat="44.117577" lon="15.235252">
        <ele>13.929876</ele>
        <time>2026-05-29T14:42:41.000Z</time>
      </trkpt>
      <trkpt lat="44.117523" lon="15.235259">
        <ele>13.921468</ele>
        <time>2026-05-29T14:42:42.000Z</time>
      </trkpt>
      <trkpt lat="44.117469" lon="15.235266">
        <ele>13.913061</ele>
        <time>2026-05-29T14:42:43.000Z</time>
      </trkpt>
      <trkpt lat="44.117416" lon="15.235272">
        <ele>13.904817</ele>
        <time>2026-05-29T14:42:44.000Z</time>
      </trkpt>
      <trkpt lat="44.117363" lon="15.235281">
        <ele>13.896539</ele>
        <time>2026-05-29T14:42:45.000Z</time>
      </trkpt>
      <trkpt lat="44.117311" lon="15.235288">
        <ele>13.888440</ele>
        <time>2026-05-29T14:42:46.000Z</time>
      </trkpt>
      <trkpt lat="44.117259" lon="15.235294">
        <ele>13.880351</ele>
        <time>2026-05-29T14:42:47.000Z</time>
      </trkpt>
      <trkpt lat="44.117211" lon="15.235300">
        <ele>13.872879</ele>
        <time>2026-05-29T14:42:48.000Z</time>
      </trkpt>
      <trkpt lat="44.117170" lon="15.235305">
        <ele>13.866498</ele>
        <time>2026-05-29T14:42:49.000Z</time>
      </trkpt>
      <trkpt lat="44.117134" lon="15.235309">
        <ele>13.860900</ele>
        <time>2026-05-29T14:42:50.000Z</time>
      </trkpt>
      <trkpt lat="44.117104" lon="15.235310">
        <ele>13.856247</ele>
        <time>2026-05-29T14:42:51.000Z</time>
      </trkpt>
      <trkpt lat="44.117081" lon="15.235311">
        <ele>13.852680</ele>
        <time>2026-05-29T14:42:52.000Z</time>
      </trkpt>
      <trkpt lat="44.117064" lon="15.235310">
        <ele>13.850042</ele>
        <time>2026-05-29T14:42:53.000Z</time>
      </trkpt>
      <trkpt lat="44.117050" lon="15.235312">
        <ele>13.847860</ele>
        <time>2026-05-29T14:42:54.000Z</time>
      </trkpt>
      <trkpt lat="44.117041" lon="15.235314">
        <ele>13.846447</ele>
        <time>2026-05-29T14:42:55.000Z</time>
      </trkpt>
      <trkpt lat="44.117037" lon="15.235314">
        <ele>13.845827</ele>
        <time>2026-05-29T14:42:56.000Z</time>
      </trkpt>
      <trkpt lat="44.116986" lon="15.235329">
        <ele>13.837746</ele>
        <time>2026-05-29T14:43:01.000Z</time>
      </trkpt>
      <trkpt lat="44.116961" lon="15.235335">
        <ele>13.833813</ele>
        <time>2026-05-29T14:43:02.000Z</time>
      </trkpt>
      <trkpt lat="44.116934" lon="15.235344">
        <ele>13.829509</ele>
        <time>2026-05-29T14:43:03.000Z</time>
      </trkpt>
      <trkpt lat="44.116910" lon="15.235355">
        <ele>13.825592</ele>
        <time>2026-05-29T14:43:04.000Z</time>
      </trkpt>
      <trkpt lat="44.116887" lon="15.235365">
        <ele>13.821857</ele>
        <time>2026-05-29T14:43:05.000Z</time>
      </trkpt>
      <trkpt lat="44.116867" lon="15.235371">
        <ele>13.818685</ele>
        <time>2026-05-29T14:43:06.000Z</time>
      </trkpt>
      <trkpt lat="44.116850" lon="15.235375">
        <ele>13.816012</ele>
        <time>2026-05-29T14:43:07.000Z</time>
      </trkpt>
      <trkpt lat="44.116836" lon="15.235379">
        <ele>13.813796</ele>
        <time>2026-05-29T14:43:08.000Z</time>
      </trkpt>
      <trkpt lat="44.116827" lon="15.235384">
        <ele>13.812294</ele>
        <time>2026-05-29T14:43:09.000Z</time>
      </trkpt>
      <trkpt lat="44.116822" lon="15.235386">
        <ele>13.811488</ele>
        <time>2026-05-29T14:43:10.000Z</time>
      </trkpt>
      <trkpt lat="44.116801" lon="15.235454">
        <ele>13.827902</ele>
        <time>2026-05-29T14:43:15.000Z</time>
      </trkpt>
      <trkpt lat="44.116806" lon="15.235492">
        <ele>13.863999</ele>
        <time>2026-05-29T14:43:16.000Z</time>
      </trkpt>
      <trkpt lat="44.116814" lon="15.235530">
        <ele>13.901000</ele>
        <time>2026-05-29T14:43:17.000Z</time>
      </trkpt>
      <trkpt lat="44.116825" lon="15.235572">
        <ele>13.942774</ele>
        <time>2026-05-29T14:43:18.000Z</time>
      </trkpt>
      <trkpt lat="44.116837" lon="15.235619">
        <ele>13.989383</ele>
        <time>2026-05-29T14:43:19.000Z</time>
      </trkpt>
      <trkpt lat="44.116843" lon="15.235670">
        <ele>14.037672</ele>
        <time>2026-05-29T14:43:20.000Z</time>
      </trkpt>
      <trkpt lat="44.116848" lon="15.235722">
        <ele>14.086693</ele>
        <time>2026-05-29T14:43:21.000Z</time>
      </trkpt>
      <trkpt lat="44.116852" lon="15.235774">
        <ele>14.135558</ele>
        <time>2026-05-29T14:43:22.000Z</time>
      </trkpt>
      <trkpt lat="44.116857" lon="15.235825">
        <ele>14.183653</ele>
        <time>2026-05-29T14:43:23.000Z</time>
      </trkpt>
      <trkpt lat="44.116862" lon="15.235879">
        <ele>14.234526</ele>
        <time>2026-05-29T14:43:24.000Z</time>
      </trkpt>
      <trkpt lat="44.116865" lon="15.235931">
        <ele>14.283270</ele>
        <time>2026-05-29T14:43:25.000Z</time>
      </trkpt>
      <trkpt lat="44.116867" lon="15.235983">
        <ele>14.331927</ele>
        <time>2026-05-29T14:43:26.000Z</time>
      </trkpt>
      <trkpt lat="44.116869" lon="15.236035">
        <ele>14.380584</ele>
        <time>2026-05-29T14:43:27.000Z</time>
      </trkpt>
      <trkpt lat="44.116874" lon="15.236086">
        <ele>14.428678</ele>
        <time>2026-05-29T14:43:28.000Z</time>
      </trkpt>
      <trkpt lat="44.116880" lon="15.236139">
        <ele>14.478812</ele>
        <time>2026-05-29T14:43:29.000Z</time>
      </trkpt>
      <trkpt lat="44.116885" lon="15.236192">
        <ele>14.528759</ele>
        <time>2026-05-29T14:43:30.000Z</time>
      </trkpt>
      <trkpt lat="44.116887" lon="15.236244">
        <ele>14.577416</ele>
        <time>2026-05-29T14:43:31.000Z</time>
      </trkpt>
      <trkpt lat="44.116885" lon="15.236299">
        <ele>14.628872</ele>
        <time>2026-05-29T14:43:32.000Z</time>
      </trkpt>
      <trkpt lat="44.116889" lon="15.236352">
        <ele>14.678666</ele>
        <time>2026-05-29T14:43:33.000Z</time>
      </trkpt>
      <trkpt lat="44.116897" lon="15.236408">
        <ele>14.732016</ele>
        <time>2026-05-29T14:43:34.000Z</time>
      </trkpt>
      <trkpt lat="44.116907" lon="15.236464">
        <ele>14.785935</ele>
        <time>2026-05-29T14:43:35.000Z</time>
      </trkpt>
      <trkpt lat="44.116918" lon="15.236518">
        <ele>14.838382</ele>
        <time>2026-05-29T14:43:36.000Z</time>
      </trkpt>
      <trkpt lat="44.116927" lon="15.236571">
        <ele>14.889270</ele>
        <time>2026-05-29T14:43:37.000Z</time>
      </trkpt>
      <trkpt lat="44.116929" lon="15.236625">
        <ele>14.939793</ele>
        <time>2026-05-29T14:43:38.000Z</time>
      </trkpt>
      <trkpt lat="44.116933" lon="15.236680">
        <ele>14.991446</ele>
        <time>2026-05-29T14:43:39.000Z</time>
      </trkpt>
      <trkpt lat="44.116938" lon="15.236735">
        <ele>15.043247</ele>
        <time>2026-05-29T14:43:40.000Z</time>
      </trkpt>
      <trkpt lat="44.116941" lon="15.236789">
        <ele>15.093853</ele>
        <time>2026-05-29T14:43:41.000Z</time>
      </trkpt>
      <trkpt lat="44.116944" lon="15.236843">
        <ele>15.144460</ele>
        <time>2026-05-29T14:43:42.000Z</time>
      </trkpt>
      <trkpt lat="44.116947" lon="15.236897">
        <ele>15.195066</ele>
        <time>2026-05-29T14:43:43.000Z</time>
      </trkpt>
      <trkpt lat="44.116949" lon="15.236951">
        <ele>15.245589</ele>
        <time>2026-05-29T14:43:44.000Z</time>
      </trkpt>
      <trkpt lat="44.116952" lon="15.237003">
        <ele>15.294333</ele>
        <time>2026-05-29T14:43:45.000Z</time>
      </trkpt>
      <trkpt lat="44.116958" lon="15.237050">
        <ele>15.338937</ele>
        <time>2026-05-29T14:43:46.000Z</time>
      </trkpt>
      <trkpt lat="44.116965" lon="15.237098">
        <ele>15.384702</ele>
        <time>2026-05-29T14:43:47.000Z</time>
      </trkpt>
      <trkpt lat="44.116969" lon="15.237146">
        <ele>15.429853</ele>
        <time>2026-05-29T14:43:48.000Z</time>
      </trkpt>
      <trkpt lat="44.116972" lon="15.237192">
        <ele>15.473011</ele>
        <time>2026-05-29T14:43:49.000Z</time>
      </trkpt>
      <trkpt lat="44.116977" lon="15.237240">
        <ele>15.518330</ele>
        <time>2026-05-29T14:43:50.000Z</time>
      </trkpt>
      <trkpt lat="44.116980" lon="15.237291">
        <ele>15.566142</ele>
        <time>2026-05-29T14:43:51.000Z</time>
      </trkpt>
      <trkpt lat="44.116980" lon="15.237344">
        <ele>15.615663</ele>
        <time>2026-05-29T14:43:52.000Z</time>
      </trkpt>
      <trkpt lat="44.116985" lon="15.237397">
        <ele>15.665610</ele>
        <time>2026-05-29T14:43:53.000Z</time>
      </trkpt>
      <trkpt lat="44.116982" lon="15.237449">
        <ele>15.714354</ele>
        <time>2026-05-29T14:43:54.000Z</time>
      </trkpt>
      <trkpt lat="44.116980" lon="15.237501">
        <ele>15.763011</ele>
        <time>2026-05-29T14:43:55.000Z</time>
      </trkpt>
      <trkpt lat="44.116980" lon="15.237553">
        <ele>15.811597</ele>
        <time>2026-05-29T14:43:56.000Z</time>
      </trkpt>
      <trkpt lat="44.116984" lon="15.237605">
        <ele>15.860463</ele>
        <time>2026-05-29T14:43:57.000Z</time>
      </trkpt>
      <trkpt lat="44.116984" lon="15.237657">
        <ele>15.909049</ele>
        <time>2026-05-29T14:43:58.000Z</time>
      </trkpt>
      <trkpt lat="44.116988" lon="15.237710">
        <ele>15.958844</ele>
        <time>2026-05-29T14:43:59.000Z</time>
      </trkpt>
      <trkpt lat="44.116991" lon="15.237765">
        <ele>16.010382</ele>
        <time>2026-05-29T14:44:00.000Z</time>
      </trkpt>
      <trkpt lat="44.116994" lon="15.237819">
        <ele>16.060988</ele>
        <time>2026-05-29T14:44:01.000Z</time>
      </trkpt>
      <trkpt lat="44.116995" lon="15.237875">
        <ele>16.113329</ele>
        <time>2026-05-29T14:44:02.000Z</time>
      </trkpt>
      <trkpt lat="44.117000" lon="15.237931">
        <ele>16.162110</ele>
        <time>2026-05-29T14:44:03.000Z</time>
      </trkpt>
      <trkpt lat="44.117006" lon="15.237983">
        <ele>16.201245</ele>
        <time>2026-05-29T14:44:04.000Z</time>
      </trkpt>
      <trkpt lat="44.117011" lon="15.238036">
        <ele>16.240965</ele>
        <time>2026-05-29T14:44:05.000Z</time>
      </trkpt>
      <trkpt lat="44.117018" lon="15.238094">
        <ele>16.284666</ele>
        <time>2026-05-29T14:44:06.000Z</time>
      </trkpt>
      <trkpt lat="44.117024" lon="15.238149">
        <ele>16.326003</ele>
        <time>2026-05-29T14:44:07.000Z</time>
      </trkpt>
      <trkpt lat="44.117031" lon="15.238204">
        <ele>16.367507</ele>
        <time>2026-05-29T14:44:08.000Z</time>
      </trkpt>
      <trkpt lat="44.117036" lon="15.238259">
        <ele>16.408701</ele>
        <time>2026-05-29T14:44:09.000Z</time>
      </trkpt>
      <trkpt lat="44.117041" lon="15.238317">
        <ele>16.452107</ele>
        <time>2026-05-29T14:44:10.000Z</time>
      </trkpt>
      <trkpt lat="44.117046" lon="15.238373">
        <ele>16.494038</ele>
        <time>2026-05-29T14:44:11.000Z</time>
      </trkpt>
      <trkpt lat="44.117048" lon="15.238427">
        <ele>16.534216</ele>
        <time>2026-05-29T14:44:12.000Z</time>
      </trkpt>
      <trkpt lat="44.117050" lon="15.238483">
        <ele>16.575878</ele>
        <time>2026-05-29T14:44:13.000Z</time>
      </trkpt>
      <trkpt lat="44.117061" lon="15.238547">
        <ele>16.624777</ele>
        <time>2026-05-29T14:44:14.000Z</time>
      </trkpt>
      <trkpt lat="44.117092" lon="15.238613">
        <ele>16.683381</ele>
        <time>2026-05-29T14:44:15.000Z</time>
      </trkpt>
      <trkpt lat="44.117099" lon="15.238680">
        <ele>16.733690</ele>
        <time>2026-05-29T14:44:16.000Z</time>
      </trkpt>
      <trkpt lat="44.117100" lon="15.238747">
        <ele>16.783484</ele>
        <time>2026-05-29T14:44:17.000Z</time>
      </trkpt>
      <trkpt lat="44.117097" lon="15.238819">
        <ele>16.837074</ele>
        <time>2026-05-29T14:44:18.000Z</time>
      </trkpt>
      <trkpt lat="44.117106" lon="15.238884">
        <ele>16.886261</ele>
        <time>2026-05-29T14:44:19.000Z</time>
      </trkpt>
      <trkpt lat="44.117110" lon="15.238951">
        <ele>16.936217</ele>
        <time>2026-05-29T14:44:20.000Z</time>
      </trkpt>
      <trkpt lat="44.117099" lon="15.239017">
        <ele>16.986562</ele>
        <time>2026-05-29T14:44:21.000Z</time>
      </trkpt>
      <trkpt lat="44.117100" lon="15.239087">
        <ele>17.038586</ele>
        <time>2026-05-29T14:44:22.000Z</time>
      </trkpt>
      <trkpt lat="44.117103" lon="15.239151">
        <ele>17.086242</ele>
        <time>2026-05-29T14:44:23.000Z</time>
      </trkpt>
      <trkpt lat="44.117109" lon="15.239214">
        <ele>17.133464</ele>
        <time>2026-05-29T14:44:24.000Z</time>
      </trkpt>
      <trkpt lat="44.117119" lon="15.239277">
        <ele>17.181406</ele>
        <time>2026-05-29T14:44:25.000Z</time>
      </trkpt>
      <trkpt lat="44.117129" lon="15.239341">
        <ele>17.230074</ele>
        <time>2026-05-29T14:44:26.000Z</time>
      </trkpt>
      <trkpt lat="44.117137" lon="15.239405">
        <ele>17.278344</ele>
        <time>2026-05-29T14:44:27.000Z</time>
      </trkpt>
      <trkpt lat="44.117150" lon="15.239462">
        <ele>17.322784</ele>
        <time>2026-05-29T14:44:28.000Z</time>
      </trkpt>
      <trkpt lat="44.117163" lon="15.239518">
        <ele>17.366515</ele>
        <time>2026-05-29T14:44:29.000Z</time>
      </trkpt>
      <trkpt lat="44.117176" lon="15.239579">
        <ele>17.413796</ele>
        <time>2026-05-29T14:44:30.000Z</time>
      </trkpt>
      <trkpt lat="44.117189" lon="15.239643">
        <ele>17.463218</ele>
        <time>2026-05-29T14:44:31.000Z</time>
      </trkpt>
      <trkpt lat="44.117204" lon="15.239719">
        <ele>17.521784</ele>
        <time>2026-05-29T14:44:32.000Z</time>
      </trkpt>
      <trkpt lat="44.117178" lon="15.239795">
        <ele>17.584339</ele>
        <time>2026-05-29T14:44:33.000Z</time>
      </trkpt>
      <trkpt lat="44.117176" lon="15.239862">
        <ele>17.634166</ele>
        <time>2026-05-29T14:44:34.000Z</time>
      </trkpt>
      <trkpt lat="44.117178" lon="15.239931">
        <ele>17.685478</ele>
        <time>2026-05-29T14:44:35.000Z</time>
      </trkpt>
      <trkpt lat="44.117179" lon="15.239988">
        <ele>17.727844</ele>
        <time>2026-05-29T14:44:36.000Z</time>
      </trkpt>
      <trkpt lat="44.117176" lon="15.240047">
        <ele>17.771793</ele>
        <time>2026-05-29T14:44:37.000Z</time>
      </trkpt>
      <trkpt lat="44.117175" lon="15.240108">
        <ele>17.817131</ele>
        <time>2026-05-29T14:44:38.000Z</time>
      </trkpt>
      <trkpt lat="44.117177" lon="15.240169">
        <ele>17.862504</ele>
        <time>2026-05-29T14:44:39.000Z</time>
      </trkpt>
      <trkpt lat="44.117182" lon="15.240228">
        <ele>17.906648</ele>
        <time>2026-05-29T14:44:40.000Z</time>
      </trkpt>
      <trkpt lat="44.117188" lon="15.240288">
        <ele>17.951661</ele>
        <time>2026-05-29T14:44:41.000Z</time>
      </trkpt>
      <trkpt lat="44.117192" lon="15.240349">
        <ele>17.997175</ele>
        <time>2026-05-29T14:44:42.000Z</time>
      </trkpt>
      <trkpt lat="44.117189" lon="15.240412">
        <ele>18.043169</ele>
        <time>2026-05-29T14:44:43.000Z</time>
      </trkpt>
      <trkpt lat="44.117187" lon="15.240471">
        <ele>18.085926</ele>
        <time>2026-05-29T14:44:44.000Z</time>
      </trkpt>
      <trkpt lat="44.117186" lon="15.240531">
        <ele>18.129371</ele>
        <time>2026-05-29T14:44:45.000Z</time>
      </trkpt>
      <trkpt lat="44.117190" lon="15.240591">
        <ele>18.172991</ele>
        <time>2026-05-29T14:44:46.000Z</time>
      </trkpt>
      <trkpt lat="44.117192" lon="15.240652">
        <ele>18.217194</ele>
        <time>2026-05-29T14:44:47.000Z</time>
      </trkpt>
      <trkpt lat="44.117195" lon="15.240711">
        <ele>18.260010</ele>
        <time>2026-05-29T14:44:48.000Z</time>
      </trkpt>
      <trkpt lat="44.117198" lon="15.240769">
        <ele>18.302104</ele>
        <time>2026-05-29T14:44:49.000Z</time>
      </trkpt>
      <trkpt lat="44.117202" lon="15.240827">
        <ele>18.344283</ele>
        <time>2026-05-29T14:44:50.000Z</time>
      </trkpt>
      <trkpt lat="44.117193" lon="15.240887">
        <ele>18.388654</ele>
        <time>2026-05-29T14:44:51.000Z</time>
      </trkpt>
      <trkpt lat="44.117173" lon="15.240946">
        <ele>18.435885</ele>
        <time>2026-05-29T14:44:52.000Z</time>
      </trkpt>
      <trkpt lat="44.117148" lon="15.240997">
        <ele>18.480588</ele>
        <time>2026-05-29T14:44:53.000Z</time>
      </trkpt>
      <trkpt lat="44.117117" lon="15.241038">
        <ele>18.523692</ele>
        <time>2026-05-29T14:44:54.000Z</time>
      </trkpt>
      <trkpt lat="44.117083" lon="15.241073">
        <ele>18.566321</ele>
        <time>2026-05-29T14:44:55.000Z</time>
      </trkpt>
      <trkpt lat="44.117051" lon="15.241109">
        <ele>18.607796</ele>
        <time>2026-05-29T14:44:56.000Z</time>
      </trkpt>
      <trkpt lat="44.117019" lon="15.241146">
        <ele>18.649731</ele>
        <time>2026-05-29T14:44:57.000Z</time>
      </trkpt>
      <trkpt lat="44.116991" lon="15.241181">
        <ele>18.687665</ele>
        <time>2026-05-29T14:44:58.000Z</time>
      </trkpt>
      <trkpt lat="44.116971" lon="15.241220">
        <ele>18.722359</ele>
        <time>2026-05-29T14:44:59.000Z</time>
      </trkpt>
      <trkpt lat="44.116971" lon="15.241254">
        <ele>18.746972</ele>
        <time>2026-05-29T14:45:00.000Z</time>
      </trkpt>
      <trkpt lat="44.116983" lon="15.241269">
        <ele>18.763229</ele>
        <time>2026-05-29T14:45:01.000Z</time>
      </trkpt>
      <trkpt lat="44.117003" lon="15.241265">
        <ele>18.783602</ele>
        <time>2026-05-29T14:45:02.000Z</time>
      </trkpt>
      <trkpt lat="44.117025" lon="15.241249">
        <ele>18.808627</ele>
        <time>2026-05-29T14:45:03.000Z</time>
      </trkpt>
      <trkpt lat="44.117050" lon="15.241230">
        <ele>18.837343</ele>
        <time>2026-05-29T14:45:04.000Z</time>
      </trkpt>
      <trkpt lat="44.117077" lon="15.241216">
        <ele>18.866392</ele>
        <time>2026-05-29T14:45:05.000Z</time>
      </trkpt>
      <trkpt lat="44.117106" lon="15.241214">
        <ele>18.895669</ele>
        <time>2026-05-29T14:45:06.000Z</time>
      </trkpt>
      <trkpt lat="44.117137" lon="15.241222">
        <ele>18.927459</ele>
        <time>2026-05-29T14:45:07.000Z</time>
      </trkpt>
      <trkpt lat="44.117166" lon="15.241240">
        <ele>18.959472</ele>
        <time>2026-05-29T14:45:08.000Z</time>
      </trkpt>
      <trkpt lat="44.117190" lon="15.241271">
        <ele>18.992475</ele>
        <time>2026-05-29T14:45:09.000Z</time>
      </trkpt>
      <trkpt lat="44.117206" lon="15.241313">
        <ele>19.026893</ele>
        <time>2026-05-29T14:45:10.000Z</time>
      </trkpt>
      <trkpt lat="44.117213" lon="15.241363">
        <ele>19.063769</ele>
        <time>2026-05-29T14:45:11.000Z</time>
      </trkpt>
      <trkpt lat="44.117217" lon="15.241414">
        <ele>19.100907</ele>
        <time>2026-05-29T14:45:12.000Z</time>
      </trkpt>
      <trkpt lat="44.117220" lon="15.241467">
        <ele>19.139392</ele>
        <time>2026-05-29T14:45:13.000Z</time>
      </trkpt>
      <trkpt lat="44.117219" lon="15.241521">
        <ele>19.178495</ele>
        <time>2026-05-29T14:45:14.000Z</time>
      </trkpt>
      <trkpt lat="44.117216" lon="15.241575">
        <ele>19.217702</ele>
        <time>2026-05-29T14:45:15.000Z</time>
      </trkpt>
      <trkpt lat="44.117210" lon="15.241631">
        <ele>19.258688</ele>
        <time>2026-05-29T14:45:16.000Z</time>
      </trkpt>
      <trkpt lat="44.117204" lon="15.241688">
        <ele>19.300391</ele>
        <time>2026-05-29T14:45:17.000Z</time>
      </trkpt>
      <trkpt lat="44.117198" lon="15.241746">
        <ele>19.342810</ele>
        <time>2026-05-29T14:45:18.000Z</time>
      </trkpt>
      <trkpt lat="44.117189" lon="15.241804">
        <ele>19.385765</ele>
        <time>2026-05-29T14:45:19.000Z</time>
      </trkpt>
      <trkpt lat="44.117179" lon="15.241860">
        <ele>19.427538</ele>
        <time>2026-05-29T14:45:20.000Z</time>
      </trkpt>
      <trkpt lat="44.117165" lon="15.241913">
        <ele>19.468419</ele>
        <time>2026-05-29T14:45:21.000Z</time>
      </trkpt>
      <trkpt lat="44.117149" lon="15.241966">
        <ele>19.510039</ele>
        <time>2026-05-29T14:45:22.000Z</time>
      </trkpt>
      <trkpt lat="44.117135" lon="15.242019">
        <ele>19.550919</ele>
        <time>2026-05-29T14:45:23.000Z</time>
      </trkpt>
      <trkpt lat="44.117120" lon="15.242073">
        <ele>19.592833</ele>
        <time>2026-05-29T14:45:24.000Z</time>
      </trkpt>
      <trkpt lat="44.117106" lon="15.242129">
        <ele>19.635758</ele>
        <time>2026-05-29T14:45:25.000Z</time>
      </trkpt>
      <trkpt lat="44.117096" lon="15.242184">
        <ele>19.676829</ele>
        <time>2026-05-29T14:45:26.000Z</time>
      </trkpt>
      <trkpt lat="44.117086" lon="15.242240">
        <ele>19.718602</ele>
        <time>2026-05-29T14:45:27.000Z</time>
      </trkpt>
      <trkpt lat="44.117075" lon="15.242294">
        <ele>19.759235</ele>
        <time>2026-05-29T14:45:28.000Z</time>
      </trkpt>
      <trkpt lat="44.117064" lon="15.242348">
        <ele>19.799868</ele>
        <time>2026-05-29T14:45:29.000Z</time>
      </trkpt>
      <trkpt lat="44.117055" lon="15.242401">
        <ele>19.822528</ele>
        <time>2026-05-29T14:45:30.000Z</time>
      </trkpt>
      <trkpt lat="44.117051" lon="15.242455">
        <ele>19.823784</ele>
        <time>2026-05-29T14:45:31.000Z</time>
      </trkpt>
      <trkpt lat="44.117053" lon="15.242508">
        <ele>19.825011</ele>
        <time>2026-05-29T14:45:32.000Z</time>
      </trkpt>
      <trkpt lat="44.117059" lon="15.242562">
        <ele>19.826274</ele>
        <time>2026-05-29T14:45:33.000Z</time>
      </trkpt>
      <trkpt lat="44.117061" lon="15.242618">
        <ele>19.827570</ele>
        <time>2026-05-29T14:45:34.000Z</time>
      </trkpt>
      <trkpt lat="44.117059" lon="15.242674">
        <ele>19.828866</ele>
        <time>2026-05-29T14:45:35.000Z</time>
      </trkpt>
      <trkpt lat="44.117048" lon="15.242726">
        <ele>19.830120</ele>
        <time>2026-05-29T14:45:36.000Z</time>
      </trkpt>
      <trkpt lat="44.117030" lon="15.242773">
        <ele>19.831351</ele>
        <time>2026-05-29T14:45:37.000Z</time>
      </trkpt>
      <trkpt lat="44.117009" lon="15.242818">
        <ele>19.832592</ele>
        <time>2026-05-29T14:45:38.000Z</time>
      </trkpt>
      <trkpt lat="44.116989" lon="15.242869">
        <ele>19.833935</ele>
        <time>2026-05-29T14:45:39.000Z</time>
      </trkpt>
      <trkpt lat="44.116965" lon="15.242922">
        <ele>19.835384</ele>
        <time>2026-05-29T14:45:40.000Z</time>
      </trkpt>
      <trkpt lat="44.116936" lon="15.242971">
        <ele>19.836852</ele>
        <time>2026-05-29T14:45:41.000Z</time>
      </trkpt>
      <trkpt lat="44.116899" lon="15.243016">
        <ele>19.838434</ele>
        <time>2026-05-29T14:45:42.000Z</time>
      </trkpt>
      <trkpt lat="44.116857" lon="15.243058">
        <ele>19.840099</ele>
        <time>2026-05-29T14:45:43.000Z</time>
      </trkpt>
      <trkpt lat="44.116813" lon="15.243095">
        <ele>19.841754</ele>
        <time>2026-05-29T14:45:44.000Z</time>
      </trkpt>
      <trkpt lat="44.116766" lon="15.243128">
        <ele>19.843449</ele>
        <time>2026-05-29T14:45:45.000Z</time>
      </trkpt>
      <trkpt lat="44.116717" lon="15.243161">
        <ele>19.845202</ele>
        <time>2026-05-29T14:45:46.000Z</time>
      </trkpt>
      <trkpt lat="44.116670" lon="15.243193">
        <ele>19.846886</ele>
        <time>2026-05-29T14:45:47.000Z</time>
      </trkpt>
      <trkpt lat="44.116625" lon="15.243230">
        <ele>19.848569</ele>
        <time>2026-05-29T14:45:48.000Z</time>
      </trkpt>
      <trkpt lat="44.116582" lon="15.243277">
        <ele>19.850329</ele>
        <time>2026-05-29T14:45:49.000Z</time>
      </trkpt>
      <trkpt lat="44.116542" lon="15.243328">
        <ele>19.852075</ele>
        <time>2026-05-29T14:45:50.000Z</time>
      </trkpt>
      <trkpt lat="44.116502" lon="15.243381">
        <ele>19.853853</ele>
        <time>2026-05-29T14:45:51.000Z</time>
      </trkpt>
      <trkpt lat="44.116459" lon="15.243429">
        <ele>19.855628</ele>
        <time>2026-05-29T14:45:52.000Z</time>
      </trkpt>
      <trkpt lat="44.116413" lon="15.243475">
        <ele>19.857451</ele>
        <time>2026-05-29T14:45:53.000Z</time>
      </trkpt>
      <trkpt lat="44.116364" lon="15.243516">
        <ele>19.859292</ele>
        <time>2026-05-29T14:45:54.000Z</time>
      </trkpt>
      <trkpt lat="44.116316" lon="15.243552">
        <ele>19.861047</ele>
        <time>2026-05-29T14:45:55.000Z</time>
      </trkpt>
      <trkpt lat="44.116270" lon="15.243591">
        <ele>19.862782</ele>
        <time>2026-05-29T14:45:56.000Z</time>
      </trkpt>
      <trkpt lat="44.116225" lon="15.243633">
        <ele>19.864526</ele>
        <time>2026-05-29T14:45:57.000Z</time>
      </trkpt>
      <trkpt lat="44.116181" lon="15.243678">
        <ele>19.866284</ele>
        <time>2026-05-29T14:45:58.000Z</time>
      </trkpt>
      <trkpt lat="44.116138" lon="15.243724">
        <ele>19.868030</ele>
        <time>2026-05-29T14:45:59.000Z</time>
      </trkpt>
      <trkpt lat="44.116097" lon="15.243767">
        <ele>19.869682</ele>
        <time>2026-05-29T14:46:00.000Z</time>
      </trkpt>
      <trkpt lat="44.116056" lon="15.243812">
        <ele>19.871363</ele>
        <time>2026-05-29T14:46:01.000Z</time>
      </trkpt>
      <trkpt lat="44.116013" lon="15.243849">
        <ele>19.872991</ele>
        <time>2026-05-29T14:46:02.000Z</time>
      </trkpt>
      <trkpt lat="44.115971" lon="15.243877">
        <ele>19.874490</ele>
        <time>2026-05-29T14:46:03.000Z</time>
      </trkpt>
      <trkpt lat="44.115922" lon="15.243890">
        <ele>19.876097</ele>
        <time>2026-05-29T14:46:04.000Z</time>
      </trkpt>
      <trkpt lat="44.115893" lon="15.243891">
        <ele>19.877031</ele>
        <time>2026-05-29T14:46:05.000Z</time>
      </trkpt>
      <trkpt lat="44.115861" lon="15.243893">
        <ele>19.878062</ele>
        <time>2026-05-29T14:46:06.000Z</time>
      </trkpt>
      <trkpt lat="44.115832" lon="15.243905">
        <ele>19.879037</ele>
        <time>2026-05-29T14:46:07.000Z</time>
      </trkpt>
      <trkpt lat="44.115811" lon="15.243942">
        <ele>19.888169</ele>
        <time>2026-05-29T14:46:08.000Z</time>
      </trkpt>
      <trkpt lat="44.115806" lon="15.243976">
        <ele>19.916907</ele>
        <time>2026-05-29T14:46:09.000Z</time>
      </trkpt>
      <trkpt lat="44.115798" lon="15.244002">
        <ele>19.940331</ele>
        <time>2026-05-29T14:46:10.000Z</time>
      </trkpt>
      <trkpt lat="44.115790" lon="15.244017">
        <ele>19.955804</ele>
        <time>2026-05-29T14:46:11.000Z</time>
      </trkpt>
      <trkpt lat="44.115783" lon="15.244024">
        <ele>19.965743</ele>
        <time>2026-05-29T14:46:12.000Z</time>
      </trkpt>
      <trkpt lat="44.115749" lon="15.244095">
        <ele>20.036413</ele>
        <time>2026-05-29T14:46:29.000Z</time>
      </trkpt>
      <trkpt lat="44.115737" lon="15.244127">
        <ele>20.066307</ele>
        <time>2026-05-29T14:46:30.000Z</time>
      </trkpt>
      <trkpt lat="44.115717" lon="15.244168">
        <ele>20.107353</ele>
        <time>2026-05-29T14:46:31.000Z</time>
      </trkpt>
      <trkpt lat="44.115699" lon="15.244200">
        <ele>20.141015</ele>
        <time>2026-05-29T14:46:32.000Z</time>
      </trkpt>
      <trkpt lat="44.115674" lon="15.244245">
        <ele>20.188131</ele>
        <time>2026-05-29T14:46:33.000Z</time>
      </trkpt>
      <trkpt lat="44.115638" lon="15.244296">
        <ele>20.247355</ele>
        <time>2026-05-29T14:46:34.000Z</time>
      </trkpt>
      <trkpt lat="44.115604" lon="15.244334">
        <ele>20.297633</ele>
        <time>2026-05-29T14:46:35.000Z</time>
      </trkpt>
      <trkpt lat="44.115569" lon="15.244369">
        <ele>20.347328</ele>
        <time>2026-05-29T14:46:36.000Z</time>
      </trkpt>
      <trkpt lat="44.115533" lon="15.244406">
        <ele>20.398930</ele>
        <time>2026-05-29T14:46:37.000Z</time>
      </trkpt>
      <trkpt lat="44.115498" lon="15.244445">
        <ele>20.450626</ele>
        <time>2026-05-29T14:46:38.000Z</time>
      </trkpt>
      <trkpt lat="44.115462" lon="15.244482">
        <ele>20.502228</ele>
        <time>2026-05-29T14:46:39.000Z</time>
      </trkpt>
      <trkpt lat="44.115433" lon="15.244512">
        <ele>20.543892</ele>
        <time>2026-05-29T14:46:40.000Z</time>
      </trkpt>
      <trkpt lat="44.115389" lon="15.244555">
        <ele>20.605886</ele>
        <time>2026-05-29T14:46:41.000Z</time>
      </trkpt>
      <trkpt lat="44.115355" lon="15.244595">
        <ele>20.657217</ele>
        <time>2026-05-29T14:46:42.000Z</time>
      </trkpt>
      <trkpt lat="44.115322" lon="15.244636">
        <ele>20.708220</ele>
        <time>2026-05-29T14:46:43.000Z</time>
      </trkpt>
      <trkpt lat="44.115286" lon="15.244675">
        <ele>20.760822</ele>
        <time>2026-05-29T14:46:44.000Z</time>
      </trkpt>
      <trkpt lat="44.115250" lon="15.244719">
        <ele>20.816063</ele>
        <time>2026-05-29T14:46:45.000Z</time>
      </trkpt>
      <trkpt lat="44.115214" lon="15.244760">
        <ele>20.869697</ele>
        <time>2026-05-29T14:46:46.000Z</time>
      </trkpt>
      <trkpt lat="44.115187" lon="15.244795">
        <ele>20.912239</ele>
        <time>2026-05-29T14:46:47.000Z</time>
      </trkpt>
      <trkpt lat="44.115142" lon="15.244849">
        <ele>20.980746</ele>
        <time>2026-05-29T14:46:48.000Z</time>
      </trkpt>
      <trkpt lat="44.115108" lon="15.244893">
        <ele>21.034275</ele>
        <time>2026-05-29T14:46:49.000Z</time>
      </trkpt>
      <trkpt lat="44.115075" lon="15.244937">
        <ele>21.086964</ele>
        <time>2026-05-29T14:46:50.000Z</time>
      </trkpt>
      <trkpt lat="44.115041" lon="15.244983">
        <ele>21.141633</ele>
        <time>2026-05-29T14:46:51.000Z</time>
      </trkpt>
      <trkpt lat="44.115006" lon="15.245026">
        <ele>21.195461</ele>
        <time>2026-05-29T14:46:52.000Z</time>
      </trkpt>
      <trkpt lat="44.114971" lon="15.245067">
        <ele>21.248208</ele>
        <time>2026-05-29T14:46:53.000Z</time>
      </trkpt>
      <trkpt lat="44.114935" lon="15.245108">
        <ele>21.301843</ele>
        <time>2026-05-29T14:46:54.000Z</time>
      </trkpt>
      <trkpt lat="44.114897" lon="15.245148">
        <ele>21.356779</ele>
        <time>2026-05-29T14:46:55.000Z</time>
      </trkpt>
      <trkpt lat="44.114859" lon="15.245188">
        <ele>21.411716</ele>
        <time>2026-05-29T14:46:56.000Z</time>
      </trkpt>
      <trkpt lat="44.114822" lon="15.245229">
        <ele>21.466249</ele>
        <time>2026-05-29T14:46:57.000Z</time>
      </trkpt>
      <trkpt lat="44.114784" lon="15.245270">
        <ele>21.521689</ele>
        <time>2026-05-29T14:46:58.000Z</time>
      </trkpt>
      <trkpt lat="44.114746" lon="15.245314">
        <ele>21.578684</ele>
        <time>2026-05-29T14:46:59.000Z</time>
      </trkpt>
      <trkpt lat="44.114709" lon="15.245362">
        <ele>21.637002</ele>
        <time>2026-05-29T14:47:00.000Z</time>
      </trkpt>
      <trkpt lat="44.114671" lon="15.245418">
        <ele>21.700808</ele>
        <time>2026-05-29T14:47:01.000Z</time>
      </trkpt>
      <trkpt lat="44.114639" lon="15.245479">
        <ele>21.763368</ele>
        <time>2026-05-29T14:47:02.000Z</time>
      </trkpt>
      <trkpt lat="44.114607" lon="15.245543">
        <ele>21.827950</ele>
        <time>2026-05-29T14:47:03.000Z</time>
      </trkpt>
      <trkpt lat="44.114582" lon="15.245595">
        <ele>21.879772</ele>
        <time>2026-05-29T14:47:04.000Z</time>
      </trkpt>
      <trkpt lat="44.114543" lon="15.245670">
        <ele>21.954627</ele>
        <time>2026-05-29T14:47:05.000Z</time>
      </trkpt>
      <trkpt lat="44.114509" lon="15.245733">
        <ele>21.961380</ele>
        <time>2026-05-29T14:47:06.000Z</time>
      </trkpt>
      <trkpt lat="44.114482" lon="15.245785">
        <ele>21.966879</ele>
        <time>2026-05-29T14:47:07.000Z</time>
      </trkpt>
      <trkpt lat="44.114441" lon="15.245864">
        <ele>21.975232</ele>
        <time>2026-05-29T14:47:08.000Z</time>
      </trkpt>
      <trkpt lat="44.114414" lon="15.245916">
        <ele>21.980730</ele>
        <time>2026-05-29T14:47:09.000Z</time>
      </trkpt>
      <trkpt lat="44.114379" lon="15.245979">
        <ele>21.987556</ele>
        <time>2026-05-29T14:47:10.000Z</time>
      </trkpt>
      <trkpt lat="44.114344" lon="15.246041">
        <ele>21.994314</ele>
        <time>2026-05-29T14:47:11.000Z</time>
      </trkpt>
      <trkpt lat="44.114299" lon="15.246111">
        <ele>22.002365</ele>
        <time>2026-05-29T14:47:12.000Z</time>
      </trkpt>
      <trkpt lat="44.114270" lon="15.246152">
        <ele>22.007296</ele>
        <time>2026-05-29T14:47:13.000Z</time>
      </trkpt>
      <trkpt lat="44.114228" lon="15.246209">
        <ele>22.014295</ele>
        <time>2026-05-29T14:47:14.000Z</time>
      </trkpt>
      <trkpt lat="44.114193" lon="15.246252">
        <ele>22.019865</ele>
        <time>2026-05-29T14:47:15.000Z</time>
      </trkpt>
      <trkpt lat="44.114166" lon="15.246285">
        <ele>22.024152</ele>
        <time>2026-05-29T14:47:16.000Z</time>
      </trkpt>
      <trkpt lat="44.114125" lon="15.246338">
        <ele>22.030828</ele>
        <time>2026-05-29T14:47:17.000Z</time>
      </trkpt>
      <trkpt lat="44.114089" lon="15.246383">
        <ele>22.036601</ele>
        <time>2026-05-29T14:47:18.000Z</time>
      </trkpt>
      <trkpt lat="44.114059" lon="15.246418">
        <ele>22.041271</ele>
        <time>2026-05-29T14:47:19.000Z</time>
      </trkpt>
      <trkpt lat="44.114017" lon="15.246459">
        <ele>22.047392</ele>
        <time>2026-05-29T14:47:20.000Z</time>
      </trkpt>
      <trkpt lat="44.113968" lon="15.246512">
        <ele>22.054796</ele>
        <time>2026-05-29T14:47:21.000Z</time>
      </trkpt>
      <trkpt lat="44.113926" lon="15.246554">
        <ele>22.060967</ele>
        <time>2026-05-29T14:47:22.000Z</time>
      </trkpt>
      <trkpt lat="44.113893" lon="15.246588">
        <ele>22.065866</ele>
        <time>2026-05-29T14:47:23.000Z</time>
      </trkpt>
      <trkpt lat="44.113851" lon="15.246632">
        <ele>22.072138</ele>
        <time>2026-05-29T14:47:24.000Z</time>
      </trkpt>
      <trkpt lat="44.113801" lon="15.246686">
        <ele>22.079689</ele>
        <time>2026-05-29T14:47:25.000Z</time>
      </trkpt>
      <trkpt lat="44.113757" lon="15.246731">
        <ele>22.086204</ele>
        <time>2026-05-29T14:47:26.000Z</time>
      </trkpt>
      <trkpt lat="44.113713" lon="15.246775">
        <ele>22.092668</ele>
        <time>2026-05-29T14:47:27.000Z</time>
      </trkpt>
      <trkpt lat="44.113667" lon="15.246818">
        <ele>22.099280</ele>
        <time>2026-05-29T14:47:28.000Z</time>
      </trkpt>
      <trkpt lat="44.113622" lon="15.246855">
        <ele>22.105516</ele>
        <time>2026-05-29T14:47:29.000Z</time>
      </trkpt>
      <trkpt lat="44.113585" lon="15.246886">
        <ele>22.110670</ele>
        <time>2026-05-29T14:47:30.000Z</time>
      </trkpt>
      <trkpt lat="44.113530" lon="15.246928">
        <ele>22.118156</ele>
        <time>2026-05-29T14:47:31.000Z</time>
      </trkpt>
      <trkpt lat="44.113487" lon="15.246963">
        <ele>22.124099</ele>
        <time>2026-05-29T14:47:32.000Z</time>
      </trkpt>
      <trkpt lat="44.113444" lon="15.247002">
        <ele>22.130223</ele>
        <time>2026-05-29T14:47:33.000Z</time>
      </trkpt>
      <trkpt lat="44.113400" lon="15.247043">
        <ele>22.136541</ele>
        <time>2026-05-29T14:47:34.000Z</time>
      </trkpt>
      <trkpt lat="44.113358" lon="15.247089">
        <ele>22.142918</ele>
        <time>2026-05-29T14:47:35.000Z</time>
      </trkpt>
      <trkpt lat="44.113316" lon="15.247137">
        <ele>22.149402</ele>
        <time>2026-05-29T14:47:36.000Z</time>
      </trkpt>
      <trkpt lat="44.113271" lon="15.247187">
        <ele>22.156272</ele>
        <time>2026-05-29T14:47:37.000Z</time>
      </trkpt>
      <trkpt lat="44.113235" lon="15.247227">
        <ele>22.161768</ele>
        <time>2026-05-29T14:47:38.000Z</time>
      </trkpt>
      <trkpt lat="44.113191" lon="15.247276">
        <ele>22.168492</ele>
        <time>2026-05-29T14:47:39.000Z</time>
      </trkpt>
      <trkpt lat="44.113139" lon="15.247336">
        <ele>22.131389</ele>
        <time>2026-05-29T14:47:40.000Z</time>
      </trkpt>
      <trkpt lat="44.113096" lon="15.247387">
        <ele>22.097397</ele>
        <time>2026-05-29T14:47:41.000Z</time>
      </trkpt>
      <trkpt lat="44.113052" lon="15.247435">
        <ele>22.063759</ele>
        <time>2026-05-29T14:47:42.000Z</time>
      </trkpt>
      <trkpt lat="44.113008" lon="15.247481">
        <ele>22.030647</ele>
        <time>2026-05-29T14:47:43.000Z</time>
      </trkpt>
      <trkpt lat="44.112969" lon="15.247523">
        <ele>22.000976</ele>
        <time>2026-05-29T14:47:44.000Z</time>
      </trkpt>
      <trkpt lat="44.112930" lon="15.247567">
        <ele>21.970769</ele>
        <time>2026-05-29T14:47:45.000Z</time>
      </trkpt>
      <trkpt lat="44.112891" lon="15.247616">
        <ele>21.939157</ele>
        <time>2026-05-29T14:47:46.000Z</time>
      </trkpt>
      <trkpt lat="44.112849" lon="15.247660">
        <ele>21.907527</ele>
        <time>2026-05-29T14:47:47.000Z</time>
      </trkpt>
      <trkpt lat="44.112805" lon="15.247706">
        <ele>21.874415</ele>
        <time>2026-05-29T14:47:48.000Z</time>
      </trkpt>
      <trkpt lat="44.112761" lon="15.247753">
        <ele>21.841041</ele>
        <time>2026-05-29T14:47:49.000Z</time>
      </trkpt>
      <trkpt lat="44.112714" lon="15.247800">
        <ele>21.806218</ele>
        <time>2026-05-29T14:47:50.000Z</time>
      </trkpt>
      <trkpt lat="44.112668" lon="15.247848">
        <ele>21.771624</ele>
        <time>2026-05-29T14:47:51.000Z</time>
      </trkpt>
      <trkpt lat="44.112620" lon="15.247898">
        <ele>21.735549</ele>
        <time>2026-05-29T14:47:52.000Z</time>
      </trkpt>
      <trkpt lat="44.112572" lon="15.247944">
        <ele>21.700482</ele>
        <time>2026-05-29T14:47:53.000Z</time>
      </trkpt>
      <trkpt lat="44.112523" lon="15.247989">
        <ele>21.665157</ele>
        <time>2026-05-29T14:47:54.000Z</time>
      </trkpt>
      <trkpt lat="44.112474" lon="15.248036">
        <ele>21.629349</ele>
        <time>2026-05-29T14:47:55.000Z</time>
      </trkpt>
      <trkpt lat="44.112438" lon="15.248072">
        <ele>21.602675</ele>
        <time>2026-05-29T14:47:56.000Z</time>
      </trkpt>
      <trkpt lat="44.112385" lon="15.248124">
        <ele>21.563657</ele>
        <time>2026-05-29T14:47:57.000Z</time>
      </trkpt>
      <trkpt lat="44.112339" lon="15.248166">
        <ele>21.530553</ele>
        <time>2026-05-29T14:47:58.000Z</time>
      </trkpt>
      <trkpt lat="44.112295" lon="15.248203">
        <ele>21.499618</ele>
        <time>2026-05-29T14:47:59.000Z</time>
      </trkpt>
      <trkpt lat="44.112258" lon="15.248233">
        <ele>21.473851</ele>
        <time>2026-05-29T14:48:00.000Z</time>
      </trkpt>
      <trkpt lat="44.112232" lon="15.248256">
        <ele>21.455313</ele>
        <time>2026-05-29T14:48:01.000Z</time>
      </trkpt>
      <trkpt lat="44.112209" lon="15.248274">
        <ele>21.439435</ele>
        <time>2026-05-29T14:48:02.000Z</time>
      </trkpt>
      <trkpt lat="44.112190" lon="15.248286">
        <ele>21.426878</ele>
        <time>2026-05-29T14:48:03.000Z</time>
      </trkpt>
      <trkpt lat="44.112156" lon="15.248305">
        <ele>21.404829</ele>
        <time>2026-05-29T14:48:04.000Z</time>
      </trkpt>
      <trkpt lat="44.112127" lon="15.248323">
        <ele>21.385721</ele>
        <time>2026-05-29T14:48:05.000Z</time>
      </trkpt>
      <trkpt lat="44.112097" lon="15.248349">
        <ele>21.364455</ele>
        <time>2026-05-29T14:48:06.000Z</time>
      </trkpt>
      <trkpt lat="44.112071" lon="15.248388">
        <ele>21.341457</ele>
        <time>2026-05-29T14:48:07.000Z</time>
      </trkpt>
      <trkpt lat="44.112048" lon="15.248437">
        <ele>21.316159</ele>
        <time>2026-05-29T14:48:08.000Z</time>
      </trkpt>
      <trkpt lat="44.112023" lon="15.248489">
        <ele>21.289116</ele>
        <time>2026-05-29T14:48:09.000Z</time>
      </trkpt>
      <trkpt lat="44.111998" lon="15.248527">
        <ele>21.266844</ele>
        <time>2026-05-29T14:48:10.000Z</time>
      </trkpt>
      <trkpt lat="44.111960" lon="15.248584">
        <ele>21.233232</ele>
        <time>2026-05-29T14:48:11.000Z</time>
      </trkpt>
      <trkpt lat="44.111926" lon="15.248626">
        <ele>21.205880</ele>
        <time>2026-05-29T14:48:12.000Z</time>
      </trkpt>
      <trkpt lat="44.111896" lon="15.248661">
        <ele>21.182327</ele>
        <time>2026-05-29T14:48:13.000Z</time>
      </trkpt>
      <trkpt lat="44.111848" lon="15.248714">
        <ele>21.145460</ele>
        <time>2026-05-29T14:48:14.000Z</time>
      </trkpt>
      <trkpt lat="44.111814" lon="15.248752">
        <ele>21.119223</ele>
        <time>2026-05-29T14:48:15.000Z</time>
      </trkpt>
      <trkpt lat="44.111768" lon="15.248787">
        <ele>21.087675</ele>
        <time>2026-05-29T14:48:16.000Z</time>
      </trkpt>
      <trkpt lat="44.111723" lon="15.248818">
        <ele>21.147494</ele>
        <time>2026-05-29T14:48:17.000Z</time>
      </trkpt>
      <trkpt lat="44.111680" lon="15.248849">
        <ele>21.208574</ele>
        <time>2026-05-29T14:48:18.000Z</time>
      </trkpt>
      <trkpt lat="44.111630" lon="15.248883">
        <ele>21.278764</ele>
        <time>2026-05-29T14:48:19.000Z</time>
      </trkpt>
      <trkpt lat="44.111601" lon="15.248905">
        <ele>21.320422</ele>
        <time>2026-05-29T14:48:20.000Z</time>
      </trkpt>
      <trkpt lat="44.111558" lon="15.248937">
        <ele>21.381924</ele>
        <time>2026-05-29T14:48:21.000Z</time>
      </trkpt>
      <trkpt lat="44.111520" lon="15.248960">
        <ele>21.434191</ele>
        <time>2026-05-29T14:48:22.000Z</time>
      </trkpt>
      <trkpt lat="44.111478" lon="15.248979">
        <ele>21.489899</ele>
        <time>2026-05-29T14:48:23.000Z</time>
      </trkpt>
      <trkpt lat="44.111435" lon="15.248991">
        <ele>21.545221</ele>
        <time>2026-05-29T14:48:24.000Z</time>
      </trkpt>
      <trkpt lat="44.111394" lon="15.249004">
        <ele>21.598265</ele>
        <time>2026-05-29T14:48:25.000Z</time>
      </trkpt>
      <trkpt lat="44.111363" lon="15.249007">
        <ele>21.637466</ele>
        <time>2026-05-29T14:48:26.000Z</time>
      </trkpt>
      <trkpt lat="44.111324" lon="15.249010">
        <ele>21.686739</ele>
        <time>2026-05-29T14:48:27.000Z</time>
      </trkpt>
      <trkpt lat="44.111282" lon="15.249018">
        <ele>21.740215</ele>
        <time>2026-05-29T14:48:28.000Z</time>
      </trkpt>
      <trkpt lat="44.111256" lon="15.249030">
        <ele>21.774767</ele>
        <time>2026-05-29T14:48:29.000Z</time>
      </trkpt>
      <trkpt lat="44.111242" lon="15.249048">
        <ele>21.798803</ele>
        <time>2026-05-29T14:48:30.000Z</time>
      </trkpt>
      <trkpt lat="44.111238" lon="15.249065">
        <ele>21.815006</ele>
        <time>2026-05-29T14:48:31.000Z</time>
      </trkpt>
      <trkpt lat="44.111235" lon="15.249076">
        <ele>21.825664</ele>
        <time>2026-05-29T14:48:32.000Z</time>
      </trkpt>
      <trkpt lat="44.111235" lon="15.249076">
        <ele>21.825664</ele>
        <time>2026-05-29T14:48:33.000Z</time>
      </trkpt>
      <trkpt lat="44.111310" lon="15.249121">
        <ele>21.928681</ele>
        <time>2026-05-29T14:49:32.000Z</time>
      </trkpt>
      <trkpt lat="44.111318" lon="15.249141">
        <ele>21.949417</ele>
        <time>2026-05-29T14:49:33.000Z</time>
      </trkpt>
      <trkpt lat="44.111330" lon="15.249177">
        <ele>21.985367</ele>
        <time>2026-05-29T14:49:34.000Z</time>
      </trkpt>
      <trkpt lat="44.111341" lon="15.249207">
        <ele>22.015877</ele>
        <time>2026-05-29T14:49:35.000Z</time>
      </trkpt>
      <trkpt lat="44.111355" lon="15.249234">
        <ele>22.046042</ele>
        <time>2026-05-29T14:49:36.000Z</time>
      </trkpt>
      <trkpt lat="44.111372" lon="15.249252">
        <ele>22.072981</ele>
        <time>2026-05-29T14:49:37.000Z</time>
      </trkpt>
      <trkpt lat="44.111393" lon="15.249259">
        <ele>22.100220</ele>
        <time>2026-05-29T14:49:38.000Z</time>
      </trkpt>
      <trkpt lat="44.111414" lon="15.249262">
        <ele>22.126851</ele>
        <time>2026-05-29T14:49:39.000Z</time>
      </trkpt>
      <trkpt lat="44.111441" lon="15.249276">
        <ele>22.163195</ele>
        <time>2026-05-29T14:49:40.000Z</time>
      </trkpt>
      <trkpt lat="44.111456" lon="15.249299">
        <ele>22.191338</ele>
        <time>2026-05-29T14:49:41.000Z</time>
      </trkpt>
      <trkpt lat="44.111465" lon="15.249326">
        <ele>22.218299</ele>
        <time>2026-05-29T14:49:42.000Z</time>
      </trkpt>
      <trkpt lat="44.111473" lon="15.249357">
        <ele>22.248136</ele>
        <time>2026-05-29T14:49:43.000Z</time>
      </trkpt>
      <trkpt lat="44.111483" lon="15.249391">
        <ele>22.281414</ele>
        <time>2026-05-29T14:49:44.000Z</time>
      </trkpt>
      <trkpt lat="44.111498" lon="15.249429">
        <ele>22.320691</ele>
        <time>2026-05-29T14:49:45.000Z</time>
      </trkpt>
      <trkpt lat="44.111513" lon="15.249458">
        <ele>22.353063</ele>
        <time>2026-05-29T14:49:46.000Z</time>
      </trkpt>
      <trkpt lat="44.111535" lon="15.249493">
        <ele>22.395196</ele>
        <time>2026-05-29T14:49:47.000Z</time>
      </trkpt>
      <trkpt lat="44.111560" lon="15.249536">
        <ele>22.445310</ele>
        <time>2026-05-29T14:49:48.000Z</time>
      </trkpt>
      <trkpt lat="44.111582" lon="15.249573">
        <ele>22.488822</ele>
        <time>2026-05-29T14:49:49.000Z</time>
      </trkpt>
      <trkpt lat="44.111605" lon="15.249610">
        <ele>22.533149</ele>
        <time>2026-05-29T14:49:50.000Z</time>
      </trkpt>
      <trkpt lat="44.111627" lon="15.249649">
        <ele>22.578070</ele>
        <time>2026-05-29T14:49:51.000Z</time>
      </trkpt>
      <trkpt lat="44.111647" lon="15.249676">
        <ele>22.613207</ele>
        <time>2026-05-29T14:49:52.000Z</time>
      </trkpt>
      <trkpt lat="44.111677" lon="15.249716">
        <ele>22.665598</ele>
        <time>2026-05-29T14:49:53.000Z</time>
      </trkpt>
      <trkpt lat="44.111700" lon="15.249752">
        <ele>22.709244</ele>
        <time>2026-05-29T14:49:54.000Z</time>
      </trkpt>
      <trkpt lat="44.111722" lon="15.249788">
        <ele>22.752062</ele>
        <time>2026-05-29T14:49:55.000Z</time>
      </trkpt>
      <trkpt lat="44.111741" lon="15.249820">
        <ele>22.789672</ele>
        <time>2026-05-29T14:49:56.000Z</time>
      </trkpt>
      <trkpt lat="44.111762" lon="15.249857">
        <ele>22.832390</ele>
        <time>2026-05-29T14:49:57.000Z</time>
      </trkpt>
      <trkpt lat="44.111791" lon="15.249904">
        <ele>22.888519</ele>
        <time>2026-05-29T14:49:58.000Z</time>
      </trkpt>
      <trkpt lat="44.111815" lon="15.249942">
        <ele>22.934358</ele>
        <time>2026-05-29T14:49:59.000Z</time>
      </trkpt>
      <trkpt lat="44.111835" lon="15.249973">
        <ele>22.972106</ele>
        <time>2026-05-29T14:50:00.000Z</time>
      </trkpt>
      <trkpt lat="44.111866" lon="15.250020">
        <ele>23.029911</ele>
        <time>2026-05-29T14:50:01.000Z</time>
      </trkpt>
      <trkpt lat="44.111893" lon="15.250059">
        <ele>23.078981</ele>
        <time>2026-05-29T14:50:02.000Z</time>
      </trkpt>
      <trkpt lat="44.111914" lon="15.250097">
        <ele>23.122413</ele>
        <time>2026-05-29T14:50:03.000Z</time>
      </trkpt>
      <trkpt lat="44.111937" lon="15.250135">
        <ele>23.167428</ele>
        <time>2026-05-29T14:50:04.000Z</time>
      </trkpt>
      <trkpt lat="44.111954" lon="15.250164">
        <ele>23.201337</ele>
        <time>2026-05-29T14:50:05.000Z</time>
      </trkpt>
      <trkpt lat="44.111979" lon="15.250201">
        <ele>23.247355</ele>
        <time>2026-05-29T14:50:06.000Z</time>
      </trkpt>
      <trkpt lat="44.112002" lon="15.250239">
        <ele>23.292371</ele>
        <time>2026-05-29T14:50:07.000Z</time>
      </trkpt>
      <trkpt lat="44.112031" lon="15.250279">
        <ele>23.343857</ele>
        <time>2026-05-29T14:50:08.000Z</time>
      </trkpt>
      <trkpt lat="44.112049" lon="15.250307">
        <ele>23.414993</ele>
        <time>2026-05-29T14:50:09.000Z</time>
      </trkpt>
      <trkpt lat="44.112080" lon="15.250350">
        <ele>23.561641</ele>
        <time>2026-05-29T14:50:10.000Z</time>
      </trkpt>
      <trkpt lat="44.112108" lon="15.250385">
        <ele>23.687749</ele>
        <time>2026-05-29T14:50:11.000Z</time>
      </trkpt>
      <trkpt lat="44.112131" lon="15.250410">
        <ele>23.785540</ele>
        <time>2026-05-29T14:50:12.000Z</time>
      </trkpt>
      <trkpt lat="44.112159" lon="15.250444">
        <ele>23.910053</ele>
        <time>2026-05-29T14:50:13.000Z</time>
      </trkpt>
      <trkpt lat="44.112191" lon="15.250488">
        <ele>24.060776</ele>
        <time>2026-05-29T14:50:14.000Z</time>
      </trkpt>
      <trkpt lat="44.112211" lon="15.250518">
        <ele>24.159297</ele>
        <time>2026-05-29T14:50:15.000Z</time>
      </trkpt>
      <trkpt lat="44.112233" lon="15.250560">
        <ele>24.284414</ele>
        <time>2026-05-29T14:50:16.000Z</time>
      </trkpt>
      <trkpt lat="44.112263" lon="15.250607">
        <ele>24.435759</ele>
        <time>2026-05-29T14:50:17.000Z</time>
      </trkpt>
      <trkpt lat="44.112287" lon="15.250639">
        <ele>24.547123</ele>
        <time>2026-05-29T14:50:18.000Z</time>
      </trkpt>
      <trkpt lat="44.112309" lon="15.250665">
        <ele>24.643834</ele>
        <time>2026-05-29T14:50:19.000Z</time>
      </trkpt>
      <trkpt lat="44.112335" lon="15.250696">
        <ele>24.758554</ele>
        <time>2026-05-29T14:50:20.000Z</time>
      </trkpt>
      <trkpt lat="44.112363" lon="15.250741">
        <ele>24.901859</ele>
        <time>2026-05-29T14:50:21.000Z</time>
      </trkpt>
      <trkpt lat="44.112388" lon="15.250777">
        <ele>25.022390</ele>
        <time>2026-05-29T14:50:22.000Z</time>
      </trkpt>
      <trkpt lat="44.112413" lon="15.250815">
        <ele>25.146426</ele>
        <time>2026-05-29T14:50:23.000Z</time>
      </trkpt>
      <trkpt lat="44.112435" lon="15.250845">
        <ele>25.249626</ele>
        <time>2026-05-29T14:50:24.000Z</time>
      </trkpt>
      <trkpt lat="44.112459" lon="15.250881">
        <ele>25.367852</ele>
        <time>2026-05-29T14:50:25.000Z</time>
      </trkpt>
      <trkpt lat="44.112480" lon="15.250916">
        <ele>25.477622</ele>
        <time>2026-05-29T14:50:26.000Z</time>
      </trkpt>
      <trkpt lat="44.112498" lon="15.250945">
        <ele>25.569876</ele>
        <time>2026-05-29T14:50:27.000Z</time>
      </trkpt>
      <trkpt lat="44.112515" lon="15.250963">
        <ele>25.641454</ele>
        <time>2026-05-29T14:50:28.000Z</time>
      </trkpt>
      <trkpt lat="44.112536" lon="15.250994">
        <ele>25.744023</ele>
        <time>2026-05-29T14:50:29.000Z</time>
      </trkpt>
      <trkpt lat="44.112557" lon="15.251026">
        <ele>25.848355</ele>
        <time>2026-05-29T14:50:30.000Z</time>
      </trkpt>
      <trkpt lat="44.112577" lon="15.251059">
        <ele>25.952283</ele>
        <time>2026-05-29T14:50:31.000Z</time>
      </trkpt>
      <trkpt lat="44.112595" lon="15.251092">
        <ele>26.052019</ele>
        <time>2026-05-29T14:50:32.000Z</time>
      </trkpt>
      <trkpt lat="44.112609" lon="15.251120">
        <ele>26.134132</ele>
        <time>2026-05-29T14:50:33.000Z</time>
      </trkpt>
      <trkpt lat="44.112631" lon="15.251163">
        <ele>26.261201</ele>
        <time>2026-05-29T14:50:34.000Z</time>
      </trkpt>
      <trkpt lat="44.112653" lon="15.251192">
        <ele>26.362731</ele>
        <time>2026-05-29T14:50:35.000Z</time>
      </trkpt>
      <trkpt lat="44.112676" lon="15.251223">
        <ele>26.470011</ele>
        <time>2026-05-29T14:50:36.000Z</time>
      </trkpt>
      <trkpt lat="44.112697" lon="15.251255">
        <ele>26.574344</ele>
        <time>2026-05-29T14:50:37.000Z</time>
      </trkpt>
      <trkpt lat="44.112719" lon="15.251289">
        <ele>26.684493</ele>
        <time>2026-05-29T14:50:38.000Z</time>
      </trkpt>
      <trkpt lat="44.112743" lon="15.251324">
        <ele>26.800966</ele>
        <time>2026-05-29T14:50:39.000Z</time>
      </trkpt>
      <trkpt lat="44.112767" lon="15.251356">
        <ele>26.912330</ele>
        <time>2026-05-29T14:50:40.000Z</time>
      </trkpt>
      <trkpt lat="44.112789" lon="15.251389">
        <ele>27.020703</ele>
        <time>2026-05-29T14:50:41.000Z</time>
      </trkpt>
      <trkpt lat="44.112812" lon="15.251420">
        <ele>27.127983</ele>
        <time>2026-05-29T14:50:42.000Z</time>
      </trkpt>
      <trkpt lat="44.112833" lon="15.251451">
        <ele>27.230552</ele>
        <time>2026-05-29T14:50:43.000Z</time>
      </trkpt>
      <trkpt lat="44.112855" lon="15.251482">
        <ele>27.335449</ele>
        <time>2026-05-29T14:50:44.000Z</time>
      </trkpt>
      <trkpt lat="44.112875" lon="15.251515">
        <ele>27.439377</ele>
        <time>2026-05-29T14:50:45.000Z</time>
      </trkpt>
      <trkpt lat="44.112894" lon="15.251543">
        <ele>27.532093</ele>
        <time>2026-05-29T14:50:46.000Z</time>
      </trkpt>
      <trkpt lat="44.112909" lon="15.251562">
        <ele>27.600054</ele>
        <time>2026-05-29T14:50:47.000Z</time>
      </trkpt>
      <trkpt lat="44.112929" lon="15.251588">
        <ele>27.691755</ele>
        <time>2026-05-29T14:50:48.000Z</time>
      </trkpt>
      <trkpt lat="44.112952" lon="15.251621">
        <ele>27.802436</ele>
        <time>2026-05-29T14:50:49.000Z</time>
      </trkpt>
      <trkpt lat="44.112975" lon="15.251652">
        <ele>27.909716</ele>
        <time>2026-05-29T14:50:50.000Z</time>
      </trkpt>
      <trkpt lat="44.112996" lon="15.251684">
        <ele>28.014048</ele>
        <time>2026-05-29T14:50:51.000Z</time>
      </trkpt>
      <trkpt lat="44.113016" lon="15.251716">
        <ele>28.116148</ele>
        <time>2026-05-29T14:50:52.000Z</time>
      </trkpt>
      <trkpt lat="44.113038" lon="15.251751">
        <ele>28.228096</ele>
        <time>2026-05-29T14:50:53.000Z</time>
      </trkpt>
      <trkpt lat="44.113059" lon="15.251781">
        <ele>28.328928</ele>
        <time>2026-05-29T14:50:54.000Z</time>
      </trkpt>
      <trkpt lat="44.113073" lon="15.251806">
        <ele>28.405228</ele>
        <time>2026-05-29T14:50:55.000Z</time>
      </trkpt>
      <trkpt lat="44.113093" lon="15.251846">
        <ele>28.522532</ele>
        <time>2026-05-29T14:50:56.000Z</time>
      </trkpt>
      <trkpt lat="44.113114" lon="15.251881">
        <ele>28.632301</ele>
        <time>2026-05-29T14:50:57.000Z</time>
      </trkpt>
      <trkpt lat="44.113128" lon="15.251921">
        <ele>28.739392</ele>
        <time>2026-05-29T14:50:58.000Z</time>
      </trkpt>
      <trkpt lat="44.113145" lon="15.251957">
        <ele>28.843087</ele>
        <time>2026-05-29T14:50:59.000Z</time>
      </trkpt>
      <trkpt lat="44.113161" lon="15.251991">
        <ele>28.940919</ele>
        <time>2026-05-29T14:51:00.000Z</time>
      </trkpt>
      <trkpt lat="44.113174" lon="15.252013">
        <ele>29.009488</ele>
        <time>2026-05-29T14:51:01.000Z</time>
      </trkpt>
      <trkpt lat="44.113196" lon="15.252048">
        <ele>29.121436</ele>
        <time>2026-05-29T14:51:02.000Z</time>
      </trkpt>
      <trkpt lat="44.113210" lon="15.252075">
        <ele>29.201586</ele>
        <time>2026-05-29T14:51:03.000Z</time>
      </trkpt>
      <trkpt lat="44.113234" lon="15.252117">
        <ele>29.330766</ele>
        <time>2026-05-29T14:51:04.000Z</time>
      </trkpt>
      <trkpt lat="44.113251" lon="15.252158">
        <ele>29.429416</ele>
        <time>2026-05-29T14:51:05.000Z</time>
      </trkpt>
      <trkpt lat="44.113269" lon="15.252198">
        <ele>29.514242</ele>
        <time>2026-05-29T14:51:06.000Z</time>
      </trkpt>
      <trkpt lat="44.113288" lon="15.252235">
        <ele>29.595982</ele>
        <time>2026-05-29T14:51:07.000Z</time>
      </trkpt>
      <trkpt lat="44.113309" lon="15.252270">
        <ele>29.677942</ele>
        <time>2026-05-29T14:51:08.000Z</time>
      </trkpt>
      <trkpt lat="44.113327" lon="15.252305">
        <ele>29.755303</ele>
        <time>2026-05-29T14:51:09.000Z</time>
      </trkpt>
      <trkpt lat="44.113347" lon="15.252341">
        <ele>29.837095</ele>
        <time>2026-05-29T14:51:10.000Z</time>
      </trkpt>
      <trkpt lat="44.113365" lon="15.252378">
        <ele>29.917404</ele>
        <time>2026-05-29T14:51:11.000Z</time>
      </trkpt>
      <trkpt lat="44.113384" lon="15.252413">
        <ele>29.996249</ele>
        <time>2026-05-29T14:51:12.000Z</time>
      </trkpt>
      <trkpt lat="44.113403" lon="15.252447">
        <ele>30.073667</ele>
        <time>2026-05-29T14:51:13.000Z</time>
      </trkpt>
      <trkpt lat="44.113423" lon="15.252482">
        <ele>30.154046</ele>
        <time>2026-05-29T14:51:14.000Z</time>
      </trkpt>
      <trkpt lat="44.113443" lon="15.252519">
        <ele>30.237266</ele>
        <time>2026-05-29T14:51:15.000Z</time>
      </trkpt>
      <trkpt lat="44.113463" lon="15.252556">
        <ele>30.320486</ele>
        <time>2026-05-29T14:51:16.000Z</time>
      </trkpt>
      <trkpt lat="44.113484" lon="15.252593">
        <ele>30.405236</ele>
        <time>2026-05-29T14:51:17.000Z</time>
      </trkpt>
      <trkpt lat="44.113504" lon="15.252628">
        <ele>30.485614</ele>
        <time>2026-05-29T14:51:18.000Z</time>
      </trkpt>
      <trkpt lat="44.113520" lon="15.252656">
        <ele>30.549917</ele>
        <time>2026-05-29T14:51:19.000Z</time>
      </trkpt>
      <trkpt lat="44.113541" lon="15.252700">
        <ele>30.644854</ele>
        <time>2026-05-29T14:51:20.000Z</time>
      </trkpt>
      <trkpt lat="44.113559" lon="15.252739">
        <ele>30.728163</ele>
        <time>2026-05-29T14:51:21.000Z</time>
      </trkpt>
      <trkpt lat="44.113577" lon="15.252775">
        <ele>30.806991</ele>
        <time>2026-05-29T14:51:22.000Z</time>
      </trkpt>
      <trkpt lat="44.113593" lon="15.252811">
        <ele>30.883069</ele>
        <time>2026-05-29T14:51:23.000Z</time>
      </trkpt>
      <trkpt lat="44.113608" lon="15.252848">
        <ele>30.959420</ele>
        <time>2026-05-29T14:51:24.000Z</time>
      </trkpt>
      <trkpt lat="44.113624" lon="15.252886">
        <ele>31.038577</ele>
        <time>2026-05-29T14:51:25.000Z</time>
      </trkpt>
      <trkpt lat="44.113638" lon="15.252915">
        <ele>31.101370</ele>
        <time>2026-05-29T14:51:26.000Z</time>
      </trkpt>
      <trkpt lat="44.113661" lon="15.252958">
        <ele>31.197721</ele>
        <time>2026-05-29T14:51:27.000Z</time>
      </trkpt>
      <trkpt lat="44.113675" lon="15.252987">
        <ele>31.260514</ele>
        <time>2026-05-29T14:51:28.000Z</time>
      </trkpt>
      <trkpt lat="44.113697" lon="15.253028">
        <ele>31.352488</ele>
        <time>2026-05-29T14:51:29.000Z</time>
      </trkpt>
      <trkpt lat="44.113714" lon="15.253062">
        <ele>31.426936</ele>
        <time>2026-05-29T14:51:30.000Z</time>
      </trkpt>
      <trkpt lat="44.113730" lon="15.253097">
        <ele>31.501493</ele>
        <time>2026-05-29T14:51:31.000Z</time>
      </trkpt>
      <trkpt lat="44.113745" lon="15.253132">
        <ele>31.574736</ele>
        <time>2026-05-29T14:51:32.000Z</time>
      </trkpt>
      <trkpt lat="44.113761" lon="15.253165">
        <ele>31.646287</ele>
        <time>2026-05-29T14:51:33.000Z</time>
      </trkpt>
      <trkpt lat="44.113778" lon="15.253193">
        <ele>31.712177</ele>
        <time>2026-05-29T14:51:34.000Z</time>
      </trkpt>
      <trkpt lat="44.113793" lon="15.253214">
        <ele>31.765405</ele>
        <time>2026-05-29T14:51:35.000Z</time>
      </trkpt>
      <trkpt lat="44.113808" lon="15.253244">
        <ele>31.831095</ele>
        <time>2026-05-29T14:51:36.000Z</time>
      </trkpt>
      <trkpt lat="44.113821" lon="15.253270">
        <ele>31.888026</ele>
        <time>2026-05-29T14:51:37.000Z</time>
      </trkpt>
      <trkpt lat="44.113836" lon="15.253296">
        <ele>31.947959</ele>
        <time>2026-05-29T14:51:38.000Z</time>
      </trkpt>
      <trkpt lat="44.113852" lon="15.253326">
        <ele>32.015110</ele>
        <time>2026-05-29T14:51:39.000Z</time>
      </trkpt>
      <trkpt lat="44.113867" lon="15.253358">
        <ele>32.083780</ele>
        <time>2026-05-29T14:51:40.000Z</time>
      </trkpt>
      <trkpt lat="44.113883" lon="15.253390">
        <ele>32.153849</ele>
        <time>2026-05-29T14:51:41.000Z</time>
      </trkpt>
      <trkpt lat="44.113897" lon="15.253416">
        <ele>32.212247</ele>
        <time>2026-05-29T14:51:42.000Z</time>
      </trkpt>
      <trkpt lat="44.113909" lon="15.253439">
        <ele>32.263334</ele>
        <time>2026-05-29T14:51:43.000Z</time>
      </trkpt>
      <trkpt lat="44.113924" lon="15.253465">
        <ele>32.323267</ele>
        <time>2026-05-29T14:51:44.000Z</time>
      </trkpt>
      <trkpt lat="44.113936" lon="15.253488">
        <ele>32.374355</ele>
        <time>2026-05-29T14:51:45.000Z</time>
      </trkpt>
      <trkpt lat="44.113950" lon="15.253519">
        <ele>32.440161</ele>
        <time>2026-05-29T14:51:46.000Z</time>
      </trkpt>
      <trkpt lat="44.113968" lon="15.253559">
        <ele>32.524986</ele>
        <time>2026-05-29T14:51:47.000Z</time>
      </trkpt>
      <trkpt lat="44.113982" lon="15.253585">
        <ele>32.583384</ele>
        <time>2026-05-29T14:51:48.000Z</time>
      </trkpt>
      <trkpt lat="44.114001" lon="15.253628">
        <ele>32.674109</ele>
        <time>2026-05-29T14:51:49.000Z</time>
      </trkpt>
      <trkpt lat="44.114017" lon="15.253665">
        <ele>32.751720</ele>
        <time>2026-05-29T14:51:50.000Z</time>
      </trkpt>
      <trkpt lat="44.114031" lon="15.253694">
        <ele>32.814514</ele>
        <time>2026-05-29T14:51:51.000Z</time>
      </trkpt>
      <trkpt lat="44.114055" lon="15.253740">
        <ele>32.916689</ele>
        <time>2026-05-29T14:51:52.000Z</time>
      </trkpt>
      <trkpt lat="44.114074" lon="15.253780">
        <ele>33.002869</ele>
        <time>2026-05-29T14:51:53.000Z</time>
      </trkpt>
      <trkpt lat="44.114091" lon="15.253821">
        <ele>33.087943</ele>
        <time>2026-05-29T14:51:54.000Z</time>
      </trkpt>
      <trkpt lat="44.114106" lon="15.253862">
        <ele>33.170628</ele>
        <time>2026-05-29T14:51:55.000Z</time>
      </trkpt>
      <trkpt lat="44.114122" lon="15.253903">
        <ele>33.254478</ele>
        <time>2026-05-29T14:51:56.000Z</time>
      </trkpt>
      <trkpt lat="44.114138" lon="15.253931">
        <ele>33.318781</ele>
        <time>2026-05-29T14:51:57.000Z</time>
      </trkpt>
      <trkpt lat="44.114169" lon="15.253965">
        <ele>33.417532</ele>
        <time>2026-05-29T14:51:58.000Z</time>
      </trkpt>
      <trkpt lat="44.114198" lon="15.253987">
        <ele>33.500178</ele>
        <time>2026-05-29T14:51:59.000Z</time>
      </trkpt>
      <trkpt lat="44.114231" lon="15.254005">
        <ele>33.588875</ele>
        <time>2026-05-29T14:52:00.000Z</time>
      </trkpt>
      <trkpt lat="44.114265" lon="15.254016">
        <ele>33.676234</ele>
        <time>2026-05-29T14:52:01.000Z</time>
      </trkpt>
      <trkpt lat="44.114299" lon="15.254022">
        <ele>33.762007</ele>
        <time>2026-05-29T14:52:02.000Z</time>
      </trkpt>
      <trkpt lat="44.114334" lon="15.254025">
        <ele>33.849768</ele>
        <time>2026-05-29T14:52:03.000Z</time>
      </trkpt>
      <trkpt lat="44.114370" lon="15.254029">
        <ele>33.934179</ele>
        <time>2026-05-29T14:52:04.000Z</time>
      </trkpt>
      <trkpt lat="44.114406" lon="15.254032">
        <ele>34.014503</ele>
        <time>2026-05-29T14:52:05.000Z</time>
      </trkpt>
      <trkpt lat="44.114445" lon="15.254030">
        <ele>34.101424</ele>
        <time>2026-05-29T14:52:06.000Z</time>
      </trkpt>
      <trkpt lat="44.114485" lon="15.254026">
        <ele>34.190742</ele>
        <time>2026-05-29T14:52:07.000Z</time>
      </trkpt>
      <trkpt lat="44.114524" lon="15.254022">
        <ele>34.277840</ele>
        <time>2026-05-29T14:52:08.000Z</time>
      </trkpt>
      <trkpt lat="44.114564" lon="15.254017">
        <ele>34.367287</ele>
        <time>2026-05-29T14:52:09.000Z</time>
      </trkpt>
      <trkpt lat="44.114604" lon="15.254011">
        <ele>34.456892</ele>
        <time>2026-05-29T14:52:10.000Z</time>
      </trkpt>
      <trkpt lat="44.114643" lon="15.254008">
        <ele>34.543887</ele>
        <time>2026-05-29T14:52:11.000Z</time>
      </trkpt>
      <trkpt lat="44.114683" lon="15.254006">
        <ele>34.633033</ele>
        <time>2026-05-29T14:52:12.000Z</time>
      </trkpt>
      <trkpt lat="44.114713" lon="15.254003">
        <ele>34.700022</ele>
        <time>2026-05-29T14:52:13.000Z</time>
      </trkpt>
      <trkpt lat="44.114759" lon="15.253996">
        <ele>34.803085</ele>
        <time>2026-05-29T14:52:14.000Z</time>
      </trkpt>
      <trkpt lat="44.114797" lon="15.253990">
        <ele>34.888262</ele>
        <time>2026-05-29T14:52:15.000Z</time>
      </trkpt>
      <trkpt lat="44.114835" lon="15.253985">
        <ele>34.973274</ele>
        <time>2026-05-29T14:52:16.000Z</time>
      </trkpt>
      <trkpt lat="44.114872" lon="15.253985">
        <ele>35.055682</ele>
        <time>2026-05-29T14:52:17.000Z</time>
      </trkpt>
      <trkpt lat="44.114908" lon="15.253985">
        <ele>35.135862</ele>
        <time>2026-05-29T14:52:18.000Z</time>
      </trkpt>
      <trkpt lat="44.114945" lon="15.253981">
        <ele>35.218518</ele>
        <time>2026-05-29T14:52:19.000Z</time>
      </trkpt>
      <trkpt lat="44.114980" lon="15.253976">
        <ele>35.296880</ele>
        <time>2026-05-29T14:52:20.000Z</time>
      </trkpt>
      <trkpt lat="44.115014" lon="15.253971">
        <ele>35.373027</ele>
        <time>2026-05-29T14:52:21.000Z</time>
      </trkpt>
      <trkpt lat="44.115047" lon="15.253968">
        <ele>35.446682</ele>
        <time>2026-05-29T14:52:22.000Z</time>
      </trkpt>
      <trkpt lat="44.115079" lon="15.253964">
        <ele>35.518240</ele>
        <time>2026-05-29T14:52:23.000Z</time>
      </trkpt>
      <trkpt lat="44.115110" lon="15.253959">
        <ele>35.587746</ele>
        <time>2026-05-29T14:52:24.000Z</time>
      </trkpt>
      <trkpt lat="44.115142" lon="15.253954">
        <ele>35.659464</ele>
        <time>2026-05-29T14:52:25.000Z</time>
      </trkpt>
      <trkpt lat="44.115178" lon="15.253945">
        <ele>35.740926</ele>
        <time>2026-05-29T14:52:26.000Z</time>
      </trkpt>
      <trkpt lat="44.115215" lon="15.253939">
        <ele>35.823890</ele>
        <time>2026-05-29T14:52:27.000Z</time>
      </trkpt>
      <trkpt lat="44.115252" lon="15.253935">
        <ele>35.906546</ele>
        <time>2026-05-29T14:52:28.000Z</time>
      </trkpt>
      <trkpt lat="44.115291" lon="15.253930">
        <ele>35.993775</ele>
        <time>2026-05-29T14:52:29.000Z</time>
      </trkpt>
      <trkpt lat="44.115330" lon="15.253923">
        <ele>36.081356</ele>
        <time>2026-05-29T14:52:30.000Z</time>
      </trkpt>
      <trkpt lat="44.115368" lon="15.253913">
        <ele>36.167488</ele>
        <time>2026-05-29T14:52:31.000Z</time>
      </trkpt>
      <trkpt lat="44.115404" lon="15.253906">
        <ele>36.248446</ele>
        <time>2026-05-29T14:52:32.000Z</time>
      </trkpt>
      <trkpt lat="44.115441" lon="15.253902">
        <ele>36.331102</ele>
        <time>2026-05-29T14:52:33.000Z</time>
      </trkpt>
      <trkpt lat="44.115479" lon="15.253897">
        <ele>36.416113</ele>
        <time>2026-05-29T14:52:34.000Z</time>
      </trkpt>
      <trkpt lat="44.115515" lon="15.253889">
        <ele>36.497308</ele>
        <time>2026-05-29T14:52:35.000Z</time>
      </trkpt>
      <trkpt lat="44.115548" lon="15.253887">
        <ele>36.570876</ele>
        <time>2026-05-29T14:52:36.000Z</time>
      </trkpt>
      <trkpt lat="44.115578" lon="15.253885">
        <ele>36.637770</ele>
        <time>2026-05-29T14:52:37.000Z</time>
      </trkpt>
      <trkpt lat="44.115604" lon="15.253871">
        <ele>36.699855</ele>
        <time>2026-05-29T14:52:38.000Z</time>
      </trkpt>
      <trkpt lat="44.115619" lon="15.253845">
        <ele>36.753189</ele>
        <time>2026-05-29T14:52:39.000Z</time>
      </trkpt>
      <trkpt lat="44.115624" lon="15.253819">
        <ele>36.796229</ele>
        <time>2026-05-29T14:52:40.000Z</time>
      </trkpt>
      <trkpt lat="44.115622" lon="15.253792">
        <ele>36.839632</ele>
        <time>2026-05-29T14:52:41.000Z</time>
      </trkpt>
      <trkpt lat="44.115614" lon="15.253760">
        <ele>36.893814</ele>
        <time>2026-05-29T14:52:42.000Z</time>
      </trkpt>
      <trkpt lat="44.115607" lon="15.253726">
        <ele>36.950371</ele>
        <time>2026-05-29T14:52:43.000Z</time>
      </trkpt>
      <trkpt lat="44.115603" lon="15.253688">
        <ele>37.011784</ele>
        <time>2026-05-29T14:52:44.000Z</time>
      </trkpt>
      <trkpt lat="44.115597" lon="15.253648">
        <ele>37.077125</ele>
        <time>2026-05-29T14:52:45.000Z</time>
      </trkpt>
      <trkpt lat="44.115586" lon="15.253614">
        <ele>37.136757</ele>
        <time>2026-05-29T14:52:46.000Z</time>
      </trkpt>
      <trkpt lat="44.115570" lon="15.253580">
        <ele>37.201762</ele>
        <time>2026-05-29T14:52:47.000Z</time>
      </trkpt>
      <trkpt lat="44.115550" lon="15.253546">
        <ele>37.272047</ele>
        <time>2026-05-29T14:52:48.000Z</time>
      </trkpt>
      <trkpt lat="44.115529" lon="15.253509">
        <ele>37.347465</ele>
        <time>2026-05-29T14:52:49.000Z</time>
      </trkpt>
      <trkpt lat="44.115508" lon="15.253466">
        <ele>37.430623</ele>
        <time>2026-05-29T14:52:50.000Z</time>
      </trkpt>
      <trkpt lat="44.115486" lon="15.253425">
        <ele>37.512471</ele>
        <time>2026-05-29T14:52:51.000Z</time>
      </trkpt>
      <trkpt lat="44.115466" lon="15.253394">
        <ele>37.579114</ele>
        <time>2026-05-29T14:52:52.000Z</time>
      </trkpt>
      <trkpt lat="44.115451" lon="15.253371">
        <ele>37.628800</ele>
        <time>2026-05-29T14:52:53.000Z</time>
      </trkpt>
      <trkpt lat="44.115440" lon="15.253354">
        <ele>37.665395</ele>
        <time>2026-05-29T14:52:54.000Z</time>
      </trkpt>
      <trkpt lat="44.115423" lon="15.253346">
        <ele>37.705360</ele>
        <time>2026-05-29T14:52:55.000Z</time>
      </trkpt>
      <trkpt lat="44.115399" lon="15.253341">
        <ele>37.759409</ele>
        <time>2026-05-29T14:52:56.000Z</time>
      </trkpt>
      <trkpt lat="44.115377" lon="15.253341">
        <ele>37.808408</ele>
        <time>2026-05-29T14:52:57.000Z</time>
      </trkpt>
      <trkpt lat="44.115353" lon="15.253339">
        <ele>37.861957</ele>
        <time>2026-05-29T14:52:58.000Z</time>
      </trkpt>
      <trkpt lat="44.115330" lon="15.253336">
        <ele>37.894451</ele>
        <time>2026-05-29T14:52:59.000Z</time>
      </trkpt>
      <trkpt lat="44.115309" lon="15.253336">
        <ele>37.900033</ele>
        <time>2026-05-29T14:53:00.000Z</time>
      </trkpt>
      <trkpt lat="44.115290" lon="15.253340">
        <ele>37.905141</ele>
        <time>2026-05-29T14:53:01.000Z</time>
      </trkpt>
      <trkpt lat="44.115273" lon="15.253343">
        <ele>37.909695</ele>
        <time>2026-05-29T14:53:02.000Z</time>
      </trkpt>
      <trkpt lat="44.115260" lon="15.253340">
        <ele>37.913198</ele>
        <time>2026-05-29T14:53:03.000Z</time>
      </trkpt>
      <trkpt lat="44.115249" lon="15.253336">
        <ele>37.916219</ele>
        <time>2026-05-29T14:53:04.000Z</time>
      </trkpt>
      <trkpt lat="44.115237" lon="15.253336">
        <ele>37.919409</ele>
        <time>2026-05-29T14:53:05.000Z</time>
      </trkpt>
      <trkpt lat="44.115222" lon="15.253341">
        <ele>37.923508</ele>
        <time>2026-05-29T14:53:06.000Z</time>
      </trkpt>
      <trkpt lat="44.115209" lon="15.253345">
        <ele>37.927047</ele>
        <time>2026-05-29T14:53:07.000Z</time>
      </trkpt>
      <trkpt lat="44.115195" lon="15.253354">
        <ele>37.931145</ele>
        <time>2026-05-29T14:53:08.000Z</time>
      </trkpt>
      <trkpt lat="44.115180" lon="15.253358">
        <ele>37.935204</ele>
        <time>2026-05-29T14:53:09.000Z</time>
      </trkpt>
      <trkpt lat="44.115175" lon="15.253355">
        <ele>37.936651</ele>
        <time>2026-05-29T14:53:10.000Z</time>
      </trkpt>
      <trkpt lat="44.115175" lon="15.253355">
        <ele>37.936651</ele>
        <time>2026-05-29T14:53:11.000Z</time>
      </trkpt>
      <trkpt lat="44.115217" lon="15.253286">
        <ele>37.953914</ele>
        <time>2026-05-29T14:55:34.000Z</time>
      </trkpt>
      <trkpt lat="44.115194" lon="15.253283">
        <ele>37.960054</ele>
        <time>2026-05-29T14:55:35.000Z</time>
      </trkpt>
      <trkpt lat="44.115172" lon="15.253282">
        <ele>37.965904</ele>
        <time>2026-05-29T14:55:36.000Z</time>
      </trkpt>
      <trkpt lat="44.115161" lon="15.253282">
        <ele>37.968828</ele>
        <time>2026-05-29T14:55:37.000Z</time>
      </trkpt>
      <trkpt lat="44.115167" lon="15.253281">
        <ele>37.970434</ele>
        <time>2026-05-29T14:55:38.000Z</time>
      </trkpt>
      <trkpt lat="44.115175" lon="15.253280">
        <ele>37.972569</ele>
        <time>2026-05-29T14:55:39.000Z</time>
      </trkpt>
      <trkpt lat="44.115178" lon="15.253277">
        <ele>37.973551</ele>
        <time>2026-05-29T14:55:40.000Z</time>
      </trkpt>
      <trkpt lat="44.115177" lon="15.253277">
        <ele>37.973816</ele>
        <time>2026-05-29T14:55:41.000Z</time>
      </trkpt>
      <trkpt lat="44.115182" lon="15.253270">
        <ele>37.975701</ele>
        <time>2026-05-29T14:55:42.000Z</time>
      </trkpt>
      <trkpt lat="44.115190" lon="15.253264">
        <ele>37.978116</ele>
        <time>2026-05-29T14:55:43.000Z</time>
      </trkpt>
      <trkpt lat="44.115218" lon="15.253203">
        <ele>37.991932</ele>
        <time>2026-05-29T14:55:46.000Z</time>
      </trkpt>
      <trkpt lat="44.115223" lon="15.253180">
        <ele>37.996517</ele>
        <time>2026-05-29T14:55:47.000Z</time>
      </trkpt>
      <trkpt lat="44.115230" lon="15.253149">
        <ele>38.002719</ele>
        <time>2026-05-29T14:55:48.000Z</time>
      </trkpt>
      <trkpt lat="44.115235" lon="15.253121">
        <ele>38.008224</ele>
        <time>2026-05-29T14:55:49.000Z</time>
      </trkpt>
      <trkpt lat="44.115237" lon="15.253117">
        <ele>38.009155</ele>
        <time>2026-05-29T14:55:50.000Z</time>
      </trkpt>
      <trkpt lat="44.115251" lon="15.253090">
        <ele>38.015510</ele>
        <time>2026-05-29T14:55:52.000Z</time>
      </trkpt>
      <trkpt lat="44.115276" lon="15.253070">
        <ele>38.023173</ele>
        <time>2026-05-29T14:55:53.000Z</time>
      </trkpt>
      <trkpt lat="44.115287" lon="15.253056">
        <ele>38.027133</ele>
        <time>2026-05-29T14:55:54.000Z</time>
      </trkpt>
      <trkpt lat="44.115285" lon="15.253058">
        <ele>38.027788</ele>
        <time>2026-05-29T14:55:55.000Z</time>
      </trkpt>
      <trkpt lat="44.115292" lon="15.253067">
        <ele>38.030320</ele>
        <time>2026-05-29T14:55:56.000Z</time>
      </trkpt>
      <trkpt lat="44.115298" lon="15.253082">
        <ele>38.033596</ele>
        <time>2026-05-29T14:55:57.000Z</time>
      </trkpt>
      <trkpt lat="44.115307" lon="15.253094">
        <ele>38.036908</ele>
        <time>2026-05-29T14:55:58.000Z</time>
      </trkpt>
      <trkpt lat="44.115308" lon="15.253100">
        <ele>38.038083</ele>
        <time>2026-05-29T14:55:59.000Z</time>
      </trkpt>
      <trkpt lat="44.115301" lon="15.253105">
        <ele>38.040174</ele>
        <time>2026-05-29T14:56:00.000Z</time>
      </trkpt>
      <trkpt lat="44.115290" lon="15.253110">
        <ele>38.043250</ele>
        <time>2026-05-29T14:56:01.000Z</time>
      </trkpt>
      <trkpt lat="44.115273" lon="15.253121">
        <ele>38.048232</ele>
        <time>2026-05-29T14:56:02.000Z</time>
      </trkpt>
      <trkpt lat="44.115273" lon="15.253122">
        <ele>38.048423</ele>
        <time>2026-05-29T14:56:03.000Z</time>
      </trkpt>
      <trkpt lat="44.115246" lon="15.253117">
        <ele>38.055662</ele>
        <time>2026-05-29T14:56:04.000Z</time>
      </trkpt>
      <trkpt lat="44.115247" lon="15.253121">
        <ele>38.056471</ele>
        <time>2026-05-29T14:56:05.000Z</time>
      </trkpt>
      <trkpt lat="44.115094" lon="15.253251">
        <ele>38.104106</ele>
        <time>2026-05-29T14:56:17.000Z</time>
      </trkpt>
      <trkpt lat="44.115055" lon="15.253264">
        <ele>38.114765</ele>
        <time>2026-05-29T14:56:18.000Z</time>
      </trkpt>
      <trkpt lat="44.115020" lon="15.253244">
        <ele>38.124820</ele>
        <time>2026-05-29T14:56:19.000Z</time>
      </trkpt>
      <trkpt lat="44.115008" lon="15.253220">
        <ele>38.130401</ele>
        <time>2026-05-29T14:56:20.000Z</time>
      </trkpt>
      <trkpt lat="44.114989" lon="15.253229">
        <ele>38.135735</ele>
        <time>2026-05-29T14:56:21.000Z</time>
      </trkpt>
      <trkpt lat="44.114977" lon="15.253241">
        <ele>38.139661</ele>
        <time>2026-05-29T14:56:22.000Z</time>
      </trkpt>
      <trkpt lat="44.114939" lon="15.253240">
        <ele>38.149763</ele>
        <time>2026-05-29T14:56:26.000Z</time>
      </trkpt>
      <trkpt lat="44.114973" lon="15.253269">
        <ele>38.160360</ele>
        <time>2026-05-29T14:56:27.000Z</time>
      </trkpt>
      <trkpt lat="44.115012" lon="15.253429">
        <ele>38.192604</ele>
        <time>2026-05-29T14:56:35.000Z</time>
      </trkpt>
      <trkpt lat="44.115011" lon="15.253438">
        <ele>38.194341</ele>
        <time>2026-05-29T14:56:36.000Z</time>
      </trkpt>
      <trkpt lat="44.115012" lon="15.253473">
        <ele>38.201026</ele>
        <time>2026-05-29T14:56:37.000Z</time>
      </trkpt>
      <trkpt lat="44.115010" lon="15.253477">
        <ele>38.201956</ele>
        <time>2026-05-29T14:56:38.000Z</time>
      </trkpt>
      <trkpt lat="44.115002" lon="15.253494">
        <ele>38.205835</ele>
        <time>2026-05-29T14:56:39.000Z</time>
      </trkpt>
      <trkpt lat="44.114988" lon="15.253509">
        <ele>38.210529</ele>
        <time>2026-05-29T14:56:40.000Z</time>
      </trkpt>
      <trkpt lat="44.114976" lon="15.253522">
        <ele>38.214570</ele>
        <time>2026-05-29T14:56:41.000Z</time>
      </trkpt>
      <trkpt lat="44.114938" lon="15.253559">
        <ele>38.226893</ele>
        <time>2026-05-29T14:56:49.000Z</time>
      </trkpt>
      <trkpt lat="44.114938" lon="15.253559">
        <ele>38.226893</ele>
        <time>2026-05-29T14:56:51.000Z</time>
      </trkpt>
      <trkpt lat="44.114938" lon="15.253559">
        <ele>38.226893</ele>
        <time>2026-05-29T15:07:43.000Z</time>
      </trkpt>
      <trkpt lat="44.114938" lon="15.253559">
        <ele>38.226893</ele>
        <time>2026-05-29T15:07:44.000Z</time>
      </trkpt>
      <trkpt lat="44.114938" lon="15.253559">
        <ele>38.226893</ele>
        <time>2026-05-29T15:07:48.000Z</time>
      </trkpt>
      <trkpt lat="44.114938" lon="15.253559">
        <ele>38.226893</ele>
        <time>2026-05-29T15:07:49.000Z</time>
      </trkpt>
      <trkpt lat="44.114938" lon="15.253559">
        <ele>38.226893</ele>
        <time>2026-05-29T15:07:54.000Z</time>
      </trkpt>
      <trkpt lat="44.114938" lon="15.253559">
        <ele>38.226893</ele>
        <time>2026-05-29T15:07:55.000Z</time>
      </trkpt>
      <trkpt lat="44.114938" lon="15.253559">
        <ele>38.226893</ele>
        <time>2026-05-29T15:07:56.000Z</time>
      </trkpt>
      <trkpt lat="44.114938" lon="15.253559">
        <ele>38.226893</ele>
        <time>2026-05-29T15:07:58.000Z</time>
      </trkpt>
      <trkpt lat="44.114938" lon="15.253559">
        <ele>38.226893</ele>
        <time>2026-05-29T15:08:03.000Z</time>
      </trkpt>
      <trkpt lat="44.114938" lon="15.253559">
        <ele>38.226893</ele>
        <time>2026-05-29T15:08:13.000Z</time>
      </trkpt>
      <trkpt lat="44.114938" lon="15.253559">
        <ele>38.226893</ele>
        <time>2026-05-29T15:08:23.000Z</time>
      </trkpt>
      <trkpt lat="44.114938" lon="15.253559">
        <ele>38.226893</ele>
        <time>2026-05-29T15:08:30.000Z</time>
      </trkpt>
      <trkpt lat="44.114938" lon="15.253559">
        <ele>38.226893</ele>
        <time>2026-05-29T15:08:33.000Z</time>
      </trkpt>
      <trkpt lat="44.114938" lon="15.253559">
        <ele>38.226893</ele>
        <time>2026-05-29T15:08:34.000Z</time>
      </trkpt>
      <trkpt lat="44.114938" lon="15.253559">
        <ele>38.226893</ele>
        <time>2026-05-29T15:08:43.000Z</time>
      </trkpt>
      <trkpt lat="44.114938" lon="15.253559">
        <ele>38.226893</ele>
        <time>2026-05-29T15:08:50.000Z</time>
      </trkpt>
      <trkpt lat="44.114938" lon="15.253559">
        <ele>38.226893</ele>
        <time>2026-05-29T15:09:08.000Z</time>
      </trkpt>
      <trkpt lat="44.114938" lon="15.253559">
        <ele>38.226893</ele>
        <time>2026-05-29T15:09:12.000Z</time>
      </trkpt>
      <trkpt lat="44.114938" lon="15.253559">
        <ele>38.226893</ele>
        <time>2026-05-29T15:09:15.000Z</time>
      </trkpt>
      <trkpt lat="44.114938" lon="15.253559">
        <ele>38.226893</ele>
        <time>2026-05-29T15:09:28.000Z</time>
      </trkpt>
      <trkpt lat="44.114938" lon="15.253559">
        <ele>38.226893</ele>
        <time>2026-05-29T15:09:29.000Z</time>
      </trkpt>
      <trkpt lat="44.114938" lon="15.253559">
        <ele>38.226893</ele>
        <time>2026-05-29T15:09:33.000Z</time>
      </trkpt>
      <trkpt lat="44.114938" lon="15.253559">
        <ele>38.226893</ele>
        <time>2026-05-29T15:09:37.000Z</time>
      </trkpt>
      <trkpt lat="44.114938" lon="15.253559">
        <ele>38.226893</ele>
        <time>2026-05-29T15:09:40.000Z</time>
      </trkpt>
      <trkpt lat="44.114938" lon="15.253559">
        <ele>38.226893</ele>
        <time>2026-05-29T15:09:41.000Z</time>
      </trkpt>
      <trkpt lat="44.114499" lon="15.253644">
        <ele>38.344698</ele>
        <time>2026-05-29T15:10:59.000Z</time>
      </trkpt>
      <trkpt lat="44.114546" lon="15.253610">
        <ele>38.358775</ele>
        <time>2026-05-29T15:11:00.000Z</time>
      </trkpt>
      <trkpt lat="44.115013" lon="15.253489">
        <ele>38.408057</ele>
        <time>2026-05-29T15:11:46.000Z</time>
      </trkpt>
      <trkpt lat="44.114974" lon="15.253475">
        <ele>38.411602</ele>
        <time>2026-05-29T15:11:50.000Z</time>
      </trkpt>
      <trkpt lat="44.114939" lon="15.253430">
        <ele>38.415794</ele>
        <time>2026-05-29T15:11:53.000Z</time>
      </trkpt>
      <trkpt lat="44.114935" lon="15.253440">
        <ele>38.416517</ele>
        <time>2026-05-29T15:11:56.000Z</time>
      </trkpt>
      <trkpt lat="44.114966" lon="15.253423">
        <ele>38.419450</ele>
        <time>2026-05-29T15:11:58.000Z</time>
      </trkpt>
      <trkpt lat="44.115379" lon="15.253158">
        <ele>38.459471</ele>
        <time>2026-05-29T15:12:20.000Z</time>
      </trkpt>
      <trkpt lat="44.115379" lon="15.253158">
        <ele>38.459471</ele>
        <time>2026-05-29T15:12:30.000Z</time>
      </trkpt>
      <trkpt lat="44.115379" lon="15.253158">
        <ele>38.459471</ele>
        <time>2026-05-29T15:12:31.000Z</time>
      </trkpt>
      <trkpt lat="44.115532" lon="15.253025">
        <ele>38.475345</ele>
        <time>2026-05-29T15:12:36.000Z</time>
      </trkpt>
      <trkpt lat="44.115324" lon="15.253076">
        <ele>38.493934</ele>
        <time>2026-05-29T15:12:37.000Z</time>
      </trkpt>
      <trkpt lat="44.115408" lon="15.253026">
        <ele>38.501974</ele>
        <time>2026-05-29T15:13:04.000Z</time>
      </trkpt>
      <trkpt lat="44.115402" lon="15.253026">
        <ele>38.502502</ele>
        <time>2026-05-29T15:13:05.000Z</time>
      </trkpt>
      <trkpt lat="44.115435" lon="15.253022">
        <ele>38.505417</ele>
        <time>2026-05-29T15:13:06.000Z</time>
      </trkpt>
      <trkpt lat="44.115455" lon="15.253017">
        <ele>38.507206</ele>
        <time>2026-05-29T15:13:08.000Z</time>
      </trkpt>
      <trkpt lat="44.115460" lon="15.253011">
        <ele>38.507787</ele>
        <time>2026-05-29T15:13:09.000Z</time>
      </trkpt>
      <trkpt lat="44.115444" lon="15.253005">
        <ele>38.509245</ele>
        <time>2026-05-29T15:13:10.000Z</time>
      </trkpt>
      <trkpt lat="44.115433" lon="15.252999">
        <ele>38.510285</ele>
        <time>2026-05-29T15:13:11.000Z</time>
      </trkpt>
      <trkpt lat="44.115421" lon="15.252998">
        <ele>38.511343</ele>
        <time>2026-05-29T15:13:12.000Z</time>
      </trkpt>
      <trkpt lat="44.115414" lon="15.252998">
        <ele>38.511959</ele>
        <time>2026-05-29T15:13:13.000Z</time>
      </trkpt>
      <trkpt lat="44.115545" lon="15.253010">
        <ele>38.523514</ele>
        <time>2026-05-29T15:14:17.000Z</time>
      </trkpt>
      <trkpt lat="44.115510" lon="15.253045">
        <ele>38.527306</ele>
        <time>2026-05-29T15:14:18.000Z</time>
      </trkpt>
      <trkpt lat="44.115492" lon="15.253060">
        <ele>38.513833</ele>
        <time>2026-05-29T15:14:19.000Z</time>
      </trkpt>
      <trkpt lat="44.115489" lon="15.253019">
        <ele>38.471885</ele>
        <time>2026-05-29T15:14:20.000Z</time>
      </trkpt>
      <trkpt lat="44.115458" lon="15.252985">
        <ele>38.415944</ele>
        <time>2026-05-29T15:14:21.000Z</time>
      </trkpt>
      <trkpt lat="44.115436" lon="15.252979">
        <ele>38.384161</ele>
        <time>2026-05-29T15:14:22.000Z</time>
      </trkpt>
      <trkpt lat="44.115419" lon="15.252990">
        <ele>38.357585</ele>
        <time>2026-05-29T15:14:23.000Z</time>
      </trkpt>
      <trkpt lat="44.115297" lon="15.253107">
        <ele>38.147585</ele>
        <time>2026-05-29T15:14:26.000Z</time>
      </trkpt>
      <trkpt lat="44.115233" lon="15.253147">
        <ele>38.048132</ele>
        <time>2026-05-29T15:14:27.000Z</time>
      </trkpt>
      <trkpt lat="44.115225" lon="15.253162">
        <ele>38.029113</ele>
        <time>2026-05-29T15:14:28.000Z</time>
      </trkpt>
      <trkpt lat="44.115188" lon="15.253195">
        <ele>37.966823</ele>
        <time>2026-05-29T15:14:29.000Z</time>
      </trkpt>
      <trkpt lat="44.115159" lon="15.253227">
        <ele>37.914369</ele>
        <time>2026-05-29T15:14:30.000Z</time>
      </trkpt>
      <trkpt lat="44.115137" lon="15.253247">
        <ele>37.877123</ele>
        <time>2026-05-29T15:14:31.000Z</time>
      </trkpt>
      <trkpt lat="44.115128" lon="15.253258">
        <ele>37.860147</ele>
        <time>2026-05-29T15:14:32.000Z</time>
      </trkpt>
      <trkpt lat="44.115114" lon="15.253286">
        <ele>37.825416</ele>
        <time>2026-05-29T15:14:33.000Z</time>
      </trkpt>
      <trkpt lat="44.115104" lon="15.253298">
        <ele>37.806702</ele>
        <time>2026-05-29T15:14:34.000Z</time>
      </trkpt>
      <trkpt lat="44.115118" lon="15.253309">
        <ele>37.783914</ele>
        <time>2026-05-29T15:14:35.000Z</time>
      </trkpt>
      <trkpt lat="44.115140" lon="15.253315">
        <ele>37.752130</ele>
        <time>2026-05-29T15:14:36.000Z</time>
      </trkpt>
      <trkpt lat="44.115148" lon="15.253321">
        <ele>37.739249</ele>
        <time>2026-05-29T15:14:37.000Z</time>
      </trkpt>
      <trkpt lat="44.115175" lon="15.253284">
        <ele>37.685549</ele>
        <time>2026-05-29T15:14:58.000Z</time>
      </trkpt>
      <trkpt lat="44.115193" lon="15.253268">
        <ele>37.655275</ele>
        <time>2026-05-29T15:14:59.000Z</time>
      </trkpt>
      <trkpt lat="44.115246" lon="15.253250">
        <ele>37.577932</ele>
        <time>2026-05-29T15:15:00.000Z</time>
      </trkpt>
      <trkpt lat="44.115285" lon="15.253232">
        <ele>37.519683</ele>
        <time>2026-05-29T15:15:01.000Z</time>
      </trkpt>
      <trkpt lat="44.115307" lon="15.253220">
        <ele>37.486186</ele>
        <time>2026-05-29T15:15:02.000Z</time>
      </trkpt>
      <trkpt lat="44.115320" lon="15.253224">
        <ele>37.467311</ele>
        <time>2026-05-29T15:15:03.000Z</time>
      </trkpt>
      <trkpt lat="44.115330" lon="15.253230">
        <ele>37.451874</ele>
        <time>2026-05-29T15:15:04.000Z</time>
      </trkpt>
      <trkpt lat="44.115339" lon="15.253248">
        <ele>37.429547</ele>
        <time>2026-05-29T15:15:05.000Z</time>
      </trkpt>
      <trkpt lat="44.115331" lon="15.253282">
        <ele>37.393128</ele>
        <time>2026-05-29T15:15:06.000Z</time>
      </trkpt>
      <trkpt lat="44.115322" lon="15.253356">
        <ele>37.316733</ele>
        <time>2026-05-29T15:15:07.000Z</time>
      </trkpt>
      <trkpt lat="44.115318" lon="15.253419">
        <ele>37.252357</ele>
        <time>2026-05-29T15:15:08.000Z</time>
      </trkpt>
      <trkpt lat="44.115313" lon="15.253448">
        <ele>37.221999</ele>
        <time>2026-05-29T15:15:09.000Z</time>
      </trkpt>
      <trkpt lat="44.115295" lon="15.253493">
        <ele>37.169566</ele>
        <time>2026-05-29T15:15:10.000Z</time>
      </trkpt>
      <trkpt lat="44.115290" lon="15.253406">
        <ele>37.080728</ele>
        <time>2026-05-29T15:15:11.000Z</time>
      </trkpt>
      <trkpt lat="44.115285" lon="15.253415">
        <ele>37.069145</ele>
        <time>2026-05-29T15:15:12.000Z</time>
      </trkpt>
      <trkpt lat="44.115281" lon="15.253414">
        <ele>37.063383</ele>
        <time>2026-05-29T15:15:13.000Z</time>
      </trkpt>
      <trkpt lat="44.115256" lon="15.253417">
        <ele>37.027808</ele>
        <time>2026-05-29T15:15:14.000Z</time>
      </trkpt>
      <trkpt lat="44.115242" lon="15.253410">
        <ele>37.006719</ele>
        <time>2026-05-29T15:15:15.000Z</time>
      </trkpt>
      <trkpt lat="44.115233" lon="15.253419">
        <ele>36.991011</ele>
        <time>2026-05-29T15:15:16.000Z</time>
      </trkpt>
      <trkpt lat="44.115222" lon="15.253427">
        <ele>36.973418</ele>
        <time>2026-05-29T15:15:17.000Z</time>
      </trkpt>
      <trkpt lat="44.115213" lon="15.253433">
        <ele>36.959272</ele>
        <time>2026-05-29T15:15:18.000Z</time>
      </trkpt>
      <trkpt lat="44.115202" lon="15.253439">
        <ele>36.942523</ele>
        <time>2026-05-29T15:15:19.000Z</time>
      </trkpt>
      <trkpt lat="44.115190" lon="15.253446">
        <ele>36.924078</ele>
        <time>2026-05-29T15:15:20.000Z</time>
      </trkpt>
      <trkpt lat="44.115179" lon="15.253448">
        <ele>36.908350</ele>
        <time>2026-05-29T15:15:21.000Z</time>
      </trkpt>
      <trkpt lat="44.115138" lon="15.253465">
        <ele>36.847701</ele>
        <time>2026-05-29T15:15:23.000Z</time>
      </trkpt>
      <trkpt lat="44.115130" lon="15.253470">
        <ele>36.835270</ele>
        <time>2026-05-29T15:15:24.000Z</time>
      </trkpt>
      <trkpt lat="44.115156" lon="15.253535">
        <ele>36.759532</ele>
        <time>2026-05-29T15:52:40.000Z</time>
      </trkpt>
      <trkpt lat="44.115166" lon="15.253550">
        <ele>36.738697</ele>
        <time>2026-05-29T15:52:41.000Z</time>
      </trkpt>
      <trkpt lat="44.115174" lon="15.253568">
        <ele>36.717149</ele>
        <time>2026-05-29T15:52:42.000Z</time>
      </trkpt>
      <trkpt lat="44.115187" lon="15.253593">
        <ele>36.685728</ele>
        <time>2026-05-29T15:52:43.000Z</time>
      </trkpt>
      <trkpt lat="44.115205" lon="15.253614">
        <ele>36.652439</ele>
        <time>2026-05-29T15:52:44.000Z</time>
      </trkpt>
      <trkpt lat="44.115219" lon="15.253636">
        <ele>36.622516</ele>
        <time>2026-05-29T15:52:45.000Z</time>
      </trkpt>
      <trkpt lat="44.115233" lon="15.253661">
        <ele>36.590243</ele>
        <time>2026-05-29T15:52:46.000Z</time>
      </trkpt>
      <trkpt lat="44.115249" lon="15.253685">
        <ele>36.556906</ele>
        <time>2026-05-29T15:52:47.000Z</time>
      </trkpt>
      <trkpt lat="44.115263" lon="15.253710">
        <ele>36.524634</ele>
        <time>2026-05-29T15:52:48.000Z</time>
      </trkpt>
      <trkpt lat="44.115276" lon="15.253735">
        <ele>36.493214</ele>
        <time>2026-05-29T15:52:49.000Z</time>
      </trkpt>
      <trkpt lat="44.115289" lon="15.253758">
        <ele>36.463418</ele>
        <time>2026-05-29T15:52:50.000Z</time>
      </trkpt>
      <trkpt lat="44.115302" lon="15.253780">
        <ele>36.434416</ele>
        <time>2026-05-29T15:52:51.000Z</time>
      </trkpt>
      <trkpt lat="44.115318" lon="15.253801">
        <ele>36.403247</ele>
        <time>2026-05-29T15:52:52.000Z</time>
      </trkpt>
      <trkpt lat="44.115339" lon="15.253817">
        <ele>36.369311</ele>
        <time>2026-05-29T15:52:53.000Z</time>
      </trkpt>
      <trkpt lat="44.115363" lon="15.253827">
        <ele>36.333795</ele>
        <time>2026-05-29T15:52:54.000Z</time>
      </trkpt>
      <trkpt lat="44.115387" lon="15.253831">
        <ele>36.299526</ele>
        <time>2026-05-29T15:52:55.000Z</time>
      </trkpt>
      <trkpt lat="44.115406" lon="15.253827">
        <ele>36.272283</ele>
        <time>2026-05-29T15:52:56.000Z</time>
      </trkpt>
      <trkpt lat="44.115429" lon="15.253822">
        <ele>36.239279</ele>
        <time>2026-05-29T15:52:57.000Z</time>
      </trkpt>
      <trkpt lat="44.115461" lon="15.253817">
        <ele>36.193626</ele>
        <time>2026-05-29T15:52:58.000Z</time>
      </trkpt>
      <trkpt lat="44.115488" lon="15.253810">
        <ele>36.154689</ele>
        <time>2026-05-29T15:52:59.000Z</time>
      </trkpt>
      <trkpt lat="44.115507" lon="15.253806">
        <ele>36.127446</ele>
        <time>2026-05-29T15:53:00.000Z</time>
      </trkpt>
      <trkpt lat="44.115537" lon="15.253805">
        <ele>36.084901</ele>
        <time>2026-05-29T15:53:01.000Z</time>
      </trkpt>
      <trkpt lat="44.115560" lon="15.253802">
        <ele>36.052150</ele>
        <time>2026-05-29T15:53:02.000Z</time>
      </trkpt>
      <trkpt lat="44.115579" lon="15.253804">
        <ele>36.025135</ele>
        <time>2026-05-29T15:53:03.000Z</time>
      </trkpt>
      <trkpt lat="44.115593" lon="15.253812">
        <ele>36.003681</ele>
        <time>2026-05-29T15:53:04.000Z</time>
      </trkpt>
      <trkpt lat="44.115608" lon="15.253831">
        <ele>35.972429</ele>
        <time>2026-05-29T15:53:05.000Z</time>
      </trkpt>
      <trkpt lat="44.115611" lon="15.253855">
        <ele>35.928638</ele>
        <time>2026-05-29T15:53:06.000Z</time>
      </trkpt>
      <trkpt lat="44.115601" lon="15.253877">
        <ele>35.881830</ele>
        <time>2026-05-29T15:53:07.000Z</time>
      </trkpt>
      <trkpt lat="44.115582" lon="15.253887">
        <ele>35.830974</ele>
        <time>2026-05-29T15:53:08.000Z</time>
      </trkpt>
      <trkpt lat="44.115554" lon="15.253891">
        <ele>35.760499</ele>
        <time>2026-05-29T15:53:09.000Z</time>
      </trkpt>
      <trkpt lat="44.115523" lon="15.253896">
        <ele>35.682361</ele>
        <time>2026-05-29T15:53:10.000Z</time>
      </trkpt>
      <trkpt lat="44.115488" lon="15.253898">
        <ele>35.594652</ele>
        <time>2026-05-29T15:53:11.000Z</time>
      </trkpt>
      <trkpt lat="44.115452" lon="15.253903">
        <ele>35.504066</ele>
        <time>2026-05-29T15:53:12.000Z</time>
      </trkpt>
      <trkpt lat="44.115415" lon="15.253909">
        <ele>35.410798</ele>
        <time>2026-05-29T15:53:13.000Z</time>
      </trkpt>
      <trkpt lat="44.115376" lon="15.253916">
        <ele>35.312340</ele>
        <time>2026-05-29T15:53:14.000Z</time>
      </trkpt>
      <trkpt lat="44.115335" lon="15.253923">
        <ele>35.208914</ele>
        <time>2026-05-29T15:53:15.000Z</time>
      </trkpt>
      <trkpt lat="44.115292" lon="15.253933">
        <ele>35.099758</ele>
        <time>2026-05-29T15:53:16.000Z</time>
      </trkpt>
      <trkpt lat="44.115246" lon="15.253947">
        <ele>34.981863</ele>
        <time>2026-05-29T15:53:17.000Z</time>
      </trkpt>
      <trkpt lat="44.115197" lon="15.253958">
        <ele>34.857591</ele>
        <time>2026-05-29T15:53:18.000Z</time>
      </trkpt>
      <trkpt lat="44.115145" lon="15.253967">
        <ele>34.726390</ele>
        <time>2026-05-29T15:53:19.000Z</time>
      </trkpt>
      <trkpt lat="44.115091" lon="15.253971">
        <ele>34.590991</ele>
        <time>2026-05-29T15:53:20.000Z</time>
      </trkpt>
      <trkpt lat="44.115035" lon="15.253977">
        <ele>34.450361</ele>
        <time>2026-05-29T15:53:21.000Z</time>
      </trkpt>
      <trkpt lat="44.114990" lon="15.253983">
        <ele>34.337172</ele>
        <time>2026-05-29T15:53:22.000Z</time>
      </trkpt>
      <trkpt lat="44.114924" lon="15.253991">
        <ele>34.171293</ele>
        <time>2026-05-29T15:53:23.000Z</time>
      </trkpt>
      <trkpt lat="44.114878" lon="15.253993">
        <ele>34.056060</ele>
        <time>2026-05-29T15:53:24.000Z</time>
      </trkpt>
      <trkpt lat="44.114818" lon="15.253994">
        <ele>33.905818</ele>
        <time>2026-05-29T15:53:25.000Z</time>
      </trkpt>
      <trkpt lat="44.114757" lon="15.253995">
        <ele>33.753073</ele>
        <time>2026-05-29T15:53:26.000Z</time>
      </trkpt>
      <trkpt lat="44.114698" lon="15.253998">
        <ele>33.605247</ele>
        <time>2026-05-29T15:53:27.000Z</time>
      </trkpt>
      <trkpt lat="44.114629" lon="15.254006">
        <ele>33.431884</ele>
        <time>2026-05-29T15:53:28.000Z</time>
      </trkpt>
      <trkpt lat="44.114587" lon="15.254011">
        <ele>33.326338</ele>
        <time>2026-05-29T15:53:29.000Z</time>
      </trkpt>
      <trkpt lat="44.114534" lon="15.254020">
        <ele>33.192652</ele>
        <time>2026-05-29T15:53:30.000Z</time>
      </trkpt>
      <trkpt lat="44.114473" lon="15.254031">
        <ele>33.038642</ele>
        <time>2026-05-29T15:53:31.000Z</time>
      </trkpt>
      <trkpt lat="44.114433" lon="15.254035">
        <ele>32.938230</ele>
        <time>2026-05-29T15:53:32.000Z</time>
      </trkpt>
      <trkpt lat="44.114377" lon="15.254036">
        <ele>32.798003</ele>
        <time>2026-05-29T15:53:33.000Z</time>
      </trkpt>
      <trkpt lat="44.114336" lon="15.254032">
        <ele>32.695093</ele>
        <time>2026-05-29T15:53:34.000Z</time>
      </trkpt>
      <trkpt lat="44.114308" lon="15.254027">
        <ele>32.624412</ele>
        <time>2026-05-29T15:53:35.000Z</time>
      </trkpt>
      <trkpt lat="44.114280" lon="15.254021">
        <ele>32.553479</ele>
        <time>2026-05-29T15:53:36.000Z</time>
      </trkpt>
      <trkpt lat="44.114250" lon="15.254011">
        <ele>32.476242</ele>
        <time>2026-05-29T15:53:37.000Z</time>
      </trkpt>
      <trkpt lat="44.114232" lon="15.254007">
        <ele>32.430603</ele>
        <time>2026-05-29T15:53:38.000Z</time>
      </trkpt>
      <trkpt lat="44.114211" lon="15.254009">
        <ele>32.377899</ele>
        <time>2026-05-29T15:53:39.000Z</time>
      </trkpt>
      <trkpt lat="44.114196" lon="15.254027">
        <ele>32.328325</ele>
        <time>2026-05-29T15:53:40.000Z</time>
      </trkpt>
      <trkpt lat="44.114190" lon="15.254050">
        <ele>32.284334</ele>
        <time>2026-05-29T15:53:41.000Z</time>
      </trkpt>
      <trkpt lat="44.114191" lon="15.254077">
        <ele>32.235733</ele>
        <time>2026-05-29T15:53:42.000Z</time>
      </trkpt>
      <trkpt lat="44.114191" lon="15.254099">
        <ele>32.196185</ele>
        <time>2026-05-29T15:53:43.000Z</time>
      </trkpt>
      <trkpt lat="44.114194" lon="15.254115">
        <ele>32.166458</ele>
        <time>2026-05-29T15:53:44.000Z</time>
      </trkpt>
      <trkpt lat="44.114204" lon="15.254138">
        <ele>32.118121</ele>
        <time>2026-05-29T15:53:45.000Z</time>
      </trkpt>
      <trkpt lat="44.114220" lon="15.254168">
        <ele>32.050940</ele>
        <time>2026-05-29T15:53:46.000Z</time>
      </trkpt>
      <trkpt lat="44.114239" lon="15.254202">
        <ele>31.973488</ele>
        <time>2026-05-29T15:53:47.000Z</time>
      </trkpt>
      <trkpt lat="44.114258" lon="15.254235">
        <ele>31.897446</ele>
        <time>2026-05-29T15:53:48.000Z</time>
      </trkpt>
      <trkpt lat="44.114271" lon="15.254277">
        <ele>31.815227</ele>
        <time>2026-05-29T15:53:49.000Z</time>
      </trkpt>
      <trkpt lat="44.114278" lon="15.254313">
        <ele>31.748180</ele>
        <time>2026-05-29T15:53:50.000Z</time>
      </trkpt>
      <trkpt lat="44.114284" lon="15.254345">
        <ele>31.688726</ele>
        <time>2026-05-29T15:53:51.000Z</time>
      </trkpt>
      <trkpt lat="44.114288" lon="15.254371">
        <ele>31.640926</ele>
        <time>2026-05-29T15:53:52.000Z</time>
      </trkpt>
      <trkpt lat="44.114290" lon="15.254385">
        <ele>31.615266</ele>
        <time>2026-05-29T15:53:53.000Z</time>
      </trkpt>
      <trkpt lat="44.114288" lon="15.254398">
        <ele>31.591366</ele>
        <time>2026-05-29T15:53:54.000Z</time>
      </trkpt>
      <trkpt lat="44.114286" lon="15.254406">
        <ele>31.576138</ele>
        <time>2026-05-29T15:53:55.000Z</time>
      </trkpt>
      <trkpt lat="44.114229" lon="15.254473">
        <ele>31.479090</ele>
        <time>2026-05-29T15:54:02.000Z</time>
      </trkpt>
      <trkpt lat="44.114213" lon="15.254485">
        <ele>31.481446</ele>
        <time>2026-05-29T15:54:03.000Z</time>
      </trkpt>
      <trkpt lat="44.114194" lon="15.254503">
        <ele>31.484427</ele>
        <time>2026-05-29T15:54:04.000Z</time>
      </trkpt>
      <trkpt lat="44.114185" lon="15.254520">
        <ele>31.486394</ele>
        <time>2026-05-29T15:54:05.000Z</time>
      </trkpt>
      <trkpt lat="44.114175" lon="15.254554">
        <ele>31.489815</ele>
        <time>2026-05-29T15:54:06.000Z</time>
      </trkpt>
      <trkpt lat="44.114174" lon="15.254584">
        <ele>31.492612</ele>
        <time>2026-05-29T15:54:07.000Z</time>
      </trkpt>
      <trkpt lat="44.114179" lon="15.254622">
        <ele>31.496209</ele>
        <time>2026-05-29T15:54:08.000Z</time>
      </trkpt>
      <trkpt lat="44.114195" lon="15.254671">
        <ele>31.501222</ele>
        <time>2026-05-29T15:54:09.000Z</time>
      </trkpt>
      <trkpt lat="44.114212" lon="15.254711">
        <ele>31.505550</ele>
        <time>2026-05-29T15:54:10.000Z</time>
      </trkpt>
      <trkpt lat="44.114226" lon="15.254747">
        <ele>31.509363</ele>
        <time>2026-05-29T15:54:11.000Z</time>
      </trkpt>
      <trkpt lat="44.114247" lon="15.254799">
        <ele>31.514919</ele>
        <time>2026-05-29T15:54:12.000Z</time>
      </trkpt>
      <trkpt lat="44.114263" lon="15.254837">
        <ele>31.519021</ele>
        <time>2026-05-29T15:54:13.000Z</time>
      </trkpt>
      <trkpt lat="44.114289" lon="15.254895">
        <ele>31.525388</ele>
        <time>2026-05-29T15:54:14.000Z</time>
      </trkpt>
      <trkpt lat="44.114310" lon="15.254945">
        <ele>31.530782</ele>
        <time>2026-05-29T15:54:15.000Z</time>
      </trkpt>
      <trkpt lat="44.114327" lon="15.254986">
        <ele>31.535191</ele>
        <time>2026-05-29T15:54:16.000Z</time>
      </trkpt>
      <trkpt lat="44.114348" lon="15.255036">
        <ele>31.540585</ele>
        <time>2026-05-29T15:54:17.000Z</time>
      </trkpt>
      <trkpt lat="44.114373" lon="15.255099">
        <ele>31.547288</ele>
        <time>2026-05-29T15:54:18.000Z</time>
      </trkpt>
      <trkpt lat="44.114389" lon="15.255142">
        <ele>31.551798</ele>
        <time>2026-05-29T15:54:19.000Z</time>
      </trkpt>
      <trkpt lat="44.114413" lon="15.255198">
        <ele>31.557871</ele>
        <time>2026-05-29T15:54:20.000Z</time>
      </trkpt>
      <trkpt lat="44.114441" lon="15.255266">
        <ele>31.565171</ele>
        <time>2026-05-29T15:54:21.000Z</time>
      </trkpt>
      <trkpt lat="44.114458" lon="15.255314">
        <ele>31.570155</ele>
        <time>2026-05-29T15:54:22.000Z</time>
      </trkpt>
      <trkpt lat="44.114487" lon="15.255385">
        <ele>31.577761</ele>
        <time>2026-05-29T15:54:23.000Z</time>
      </trkpt>
      <trkpt lat="44.114513" lon="15.255446">
        <ele>31.584367</ele>
        <time>2026-05-29T15:54:24.000Z</time>
      </trkpt>
      <trkpt lat="44.114534" lon="15.255495">
        <ele>31.589681</ele>
        <time>2026-05-29T15:54:25.000Z</time>
      </trkpt>
      <trkpt lat="44.114566" lon="15.255568">
        <ele>31.597646</ele>
        <time>2026-05-29T15:54:26.000Z</time>
      </trkpt>
      <trkpt lat="44.114588" lon="15.255618">
        <ele>31.603107</ele>
        <time>2026-05-29T15:54:27.000Z</time>
      </trkpt>
      <trkpt lat="44.114614" lon="15.255682">
        <ele>31.609954</ele>
        <time>2026-05-29T15:54:28.000Z</time>
      </trkpt>
      <trkpt lat="44.114640" lon="15.255743">
        <ele>31.616560</ele>
        <time>2026-05-29T15:54:29.000Z</time>
      </trkpt>
      <trkpt lat="44.114669" lon="15.255818">
        <ele>31.624492</ele>
        <time>2026-05-29T15:54:30.000Z</time>
      </trkpt>
      <trkpt lat="44.114694" lon="15.255881">
        <ele>31.631195</ele>
        <time>2026-05-29T15:54:31.000Z</time>
      </trkpt>
      <trkpt lat="44.114720" lon="15.255945">
        <ele>31.638043</ele>
        <time>2026-05-29T15:54:32.000Z</time>
      </trkpt>
      <trkpt lat="44.114747" lon="15.256010">
        <ele>31.645036</ele>
        <time>2026-05-29T15:54:33.000Z</time>
      </trkpt>
      <trkpt lat="44.114770" lon="15.256064">
        <ele>31.650882</ele>
        <time>2026-05-29T15:54:34.000Z</time>
      </trkpt>
      <trkpt lat="44.114798" lon="15.256131">
        <ele>31.658101</ele>
        <time>2026-05-29T15:54:35.000Z</time>
      </trkpt>
      <trkpt lat="44.114827" lon="15.256200">
        <ele>31.665547</ele>
        <time>2026-05-29T15:54:36.000Z</time>
      </trkpt>
      <trkpt lat="44.114856" lon="15.256268">
        <ele>31.672912</ele>
        <time>2026-05-29T15:54:37.000Z</time>
      </trkpt>
      <trkpt lat="44.114882" lon="15.256335">
        <ele>31.680004</ele>
        <time>2026-05-29T15:54:38.000Z</time>
      </trkpt>
      <trkpt lat="44.114908" lon="15.256404">
        <ele>31.687260</ele>
        <time>2026-05-29T15:54:39.000Z</time>
      </trkpt>
      <trkpt lat="44.114936" lon="15.256475">
        <ele>31.694803</ele>
        <time>2026-05-29T15:54:40.000Z</time>
      </trkpt>
      <trkpt lat="44.114970" lon="15.256561">
        <ele>31.703945</ele>
        <time>2026-05-29T15:54:41.000Z</time>
      </trkpt>
      <trkpt lat="44.114993" lon="15.256616">
        <ele>31.732917</ele>
        <time>2026-05-29T15:54:42.000Z</time>
      </trkpt>
      <trkpt lat="44.115021" lon="15.256686">
        <ele>31.830240</ele>
        <time>2026-05-29T15:54:43.000Z</time>
      </trkpt>
      <trkpt lat="44.115053" lon="15.256768">
        <ele>31.943593</ele>
        <time>2026-05-29T15:54:44.000Z</time>
      </trkpt>
      <trkpt lat="44.115073" lon="15.256825">
        <ele>32.020647</ele>
        <time>2026-05-29T15:54:45.000Z</time>
      </trkpt>
      <trkpt lat="44.115102" lon="15.256909">
        <ele>32.133851</ele>
        <time>2026-05-29T15:54:46.000Z</time>
      </trkpt>
      <trkpt lat="44.115121" lon="15.256965">
        <ele>32.209077</ele>
        <time>2026-05-29T15:54:47.000Z</time>
      </trkpt>
      <trkpt lat="44.115145" lon="15.257034">
        <ele>32.302197</ele>
        <time>2026-05-29T15:54:48.000Z</time>
      </trkpt>
      <trkpt lat="44.115169" lon="15.257104">
        <ele>32.396412</ele>
        <time>2026-05-29T15:54:49.000Z</time>
      </trkpt>
      <trkpt lat="44.115195" lon="15.257173">
        <ele>32.491056</ele>
        <time>2026-05-29T15:54:50.000Z</time>
      </trkpt>
      <trkpt lat="44.115218" lon="15.257244">
        <ele>32.585659</ele>
        <time>2026-05-29T15:54:51.000Z</time>
      </trkpt>
      <trkpt lat="44.115241" lon="15.257313">
        <ele>32.678054</ele>
        <time>2026-05-29T15:54:52.000Z</time>
      </trkpt>
      <trkpt lat="44.115264" lon="15.257396">
        <ele>32.786108</ele>
        <time>2026-05-29T15:54:53.000Z</time>
      </trkpt>
      <trkpt lat="44.115278" lon="15.257450">
        <ele>32.855838</ele>
        <time>2026-05-29T15:54:54.000Z</time>
      </trkpt>
      <trkpt lat="44.115298" lon="15.257520">
        <ele>32.947340</ele>
        <time>2026-05-29T15:54:55.000Z</time>
      </trkpt>
      <trkpt lat="44.115323" lon="15.257604">
        <ele>33.057780</ele>
        <time>2026-05-29T15:54:56.000Z</time>
      </trkpt>
      <trkpt lat="44.115338" lon="15.257660">
        <ele>33.130373</ele>
        <time>2026-05-29T15:54:57.000Z</time>
      </trkpt>
      <trkpt lat="44.115357" lon="15.257730">
        <ele>33.221263</ele>
        <time>2026-05-29T15:54:58.000Z</time>
      </trkpt>
      <trkpt lat="44.115379" lon="15.257815">
        <ele>33.331002</ele>
        <time>2026-05-29T15:54:59.000Z</time>
      </trkpt>
      <trkpt lat="44.115393" lon="15.257873">
        <ele>33.405319</ele>
        <time>2026-05-29T15:55:00.000Z</time>
      </trkpt>
      <trkpt lat="44.115416" lon="15.257958">
        <ele>33.515643</ele>
        <time>2026-05-29T15:55:01.000Z</time>
      </trkpt>
      <trkpt lat="44.115431" lon="15.258016">
        <ele>33.590517</ele>
        <time>2026-05-29T15:55:02.000Z</time>
      </trkpt>
      <trkpt lat="44.115447" lon="15.258085">
        <ele>33.678582</ele>
        <time>2026-05-29T15:55:03.000Z</time>
      </trkpt>
      <trkpt lat="44.115464" lon="15.258169">
        <ele>33.784578</ele>
        <time>2026-05-29T15:55:04.000Z</time>
      </trkpt>
      <trkpt lat="44.115478" lon="15.258241">
        <ele>33.875174</ele>
        <time>2026-05-29T15:55:05.000Z</time>
      </trkpt>
      <trkpt lat="44.115490" lon="15.258300">
        <ele>33.949651</ele>
        <time>2026-05-29T15:55:06.000Z</time>
      </trkpt>
      <trkpt lat="44.115508" lon="15.258387">
        <ele>34.059615</ele>
        <time>2026-05-29T15:55:07.000Z</time>
      </trkpt>
      <trkpt lat="44.115520" lon="15.258445">
        <ele>34.132925</ele>
        <time>2026-05-29T15:55:08.000Z</time>
      </trkpt>
      <trkpt lat="44.115533" lon="15.258517">
        <ele>34.223094</ele>
        <time>2026-05-29T15:55:09.000Z</time>
      </trkpt>
      <trkpt lat="44.115550" lon="15.258600">
        <ele>34.327921</ele>
        <time>2026-05-29T15:55:10.000Z</time>
      </trkpt>
      <trkpt lat="44.115560" lon="15.258655">
        <ele>34.396829</ele>
        <time>2026-05-29T15:55:11.000Z</time>
      </trkpt>
      <trkpt lat="44.115571" lon="15.258723">
        <ele>34.481487</ele>
        <time>2026-05-29T15:55:12.000Z</time>
      </trkpt>
      <trkpt lat="44.115582" lon="15.258789">
        <ele>34.563777</ele>
        <time>2026-05-29T15:55:13.000Z</time>
      </trkpt>
      <trkpt lat="44.115596" lon="15.258869">
        <ele>34.663784</ele>
        <time>2026-05-29T15:55:14.000Z</time>
      </trkpt>
      <trkpt lat="44.115604" lon="15.258922">
        <ele>34.729561</ele>
        <time>2026-05-29T15:55:15.000Z</time>
      </trkpt>
      <trkpt lat="44.115618" lon="15.258992">
        <ele>34.870907</ele>
        <time>2026-05-29T15:55:16.000Z</time>
      </trkpt>
      <trkpt lat="44.115633" lon="15.259072">
        <ele>35.050766</ele>
        <time>2026-05-29T15:55:17.000Z</time>
      </trkpt>
      <trkpt lat="44.115639" lon="15.259124">
        <ele>35.165332</ele>
        <time>2026-05-29T15:55:18.000Z</time>
      </trkpt>
      <trkpt lat="44.115653" lon="15.259202">
        <ele>35.340226</ele>
        <time>2026-05-29T15:55:19.000Z</time>
      </trkpt>
      <trkpt lat="44.115661" lon="15.259257">
        <ele>35.462297</ele>
        <time>2026-05-29T15:55:20.000Z</time>
      </trkpt>
      <trkpt lat="44.115672" lon="15.259324">
        <ele>35.611804</ele>
        <time>2026-05-29T15:55:21.000Z</time>
      </trkpt>
      <trkpt lat="44.115685" lon="15.259404">
        <ele>35.790228</ele>
        <time>2026-05-29T15:55:22.000Z</time>
      </trkpt>
      <trkpt lat="44.115696" lon="15.259469">
        <ele>35.935496</ele>
        <time>2026-05-29T15:55:23.000Z</time>
      </trkpt>
      <trkpt lat="44.115704" lon="15.259522">
        <ele>36.053306</ele>
        <time>2026-05-29T15:55:24.000Z</time>
      </trkpt>
      <trkpt lat="44.115714" lon="15.259587">
        <ele>36.197909</ele>
        <time>2026-05-29T15:55:25.000Z</time>
      </trkpt>
      <trkpt lat="44.115725" lon="15.259653">
        <ele>36.345296</ele>
        <time>2026-05-29T15:55:26.000Z</time>
      </trkpt>
      <trkpt lat="44.115733" lon="15.259718">
        <ele>36.488751</ele>
        <time>2026-05-29T15:55:27.000Z</time>
      </trkpt>
      <trkpt lat="44.115746" lon="15.259799">
        <ele>36.669298</ele>
        <time>2026-05-29T15:55:28.000Z</time>
      </trkpt>
      <trkpt lat="44.115755" lon="15.259853">
        <ele>36.789886</ele>
        <time>2026-05-29T15:55:29.000Z</time>
      </trkpt>
      <trkpt lat="44.115766" lon="15.259917">
        <ele>36.933038</ele>
        <time>2026-05-29T15:55:30.000Z</time>
      </trkpt>
      <trkpt lat="44.115778" lon="15.259995">
        <ele>37.106561</ele>
        <time>2026-05-29T15:55:31.000Z</time>
      </trkpt>
      <trkpt lat="44.115783" lon="15.260043">
        <ele>37.212068</ele>
        <time>2026-05-29T15:55:32.000Z</time>
      </trkpt>
      <trkpt lat="44.115794" lon="15.260104">
        <ele>37.348882</ele>
        <time>2026-05-29T15:55:33.000Z</time>
      </trkpt>
      <trkpt lat="44.115804" lon="15.260163">
        <ele>37.480751</ele>
        <time>2026-05-29T15:55:34.000Z</time>
      </trkpt>
      <trkpt lat="44.115815" lon="15.260222">
        <ele>37.613349</ele>
        <time>2026-05-29T15:55:35.000Z</time>
      </trkpt>
      <trkpt lat="44.115823" lon="15.260284">
        <ele>37.750377</ele>
        <time>2026-05-29T15:55:36.000Z</time>
      </trkpt>
      <trkpt lat="44.115831" lon="15.260345">
        <ele>37.885264</ele>
        <time>2026-05-29T15:55:37.000Z</time>
      </trkpt>
      <trkpt lat="44.115843" lon="15.260417">
        <ele>38.046049</ele>
        <time>2026-05-29T15:55:38.000Z</time>
      </trkpt>
      <trkpt lat="44.115851" lon="15.260465">
        <ele>38.153239</ele>
        <time>2026-05-29T15:55:39.000Z</time>
      </trkpt>
      <trkpt lat="44.115859" lon="15.260523">
        <ele>38.281712</ele>
        <time>2026-05-29T15:55:40.000Z</time>
      </trkpt>
      <trkpt lat="44.115870" lon="15.260594">
        <ele>38.439712</ele>
        <time>2026-05-29T15:55:41.000Z</time>
      </trkpt>
      <trkpt lat="44.115879" lon="15.260639">
        <ele>38.541326</ele>
        <time>2026-05-29T15:55:42.000Z</time>
      </trkpt>
      <trkpt lat="44.115886" lon="15.260696">
        <ele>38.667118</ele>
        <time>2026-05-29T15:55:43.000Z</time>
      </trkpt>
      <trkpt lat="44.115897" lon="15.260761">
        <ele>38.812385</ele>
        <time>2026-05-29T15:55:44.000Z</time>
      </trkpt>
      <trkpt lat="44.115903" lon="15.260805">
        <ele>38.909808</ele>
        <time>2026-05-29T15:55:45.000Z</time>
      </trkpt>
      <trkpt lat="44.115912" lon="15.260861">
        <ele>39.034638</ele>
        <time>2026-05-29T15:55:46.000Z</time>
      </trkpt>
      <trkpt lat="44.115921" lon="15.260917">
        <ele>39.159468</ele>
        <time>2026-05-29T15:55:47.000Z</time>
      </trkpt>
      <trkpt lat="44.115928" lon="15.260973">
        <ele>39.283116</ele>
        <time>2026-05-29T15:55:48.000Z</time>
      </trkpt>
      <trkpt lat="44.115934" lon="15.261029">
        <ele>39.406280</ele>
        <time>2026-05-29T15:55:49.000Z</time>
      </trkpt>
      <trkpt lat="44.115942" lon="15.261097">
        <ele>39.556172</ele>
        <time>2026-05-29T15:55:50.000Z</time>
      </trkpt>
      <trkpt lat="44.115949" lon="15.261141">
        <ele>39.654205</ele>
        <time>2026-05-29T15:55:51.000Z</time>
      </trkpt>
      <trkpt lat="44.115958" lon="15.261207">
        <ele>39.800340</ele>
        <time>2026-05-29T15:55:52.000Z</time>
      </trkpt>
      <trkpt lat="44.115968" lon="15.261264">
        <ele>39.927979</ele>
        <time>2026-05-29T15:55:53.000Z</time>
      </trkpt>
      <trkpt lat="44.115974" lon="15.261307">
        <ele>40.023265</ele>
        <time>2026-05-29T15:55:54.000Z</time>
      </trkpt>
      <trkpt lat="44.115984" lon="15.261362">
        <ele>40.146682</ele>
        <time>2026-05-29T15:55:55.000Z</time>
      </trkpt>
      <trkpt lat="44.115994" lon="15.261426">
        <ele>40.300412</ele>
        <time>2026-05-29T15:55:56.000Z</time>
      </trkpt>
      <trkpt lat="44.116000" lon="15.261469">
        <ele>40.407784</ele>
        <time>2026-05-29T15:55:57.000Z</time>
      </trkpt>
      <trkpt lat="44.116012" lon="15.261534">
        <ele>40.572292</ele>
        <time>2026-05-29T15:55:58.000Z</time>
      </trkpt>
      <trkpt lat="44.116021" lon="15.261586">
        <ele>40.703403</ele>
        <time>2026-05-29T15:55:59.000Z</time>
      </trkpt>
      <trkpt lat="44.116027" lon="15.261628">
        <ele>40.808369</ele>
        <time>2026-05-29T15:56:00.000Z</time>
      </trkpt>
      <trkpt lat="44.116035" lon="15.261692">
        <ele>40.967603</ele>
        <time>2026-05-29T15:56:01.000Z</time>
      </trkpt>
      <trkpt lat="44.116044" lon="15.261746">
        <ele>41.103484</ele>
        <time>2026-05-29T15:56:02.000Z</time>
      </trkpt>
      <trkpt lat="44.116052" lon="15.261789">
        <ele>41.212365</ele>
        <time>2026-05-29T15:56:03.000Z</time>
      </trkpt>
      <trkpt lat="44.116054" lon="15.261841">
        <ele>41.340008</ele>
        <time>2026-05-29T15:56:04.000Z</time>
      </trkpt>
      <trkpt lat="44.116064" lon="15.261902">
        <ele>41.493376</ele>
        <time>2026-05-29T15:56:05.000Z</time>
      </trkpt>
      <trkpt lat="44.116071" lon="15.261943">
        <ele>41.596676</ele>
        <time>2026-05-29T15:56:06.000Z</time>
      </trkpt>
      <trkpt lat="44.116081" lon="15.262007">
        <ele>41.757221</ele>
        <time>2026-05-29T15:56:07.000Z</time>
      </trkpt>
      <trkpt lat="44.116088" lon="15.262050">
        <ele>41.865296</ele>
        <time>2026-05-29T15:56:08.000Z</time>
      </trkpt>
      <trkpt lat="44.116096" lon="15.262101">
        <ele>41.993253</ele>
        <time>2026-05-29T15:56:09.000Z</time>
      </trkpt>
      <trkpt lat="44.116106" lon="15.262164">
        <ele>42.151405</ele>
        <time>2026-05-29T15:56:10.000Z</time>
      </trkpt>
      <trkpt lat="44.116114" lon="15.262204">
        <ele>42.253184</ele>
        <time>2026-05-29T15:56:11.000Z</time>
      </trkpt>
      <trkpt lat="44.116123" lon="15.262256">
        <ele>42.384295</ele>
        <time>2026-05-29T15:56:12.000Z</time>
      </trkpt>
      <trkpt lat="44.116134" lon="15.262316">
        <ele>42.536083</ele>
        <time>2026-05-29T15:56:13.000Z</time>
      </trkpt>
      <trkpt lat="44.116142" lon="15.262355">
        <ele>42.635503</ele>
        <time>2026-05-29T15:56:14.000Z</time>
      </trkpt>
      <trkpt lat="44.116150" lon="15.262405">
        <ele>42.761066</ele>
        <time>2026-05-29T15:56:15.000Z</time>
      </trkpt>
      <trkpt lat="44.116159" lon="15.262456">
        <ele>42.889796</ele>
        <time>2026-05-29T15:56:16.000Z</time>
      </trkpt>
      <trkpt lat="44.116168" lon="15.262508">
        <ele>43.020907</ele>
        <time>2026-05-29T15:56:17.000Z</time>
      </trkpt>
      <trkpt lat="44.116178" lon="15.262559">
        <ele>43.150493</ele>
        <time>2026-05-29T15:56:18.000Z</time>
      </trkpt>
      <trkpt lat="44.116189" lon="15.262621">
        <ele>43.307036</ele>
        <time>2026-05-29T15:56:19.000Z</time>
      </trkpt>
      <trkpt lat="44.116194" lon="15.262663">
        <ele>43.411389</ele>
        <time>2026-05-29T15:56:20.000Z</time>
      </trkpt>
      <trkpt lat="44.116204" lon="15.262714">
        <ele>43.540976</ele>
        <time>2026-05-29T15:56:21.000Z</time>
      </trkpt>
      <trkpt lat="44.116216" lon="15.262777">
        <ele>43.700740</ele>
        <time>2026-05-29T15:56:22.000Z</time>
      </trkpt>
      <trkpt lat="44.116223" lon="15.262827">
        <ele>43.825606</ele>
        <time>2026-05-29T15:56:23.000Z</time>
      </trkpt>
      <trkpt lat="44.116229" lon="15.262866">
        <ele>43.923370</ele>
        <time>2026-05-29T15:56:24.000Z</time>
      </trkpt>
      <trkpt lat="44.116241" lon="15.262923">
        <ele>44.068968</ele>
        <time>2026-05-29T15:56:25.000Z</time>
      </trkpt>
      <trkpt lat="44.116249" lon="15.262971">
        <ele>44.189752</ele>
        <time>2026-05-29T15:56:26.000Z</time>
      </trkpt>
      <trkpt lat="44.116256" lon="15.263010">
        <ele>44.288288</ele>
        <time>2026-05-29T15:56:27.000Z</time>
      </trkpt>
      <trkpt lat="44.116267" lon="15.263068">
        <ele>44.435331</ele>
        <time>2026-05-29T15:56:28.000Z</time>
      </trkpt>
      <trkpt lat="44.116277" lon="15.263117">
        <ele>44.560195</ele>
        <time>2026-05-29T15:56:29.000Z</time>
      </trkpt>
      <trkpt lat="44.116285" lon="15.263157">
        <ele>44.661974</ele>
        <time>2026-05-29T15:56:30.000Z</time>
      </trkpt>
      <trkpt lat="44.116293" lon="15.263206">
        <ele>44.785146</ele>
        <time>2026-05-29T15:56:31.000Z</time>
      </trkpt>
      <trkpt lat="44.116302" lon="15.263255">
        <ele>44.909120</ele>
        <time>2026-05-29T15:56:32.000Z</time>
      </trkpt>
      <trkpt lat="44.116311" lon="15.263305">
        <ele>45.035470</ele>
        <time>2026-05-29T15:56:33.000Z</time>
      </trkpt>
      <trkpt lat="44.116321" lon="15.263366">
        <ele>45.188838</ele>
        <time>2026-05-29T15:56:34.000Z</time>
      </trkpt>
      <trkpt lat="44.116328" lon="15.263406">
        <ele>45.289754</ele>
        <time>2026-05-29T15:56:35.000Z</time>
      </trkpt>
      <trkpt lat="44.116338" lon="15.263455">
        <ele>45.414618</ele>
        <time>2026-05-29T15:56:36.000Z</time>
      </trkpt>
      <trkpt lat="44.116351" lon="15.263506">
        <ele>45.547271</ele>
        <time>2026-05-29T15:56:37.000Z</time>
      </trkpt>
      <trkpt lat="44.116361" lon="15.263557">
        <ele>45.676857</ele>
        <time>2026-05-29T15:56:38.000Z</time>
      </trkpt>
      <trkpt lat="44.116369" lon="15.263606">
        <ele>45.800029</ele>
        <time>2026-05-29T15:56:39.000Z</time>
      </trkpt>
      <trkpt lat="44.116379" lon="15.263667">
        <ele>45.953397</ele>
        <time>2026-05-29T15:56:40.000Z</time>
      </trkpt>
      <trkpt lat="44.116387" lon="15.263715">
        <ele>46.074180</ele>
        <time>2026-05-29T15:56:41.000Z</time>
      </trkpt>
      <trkpt lat="44.116393" lon="15.263752">
        <ele>46.167157</ele>
        <time>2026-05-29T15:56:42.000Z</time>
      </trkpt>
      <trkpt lat="44.116405" lon="15.263811">
        <ele>46.317465</ele>
        <time>2026-05-29T15:56:43.000Z</time>
      </trkpt>
      <trkpt lat="44.116413" lon="15.263851">
        <ele>46.359626</ele>
        <time>2026-05-29T15:56:44.000Z</time>
      </trkpt>
      <trkpt lat="44.116421" lon="15.263902">
        <ele>46.389695</ele>
        <time>2026-05-29T15:56:45.000Z</time>
      </trkpt>
      <trkpt lat="44.116434" lon="15.263959">
        <ele>46.424145</ele>
        <time>2026-05-29T15:56:46.000Z</time>
      </trkpt>
      <trkpt lat="44.116442" lon="15.264007">
        <ele>46.452529</ele>
        <time>2026-05-29T15:56:47.000Z</time>
      </trkpt>
      <trkpt lat="44.116448" lon="15.264047">
        <ele>46.476067</ele>
        <time>2026-05-29T15:56:48.000Z</time>
      </trkpt>
      <trkpt lat="44.116457" lon="15.264108">
        <ele>46.511939</ele>
        <time>2026-05-29T15:56:49.000Z</time>
      </trkpt>
      <trkpt lat="44.116463" lon="15.264149">
        <ele>46.536041</ele>
        <time>2026-05-29T15:56:50.000Z</time>
      </trkpt>
      <trkpt lat="44.116472" lon="15.264200">
        <ele>46.566292</ele>
        <time>2026-05-29T15:56:51.000Z</time>
      </trkpt>
      <trkpt lat="44.116486" lon="15.264264">
        <ele>46.604830</ele>
        <time>2026-05-29T15:56:52.000Z</time>
      </trkpt>
      <trkpt lat="44.116494" lon="15.264316">
        <ele>46.635463</ele>
        <time>2026-05-29T15:56:53.000Z</time>
      </trkpt>
      <trkpt lat="44.116501" lon="15.264358">
        <ele>46.660299</ele>
        <time>2026-05-29T15:56:54.000Z</time>
      </trkpt>
      <trkpt lat="44.116514" lon="15.264423">
        <ele>46.699166</ele>
        <time>2026-05-29T15:56:55.000Z</time>
      </trkpt>
      <trkpt lat="44.116526" lon="15.264479">
        <ele>46.732829</ele>
        <time>2026-05-29T15:56:56.000Z</time>
      </trkpt>
      <trkpt lat="44.116535" lon="15.264524">
        <ele>46.759736</ele>
        <time>2026-05-29T15:56:57.000Z</time>
      </trkpt>
      <trkpt lat="44.116546" lon="15.264581">
        <ele>46.793735</ele>
        <time>2026-05-29T15:56:58.000Z</time>
      </trkpt>
      <trkpt lat="44.116556" lon="15.264637">
        <ele>46.826974</ele>
        <time>2026-05-29T15:56:59.000Z</time>
      </trkpt>
      <trkpt lat="44.116563" lon="15.264693">
        <ele>46.859716</ele>
        <time>2026-05-29T15:57:00.000Z</time>
      </trkpt>
      <trkpt lat="44.116576" lon="15.264764">
        <ele>46.901922</ele>
        <time>2026-05-29T15:57:01.000Z</time>
      </trkpt>
      <trkpt lat="44.116588" lon="15.264828">
        <ele>46.940024</ele>
        <time>2026-05-29T15:57:02.000Z</time>
      </trkpt>
      <trkpt lat="44.116598" lon="15.264880">
        <ele>46.971033</ele>
        <time>2026-05-29T15:57:03.000Z</time>
      </trkpt>
      <trkpt lat="44.116610" lon="15.264944">
        <ele>47.009134</ele>
        <time>2026-05-29T15:57:04.000Z</time>
      </trkpt>
      <trkpt lat="44.116627" lon="15.265023">
        <ele>47.056639</ele>
        <time>2026-05-29T15:57:05.000Z</time>
      </trkpt>
      <trkpt lat="44.116639" lon="15.265077">
        <ele>47.089200</ele>
        <time>2026-05-29T15:57:06.000Z</time>
      </trkpt>
      <trkpt lat="44.116656" lon="15.265160">
        <ele>47.138917</ele>
        <time>2026-05-29T15:57:07.000Z</time>
      </trkpt>
      <trkpt lat="44.116664" lon="15.265216">
        <ele>47.171806</ele>
        <time>2026-05-29T15:57:08.000Z</time>
      </trkpt>
      <trkpt lat="44.116679" lon="15.265288">
        <ele>47.214990</ele>
        <time>2026-05-29T15:57:09.000Z</time>
      </trkpt>
      <trkpt lat="44.116694" lon="15.265377">
        <ele>47.267648</ele>
        <time>2026-05-29T15:57:10.000Z</time>
      </trkpt>
      <trkpt lat="44.116708" lon="15.265439">
        <ele>47.305086</ele>
        <time>2026-05-29T15:57:11.000Z</time>
      </trkpt>
      <trkpt lat="44.116723" lon="15.265517">
        <ele>47.351599</ele>
        <time>2026-05-29T15:57:12.000Z</time>
      </trkpt>
      <trkpt lat="44.116743" lon="15.265613">
        <ele>47.409177</ele>
        <time>2026-05-29T15:57:13.000Z</time>
      </trkpt>
      <trkpt lat="44.116756" lon="15.265679">
        <ele>47.448599</ele>
        <time>2026-05-29T15:57:14.000Z</time>
      </trkpt>
      <trkpt lat="44.116772" lon="15.265765">
        <ele>47.499772</ele>
        <time>2026-05-29T15:57:15.000Z</time>
      </trkpt>
      <trkpt lat="44.116793" lon="15.265869">
        <ele>47.562002</ele>
        <time>2026-05-29T15:57:16.000Z</time>
      </trkpt>
      <trkpt lat="44.116805" lon="15.265940">
        <ele>47.604017</ele>
        <time>2026-05-29T15:57:17.000Z</time>
      </trkpt>
      <trkpt lat="44.116825" lon="15.266030">
        <ele>47.658285</ele>
        <time>2026-05-29T15:57:18.000Z</time>
      </trkpt>
      <trkpt lat="44.116846" lon="15.266123">
        <ele>47.714441</ele>
        <time>2026-05-29T15:57:19.000Z</time>
      </trkpt>
      <trkpt lat="44.116864" lon="15.266217">
        <ele>47.770479</ele>
        <time>2026-05-29T15:57:20.000Z</time>
      </trkpt>
      <trkpt lat="44.116887" lon="15.266316">
        <ele>47.609529</ele>
        <time>2026-05-29T15:57:21.000Z</time>
      </trkpt>
      <trkpt lat="44.116916" lon="15.266433">
        <ele>47.338436</ele>
        <time>2026-05-29T15:57:22.000Z</time>
      </trkpt>
      <trkpt lat="44.116934" lon="15.266509">
        <ele>47.163159</ele>
        <time>2026-05-29T15:57:23.000Z</time>
      </trkpt>
      <trkpt lat="44.116955" lon="15.266601">
        <ele>46.951724</ele>
        <time>2026-05-29T15:57:24.000Z</time>
      </trkpt>
      <trkpt lat="44.116976" lon="15.266708">
        <ele>46.708777</ele>
        <time>2026-05-29T15:57:25.000Z</time>
      </trkpt>
      <trkpt lat="44.116985" lon="15.266776">
        <ele>46.557336</ele>
        <time>2026-05-29T15:57:26.000Z</time>
      </trkpt>
      <trkpt lat="44.117001" lon="15.266859">
        <ele>46.369112</ele>
        <time>2026-05-29T15:57:27.000Z</time>
      </trkpt>
      <trkpt lat="44.117018" lon="15.266937">
        <ele>46.190580</ele>
        <time>2026-05-29T15:57:28.000Z</time>
      </trkpt>
      <trkpt lat="44.117037" lon="15.267022">
        <ele>45.995601</ele>
        <time>2026-05-29T15:57:29.000Z</time>
      </trkpt>
      <trkpt lat="44.117049" lon="15.267075">
        <ele>45.873886</ele>
        <time>2026-05-29T15:57:30.000Z</time>
      </trkpt>
      <trkpt lat="44.117066" lon="15.267139">
        <ele>45.724429</ele>
        <time>2026-05-29T15:57:31.000Z</time>
      </trkpt>
      <trkpt lat="44.117085" lon="15.267214">
        <ele>45.550240</ele>
        <time>2026-05-29T15:57:32.000Z</time>
      </trkpt>
      <trkpt lat="44.117098" lon="15.267264">
        <ele>45.433771</ele>
        <time>2026-05-29T15:57:33.000Z</time>
      </trkpt>
      <trkpt lat="44.117114" lon="15.267331">
        <ele>45.279125</ele>
        <time>2026-05-29T15:57:34.000Z</time>
      </trkpt>
      <trkpt lat="44.117123" lon="15.267369">
        <ele>45.191487</ele>
        <time>2026-05-29T15:57:35.000Z</time>
      </trkpt>
      <trkpt lat="44.117135" lon="15.267413">
        <ele>45.088400</ele>
        <time>2026-05-29T15:57:36.000Z</time>
      </trkpt>
      <trkpt lat="44.117148" lon="15.267456">
        <ele>44.986213</ele>
        <time>2026-05-29T15:57:37.000Z</time>
      </trkpt>
      <trkpt lat="44.117154" lon="15.267476">
        <ele>44.938739</ele>
        <time>2026-05-29T15:57:38.000Z</time>
      </trkpt>
      <trkpt lat="44.117161" lon="15.267500">
        <ele>44.882003</ele>
        <time>2026-05-29T15:57:39.000Z</time>
      </trkpt>
      <trkpt lat="44.117167" lon="15.267525">
        <ele>44.824270</ele>
        <time>2026-05-29T15:57:40.000Z</time>
      </trkpt>
      <trkpt lat="44.117170" lon="15.267540">
        <ele>44.790167</ele>
        <time>2026-05-29T15:57:41.000Z</time>
      </trkpt>
      <trkpt lat="44.117174" lon="15.267558">
        <ele>44.748898</ele>
        <time>2026-05-29T15:57:42.000Z</time>
      </trkpt>
      <trkpt lat="44.117178" lon="15.267576">
        <ele>44.707630</ele>
        <time>2026-05-29T15:57:43.000Z</time>
      </trkpt>
      <trkpt lat="44.117182" lon="15.267591">
        <ele>44.672585</ele>
        <time>2026-05-29T15:57:44.000Z</time>
      </trkpt>
      <trkpt lat="44.117186" lon="15.267609">
        <ele>44.631316</ele>
        <time>2026-05-29T15:57:45.000Z</time>
      </trkpt>
      <trkpt lat="44.117189" lon="15.267619">
        <ele>44.607579</ele>
        <time>2026-05-29T15:57:46.000Z</time>
      </trkpt>
      <trkpt lat="44.117200" lon="15.267670">
        <ele>44.490949</ele>
        <time>2026-05-29T15:58:38.000Z</time>
      </trkpt>
      <trkpt lat="44.117208" lon="15.267698">
        <ele>44.424946</ele>
        <time>2026-05-29T15:58:39.000Z</time>
      </trkpt>
      <trkpt lat="44.117218" lon="15.267743">
        <ele>44.321776</ele>
        <time>2026-05-29T15:58:40.000Z</time>
      </trkpt>
      <trkpt lat="44.117229" lon="15.267793">
        <ele>44.207241</ele>
        <time>2026-05-29T15:58:41.000Z</time>
      </trkpt>
      <trkpt lat="44.117239" lon="15.267838">
        <ele>44.104070</ele>
        <time>2026-05-29T15:58:42.000Z</time>
      </trkpt>
      <trkpt lat="44.117258" lon="15.267914">
        <ele>43.927815</ele>
        <time>2026-05-29T15:58:43.000Z</time>
      </trkpt>
      <trkpt lat="44.117272" lon="15.267972">
        <ele>43.793798</ele>
        <time>2026-05-29T15:58:44.000Z</time>
      </trkpt>
      <trkpt lat="44.117291" lon="15.268047">
        <ele>43.619609</ele>
        <time>2026-05-29T15:58:45.000Z</time>
      </trkpt>
      <trkpt lat="44.117310" lon="15.268124">
        <ele>43.441283</ele>
        <time>2026-05-29T15:58:46.000Z</time>
      </trkpt>
      <trkpt lat="44.117331" lon="15.268205">
        <ele>43.252667</ele>
        <time>2026-05-29T15:58:47.000Z</time>
      </trkpt>
      <trkpt lat="44.117354" lon="15.268288">
        <ele>43.057812</ele>
        <time>2026-05-29T15:58:48.000Z</time>
      </trkpt>
      <trkpt lat="44.117384" lon="15.268392">
        <ele>42.812337</ele>
        <time>2026-05-29T15:58:49.000Z</time>
      </trkpt>
      <trkpt lat="44.117408" lon="15.268466">
        <ele>42.634495</ele>
        <time>2026-05-29T15:58:50.000Z</time>
      </trkpt>
      <trkpt lat="44.117436" lon="15.268560">
        <ele>42.411603</ele>
        <time>2026-05-29T15:58:51.000Z</time>
      </trkpt>
      <trkpt lat="44.117471" lon="15.268676">
        <ele>42.168935</ele>
        <time>2026-05-29T15:58:52.000Z</time>
      </trkpt>
      <trkpt lat="44.117495" lon="15.268757">
        <ele>42.016193</ele>
        <time>2026-05-29T15:58:53.000Z</time>
      </trkpt>
      <trkpt lat="44.117528" lon="15.268858">
        <ele>41.822766</ele>
        <time>2026-05-29T15:58:54.000Z</time>
      </trkpt>
      <trkpt lat="44.117568" lon="15.268980">
        <ele>41.588983</ele>
        <time>2026-05-29T15:58:55.000Z</time>
      </trkpt>
      <trkpt lat="44.117605" lon="15.269082">
        <ele>41.389781</ele>
        <time>2026-05-29T15:58:56.000Z</time>
      </trkpt>
      <trkpt lat="44.117635" lon="15.269164">
        <ele>41.229359</ele>
        <time>2026-05-29T15:58:57.000Z</time>
      </trkpt>
      <trkpt lat="44.117680" lon="15.269289">
        <ele>40.985614</ele>
        <time>2026-05-29T15:58:58.000Z</time>
      </trkpt>
      <trkpt lat="44.117709" lon="15.269376">
        <ele>40.818417</ele>
        <time>2026-05-29T15:58:59.000Z</time>
      </trkpt>
      <trkpt lat="44.117746" lon="15.269485">
        <ele>40.608254</ele>
        <time>2026-05-29T15:59:00.000Z</time>
      </trkpt>
      <trkpt lat="44.117790" lon="15.269615">
        <ele>40.357733</ele>
        <time>2026-05-29T15:59:01.000Z</time>
      </trkpt>
      <trkpt lat="44.117819" lon="15.269703">
        <ele>40.188954</ele>
        <time>2026-05-29T15:59:02.000Z</time>
      </trkpt>
      <trkpt lat="44.117857" lon="15.269812">
        <ele>39.977742</ele>
        <time>2026-05-29T15:59:03.000Z</time>
      </trkpt>
      <trkpt lat="44.117902" lon="15.269944">
        <ele>39.723032</ele>
        <time>2026-05-29T15:59:04.000Z</time>
      </trkpt>
      <trkpt lat="44.117933" lon="15.270032">
        <ele>39.552170</ele>
        <time>2026-05-29T15:59:05.000Z</time>
      </trkpt>
      <trkpt lat="44.117972" lon="15.270140">
        <ele>39.341445</ele>
        <time>2026-05-29T15:59:06.000Z</time>
      </trkpt>
      <trkpt lat="44.118011" lon="15.270250">
        <ele>39.127599</ele>
        <time>2026-05-29T15:59:07.000Z</time>
      </trkpt>
      <trkpt lat="44.118049" lon="15.270358">
        <ele>38.917954</ele>
        <time>2026-05-29T15:59:08.000Z</time>
      </trkpt>
      <trkpt lat="44.118096" lon="15.270486">
        <ele>38.667352</ele>
        <time>2026-05-29T15:59:09.000Z</time>
      </trkpt>
      <trkpt lat="44.118136" lon="15.270592">
        <ele>38.458617</ele>
        <time>2026-05-29T15:59:10.000Z</time>
      </trkpt>
      <trkpt lat="44.118177" lon="15.270700">
        <ele>38.245666</ele>
        <time>2026-05-29T15:59:11.000Z</time>
      </trkpt>
      <trkpt lat="44.118212" lon="15.270783">
        <ele>38.077880</ele>
        <time>2026-05-29T15:59:12.000Z</time>
      </trkpt>
      <trkpt lat="44.118253" lon="15.270889">
        <ele>37.929426</ele>
        <time>2026-05-29T15:59:13.000Z</time>
      </trkpt>
      <trkpt lat="44.118293" lon="15.270993">
        <ele>37.926895</ele>
        <time>2026-05-29T15:59:14.000Z</time>
      </trkpt>
      <trkpt lat="44.118341" lon="15.271116">
        <ele>37.923891</ele>
        <time>2026-05-29T15:59:15.000Z</time>
      </trkpt>
      <trkpt lat="44.118373" lon="15.271194">
        <ele>37.921963</ele>
        <time>2026-05-29T15:59:16.000Z</time>
      </trkpt>
      <trkpt lat="44.118421" lon="15.271314">
        <ele>37.919016</ele>
        <time>2026-05-29T15:59:17.000Z</time>
      </trkpt>
      <trkpt lat="44.118452" lon="15.271395">
        <ele>37.917046</ele>
        <time>2026-05-29T15:59:18.000Z</time>
      </trkpt>
      <trkpt lat="44.118492" lon="15.271494">
        <ele>37.914609</ele>
        <time>2026-05-29T15:59:19.000Z</time>
      </trkpt>
      <trkpt lat="44.118533" lon="15.271591">
        <ele>37.912194</ele>
        <time>2026-05-29T15:59:20.000Z</time>
      </trkpt>
      <trkpt lat="44.118581" lon="15.271706">
        <ele>37.909339</ele>
        <time>2026-05-29T15:59:21.000Z</time>
      </trkpt>
      <trkpt lat="44.118614" lon="15.271782">
        <ele>37.907434</ele>
        <time>2026-05-29T15:59:22.000Z</time>
      </trkpt>
      <trkpt lat="44.118655" lon="15.271874">
        <ele>37.905110</ele>
        <time>2026-05-29T15:59:23.000Z</time>
      </trkpt>
      <trkpt lat="44.118701" lon="15.271981">
        <ele>37.902434</ele>
        <time>2026-05-29T15:59:24.000Z</time>
      </trkpt>
      <trkpt lat="44.118731" lon="15.272051">
        <ele>37.900685</ele>
        <time>2026-05-29T15:59:25.000Z</time>
      </trkpt>
      <trkpt lat="44.118770" lon="15.272137">
        <ele>37.898503</ele>
        <time>2026-05-29T15:59:26.000Z</time>
      </trkpt>
      <trkpt lat="44.118815" lon="15.272238">
        <ele>37.895952</ele>
        <time>2026-05-29T15:59:27.000Z</time>
      </trkpt>
      <trkpt lat="44.118846" lon="15.272303">
        <ele>37.894278</ele>
        <time>2026-05-29T15:59:28.000Z</time>
      </trkpt>
      <trkpt lat="44.118883" lon="15.272384">
        <ele>37.892218</ele>
        <time>2026-05-29T15:59:29.000Z</time>
      </trkpt>
      <trkpt lat="44.118920" lon="15.272464">
        <ele>37.890176</ele>
        <time>2026-05-29T15:59:30.000Z</time>
      </trkpt>
      <trkpt lat="44.118956" lon="15.272545">
        <ele>37.888132</ele>
        <time>2026-05-29T15:59:31.000Z</time>
      </trkpt>
      <trkpt lat="44.119000" lon="15.272642">
        <ele>37.885670</ele>
        <time>2026-05-29T15:59:32.000Z</time>
      </trkpt>
      <trkpt lat="44.119036" lon="15.272717">
        <ele>37.883734</ele>
        <time>2026-05-29T15:59:33.000Z</time>
      </trkpt>
      <trkpt lat="44.119065" lon="15.272776">
        <ele>37.882200</ele>
        <time>2026-05-29T15:59:34.000Z</time>
      </trkpt>
      <trkpt lat="44.119106" lon="15.272864">
        <ele>37.879949</ele>
        <time>2026-05-29T15:59:35.000Z</time>
      </trkpt>
      <trkpt lat="44.119139" lon="15.272936">
        <ele>37.878116</ele>
        <time>2026-05-29T15:59:36.000Z</time>
      </trkpt>
      <trkpt lat="44.119165" lon="15.272993">
        <ele>37.876667</ele>
        <time>2026-05-29T15:59:37.000Z</time>
      </trkpt>
      <trkpt lat="44.119203" lon="15.273076">
        <ele>38.089172</ele>
        <time>2026-05-29T15:59:38.000Z</time>
      </trkpt>
      <trkpt lat="44.119236" lon="15.273143">
        <ele>38.286474</ele>
        <time>2026-05-29T15:59:39.000Z</time>
      </trkpt>
      <trkpt lat="44.119261" lon="15.273194">
        <ele>38.436432</ele>
        <time>2026-05-29T15:59:40.000Z</time>
      </trkpt>
      <trkpt lat="44.119298" lon="15.273273">
        <ele>38.665478</ele>
        <time>2026-05-29T15:59:41.000Z</time>
      </trkpt>
      <trkpt lat="44.119321" lon="15.273325">
        <ele>38.813789</ele>
        <time>2026-05-29T15:59:42.000Z</time>
      </trkpt>
      <trkpt lat="44.119351" lon="15.273389">
        <ele>38.999392</ele>
        <time>2026-05-29T15:59:43.000Z</time>
      </trkpt>
      <trkpt lat="44.119385" lon="15.273465">
        <ele>39.216839</ele>
        <time>2026-05-29T15:59:44.000Z</time>
      </trkpt>
      <trkpt lat="44.119412" lon="15.273525">
        <ele>39.388791</ele>
        <time>2026-05-29T15:59:45.000Z</time>
      </trkpt>
      <trkpt lat="44.119432" lon="15.273572">
        <ele>39.521462</ele>
        <time>2026-05-29T15:59:46.000Z</time>
      </trkpt>
      <trkpt lat="44.119464" lon="15.273642">
        <ele>39.722975</ele>
        <time>2026-05-29T15:59:47.000Z</time>
      </trkpt>
      <trkpt lat="44.119492" lon="15.273697">
        <ele>39.886701</ele>
        <time>2026-05-29T15:59:48.000Z</time>
      </trkpt>
      <trkpt lat="44.119515" lon="15.273738">
        <ele>40.013050</ele>
        <time>2026-05-29T15:59:49.000Z</time>
      </trkpt>
      <trkpt lat="44.119542" lon="15.273790">
        <ele>40.168884</ele>
        <time>2026-05-29T15:59:50.000Z</time>
      </trkpt>
      <trkpt lat="44.119571" lon="15.273842">
        <ele>40.328777</ele>
        <time>2026-05-29T15:59:51.000Z</time>
      </trkpt>
      <trkpt lat="44.119598" lon="15.273894">
        <ele>40.484611</ele>
        <time>2026-05-29T15:59:52.000Z</time>
      </trkpt>
      <trkpt lat="44.119629" lon="15.273953">
        <ele>40.662150</ele>
        <time>2026-05-29T15:59:53.000Z</time>
      </trkpt>
      <trkpt lat="44.119647" lon="15.273993">
        <ele>40.776784</ele>
        <time>2026-05-29T15:59:54.000Z</time>
      </trkpt>
      <trkpt lat="44.119669" lon="15.274041">
        <ele>40.915068</ele>
        <time>2026-05-29T15:59:55.000Z</time>
      </trkpt>
      <trkpt lat="44.119698" lon="15.274100">
        <ele>41.088697</ele>
        <time>2026-05-29T15:59:56.000Z</time>
      </trkpt>
      <trkpt lat="44.119726" lon="15.274143">
        <ele>41.229665</ele>
        <time>2026-05-29T15:59:57.000Z</time>
      </trkpt>
      <trkpt lat="44.119748" lon="15.274175">
        <ele>41.337254</ele>
        <time>2026-05-29T15:59:58.000Z</time>
      </trkpt>
      <trkpt lat="44.119781" lon="15.274224">
        <ele>41.500399</ele>
        <time>2026-05-29T15:59:59.000Z</time>
      </trkpt>
      <trkpt lat="44.119803" lon="15.274256">
        <ele>41.607988</ele>
        <time>2026-05-29T16:00:00.000Z</time>
      </trkpt>
      <trkpt lat="44.119830" lon="15.274297">
        <ele>41.743088</ele>
        <time>2026-05-29T16:00:01.000Z</time>
      </trkpt>
      <trkpt lat="44.119860" lon="15.274346">
        <ele>41.899466</ele>
        <time>2026-05-29T16:00:02.000Z</time>
      </trkpt>
      <trkpt lat="44.119884" lon="15.274386">
        <ele>42.026052</ele>
        <time>2026-05-29T16:00:03.000Z</time>
      </trkpt>
      <trkpt lat="44.119902" lon="15.274421">
        <ele>42.130598</ele>
        <time>2026-05-29T16:00:04.000Z</time>
      </trkpt>
      <trkpt lat="44.119929" lon="15.274469">
        <ele>42.278671</ele>
        <time>2026-05-29T16:00:05.000Z</time>
      </trkpt>
      <trkpt lat="44.119945" lon="15.274500">
        <ele>42.371381</ele>
        <time>2026-05-29T16:00:06.000Z</time>
      </trkpt>
      <trkpt lat="44.119968" lon="15.274541">
        <ele>42.497729</ele>
        <time>2026-05-29T16:00:07.000Z</time>
      </trkpt>
      <trkpt lat="44.119995" lon="15.274591">
        <ele>42.649654</ele>
        <time>2026-05-29T16:00:08.000Z</time>
      </trkpt>
      <trkpt lat="44.120016" lon="15.274630">
        <ele>42.768034</ele>
        <time>2026-05-29T16:00:09.000Z</time>
      </trkpt>
      <trkpt lat="44.120033" lon="15.274662">
        <ele>42.864699</ele>
        <time>2026-05-29T16:00:10.000Z</time>
      </trkpt>
      <trkpt lat="44.120053" lon="15.274698">
        <ele>42.975234</ele>
        <time>2026-05-29T16:00:11.000Z</time>
      </trkpt>
      <trkpt lat="44.120075" lon="15.274734">
        <ele>43.090034</ele>
        <time>2026-05-29T16:00:12.000Z</time>
      </trkpt>
      <trkpt lat="44.120096" lon="15.274771">
        <ele>43.204565</ele>
        <time>2026-05-29T16:00:13.000Z</time>
      </trkpt>
      <trkpt lat="44.120120" lon="15.274815">
        <ele>43.338749</ele>
        <time>2026-05-29T16:00:14.000Z</time>
      </trkpt>
      <trkpt lat="44.120139" lon="15.274851">
        <ele>43.447246</ele>
        <time>2026-05-29T16:00:15.000Z</time>
      </trkpt>
      <trkpt lat="44.120156" lon="15.274877">
        <ele>43.532641</ele>
        <time>2026-05-29T16:00:16.000Z</time>
      </trkpt>
      <trkpt lat="44.120180" lon="15.274919">
        <ele>43.662991</ele>
        <time>2026-05-29T16:00:17.000Z</time>
      </trkpt>
      <trkpt lat="44.120197" lon="15.274947">
        <ele>43.752036</ele>
        <time>2026-05-29T16:00:18.000Z</time>
      </trkpt>
      <trkpt lat="44.120217" lon="15.274981">
        <ele>43.858771</ele>
        <time>2026-05-29T16:00:19.000Z</time>
      </trkpt>
      <trkpt lat="44.120240" lon="15.275023">
        <ele>44.002388</ele>
        <time>2026-05-29T16:00:20.000Z</time>
      </trkpt>
      <trkpt lat="44.120256" lon="15.275056">
        <ele>44.154549</ele>
        <time>2026-05-29T16:00:21.000Z</time>
      </trkpt>
      <trkpt lat="44.120270" lon="15.275082">
        <ele>44.278738</ele>
        <time>2026-05-29T16:00:22.000Z</time>
      </trkpt>
      <trkpt lat="44.120291" lon="15.275120">
        <ele>44.461980</ele>
        <time>2026-05-29T16:00:23.000Z</time>
      </trkpt>
      <trkpt lat="44.120306" lon="15.275147">
        <ele>44.592435</ele>
        <time>2026-05-29T16:00:24.000Z</time>
      </trkpt>
      <trkpt lat="44.120325" lon="15.275180">
        <ele>44.754075</ele>
        <time>2026-05-29T16:00:25.000Z</time>
      </trkpt>
      <trkpt lat="44.120347" lon="15.275221">
        <ele>44.949667</ele>
        <time>2026-05-29T16:00:26.000Z</time>
      </trkpt>
      <trkpt lat="44.120367" lon="15.275254">
        <ele>45.114690</ele>
        <time>2026-05-29T16:00:27.000Z</time>
      </trkpt>
      <trkpt lat="44.120382" lon="15.275280">
        <ele>45.242144</ele>
        <time>2026-05-29T16:00:28.000Z</time>
      </trkpt>
      <trkpt lat="44.120406" lon="15.275321">
        <ele>45.444289</ele>
        <time>2026-05-29T16:00:29.000Z</time>
      </trkpt>
      <trkpt lat="44.120423" lon="15.275346">
        <ele>45.575868</ele>
        <time>2026-05-29T16:00:30.000Z</time>
      </trkpt>
      <trkpt lat="44.120443" lon="15.275380">
        <ele>45.743829</ele>
        <time>2026-05-29T16:00:31.000Z</time>
      </trkpt>
      <trkpt lat="44.120462" lon="15.275414">
        <ele>45.908467</ele>
        <time>2026-05-29T16:00:32.000Z</time>
      </trkpt>
      <trkpt lat="44.120480" lon="15.275450">
        <ele>46.076103</ele>
        <time>2026-05-29T16:00:33.000Z</time>
      </trkpt>
      <trkpt lat="44.120499" lon="15.275484">
        <ele>46.240741</ele>
        <time>2026-05-29T16:00:34.000Z</time>
      </trkpt>
      <trkpt lat="44.120517" lon="15.275517">
        <ele>46.399106</ele>
        <time>2026-05-29T16:00:35.000Z</time>
      </trkpt>
      <trkpt lat="44.120536" lon="15.275548">
        <ele>46.554858</ele>
        <time>2026-05-29T16:00:36.000Z</time>
      </trkpt>
      <trkpt lat="44.120554" lon="15.275579">
        <ele>46.707208</ele>
        <time>2026-05-29T16:00:37.000Z</time>
      </trkpt>
      <trkpt lat="44.120571" lon="15.275611">
        <ele>46.859322</ele>
        <time>2026-05-29T16:00:38.000Z</time>
      </trkpt>
      <trkpt lat="44.120587" lon="15.275645">
        <ele>47.014664</ele>
        <time>2026-05-29T16:00:39.000Z</time>
      </trkpt>
      <trkpt lat="44.120605" lon="15.275678">
        <ele>47.173028</ele>
        <time>2026-05-29T16:00:40.000Z</time>
      </trkpt>
      <trkpt lat="44.120624" lon="15.275706">
        <ele>47.320250</ele>
        <time>2026-05-29T16:00:41.000Z</time>
      </trkpt>
      <trkpt lat="44.120641" lon="15.275734">
        <ele>47.460374</ele>
        <time>2026-05-29T16:00:42.000Z</time>
      </trkpt>
      <trkpt lat="44.120658" lon="15.275762">
        <ele>47.600497</ele>
        <time>2026-05-29T16:00:43.000Z</time>
      </trkpt>
      <trkpt lat="44.120676" lon="15.275791">
        <ele>47.746984</ele>
        <time>2026-05-29T16:00:44.000Z</time>
      </trkpt>
      <trkpt lat="44.120693" lon="15.275822">
        <ele>47.896043</ele>
        <time>2026-05-29T16:00:45.000Z</time>
      </trkpt>
      <trkpt lat="44.120710" lon="15.275852">
        <ele>48.042085</ele>
        <time>2026-05-29T16:00:46.000Z</time>
      </trkpt>
      <trkpt lat="44.120727" lon="15.275881">
        <ele>48.185147</ele>
        <time>2026-05-29T16:00:47.000Z</time>
      </trkpt>
      <trkpt lat="44.120745" lon="15.275909">
        <ele>48.328765</ele>
        <time>2026-05-29T16:00:48.000Z</time>
      </trkpt>
      <trkpt lat="44.120762" lon="15.275935">
        <ele>48.463144</ele>
        <time>2026-05-29T16:00:49.000Z</time>
      </trkpt>
      <trkpt lat="44.120778" lon="15.275962">
        <ele>48.596921</ele>
        <time>2026-05-29T16:00:50.000Z</time>
      </trkpt>
      <trkpt lat="44.120793" lon="15.275992">
        <ele>48.736617</ele>
        <time>2026-05-29T16:00:51.000Z</time>
      </trkpt>
      <trkpt lat="44.120812" lon="15.276022">
        <ele>48.889483</ele>
        <time>2026-05-29T16:00:52.000Z</time>
      </trkpt>
      <trkpt lat="44.120830" lon="15.276050">
        <ele>49.033101</ele>
        <time>2026-05-29T16:00:53.000Z</time>
      </trkpt>
      <trkpt lat="44.120848" lon="15.276081">
        <ele>49.185450</ele>
        <time>2026-05-29T16:00:54.000Z</time>
      </trkpt>
      <trkpt lat="44.120867" lon="15.276112">
        <ele>49.341202</ele>
        <time>2026-05-29T16:00:55.000Z</time>
      </trkpt>
      <trkpt lat="44.120885" lon="15.276143">
        <ele>49.493551</ele>
        <time>2026-05-29T16:00:56.000Z</time>
      </trkpt>
      <trkpt lat="44.120902" lon="15.276174">
        <ele>49.642611</ele>
        <time>2026-05-29T16:00:57.000Z</time>
      </trkpt>
      <trkpt lat="44.120920" lon="15.276204">
        <ele>49.792008</ele>
        <time>2026-05-29T16:00:58.000Z</time>
      </trkpt>
      <trkpt lat="44.120937" lon="15.276234">
        <ele>49.938050</ele>
        <time>2026-05-29T16:00:59.000Z</time>
      </trkpt>
      <trkpt lat="44.120955" lon="15.276263">
        <ele>50.084536</ele>
        <time>2026-05-29T16:01:00.000Z</time>
      </trkpt>
      <trkpt lat="44.120973" lon="15.276292">
        <ele>50.231022</ele>
        <time>2026-05-29T16:01:01.000Z</time>
      </trkpt>
      <trkpt lat="44.120990" lon="15.276320">
        <ele>50.371145</ele>
        <time>2026-05-29T16:01:02.000Z</time>
      </trkpt>
      <trkpt lat="44.121008" lon="15.276345">
        <ele>50.506439</ele>
        <time>2026-05-29T16:01:03.000Z</time>
      </trkpt>
      <trkpt lat="44.121024" lon="15.276371">
        <ele>50.637293</ele>
        <time>2026-05-29T16:01:04.000Z</time>
      </trkpt>
      <trkpt lat="44.121041" lon="15.276401">
        <ele>50.783334</ele>
        <time>2026-05-29T16:01:05.000Z</time>
      </trkpt>
      <trkpt lat="44.121056" lon="15.276429">
        <ele>50.916830</ele>
        <time>2026-05-29T16:01:06.000Z</time>
      </trkpt>
      <trkpt lat="44.121072" lon="15.276457">
        <ele>51.053576</ele>
        <time>2026-05-29T16:01:07.000Z</time>
      </trkpt>
      <trkpt lat="44.121089" lon="15.276484">
        <ele>51.190803</ele>
        <time>2026-05-29T16:01:08.000Z</time>
      </trkpt>
      <trkpt lat="44.121106" lon="15.276512">
        <ele>51.330926</ele>
        <time>2026-05-29T16:01:09.000Z</time>
      </trkpt>
      <trkpt lat="44.121121" lon="15.276539">
        <ele>51.461379</ele>
        <time>2026-05-29T16:01:10.000Z</time>
      </trkpt>
      <trkpt lat="44.121137" lon="15.276567">
        <ele>51.598125</ele>
        <time>2026-05-29T16:01:11.000Z</time>
      </trkpt>
      <trkpt lat="44.121155" lon="15.276593">
        <ele>51.736144</ele>
        <time>2026-05-29T16:01:12.000Z</time>
      </trkpt>
      <trkpt lat="44.121173" lon="15.276619">
        <ele>51.874162</ele>
        <time>2026-05-29T16:01:13.000Z</time>
      </trkpt>
      <trkpt lat="44.121190" lon="15.276648">
        <ele>52.017223</ele>
        <time>2026-05-29T16:01:14.000Z</time>
      </trkpt>
      <trkpt lat="44.121206" lon="15.276675">
        <ele>52.151001</ele>
        <time>2026-05-29T16:01:15.000Z</time>
      </trkpt>
      <trkpt lat="44.121224" lon="15.276705">
        <ele>52.300398</ele>
        <time>2026-05-29T16:01:16.000Z</time>
      </trkpt>
      <trkpt lat="44.121240" lon="15.276734">
        <ele>52.440153</ele>
        <time>2026-05-29T16:01:17.000Z</time>
      </trkpt>
      <trkpt lat="44.121256" lon="15.276761">
        <ele>52.573931</ele>
        <time>2026-05-29T16:01:18.000Z</time>
      </trkpt>
      <trkpt lat="44.121272" lon="15.276788">
        <ele>52.707708</ele>
        <time>2026-05-29T16:01:19.000Z</time>
      </trkpt>
      <trkpt lat="44.121287" lon="15.276815">
        <ele>52.838161</ele>
        <time>2026-05-29T16:01:20.000Z</time>
      </trkpt>
      <trkpt lat="44.121302" lon="15.276843">
        <ele>52.971657</ele>
        <time>2026-05-29T16:01:21.000Z</time>
      </trkpt>
      <trkpt lat="44.121318" lon="15.276872">
        <ele>53.111412</ele>
        <time>2026-05-29T16:01:22.000Z</time>
      </trkpt>
      <trkpt lat="44.121333" lon="15.276899">
        <ele>53.241865</ele>
        <time>2026-05-29T16:01:23.000Z</time>
      </trkpt>
      <trkpt lat="44.121352" lon="15.276924">
        <ele>53.380979</ele>
        <time>2026-05-29T16:01:24.000Z</time>
      </trkpt>
      <trkpt lat="44.121368" lon="15.276950">
        <ele>53.511832</ele>
        <time>2026-05-29T16:01:25.000Z</time>
      </trkpt>
      <trkpt lat="44.121384" lon="15.276978">
        <ele>53.643722</ele>
        <time>2026-05-29T16:01:26.000Z</time>
      </trkpt>
      <trkpt lat="44.121401" lon="15.277006">
        <ele>53.777908</ele>
        <time>2026-05-29T16:01:27.000Z</time>
      </trkpt>
      <trkpt lat="44.121418" lon="15.277034">
        <ele>53.912094</ele>
        <time>2026-05-29T16:01:28.000Z</time>
      </trkpt>
      <trkpt lat="44.121434" lon="15.277062">
        <ele>54.043046</ele>
        <time>2026-05-29T16:01:29.000Z</time>
      </trkpt>
      <trkpt lat="44.121449" lon="15.277088">
        <ele>54.165099</ele>
        <time>2026-05-29T16:01:30.000Z</time>
      </trkpt>
      <trkpt lat="44.121465" lon="15.277114">
        <ele>54.290408</ele>
        <time>2026-05-29T16:01:31.000Z</time>
      </trkpt>
      <trkpt lat="44.121481" lon="15.277141">
        <ele>54.418517</ele>
        <time>2026-05-29T16:01:32.000Z</time>
      </trkpt>
      <trkpt lat="44.121498" lon="15.277170">
        <ele>54.555517</ele>
        <time>2026-05-29T16:01:33.000Z</time>
      </trkpt>
      <trkpt lat="44.121515" lon="15.277199">
        <ele>54.692517</ele>
        <time>2026-05-29T16:01:34.000Z</time>
      </trkpt>
      <trkpt lat="44.121533" lon="15.277227">
        <ele>54.830049</ele>
        <time>2026-05-29T16:01:35.000Z</time>
      </trkpt>
      <trkpt lat="44.121550" lon="15.277255">
        <ele>54.964235</ele>
        <time>2026-05-29T16:01:36.000Z</time>
      </trkpt>
      <trkpt lat="44.121567" lon="15.277284">
        <ele>55.101235</ele>
        <time>2026-05-29T16:01:37.000Z</time>
      </trkpt>
      <trkpt lat="44.121584" lon="15.277312">
        <ele>55.235420</ele>
        <time>2026-05-29T16:01:38.000Z</time>
      </trkpt>
      <trkpt lat="44.121599" lon="15.277339">
        <ele>55.360346</ele>
        <time>2026-05-29T16:01:39.000Z</time>
      </trkpt>
      <trkpt lat="44.121617" lon="15.277366">
        <ele>55.495175</ele>
        <time>2026-05-29T16:01:40.000Z</time>
      </trkpt>
      <trkpt lat="44.121633" lon="15.277395">
        <ele>55.629008</ele>
        <time>2026-05-29T16:01:41.000Z</time>
      </trkpt>
      <trkpt lat="44.121649" lon="15.277424">
        <ele>55.762842</ele>
        <time>2026-05-29T16:01:42.000Z</time>
      </trkpt>
      <trkpt lat="44.121666" lon="15.277450">
        <ele>55.891527</ele>
        <time>2026-05-29T16:01:43.000Z</time>
      </trkpt>
      <trkpt lat="44.121683" lon="15.277480">
        <ele>56.031380</ele>
        <time>2026-05-29T16:01:44.000Z</time>
      </trkpt>
      <trkpt lat="44.121701" lon="15.277511">
        <ele>56.177273</ele>
        <time>2026-05-29T16:01:45.000Z</time>
      </trkpt>
      <trkpt lat="44.121719" lon="15.277540">
        <ele>56.317552</ele>
        <time>2026-05-29T16:01:46.000Z</time>
      </trkpt>
      <trkpt lat="44.121737" lon="15.277568">
        <ele>56.455085</ele>
        <time>2026-05-29T16:01:47.000Z</time>
      </trkpt>
      <trkpt lat="44.121755" lon="15.277598">
        <ele>56.598152</ele>
        <time>2026-05-29T16:01:48.000Z</time>
      </trkpt>
      <trkpt lat="44.121773" lon="15.277628">
        <ele>56.741219</ele>
        <time>2026-05-29T16:01:49.000Z</time>
      </trkpt>
      <trkpt lat="44.121790" lon="15.277656">
        <ele>56.875404</ele>
        <time>2026-05-29T16:01:50.000Z</time>
      </trkpt>
      <trkpt lat="44.121805" lon="15.277683">
        <ele>57.000330</ele>
        <time>2026-05-29T16:01:51.000Z</time>
      </trkpt>
      <trkpt lat="44.121823" lon="15.277712">
        <ele>57.140609</ele>
        <time>2026-05-29T16:01:52.000Z</time>
      </trkpt>
      <trkpt lat="44.121840" lon="15.277739">
        <ele>57.272021</ele>
        <time>2026-05-29T16:01:53.000Z</time>
      </trkpt>
      <trkpt lat="44.121857" lon="15.277767">
        <ele>57.406206</ele>
        <time>2026-05-29T16:01:54.000Z</time>
      </trkpt>
      <trkpt lat="44.121874" lon="15.277794">
        <ele>57.537619</ele>
        <time>2026-05-29T16:01:55.000Z</time>
      </trkpt>
      <trkpt lat="44.121890" lon="15.277824">
        <ele>57.674372</ele>
        <time>2026-05-29T16:01:56.000Z</time>
      </trkpt>
      <trkpt lat="44.121906" lon="15.277854">
        <ele>57.811125</ele>
        <time>2026-05-29T16:01:57.000Z</time>
      </trkpt>
      <trkpt lat="44.121923" lon="15.277883">
        <ele>57.948124</ele>
        <time>2026-05-29T16:01:58.000Z</time>
      </trkpt>
      <trkpt lat="44.121940" lon="15.277910">
        <ele>58.079537</ele>
        <time>2026-05-29T16:01:59.000Z</time>
      </trkpt>
      <trkpt lat="44.121958" lon="15.277938">
        <ele>58.217068</ele>
        <time>2026-05-29T16:02:00.000Z</time>
      </trkpt>
      <trkpt lat="44.121974" lon="15.277968">
        <ele>58.353821</ele>
        <time>2026-05-29T16:02:01.000Z</time>
      </trkpt>
      <trkpt lat="44.121990" lon="15.277997">
        <ele>58.487654</ele>
        <time>2026-05-29T16:02:02.000Z</time>
      </trkpt>
      <trkpt lat="44.122008" lon="15.278026">
        <ele>58.627933</ele>
        <time>2026-05-29T16:02:03.000Z</time>
      </trkpt>
      <trkpt lat="44.122027" lon="15.278055">
        <ele>58.771598</ele>
        <time>2026-05-29T16:02:04.000Z</time>
      </trkpt>
      <trkpt lat="44.122045" lon="15.278081">
        <ele>58.903768</ele>
        <time>2026-05-29T16:02:05.000Z</time>
      </trkpt>
      <trkpt lat="44.122062" lon="15.278108">
        <ele>59.035180</ele>
        <time>2026-05-29T16:02:06.000Z</time>
      </trkpt>
      <trkpt lat="44.122077" lon="15.278136">
        <ele>59.163019</ele>
        <time>2026-05-29T16:02:07.000Z</time>
      </trkpt>
      <trkpt lat="44.122092" lon="15.278162">
        <ele>59.285071</ele>
        <time>2026-05-29T16:02:08.000Z</time>
      </trkpt>
      <trkpt lat="44.122109" lon="15.278186">
        <ele>59.408443</ele>
        <time>2026-05-29T16:02:09.000Z</time>
      </trkpt>
      <trkpt lat="44.122124" lon="15.278214">
        <ele>59.536282</ele>
        <time>2026-05-29T16:02:10.000Z</time>
      </trkpt>
      <trkpt lat="44.122139" lon="15.278240">
        <ele>59.658334</ele>
        <time>2026-05-29T16:02:11.000Z</time>
      </trkpt>
      <trkpt lat="44.122155" lon="15.278269">
        <ele>59.792167</ele>
        <time>2026-05-29T16:02:12.000Z</time>
      </trkpt>
      <trkpt lat="44.122172" lon="15.278296">
        <ele>59.923579</ele>
        <time>2026-05-29T16:02:13.000Z</time>
      </trkpt>
      <trkpt lat="44.122190" lon="15.278323">
        <ele>60.058407</ele>
        <time>2026-05-29T16:02:14.000Z</time>
      </trkpt>
      <trkpt lat="44.122208" lon="15.278353">
        <ele>60.201473</ele>
        <time>2026-05-29T16:02:15.000Z</time>
      </trkpt>
      <trkpt lat="44.122225" lon="15.278379">
        <ele>60.330157</ele>
        <time>2026-05-29T16:02:16.000Z</time>
      </trkpt>
      <trkpt lat="44.122241" lon="15.278405">
        <ele>60.455466</ele>
        <time>2026-05-29T16:02:17.000Z</time>
      </trkpt>
      <trkpt lat="44.122256" lon="15.278434">
        <ele>60.586255</ele>
        <time>2026-05-29T16:02:18.000Z</time>
      </trkpt>
      <trkpt lat="44.122271" lon="15.278465">
        <ele>60.723048</ele>
        <time>2026-05-29T16:02:19.000Z</time>
      </trkpt>
      <trkpt lat="44.122288" lon="15.278495">
        <ele>60.862901</ele>
        <time>2026-05-29T16:02:20.000Z</time>
      </trkpt>
      <trkpt lat="44.122308" lon="15.278524">
        <ele>61.010049</ele>
        <time>2026-05-29T16:02:21.000Z</time>
      </trkpt>
      <trkpt lat="44.122326" lon="15.278551">
        <ele>61.144876</ele>
        <time>2026-05-29T16:02:22.000Z</time>
      </trkpt>
      <trkpt lat="44.122341" lon="15.278579">
        <ele>61.272715</ele>
        <time>2026-05-29T16:02:23.000Z</time>
      </trkpt>
      <trkpt lat="44.122356" lon="15.278605">
        <ele>61.394767</ele>
        <time>2026-05-29T16:02:24.000Z</time>
      </trkpt>
      <trkpt lat="44.122371" lon="15.278632">
        <ele>61.519692</ele>
        <time>2026-05-29T16:02:25.000Z</time>
      </trkpt>
      <trkpt lat="44.122387" lon="15.278660">
        <ele>61.650642</ele>
        <time>2026-05-29T16:02:26.000Z</time>
      </trkpt>
      <trkpt lat="44.122404" lon="15.278687">
        <ele>61.782054</ele>
        <time>2026-05-29T16:02:27.000Z</time>
      </trkpt>
      <trkpt lat="44.122420" lon="15.278714">
        <ele>61.910162</ele>
        <time>2026-05-29T16:02:28.000Z</time>
      </trkpt>
      <trkpt lat="44.122435" lon="15.278743">
        <ele>62.040951</ele>
        <time>2026-05-29T16:02:29.000Z</time>
      </trkpt>
      <trkpt lat="44.122451" lon="15.278772">
        <ele>62.174784</ele>
        <time>2026-05-29T16:02:30.000Z</time>
      </trkpt>
      <trkpt lat="44.122466" lon="15.278799">
        <ele>62.299709</ele>
        <time>2026-05-29T16:02:31.000Z</time>
      </trkpt>
      <trkpt lat="44.122480" lon="15.278826">
        <ele>62.421581</ele>
        <time>2026-05-29T16:02:32.000Z</time>
      </trkpt>
      <trkpt lat="44.122494" lon="15.278853">
        <ele>62.543453</ele>
        <time>2026-05-29T16:02:33.000Z</time>
      </trkpt>
      <trkpt lat="44.122510" lon="15.278881">
        <ele>62.674403</ele>
        <time>2026-05-29T16:02:34.000Z</time>
      </trkpt>
      <trkpt lat="44.122527" lon="15.278907">
        <ele>62.780897</ele>
        <time>2026-05-29T16:02:35.000Z</time>
      </trkpt>
      <trkpt lat="44.122544" lon="15.278935">
        <ele>62.885611</ele>
        <time>2026-05-29T16:02:36.000Z</time>
      </trkpt>
      <trkpt lat="44.122560" lon="15.278962">
        <ele>62.985584</ele>
        <time>2026-05-29T16:02:37.000Z</time>
      </trkpt>
      <trkpt lat="44.122575" lon="15.278989">
        <ele>63.083072</ele>
        <time>2026-05-29T16:02:38.000Z</time>
      </trkpt>
      <trkpt lat="44.122591" lon="15.279017">
        <ele>63.185262</ele>
        <time>2026-05-29T16:02:39.000Z</time>
      </trkpt>
      <trkpt lat="44.122607" lon="15.279045">
        <ele>63.287453</ele>
        <time>2026-05-29T16:02:40.000Z</time>
      </trkpt>
      <trkpt lat="44.122623" lon="15.279071">
        <ele>63.385240</ele>
        <time>2026-05-29T16:02:41.000Z</time>
      </trkpt>
      <trkpt lat="44.122638" lon="15.279095">
        <ele>63.476105</ele>
        <time>2026-05-29T16:02:42.000Z</time>
      </trkpt>
      <trkpt lat="44.122655" lon="15.279121">
        <ele>63.576526</ele>
        <time>2026-05-29T16:02:43.000Z</time>
      </trkpt>
      <trkpt lat="44.122672" lon="15.279148">
        <ele>63.679077</ele>
        <time>2026-05-29T16:02:44.000Z</time>
      </trkpt>
      <trkpt lat="44.122687" lon="15.279175">
        <ele>63.776565</ele>
        <time>2026-05-29T16:02:45.000Z</time>
      </trkpt>
      <trkpt lat="44.122702" lon="15.279203">
        <ele>63.876327</ele>
        <time>2026-05-29T16:02:46.000Z</time>
      </trkpt>
      <trkpt lat="44.122717" lon="15.279231">
        <ele>63.976088</ele>
        <time>2026-05-29T16:02:47.000Z</time>
      </trkpt>
      <trkpt lat="44.122733" lon="15.279259">
        <ele>64.078278</ele>
        <time>2026-05-29T16:02:48.000Z</time>
      </trkpt>
      <trkpt lat="44.122750" lon="15.279286">
        <ele>64.180829</ele>
        <time>2026-05-29T16:02:49.000Z</time>
      </trkpt>
      <trkpt lat="44.122765" lon="15.279315">
        <ele>64.282893</ele>
        <time>2026-05-29T16:02:50.000Z</time>
      </trkpt>
      <trkpt lat="44.122783" lon="15.279343">
        <ele>64.390219</ele>
        <time>2026-05-29T16:02:51.000Z</time>
      </trkpt>
      <trkpt lat="44.122799" lon="15.279372">
        <ele>64.494658</ele>
        <time>2026-05-29T16:02:52.000Z</time>
      </trkpt>
      <trkpt lat="44.122815" lon="15.279401">
        <ele>64.599097</ele>
        <time>2026-05-29T16:02:53.000Z</time>
      </trkpt>
      <trkpt lat="44.122832" lon="15.279430">
        <ele>64.706007</ele>
        <time>2026-05-29T16:02:54.000Z</time>
      </trkpt>
      <trkpt lat="44.122850" lon="15.279458">
        <ele>64.813333</ele>
        <time>2026-05-29T16:02:55.000Z</time>
      </trkpt>
      <trkpt lat="44.122868" lon="15.279486">
        <ele>64.920658</ele>
        <time>2026-05-29T16:02:56.000Z</time>
      </trkpt>
      <trkpt lat="44.122887" lon="15.279514">
        <ele>65.030677</ele>
        <time>2026-05-29T16:02:57.000Z</time>
      </trkpt>
      <trkpt lat="44.122905" lon="15.279544">
        <ele>65.142322</ele>
        <time>2026-05-29T16:02:58.000Z</time>
      </trkpt>
      <trkpt lat="44.122922" lon="15.279572">
        <ele>65.247036</ele>
        <time>2026-05-29T16:02:59.000Z</time>
      </trkpt>
      <trkpt lat="44.122936" lon="15.279602">
        <ele>65.349209</ele>
        <time>2026-05-29T16:03:00.000Z</time>
      </trkpt>
      <trkpt lat="44.122953" lon="15.279634">
        <ele>65.462883</ele>
        <time>2026-05-29T16:03:01.000Z</time>
      </trkpt>
      <trkpt lat="44.122967" lon="15.279668">
        <ele>65.574805</ele>
        <time>2026-05-29T16:03:02.000Z</time>
      </trkpt>
      <trkpt lat="44.122982" lon="15.279701">
        <ele>65.686335</ele>
        <time>2026-05-29T16:03:03.000Z</time>
      </trkpt>
      <trkpt lat="44.122998" lon="15.279733">
        <ele>65.797689</ele>
        <time>2026-05-29T16:03:04.000Z</time>
      </trkpt>
      <trkpt lat="44.123014" lon="15.279766">
        <ele>65.911397</ele>
        <time>2026-05-29T16:03:05.000Z</time>
      </trkpt>
      <trkpt lat="44.123031" lon="15.279799">
        <ele>66.027379</ele>
        <time>2026-05-29T16:03:06.000Z</time>
      </trkpt>
      <trkpt lat="44.123048" lon="15.279832">
        <ele>66.143360</ele>
        <time>2026-05-29T16:03:07.000Z</time>
      </trkpt>
      <trkpt lat="44.123066" lon="15.279866">
        <ele>66.263991</ele>
        <time>2026-05-29T16:03:08.000Z</time>
      </trkpt>
      <trkpt lat="44.123084" lon="15.279902">
        <ele>66.389264</ele>
        <time>2026-05-29T16:03:09.000Z</time>
      </trkpt>
      <trkpt lat="44.123102" lon="15.279939">
        <ele>66.516890</ele>
        <time>2026-05-29T16:03:10.000Z</time>
      </trkpt>
      <trkpt lat="44.123121" lon="15.279978">
        <ele>66.651475</ele>
        <time>2026-05-29T16:03:11.000Z</time>
      </trkpt>
      <trkpt lat="44.123139" lon="15.280017">
        <ele>66.783867</ele>
        <time>2026-05-29T16:03:12.000Z</time>
      </trkpt>
      <trkpt lat="44.123157" lon="15.280055">
        <ele>66.913867</ele>
        <time>2026-05-29T16:03:13.000Z</time>
      </trkpt>
      <trkpt lat="44.123175" lon="15.280093">
        <ele>67.043866</ele>
        <time>2026-05-29T16:03:14.000Z</time>
      </trkpt>
      <trkpt lat="44.123195" lon="15.280128">
        <ele>67.171604</ele>
        <time>2026-05-29T16:03:15.000Z</time>
      </trkpt>
      <trkpt lat="44.123213" lon="15.280162">
        <ele>67.292234</ele>
        <time>2026-05-29T16:03:16.000Z</time>
      </trkpt>
      <trkpt lat="44.123231" lon="15.280196">
        <ele>67.412865</ele>
        <time>2026-05-29T16:03:17.000Z</time>
      </trkpt>
      <trkpt lat="44.123252" lon="15.280231">
        <ele>67.543117</ele>
        <time>2026-05-29T16:03:18.000Z</time>
      </trkpt>
      <trkpt lat="44.123271" lon="15.280268">
        <ele>67.673016</ele>
        <time>2026-05-29T16:03:19.000Z</time>
      </trkpt>
      <trkpt lat="44.123287" lon="15.280305">
        <ele>67.796354</ele>
        <time>2026-05-29T16:03:20.000Z</time>
      </trkpt>
      <trkpt lat="44.123306" lon="15.280346">
        <ele>67.935702</ele>
        <time>2026-05-29T16:03:21.000Z</time>
      </trkpt>
      <trkpt lat="44.123323" lon="15.280386">
        <ele>68.068434</ele>
        <time>2026-05-29T16:03:22.000Z</time>
      </trkpt>
      <trkpt lat="44.123340" lon="15.280425">
        <ele>68.198718</ele>
        <time>2026-05-29T16:03:23.000Z</time>
      </trkpt>
      <trkpt lat="44.123356" lon="15.280461">
        <ele>68.319620</ele>
        <time>2026-05-29T16:03:24.000Z</time>
      </trkpt>
      <trkpt lat="44.123370" lon="15.280498">
        <ele>68.439048</ele>
        <time>2026-05-29T16:03:25.000Z</time>
      </trkpt>
      <trkpt lat="44.123386" lon="15.280534">
        <ele>68.559949</ele>
        <time>2026-05-29T16:03:26.000Z</time>
      </trkpt>
      <trkpt lat="44.123398" lon="15.280569">
        <ele>68.670702</ele>
        <time>2026-05-29T16:03:27.000Z</time>
      </trkpt>
      <trkpt lat="44.123405" lon="15.280600">
        <ele>68.763495</ele>
        <time>2026-05-29T16:03:28.000Z</time>
      </trkpt>
      <trkpt lat="44.123406" lon="15.280620">
        <ele>68.820742</ele>
        <time>2026-05-29T16:03:29.000Z</time>
      </trkpt>
      <trkpt lat="44.123409" lon="15.280628">
        <ele>68.846514</ele>
        <time>2026-05-29T16:03:30.000Z</time>
      </trkpt>
      <trkpt lat="44.123491" lon="15.280646">
        <ele>69.176714</ele>
        <time>2026-05-29T16:04:33.000Z</time>
      </trkpt>
      <trkpt lat="44.123506" lon="15.280676">
        <ele>69.281107</ele>
        <time>2026-05-29T16:04:34.000Z</time>
      </trkpt>
      <trkpt lat="44.123521" lon="15.280712">
        <ele>69.399963</ele>
        <time>2026-05-29T16:04:35.000Z</time>
      </trkpt>
      <trkpt lat="44.123537" lon="15.280752">
        <ele>69.530713</ele>
        <time>2026-05-29T16:04:36.000Z</time>
      </trkpt>
      <trkpt lat="44.123556" lon="15.280789">
        <ele>69.660612</ele>
        <time>2026-05-29T16:04:37.000Z</time>
      </trkpt>
      <trkpt lat="44.123576" lon="15.280823">
        <ele>69.786128</ele>
        <time>2026-05-29T16:04:38.000Z</time>
      </trkpt>
      <trkpt lat="44.123596" lon="15.280862">
        <ele>69.848678</ele>
        <time>2026-05-29T16:04:39.000Z</time>
      </trkpt>
      <trkpt lat="44.123620" lon="15.280900">
        <ele>69.831431</ele>
        <time>2026-05-29T16:04:40.000Z</time>
      </trkpt>
      <trkpt lat="44.123642" lon="15.280938">
        <ele>69.814795</ele>
        <time>2026-05-29T16:04:41.000Z</time>
      </trkpt>
      <trkpt lat="44.123666" lon="15.280977">
        <ele>69.797291</ele>
        <time>2026-05-29T16:04:42.000Z</time>
      </trkpt>
      <trkpt lat="44.123692" lon="15.281015">
        <ele>69.779402</ele>
        <time>2026-05-29T16:04:43.000Z</time>
      </trkpt>
      <trkpt lat="44.123718" lon="15.281058">
        <ele>69.760245</ele>
        <time>2026-05-29T16:04:44.000Z</time>
      </trkpt>
      <trkpt lat="44.123743" lon="15.281105">
        <ele>69.740311</ele>
        <time>2026-05-29T16:04:45.000Z</time>
      </trkpt>
      <trkpt lat="44.123771" lon="15.281154">
        <ele>69.718970</ele>
        <time>2026-05-29T16:04:46.000Z</time>
      </trkpt>
      <trkpt lat="44.123799" lon="15.281205">
        <ele>69.697091</ele>
        <time>2026-05-29T16:04:47.000Z</time>
      </trkpt>
      <trkpt lat="44.123829" lon="15.281258">
        <ele>69.674092</ele>
        <time>2026-05-29T16:04:48.000Z</time>
      </trkpt>
      <trkpt lat="44.123858" lon="15.281312">
        <ele>69.651112</ele>
        <time>2026-05-29T16:04:49.000Z</time>
      </trkpt>
      <trkpt lat="44.123890" lon="15.281368">
        <ele>69.626722</ele>
        <time>2026-05-29T16:04:50.000Z</time>
      </trkpt>
      <trkpt lat="44.123924" lon="15.281428">
        <ele>69.600674</ele>
        <time>2026-05-29T16:04:51.000Z</time>
      </trkpt>
      <trkpt lat="44.123958" lon="15.281487">
        <ele>69.574893</ele>
        <time>2026-05-29T16:04:52.000Z</time>
      </trkpt>
      <trkpt lat="44.123995" lon="15.281550">
        <ele>69.547156</ele>
        <time>2026-05-29T16:04:53.000Z</time>
      </trkpt>
      <trkpt lat="44.124033" lon="15.281613">
        <ele>69.519116</ele>
        <time>2026-05-29T16:04:54.000Z</time>
      </trkpt>
      <trkpt lat="44.124074" lon="15.281678">
        <ele>69.489631</ele>
        <time>2026-05-29T16:04:55.000Z</time>
      </trkpt>
      <trkpt lat="44.124114" lon="15.281747">
        <ele>69.459409</ele>
        <time>2026-05-29T16:04:56.000Z</time>
      </trkpt>
      <trkpt lat="44.124156" lon="15.281817">
        <ele>69.428321</ele>
        <time>2026-05-29T16:04:57.000Z</time>
      </trkpt>
      <trkpt lat="44.124201" lon="15.281888">
        <ele>69.396047</ele>
        <time>2026-05-29T16:04:58.000Z</time>
      </trkpt>
      <trkpt lat="44.124247" lon="15.281960">
        <ele>69.363203</ele>
        <time>2026-05-29T16:04:59.000Z</time>
      </trkpt>
      <trkpt lat="44.124293" lon="15.282033">
        <ele>69.330104</ele>
        <time>2026-05-29T16:05:00.000Z</time>
      </trkpt>
      <trkpt lat="44.124340" lon="15.282110">
        <ele>69.295662</ele>
        <time>2026-05-29T16:05:01.000Z</time>
      </trkpt>
      <trkpt lat="44.124388" lon="15.282189">
        <ele>69.260395</ele>
        <time>2026-05-29T16:05:02.000Z</time>
      </trkpt>
      <trkpt lat="44.124438" lon="15.282271">
        <ele>69.223733</ele>
        <time>2026-05-29T16:05:03.000Z</time>
      </trkpt>
      <trkpt lat="44.124488" lon="15.282351">
        <ele>69.187588</ele>
        <time>2026-05-29T16:05:04.000Z</time>
      </trkpt>
      <trkpt lat="44.124540" lon="15.282433">
        <ele>69.150305</ele>
        <time>2026-05-29T16:05:05.000Z</time>
      </trkpt>
      <trkpt lat="44.124590" lon="15.282518">
        <ele>69.112858</ele>
        <time>2026-05-29T16:05:06.000Z</time>
      </trkpt>
      <trkpt lat="44.124642" lon="15.282605">
        <ele>69.074282</ele>
        <time>2026-05-29T16:05:07.000Z</time>
      </trkpt>
      <trkpt lat="44.124694" lon="15.282693">
        <ele>69.035443</ele>
        <time>2026-05-29T16:05:08.000Z</time>
      </trkpt>
      <trkpt lat="44.124746" lon="15.282784">
        <ele>68.976179</ele>
        <time>2026-05-29T16:05:09.000Z</time>
      </trkpt>
      <trkpt lat="44.124798" lon="15.282875">
        <ele>68.825114</ele>
        <time>2026-05-29T16:05:10.000Z</time>
      </trkpt>
      <trkpt lat="44.124848" lon="15.282969">
        <ele>68.673164</ele>
        <time>2026-05-29T16:05:11.000Z</time>
      </trkpt>
      <trkpt lat="44.124897" lon="15.283066">
        <ele>68.519113</ele>
        <time>2026-05-29T16:05:12.000Z</time>
      </trkpt>
      <trkpt lat="44.124948" lon="15.283165">
        <ele>68.360850</ele>
        <time>2026-05-29T16:05:13.000Z</time>
      </trkpt>
      <trkpt lat="44.124998" lon="15.283263">
        <ele>68.204695</ele>
        <time>2026-05-29T16:05:14.000Z</time>
      </trkpt>
      <trkpt lat="44.125046" lon="15.283361">
        <ele>68.050608</ele>
        <time>2026-05-29T16:05:15.000Z</time>
      </trkpt>
      <trkpt lat="44.125097" lon="15.283458">
        <ele>67.894447</ele>
        <time>2026-05-29T16:05:16.000Z</time>
      </trkpt>
      <trkpt lat="44.125148" lon="15.283556">
        <ele>67.737237</ele>
        <time>2026-05-29T16:05:17.000Z</time>
      </trkpt>
      <trkpt lat="44.125200" lon="15.283657">
        <ele>67.575809</ele>
        <time>2026-05-29T16:05:18.000Z</time>
      </trkpt>
      <trkpt lat="44.125252" lon="15.283758">
        <ele>67.414380</ele>
        <time>2026-05-29T16:05:19.000Z</time>
      </trkpt>
      <trkpt lat="44.125305" lon="15.283862">
        <ele>67.248729</ele>
        <time>2026-05-29T16:05:20.000Z</time>
      </trkpt>
      <trkpt lat="44.125358" lon="15.283965">
        <ele>67.084136</ele>
        <time>2026-05-29T16:05:21.000Z</time>
      </trkpt>
      <trkpt lat="44.125410" lon="15.284068">
        <ele>66.920590</ele>
        <time>2026-05-29T16:05:22.000Z</time>
      </trkpt>
      <trkpt lat="44.125463" lon="15.284170">
        <ele>66.757050</ele>
        <time>2026-05-29T16:05:23.000Z</time>
      </trkpt>
      <trkpt lat="44.125517" lon="15.284272">
        <ele>66.592444</ele>
        <time>2026-05-29T16:05:24.000Z</time>
      </trkpt>
      <trkpt lat="44.125572" lon="15.284375">
        <ele>66.425716</ele>
        <time>2026-05-29T16:05:25.000Z</time>
      </trkpt>
      <trkpt lat="44.125625" lon="15.284477">
        <ele>66.262177</ele>
        <time>2026-05-29T16:05:26.000Z</time>
      </trkpt>
      <trkpt lat="44.125675" lon="15.284577">
        <ele>66.103899</ele>
        <time>2026-05-29T16:05:27.000Z</time>
      </trkpt>
      <trkpt lat="44.125727" lon="15.284676">
        <ele>65.944575</ele>
        <time>2026-05-29T16:05:28.000Z</time>
      </trkpt>
      <trkpt lat="44.125780" lon="15.284778">
        <ele>65.781036</ele>
        <time>2026-05-29T16:05:29.000Z</time>
      </trkpt>
      <trkpt lat="44.125833" lon="15.284881">
        <ele>65.633223</ele>
        <time>2026-05-29T16:05:30.000Z</time>
      </trkpt>
      <trkpt lat="44.125887" lon="15.284983">
        <ele>65.489539</ele>
        <time>2026-05-29T16:05:31.000Z</time>
      </trkpt>
      <trkpt lat="44.125941" lon="15.285085">
        <ele>65.345855</ele>
        <time>2026-05-29T16:05:32.000Z</time>
      </trkpt>
      <trkpt lat="44.125992" lon="15.285186">
        <ele>65.205861</ele>
        <time>2026-05-29T16:05:33.000Z</time>
      </trkpt>
      <trkpt lat="44.126043" lon="15.285285">
        <ele>65.067715</ele>
        <time>2026-05-29T16:05:34.000Z</time>
      </trkpt>
      <trkpt lat="44.126095" lon="15.285383">
        <ele>64.929556</ele>
        <time>2026-05-29T16:05:35.000Z</time>
      </trkpt>
      <trkpt lat="44.126145" lon="15.285481">
        <ele>64.793251</ele>
        <time>2026-05-29T16:05:36.000Z</time>
      </trkpt>
      <trkpt lat="44.126195" lon="15.285580">
        <ele>64.656020</ele>
        <time>2026-05-29T16:05:37.000Z</time>
      </trkpt>
      <trkpt lat="44.126246" lon="15.285676">
        <ele>64.520623</ele>
        <time>2026-05-29T16:05:38.000Z</time>
      </trkpt>
      <trkpt lat="44.126297" lon="15.285772">
        <ele>64.385226</ele>
        <time>2026-05-29T16:05:39.000Z</time>
      </trkpt>
      <trkpt lat="44.126346" lon="15.285867">
        <ele>64.252607</ele>
        <time>2026-05-29T16:05:40.000Z</time>
      </trkpt>
      <trkpt lat="44.126393" lon="15.285961">
        <ele>64.122737</ele>
        <time>2026-05-29T16:05:41.000Z</time>
      </trkpt>
      <trkpt lat="44.126441" lon="15.286053">
        <ele>63.993800</ele>
        <time>2026-05-29T16:05:42.000Z</time>
      </trkpt>
      <trkpt lat="44.126488" lon="15.286144">
        <ele>63.866706</ele>
        <time>2026-05-29T16:05:43.000Z</time>
      </trkpt>
      <trkpt lat="44.126534" lon="15.286236">
        <ele>63.739600</ele>
        <time>2026-05-29T16:05:44.000Z</time>
      </trkpt>
      <trkpt lat="44.126581" lon="15.286328">
        <ele>63.611585</ele>
        <time>2026-05-29T16:05:45.000Z</time>
      </trkpt>
      <trkpt lat="44.126629" lon="15.286418">
        <ele>63.484474</ele>
        <time>2026-05-29T16:05:46.000Z</time>
      </trkpt>
      <trkpt lat="44.126677" lon="15.286509">
        <ele>63.356452</ele>
        <time>2026-05-29T16:05:47.000Z</time>
      </trkpt>
      <trkpt lat="44.126725" lon="15.286598">
        <ele>63.230250</ele>
        <time>2026-05-29T16:05:48.000Z</time>
      </trkpt>
      <trkpt lat="44.126772" lon="15.286689">
        <ele>63.103157</ele>
        <time>2026-05-29T16:05:49.000Z</time>
      </trkpt>
      <trkpt lat="44.126819" lon="15.286777">
        <ele>62.978808</ele>
        <time>2026-05-29T16:05:50.000Z</time>
      </trkpt>
      <trkpt lat="44.126865" lon="15.286868">
        <ele>62.883517</ele>
        <time>2026-05-29T16:05:51.000Z</time>
      </trkpt>
      <trkpt lat="44.126911" lon="15.286957">
        <ele>62.828840</ele>
        <time>2026-05-29T16:05:52.000Z</time>
      </trkpt>
      <trkpt lat="44.126957" lon="15.287044">
        <ele>62.774969</ele>
        <time>2026-05-29T16:05:53.000Z</time>
      </trkpt>
      <trkpt lat="44.127003" lon="15.287132">
        <ele>62.720695</ele>
        <time>2026-05-29T16:05:54.000Z</time>
      </trkpt>
      <trkpt lat="44.127049" lon="15.287221">
        <ele>62.666018</ele>
        <time>2026-05-29T16:05:55.000Z</time>
      </trkpt>
      <trkpt lat="44.127097" lon="15.287309">
        <ele>62.610915</ele>
        <time>2026-05-29T16:05:56.000Z</time>
      </trkpt>
      <trkpt lat="44.127143" lon="15.287397">
        <ele>62.556641</ele>
        <time>2026-05-29T16:05:57.000Z</time>
      </trkpt>
      <trkpt lat="44.127191" lon="15.287486">
        <ele>62.501141</ele>
        <time>2026-05-29T16:05:58.000Z</time>
      </trkpt>
      <trkpt lat="44.127237" lon="15.287577">
        <ele>62.445651</ele>
        <time>2026-05-29T16:05:59.000Z</time>
      </trkpt>
      <trkpt lat="44.127284" lon="15.287668">
        <ele>62.389759</ele>
        <time>2026-05-29T16:06:00.000Z</time>
      </trkpt>
      <trkpt lat="44.127330" lon="15.287756">
        <ele>62.335486</ele>
        <time>2026-05-29T16:06:01.000Z</time>
      </trkpt>
      <trkpt lat="44.127374" lon="15.287844">
        <ele>62.282018</ele>
        <time>2026-05-29T16:06:02.000Z</time>
      </trkpt>
      <trkpt lat="44.127418" lon="15.287930">
        <ele>62.229366</ele>
        <time>2026-05-29T16:06:03.000Z</time>
      </trkpt>
      <trkpt lat="44.127464" lon="15.288016">
        <ele>62.175896</ele>
        <time>2026-05-29T16:06:04.000Z</time>
      </trkpt>
      <trkpt lat="44.127511" lon="15.288102">
        <ele>62.122007</ele>
        <time>2026-05-29T16:06:05.000Z</time>
      </trkpt>
      <trkpt lat="44.127555" lon="15.288186">
        <ele>62.070164</ele>
        <time>2026-05-29T16:06:06.000Z</time>
      </trkpt>
      <trkpt lat="44.127599" lon="15.288270">
        <ele>62.018320</ele>
        <time>2026-05-29T16:06:07.000Z</time>
      </trkpt>
      <trkpt lat="44.127642" lon="15.288353">
        <ele>61.967288</ele>
        <time>2026-05-29T16:06:08.000Z</time>
      </trkpt>
      <trkpt lat="44.127685" lon="15.288437">
        <ele>61.915851</ele>
        <time>2026-05-29T16:06:09.000Z</time>
      </trkpt>
      <trkpt lat="44.127728" lon="15.288520">
        <ele>61.864819</ele>
        <time>2026-05-29T16:06:10.000Z</time>
      </trkpt>
      <trkpt lat="44.127769" lon="15.288603">
        <ele>61.814588</ele>
        <time>2026-05-29T16:06:11.000Z</time>
      </trkpt>
      <trkpt lat="44.127810" lon="15.288685">
        <ele>61.764766</ele>
        <time>2026-05-29T16:06:12.000Z</time>
      </trkpt>
      <trkpt lat="44.127852" lon="15.288765">
        <ele>61.715352</ele>
        <time>2026-05-29T16:06:13.000Z</time>
      </trkpt>
      <trkpt lat="44.127895" lon="15.288844">
        <ele>61.665924</ele>
        <time>2026-05-29T16:06:14.000Z</time>
      </trkpt>
      <trkpt lat="44.127937" lon="15.288924">
        <ele>61.600814</ele>
        <time>2026-05-29T16:06:15.000Z</time>
      </trkpt>
      <trkpt lat="44.127980" lon="15.289004">
        <ele>61.532359</ele>
        <time>2026-05-29T16:06:16.000Z</time>
      </trkpt>
      <trkpt lat="44.128021" lon="15.289084">
        <ele>61.465031</ele>
        <time>2026-05-29T16:06:17.000Z</time>
      </trkpt>
      <trkpt lat="44.128060" lon="15.289164">
        <ele>61.398793</ele>
        <time>2026-05-29T16:06:18.000Z</time>
      </trkpt>
      <trkpt lat="44.128102" lon="15.289242">
        <ele>61.332007</ele>
        <time>2026-05-29T16:06:19.000Z</time>
      </trkpt>
      <trkpt lat="44.128143" lon="15.289323">
        <ele>61.264120</ele>
        <time>2026-05-29T16:06:20.000Z</time>
      </trkpt>
      <trkpt lat="44.128185" lon="15.289403">
        <ele>61.196233</ele>
        <time>2026-05-29T16:06:21.000Z</time>
      </trkpt>
      <trkpt lat="44.128227" lon="15.289482">
        <ele>61.128897</ele>
        <time>2026-05-29T16:06:22.000Z</time>
      </trkpt>
      <trkpt lat="44.128268" lon="15.289561">
        <ele>61.062125</ele>
        <time>2026-05-29T16:06:23.000Z</time>
      </trkpt>
      <trkpt lat="44.128308" lon="15.289640">
        <ele>60.995908</ele>
        <time>2026-05-29T16:06:24.000Z</time>
      </trkpt>
      <trkpt lat="44.128349" lon="15.289719">
        <ele>60.929136</ele>
        <time>2026-05-29T16:06:25.000Z</time>
      </trkpt>
      <trkpt lat="44.128391" lon="15.289797">
        <ele>60.862350</ele>
        <time>2026-05-29T16:06:26.000Z</time>
      </trkpt>
      <trkpt lat="44.128431" lon="15.289875">
        <ele>60.796691</ele>
        <time>2026-05-29T16:06:27.000Z</time>
      </trkpt>
      <trkpt lat="44.128471" lon="15.289952">
        <ele>60.731589</ele>
        <time>2026-05-29T16:06:28.000Z</time>
      </trkpt>
      <trkpt lat="44.128510" lon="15.290032">
        <ele>60.665351</ele>
        <time>2026-05-29T16:06:29.000Z</time>
      </trkpt>
      <trkpt lat="44.128549" lon="15.290111">
        <ele>60.599680</ele>
        <time>2026-05-29T16:06:30.000Z</time>
      </trkpt>
      <trkpt lat="44.128589" lon="15.290188">
        <ele>60.534577</ele>
        <time>2026-05-29T16:06:31.000Z</time>
      </trkpt>
      <trkpt lat="44.128630" lon="15.290267">
        <ele>60.467806</ele>
        <time>2026-05-29T16:06:32.000Z</time>
      </trkpt>
      <trkpt lat="44.128670" lon="15.290344">
        <ele>60.402703</ele>
        <time>2026-05-29T16:06:33.000Z</time>
      </trkpt>
      <trkpt lat="44.128710" lon="15.290420">
        <ele>60.338154</ele>
        <time>2026-05-29T16:06:34.000Z</time>
      </trkpt>
      <trkpt lat="44.128751" lon="15.290497">
        <ele>60.272488</ele>
        <time>2026-05-29T16:06:35.000Z</time>
      </trkpt>
      <trkpt lat="44.128791" lon="15.290574">
        <ele>60.207386</ele>
        <time>2026-05-29T16:06:36.000Z</time>
      </trkpt>
      <trkpt lat="44.128831" lon="15.290651">
        <ele>60.142283</ele>
        <time>2026-05-29T16:06:37.000Z</time>
      </trkpt>
      <trkpt lat="44.128870" lon="15.290729">
        <ele>60.077175</ele>
        <time>2026-05-29T16:06:38.000Z</time>
      </trkpt>
      <trkpt lat="44.128907" lon="15.290809">
        <ele>60.011991</ele>
        <time>2026-05-29T16:06:39.000Z</time>
      </trkpt>
      <trkpt lat="44.128949" lon="15.290888">
        <ele>59.944656</ele>
        <time>2026-05-29T16:06:40.000Z</time>
      </trkpt>
      <trkpt lat="44.128991" lon="15.290966">
        <ele>59.892478</ele>
        <time>2026-05-29T16:06:41.000Z</time>
      </trkpt>
      <trkpt lat="44.129031" lon="15.291045">
        <ele>59.841303</ele>
        <time>2026-05-29T16:06:42.000Z</time>
      </trkpt>
      <trkpt lat="44.129072" lon="15.291124">
        <ele>59.789699</ele>
        <time>2026-05-29T16:06:43.000Z</time>
      </trkpt>
      <trkpt lat="44.129112" lon="15.291203">
        <ele>59.738525</ele>
        <time>2026-05-29T16:06:44.000Z</time>
      </trkpt>
      <trkpt lat="44.129150" lon="15.291280">
        <ele>59.689061</ele>
        <time>2026-05-29T16:06:45.000Z</time>
      </trkpt>
      <trkpt lat="44.129190" lon="15.291356">
        <ele>59.639176</ele>
        <time>2026-05-29T16:06:46.000Z</time>
      </trkpt>
      <trkpt lat="44.129233" lon="15.291435">
        <ele>59.586695</ele>
        <time>2026-05-29T16:06:47.000Z</time>
      </trkpt>
      <trkpt lat="44.129274" lon="15.291514">
        <ele>59.535091</ele>
        <time>2026-05-29T16:06:48.000Z</time>
      </trkpt>
      <trkpt lat="44.129314" lon="15.291593">
        <ele>59.483917</ele>
        <time>2026-05-29T16:06:49.000Z</time>
      </trkpt>
      <trkpt lat="44.129355" lon="15.291671">
        <ele>59.432742</ele>
        <time>2026-05-29T16:06:50.000Z</time>
      </trkpt>
      <trkpt lat="44.129397" lon="15.291751">
        <ele>59.380276</ele>
        <time>2026-05-29T16:06:51.000Z</time>
      </trkpt>
      <trkpt lat="44.129439" lon="15.291832">
        <ele>59.327383</ele>
        <time>2026-05-29T16:06:52.000Z</time>
      </trkpt>
      <trkpt lat="44.129479" lon="15.291913">
        <ele>59.275340</ele>
        <time>2026-05-29T16:06:53.000Z</time>
      </trkpt>
      <trkpt lat="44.129521" lon="15.291992">
        <ele>59.223301</ele>
        <time>2026-05-29T16:06:54.000Z</time>
      </trkpt>
      <trkpt lat="44.129563" lon="15.292072">
        <ele>59.170836</ele>
        <time>2026-05-29T16:06:55.000Z</time>
      </trkpt>
      <trkpt lat="44.129604" lon="15.292150">
        <ele>59.119661</ele>
        <time>2026-05-29T16:06:56.000Z</time>
      </trkpt>
      <trkpt lat="44.129645" lon="15.292230">
        <ele>59.067628</ele>
        <time>2026-05-29T16:06:57.000Z</time>
      </trkpt>
      <trkpt lat="44.129687" lon="15.292310">
        <ele>59.015163</ele>
        <time>2026-05-29T16:06:58.000Z</time>
      </trkpt>
      <trkpt lat="44.129730" lon="15.292393">
        <ele>58.960980</ele>
        <time>2026-05-29T16:06:59.000Z</time>
      </trkpt>
      <trkpt lat="44.129771" lon="15.292473">
        <ele>58.908947</ele>
        <time>2026-05-29T16:07:00.000Z</time>
      </trkpt>
      <trkpt lat="44.129814" lon="15.292554">
        <ele>58.855619</ele>
        <time>2026-05-29T16:07:01.000Z</time>
      </trkpt>
      <trkpt lat="44.129857" lon="15.292634">
        <ele>58.802716</ele>
        <time>2026-05-29T16:07:02.000Z</time>
      </trkpt>
      <trkpt lat="44.129900" lon="15.292715">
        <ele>58.749387</ele>
        <time>2026-05-29T16:07:03.000Z</time>
      </trkpt>
      <trkpt lat="44.129944" lon="15.292795">
        <ele>58.696039</ele>
        <time>2026-05-29T16:07:04.000Z</time>
      </trkpt>
      <trkpt lat="44.129988" lon="15.292875">
        <ele>58.642690</ele>
        <time>2026-05-29T16:07:05.000Z</time>
      </trkpt>
      <trkpt lat="44.130031" lon="15.292957">
        <ele>58.600302</ele>
        <time>2026-05-29T16:07:06.000Z</time>
      </trkpt>
      <trkpt lat="44.130072" lon="15.293037">
        <ele>58.570339</ele>
        <time>2026-05-29T16:07:07.000Z</time>
      </trkpt>
      <trkpt lat="44.130112" lon="15.293116">
        <ele>58.540870</ele>
        <time>2026-05-29T16:07:08.000Z</time>
      </trkpt>
      <trkpt lat="44.130153" lon="15.293194">
        <ele>58.511401</ele>
        <time>2026-05-29T16:07:09.000Z</time>
      </trkpt>
      <trkpt lat="44.130194" lon="15.293274">
        <ele>58.481438</ele>
        <time>2026-05-29T16:07:10.000Z</time>
      </trkpt>
      <trkpt lat="44.130245" lon="15.293368">
        <ele>58.445521</ele>
        <time>2026-05-29T16:07:11.000Z</time>
      </trkpt>
      <trkpt lat="44.130277" lon="15.293432">
        <ele>58.421746</ele>
        <time>2026-05-29T16:07:12.000Z</time>
      </trkpt>
      <trkpt lat="44.130327" lon="15.293528">
        <ele>58.385592</ele>
        <time>2026-05-29T16:07:13.000Z</time>
      </trkpt>
      <trkpt lat="44.130369" lon="15.293607">
        <ele>58.355625</ele>
        <time>2026-05-29T16:07:14.000Z</time>
      </trkpt>
      <trkpt lat="44.130403" lon="15.293668">
        <ele>58.332084</ele>
        <time>2026-05-29T16:07:15.000Z</time>
      </trkpt>
      <trkpt lat="44.130443" lon="15.293746">
        <ele>58.302864</ele>
        <time>2026-05-29T16:07:16.000Z</time>
      </trkpt>
      <trkpt lat="44.130482" lon="15.293824">
        <ele>58.273889</ele>
        <time>2026-05-29T16:07:17.000Z</time>
      </trkpt>
      <trkpt lat="44.130521" lon="15.293903">
        <ele>58.244663</ele>
        <time>2026-05-29T16:07:18.000Z</time>
      </trkpt>
      <trkpt lat="44.130560" lon="15.293980">
        <ele>58.215937</ele>
        <time>2026-05-29T16:07:19.000Z</time>
      </trkpt>
      <trkpt lat="44.130598" lon="15.294056">
        <ele>58.187705</ele>
        <time>2026-05-29T16:07:20.000Z</time>
      </trkpt>
      <trkpt lat="44.130637" lon="15.294130">
        <ele>58.159721</ele>
        <time>2026-05-29T16:07:21.000Z</time>
      </trkpt>
      <trkpt lat="44.130676" lon="15.294204">
        <ele>58.131738</ele>
        <time>2026-05-29T16:07:22.000Z</time>
      </trkpt>
      <trkpt lat="44.130714" lon="15.294277">
        <ele>58.104251</ele>
        <time>2026-05-29T16:07:23.000Z</time>
      </trkpt>
      <trkpt lat="44.130753" lon="15.294352">
        <ele>58.076021</ele>
        <time>2026-05-29T16:07:24.000Z</time>
      </trkpt>
      <trkpt lat="44.130788" lon="15.294427">
        <ele>58.048753</ele>
        <time>2026-05-29T16:07:25.000Z</time>
      </trkpt>
      <trkpt lat="44.130820" lon="15.294508">
        <ele>58.020571</ele>
        <time>2026-05-29T16:07:26.000Z</time>
      </trkpt>
      <trkpt lat="44.130851" lon="15.294587">
        <ele>57.993127</ele>
        <time>2026-05-29T16:07:27.000Z</time>
      </trkpt>
      <trkpt lat="44.130886" lon="15.294662">
        <ele>57.965859</ele>
        <time>2026-05-29T16:07:28.000Z</time>
      </trkpt>
      <trkpt lat="44.130921" lon="15.294735">
        <ele>57.939100</ele>
        <time>2026-05-29T16:07:29.000Z</time>
      </trkpt>
      <trkpt lat="44.130953" lon="15.294806">
        <ele>57.913546</ele>
        <time>2026-05-29T16:07:30.000Z</time>
      </trkpt>
      <trkpt lat="44.130985" lon="15.294876">
        <ele>57.888249</ele>
        <time>2026-05-29T16:07:31.000Z</time>
      </trkpt>
      <trkpt lat="44.131018" lon="15.294945">
        <ele>57.862976</ele>
        <time>2026-05-29T16:07:32.000Z</time>
      </trkpt>
      <trkpt lat="44.131051" lon="15.295013">
        <ele>57.858439</ele>
        <time>2026-05-29T16:07:33.000Z</time>
      </trkpt>
      <trkpt lat="44.131086" lon="15.295080">
        <ele>57.870282</ele>
        <time>2026-05-29T16:07:34.000Z</time>
      </trkpt>
      <trkpt lat="44.131119" lon="15.295147">
        <ele>57.881894</ele>
        <time>2026-05-29T16:07:35.000Z</time>
      </trkpt>
      <trkpt lat="44.131150" lon="15.295214">
        <ele>57.893287</ele>
        <time>2026-05-29T16:07:36.000Z</time>
      </trkpt>
      <trkpt lat="44.131175" lon="15.295286">
        <ele>57.904717</ele>
        <time>2026-05-29T16:07:37.000Z</time>
      </trkpt>
      <trkpt lat="44.131195" lon="15.295362">
        <ele>57.916285</ele>
        <time>2026-05-29T16:07:38.000Z</time>
      </trkpt>
      <trkpt lat="44.131206" lon="15.295443">
        <ele>57.928066</ele>
        <time>2026-05-29T16:07:39.000Z</time>
      </trkpt>
      <trkpt lat="44.131204" lon="15.295523">
        <ele>57.939506</ele>
        <time>2026-05-29T16:07:40.000Z</time>
      </trkpt>
      <trkpt lat="44.131192" lon="15.295601">
        <ele>57.950906</ele>
        <time>2026-05-29T16:07:41.000Z</time>
      </trkpt>
      <trkpt lat="44.131168" lon="15.295673">
        <ele>57.962252</ele>
        <time>2026-05-29T16:07:42.000Z</time>
      </trkpt>
      <trkpt lat="44.131138" lon="15.295737">
        <ele>57.973176</ele>
        <time>2026-05-29T16:07:43.000Z</time>
      </trkpt>
      <trkpt lat="44.131098" lon="15.295796">
        <ele>57.984774</ele>
        <time>2026-05-29T16:07:44.000Z</time>
      </trkpt>
      <trkpt lat="44.131054" lon="15.295848">
        <ele>57.996262</ele>
        <time>2026-05-29T16:07:45.000Z</time>
      </trkpt>
      <trkpt lat="44.131010" lon="15.295899">
        <ele>58.007659</ele>
        <time>2026-05-29T16:07:46.000Z</time>
      </trkpt>
      <trkpt lat="44.130966" lon="15.295951">
        <ele>58.019147</ele>
        <time>2026-05-29T16:07:47.000Z</time>
      </trkpt>
      <trkpt lat="44.130923" lon="15.296006">
        <ele>58.030769</ele>
        <time>2026-05-29T16:07:48.000Z</time>
      </trkpt>
      <trkpt lat="44.130879" lon="15.296061">
        <ele>58.042539</ele>
        <time>2026-05-29T16:07:49.000Z</time>
      </trkpt>
      <trkpt lat="44.130834" lon="15.296112">
        <ele>58.054089</ele>
        <time>2026-05-29T16:07:50.000Z</time>
      </trkpt>
      <trkpt lat="44.130789" lon="15.296161">
        <ele>58.065461</ele>
        <time>2026-05-29T16:07:51.000Z</time>
      </trkpt>
      <trkpt lat="44.130744" lon="15.296210">
        <ele>58.076833</ele>
        <time>2026-05-29T16:07:52.000Z</time>
      </trkpt>
      <trkpt lat="44.130704" lon="15.296264">
        <ele>58.087923</ele>
        <time>2026-05-29T16:07:53.000Z</time>
      </trkpt>
      <trkpt lat="44.130668" lon="15.296324">
        <ele>58.099099</ele>
        <time>2026-05-29T16:07:54.000Z</time>
      </trkpt>
      <trkpt lat="44.130638" lon="15.296387">
        <ele>58.109904</ele>
        <time>2026-05-29T16:07:55.000Z</time>
      </trkpt>
      <trkpt lat="44.130607" lon="15.296449">
        <ele>58.120703</ele>
        <time>2026-05-29T16:07:56.000Z</time>
      </trkpt>
      <trkpt lat="44.130570" lon="15.296504">
        <ele>58.131475</ele>
        <time>2026-05-29T16:07:57.000Z</time>
      </trkpt>
      <trkpt lat="44.130528" lon="15.296551">
        <ele>58.142202</ele>
        <time>2026-05-29T16:07:58.000Z</time>
      </trkpt>
      <trkpt lat="44.130488" lon="15.296605">
        <ele>58.153292</ele>
        <time>2026-05-29T16:07:59.000Z</time>
      </trkpt>
      <trkpt lat="44.130454" lon="15.296663">
        <ele>58.163994</ele>
        <time>2026-05-29T16:08:00.000Z</time>
      </trkpt>
      <trkpt lat="44.130437" lon="15.296731">
        <ele>58.174284</ele>
        <time>2026-05-29T16:08:01.000Z</time>
      </trkpt>
      <trkpt lat="44.130442" lon="15.296801">
        <ele>58.184338</ele>
        <time>2026-05-29T16:08:02.000Z</time>
      </trkpt>
      <trkpt lat="44.130470" lon="15.296861">
        <ele>58.194566</ele>
        <time>2026-05-29T16:08:03.000Z</time>
      </trkpt>
      <trkpt lat="44.130513" lon="15.296902">
        <ele>58.204940</ele>
        <time>2026-05-29T16:08:04.000Z</time>
      </trkpt>
      <trkpt lat="44.130560" lon="15.296924">
        <ele>58.216055</ele>
        <time>2026-05-29T16:08:05.000Z</time>
      </trkpt>
      <trkpt lat="44.130610" lon="15.296933">
        <ele>58.228701</ele>
        <time>2026-05-29T16:08:06.000Z</time>
      </trkpt>
      <trkpt lat="44.130659" lon="15.296946">
        <ele>58.241213</ele>
        <time>2026-05-29T16:08:07.000Z</time>
      </trkpt>
      <trkpt lat="44.130703" lon="15.296972">
        <ele>58.253201</ele>
        <time>2026-05-29T16:08:08.000Z</time>
      </trkpt>
      <trkpt lat="44.130745" lon="15.297004">
        <ele>58.265208</ele>
        <time>2026-05-29T16:08:09.000Z</time>
      </trkpt>
      <trkpt lat="44.130788" lon="15.297042">
        <ele>58.277981</ele>
        <time>2026-05-29T16:08:10.000Z</time>
      </trkpt>
      <trkpt lat="44.130831" lon="15.297074">
        <ele>58.290209</ele>
        <time>2026-05-29T16:08:11.000Z</time>
      </trkpt>
      <trkpt lat="44.130875" lon="15.297099">
        <ele>58.302128</ele>
        <time>2026-05-29T16:08:12.000Z</time>
      </trkpt>
      <trkpt lat="44.130920" lon="15.297122">
        <ele>58.314151</ele>
        <time>2026-05-29T16:08:13.000Z</time>
      </trkpt>
      <trkpt lat="44.130966" lon="15.297148">
        <ele>58.326602</ele>
        <time>2026-05-29T16:08:14.000Z</time>
      </trkpt>
      <trkpt lat="44.131010" lon="15.297176">
        <ele>58.338736</ele>
        <time>2026-05-29T16:08:15.000Z</time>
      </trkpt>
      <trkpt lat="44.131055" lon="15.297204">
        <ele>58.351098</ele>
        <time>2026-05-29T16:08:16.000Z</time>
      </trkpt>
      <trkpt lat="44.131100" lon="15.297231">
        <ele>58.363387</ele>
        <time>2026-05-29T16:08:17.000Z</time>
      </trkpt>
      <trkpt lat="44.131147" lon="15.297257">
        <ele>58.376072</ele>
        <time>2026-05-29T16:08:18.000Z</time>
      </trkpt>
      <trkpt lat="44.131190" lon="15.297286">
        <ele>58.388055</ele>
        <time>2026-05-29T16:08:19.000Z</time>
      </trkpt>
      <trkpt lat="44.131232" lon="15.297320">
        <ele>58.400239</ele>
        <time>2026-05-29T16:08:20.000Z</time>
      </trkpt>
      <trkpt lat="44.131272" lon="15.297357">
        <ele>58.412282</ele>
        <time>2026-05-29T16:08:21.000Z</time>
      </trkpt>
      <trkpt lat="44.131310" lon="15.297395">
        <ele>58.424015</ele>
        <time>2026-05-29T16:08:22.000Z</time>
      </trkpt>
      <trkpt lat="44.131348" lon="15.297435">
        <ele>58.435961</ele>
        <time>2026-05-29T16:08:23.000Z</time>
      </trkpt>
      <trkpt lat="44.131384" lon="15.297475">
        <ele>58.447511</ele>
        <time>2026-05-29T16:08:24.000Z</time>
      </trkpt>
      <trkpt lat="44.131421" lon="15.297512">
        <ele>58.458935</ele>
        <time>2026-05-29T16:08:25.000Z</time>
      </trkpt>
      <trkpt lat="44.131458" lon="15.297545">
        <ele>58.469954</ele>
        <time>2026-05-29T16:08:26.000Z</time>
      </trkpt>
      <trkpt lat="44.131494" lon="15.297578">
        <ele>58.480764</ele>
        <time>2026-05-29T16:08:27.000Z</time>
      </trkpt>
      <trkpt lat="44.131527" lon="15.297613">
        <ele>58.491166</ele>
        <time>2026-05-29T16:08:28.000Z</time>
      </trkpt>
      <trkpt lat="44.131555" lon="15.297651">
        <ele>58.500971</ele>
        <time>2026-05-29T16:08:29.000Z</time>
      </trkpt>
      <trkpt lat="44.131578" lon="15.297693">
        <ele>58.510482</ele>
        <time>2026-05-29T16:08:30.000Z</time>
      </trkpt>
      <trkpt lat="44.131597" lon="15.297740">
        <ele>58.520193</ele>
        <time>2026-05-29T16:08:31.000Z</time>
      </trkpt>
      <trkpt lat="44.131618" lon="15.297784">
        <ele>58.529706</ele>
        <time>2026-05-29T16:08:32.000Z</time>
      </trkpt>
      <trkpt lat="44.131641" lon="15.297825">
        <ele>58.539075</ele>
        <time>2026-05-29T16:08:33.000Z</time>
      </trkpt>
      <trkpt lat="44.131665" lon="15.297863">
        <ele>58.548187</ele>
        <time>2026-05-29T16:08:34.000Z</time>
      </trkpt>
      <trkpt lat="44.131691" lon="15.297900">
        <ele>58.557510</ele>
        <time>2026-05-29T16:08:35.000Z</time>
      </trkpt>
      <trkpt lat="44.131715" lon="15.297939">
        <ele>58.566758</ele>
        <time>2026-05-29T16:08:36.000Z</time>
      </trkpt>
      <trkpt lat="44.131737" lon="15.297978">
        <ele>58.575689</ele>
        <time>2026-05-29T16:08:37.000Z</time>
      </trkpt>
      <trkpt lat="44.131760" lon="15.298019">
        <ele>58.585057</ele>
        <time>2026-05-29T16:08:38.000Z</time>
      </trkpt>
      <trkpt lat="44.131782" lon="15.298057">
        <ele>58.593847</ele>
        <time>2026-05-29T16:08:39.000Z</time>
      </trkpt>
      <trkpt lat="44.131806" lon="15.298094">
        <ele>58.602825</ele>
        <time>2026-05-29T16:08:40.000Z</time>
      </trkpt>
      <trkpt lat="44.131830" lon="15.298133">
        <ele>58.612074</ele>
        <time>2026-05-29T16:08:41.000Z</time>
      </trkpt>
      <trkpt lat="44.131852" lon="15.298172">
        <ele>58.621004</ele>
        <time>2026-05-29T16:08:42.000Z</time>
      </trkpt>
      <trkpt lat="44.131876" lon="15.298212">
        <ele>58.630390</ele>
        <time>2026-05-29T16:08:43.000Z</time>
      </trkpt>
      <trkpt lat="44.131899" lon="15.298254">
        <ele>58.639901</ele>
        <time>2026-05-29T16:08:44.000Z</time>
      </trkpt>
      <trkpt lat="44.131924" lon="15.298296">
        <ele>58.649724</ele>
        <time>2026-05-29T16:08:45.000Z</time>
      </trkpt>
      <trkpt lat="44.131947" lon="15.298337">
        <ele>58.659093</ele>
        <time>2026-05-29T16:08:46.000Z</time>
      </trkpt>
      <trkpt lat="44.131971" lon="15.298382">
        <ele>58.696744</ele>
        <time>2026-05-29T16:08:47.000Z</time>
      </trkpt>
      <trkpt lat="44.131992" lon="15.298426">
        <ele>58.739034</ele>
        <time>2026-05-29T16:08:48.000Z</time>
      </trkpt>
      <trkpt lat="44.132012" lon="15.298471">
        <ele>58.781395</ele>
        <time>2026-05-29T16:08:49.000Z</time>
      </trkpt>
      <trkpt lat="44.132034" lon="15.298518">
        <ele>58.826303</ele>
        <time>2026-05-29T16:08:50.000Z</time>
      </trkpt>
      <trkpt lat="44.132057" lon="15.298563">
        <ele>58.870516</ele>
        <time>2026-05-29T16:08:51.000Z</time>
      </trkpt>
      <trkpt lat="44.132076" lon="15.298605">
        <ele>58.910250</ele>
        <time>2026-05-29T16:08:52.000Z</time>
      </trkpt>
      <trkpt lat="44.132099" lon="15.298645">
        <ele>58.951270</ele>
        <time>2026-05-29T16:08:53.000Z</time>
      </trkpt>
      <trkpt lat="44.132122" lon="15.298684">
        <ele>58.991668</ele>
        <time>2026-05-29T16:08:54.000Z</time>
      </trkpt>
      <trkpt lat="44.132145" lon="15.298727">
        <ele>59.034588</ele>
        <time>2026-05-29T16:08:55.000Z</time>
      </trkpt>
      <trkpt lat="44.132167" lon="15.298767">
        <ele>59.074920</ele>
        <time>2026-05-29T16:08:56.000Z</time>
      </trkpt>
      <trkpt lat="44.132189" lon="15.298806">
        <ele>59.114619</ele>
        <time>2026-05-29T16:08:57.000Z</time>
      </trkpt>
      <trkpt lat="44.132211" lon="15.298849">
        <ele>59.156882</ele>
        <time>2026-05-29T16:08:58.000Z</time>
      </trkpt>
      <trkpt lat="44.132233" lon="15.298892">
        <ele>59.199145</ele>
        <time>2026-05-29T16:08:59.000Z</time>
      </trkpt>
      <trkpt lat="44.132256" lon="15.298935">
        <ele>59.242065</ele>
        <time>2026-05-29T16:09:00.000Z</time>
      </trkpt>
      <trkpt lat="44.132278" lon="15.298980">
        <ele>59.285641</ele>
        <time>2026-05-29T16:09:01.000Z</time>
      </trkpt>
      <trkpt lat="44.132300" lon="15.299025">
        <ele>59.329217</ele>
        <time>2026-05-29T16:09:02.000Z</time>
      </trkpt>
      <trkpt lat="44.132325" lon="15.299067">
        <ele>59.372886</ele>
        <time>2026-05-29T16:09:03.000Z</time>
      </trkpt>
      <trkpt lat="44.132350" lon="15.299108">
        <ele>59.415943</ele>
        <time>2026-05-29T16:09:04.000Z</time>
      </trkpt>
      <trkpt lat="44.132374" lon="15.299150">
        <ele>59.458909</ele>
        <time>2026-05-29T16:09:05.000Z</time>
      </trkpt>
      <trkpt lat="44.132397" lon="15.299193">
        <ele>59.501829</ele>
        <time>2026-05-29T16:09:06.000Z</time>
      </trkpt>
      <trkpt lat="44.132420" lon="15.299237">
        <ele>59.545393</ele>
        <time>2026-05-29T16:09:07.000Z</time>
      </trkpt>
      <trkpt lat="44.132445" lon="15.299277">
        <ele>59.587842</ele>
        <time>2026-05-29T16:09:08.000Z</time>
      </trkpt>
      <trkpt lat="44.132470" lon="15.299315">
        <ele>59.629098</ele>
        <time>2026-05-29T16:09:09.000Z</time>
      </trkpt>
      <trkpt lat="44.132497" lon="15.299354">
        <ele>59.672465</ele>
        <time>2026-05-29T16:09:10.000Z</time>
      </trkpt>
      <trkpt lat="44.132524" lon="15.299394">
        <ele>59.716411</ele>
        <time>2026-05-29T16:09:11.000Z</time>
      </trkpt>
      <trkpt lat="44.132549" lon="15.299437">
        <ele>59.760700</ele>
        <time>2026-05-29T16:09:12.000Z</time>
      </trkpt>
      <trkpt lat="44.132570" lon="15.299482">
        <ele>59.803658</ele>
        <time>2026-05-29T16:09:13.000Z</time>
      </trkpt>
      <trkpt lat="44.132591" lon="15.299525">
        <ele>59.845283</ele>
        <time>2026-05-29T16:09:14.000Z</time>
      </trkpt>
      <trkpt lat="44.132610" lon="15.299569">
        <ele>59.886380</ele>
        <time>2026-05-29T16:09:15.000Z</time>
      </trkpt>
      <trkpt lat="44.132630" lon="15.299611">
        <ele>59.926719</ele>
        <time>2026-05-29T16:09:16.000Z</time>
      </trkpt>
      <trkpt lat="44.132651" lon="15.299653">
        <ele>59.967685</ele>
        <time>2026-05-29T16:09:17.000Z</time>
      </trkpt>
      <trkpt lat="44.132669" lon="15.299695">
        <ele>60.006835</ele>
        <time>2026-05-29T16:09:18.000Z</time>
      </trkpt>
      <trkpt lat="44.132690" lon="15.299731">
        <ele>60.043963</ele>
        <time>2026-05-29T16:09:19.000Z</time>
      </trkpt>
      <trkpt lat="44.132713" lon="15.299766">
        <ele>60.081942</ele>
        <time>2026-05-29T16:09:20.000Z</time>
      </trkpt>
      <trkpt lat="44.132735" lon="15.299801">
        <ele>60.119177</ele>
        <time>2026-05-29T16:09:21.000Z</time>
      </trkpt>
      <trkpt lat="44.132757" lon="15.299837">
        <ele>60.157017</ele>
        <time>2026-05-29T16:09:22.000Z</time>
      </trkpt>
      <trkpt lat="44.132779" lon="15.299874">
        <ele>60.195471</ele>
        <time>2026-05-29T16:09:23.000Z</time>
      </trkpt>
      <trkpt lat="44.132802" lon="15.299912">
        <ele>60.235254</ele>
        <time>2026-05-29T16:09:24.000Z</time>
      </trkpt>
      <trkpt lat="44.132822" lon="15.299951">
        <ele>60.273615</ele>
        <time>2026-05-29T16:09:25.000Z</time>
      </trkpt>
      <trkpt lat="44.132842" lon="15.299990">
        <ele>60.311976</ele>
        <time>2026-05-29T16:09:26.000Z</time>
      </trkpt>
      <trkpt lat="44.132863" lon="15.300031">
        <ele>60.352288</ele>
        <time>2026-05-29T16:09:27.000Z</time>
      </trkpt>
      <trkpt lat="44.132884" lon="15.300071">
        <ele>60.391951</ele>
        <time>2026-05-29T16:09:28.000Z</time>
      </trkpt>
      <trkpt lat="44.132904" lon="15.300110">
        <ele>60.430313</ele>
        <time>2026-05-29T16:09:29.000Z</time>
      </trkpt>
      <trkpt lat="44.132923" lon="15.300152">
        <ele>60.470046</ele>
        <time>2026-05-29T16:09:30.000Z</time>
      </trkpt>
      <trkpt lat="44.132944" lon="15.300193">
        <ele>60.510358</ele>
        <time>2026-05-29T16:09:31.000Z</time>
      </trkpt>
      <trkpt lat="44.132965" lon="15.300233">
        <ele>60.550021</ele>
        <time>2026-05-29T16:09:32.000Z</time>
      </trkpt>
      <trkpt lat="44.132983" lon="15.300273">
        <ele>60.587806</ele>
        <time>2026-05-29T16:09:33.000Z</time>
      </trkpt>
      <trkpt lat="44.133000" lon="15.300315">
        <ele>60.626396</ele>
        <time>2026-05-29T16:09:34.000Z</time>
      </trkpt>
      <trkpt lat="44.133023" lon="15.300353">
        <ele>60.666179</ele>
        <time>2026-05-29T16:09:35.000Z</time>
      </trkpt>
      <trkpt lat="44.133045" lon="15.300395">
        <ele>60.709091</ele>
        <time>2026-05-29T16:09:36.000Z</time>
      </trkpt>
      <trkpt lat="44.133066" lon="15.300437">
        <ele>60.751355</ele>
        <time>2026-05-29T16:09:37.000Z</time>
      </trkpt>
      <trkpt lat="44.133087" lon="15.300481">
        <ele>60.794985</ele>
        <time>2026-05-29T16:09:38.000Z</time>
      </trkpt>
      <trkpt lat="44.133107" lon="15.300522">
        <ele>60.835917</ele>
        <time>2026-05-29T16:09:39.000Z</time>
      </trkpt>
      <trkpt lat="44.133129" lon="15.300563">
        <ele>60.878185</ele>
        <time>2026-05-29T16:09:40.000Z</time>
      </trkpt>
      <trkpt lat="44.133150" lon="15.300603">
        <ele>60.919105</ele>
        <time>2026-05-29T16:09:41.000Z</time>
      </trkpt>
      <trkpt lat="44.133172" lon="15.300642">
        <ele>60.960063</ele>
        <time>2026-05-29T16:09:42.000Z</time>
      </trkpt>
      <trkpt lat="44.133194" lon="15.300682">
        <ele>61.001672</ele>
        <time>2026-05-29T16:09:43.000Z</time>
      </trkpt>
      <trkpt lat="44.133214" lon="15.300723">
        <ele>61.042604</ele>
        <time>2026-05-29T16:09:44.000Z</time>
      </trkpt>
      <trkpt lat="44.133235" lon="15.300766">
        <ele>61.085549</ele>
        <time>2026-05-29T16:09:45.000Z</time>
      </trkpt>
      <trkpt lat="44.133255" lon="15.300809">
        <ele>61.127857</ele>
        <time>2026-05-29T16:09:46.000Z</time>
      </trkpt>
      <trkpt lat="44.133279" lon="15.300849">
        <ele>61.170905</ele>
        <time>2026-05-29T16:09:47.000Z</time>
      </trkpt>
      <trkpt lat="44.133302" lon="15.300890">
        <ele>61.213872</ele>
        <time>2026-05-29T16:09:48.000Z</time>
      </trkpt>
      <trkpt lat="44.133322" lon="15.300933">
        <ele>61.256179</ele>
        <time>2026-05-29T16:09:49.000Z</time>
      </trkpt>
      <trkpt lat="44.133343" lon="15.300976">
        <ele>61.299124</ele>
        <time>2026-05-29T16:09:50.000Z</time>
      </trkpt>
      <trkpt lat="44.133365" lon="15.301019">
        <ele>61.342726</ele>
        <time>2026-05-29T16:09:51.000Z</time>
      </trkpt>
      <trkpt lat="44.133388" lon="15.301061">
        <ele>61.386346</ele>
        <time>2026-05-29T16:09:52.000Z</time>
      </trkpt>
      <trkpt lat="44.133410" lon="15.301104">
        <ele>61.429948</ele>
        <time>2026-05-29T16:09:53.000Z</time>
      </trkpt>
      <trkpt lat="44.133432" lon="15.301147">
        <ele>61.473550</ele>
        <time>2026-05-29T16:09:54.000Z</time>
      </trkpt>
      <trkpt lat="44.133457" lon="15.301191">
        <ele>61.519886</ele>
        <time>2026-05-29T16:09:55.000Z</time>
      </trkpt>
      <trkpt lat="44.133482" lon="15.301235">
        <ele>61.566222</ele>
        <time>2026-05-29T16:09:56.000Z</time>
      </trkpt>
      <trkpt lat="44.133506" lon="15.301280">
        <ele>61.612513</ele>
        <time>2026-05-29T16:09:57.000Z</time>
      </trkpt>
      <trkpt lat="44.133529" lon="15.301325">
        <ele>61.658127</ele>
        <time>2026-05-29T16:09:58.000Z</time>
      </trkpt>
      <trkpt lat="44.133552" lon="15.301370">
        <ele>61.703742</ele>
        <time>2026-05-29T16:09:59.000Z</time>
      </trkpt>
      <trkpt lat="44.133580" lon="15.301426">
        <ele>61.760094</ele>
        <time>2026-05-29T16:10:00.000Z</time>
      </trkpt>
      <trkpt lat="44.133603" lon="15.301472">
        <ele>61.806383</ele>
        <time>2026-05-29T16:10:01.000Z</time>
      </trkpt>
      <trkpt lat="44.133627" lon="15.301517">
        <ele>61.852674</ele>
        <time>2026-05-29T16:10:02.000Z</time>
      </trkpt>
      <trkpt lat="44.133650" lon="15.301561">
        <ele>61.897618</ele>
        <time>2026-05-29T16:10:03.000Z</time>
      </trkpt>
      <trkpt lat="44.133670" lon="15.301599">
        <ele>61.936526</ele>
        <time>2026-05-29T16:10:04.000Z</time>
      </trkpt>
      <trkpt lat="44.133692" lon="15.301646">
        <ele>61.982857</ele>
        <time>2026-05-29T16:10:05.000Z</time>
      </trkpt>
      <trkpt lat="44.133714" lon="15.301693">
        <ele>62.029188</ele>
        <time>2026-05-29T16:10:06.000Z</time>
      </trkpt>
      <trkpt lat="44.133738" lon="15.301737">
        <ele>62.074819</ele>
        <time>2026-05-29T16:10:07.000Z</time>
      </trkpt>
      <trkpt lat="44.133764" lon="15.301779">
        <ele>62.120615</ele>
        <time>2026-05-29T16:10:08.000Z</time>
      </trkpt>
      <trkpt lat="44.133790" lon="15.301823">
        <ele>62.167674</ele>
        <time>2026-05-29T16:10:09.000Z</time>
      </trkpt>
      <trkpt lat="44.133813" lon="15.301868">
        <ele>62.213288</ele>
        <time>2026-05-29T16:10:10.000Z</time>
      </trkpt>
      <trkpt lat="44.133838" lon="15.301913">
        <ele>62.260274</ele>
        <time>2026-05-29T16:10:11.000Z</time>
      </trkpt>
      <trkpt lat="44.133861" lon="15.301959">
        <ele>62.306563</ele>
        <time>2026-05-29T16:10:12.000Z</time>
      </trkpt>
      <trkpt lat="44.133885" lon="15.302007">
        <ele>62.354865</ele>
        <time>2026-05-29T16:10:13.000Z</time>
      </trkpt>
      <trkpt lat="44.133907" lon="15.302056">
        <ele>62.402587</ele>
        <time>2026-05-29T16:10:14.000Z</time>
      </trkpt>
      <trkpt lat="44.133931" lon="15.302107">
        <ele>62.452941</ele>
        <time>2026-05-29T16:10:15.000Z</time>
      </trkpt>
      <trkpt lat="44.133958" lon="15.302155">
        <ele>62.503295</ele>
        <time>2026-05-29T16:10:16.000Z</time>
      </trkpt>
      <trkpt lat="44.133984" lon="15.302201">
        <ele>62.551640</ele>
        <time>2026-05-29T16:10:17.000Z</time>
      </trkpt>
      <trkpt lat="44.134009" lon="15.302251">
        <ele>62.601954</ele>
        <time>2026-05-29T16:10:18.000Z</time>
      </trkpt>
      <trkpt lat="44.134035" lon="15.302300">
        <ele>62.652269</ele>
        <time>2026-05-29T16:10:19.000Z</time>
      </trkpt>
      <trkpt lat="44.134059" lon="15.302349">
        <ele>62.701250</ele>
        <time>2026-05-29T16:10:20.000Z</time>
      </trkpt>
      <trkpt lat="44.134083" lon="15.302399">
        <ele>62.742122</ele>
        <time>2026-05-29T16:10:21.000Z</time>
      </trkpt>
      <trkpt lat="44.134108" lon="15.302451">
        <ele>62.763287</ele>
        <time>2026-05-29T16:10:22.000Z</time>
      </trkpt>
      <trkpt lat="44.134133" lon="15.302501">
        <ele>62.783894</ele>
        <time>2026-05-29T16:10:23.000Z</time>
      </trkpt>
      <trkpt lat="44.134161" lon="15.302551">
        <ele>62.805340</ele>
        <time>2026-05-29T16:10:24.000Z</time>
      </trkpt>
      <trkpt lat="44.134188" lon="15.302603">
        <ele>62.827044</ele>
        <time>2026-05-29T16:10:25.000Z</time>
      </trkpt>
      <trkpt lat="44.134214" lon="15.302653">
        <ele>62.847923</ele>
        <time>2026-05-29T16:10:26.000Z</time>
      </trkpt>
      <trkpt lat="44.134240" lon="15.302706">
        <ele>62.869633</ele>
        <time>2026-05-29T16:10:27.000Z</time>
      </trkpt>
      <trkpt lat="44.134266" lon="15.302758">
        <ele>62.891063</ele>
        <time>2026-05-29T16:10:28.000Z</time>
      </trkpt>
      <trkpt lat="44.134294" lon="15.302809">
        <ele>62.912777</ele>
        <time>2026-05-29T16:10:29.000Z</time>
      </trkpt>
      <trkpt lat="44.134322" lon="15.302860">
        <ele>62.934491</ele>
        <time>2026-05-29T16:10:30.000Z</time>
      </trkpt>
      <trkpt lat="44.134350" lon="15.302913">
        <ele>62.956746</ele>
        <time>2026-05-29T16:10:31.000Z</time>
      </trkpt>
      <trkpt lat="44.134377" lon="15.302965">
        <ele>62.978449</ele>
        <time>2026-05-29T16:10:32.000Z</time>
      </trkpt>
      <trkpt lat="44.134404" lon="15.303017">
        <ele>63.000153</ele>
        <time>2026-05-29T16:10:33.000Z</time>
      </trkpt>
      <trkpt lat="44.134433" lon="15.303070">
        <ele>63.022690</ele>
        <time>2026-05-29T16:10:34.000Z</time>
      </trkpt>
      <trkpt lat="44.134460" lon="15.303121">
        <ele>63.044121</ele>
        <time>2026-05-29T16:10:35.000Z</time>
      </trkpt>
      <trkpt lat="44.134488" lon="15.303174">
        <ele>63.066375</ele>
        <time>2026-05-29T16:10:36.000Z</time>
      </trkpt>
      <trkpt lat="44.134517" lon="15.303227">
        <ele>63.088913</ele>
        <time>2026-05-29T16:10:37.000Z</time>
      </trkpt>
      <trkpt lat="44.134545" lon="15.303281">
        <ele>63.111440</ele>
        <time>2026-05-29T16:10:38.000Z</time>
      </trkpt>
      <trkpt lat="44.134572" lon="15.303336">
        <ele>63.133974</ele>
        <time>2026-05-29T16:10:39.000Z</time>
      </trkpt>
      <trkpt lat="44.134599" lon="15.303392">
        <ele>63.156787</ele>
        <time>2026-05-29T16:10:40.000Z</time>
      </trkpt>
      <trkpt lat="44.134628" lon="15.303446">
        <ele>63.179594</ele>
        <time>2026-05-29T16:10:41.000Z</time>
      </trkpt>
      <trkpt lat="44.134656" lon="15.303502">
        <ele>63.202674</ele>
        <time>2026-05-29T16:10:42.000Z</time>
      </trkpt>
      <trkpt lat="44.134684" lon="15.303557">
        <ele>63.225476</ele>
        <time>2026-05-29T16:10:43.000Z</time>
      </trkpt>
      <trkpt lat="44.134712" lon="15.303613">
        <ele>63.248556</ele>
        <time>2026-05-29T16:10:44.000Z</time>
      </trkpt>
      <trkpt lat="44.134741" lon="15.303668">
        <ele>63.271634</ele>
        <time>2026-05-29T16:10:45.000Z</time>
      </trkpt>
      <trkpt lat="44.134771" lon="15.303723">
        <ele>63.294995</ele>
        <time>2026-05-29T16:10:46.000Z</time>
      </trkpt>
      <trkpt lat="44.134799" lon="15.303779">
        <ele>63.318074</ele>
        <time>2026-05-29T16:10:47.000Z</time>
      </trkpt>
      <trkpt lat="44.134827" lon="15.303834">
        <ele>63.340877</ele>
        <time>2026-05-29T16:10:48.000Z</time>
      </trkpt>
      <trkpt lat="44.134855" lon="15.303890">
        <ele>63.363956</ele>
        <time>2026-05-29T16:10:49.000Z</time>
      </trkpt>
      <trkpt lat="44.134884" lon="15.303946">
        <ele>63.387308</ele>
        <time>2026-05-29T16:10:50.000Z</time>
      </trkpt>
      <trkpt lat="44.134913" lon="15.304003">
        <ele>63.410935</ele>
        <time>2026-05-29T16:10:51.000Z</time>
      </trkpt>
      <trkpt lat="44.134942" lon="15.304060">
        <ele>63.434562</ele>
        <time>2026-05-29T16:10:52.000Z</time>
      </trkpt>
      <trkpt lat="44.134972" lon="15.304117">
        <ele>63.458465</ele>
        <time>2026-05-29T16:10:53.000Z</time>
      </trkpt>
      <trkpt lat="44.135001" lon="15.304174">
        <ele>63.482092</ele>
        <time>2026-05-29T16:10:54.000Z</time>
      </trkpt>
      <trkpt lat="44.135030" lon="15.304232">
        <ele>63.505995</ele>
        <time>2026-05-29T16:10:55.000Z</time>
      </trkpt>
      <trkpt lat="44.135060" lon="15.304289">
        <ele>63.529898</ele>
        <time>2026-05-29T16:10:56.000Z</time>
      </trkpt>
      <trkpt lat="44.135090" lon="15.304346">
        <ele>63.553800</ele>
        <time>2026-05-29T16:10:57.000Z</time>
      </trkpt>
      <trkpt lat="44.135121" lon="15.304402">
        <ele>63.577716</ele>
        <time>2026-05-29T16:10:58.000Z</time>
      </trkpt>
      <trkpt lat="44.135156" lon="15.304473">
        <ele>63.589455</ele>
        <time>2026-05-29T16:10:59.000Z</time>
      </trkpt>
      <trkpt lat="44.135185" lon="15.304533">
        <ele>63.595704</ele>
        <time>2026-05-29T16:11:00.000Z</time>
      </trkpt>
      <trkpt lat="44.135210" lon="15.304579">
        <ele>63.600689</ele>
        <time>2026-05-29T16:11:01.000Z</time>
      </trkpt>
      <trkpt lat="44.135248" lon="15.304647">
        <ele>63.608135</ele>
        <time>2026-05-29T16:11:02.000Z</time>
      </trkpt>
      <trkpt lat="44.135279" lon="15.304704">
        <ele>63.614313</ele>
        <time>2026-05-29T16:11:03.000Z</time>
      </trkpt>
      <trkpt lat="44.135305" lon="15.304751">
        <ele>63.619440</ele>
        <time>2026-05-29T16:11:04.000Z</time>
      </trkpt>
      <trkpt lat="44.135342" lon="15.304825">
        <ele>63.627232</ele>
        <time>2026-05-29T16:11:05.000Z</time>
      </trkpt>
      <trkpt lat="44.135374" lon="15.304886">
        <ele>63.633759</ele>
        <time>2026-05-29T16:11:06.000Z</time>
      </trkpt>
      <trkpt lat="44.135398" lon="15.304936">
        <ele>63.638956</ele>
        <time>2026-05-29T16:11:07.000Z</time>
      </trkpt>
      <trkpt lat="44.135437" lon="15.305011">
        <ele>63.646957</ele>
        <time>2026-05-29T16:11:08.000Z</time>
      </trkpt>
      <trkpt lat="44.135471" lon="15.305073">
        <ele>63.653698</ele>
        <time>2026-05-29T16:11:09.000Z</time>
      </trkpt>
      <trkpt lat="44.135499" lon="15.305124">
        <ele>63.659246</ele>
        <time>2026-05-29T16:11:10.000Z</time>
      </trkpt>
      <trkpt lat="44.135538" lon="15.305201">
        <ele>63.667388</ele>
        <time>2026-05-29T16:11:11.000Z</time>
      </trkpt>
      <trkpt lat="44.135571" lon="15.305265">
        <ele>63.674196</ele>
        <time>2026-05-29T16:11:12.000Z</time>
      </trkpt>
      <trkpt lat="44.135606" lon="15.305328">
        <ele>63.681079</ele>
        <time>2026-05-29T16:11:13.000Z</time>
      </trkpt>
      <trkpt lat="44.135638" lon="15.305392">
        <ele>63.687817</ele>
        <time>2026-05-29T16:11:14.000Z</time>
      </trkpt>
      <trkpt lat="44.135670" lon="15.305458">
        <ele>63.694698</ele>
        <time>2026-05-29T16:11:15.000Z</time>
      </trkpt>
      <trkpt lat="44.135696" lon="15.305510">
        <ele>63.700174</ele>
        <time>2026-05-29T16:11:16.000Z</time>
      </trkpt>
      <trkpt lat="44.135735" lon="15.305589">
        <ele>63.708457</ele>
        <time>2026-05-29T16:11:17.000Z</time>
      </trkpt>
      <trkpt lat="44.135766" lon="15.305654">
        <ele>63.715200</ele>
        <time>2026-05-29T16:11:18.000Z</time>
      </trkpt>
      <trkpt lat="44.135792" lon="15.305704">
        <ele>63.720534</ele>
        <time>2026-05-29T16:11:19.000Z</time>
      </trkpt>
      <trkpt lat="44.135832" lon="15.305777">
        <ele>63.728468</ele>
        <time>2026-05-29T16:11:20.000Z</time>
      </trkpt>
      <trkpt lat="44.135866" lon="15.305840">
        <ele>63.735278</ele>
        <time>2026-05-29T16:11:21.000Z</time>
      </trkpt>
      <trkpt lat="44.135891" lon="15.305889">
        <ele>63.740472</ele>
        <time>2026-05-29T16:11:22.000Z</time>
      </trkpt>
      <trkpt lat="44.135928" lon="15.305963">
        <ele>63.748264</ele>
        <time>2026-05-29T16:11:23.000Z</time>
      </trkpt>
      <trkpt lat="44.135960" lon="15.306027">
        <ele>63.755002</ele>
        <time>2026-05-29T16:11:24.000Z</time>
      </trkpt>
      <trkpt lat="44.135994" lon="15.306089">
        <ele>63.761743</ele>
        <time>2026-05-29T16:11:25.000Z</time>
      </trkpt>
      <trkpt lat="44.136028" lon="15.306152">
        <ele>63.768553</ele>
        <time>2026-05-29T16:11:26.000Z</time>
      </trkpt>
      <trkpt lat="44.136061" lon="15.306214">
        <ele>63.775222</ele>
        <time>2026-05-29T16:11:27.000Z</time>
      </trkpt>
      <trkpt lat="44.136091" lon="15.306277">
        <ele>63.781753</ele>
        <time>2026-05-29T16:11:28.000Z</time>
      </trkpt>
      <trkpt lat="44.136122" lon="15.306339">
        <ele>63.788281</ele>
        <time>2026-05-29T16:11:29.000Z</time>
      </trkpt>
      <trkpt lat="44.136147" lon="15.306389">
        <ele>63.793546</ele>
        <time>2026-05-29T16:11:30.000Z</time>
      </trkpt>
      <trkpt lat="44.136179" lon="15.306449">
        <ele>63.800017</ele>
        <time>2026-05-29T16:11:31.000Z</time>
      </trkpt>
      <trkpt lat="44.136211" lon="15.306509">
        <ele>63.827240</ele>
        <time>2026-05-29T16:11:32.000Z</time>
      </trkpt>
      <trkpt lat="44.136250" lon="15.306582">
        <ele>63.860382</ele>
        <time>2026-05-29T16:11:33.000Z</time>
      </trkpt>
      <trkpt lat="44.136282" lon="15.306644">
        <ele>63.888193</ele>
        <time>2026-05-29T16:11:34.000Z</time>
      </trkpt>
      <trkpt lat="44.136314" lon="15.306705">
        <ele>63.915710</ele>
        <time>2026-05-29T16:11:35.000Z</time>
      </trkpt>
      <trkpt lat="44.136344" lon="15.306765">
        <ele>63.942340</ele>
        <time>2026-05-29T16:11:36.000Z</time>
      </trkpt>
      <trkpt lat="44.136376" lon="15.306823">
        <ele>63.968982</ele>
        <time>2026-05-29T16:11:37.000Z</time>
      </trkpt>
      <trkpt lat="44.136409" lon="15.306884">
        <ele>63.996801</ele>
        <time>2026-05-29T16:11:38.000Z</time>
      </trkpt>
      <trkpt lat="44.136442" lon="15.306944">
        <ele>64.024330</ele>
        <time>2026-05-29T16:11:39.000Z</time>
      </trkpt>
      <trkpt lat="44.136467" lon="15.306993">
        <ele>64.046224</ele>
        <time>2026-05-29T16:11:40.000Z</time>
      </trkpt>
      <trkpt lat="44.136504" lon="15.307068">
        <ele>64.079368</ele>
        <time>2026-05-29T16:11:41.000Z</time>
      </trkpt>
      <trkpt lat="44.136536" lon="15.307130">
        <ele>64.107179</ele>
        <time>2026-05-29T16:11:42.000Z</time>
      </trkpt>
      <trkpt lat="44.136561" lon="15.307179">
        <ele>64.129073</ele>
        <time>2026-05-29T16:11:43.000Z</time>
      </trkpt>
      <trkpt lat="44.136601" lon="15.307253">
        <ele>64.162810</ele>
        <time>2026-05-29T16:11:44.000Z</time>
      </trkpt>
      <trkpt lat="44.136636" lon="15.307319">
        <ele>64.192696</ele>
        <time>2026-05-29T16:11:45.000Z</time>
      </trkpt>
      <trkpt lat="44.136671" lon="15.307384">
        <ele>64.222288</ele>
        <time>2026-05-29T16:11:46.000Z</time>
      </trkpt>
      <trkpt lat="44.136705" lon="15.307446">
        <ele>64.250704</ele>
        <time>2026-05-29T16:11:47.000Z</time>
      </trkpt>
      <trkpt lat="44.136738" lon="15.307511">
        <ele>64.279699</ele>
        <time>2026-05-29T16:11:48.000Z</time>
      </trkpt>
      <trkpt lat="44.136764" lon="15.307562">
        <ele>64.302481</ele>
        <time>2026-05-29T16:11:49.000Z</time>
      </trkpt>
      <trkpt lat="44.136802" lon="15.307639">
        <ele>64.336512</ele>
        <time>2026-05-29T16:11:50.000Z</time>
      </trkpt>
      <trkpt lat="44.136832" lon="15.307703">
        <ele>64.364350</ele>
        <time>2026-05-29T16:11:51.000Z</time>
      </trkpt>
      <trkpt lat="44.136857" lon="15.307754">
        <ele>64.386842</ele>
        <time>2026-05-29T16:11:52.000Z</time>
      </trkpt>
      <trkpt lat="44.136895" lon="15.307829">
        <ele>64.420275</ele>
        <time>2026-05-29T16:11:53.000Z</time>
      </trkpt>
      <trkpt lat="44.136925" lon="15.307892">
        <ele>64.447809</ele>
        <time>2026-05-29T16:11:54.000Z</time>
      </trkpt>
      <trkpt lat="44.136956" lon="15.307956">
        <ele>64.475928</ele>
        <time>2026-05-29T16:11:55.000Z</time>
      </trkpt>
      <trkpt lat="44.136988" lon="15.308017">
        <ele>64.503444</ele>
        <time>2026-05-29T16:11:56.000Z</time>
      </trkpt>
      <trkpt lat="44.137019" lon="15.308078">
        <ele>64.530664</ele>
        <time>2026-05-29T16:11:57.000Z</time>
      </trkpt>
      <trkpt lat="44.137044" lon="15.308127">
        <ele>64.552558</ele>
        <time>2026-05-29T16:11:58.000Z</time>
      </trkpt>
      <trkpt lat="44.137079" lon="15.308200">
        <ele>64.584529</ele>
        <time>2026-05-29T16:11:59.000Z</time>
      </trkpt>
      <trkpt lat="44.137109" lon="15.308261">
        <ele>64.611459</ele>
        <time>2026-05-29T16:12:00.000Z</time>
      </trkpt>
      <trkpt lat="44.137131" lon="15.308310">
        <ele>64.632507</ele>
        <time>2026-05-29T16:12:01.000Z</time>
      </trkpt>
      <trkpt lat="44.137166" lon="15.308382">
        <ele>64.664176</ele>
        <time>2026-05-29T16:12:02.000Z</time>
      </trkpt>
      <trkpt lat="44.137195" lon="15.308442">
        <ele>64.690519</ele>
        <time>2026-05-29T16:12:03.000Z</time>
      </trkpt>
      <trkpt lat="44.137224" lon="15.308499">
        <ele>64.717530</ele>
        <time>2026-05-29T16:12:04.000Z</time>
      </trkpt>
      <trkpt lat="44.137253" lon="15.308558">
        <ele>64.756006</ele>
        <time>2026-05-29T16:12:05.000Z</time>
      </trkpt>
      <trkpt lat="44.137281" lon="15.308615">
        <ele>64.793170</ele>
        <time>2026-05-29T16:12:06.000Z</time>
      </trkpt>
      <trkpt lat="44.137310" lon="15.308672">
        <ele>64.830763</ele>
        <time>2026-05-29T16:12:07.000Z</time>
      </trkpt>
      <trkpt lat="44.137339" lon="15.308729">
        <ele>64.868356</ele>
        <time>2026-05-29T16:12:08.000Z</time>
      </trkpt>
      <trkpt lat="44.137366" lon="15.308787">
        <ele>64.905553</ele>
        <time>2026-05-29T16:12:09.000Z</time>
      </trkpt>
      <trkpt lat="44.137394" lon="15.308842">
        <ele>64.941835</ele>
        <time>2026-05-29T16:12:10.000Z</time>
      </trkpt>
      <trkpt lat="44.137422" lon="15.308897">
        <ele>64.978116</ele>
        <time>2026-05-29T16:12:11.000Z</time>
      </trkpt>
      <trkpt lat="44.137451" lon="15.308953">
        <ele>65.015272</ele>
        <time>2026-05-29T16:12:12.000Z</time>
      </trkpt>
      <trkpt lat="44.137473" lon="15.308996">
        <ele>65.043685</ele>
        <time>2026-05-29T16:12:13.000Z</time>
      </trkpt>
      <trkpt lat="44.137500" lon="15.309052">
        <ele>65.079983</ele>
        <time>2026-05-29T16:12:14.000Z</time>
      </trkpt>
      <trkpt lat="44.137528" lon="15.309109">
        <ele>65.117147</ele>
        <time>2026-05-29T16:12:15.000Z</time>
      </trkpt>
      <trkpt lat="44.137555" lon="15.309167">
        <ele>65.154344</ele>
        <time>2026-05-29T16:12:16.000Z</time>
      </trkpt>
      <trkpt lat="44.137588" lon="15.309237">
        <ele>65.199405</ele>
        <time>2026-05-29T16:12:17.000Z</time>
      </trkpt>
      <trkpt lat="44.137616" lon="15.309293">
        <ele>65.236127</ele>
        <time>2026-05-29T16:12:18.000Z</time>
      </trkpt>
      <trkpt lat="44.137639" lon="15.309338">
        <ele>65.265851</ele>
        <time>2026-05-29T16:12:19.000Z</time>
      </trkpt>
      <trkpt lat="44.137671" lon="15.309406">
        <ele>65.309602</ele>
        <time>2026-05-29T16:12:20.000Z</time>
      </trkpt>
      <trkpt lat="44.137700" lon="15.309462">
        <ele>65.346758</ele>
        <time>2026-05-29T16:12:21.000Z</time>
      </trkpt>
      <trkpt lat="44.137723" lon="15.309506">
        <ele>65.376045</ele>
        <time>2026-05-29T16:12:22.000Z</time>
      </trkpt>
      <trkpt lat="44.137756" lon="15.309574">
        <ele>65.420211</ele>
        <time>2026-05-29T16:12:23.000Z</time>
      </trkpt>
      <trkpt lat="44.137783" lon="15.309629">
        <ele>65.456064</ele>
        <time>2026-05-29T16:12:24.000Z</time>
      </trkpt>
      <trkpt lat="44.137807" lon="15.309671">
        <ele>65.484950</ele>
        <time>2026-05-29T16:12:25.000Z</time>
      </trkpt>
      <trkpt lat="44.137841" lon="15.309736">
        <ele>65.528226</ele>
        <time>2026-05-29T16:12:26.000Z</time>
      </trkpt>
      <trkpt lat="44.137871" lon="15.309789">
        <ele>65.564544</ele>
        <time>2026-05-29T16:12:27.000Z</time>
      </trkpt>
      <trkpt lat="44.137902" lon="15.309844">
        <ele>65.602172</ele>
        <time>2026-05-29T16:12:28.000Z</time>
      </trkpt>
      <trkpt lat="44.137933" lon="15.309899">
        <ele>65.639799</ele>
        <time>2026-05-29T16:12:29.000Z</time>
      </trkpt>
      <trkpt lat="44.137967" lon="15.309946">
        <ele>65.675705</ele>
        <time>2026-05-29T16:12:30.000Z</time>
      </trkpt>
      <trkpt lat="44.138007" lon="15.309979">
        <ele>65.710555</ele>
        <time>2026-05-29T16:12:31.000Z</time>
      </trkpt>
      <trkpt lat="44.138054" lon="15.309993">
        <ele>65.746587</ele>
        <time>2026-05-29T16:12:32.000Z</time>
      </trkpt>
      <trkpt lat="44.138103" lon="15.309988">
        <ele>65.783421</ele>
        <time>2026-05-29T16:12:33.000Z</time>
      </trkpt>
      <trkpt lat="44.138143" lon="15.309972">
        <ele>65.814620</ele>
        <time>2026-05-29T16:12:34.000Z</time>
      </trkpt>
      <trkpt lat="44.138196" lon="15.309936">
        <ele>65.858824</ele>
        <time>2026-05-29T16:12:35.000Z</time>
      </trkpt>
      <trkpt lat="44.138229" lon="15.309903">
        <ele>65.889276</ele>
        <time>2026-05-29T16:12:36.000Z</time>
      </trkpt>
      <trkpt lat="44.138275" lon="15.309851">
        <ele>65.933684</ele>
        <time>2026-05-29T16:12:37.000Z</time>
      </trkpt>
      <trkpt lat="44.138311" lon="15.309809">
        <ele>65.968884</ele>
        <time>2026-05-29T16:12:38.000Z</time>
      </trkpt>
      <trkpt lat="44.138348" lon="15.309765">
        <ele>66.005352</ele>
        <time>2026-05-29T16:12:39.000Z</time>
      </trkpt>
      <trkpt lat="44.138385" lon="15.309721">
        <ele>66.041819</ele>
        <time>2026-05-29T16:12:40.000Z</time>
      </trkpt>
      <trkpt lat="44.138422" lon="15.309680">
        <ele>66.065429</ele>
        <time>2026-05-29T16:12:41.000Z</time>
      </trkpt>
      <trkpt lat="44.138459" lon="15.309640">
        <ele>66.074781</ele>
        <time>2026-05-29T16:12:42.000Z</time>
      </trkpt>
      <trkpt lat="44.138496" lon="15.309594">
        <ele>66.084684</ele>
        <time>2026-05-29T16:12:43.000Z</time>
      </trkpt>
      <trkpt lat="44.138532" lon="15.309551">
        <ele>66.094153</ele>
        <time>2026-05-29T16:12:44.000Z</time>
      </trkpt>
      <trkpt lat="44.138571" lon="15.309525">
        <ele>66.102787</ele>
        <time>2026-05-29T16:12:45.000Z</time>
      </trkpt>
      <trkpt lat="44.138613" lon="15.309527">
        <ele>66.111179</ele>
        <time>2026-05-29T16:12:46.000Z</time>
      </trkpt>
      <trkpt lat="44.138653" lon="15.309554">
        <ele>66.120055</ele>
        <time>2026-05-29T16:12:47.000Z</time>
      </trkpt>
      <trkpt lat="44.138687" lon="15.309600">
        <ele>66.129519</ele>
        <time>2026-05-29T16:12:48.000Z</time>
      </trkpt>
      <trkpt lat="44.138715" lon="15.309656">
        <ele>66.139300</ele>
        <time>2026-05-29T16:12:49.000Z</time>
      </trkpt>
      <trkpt lat="44.138742" lon="15.309711">
        <ele>66.148850</ele>
        <time>2026-05-29T16:12:50.000Z</time>
      </trkpt>
      <trkpt lat="44.138769" lon="15.309769">
        <ele>66.158758</ele>
        <time>2026-05-29T16:12:51.000Z</time>
      </trkpt>
      <trkpt lat="44.138796" lon="15.309828">
        <ele>66.168787</ele>
        <time>2026-05-29T16:12:52.000Z</time>
      </trkpt>
      <trkpt lat="44.138824" lon="15.309887">
        <ele>66.178924</ele>
        <time>2026-05-29T16:12:53.000Z</time>
      </trkpt>
      <trkpt lat="44.138853" lon="15.309947">
        <ele>66.189291</ele>
        <time>2026-05-29T16:12:54.000Z</time>
      </trkpt>
      <trkpt lat="44.138883" lon="15.310008">
        <ele>66.199889</ele>
        <time>2026-05-29T16:12:55.000Z</time>
      </trkpt>
      <trkpt lat="44.138907" lon="15.310056">
        <ele>66.208273</ele>
        <time>2026-05-29T16:12:56.000Z</time>
      </trkpt>
      <trkpt lat="44.138938" lon="15.310116">
        <ele>66.218869</ele>
        <time>2026-05-29T16:12:57.000Z</time>
      </trkpt>
      <trkpt lat="44.138977" lon="15.310188">
        <ele>66.231797</ele>
        <time>2026-05-29T16:12:58.000Z</time>
      </trkpt>
      <trkpt lat="44.139008" lon="15.310248">
        <ele>66.242392</ele>
        <time>2026-05-29T16:12:59.000Z</time>
      </trkpt>
      <trkpt lat="44.139041" lon="15.310308">
        <ele>66.253226</ele>
        <time>2026-05-29T16:13:00.000Z</time>
      </trkpt>
      <trkpt lat="44.139073" lon="15.310371">
        <ele>66.264288</ele>
        <time>2026-05-29T16:13:01.000Z</time>
      </trkpt>
      <trkpt lat="44.139104" lon="15.310436">
        <ele>66.275473</ele>
        <time>2026-05-29T16:13:02.000Z</time>
      </trkpt>
      <trkpt lat="44.139136" lon="15.310498">
        <ele>66.286418</ele>
        <time>2026-05-29T16:13:03.000Z</time>
      </trkpt>
      <trkpt lat="44.139169" lon="15.310561">
        <ele>66.297596</ele>
        <time>2026-05-29T16:13:04.000Z</time>
      </trkpt>
      <trkpt lat="44.139202" lon="15.310625">
        <ele>66.308890</ele>
        <time>2026-05-29T16:13:05.000Z</time>
      </trkpt>
      <trkpt lat="44.139234" lon="15.310690">
        <ele>66.320186</ele>
        <time>2026-05-29T16:13:06.000Z</time>
      </trkpt>
      <trkpt lat="44.139268" lon="15.310755">
        <ele>66.331714</ele>
        <time>2026-05-29T16:13:07.000Z</time>
      </trkpt>
      <trkpt lat="44.139304" lon="15.310821">
        <ele>66.343595</ele>
        <time>2026-05-29T16:13:08.000Z</time>
      </trkpt>
      <trkpt lat="44.139333" lon="15.310874">
        <ele>66.353146</ele>
        <time>2026-05-29T16:13:09.000Z</time>
      </trkpt>
      <trkpt lat="44.139375" lon="15.310954">
        <ele>66.367352</ele>
        <time>2026-05-29T16:13:10.000Z</time>
      </trkpt>
      <trkpt lat="44.139409" lon="15.311020">
        <ele>66.378995</ele>
        <time>2026-05-29T16:13:11.000Z</time>
      </trkpt>
      <trkpt lat="44.139435" lon="15.311074">
        <ele>66.388315</ele>
        <time>2026-05-29T16:13:12.000Z</time>
      </trkpt>
      <trkpt lat="44.139474" lon="15.311151">
        <ele>66.401821</ele>
        <time>2026-05-29T16:13:13.000Z</time>
      </trkpt>
      <trkpt lat="44.139507" lon="15.311215">
        <ele>66.413115</ele>
        <time>2026-05-29T16:13:14.000Z</time>
      </trkpt>
      <trkpt lat="44.139539" lon="15.311280">
        <ele>66.428393</ele>
        <time>2026-05-29T16:13:15.000Z</time>
      </trkpt>
      <trkpt lat="44.139572" lon="15.311343">
        <ele>66.450452</ele>
        <time>2026-05-29T16:13:16.000Z</time>
      </trkpt>
      <trkpt lat="44.139606" lon="15.311407">
        <ele>66.472972</ele>
        <time>2026-05-29T16:13:17.000Z</time>
      </trkpt>
      <trkpt lat="44.139632" lon="15.311457">
        <ele>66.490435</ele>
        <time>2026-05-29T16:13:18.000Z</time>
      </trkpt>
      <trkpt lat="44.139672" lon="15.311535">
        <ele>66.517549</ele>
        <time>2026-05-29T16:13:19.000Z</time>
      </trkpt>
      <trkpt lat="44.139705" lon="15.311599">
        <ele>66.539837</ele>
        <time>2026-05-29T16:13:20.000Z</time>
      </trkpt>
      <trkpt lat="44.139739" lon="15.311664">
        <ele>66.562585</ele>
        <time>2026-05-29T16:13:21.000Z</time>
      </trkpt>
      <trkpt lat="44.139772" lon="15.311727">
        <ele>66.584644</ele>
        <time>2026-05-29T16:13:22.000Z</time>
      </trkpt>
      <trkpt lat="44.139806" lon="15.311789">
        <ele>66.606712</ele>
        <time>2026-05-29T16:13:23.000Z</time>
      </trkpt>
      <trkpt lat="44.139839" lon="15.311854">
        <ele>66.629231</ele>
        <time>2026-05-29T16:13:24.000Z</time>
      </trkpt>
      <trkpt lat="44.139872" lon="15.311920">
        <ele>66.651981</ele>
        <time>2026-05-29T16:13:25.000Z</time>
      </trkpt>
      <trkpt lat="44.139904" lon="15.311985">
        <ele>66.674274</ele>
        <time>2026-05-29T16:13:26.000Z</time>
      </trkpt>
      <trkpt lat="44.139936" lon="15.312047">
        <ele>66.695873</ele>
        <time>2026-05-29T16:13:27.000Z</time>
      </trkpt>
      <trkpt lat="44.139968" lon="15.312108">
        <ele>66.717242</ele>
        <time>2026-05-29T16:13:28.000Z</time>
      </trkpt>
      <trkpt lat="44.139998" lon="15.312170">
        <ele>66.738391</ele>
        <time>2026-05-29T16:13:29.000Z</time>
      </trkpt>
      <trkpt lat="44.140023" lon="15.312218">
        <ele>66.755164</ele>
        <time>2026-05-29T16:13:30.000Z</time>
      </trkpt>
      <trkpt lat="44.140063" lon="15.312287">
        <ele>66.780250</ele>
        <time>2026-05-29T16:13:31.000Z</time>
      </trkpt>
      <trkpt lat="44.140093" lon="15.312344">
        <ele>66.800242</ele>
        <time>2026-05-29T16:13:32.000Z</time>
      </trkpt>
      <trkpt lat="44.140122" lon="15.312404">
        <ele>66.820701</ele>
        <time>2026-05-29T16:13:33.000Z</time>
      </trkpt>
      <trkpt lat="44.140151" lon="15.312464">
        <ele>66.841159</ele>
        <time>2026-05-29T16:13:34.000Z</time>
      </trkpt>
      <trkpt lat="44.140179" lon="15.312524">
        <ele>66.861401</ele>
        <time>2026-05-29T16:13:35.000Z</time>
      </trkpt>
      <trkpt lat="44.140202" lon="15.312570">
        <ele>66.877257</ele>
        <time>2026-05-29T16:13:36.000Z</time>
      </trkpt>
      <trkpt lat="44.140235" lon="15.312641">
        <ele>66.901180</ele>
        <time>2026-05-29T16:13:37.000Z</time>
      </trkpt>
      <trkpt lat="44.140264" lon="15.312702">
        <ele>66.921874</ele>
        <time>2026-05-29T16:13:38.000Z</time>
      </trkpt>
      <trkpt lat="44.140288" lon="15.312749">
        <ele>66.938188</ele>
        <time>2026-05-29T16:13:39.000Z</time>
      </trkpt>
      <trkpt lat="44.140317" lon="15.312807">
        <ele>66.958181</ele>
        <time>2026-05-29T16:13:40.000Z</time>
      </trkpt>
      <trkpt lat="44.140346" lon="15.312864">
        <ele>66.977941</ele>
        <time>2026-05-29T16:13:41.000Z</time>
      </trkpt>
      <trkpt lat="44.140375" lon="15.312919">
        <ele>66.997243</ele>
        <time>2026-05-29T16:13:42.000Z</time>
      </trkpt>
      <trkpt lat="44.140402" lon="15.312976">
        <ele>67.016559</ele>
        <time>2026-05-29T16:13:43.000Z</time>
      </trkpt>
      <trkpt lat="44.140432" lon="15.313038">
        <ele>67.037707</ele>
        <time>2026-05-29T16:13:44.000Z</time>
      </trkpt>
      <trkpt lat="44.140455" lon="15.313085">
        <ele>67.053796</ele>
        <time>2026-05-29T16:13:45.000Z</time>
      </trkpt>
      <trkpt lat="44.140476" lon="15.313125">
        <ele>67.067813</ele>
        <time>2026-05-29T16:13:46.000Z</time>
      </trkpt>
      <trkpt lat="44.140495" lon="15.313159">
        <ele>67.080000</ele>
        <time>2026-05-29T16:13:47.000Z</time>
      </trkpt>
      <trkpt lat="44.140511" lon="15.313192">
        <ele>67.091263</ele>
        <time>2026-05-29T16:13:48.000Z</time>
      </trkpt>
      <trkpt lat="44.140528" lon="15.313224">
        <ele>67.102523</ele>
        <time>2026-05-29T16:13:49.000Z</time>
      </trkpt>
      <trkpt lat="44.140546" lon="15.313259">
        <ele>67.114701</ele>
        <time>2026-05-29T16:13:50.000Z</time>
      </trkpt>
      <trkpt lat="44.140567" lon="15.313298">
        <ele>67.128491</ele>
        <time>2026-05-29T16:13:51.000Z</time>
      </trkpt>
      <trkpt lat="44.140588" lon="15.313343">
        <ele>67.149405</ele>
        <time>2026-05-29T16:13:52.000Z</time>
      </trkpt>
      <trkpt lat="44.140611" lon="15.313391">
        <ele>67.172178</ele>
        <time>2026-05-29T16:13:53.000Z</time>
      </trkpt>
      <trkpt lat="44.140634" lon="15.313440">
        <ele>67.195279</ele>
        <time>2026-05-29T16:13:54.000Z</time>
      </trkpt>
      <trkpt lat="44.140661" lon="15.313489">
        <ele>67.219654</ele>
        <time>2026-05-29T16:13:55.000Z</time>
      </trkpt>
      <trkpt lat="44.140689" lon="15.313541">
        <ele>67.245304</ele>
        <time>2026-05-29T16:13:56.000Z</time>
      </trkpt>
      <trkpt lat="44.140717" lon="15.313593">
        <ele>67.270954</ele>
        <time>2026-05-29T16:13:57.000Z</time>
      </trkpt>
      <trkpt lat="44.140745" lon="15.313646">
        <ele>67.296921</ele>
        <time>2026-05-29T16:13:58.000Z</time>
      </trkpt>
      <trkpt lat="44.140775" lon="15.313702">
        <ele>67.324493</ele>
        <time>2026-05-29T16:13:59.000Z</time>
      </trkpt>
      <trkpt lat="44.140800" lon="15.313746">
        <ele>67.346636</ele>
        <time>2026-05-29T16:14:00.000Z</time>
      </trkpt>
      <trkpt lat="44.140832" lon="15.313800">
        <ele>67.374267</ele>
        <time>2026-05-29T16:14:01.000Z</time>
      </trkpt>
      <trkpt lat="44.140863" lon="15.313857">
        <ele>67.402485</ele>
        <time>2026-05-29T16:14:02.000Z</time>
      </trkpt>
      <trkpt lat="44.140893" lon="15.313915">
        <ele>67.430694</ele>
        <time>2026-05-29T16:14:03.000Z</time>
      </trkpt>
      <trkpt lat="44.140929" lon="15.313983">
        <ele>67.464034</ele>
        <time>2026-05-29T16:14:04.000Z</time>
      </trkpt>
      <trkpt lat="44.140961" lon="15.314042">
        <ele>67.493213</ele>
        <time>2026-05-29T16:14:05.000Z</time>
      </trkpt>
      <trkpt lat="44.140993" lon="15.314101">
        <ele>67.522393</ele>
        <time>2026-05-29T16:14:06.000Z</time>
      </trkpt>
      <trkpt lat="44.141024" lon="15.314159">
        <ele>67.550926</ele>
        <time>2026-05-29T16:14:07.000Z</time>
      </trkpt>
      <trkpt lat="44.141057" lon="15.314217">
        <ele>67.580130</ele>
        <time>2026-05-29T16:14:08.000Z</time>
      </trkpt>
      <trkpt lat="44.141089" lon="15.314276">
        <ele>67.609309</ele>
        <time>2026-05-29T16:14:09.000Z</time>
      </trkpt>
      <trkpt lat="44.141119" lon="15.314336">
        <ele>67.638162</ele>
        <time>2026-05-29T16:14:10.000Z</time>
      </trkpt>
      <trkpt lat="44.141152" lon="15.314394">
        <ele>67.667365</ele>
        <time>2026-05-29T16:14:11.000Z</time>
      </trkpt>
      <trkpt lat="44.141178" lon="15.314438">
        <ele>67.689853</ele>
        <time>2026-05-29T16:14:12.000Z</time>
      </trkpt>
      <trkpt lat="44.141219" lon="15.314504">
        <ele>67.724295</ele>
        <time>2026-05-29T16:14:13.000Z</time>
      </trkpt>
      <trkpt lat="44.141250" lon="15.314561">
        <ele>67.752513</ele>
        <time>2026-05-29T16:14:14.000Z</time>
      </trkpt>
      <trkpt lat="44.141280" lon="15.314622">
        <ele>67.781690</ele>
        <time>2026-05-29T16:14:15.000Z</time>
      </trkpt>
      <trkpt lat="44.141310" lon="15.314678">
        <ele>67.809262</ele>
        <time>2026-05-29T16:14:16.000Z</time>
      </trkpt>
      <trkpt lat="44.141342" lon="15.314731">
        <ele>67.836590</ele>
        <time>2026-05-29T16:14:17.000Z</time>
      </trkpt>
      <trkpt lat="44.141376" lon="15.314787">
        <ele>67.865532</ele>
        <time>2026-05-29T16:14:18.000Z</time>
      </trkpt>
      <trkpt lat="44.141410" lon="15.314843">
        <ele>67.894473</ele>
        <time>2026-05-29T16:14:19.000Z</time>
      </trkpt>
      <trkpt lat="44.141443" lon="15.314898">
        <ele>67.922759</ele>
        <time>2026-05-29T16:14:20.000Z</time>
      </trkpt>
      <trkpt lat="44.141468" lon="15.314945">
        <ele>67.945841</ele>
        <time>2026-05-29T16:14:21.000Z</time>
      </trkpt>
      <trkpt lat="44.141501" lon="15.315002">
        <ele>67.974737</ele>
        <time>2026-05-29T16:14:22.000Z</time>
      </trkpt>
      <trkpt lat="44.141535" lon="15.315059">
        <ele>68.003981</ele>
        <time>2026-05-29T16:14:23.000Z</time>
      </trkpt>
      <trkpt lat="44.141577" lon="15.315129">
        <ele>68.039980</ele>
        <time>2026-05-29T16:14:24.000Z</time>
      </trkpt>
      <trkpt lat="44.141612" lon="15.315188">
        <ele>68.070183</ele>
        <time>2026-05-29T16:14:25.000Z</time>
      </trkpt>
      <trkpt lat="44.141647" lon="15.315245">
        <ele>68.099781</ele>
        <time>2026-05-29T16:14:26.000Z</time>
      </trkpt>
      <trkpt lat="44.141682" lon="15.315303">
        <ele>68.129531</ele>
        <time>2026-05-29T16:14:27.000Z</time>
      </trkpt>
      <trkpt lat="44.141717" lon="15.315363">
        <ele>68.159646</ele>
        <time>2026-05-29T16:14:28.000Z</time>
      </trkpt>
      <trkpt lat="44.141752" lon="15.315421">
        <ele>68.189161</ele>
        <time>2026-05-29T16:14:29.000Z</time>
      </trkpt>
      <trkpt lat="44.141781" lon="15.315468">
        <ele>68.213303</ele>
        <time>2026-05-29T16:14:30.000Z</time>
      </trkpt>
      <trkpt lat="44.141822" lon="15.315538">
        <ele>68.248495</ele>
        <time>2026-05-29T16:14:31.000Z</time>
      </trkpt>
      <trkpt lat="44.141857" lon="15.315597">
        <ele>68.278309</ele>
        <time>2026-05-29T16:14:32.000Z</time>
      </trkpt>
      <trkpt lat="44.141883" lon="15.315643">
        <ele>68.301115</ele>
        <time>2026-05-29T16:14:33.000Z</time>
      </trkpt>
      <trkpt lat="44.141921" lon="15.315713">
        <ele>68.335300</ele>
        <time>2026-05-29T16:14:34.000Z</time>
      </trkpt>
      <trkpt lat="44.141954" lon="15.315771">
        <ele>68.364129</ele>
        <time>2026-05-29T16:14:35.000Z</time>
      </trkpt>
      <trkpt lat="44.141980" lon="15.315818">
        <ele>68.387242</ele>
        <time>2026-05-29T16:14:36.000Z</time>
      </trkpt>
      <trkpt lat="44.142020" lon="15.315886">
        <ele>68.421487</ele>
        <time>2026-05-29T16:14:37.000Z</time>
      </trkpt>
      <trkpt lat="44.142053" lon="15.315944">
        <ele>68.450315</ele>
        <time>2026-05-29T16:14:38.000Z</time>
      </trkpt>
      <trkpt lat="44.142078" lon="15.315988">
        <ele>68.472173</ele>
        <time>2026-05-29T16:14:39.000Z</time>
      </trkpt>
      <trkpt lat="44.142117" lon="15.316053">
        <ele>68.505172</ele>
        <time>2026-05-29T16:14:40.000Z</time>
      </trkpt>
      <trkpt lat="44.142148" lon="15.316109">
        <ele>68.532718</ele>
        <time>2026-05-29T16:14:41.000Z</time>
      </trkpt>
      <trkpt lat="44.142181" lon="15.316167">
        <ele>68.561547</ele>
        <time>2026-05-29T16:14:42.000Z</time>
      </trkpt>
      <trkpt lat="44.142212" lon="15.316224">
        <ele>68.589402</ele>
        <time>2026-05-29T16:14:43.000Z</time>
      </trkpt>
      <trkpt lat="44.142244" lon="15.316281">
        <ele>68.617589</ele>
        <time>2026-05-29T16:14:44.000Z</time>
      </trkpt>
      <trkpt lat="44.142274" lon="15.316339">
        <ele>68.645435</ele>
        <time>2026-05-29T16:14:45.000Z</time>
      </trkpt>
      <trkpt lat="44.142296" lon="15.316405">
        <ele>68.673778</ele>
        <time>2026-05-29T16:14:46.000Z</time>
      </trkpt>
      <trkpt lat="44.142315" lon="15.316481">
        <ele>68.705123</ele>
        <time>2026-05-29T16:14:47.000Z</time>
      </trkpt>
      <trkpt lat="44.142332" lon="15.316554">
        <ele>68.735014</ele>
        <time>2026-05-29T16:14:48.000Z</time>
      </trkpt>
      <trkpt lat="44.142355" lon="15.316622">
        <ele>68.764293</ele>
        <time>2026-05-29T16:14:49.000Z</time>
      </trkpt>
      <trkpt lat="44.142385" lon="15.316687">
        <ele>68.794393</ele>
        <time>2026-05-29T16:14:50.000Z</time>
      </trkpt>
      <trkpt lat="44.142409" lon="15.316738">
        <ele>68.818146</ele>
        <time>2026-05-29T16:14:51.000Z</time>
      </trkpt>
      <trkpt lat="44.142447" lon="15.316814">
        <ele>68.854222</ele>
        <time>2026-05-29T16:14:52.000Z</time>
      </trkpt>
      <trkpt lat="44.142480" lon="15.316878">
        <ele>68.884916</ele>
        <time>2026-05-29T16:14:53.000Z</time>
      </trkpt>
      <trkpt lat="44.142513" lon="15.316940">
        <ele>68.914981</ele>
        <time>2026-05-29T16:14:54.000Z</time>
      </trkpt>
      <trkpt lat="44.142546" lon="15.317003">
        <ele>68.945359</ele>
        <time>2026-05-29T16:14:55.000Z</time>
      </trkpt>
      <trkpt lat="44.142576" lon="15.317068">
        <ele>68.975459</ele>
        <time>2026-05-29T16:14:56.000Z</time>
      </trkpt>
      <trkpt lat="44.142607" lon="15.317128">
        <ele>69.004254</ele>
        <time>2026-05-29T16:14:57.000Z</time>
      </trkpt>
      <trkpt lat="44.142637" lon="15.317182">
        <ele>69.030852</ele>
        <time>2026-05-29T16:14:58.000Z</time>
      </trkpt>
      <trkpt lat="44.142667" lon="15.317235">
        <ele>69.057142</ele>
        <time>2026-05-29T16:14:59.000Z</time>
      </trkpt>
      <trkpt lat="44.142695" lon="15.317289">
        <ele>69.083090</ele>
        <time>2026-05-29T16:15:00.000Z</time>
      </trkpt>
      <trkpt lat="44.142724" lon="15.317344">
        <ele>69.140412</ele>
        <time>2026-05-29T16:15:01.000Z</time>
      </trkpt>
      <trkpt lat="44.142751" lon="15.317400">
        <ele>69.219044</ele>
        <time>2026-05-29T16:15:02.000Z</time>
      </trkpt>
      <trkpt lat="44.142772" lon="15.317447">
        <ele>69.283573</ele>
        <time>2026-05-29T16:15:03.000Z</time>
      </trkpt>
      <trkpt lat="44.142799" lon="15.317505">
        <ele>69.364151</ele>
        <time>2026-05-29T16:15:04.000Z</time>
      </trkpt>
      <trkpt lat="44.142828" lon="15.317561">
        <ele>69.444640</ele>
        <time>2026-05-29T16:15:05.000Z</time>
      </trkpt>
      <trkpt lat="44.142858" lon="15.317615">
        <ele>69.524234</ele>
        <time>2026-05-29T16:15:06.000Z</time>
      </trkpt>
      <trkpt lat="44.142893" lon="15.317680">
        <ele>69.618948</ele>
        <time>2026-05-29T16:15:07.000Z</time>
      </trkpt>
      <trkpt lat="44.142922" lon="15.317731">
        <ele>69.694788</ele>
        <time>2026-05-29T16:15:08.000Z</time>
      </trkpt>
      <trkpt lat="44.142953" lon="15.317784">
        <ele>69.774480</ele>
        <time>2026-05-29T16:15:09.000Z</time>
      </trkpt>
      <trkpt lat="44.142983" lon="15.317836">
        <ele>69.852244</ele>
        <time>2026-05-29T16:15:10.000Z</time>
      </trkpt>
      <trkpt lat="44.143014" lon="15.317889">
        <ele>69.931936</ele>
        <time>2026-05-29T16:15:11.000Z</time>
      </trkpt>
      <trkpt lat="44.143039" lon="15.317932">
        <ele>69.996437</ele>
        <time>2026-05-29T16:15:12.000Z</time>
      </trkpt>
      <trkpt lat="44.143071" lon="15.317997">
        <ele>70.088309</ele>
        <time>2026-05-29T16:15:13.000Z</time>
      </trkpt>
      <trkpt lat="44.143097" lon="15.318052">
        <ele>70.165071</ele>
        <time>2026-05-29T16:15:14.000Z</time>
      </trkpt>
      <trkpt lat="44.143123" lon="15.318105">
        <ele>70.239897</ele>
        <time>2026-05-29T16:15:15.000Z</time>
      </trkpt>
      <trkpt lat="44.143151" lon="15.318162">
        <ele>70.320406</ele>
        <time>2026-05-29T16:15:16.000Z</time>
      </trkpt>
      <trkpt lat="44.143177" lon="15.318215">
        <ele>70.395232</ele>
        <time>2026-05-29T16:15:17.000Z</time>
      </trkpt>
      <trkpt lat="44.143196" lon="15.318257">
        <ele>70.453098</ele>
        <time>2026-05-29T16:15:18.000Z</time>
      </trkpt>
      <trkpt lat="44.143226" lon="15.318319">
        <ele>70.540252</ele>
        <time>2026-05-29T16:15:19.000Z</time>
      </trkpt>
      <trkpt lat="44.143253" lon="15.318369">
        <ele>70.613184</ele>
        <time>2026-05-29T16:15:20.000Z</time>
      </trkpt>
      <trkpt lat="44.143280" lon="15.318421">
        <ele>70.687991</ele>
        <time>2026-05-29T16:15:21.000Z</time>
      </trkpt>
      <trkpt lat="44.143308" lon="15.318472">
        <ele>70.762833</ele>
        <time>2026-05-29T16:15:22.000Z</time>
      </trkpt>
      <trkpt lat="44.143336" lon="15.318525">
        <ele>70.839539</ele>
        <time>2026-05-29T16:15:23.000Z</time>
      </trkpt>
      <trkpt lat="44.143364" lon="15.318578">
        <ele>70.916245</ele>
        <time>2026-05-29T16:15:24.000Z</time>
      </trkpt>
      <trkpt lat="44.143392" lon="15.318632">
        <ele>70.993893</ele>
        <time>2026-05-29T16:15:25.000Z</time>
      </trkpt>
      <trkpt lat="44.143417" lon="15.318686">
        <ele>71.068791</ele>
        <time>2026-05-29T16:15:26.000Z</time>
      </trkpt>
      <trkpt lat="44.143437" lon="15.318730">
        <ele>71.129495</ele>
        <time>2026-05-29T16:15:27.000Z</time>
      </trkpt>
      <trkpt lat="44.143464" lon="15.318790">
        <ele>71.212038</ele>
        <time>2026-05-29T16:15:28.000Z</time>
      </trkpt>
      <trkpt lat="44.143488" lon="15.318834">
        <ele>71.276452</ele>
        <time>2026-05-29T16:15:29.000Z</time>
      </trkpt>
      <trkpt lat="44.143512" lon="15.318876">
        <ele>71.339027</ele>
        <time>2026-05-29T16:15:30.000Z</time>
      </trkpt>
      <trkpt lat="44.143536" lon="15.318918">
        <ele>71.401602</ele>
        <time>2026-05-29T16:15:31.000Z</time>
      </trkpt>
      <trkpt lat="44.143558" lon="15.318960">
        <ele>71.462207</ele>
        <time>2026-05-29T16:15:32.000Z</time>
      </trkpt>
      <trkpt lat="44.143581" lon="15.319005">
        <ele>71.526598</ele>
        <time>2026-05-29T16:15:33.000Z</time>
      </trkpt>
      <trkpt lat="44.143603" lon="15.319053">
        <ele>71.592979</ele>
        <time>2026-05-29T16:15:34.000Z</time>
      </trkpt>
      <trkpt lat="44.143624" lon="15.319104">
        <ele>71.661510</ele>
        <time>2026-05-29T16:15:35.000Z</time>
      </trkpt>
      <trkpt lat="44.143646" lon="15.319152">
        <ele>71.727891</ele>
        <time>2026-05-29T16:15:36.000Z</time>
      </trkpt>
      <trkpt lat="44.143671" lon="15.319198">
        <ele>71.795144</ele>
        <time>2026-05-29T16:15:37.000Z</time>
      </trkpt>
      <trkpt lat="44.143698" lon="15.319239">
        <ele>71.860001</ele>
        <time>2026-05-29T16:15:38.000Z</time>
      </trkpt>
      <trkpt lat="44.143721" lon="15.319285">
        <ele>71.925345</ele>
        <time>2026-05-29T16:15:39.000Z</time>
      </trkpt>
      <trkpt lat="44.143746" lon="15.319330">
        <ele>71.991673</ele>
        <time>2026-05-29T16:15:40.000Z</time>
      </trkpt>
      <trkpt lat="44.143768" lon="15.319375">
        <ele>72.075590</ele>
        <time>2026-05-29T16:15:41.000Z</time>
      </trkpt>
      <trkpt lat="44.143790" lon="15.319419">
        <ele>72.170378</ele>
        <time>2026-05-29T16:15:42.000Z</time>
      </trkpt>
      <trkpt lat="44.143812" lon="15.319462">
        <ele>72.263721</ele>
        <time>2026-05-29T16:15:43.000Z</time>
      </trkpt>
      <trkpt lat="44.143833" lon="15.319508">
        <ele>72.360086</ele>
        <time>2026-05-29T16:15:44.000Z</time>
      </trkpt>
      <trkpt lat="44.143854" lon="15.319552">
        <ele>72.453487</ele>
        <time>2026-05-29T16:15:45.000Z</time>
      </trkpt>
      <trkpt lat="44.143875" lon="15.319596">
        <ele>72.546889</ele>
        <time>2026-05-29T16:15:46.000Z</time>
      </trkpt>
      <trkpt lat="44.143892" lon="15.319630">
        <ele>72.620134</ele>
        <time>2026-05-29T16:15:47.000Z</time>
      </trkpt>
      <trkpt lat="44.143913" lon="15.319672">
        <ele>72.710613</ele>
        <time>2026-05-29T16:15:48.000Z</time>
      </trkpt>
      <trkpt lat="44.143936" lon="15.319713">
        <ele>72.802598</ele>
        <time>2026-05-29T16:15:49.000Z</time>
      </trkpt>
      <trkpt lat="44.143961" lon="15.319764">
        <ele>72.911766</ele>
        <time>2026-05-29T16:15:50.000Z</time>
      </trkpt>
      <trkpt lat="44.143984" lon="15.319806">
        <ele>73.005149</ele>
        <time>2026-05-29T16:15:51.000Z</time>
      </trkpt>
      <trkpt lat="44.144006" lon="15.319848">
        <ele>73.097058</ele>
        <time>2026-05-29T16:15:52.000Z</time>
      </trkpt>
      <trkpt lat="44.144027" lon="15.319892">
        <ele>73.190460</ele>
        <time>2026-05-29T16:15:53.000Z</time>
      </trkpt>
      <trkpt lat="44.144048" lon="15.319934">
        <ele>73.280939</ele>
        <time>2026-05-29T16:15:54.000Z</time>
      </trkpt>
      <trkpt lat="44.144068" lon="15.319975">
        <ele>73.368565</ele>
        <time>2026-05-29T16:15:55.000Z</time>
      </trkpt>
      <trkpt lat="44.144089" lon="15.320017">
        <ele>73.459045</ele>
        <time>2026-05-29T16:15:56.000Z</time>
      </trkpt>
      <trkpt lat="44.144108" lon="15.320058">
        <ele>73.545310</ele>
        <time>2026-05-29T16:15:57.000Z</time>
      </trkpt>
      <trkpt lat="44.144130" lon="15.320099">
        <ele>73.635798</ele>
        <time>2026-05-29T16:15:58.000Z</time>
      </trkpt>
      <trkpt lat="44.144151" lon="15.320138">
        <ele>73.721980</ele>
        <time>2026-05-29T16:15:59.000Z</time>
      </trkpt>
      <trkpt lat="44.144170" lon="15.320178">
        <ele>73.806766</ele>
        <time>2026-05-29T16:16:00.000Z</time>
      </trkpt>
      <trkpt lat="44.144191" lon="15.320219">
        <ele>73.895801</ele>
        <time>2026-05-29T16:16:01.000Z</time>
      </trkpt>
      <trkpt lat="44.144208" lon="15.320249">
        <ele>73.963366</ele>
        <time>2026-05-29T16:16:02.000Z</time>
      </trkpt>
      <trkpt lat="44.144231" lon="15.320293">
        <ele>74.059583</ele>
        <time>2026-05-29T16:16:03.000Z</time>
      </trkpt>
      <trkpt lat="44.144250" lon="15.320325">
        <ele>74.132994</ele>
        <time>2026-05-29T16:16:04.000Z</time>
      </trkpt>
      <trkpt lat="44.144264" lon="15.320351">
        <ele>74.190449</ele>
        <time>2026-05-29T16:16:05.000Z</time>
      </trkpt>
      <trkpt lat="44.144285" lon="15.320391">
        <ele>74.278051</ele>
        <time>2026-05-29T16:16:06.000Z</time>
      </trkpt>
      <trkpt lat="44.144303" lon="15.320424">
        <ele>74.351316</ele>
        <time>2026-05-29T16:16:07.000Z</time>
      </trkpt>
      <trkpt lat="44.144315" lon="15.320452">
        <ele>74.408961</ele>
        <time>2026-05-29T16:16:08.000Z</time>
      </trkpt>
      <trkpt lat="44.144336" lon="15.320493">
        <ele>74.497995</ele>
        <time>2026-05-29T16:16:09.000Z</time>
      </trkpt>
      <trkpt lat="44.144354" lon="15.320525">
        <ele>74.569862</ele>
        <time>2026-05-29T16:16:10.000Z</time>
      </trkpt>
      <trkpt lat="44.144373" lon="15.320560">
        <ele>74.647432</ele>
        <time>2026-05-29T16:16:11.000Z</time>
      </trkpt>
      <trkpt lat="44.144391" lon="15.320596">
        <ele>74.724985</ele>
        <time>2026-05-29T16:16:12.000Z</time>
      </trkpt>
      <trkpt lat="44.144411" lon="15.320631">
        <ele>74.804066</ele>
        <time>2026-05-29T16:16:13.000Z</time>
      </trkpt>
      <trkpt lat="44.144426" lon="15.320658">
        <ele>74.864420</ele>
        <time>2026-05-29T16:16:14.000Z</time>
      </trkpt>
      <trkpt lat="44.144447" lon="15.320704">
        <ele>74.960784</ele>
        <time>2026-05-29T16:16:15.000Z</time>
      </trkpt>
      <trkpt lat="44.144465" lon="15.320742">
        <ele>75.041263</ele>
        <time>2026-05-29T16:16:16.000Z</time>
      </trkpt>
      <trkpt lat="44.144482" lon="15.320779">
        <ele>75.118917</ele>
        <time>2026-05-29T16:16:17.000Z</time>
      </trkpt>
      <trkpt lat="44.144499" lon="15.320817">
        <ele>75.198066</ele>
        <time>2026-05-29T16:16:18.000Z</time>
      </trkpt>
      <trkpt lat="44.144515" lon="15.320854">
        <ele>75.274420</ele>
        <time>2026-05-29T16:16:19.000Z</time>
      </trkpt>
      <trkpt lat="44.144530" lon="15.320885">
        <ele>75.340506</ele>
        <time>2026-05-29T16:16:20.000Z</time>
      </trkpt>
      <trkpt lat="44.144552" lon="15.320928">
        <ele>75.433848</ele>
        <time>2026-05-29T16:16:21.000Z</time>
      </trkpt>
      <trkpt lat="44.144571" lon="15.320965">
        <ele>75.514266</ele>
        <time>2026-05-29T16:16:22.000Z</time>
      </trkpt>
      <trkpt lat="44.144586" lon="15.320995">
        <ele>75.578893</ele>
        <time>2026-05-29T16:16:23.000Z</time>
      </trkpt>
      <trkpt lat="44.144608" lon="15.321038">
        <ele>75.672236</ele>
        <time>2026-05-29T16:16:24.000Z</time>
      </trkpt>
      <trkpt lat="44.144626" lon="15.321077">
        <ele>75.754195</ele>
        <time>2026-05-29T16:16:25.000Z</time>
      </trkpt>
      <trkpt lat="44.144644" lon="15.321109">
        <ele>75.826061</ele>
        <time>2026-05-29T16:16:26.000Z</time>
      </trkpt>
      <trkpt lat="44.144668" lon="15.321154">
        <ele>75.925161</ele>
        <time>2026-05-29T16:16:27.000Z</time>
      </trkpt>
      <trkpt lat="44.144689" lon="15.321193">
        <ele>76.011343</ele>
        <time>2026-05-29T16:16:28.000Z</time>
      </trkpt>
      <trkpt lat="44.144708" lon="15.321230">
        <ele>76.091760</ele>
        <time>2026-05-29T16:16:29.000Z</time>
      </trkpt>
      <trkpt lat="44.144725" lon="15.321258">
        <ele>76.156588</ele>
        <time>2026-05-29T16:16:30.000Z</time>
      </trkpt>
      <trkpt lat="44.144746" lon="15.321294">
        <ele>76.238589</ele>
        <time>2026-05-29T16:16:31.000Z</time>
      </trkpt>
      <trkpt lat="44.144770" lon="15.321336">
        <ele>76.333486</ele>
        <time>2026-05-29T16:16:32.000Z</time>
      </trkpt>
      <trkpt lat="44.144788" lon="15.321374">
        <ele>76.413965</ele>
        <time>2026-05-29T16:16:33.000Z</time>
      </trkpt>
      <trkpt lat="44.144806" lon="15.321410">
        <ele>76.527085</ele>
        <time>2026-05-29T16:16:34.000Z</time>
      </trkpt>
      <trkpt lat="44.144822" lon="15.321449">
        <ele>76.668285</ele>
        <time>2026-05-29T16:16:35.000Z</time>
      </trkpt>
      <trkpt lat="44.144839" lon="15.321488">
        <ele>76.811710</ele>
        <time>2026-05-29T16:16:36.000Z</time>
      </trkpt>
      <trkpt lat="44.144857" lon="15.321523">
        <ele>76.947053</ele>
        <time>2026-05-29T16:16:37.000Z</time>
      </trkpt>
      <trkpt lat="44.144879" lon="15.321557">
        <ele>77.090949</ele>
        <time>2026-05-29T16:16:38.000Z</time>
      </trkpt>
      <trkpt lat="44.144898" lon="15.321592">
        <ele>77.228890</ele>
        <time>2026-05-29T16:16:39.000Z</time>
      </trkpt>
      <trkpt lat="44.144916" lon="15.321632">
        <ele>77.377290</ele>
        <time>2026-05-29T16:16:40.000Z</time>
      </trkpt>
      <trkpt lat="44.144932" lon="15.321673">
        <ele>77.523980</ele>
        <time>2026-05-29T16:16:41.000Z</time>
      </trkpt>
      <trkpt lat="44.144948" lon="15.321710">
        <ele>77.659759</ele>
        <time>2026-05-29T16:16:42.000Z</time>
      </trkpt>
      <trkpt lat="44.144965" lon="15.321742">
        <ele>77.784901</ele>
        <time>2026-05-29T16:16:43.000Z</time>
      </trkpt>
      <trkpt lat="44.144980" lon="15.321765">
        <ele>77.882588</ele>
        <time>2026-05-29T16:16:44.000Z</time>
      </trkpt>
      <trkpt lat="44.145003" lon="15.321804">
        <ele>78.041255</ele>
        <time>2026-05-29T16:16:45.000Z</time>
      </trkpt>
      <trkpt lat="44.145020" lon="15.321840">
        <ele>78.176709</ele>
        <time>2026-05-29T16:16:46.000Z</time>
      </trkpt>
      <trkpt lat="44.145037" lon="15.321876">
        <ele>78.312163</ele>
        <time>2026-05-29T16:16:47.000Z</time>
      </trkpt>
      <trkpt lat="44.145054" lon="15.321909">
        <ele>78.439845</ele>
        <time>2026-05-29T16:16:48.000Z</time>
      </trkpt>
      <trkpt lat="44.145074" lon="15.321940">
        <ele>78.570871</ele>
        <time>2026-05-29T16:16:49.000Z</time>
      </trkpt>
      <trkpt lat="44.145089" lon="15.321968">
        <ele>78.680698</ele>
        <time>2026-05-29T16:16:50.000Z</time>
      </trkpt>
      <trkpt lat="44.145111" lon="15.322007">
        <ele>78.836619</ele>
        <time>2026-05-29T16:16:51.000Z</time>
      </trkpt>
      <trkpt lat="44.145130" lon="15.322039">
        <ele>78.967164</ele>
        <time>2026-05-29T16:16:52.000Z</time>
      </trkpt>
      <trkpt lat="44.145143" lon="15.322065">
        <ele>79.066766</ele>
        <time>2026-05-29T16:16:53.000Z</time>
      </trkpt>
      <trkpt lat="44.145161" lon="15.322106">
        <ele>79.217838</ele>
        <time>2026-05-29T16:16:54.000Z</time>
      </trkpt>
      <trkpt lat="44.145178" lon="15.322136">
        <ele>79.337986</ele>
        <time>2026-05-29T16:16:55.000Z</time>
      </trkpt>
      <trkpt lat="44.145195" lon="15.322167">
        <ele>79.460616</ele>
        <time>2026-05-29T16:16:56.000Z</time>
      </trkpt>
      <trkpt lat="44.145212" lon="15.322194">
        <ele>79.573516</ele>
        <time>2026-05-29T16:16:57.000Z</time>
      </trkpt>
      <trkpt lat="44.145228" lon="15.322223">
        <ele>79.688493</ele>
        <time>2026-05-29T16:16:58.000Z</time>
      </trkpt>
      <trkpt lat="44.145240" lon="15.322247">
        <ele>79.780433</ele>
        <time>2026-05-29T16:16:59.000Z</time>
      </trkpt>
      <trkpt lat="44.145257" lon="15.322283">
        <ele>79.915886</ele>
        <time>2026-05-29T16:17:00.000Z</time>
      </trkpt>
      <trkpt lat="44.145270" lon="15.322306">
        <ele>80.007910</ele>
        <time>2026-05-29T16:17:01.000Z</time>
      </trkpt>
      <trkpt lat="44.145285" lon="15.322338">
        <ele>80.128046</ele>
        <time>2026-05-29T16:17:02.000Z</time>
      </trkpt>
      <trkpt lat="44.145303" lon="15.322374">
        <ele>80.265956</ele>
        <time>2026-05-29T16:17:03.000Z</time>
      </trkpt>
      <trkpt lat="44.145318" lon="15.322407">
        <ele>80.388735</ele>
        <time>2026-05-29T16:17:04.000Z</time>
      </trkpt>
      <trkpt lat="44.145330" lon="15.322432">
        <ele>80.483271</ele>
        <time>2026-05-29T16:17:05.000Z</time>
      </trkpt>
      <trkpt lat="44.145346" lon="15.322470">
        <ele>80.621750</ele>
        <time>2026-05-29T16:17:06.000Z</time>
      </trkpt>
      <trkpt lat="44.145360" lon="15.322502">
        <ele>80.739548</ele>
        <time>2026-05-29T16:17:07.000Z</time>
      </trkpt>
      <trkpt lat="44.145370" lon="15.322527">
        <ele>80.829508</ele>
        <time>2026-05-29T16:17:08.000Z</time>
      </trkpt>
      <trkpt lat="44.145391" lon="15.322563">
        <ele>80.975329</ele>
        <time>2026-05-29T16:17:09.000Z</time>
      </trkpt>
      <trkpt lat="44.145408" lon="15.322594">
        <ele>81.097960</ele>
        <time>2026-05-29T16:17:10.000Z</time>
      </trkpt>
      <trkpt lat="44.145421" lon="15.322621">
        <ele>81.200156</ele>
        <time>2026-05-29T16:17:11.000Z</time>
      </trkpt>
      <trkpt lat="44.145434" lon="15.322653">
        <ele>81.315734</ele>
        <time>2026-05-29T16:17:12.000Z</time>
      </trkpt>
      <trkpt lat="44.145453" lon="15.322688">
        <ele>81.453674</ele>
        <time>2026-05-29T16:17:13.000Z</time>
      </trkpt>
      <trkpt lat="44.145465" lon="15.322712">
        <ele>81.545614</ele>
        <time>2026-05-29T16:17:14.000Z</time>
      </trkpt>
      <trkpt lat="44.145482" lon="15.322739">
        <ele>81.658513</ele>
        <time>2026-05-29T16:17:15.000Z</time>
      </trkpt>
      <trkpt lat="44.145500" lon="15.322774">
        <ele>81.793856</ele>
        <time>2026-05-29T16:17:16.000Z</time>
      </trkpt>
      <trkpt lat="44.145513" lon="15.322798">
        <ele>81.888368</ele>
        <time>2026-05-29T16:17:17.000Z</time>
      </trkpt>
      <trkpt lat="44.145531" lon="15.322835">
        <ele>82.028868</ele>
        <time>2026-05-29T16:17:18.000Z</time>
      </trkpt>
      <trkpt lat="44.145549" lon="15.322864">
        <ele>82.149384</ele>
        <time>2026-05-29T16:17:19.000Z</time>
      </trkpt>
      <trkpt lat="44.145562" lon="15.322888">
        <ele>82.243896</ele>
        <time>2026-05-29T16:17:20.000Z</time>
      </trkpt>
      <trkpt lat="44.145581" lon="15.322927">
        <ele>82.392057</ele>
        <time>2026-05-29T16:17:21.000Z</time>
      </trkpt>
      <trkpt lat="44.145595" lon="15.322958">
        <ele>82.507182</ele>
        <time>2026-05-29T16:17:22.000Z</time>
      </trkpt>
      <trkpt lat="44.145612" lon="15.322988">
        <ele>82.627330</ele>
        <time>2026-05-29T16:17:23.000Z</time>
      </trkpt>
      <trkpt lat="44.145628" lon="15.323018">
        <ele>82.744813</ele>
        <time>2026-05-29T16:17:24.000Z</time>
      </trkpt>
      <trkpt lat="44.145644" lon="15.323049">
        <ele>82.864834</ele>
        <time>2026-05-29T16:17:25.000Z</time>
      </trkpt>
      <trkpt lat="44.145657" lon="15.323075">
        <ele>82.964435</ele>
        <time>2026-05-29T16:17:26.000Z</time>
      </trkpt>
      <trkpt lat="44.145677" lon="15.323114">
        <ele>83.115100</ele>
        <time>2026-05-29T16:17:27.000Z</time>
      </trkpt>
      <trkpt lat="44.145692" lon="15.323144">
        <ele>83.230024</ele>
        <time>2026-05-29T16:17:28.000Z</time>
      </trkpt>
      <trkpt lat="44.145705" lon="15.323169">
        <ele>83.327063</ele>
        <time>2026-05-29T16:17:29.000Z</time>
      </trkpt>
      <trkpt lat="44.145724" lon="15.323204">
        <ele>83.465003</ele>
        <time>2026-05-29T16:17:30.000Z</time>
      </trkpt>
      <trkpt lat="44.145740" lon="15.323231">
        <ele>83.575062</ele>
        <time>2026-05-29T16:17:31.000Z</time>
      </trkpt>
      <trkpt lat="44.145756" lon="15.323259">
        <ele>83.687563</ele>
        <time>2026-05-29T16:17:32.000Z</time>
      </trkpt>
      <trkpt lat="44.145772" lon="15.323289">
        <ele>83.805046</ele>
        <time>2026-05-29T16:17:33.000Z</time>
      </trkpt>
      <trkpt lat="44.145788" lon="15.323319">
        <ele>83.922530</ele>
        <time>2026-05-29T16:17:34.000Z</time>
      </trkpt>
      <trkpt lat="44.145802" lon="15.323340">
        <ele>84.012623</ele>
        <time>2026-05-29T16:17:35.000Z</time>
      </trkpt>
      <trkpt lat="44.145817" lon="15.323367">
        <ele>84.119947</ele>
        <time>2026-05-29T16:17:36.000Z</time>
      </trkpt>
      <trkpt lat="44.145835" lon="15.323401">
        <ele>84.252747</ele>
        <time>2026-05-29T16:17:37.000Z</time>
      </trkpt>
      <trkpt lat="44.145852" lon="15.323430">
        <ele>84.372299</ele>
        <time>2026-05-29T16:17:38.000Z</time>
      </trkpt>
      <trkpt lat="44.145867" lon="15.323459">
        <ele>84.489154</ele>
        <time>2026-05-29T16:17:39.000Z</time>
      </trkpt>
      <trkpt lat="44.145882" lon="15.323489">
        <ele>84.608677</ele>
        <time>2026-05-29T16:17:40.000Z</time>
      </trkpt>
      <trkpt lat="44.145893" lon="15.323517">
        <ele>84.713023</ele>
        <time>2026-05-29T16:17:41.000Z</time>
      </trkpt>
      <trkpt lat="44.145906" lon="15.323550">
        <ele>84.836080</ele>
        <time>2026-05-29T16:17:42.000Z</time>
      </trkpt>
      <trkpt lat="44.145920" lon="15.323580">
        <ele>84.953058</ele>
        <time>2026-05-29T16:17:43.000Z</time>
      </trkpt>
      <trkpt lat="44.145936" lon="15.323611">
        <ele>85.077881</ele>
        <time>2026-05-29T16:17:44.000Z</time>
      </trkpt>
      <trkpt lat="44.145957" lon="15.323646">
        <ele>85.227014</ele>
        <time>2026-05-29T16:17:45.000Z</time>
      </trkpt>
      <trkpt lat="44.145973" lon="15.323675">
        <ele>85.346591</ele>
        <time>2026-05-29T16:17:46.000Z</time>
      </trkpt>
      <trkpt lat="44.145985" lon="15.323705">
        <ele>85.458862</ele>
        <time>2026-05-29T16:17:47.000Z</time>
      </trkpt>
      <trkpt lat="44.145998" lon="15.323739">
        <ele>85.584794</ele>
        <time>2026-05-29T16:17:48.000Z</time>
      </trkpt>
      <trkpt lat="44.146013" lon="15.323772">
        <ele>85.712486</ele>
        <time>2026-05-29T16:17:49.000Z</time>
      </trkpt>
      <trkpt lat="44.146025" lon="15.323800">
        <ele>85.819094</ele>
        <time>2026-05-29T16:17:50.000Z</time>
      </trkpt>
      <trkpt lat="44.146043" lon="15.323840">
        <ele>85.973430</ele>
        <time>2026-05-29T16:17:51.000Z</time>
      </trkpt>
      <trkpt lat="44.146060" lon="15.323871">
        <ele>86.100966</ele>
        <time>2026-05-29T16:17:52.000Z</time>
      </trkpt>
      <trkpt lat="44.146073" lon="15.323898">
        <ele>86.207251</ele>
        <time>2026-05-29T16:17:53.000Z</time>
      </trkpt>
      <trkpt lat="44.146093" lon="15.323937">
        <ele>86.363943</ele>
        <time>2026-05-29T16:17:54.000Z</time>
      </trkpt>
      <trkpt lat="44.146108" lon="15.323968">
        <ele>86.486162</ele>
        <time>2026-05-29T16:17:55.000Z</time>
      </trkpt>
      <trkpt lat="44.146122" lon="15.323992">
        <ele>86.587265</ele>
        <time>2026-05-29T16:17:56.000Z</time>
      </trkpt>
      <trkpt lat="44.146139" lon="15.324021">
        <ele>86.709672</ele>
        <time>2026-05-29T16:17:57.000Z</time>
      </trkpt>
      <trkpt lat="44.146156" lon="15.324051">
        <ele>86.834626</ele>
        <time>2026-05-29T16:17:58.000Z</time>
      </trkpt>
      <trkpt lat="44.146173" lon="15.324079">
        <ele>86.954519</ele>
        <time>2026-05-29T16:17:59.000Z</time>
      </trkpt>
      <trkpt lat="44.146190" lon="15.324109">
        <ele>87.079474</ele>
        <time>2026-05-29T16:18:00.000Z</time>
      </trkpt>
      <trkpt lat="44.146203" lon="15.324134">
        <ele>87.180395</ele>
        <time>2026-05-29T16:18:01.000Z</time>
      </trkpt>
      <trkpt lat="44.146214" lon="15.324154">
        <ele>87.262766</ele>
        <time>2026-05-29T16:18:02.000Z</time>
      </trkpt>
      <trkpt lat="44.146232" lon="15.324182">
        <ele>87.385650</ele>
        <time>2026-05-29T16:18:03.000Z</time>
      </trkpt>
      <trkpt lat="44.146251" lon="15.324202">
        <ele>87.494118</ele>
        <time>2026-05-29T16:18:04.000Z</time>
      </trkpt>
      <trkpt lat="44.146266" lon="15.324219">
        <ele>87.582192</ele>
        <time>2026-05-29T16:18:05.000Z</time>
      </trkpt>
      <trkpt lat="44.146285" lon="15.324250">
        <ele>87.715457</ele>
        <time>2026-05-29T16:18:06.000Z</time>
      </trkpt>
      <trkpt lat="44.146298" lon="15.324277">
        <ele>87.821742</ele>
        <time>2026-05-29T16:18:07.000Z</time>
      </trkpt>
      <trkpt lat="44.146305" lon="15.324301">
        <ele>87.906426</ele>
        <time>2026-05-29T16:18:08.000Z</time>
      </trkpt>
      <trkpt lat="44.146318" lon="15.324337">
        <ele>88.038163</ele>
        <time>2026-05-29T16:18:09.000Z</time>
      </trkpt>
      <trkpt lat="44.146329" lon="15.324359">
        <ele>88.125812</ele>
        <time>2026-05-29T16:18:10.000Z</time>
      </trkpt>
      <trkpt lat="44.146340" lon="15.324386">
        <ele>88.227303</ele>
        <time>2026-05-29T16:18:11.000Z</time>
      </trkpt>
      <trkpt lat="44.146356" lon="15.324414">
        <ele>88.344304</ele>
        <time>2026-05-29T16:18:12.000Z</time>
      </trkpt>
      <trkpt lat="44.146369" lon="15.324439">
        <ele>88.445225</ele>
        <time>2026-05-29T16:18:13.000Z</time>
      </trkpt>
      <trkpt lat="44.146380" lon="15.324460">
        <ele>88.530214</ele>
        <time>2026-05-29T16:18:14.000Z</time>
      </trkpt>
      <trkpt lat="44.146399" lon="15.324492">
        <ele>88.665981</ele>
        <time>2026-05-29T16:18:15.000Z</time>
      </trkpt>
      <trkpt lat="44.146412" lon="15.324519">
        <ele>88.772265</ele>
        <time>2026-05-29T16:18:16.000Z</time>
      </trkpt>
      <trkpt lat="44.146425" lon="15.324540">
        <ele>88.862924</ele>
        <time>2026-05-29T16:18:17.000Z</time>
      </trkpt>
      <trkpt lat="44.146441" lon="15.324569">
        <ele>88.982500</ele>
        <time>2026-05-29T16:18:18.000Z</time>
      </trkpt>
      <trkpt lat="44.146457" lon="15.324595">
        <ele>89.094461</ele>
        <time>2026-05-29T16:18:19.000Z</time>
      </trkpt>
      <trkpt lat="44.146473" lon="15.324624">
        <ele>89.214037</ele>
        <time>2026-05-29T16:18:20.000Z</time>
      </trkpt>
      <trkpt lat="44.146493" lon="15.324658">
        <ele>89.357746</ele>
        <time>2026-05-29T16:18:21.000Z</time>
      </trkpt>
      <trkpt lat="44.146510" lon="15.324686">
        <ele>89.477639</ele>
        <time>2026-05-29T16:18:22.000Z</time>
      </trkpt>
      <trkpt lat="44.146522" lon="15.324707">
        <ele>89.565390</ele>
        <time>2026-05-29T16:18:23.000Z</time>
      </trkpt>
      <trkpt lat="44.146541" lon="15.324742">
        <ele>89.708848</ele>
        <time>2026-05-29T16:18:24.000Z</time>
      </trkpt>
      <trkpt lat="44.146556" lon="15.324771">
        <ele>89.825703</ele>
        <time>2026-05-29T16:18:25.000Z</time>
      </trkpt>
      <trkpt lat="44.146568" lon="15.324793">
        <ele>89.916034</ele>
        <time>2026-05-29T16:18:26.000Z</time>
      </trkpt>
      <trkpt lat="44.146587" lon="15.324829">
        <ele>90.062112</ele>
        <time>2026-05-29T16:18:27.000Z</time>
      </trkpt>
      <trkpt lat="44.146603" lon="15.324859">
        <ele>90.184296</ele>
        <time>2026-05-29T16:18:28.000Z</time>
      </trkpt>
      <trkpt lat="44.146617" lon="15.324882">
        <ele>90.282884</ele>
        <time>2026-05-29T16:18:29.000Z</time>
      </trkpt>
      <trkpt lat="44.146634" lon="15.324916">
        <ele>90.418342</ele>
        <time>2026-05-29T16:18:30.000Z</time>
      </trkpt>
      <trkpt lat="44.146650" lon="15.324947">
        <ele>90.543164</ele>
        <time>2026-05-29T16:18:31.000Z</time>
      </trkpt>
      <trkpt lat="44.146662" lon="15.324974">
        <ele>90.646978</ele>
        <time>2026-05-29T16:18:32.000Z</time>
      </trkpt>
      <trkpt lat="44.146682" lon="15.325016">
        <ele>90.811747</ele>
        <time>2026-05-29T16:18:33.000Z</time>
      </trkpt>
      <trkpt lat="44.146697" lon="15.325042">
        <ele>90.920797</ele>
        <time>2026-05-29T16:18:34.000Z</time>
      </trkpt>
      <trkpt lat="44.146715" lon="15.325074">
        <ele>91.053706</ele>
        <time>2026-05-29T16:18:35.000Z</time>
      </trkpt>
      <trkpt lat="44.146736" lon="15.325112">
        <ele>91.210487</ele>
        <time>2026-05-29T16:18:36.000Z</time>
      </trkpt>
      <trkpt lat="44.146754" lon="15.325146">
        <ele>91.348600</ele>
        <time>2026-05-29T16:18:37.000Z</time>
      </trkpt>
      <trkpt lat="44.146772" lon="15.325181">
        <ele>91.489356</ele>
        <time>2026-05-29T16:18:38.000Z</time>
      </trkpt>
      <trkpt lat="44.146789" lon="15.325206">
        <ele>91.601940</ele>
        <time>2026-05-29T16:18:39.000Z</time>
      </trkpt>
      <trkpt lat="44.146809" lon="15.325239">
        <ele>91.743136</ele>
        <time>2026-05-29T16:18:40.000Z</time>
      </trkpt>
      <trkpt lat="44.146829" lon="15.325273">
        <ele>91.886845</ele>
        <time>2026-05-29T16:18:41.000Z</time>
      </trkpt>
      <trkpt lat="44.146855" lon="15.325315">
        <ele>92.068162</ele>
        <time>2026-05-29T16:18:42.000Z</time>
      </trkpt>
      <trkpt lat="44.146876" lon="15.325349">
        <ele>92.214801</ele>
        <time>2026-05-29T16:18:43.000Z</time>
      </trkpt>
      <trkpt lat="44.146890" lon="15.325378">
        <ele>92.329052</ele>
        <time>2026-05-29T16:18:44.000Z</time>
      </trkpt>
      <trkpt lat="44.146910" lon="15.325423">
        <ele>92.502076</ele>
        <time>2026-05-29T16:18:45.000Z</time>
      </trkpt>
      <trkpt lat="44.146931" lon="15.325454">
        <ele>92.514245</ele>
        <time>2026-05-29T16:18:46.000Z</time>
      </trkpt>
      <trkpt lat="44.146946" lon="15.325481">
        <ele>92.511206</ele>
        <time>2026-05-29T16:18:47.000Z</time>
      </trkpt>
      <trkpt lat="44.146969" lon="15.325530">
        <ele>92.505995</ele>
        <time>2026-05-29T16:18:48.000Z</time>
      </trkpt>
      <trkpt lat="44.146983" lon="15.325574">
        <ele>92.501711</ele>
        <time>2026-05-29T16:18:49.000Z</time>
      </trkpt>
      <trkpt lat="44.146995" lon="15.325611">
        <ele>92.498097</ele>
        <time>2026-05-29T16:18:50.000Z</time>
      </trkpt>
      <trkpt lat="44.147018" lon="15.325667">
        <ele>92.492355</ele>
        <time>2026-05-29T16:18:51.000Z</time>
      </trkpt>
      <trkpt lat="44.147038" lon="15.325712">
        <ele>92.487644</ele>
        <time>2026-05-29T16:18:52.000Z</time>
      </trkpt>
      <trkpt lat="44.147054" lon="15.325748">
        <ele>92.483875</ele>
        <time>2026-05-29T16:18:53.000Z</time>
      </trkpt>
      <trkpt lat="44.147079" lon="15.325801">
        <ele>92.478230</ele>
        <time>2026-05-29T16:18:54.000Z</time>
      </trkpt>
      <trkpt lat="44.147102" lon="15.325844">
        <ele>92.473456</ele>
        <time>2026-05-29T16:18:55.000Z</time>
      </trkpt>
      <trkpt lat="44.147122" lon="15.325878">
        <ele>92.469544</ele>
        <time>2026-05-29T16:18:56.000Z</time>
      </trkpt>
      <trkpt lat="44.147150" lon="15.325930">
        <ele>92.463757</ele>
        <time>2026-05-29T16:18:57.000Z</time>
      </trkpt>
      <trkpt lat="44.147171" lon="15.325976">
        <ele>92.458905</ele>
        <time>2026-05-29T16:18:58.000Z</time>
      </trkpt>
      <trkpt lat="44.147190" lon="15.326012">
        <ele>92.454928</ele>
        <time>2026-05-29T16:18:59.000Z</time>
      </trkpt>
      <trkpt lat="44.147214" lon="15.326055">
        <ele>92.450079</ele>
        <time>2026-05-29T16:19:00.000Z</time>
      </trkpt>
      <trkpt lat="44.147238" lon="15.326098">
        <ele>92.445231</ele>
        <time>2026-05-29T16:19:01.000Z</time>
      </trkpt>
      <trkpt lat="44.147261" lon="15.326143">
        <ele>92.440313</ele>
        <time>2026-05-29T16:19:02.000Z</time>
      </trkpt>
      <trkpt lat="44.147285" lon="15.326191">
        <ele>92.435107</ele>
        <time>2026-05-29T16:19:03.000Z</time>
      </trkpt>
      <trkpt lat="44.147303" lon="15.326230">
        <ele>92.430980</ele>
        <time>2026-05-29T16:19:04.000Z</time>
      </trkpt>
      <trkpt lat="44.147318" lon="15.326256">
        <ele>92.428010</ele>
        <time>2026-05-29T16:19:05.000Z</time>
      </trkpt>
      <trkpt lat="44.147343" lon="15.326297">
        <ele>92.423222</ele>
        <time>2026-05-29T16:19:06.000Z</time>
      </trkpt>
      <trkpt lat="44.147362" lon="15.326331">
        <ele>92.419386</ele>
        <time>2026-05-29T16:19:07.000Z</time>
      </trkpt>
      <trkpt lat="44.147379" lon="15.326360">
        <ele>92.416054</ele>
        <time>2026-05-29T16:19:08.000Z</time>
      </trkpt>
      <trkpt lat="44.147404" lon="15.326407">
        <ele>92.410847</ele>
        <time>2026-05-29T16:19:09.000Z</time>
      </trkpt>
      <trkpt lat="44.147421" lon="15.326440">
        <ele>92.407231</ele>
        <time>2026-05-29T16:19:10.000Z</time>
      </trkpt>
      <trkpt lat="44.147444" lon="15.326481">
        <ele>92.402599</ele>
        <time>2026-05-29T16:19:11.000Z</time>
      </trkpt>
      <trkpt lat="44.147473" lon="15.326531">
        <ele>92.396877</ele>
        <time>2026-05-29T16:19:12.000Z</time>
      </trkpt>
      <trkpt lat="44.147497" lon="15.326572">
        <ele>92.392168</ele>
        <time>2026-05-29T16:19:13.000Z</time>
      </trkpt>
      <trkpt lat="44.147521" lon="15.326611">
        <ele>92.387595</ele>
        <time>2026-05-29T16:19:14.000Z</time>
      </trkpt>
      <trkpt lat="44.147544" lon="15.326650">
        <ele>92.383102</ele>
        <time>2026-05-29T16:19:15.000Z</time>
      </trkpt>
      <trkpt lat="44.147563" lon="15.326683">
        <ele>92.379337</ele>
        <time>2026-05-29T16:19:16.000Z</time>
      </trkpt>
      <trkpt lat="44.147588" lon="15.326732">
        <ele>92.373986</ele>
        <time>2026-05-29T16:19:17.000Z</time>
      </trkpt>
      <trkpt lat="44.147609" lon="15.326771">
        <ele>92.369646</ele>
        <time>2026-05-29T16:19:18.000Z</time>
      </trkpt>
      <trkpt lat="44.147627" lon="15.326802">
        <ele>92.366097</ele>
        <time>2026-05-29T16:19:19.000Z</time>
      </trkpt>
      <trkpt lat="44.147649" lon="15.326837">
        <ele>92.361956</ele>
        <time>2026-05-29T16:19:20.000Z</time>
      </trkpt>
      <trkpt lat="44.147670" lon="15.326874">
        <ele>92.357757</ele>
        <time>2026-05-29T16:19:21.000Z</time>
      </trkpt>
      <trkpt lat="44.147682" lon="15.326894">
        <ele>92.355437</ele>
        <time>2026-05-29T16:19:22.000Z</time>
      </trkpt>
      <trkpt lat="44.147700" lon="15.326913">
        <ele>92.352636</ele>
        <time>2026-05-29T16:19:23.000Z</time>
      </trkpt>
      <trkpt lat="44.147722" lon="15.326926">
        <ele>92.349672</ele>
        <time>2026-05-29T16:19:24.000Z</time>
      </trkpt>
      <trkpt lat="44.147757" lon="15.326925">
        <ele>92.345330</ele>
        <time>2026-05-29T16:19:25.000Z</time>
      </trkpt>
      <trkpt lat="44.147783" lon="15.326907">
        <ele>92.341729</ele>
        <time>2026-05-29T16:19:26.000Z</time>
      </trkpt>
      <trkpt lat="44.147824" lon="15.326872">
        <ele>92.335766</ele>
        <time>2026-05-29T16:19:27.000Z</time>
      </trkpt>
      <trkpt lat="44.147850" lon="15.326844">
        <ele>92.331690</ele>
        <time>2026-05-29T16:19:28.000Z</time>
      </trkpt>
      <trkpt lat="44.147882" lon="15.326809">
        <ele>92.326645</ele>
        <time>2026-05-29T16:19:29.000Z</time>
      </trkpt>
      <trkpt lat="44.147923" lon="15.326770">
        <ele>92.320488</ele>
        <time>2026-05-29T16:19:30.000Z</time>
      </trkpt>
      <trkpt lat="44.147952" lon="15.326742">
        <ele>92.316112</ele>
        <time>2026-05-29T16:19:31.000Z</time>
      </trkpt>
      <trkpt lat="44.147988" lon="15.326710">
        <ele>92.310816</ele>
        <time>2026-05-29T16:19:32.000Z</time>
      </trkpt>
      <trkpt lat="44.148029" lon="15.326674">
        <ele>92.304805</ele>
        <time>2026-05-29T16:19:33.000Z</time>
      </trkpt>
      <trkpt lat="44.148055" lon="15.326651">
        <ele>92.300986</ele>
        <time>2026-05-29T16:19:34.000Z</time>
      </trkpt>
      <trkpt lat="44.148085" lon="15.326626">
        <ele>92.296650</ele>
        <time>2026-05-29T16:19:35.000Z</time>
      </trkpt>
      <trkpt lat="44.148115" lon="15.326603">
        <ele>92.273190</ele>
        <time>2026-05-29T16:19:36.000Z</time>
      </trkpt>
      <trkpt lat="44.148152" lon="15.326575">
        <ele>92.220660</ele>
        <time>2026-05-29T16:19:37.000Z</time>
      </trkpt>
      <trkpt lat="44.148188" lon="15.326555">
        <ele>92.172308</ele>
        <time>2026-05-29T16:19:38.000Z</time>
      </trkpt>
      <trkpt lat="44.148224" lon="15.326546">
        <ele>92.126675</ele>
        <time>2026-05-29T16:19:39.000Z</time>
      </trkpt>
      <trkpt lat="44.148254" lon="15.326551">
        <ele>92.088979</ele>
        <time>2026-05-29T16:19:40.000Z</time>
      </trkpt>
      <trkpt lat="44.148299" lon="15.326567">
        <ele>92.031037</ele>
        <time>2026-05-29T16:19:41.000Z</time>
      </trkpt>
      <trkpt lat="44.148341" lon="15.326584">
        <ele>91.976470</ele>
        <time>2026-05-29T16:19:42.000Z</time>
      </trkpt>
      <trkpt lat="44.148376" lon="15.326600">
        <ele>91.930513</ele>
        <time>2026-05-29T16:19:43.000Z</time>
      </trkpt>
      <trkpt lat="44.148416" lon="15.326632">
        <ele>91.872969</ele>
        <time>2026-05-29T16:19:44.000Z</time>
      </trkpt>
      <trkpt lat="44.148443" lon="15.326680">
        <ele>91.818368</ele>
        <time>2026-05-29T16:19:45.000Z</time>
      </trkpt>
      <trkpt lat="44.148464" lon="15.326737">
        <ele>91.761006</ele>
        <time>2026-05-29T16:19:46.000Z</time>
      </trkpt>
      <trkpt lat="44.148491" lon="15.326802">
        <ele>91.693769</ele>
        <time>2026-05-29T16:19:47.000Z</time>
      </trkpt>
      <trkpt lat="44.148515" lon="15.326857">
        <ele>91.636141</ele>
        <time>2026-05-29T16:19:48.000Z</time>
      </trkpt>
      <trkpt lat="44.148539" lon="15.326913">
        <ele>91.577746</ele>
        <time>2026-05-29T16:19:49.000Z</time>
      </trkpt>
      <trkpt lat="44.148569" lon="15.326969">
        <ele>91.515182</ele>
        <time>2026-05-29T16:19:50.000Z</time>
      </trkpt>
      <trkpt lat="44.148600" lon="15.327026">
        <ele>91.451152</ele>
        <time>2026-05-29T16:19:51.000Z</time>
      </trkpt>
      <trkpt lat="44.148621" lon="15.327075">
        <ele>91.400057</ele>
        <time>2026-05-29T16:19:52.000Z</time>
      </trkpt>
      <trkpt lat="44.148651" lon="15.327150">
        <ele>91.323187</ele>
        <time>2026-05-29T16:19:53.000Z</time>
      </trkpt>
      <trkpt lat="44.148677" lon="15.327215">
        <ele>91.256566</ele>
        <time>2026-05-29T16:19:54.000Z</time>
      </trkpt>
      <trkpt lat="44.148705" lon="15.327279">
        <ele>91.189461</ele>
        <time>2026-05-29T16:19:55.000Z</time>
      </trkpt>
      <trkpt lat="44.148732" lon="15.327345">
        <ele>91.121447</ele>
        <time>2026-05-29T16:19:56.000Z</time>
      </trkpt>
      <trkpt lat="44.148756" lon="15.327412">
        <ele>91.054408</ele>
        <time>2026-05-29T16:19:57.000Z</time>
      </trkpt>
      <trkpt lat="44.148773" lon="15.327467">
        <ele>91.000796</ele>
        <time>2026-05-29T16:19:58.000Z</time>
      </trkpt>
      <trkpt lat="44.148799" lon="15.327553">
        <ele>90.917252</ele>
        <time>2026-05-29T16:19:59.000Z</time>
      </trkpt>
      <trkpt lat="44.148821" lon="15.327628">
        <ele>90.844715</ele>
        <time>2026-05-29T16:20:00.000Z</time>
      </trkpt>
      <trkpt lat="44.148840" lon="15.327687">
        <ele>90.786821</ele>
        <time>2026-05-29T16:20:01.000Z</time>
      </trkpt>
      <trkpt lat="44.148868" lon="15.327771">
        <ele>90.703904</ele>
        <time>2026-05-29T16:20:02.000Z</time>
      </trkpt>
      <trkpt lat="44.148898" lon="15.327837">
        <ele>90.633961</ele>
        <time>2026-05-29T16:20:03.000Z</time>
      </trkpt>
      <trkpt lat="44.148922" lon="15.327889">
        <ele>90.578610</ele>
        <time>2026-05-29T16:20:04.000Z</time>
      </trkpt>
      <trkpt lat="44.148950" lon="15.327956">
        <ele>90.509198</ele>
        <time>2026-05-29T16:20:05.000Z</time>
      </trkpt>
      <trkpt lat="44.148976" lon="15.328027">
        <ele>90.437838</ele>
        <time>2026-05-29T16:20:06.000Z</time>
      </trkpt>
      <trkpt lat="44.149006" lon="15.328113">
        <ele>90.352232</ele>
        <time>2026-05-29T16:20:07.000Z</time>
      </trkpt>
      <trkpt lat="44.149032" lon="15.328182">
        <ele>90.282462</ele>
        <time>2026-05-29T16:20:08.000Z</time>
      </trkpt>
      <trkpt lat="44.149055" lon="15.328248">
        <ele>90.216777</ele>
        <time>2026-05-29T16:20:09.000Z</time>
      </trkpt>
      <trkpt lat="44.149073" lon="15.328298">
        <ele>90.166698</ele>
        <time>2026-05-29T16:20:10.000Z</time>
      </trkpt>
      <trkpt lat="44.149098" lon="15.328369">
        <ele>90.095897</ele>
        <time>2026-05-29T16:20:11.000Z</time>
      </trkpt>
      <trkpt lat="44.149121" lon="15.328423">
        <ele>90.040089</ele>
        <time>2026-05-29T16:20:12.000Z</time>
      </trkpt>
      <trkpt lat="44.149149" lon="15.328471">
        <ele>89.986816</ele>
        <time>2026-05-29T16:20:13.000Z</time>
      </trkpt>
      <trkpt lat="44.149178" lon="15.328524">
        <ele>89.929417</ele>
        <time>2026-05-29T16:20:14.000Z</time>
      </trkpt>
      <trkpt lat="44.149202" lon="15.328588">
        <ele>89.867229</ele>
        <time>2026-05-29T16:20:15.000Z</time>
      </trkpt>
      <trkpt lat="44.149221" lon="15.328642">
        <ele>89.815436</ele>
        <time>2026-05-29T16:20:16.000Z</time>
      </trkpt>
      <trkpt lat="44.149249" lon="15.328721">
        <ele>89.739557</ele>
        <time>2026-05-29T16:20:17.000Z</time>
      </trkpt>
      <trkpt lat="44.149273" lon="15.328788">
        <ele>89.675068</ele>
        <time>2026-05-29T16:20:18.000Z</time>
      </trkpt>
      <trkpt lat="44.149294" lon="15.328843">
        <ele>89.621415</ele>
        <time>2026-05-29T16:20:19.000Z</time>
      </trkpt>
      <trkpt lat="44.149324" lon="15.328930">
        <ele>89.538291</ele>
        <time>2026-05-29T16:20:20.000Z</time>
      </trkpt>
      <trkpt lat="44.149349" lon="15.329000">
        <ele>89.470955</ele>
        <time>2026-05-29T16:20:21.000Z</time>
      </trkpt>
      <trkpt lat="44.149369" lon="15.329057">
        <ele>89.416314</ele>
        <time>2026-05-29T16:20:22.000Z</time>
      </trkpt>
      <trkpt lat="44.149401" lon="15.329144">
        <ele>89.332122</ele>
        <time>2026-05-29T16:20:23.000Z</time>
      </trkpt>
      <trkpt lat="44.149428" lon="15.329219">
        <ele>89.259861</ele>
        <time>2026-05-29T16:20:24.000Z</time>
      </trkpt>
      <trkpt lat="44.149445" lon="15.329279">
        <ele>89.204309</ele>
        <time>2026-05-29T16:20:25.000Z</time>
      </trkpt>
      <trkpt lat="44.149467" lon="15.329355">
        <ele>89.133735</ele>
        <time>2026-05-29T16:20:26.000Z</time>
      </trkpt>
      <trkpt lat="44.149495" lon="15.329431">
        <ele>89.060163</ele>
        <time>2026-05-29T16:20:27.000Z</time>
      </trkpt>
      <trkpt lat="44.149524" lon="15.329508">
        <ele>88.985274</ele>
        <time>2026-05-29T16:20:28.000Z</time>
      </trkpt>
      <trkpt lat="44.149560" lon="15.329603">
        <ele>88.892755</ele>
        <time>2026-05-29T16:20:29.000Z</time>
      </trkpt>
      <trkpt lat="44.149587" lon="15.329684">
        <ele>88.815841</ele>
        <time>2026-05-29T16:20:30.000Z</time>
      </trkpt>
      <trkpt lat="44.149610" lon="15.329748">
        <ele>88.754200</ele>
        <time>2026-05-29T16:20:31.000Z</time>
      </trkpt>
      <trkpt lat="44.149648" lon="15.329848">
        <ele>88.656753</ele>
        <time>2026-05-29T16:20:32.000Z</time>
      </trkpt>
      <trkpt lat="44.149681" lon="15.329934">
        <ele>88.572767</ele>
        <time>2026-05-29T16:20:33.000Z</time>
      </trkpt>
      <trkpt lat="44.149709" lon="15.330003">
        <ele>88.504503</ele>
        <time>2026-05-29T16:20:34.000Z</time>
      </trkpt>
      <trkpt lat="44.149752" lon="15.330108">
        <ele>88.400390</ele>
        <time>2026-05-29T16:20:35.000Z</time>
      </trkpt>
      <trkpt lat="44.149789" lon="15.330199">
        <ele>88.310317</ele>
        <time>2026-05-29T16:20:36.000Z</time>
      </trkpt>
      <trkpt lat="44.149817" lon="15.330270">
        <ele>88.240548</ele>
        <time>2026-05-29T16:20:37.000Z</time>
      </trkpt>
      <trkpt lat="44.149861" lon="15.330383">
        <ele>88.129832</ele>
        <time>2026-05-29T16:20:38.000Z</time>
      </trkpt>
      <trkpt lat="44.149900" lon="15.330479">
        <ele>88.034829</ele>
        <time>2026-05-29T16:20:39.000Z</time>
      </trkpt>
      <trkpt lat="44.149932" lon="15.330555">
        <ele>87.958945</ele>
        <time>2026-05-29T16:20:40.000Z</time>
      </trkpt>
      <trkpt lat="44.149982" lon="15.330674">
        <ele>87.712806</ele>
        <time>2026-05-29T16:20:41.000Z</time>
      </trkpt>
      <trkpt lat="44.150026" lon="15.330773">
        <ele>87.364724</ele>
        <time>2026-05-29T16:20:42.000Z</time>
      </trkpt>
      <trkpt lat="44.150063" lon="15.330855">
        <ele>87.075188</ele>
        <time>2026-05-29T16:20:43.000Z</time>
      </trkpt>
      <trkpt lat="44.150120" lon="15.330980">
        <ele>86.632492</ele>
        <time>2026-05-29T16:20:44.000Z</time>
      </trkpt>
      <trkpt lat="44.150170" lon="15.331084">
        <ele>86.258304</ele>
        <time>2026-05-29T16:20:45.000Z</time>
      </trkpt>
      <trkpt lat="44.150211" lon="15.331168">
        <ele>85.954641</ele>
        <time>2026-05-29T16:20:46.000Z</time>
      </trkpt>
      <trkpt lat="44.150263" lon="15.331276">
        <ele>85.565883</ele>
        <time>2026-05-29T16:20:47.000Z</time>
      </trkpt>
      <trkpt lat="44.150328" lon="15.331408">
        <ele>85.087355</ele>
        <time>2026-05-29T16:20:48.000Z</time>
      </trkpt>
      <trkpt lat="44.150372" lon="15.331497">
        <ele>84.764301</ele>
        <time>2026-05-29T16:20:49.000Z</time>
      </trkpt>
      <trkpt lat="44.150439" lon="15.331628">
        <ele>84.283448</ele>
        <time>2026-05-29T16:20:50.000Z</time>
      </trkpt>
      <trkpt lat="44.150496" lon="15.331737">
        <ele>83.880300</ele>
        <time>2026-05-29T16:20:51.000Z</time>
      </trkpt>
      <trkpt lat="44.150556" lon="15.331847">
        <ele>83.467291</ele>
        <time>2026-05-29T16:20:52.000Z</time>
      </trkpt>
      <trkpt lat="44.150619" lon="15.331958">
        <ele>83.044262</ele>
        <time>2026-05-29T16:20:53.000Z</time>
      </trkpt>
      <trkpt lat="44.150683" lon="15.332068">
        <ele>82.620962</ele>
        <time>2026-05-29T16:20:54.000Z</time>
      </trkpt>
      <trkpt lat="44.150747" lon="15.332176">
        <ele>82.202289</ele>
        <time>2026-05-29T16:20:55.000Z</time>
      </trkpt>
      <trkpt lat="44.150811" lon="15.332281">
        <ele>81.790490</ele>
        <time>2026-05-29T16:20:56.000Z</time>
      </trkpt>
      <trkpt lat="44.150875" lon="15.332387">
        <ele>81.376408</ele>
        <time>2026-05-29T16:20:57.000Z</time>
      </trkpt>
      <trkpt lat="44.150927" lon="15.332471">
        <ele>81.044802</ele>
        <time>2026-05-29T16:20:58.000Z</time>
      </trkpt>
      <trkpt lat="44.151007" lon="15.332599">
        <ele>80.537419</ele>
        <time>2026-05-29T16:20:59.000Z</time>
      </trkpt>
      <trkpt lat="44.151077" lon="15.332704">
        <ele>80.040156</ele>
        <time>2026-05-29T16:21:00.000Z</time>
      </trkpt>
      <trkpt lat="44.151134" lon="15.332788">
        <ele>79.612524</ele>
        <time>2026-05-29T16:21:01.000Z</time>
      </trkpt>
      <trkpt lat="44.151222" lon="15.332914">
        <ele>78.962154</ele>
        <time>2026-05-29T16:21:02.000Z</time>
      </trkpt>
      <trkpt lat="44.151295" lon="15.333018">
        <ele>78.424026</ele>
        <time>2026-05-29T16:21:03.000Z</time>
      </trkpt>
      <trkpt lat="44.151355" lon="15.333100">
        <ele>77.990836</ele>
        <time>2026-05-29T16:21:04.000Z</time>
      </trkpt>
      <trkpt lat="44.151447" lon="15.333221">
        <ele>77.338748</ele>
        <time>2026-05-29T16:21:05.000Z</time>
      </trkpt>
      <trkpt lat="44.151525" lon="15.333322">
        <ele>76.789904</ele>
        <time>2026-05-29T16:21:06.000Z</time>
      </trkpt>
      <trkpt lat="44.151588" lon="15.333403">
        <ele>76.348057</ele>
        <time>2026-05-29T16:21:07.000Z</time>
      </trkpt>
      <trkpt lat="44.151684" lon="15.333526">
        <ele>75.675840</ele>
        <time>2026-05-29T16:21:08.000Z</time>
      </trkpt>
      <trkpt lat="44.151767" lon="15.333624">
        <ele>75.115078</ele>
        <time>2026-05-29T16:21:09.000Z</time>
      </trkpt>
      <trkpt lat="44.151850" lon="15.333723">
        <ele>74.551918</ele>
        <time>2026-05-29T16:21:10.000Z</time>
      </trkpt>
      <trkpt lat="44.151917" lon="15.333803">
        <ele>74.097117</ele>
        <time>2026-05-29T16:21:11.000Z</time>
      </trkpt>
      <trkpt lat="44.152019" lon="15.333921">
        <ele>73.413774</ele>
        <time>2026-05-29T16:21:12.000Z</time>
      </trkpt>
      <trkpt lat="44.152105" lon="15.334017">
        <ele>72.845779</ele>
        <time>2026-05-29T16:21:13.000Z</time>
      </trkpt>
      <trkpt lat="44.152193" lon="15.334112">
        <ele>72.271975</ele>
        <time>2026-05-29T16:21:14.000Z</time>
      </trkpt>
      <trkpt lat="44.152280" lon="15.334207">
        <ele>71.702237</ele>
        <time>2026-05-29T16:21:15.000Z</time>
      </trkpt>
      <trkpt lat="44.152351" lon="15.334282">
        <ele>71.242988</ele>
        <time>2026-05-29T16:21:16.000Z</time>
      </trkpt>
      <trkpt lat="44.152456" lon="15.334395">
        <ele>70.854423</ele>
        <time>2026-05-29T16:21:17.000Z</time>
      </trkpt>
      <trkpt lat="44.152543" lon="15.334489">
        <ele>70.582037</ele>
        <time>2026-05-29T16:21:18.000Z</time>
      </trkpt>
      <trkpt lat="44.152614" lon="15.334560">
        <ele>70.365811</ele>
        <time>2026-05-29T16:21:19.000Z</time>
      </trkpt>
      <trkpt lat="44.152700" lon="15.334652">
        <ele>70.097553</ele>
        <time>2026-05-29T16:21:20.000Z</time>
      </trkpt>
      <trkpt lat="44.152800" lon="15.334762">
        <ele>69.782329</ele>
        <time>2026-05-29T16:21:21.000Z</time>
      </trkpt>
      <trkpt lat="44.152866" lon="15.334833">
        <ele>69.576029</ele>
        <time>2026-05-29T16:21:22.000Z</time>
      </trkpt>
      <trkpt lat="44.152964" lon="15.334942">
        <ele>69.265786</ele>
        <time>2026-05-29T16:21:23.000Z</time>
      </trkpt>
      <trkpt lat="44.153042" lon="15.335031">
        <ele>69.016352</ele>
        <time>2026-05-29T16:21:24.000Z</time>
      </trkpt>
      <trkpt lat="44.153103" lon="15.335099">
        <ele>68.823072</ele>
        <time>2026-05-29T16:21:25.000Z</time>
      </trkpt>
      <trkpt lat="44.153192" lon="15.335199">
        <ele>68.540198</ele>
        <time>2026-05-29T16:21:26.000Z</time>
      </trkpt>
      <trkpt lat="44.153265" lon="15.335280">
        <ele>68.309314</ele>
        <time>2026-05-29T16:21:27.000Z</time>
      </trkpt>
      <trkpt lat="44.153322" lon="15.335344">
        <ele>68.128198</ele>
        <time>2026-05-29T16:21:28.000Z</time>
      </trkpt>
      <trkpt lat="44.153409" lon="15.335434">
        <ele>67.860105</ele>
        <time>2026-05-29T16:21:29.000Z</time>
      </trkpt>
      <trkpt lat="44.153479" lon="15.335509">
        <ele>67.641632</ele>
        <time>2026-05-29T16:21:30.000Z</time>
      </trkpt>
      <trkpt lat="44.153538" lon="15.335568">
        <ele>67.461951</ele>
        <time>2026-05-29T16:21:31.000Z</time>
      </trkpt>
      <trkpt lat="44.153608" lon="15.335644">
        <ele>67.242391</ele>
        <time>2026-05-29T16:21:32.000Z</time>
      </trkpt>
      <trkpt lat="44.153676" lon="15.335720">
        <ele>67.026714</ele>
        <time>2026-05-29T16:21:33.000Z</time>
      </trkpt>
      <trkpt lat="44.153742" lon="15.335793">
        <ele>66.818227</ele>
        <time>2026-05-29T16:21:34.000Z</time>
      </trkpt>
      <trkpt lat="44.153806" lon="15.335862">
        <ele>66.704272</ele>
        <time>2026-05-29T16:21:35.000Z</time>
      </trkpt>
      <trkpt lat="44.153870" lon="15.335931">
        <ele>66.799884</ele>
        <time>2026-05-29T16:21:36.000Z</time>
      </trkpt>
      <trkpt lat="44.153944" lon="15.336011">
        <ele>66.910548</ele>
        <time>2026-05-29T16:21:37.000Z</time>
      </trkpt>
      <trkpt lat="44.153992" lon="15.336063">
        <ele>66.982387</ele>
        <time>2026-05-29T16:21:38.000Z</time>
      </trkpt>
      <trkpt lat="44.154062" lon="15.336137">
        <ele>67.086205</ele>
        <time>2026-05-29T16:21:39.000Z</time>
      </trkpt>
      <trkpt lat="44.154117" lon="15.336196">
        <ele>67.168217</ele>
        <time>2026-05-29T16:21:40.000Z</time>
      </trkpt>
      <trkpt lat="44.154159" lon="15.336241">
        <ele>67.230817</ele>
        <time>2026-05-29T16:21:41.000Z</time>
      </trkpt>
      <trkpt lat="44.154222" lon="15.336312">
        <ele>67.326553</ele>
        <time>2026-05-29T16:21:42.000Z</time>
      </trkpt>
      <trkpt lat="44.154272" lon="15.336364">
        <ele>67.400272</ele>
        <time>2026-05-29T16:21:43.000Z</time>
      </trkpt>
      <trkpt lat="44.154312" lon="15.336405">
        <ele>67.458944</ele>
        <time>2026-05-29T16:21:44.000Z</time>
      </trkpt>
      <trkpt lat="44.154368" lon="15.336466">
        <ele>67.542930</ele>
        <time>2026-05-29T16:21:45.000Z</time>
      </trkpt>
      <trkpt lat="44.154412" lon="15.336516">
        <ele>67.610014</ele>
        <time>2026-05-29T16:21:46.000Z</time>
      </trkpt>
      <trkpt lat="44.154448" lon="15.336556">
        <ele>67.664417</ele>
        <time>2026-05-29T16:21:47.000Z</time>
      </trkpt>
      <trkpt lat="44.154501" lon="15.336611">
        <ele>67.742498</ele>
        <time>2026-05-29T16:21:48.000Z</time>
      </trkpt>
      <trkpt lat="44.154544" lon="15.336659">
        <ele>67.807597</ele>
        <time>2026-05-29T16:21:49.000Z</time>
      </trkpt>
      <trkpt lat="44.154576" lon="15.336695">
        <ele>67.856191</ele>
        <time>2026-05-29T16:21:50.000Z</time>
      </trkpt>
      <trkpt lat="44.154623" lon="15.336746">
        <ele>67.926576</ele>
        <time>2026-05-29T16:21:51.000Z</time>
      </trkpt>
      <trkpt lat="44.154654" lon="15.336780">
        <ele>67.973189</ele>
        <time>2026-05-29T16:21:52.000Z</time>
      </trkpt>
      <trkpt lat="44.154693" lon="15.336825">
        <ele>68.033017</ele>
        <time>2026-05-29T16:21:53.000Z</time>
      </trkpt>
      <trkpt lat="44.154728" lon="15.336864">
        <ele>68.085968</ele>
        <time>2026-05-29T16:21:54.000Z</time>
      </trkpt>
      <trkpt lat="44.154772" lon="15.336910">
        <ele>68.150962</ele>
        <time>2026-05-29T16:21:55.000Z</time>
      </trkpt>
      <trkpt lat="44.154800" lon="15.336940">
        <ele>68.192695</ele>
        <time>2026-05-29T16:21:56.000Z</time>
      </trkpt>
      <trkpt lat="44.154843" lon="15.336983">
        <ele>68.255231</ele>
        <time>2026-05-29T16:21:57.000Z</time>
      </trkpt>
      <trkpt lat="44.154877" lon="15.337018">
        <ele>68.305178</ele>
        <time>2026-05-29T16:21:58.000Z</time>
      </trkpt>
      <trkpt lat="44.154905" lon="15.337046">
        <ele>68.345900</ele>
        <time>2026-05-29T16:21:59.000Z</time>
      </trkpt>
      <trkpt lat="44.154939" lon="15.337084">
        <ele>68.397398</ele>
        <time>2026-05-29T16:22:00.000Z</time>
      </trkpt>
      <trkpt lat="44.154980" lon="15.337128">
        <ele>68.458544</ele>
        <time>2026-05-29T16:22:01.000Z</time>
      </trkpt>
      <trkpt lat="44.155008" lon="15.337156">
        <ele>68.499265</ele>
        <time>2026-05-29T16:22:02.000Z</time>
      </trkpt>
      <trkpt lat="44.155051" lon="15.337200">
        <ele>68.562300</ele>
        <time>2026-05-29T16:22:03.000Z</time>
      </trkpt>
      <trkpt lat="44.155084" lon="15.337236">
        <ele>68.611819</ele>
        <time>2026-05-29T16:22:04.000Z</time>
      </trkpt>
      <trkpt lat="44.155110" lon="15.337267">
        <ele>68.652250</ele>
        <time>2026-05-29T16:22:05.000Z</time>
      </trkpt>
      <trkpt lat="44.155148" lon="15.337313">
        <ele>68.711724</ele>
        <time>2026-05-29T16:22:06.000Z</time>
      </trkpt>
      <trkpt lat="44.155181" lon="15.337353">
        <ele>68.763402</ele>
        <time>2026-05-29T16:22:07.000Z</time>
      </trkpt>
      <trkpt lat="44.155206" lon="15.337382">
        <ele>68.801874</ele>
        <time>2026-05-29T16:22:08.000Z</time>
      </trkpt>
      <trkpt lat="44.155244" lon="15.337426">
        <ele>68.916196</ele>
        <time>2026-05-29T16:22:09.000Z</time>
      </trkpt>
      <trkpt lat="44.155276" lon="15.337462">
        <ele>69.011360</ele>
        <time>2026-05-29T16:22:10.000Z</time>
      </trkpt>
      <trkpt lat="44.155302" lon="15.337491">
        <ele>69.088421</ele>
        <time>2026-05-29T16:22:11.000Z</time>
      </trkpt>
      <trkpt lat="44.155335" lon="15.337528">
        <ele>69.186428</ele>
        <time>2026-05-29T16:22:12.000Z</time>
      </trkpt>
      <trkpt lat="44.155366" lon="15.337564">
        <ele>69.279802</ele>
        <time>2026-05-29T16:22:13.000Z</time>
      </trkpt>
      <trkpt lat="44.155398" lon="15.337602">
        <ele>69.377086</ele>
        <time>2026-05-29T16:22:14.000Z</time>
      </trkpt>
      <trkpt lat="44.155429" lon="15.337638">
        <ele>69.470460</ele>
        <time>2026-05-29T16:22:15.000Z</time>
      </trkpt>
      <trkpt lat="44.155459" lon="15.337673">
        <ele>69.560994</ele>
        <time>2026-05-29T16:22:16.000Z</time>
      </trkpt>
      <trkpt lat="44.155491" lon="15.337711">
        <ele>69.658278</ele>
        <time>2026-05-29T16:22:17.000Z</time>
      </trkpt>
      <trkpt lat="44.155521" lon="15.337747">
        <ele>69.749886</ele>
        <time>2026-05-29T16:22:18.000Z</time>
      </trkpt>
      <trkpt lat="44.155552" lon="15.337782">
        <ele>69.842207</ele>
        <time>2026-05-29T16:22:19.000Z</time>
      </trkpt>
      <trkpt lat="44.155583" lon="15.337816">
        <ele>69.933491</ele>
        <time>2026-05-29T16:22:20.000Z</time>
      </trkpt>
      <trkpt lat="44.155622" lon="15.337861">
        <ele>70.050654</ele>
        <time>2026-05-29T16:22:21.000Z</time>
      </trkpt>
      <trkpt lat="44.155648" lon="15.337892">
        <ele>70.129831</ele>
        <time>2026-05-29T16:22:22.000Z</time>
      </trkpt>
      <trkpt lat="44.155681" lon="15.337931">
        <ele>70.229953</ele>
        <time>2026-05-29T16:22:23.000Z</time>
      </trkpt>
      <trkpt lat="44.155720" lon="15.337980">
        <ele>70.351459</ele>
        <time>2026-05-29T16:22:24.000Z</time>
      </trkpt>
      <trkpt lat="44.155753" lon="15.338021">
        <ele>70.453759</ele>
        <time>2026-05-29T16:22:25.000Z</time>
      </trkpt>
      <trkpt lat="44.155779" lon="15.338055">
        <ele>70.536261</ele>
        <time>2026-05-29T16:22:26.000Z</time>
      </trkpt>
      <trkpt lat="44.155819" lon="15.338104">
        <ele>70.659495</ele>
        <time>2026-05-29T16:22:27.000Z</time>
      </trkpt>
      <trkpt lat="44.155845" lon="15.338136">
        <ele>70.739762</ele>
        <time>2026-05-29T16:22:28.000Z</time>
      </trkpt>
      <trkpt lat="44.155877" lon="15.338176">
        <ele>70.839231</ele>
        <time>2026-05-29T16:22:29.000Z</time>
      </trkpt>
      <trkpt lat="44.155917" lon="15.338226">
        <ele>70.963567</ele>
        <time>2026-05-29T16:22:30.000Z</time>
      </trkpt>
      <trkpt lat="44.155950" lon="15.338269">
        <ele>71.068106</ele>
        <time>2026-05-29T16:22:31.000Z</time>
      </trkpt>
      <trkpt lat="44.155985" lon="15.338312">
        <ele>71.176073</ele>
        <time>2026-05-29T16:22:32.000Z</time>
      </trkpt>
      <trkpt lat="44.156012" lon="15.338348">
        <ele>71.262538</ele>
        <time>2026-05-29T16:22:33.000Z</time>
      </trkpt>
      <trkpt lat="44.156045" lon="15.338394">
        <ele>71.370540</ele>
        <time>2026-05-29T16:22:34.000Z</time>
      </trkpt>
      <trkpt lat="44.156079" lon="15.338439">
        <ele>71.479041</ele>
        <time>2026-05-29T16:22:35.000Z</time>
      </trkpt>
      <trkpt lat="44.156112" lon="15.338481">
        <ele>71.582454</ele>
        <time>2026-05-29T16:22:36.000Z</time>
      </trkpt>
      <trkpt lat="44.156147" lon="15.338524">
        <ele>71.690420</ele>
        <time>2026-05-29T16:22:37.000Z</time>
      </trkpt>
      <trkpt lat="44.156186" lon="15.338572">
        <ele>71.810820</ele>
        <time>2026-05-29T16:22:38.000Z</time>
      </trkpt>
      <trkpt lat="44.156212" lon="15.338607">
        <ele>71.894466</ele>
        <time>2026-05-29T16:22:39.000Z</time>
      </trkpt>
      <trkpt lat="44.156250" lon="15.338659">
        <ele>72.017699</ele>
        <time>2026-05-29T16:22:40.000Z</time>
      </trkpt>
      <trkpt lat="44.156282" lon="15.338701">
        <ele>72.119415</ele>
        <time>2026-05-29T16:22:41.000Z</time>
      </trkpt>
      <trkpt lat="44.156307" lon="15.338733">
        <ele>72.197961</ele>
        <time>2026-05-29T16:22:42.000Z</time>
      </trkpt>
      <trkpt lat="44.156346" lon="15.338782">
        <ele>72.319466</ele>
        <time>2026-05-29T16:22:43.000Z</time>
      </trkpt>
      <trkpt lat="44.156378" lon="15.338825">
        <ele>72.422327</ele>
        <time>2026-05-29T16:22:44.000Z</time>
      </trkpt>
      <trkpt lat="44.156404" lon="15.338862">
        <ele>72.508313</ele>
        <time>2026-05-29T16:22:45.000Z</time>
      </trkpt>
      <trkpt lat="44.156437" lon="15.338907">
        <ele>72.615147</ele>
        <time>2026-05-29T16:22:46.000Z</time>
      </trkpt>
      <trkpt lat="44.156475" lon="15.338958">
        <ele>72.737222</ele>
        <time>2026-05-29T16:22:47.000Z</time>
      </trkpt>
      <trkpt lat="44.156500" lon="15.338993">
        <ele>72.819220</ele>
        <time>2026-05-29T16:22:48.000Z</time>
      </trkpt>
      <trkpt lat="44.156539" lon="15.339045">
        <ele>72.944114</ele>
        <time>2026-05-29T16:22:49.000Z</time>
      </trkpt>
      <trkpt lat="44.156570" lon="15.339088">
        <ele>73.049808</ele>
        <time>2026-05-29T16:22:50.000Z</time>
      </trkpt>
      <trkpt lat="44.156603" lon="15.339131">
        <ele>73.160120</ele>
        <time>2026-05-29T16:22:51.000Z</time>
      </trkpt>
      <trkpt lat="44.156634" lon="15.339175">
        <ele>73.268160</ele>
        <time>2026-05-29T16:22:52.000Z</time>
      </trkpt>
      <trkpt lat="44.156656" lon="15.339209">
        <ele>73.348373</ele>
        <time>2026-05-29T16:22:53.000Z</time>
      </trkpt>
      <trkpt lat="44.156686" lon="15.339251">
        <ele>73.452204</ele>
        <time>2026-05-29T16:22:54.000Z</time>
      </trkpt>
      <trkpt lat="44.156722" lon="15.339301">
        <ele>73.576306</ele>
        <time>2026-05-29T16:22:55.000Z</time>
      </trkpt>
      <trkpt lat="44.156747" lon="15.339335">
        <ele>73.661599</ele>
        <time>2026-05-29T16:22:56.000Z</time>
      </trkpt>
      <trkpt lat="44.156779" lon="15.339376">
        <ele>73.767739</ele>
        <time>2026-05-29T16:22:57.000Z</time>
      </trkpt>
      <trkpt lat="44.156806" lon="15.339416">
        <ele>73.863956</ele>
        <time>2026-05-29T16:22:58.000Z</time>
      </trkpt>
      <trkpt lat="44.156833" lon="15.339459">
        <ele>73.964067</ele>
        <time>2026-05-29T16:22:59.000Z</time>
      </trkpt>
      <trkpt lat="44.156860" lon="15.339499">
        <ele>74.060284</ele>
        <time>2026-05-29T16:23:00.000Z</time>
      </trkpt>
      <trkpt lat="44.156888" lon="15.339541">
        <ele>74.160729</ele>
        <time>2026-05-29T16:23:01.000Z</time>
      </trkpt>
      <trkpt lat="44.156918" lon="15.339586">
        <ele>74.268349</ele>
        <time>2026-05-29T16:23:02.000Z</time>
      </trkpt>
      <trkpt lat="44.156949" lon="15.339629">
        <ele>74.375145</ele>
        <time>2026-05-29T16:23:03.000Z</time>
      </trkpt>
      <trkpt lat="44.156984" lon="15.339682">
        <ele>74.501344</ele>
        <time>2026-05-29T16:23:04.000Z</time>
      </trkpt>
      <trkpt lat="44.157017" lon="15.339726">
        <ele>74.612860</ele>
        <time>2026-05-29T16:23:05.000Z</time>
      </trkpt>
      <trkpt lat="44.157047" lon="15.339767">
        <ele>74.715456</ele>
        <time>2026-05-29T16:23:06.000Z</time>
      </trkpt>
      <trkpt lat="44.157075" lon="15.339813">
        <ele>74.821142</ele>
        <time>2026-05-29T16:23:07.000Z</time>
      </trkpt>
      <trkpt lat="44.157103" lon="15.339860">
        <ele>74.928170</ele>
        <time>2026-05-29T16:23:08.000Z</time>
      </trkpt>
      <trkpt lat="44.157133" lon="15.339905">
        <ele>75.035789</ele>
        <time>2026-05-29T16:23:09.000Z</time>
      </trkpt>
      <trkpt lat="44.157164" lon="15.339949">
        <ele>75.143828</ele>
        <time>2026-05-29T16:23:10.000Z</time>
      </trkpt>
      <trkpt lat="44.157192" lon="15.339995">
        <ele>75.249514</ele>
        <time>2026-05-29T16:23:11.000Z</time>
      </trkpt>
      <trkpt lat="44.157214" lon="15.340032">
        <ele>75.333703</ele>
        <time>2026-05-29T16:23:12.000Z</time>
      </trkpt>
      <trkpt lat="44.157249" lon="15.340086">
        <ele>75.461197</ele>
        <time>2026-05-29T16:23:13.000Z</time>
      </trkpt>
      <trkpt lat="44.157277" lon="15.340131">
        <ele>75.565552</ele>
        <time>2026-05-29T16:23:14.000Z</time>
      </trkpt>
      <trkpt lat="44.157304" lon="15.340176">
        <ele>75.668325</ele>
        <time>2026-05-29T16:23:15.000Z</time>
      </trkpt>
      <trkpt lat="44.157331" lon="15.340220">
        <ele>75.769760</ele>
        <time>2026-05-29T16:23:16.000Z</time>
      </trkpt>
      <trkpt lat="44.157358" lon="15.340263">
        <ele>75.869869</ele>
        <time>2026-05-29T16:23:17.000Z</time>
      </trkpt>
      <trkpt lat="44.157379" lon="15.340298">
        <ele>75.949804</ele>
        <time>2026-05-29T16:23:18.000Z</time>
      </trkpt>
      <trkpt lat="44.157412" lon="15.340351">
        <ele>76.072747</ele>
        <time>2026-05-29T16:23:19.000Z</time>
      </trkpt>
      <trkpt lat="44.157432" lon="15.340386">
        <ele>76.151137</ele>
        <time>2026-05-29T16:23:20.000Z</time>
      </trkpt>
      <trkpt lat="44.157459" lon="15.340430">
        <ele>76.252571</ele>
        <time>2026-05-29T16:23:21.000Z</time>
      </trkpt>
      <trkpt lat="44.157492" lon="15.340480">
        <ele>76.371595</ele>
        <time>2026-05-29T16:23:22.000Z</time>
      </trkpt>
      <trkpt lat="44.157519" lon="15.340523">
        <ele>76.471705</ele>
        <time>2026-05-29T16:23:23.000Z</time>
      </trkpt>
      <trkpt lat="44.157537" lon="15.340558">
        <ele>76.547149</ele>
        <time>2026-05-29T16:23:24.000Z</time>
      </trkpt>
      <trkpt lat="44.157569" lon="15.340613">
        <ele>76.671207</ele>
        <time>2026-05-29T16:23:25.000Z</time>
      </trkpt>
      <trkpt lat="44.157591" lon="15.340648">
        <ele>76.752729</ele>
        <time>2026-05-29T16:23:26.000Z</time>
      </trkpt>
      <trkpt lat="44.157616" lon="15.340692">
        <ele>76.851059</ele>
        <time>2026-05-29T16:23:27.000Z</time>
      </trkpt>
      <trkpt lat="44.157644" lon="15.340738">
        <ele>76.956744</ele>
        <time>2026-05-29T16:23:28.000Z</time>
      </trkpt>
      <trkpt lat="44.157676" lon="15.340791">
        <ele>77.078101</ele>
        <time>2026-05-29T16:23:29.000Z</time>
      </trkpt>
      <trkpt lat="44.157698" lon="15.340825">
        <ele>77.158313</ele>
        <time>2026-05-29T16:23:30.000Z</time>
      </trkpt>
      <trkpt lat="44.157724" lon="15.340868">
        <ele>77.256831</ele>
        <time>2026-05-29T16:23:31.000Z</time>
      </trkpt>
      <trkpt lat="44.157750" lon="15.340909">
        <ele>77.352697</ele>
        <time>2026-05-29T16:23:32.000Z</time>
      </trkpt>
      <trkpt lat="44.157775" lon="15.340953">
        <ele>77.449654</ele>
        <time>2026-05-29T16:23:33.000Z</time>
      </trkpt>
      <trkpt lat="44.157805" lon="15.341007">
        <ele>77.567571</ele>
        <time>2026-05-29T16:23:34.000Z</time>
      </trkpt>
      <trkpt lat="44.157828" lon="15.341050">
        <ele>77.660174</ele>
        <time>2026-05-29T16:23:35.000Z</time>
      </trkpt>
      <trkpt lat="44.157849" lon="15.341085">
        <ele>77.738950</ele>
        <time>2026-05-29T16:23:36.000Z</time>
      </trkpt>
      <trkpt lat="44.157881" lon="15.341139">
        <ele>77.859874</ele>
        <time>2026-05-29T16:23:37.000Z</time>
      </trkpt>
      <trkpt lat="44.157903" lon="15.341174">
        <ele>77.940215</ele>
        <time>2026-05-29T16:23:38.000Z</time>
      </trkpt>
      <trkpt lat="44.157930" lon="15.341219">
        <ele>78.041498</ele>
        <time>2026-05-29T16:23:39.000Z</time>
      </trkpt>
      <trkpt lat="44.157958" lon="15.341264">
        <ele>78.144341</ele>
        <time>2026-05-29T16:23:40.000Z</time>
      </trkpt>
      <trkpt lat="44.157989" lon="15.341319">
        <ele>78.265100</ele>
        <time>2026-05-29T16:23:41.000Z</time>
      </trkpt>
      <trkpt lat="44.158009" lon="15.341358">
        <ele>78.347867</ele>
        <time>2026-05-29T16:23:42.000Z</time>
      </trkpt>
      <trkpt lat="44.158040" lon="15.341415">
        <ele>78.471360</ele>
        <time>2026-05-29T16:23:43.000Z</time>
      </trkpt>
      <trkpt lat="44.158061" lon="15.341451">
        <ele>78.551467</ele>
        <time>2026-05-29T16:23:44.000Z</time>
      </trkpt>
      <trkpt lat="44.158089" lon="15.341495">
        <ele>78.653012</ele>
        <time>2026-05-29T16:23:45.000Z</time>
      </trkpt>
      <trkpt lat="44.158121" lon="15.341552">
        <ele>78.777973</ele>
        <time>2026-05-29T16:23:46.000Z</time>
      </trkpt>
      <trkpt lat="44.158147" lon="15.341599">
        <ele>78.880441</ele>
        <time>2026-05-29T16:23:47.000Z</time>
      </trkpt>
      <trkpt lat="44.158166" lon="15.341637">
        <ele>78.960410</ele>
        <time>2026-05-29T16:23:48.000Z</time>
      </trkpt>
      <trkpt lat="44.158195" lon="15.341695">
        <ele>79.082468</ele>
        <time>2026-05-29T16:23:49.000Z</time>
      </trkpt>
      <trkpt lat="44.158221" lon="15.341743">
        <ele>79.186308</ele>
        <time>2026-05-29T16:23:50.000Z</time>
      </trkpt>
      <trkpt lat="44.158242" lon="15.341783">
        <ele>79.271885</ele>
        <time>2026-05-29T16:23:51.000Z</time>
      </trkpt>
      <trkpt lat="44.158273" lon="15.341841">
        <ele>79.396757</ele>
        <time>2026-05-29T16:23:52.000Z</time>
      </trkpt>
      <trkpt lat="44.158292" lon="15.341878">
        <ele>79.475316</ele>
        <time>2026-05-29T16:23:53.000Z</time>
      </trkpt>
      <trkpt lat="44.158316" lon="15.341925">
        <ele>79.574918</ele>
        <time>2026-05-29T16:23:54.000Z</time>
      </trkpt>
      <trkpt lat="44.158345" lon="15.341983">
        <ele>79.696975</ele>
        <time>2026-05-29T16:23:55.000Z</time>
      </trkpt>
      <trkpt lat="44.158370" lon="15.342030">
        <ele>79.797992</ele>
        <time>2026-05-29T16:23:56.000Z</time>
      </trkpt>
      <trkpt lat="44.158389" lon="15.342065">
        <ele>79.873769</ele>
        <time>2026-05-29T16:23:57.000Z</time>
      </trkpt>
      <trkpt lat="44.158415" lon="15.342121">
        <ele>79.988933</ele>
        <time>2026-05-29T16:23:58.000Z</time>
      </trkpt>
      <trkpt lat="44.158432" lon="15.342157">
        <ele>80.063343</ele>
        <time>2026-05-29T16:23:59.000Z</time>
      </trkpt>
      <trkpt lat="44.158455" lon="15.342201">
        <ele>80.157336</ele>
        <time>2026-05-29T16:24:00.000Z</time>
      </trkpt>
      <trkpt lat="44.158478" lon="15.342246">
        <ele>80.252728</ele>
        <time>2026-05-29T16:24:01.000Z</time>
      </trkpt>
      <trkpt lat="44.158501" lon="15.342291">
        <ele>80.348121</ele>
        <time>2026-05-29T16:24:02.000Z</time>
      </trkpt>
      <trkpt lat="44.158530" lon="15.342348">
        <ele>80.468766</ele>
        <time>2026-05-29T16:24:03.000Z</time>
      </trkpt>
      <trkpt lat="44.158550" lon="15.342386">
        <ele>80.550135</ele>
        <time>2026-05-29T16:24:04.000Z</time>
      </trkpt>
      <trkpt lat="44.158574" lon="15.342434">
        <ele>80.651148</ele>
        <time>2026-05-29T16:24:05.000Z</time>
      </trkpt>
      <trkpt lat="44.158598" lon="15.342480">
        <ele>80.749348</ele>
        <time>2026-05-29T16:24:06.000Z</time>
      </trkpt>
      <trkpt lat="44.158624" lon="15.342535">
        <ele>80.863066</ele>
        <time>2026-05-29T16:24:07.000Z</time>
      </trkpt>
      <trkpt lat="44.158643" lon="15.342570">
        <ele>80.938844</ele>
        <time>2026-05-29T16:24:08.000Z</time>
      </trkpt>
      <trkpt lat="44.158666" lon="15.342613">
        <ele>81.031446</ele>
        <time>2026-05-29T16:24:09.000Z</time>
      </trkpt>
      <trkpt lat="44.158691" lon="15.342658">
        <ele>81.129709</ele>
        <time>2026-05-29T16:24:10.000Z</time>
      </trkpt>
      <trkpt lat="44.158712" lon="15.342702">
        <ele>81.220950</ele>
        <time>2026-05-29T16:24:11.000Z</time>
      </trkpt>
      <trkpt lat="44.158734" lon="15.342746">
        <ele>81.313545</ele>
        <time>2026-05-29T16:24:12.000Z</time>
      </trkpt>
      <trkpt lat="44.158755" lon="15.342791">
        <ele>81.406228</ele>
        <time>2026-05-29T16:24:13.000Z</time>
      </trkpt>
      <trkpt lat="44.158777" lon="15.342838">
        <ele>81.503117</ele>
        <time>2026-05-29T16:24:14.000Z</time>
      </trkpt>
      <trkpt lat="44.158798" lon="15.342886">
        <ele>81.600183</ele>
        <time>2026-05-29T16:24:15.000Z</time>
      </trkpt>
      <trkpt lat="44.158821" lon="15.342933">
        <ele>81.696626</ele>
        <time>2026-05-29T16:24:16.000Z</time>
      </trkpt>
      <trkpt lat="44.158845" lon="15.342980">
        <ele>81.783215</ele>
        <time>2026-05-29T16:24:17.000Z</time>
      </trkpt>
      <trkpt lat="44.158868" lon="15.343028">
        <ele>81.869851</ele>
        <time>2026-05-29T16:24:18.000Z</time>
      </trkpt>
      <trkpt lat="44.158892" lon="15.343073">
        <ele>81.954012</ele>
        <time>2026-05-29T16:24:19.000Z</time>
      </trkpt>
      <trkpt lat="44.158913" lon="15.343119">
        <ele>82.035848</ele>
        <time>2026-05-29T16:24:20.000Z</time>
      </trkpt>
      <trkpt lat="44.158937" lon="15.343167">
        <ele>82.123664</ele>
        <time>2026-05-29T16:24:21.000Z</time>
      </trkpt>
      <trkpt lat="44.158960" lon="15.343217">
        <ele>82.212812</ele>
        <time>2026-05-29T16:24:22.000Z</time>
      </trkpt>
      <trkpt lat="44.158986" lon="15.343267">
        <ele>82.305499</ele>
        <time>2026-05-29T16:24:23.000Z</time>
      </trkpt>
      <trkpt lat="44.159011" lon="15.343316">
        <ele>82.395746</ele>
        <time>2026-05-29T16:24:24.000Z</time>
      </trkpt>
      <trkpt lat="44.159035" lon="15.343364">
        <ele>82.483562</ele>
        <time>2026-05-29T16:24:25.000Z</time>
      </trkpt>
      <trkpt lat="44.159059" lon="15.343412">
        <ele>82.571377</ele>
        <time>2026-05-29T16:24:26.000Z</time>
      </trkpt>
      <trkpt lat="44.159082" lon="15.343461">
        <ele>82.659265</ele>
        <time>2026-05-29T16:24:27.000Z</time>
      </trkpt>
      <trkpt lat="44.159106" lon="15.343510">
        <ele>82.748316</ele>
        <time>2026-05-29T16:24:28.000Z</time>
      </trkpt>
      <trkpt lat="44.159131" lon="15.343558">
        <ele>82.837344</ele>
        <time>2026-05-29T16:24:29.000Z</time>
      </trkpt>
      <trkpt lat="44.159157" lon="15.343604">
        <ele>82.925241</ele>
        <time>2026-05-29T16:24:30.000Z</time>
      </trkpt>
      <trkpt lat="44.159180" lon="15.343652">
        <ele>83.011877</ele>
        <time>2026-05-29T16:24:31.000Z</time>
      </trkpt>
      <trkpt lat="44.159203" lon="15.343702">
        <ele>83.101025</ele>
        <time>2026-05-29T16:24:32.000Z</time>
      </trkpt>
      <trkpt lat="44.159228" lon="15.343753">
        <ele>83.193734</ele>
        <time>2026-05-29T16:24:33.000Z</time>
      </trkpt>
      <trkpt lat="44.159251" lon="15.343802">
        <ele>83.281622</ele>
        <time>2026-05-29T16:24:34.000Z</time>
      </trkpt>
      <trkpt lat="44.159274" lon="15.343849">
        <ele>83.367014</ele>
        <time>2026-05-29T16:24:35.000Z</time>
      </trkpt>
      <trkpt lat="44.159299" lon="15.343896">
        <ele>83.454832</ele>
        <time>2026-05-29T16:24:36.000Z</time>
      </trkpt>
      <trkpt lat="44.159324" lon="15.343942">
        <ele>83.541449</ele>
        <time>2026-05-29T16:24:37.000Z</time>
      </trkpt>
      <trkpt lat="44.159348" lon="15.343989">
        <ele>83.628037</ele>
        <time>2026-05-29T16:24:38.000Z</time>
      </trkpt>
      <trkpt lat="44.159372" lon="15.344034">
        <ele>83.712198</ele>
        <time>2026-05-29T16:24:39.000Z</time>
      </trkpt>
      <trkpt lat="44.159397" lon="15.344080">
        <ele>83.798814</ele>
        <time>2026-05-29T16:24:40.000Z</time>
      </trkpt>
      <trkpt lat="44.159421" lon="15.344126">
        <ele>83.884184</ele>
        <time>2026-05-29T16:24:41.000Z</time>
      </trkpt>
      <trkpt lat="44.159446" lon="15.344172">
        <ele>83.970801</ele>
        <time>2026-05-29T16:24:42.000Z</time>
      </trkpt>
      <trkpt lat="44.159472" lon="15.344219">
        <ele>84.059880</ele>
        <time>2026-05-29T16:24:43.000Z</time>
      </trkpt>
      <trkpt lat="44.159499" lon="15.344270">
        <ele>84.155013</ele>
        <time>2026-05-29T16:24:44.000Z</time>
      </trkpt>
      <trkpt lat="44.159522" lon="15.344321">
        <ele>84.245428</ele>
        <time>2026-05-29T16:24:45.000Z</time>
      </trkpt>
      <trkpt lat="44.159543" lon="15.344373">
        <ele>84.334992</ele>
        <time>2026-05-29T16:24:46.000Z</time>
      </trkpt>
      <trkpt lat="44.159568" lon="15.344424">
        <ele>84.427701</ele>
        <time>2026-05-29T16:24:47.000Z</time>
      </trkpt>
      <trkpt lat="44.159593" lon="15.344475">
        <ele>84.520410</ele>
        <time>2026-05-29T16:24:48.000Z</time>
      </trkpt>
      <trkpt lat="44.159620" lon="15.344526">
        <ele>84.615543</ele>
        <time>2026-05-29T16:24:49.000Z</time>
      </trkpt>
      <trkpt lat="44.159647" lon="15.344580">
        <ele>84.714334</ele>
        <time>2026-05-29T16:24:50.000Z</time>
      </trkpt>
      <trkpt lat="44.159674" lon="15.344633">
        <ele>84.811899</ele>
        <time>2026-05-29T16:24:51.000Z</time>
      </trkpt>
      <trkpt lat="44.159697" lon="15.344685">
        <ele>84.903587</ele>
        <time>2026-05-29T16:24:52.000Z</time>
      </trkpt>
      <trkpt lat="44.159722" lon="15.344737">
        <ele>84.997539</ele>
        <time>2026-05-29T16:24:53.000Z</time>
      </trkpt>
      <trkpt lat="44.159749" lon="15.344791">
        <ele>85.096331</ele>
        <time>2026-05-29T16:24:54.000Z</time>
      </trkpt>
      <trkpt lat="44.159776" lon="15.344846">
        <ele>85.196358</ele>
        <time>2026-05-29T16:24:55.000Z</time>
      </trkpt>
      <trkpt lat="44.159802" lon="15.344902">
        <ele>85.296475</ele>
        <time>2026-05-29T16:24:56.000Z</time>
      </trkpt>
      <trkpt lat="44.159830" lon="15.344960">
        <ele>85.401402</ele>
        <time>2026-05-29T16:24:57.000Z</time>
      </trkpt>
      <trkpt lat="44.159858" lon="15.345015">
        <ele>85.468884</ele>
        <time>2026-05-29T16:24:58.000Z</time>
      </trkpt>
      <trkpt lat="44.159886" lon="15.345069">
        <ele>85.507355</ele>
        <time>2026-05-29T16:24:59.000Z</time>
      </trkpt>
      <trkpt lat="44.159914" lon="15.345125">
        <ele>85.546768</ele>
        <time>2026-05-29T16:25:00.000Z</time>
      </trkpt>
      <trkpt lat="44.159943" lon="15.345180">
        <ele>85.586180</ele>
        <time>2026-05-29T16:25:01.000Z</time>
      </trkpt>
      <trkpt lat="44.159971" lon="15.345238">
        <ele>85.626546</ele>
        <time>2026-05-29T16:25:02.000Z</time>
      </trkpt>
      <trkpt lat="44.160003" lon="15.345293">
        <ele>85.667434</ele>
        <time>2026-05-29T16:25:03.000Z</time>
      </trkpt>
      <trkpt lat="44.160034" lon="15.345347">
        <ele>85.707368</ele>
        <time>2026-05-29T16:25:04.000Z</time>
      </trkpt>
      <trkpt lat="44.160064" lon="15.345404">
        <ele>85.748187</ele>
        <time>2026-05-29T16:25:05.000Z</time>
      </trkpt>
      <trkpt lat="44.160094" lon="15.345460">
        <ele>85.788542</ele>
        <time>2026-05-29T16:25:06.000Z</time>
      </trkpt>
      <trkpt lat="44.160126" lon="15.345518">
        <ele>85.830790</ele>
        <time>2026-05-29T16:25:07.000Z</time>
      </trkpt>
      <trkpt lat="44.160156" lon="15.345575">
        <ele>85.871609</ele>
        <time>2026-05-29T16:25:08.000Z</time>
      </trkpt>
      <trkpt lat="44.160187" lon="15.345632">
        <ele>85.912909</ele>
        <time>2026-05-29T16:25:09.000Z</time>
      </trkpt>
      <trkpt lat="44.160217" lon="15.345688">
        <ele>85.953264</ele>
        <time>2026-05-29T16:25:10.000Z</time>
      </trkpt>
      <trkpt lat="44.160248" lon="15.345749">
        <ele>85.996427</ele>
        <time>2026-05-29T16:25:11.000Z</time>
      </trkpt>
      <trkpt lat="44.160279" lon="15.345812">
        <ele>86.040538</ele>
        <time>2026-05-29T16:25:12.000Z</time>
      </trkpt>
      <trkpt lat="44.160310" lon="15.345873">
        <ele>86.083701</ele>
        <time>2026-05-29T16:25:13.000Z</time>
      </trkpt>
      <trkpt lat="44.160341" lon="15.345933">
        <ele>86.126395</ele>
        <time>2026-05-29T16:25:14.000Z</time>
      </trkpt>
      <trkpt lat="44.160371" lon="15.345996">
        <ele>86.170055</ele>
        <time>2026-05-29T16:25:15.000Z</time>
      </trkpt>
      <trkpt lat="44.160403" lon="15.346058">
        <ele>86.214156</ele>
        <time>2026-05-29T16:25:16.000Z</time>
      </trkpt>
      <trkpt lat="44.160438" lon="15.346116">
        <ele>86.257917</ele>
        <time>2026-05-29T16:25:17.000Z</time>
      </trkpt>
      <trkpt lat="44.160471" lon="15.346176">
        <ele>86.301571</ele>
        <time>2026-05-29T16:25:18.000Z</time>
      </trkpt>
      <trkpt lat="44.160503" lon="15.346236">
        <ele>86.344740</ele>
        <time>2026-05-29T16:25:19.000Z</time>
      </trkpt>
      <trkpt lat="44.160536" lon="15.346297">
        <ele>86.388853</ele>
        <time>2026-05-29T16:25:20.000Z</time>
      </trkpt>
      <trkpt lat="44.160572" lon="15.346358">
        <ele>86.434461</ele>
        <time>2026-05-29T16:25:21.000Z</time>
      </trkpt>
      <trkpt lat="44.160606" lon="15.346421">
        <ele>86.479980</ele>
        <time>2026-05-29T16:25:22.000Z</time>
      </trkpt>
      <trkpt lat="44.160640" lon="15.346485">
        <ele>86.525963</ele>
        <time>2026-05-29T16:25:23.000Z</time>
      </trkpt>
      <trkpt lat="44.160675" lon="15.346550">
        <ele>86.572889</ele>
        <time>2026-05-29T16:25:24.000Z</time>
      </trkpt>
      <trkpt lat="44.160710" lon="15.346613">
        <ele>86.618897</ele>
        <time>2026-05-29T16:25:25.000Z</time>
      </trkpt>
      <trkpt lat="44.160746" lon="15.346677">
        <ele>86.665856</ele>
        <time>2026-05-29T16:25:26.000Z</time>
      </trkpt>
      <trkpt lat="44.160783" lon="15.346740">
        <ele>86.712867</ele>
        <time>2026-05-29T16:25:27.000Z</time>
      </trkpt>
      <trkpt lat="44.160820" lon="15.346805">
        <ele>86.760777</ele>
        <time>2026-05-29T16:25:28.000Z</time>
      </trkpt>
      <trkpt lat="44.160858" lon="15.346867">
        <ele>86.807861</ele>
        <time>2026-05-29T16:25:29.000Z</time>
      </trkpt>
      <trkpt lat="44.160894" lon="15.346933">
        <ele>86.855733</ele>
        <time>2026-05-29T16:25:30.000Z</time>
      </trkpt>
      <trkpt lat="44.160928" lon="15.346999">
        <ele>86.888468</ele>
        <time>2026-05-29T16:25:31.000Z</time>
      </trkpt>
      <trkpt lat="44.160964" lon="15.347064">
        <ele>86.842669</ele>
        <time>2026-05-29T16:25:32.000Z</time>
      </trkpt>
      <trkpt lat="44.161002" lon="15.347130">
        <ele>86.795469</ele>
        <time>2026-05-29T16:25:33.000Z</time>
      </trkpt>
      <trkpt lat="44.161041" lon="15.347196">
        <ele>86.747779</ele>
        <time>2026-05-29T16:25:34.000Z</time>
      </trkpt>
      <trkpt lat="44.161079" lon="15.347264">
        <ele>86.699705</ele>
        <time>2026-05-29T16:25:35.000Z</time>
      </trkpt>
      <trkpt lat="44.161117" lon="15.347335">
        <ele>86.650300</ele>
        <time>2026-05-29T16:25:36.000Z</time>
      </trkpt>
      <trkpt lat="44.161156" lon="15.347404">
        <ele>86.601307</ele>
        <time>2026-05-29T16:25:37.000Z</time>
      </trkpt>
      <trkpt lat="44.161197" lon="15.347474">
        <ele>86.550906</ele>
        <time>2026-05-29T16:25:38.000Z</time>
      </trkpt>
      <trkpt lat="44.161238" lon="15.347544">
        <ele>86.500505</ele>
        <time>2026-05-29T16:25:39.000Z</time>
      </trkpt>
      <trkpt lat="44.161279" lon="15.347614">
        <ele>86.450104</ele>
        <time>2026-05-29T16:25:40.000Z</time>
      </trkpt>
      <trkpt lat="44.161321" lon="15.347684">
        <ele>86.399208</ele>
        <time>2026-05-29T16:25:41.000Z</time>
      </trkpt>
      <trkpt lat="44.161362" lon="15.347755">
        <ele>86.348374</ele>
        <time>2026-05-29T16:25:42.000Z</time>
      </trkpt>
      <trkpt lat="44.161405" lon="15.347826">
        <ele>86.296551</ele>
        <time>2026-05-29T16:25:43.000Z</time>
      </trkpt>
      <trkpt lat="44.161447" lon="15.347896">
        <ele>86.245655</ele>
        <time>2026-05-29T16:25:44.000Z</time>
      </trkpt>
      <trkpt lat="44.161491" lon="15.347967">
        <ele>86.193327</ele>
        <time>2026-05-29T16:25:45.000Z</time>
      </trkpt>
      <trkpt lat="44.161533" lon="15.348037">
        <ele>86.142431</ele>
        <time>2026-05-29T16:25:46.000Z</time>
      </trkpt>
      <trkpt lat="44.161577" lon="15.348109">
        <ele>86.089680</ele>
        <time>2026-05-29T16:25:47.000Z</time>
      </trkpt>
      <trkpt lat="44.161621" lon="15.348180">
        <ele>86.037352</ele>
        <time>2026-05-29T16:25:48.000Z</time>
      </trkpt>
      <trkpt lat="44.161666" lon="15.348252">
        <ele>85.984093</ele>
        <time>2026-05-29T16:25:49.000Z</time>
      </trkpt>
      <trkpt lat="44.161711" lon="15.348326">
        <ele>85.929988</ele>
        <time>2026-05-29T16:25:50.000Z</time>
      </trkpt>
      <trkpt lat="44.161755" lon="15.348401">
        <ele>85.875952</ele>
        <time>2026-05-29T16:25:51.000Z</time>
      </trkpt>
      <trkpt lat="44.161800" lon="15.348476">
        <ele>85.821421</ele>
        <time>2026-05-29T16:25:52.000Z</time>
      </trkpt>
      <trkpt lat="44.161854" lon="15.348566">
        <ele>85.755984</ele>
        <time>2026-05-29T16:25:53.000Z</time>
      </trkpt>
      <trkpt lat="44.161892" lon="15.348625">
        <ele>85.711762</ele>
        <time>2026-05-29T16:25:54.000Z</time>
      </trkpt>
      <trkpt lat="44.161940" lon="15.348700">
        <ele>85.655706</ele>
        <time>2026-05-29T16:25:55.000Z</time>
      </trkpt>
      <trkpt lat="44.161998" lon="15.348792">
        <ele>85.587397</ele>
        <time>2026-05-29T16:25:56.000Z</time>
      </trkpt>
      <trkpt lat="44.162046" lon="15.348869">
        <ele>85.530504</ele>
        <time>2026-05-29T16:25:57.000Z</time>
      </trkpt>
      <trkpt lat="44.162085" lon="15.348931">
        <ele>85.454577</ele>
        <time>2026-05-29T16:25:58.000Z</time>
      </trkpt>
      <trkpt lat="44.162145" lon="15.349024">
        <ele>85.218616</ele>
        <time>2026-05-29T16:25:59.000Z</time>
      </trkpt>
      <trkpt lat="44.162195" lon="15.349105">
        <ele>85.017025</ele>
        <time>2026-05-29T16:26:00.000Z</time>
      </trkpt>
      <trkpt lat="44.162235" lon="15.349169">
        <ele>84.856893</ele>
        <time>2026-05-29T16:26:01.000Z</time>
      </trkpt>
      <trkpt lat="44.162286" lon="15.349249">
        <ele>84.654990</ele>
        <time>2026-05-29T16:26:02.000Z</time>
      </trkpt>
      <trkpt lat="44.162348" lon="15.349348">
        <ele>84.407070</ele>
        <time>2026-05-29T16:26:03.000Z</time>
      </trkpt>
      <trkpt lat="44.162390" lon="15.349412">
        <ele>84.243435</ele>
        <time>2026-05-29T16:26:04.000Z</time>
      </trkpt>
      <trkpt lat="44.162454" lon="15.349513">
        <ele>83.989209</ele>
        <time>2026-05-29T16:26:05.000Z</time>
      </trkpt>
      <trkpt lat="44.162498" lon="15.349579">
        <ele>83.819235</ele>
        <time>2026-05-29T16:26:06.000Z</time>
      </trkpt>
      <trkpt lat="44.162551" lon="15.349663">
        <ele>83.608196</ele>
        <time>2026-05-29T16:26:07.000Z</time>
      </trkpt>
      <trkpt lat="44.162607" lon="15.349745">
        <ele>83.394614</ele>
        <time>2026-05-29T16:26:08.000Z</time>
      </trkpt>
      <trkpt lat="44.162674" lon="15.349845">
        <ele>83.136481</ele>
        <time>2026-05-29T16:26:09.000Z</time>
      </trkpt>
      <trkpt lat="44.162719" lon="15.349914">
        <ele>82.960560</ele>
        <time>2026-05-29T16:26:10.000Z</time>
      </trkpt>
      <trkpt lat="44.162787" lon="15.350017">
        <ele>82.696489</ele>
        <time>2026-05-29T16:26:11.000Z</time>
      </trkpt>
      <trkpt lat="44.162845" lon="15.350105">
        <ele>82.471047</ele>
        <time>2026-05-29T16:26:12.000Z</time>
      </trkpt>
      <trkpt lat="44.162891" lon="15.350179">
        <ele>82.286327</ele>
        <time>2026-05-29T16:26:13.000Z</time>
      </trkpt>
      <trkpt lat="44.162950" lon="15.350268">
        <ele>82.057716</ele>
        <time>2026-05-29T16:26:14.000Z</time>
      </trkpt>
      <trkpt lat="44.163023" lon="15.350379">
        <ele>81.773636</ele>
        <time>2026-05-29T16:26:15.000Z</time>
      </trkpt>
      <trkpt lat="44.163073" lon="15.350453">
        <ele>81.581862</ele>
        <time>2026-05-29T16:26:16.000Z</time>
      </trkpt>
      <trkpt lat="44.163148" lon="15.350565">
        <ele>81.292826</ele>
        <time>2026-05-29T16:26:17.000Z</time>
      </trkpt>
      <trkpt lat="44.163199" lon="15.350642">
        <ele>81.095120</ele>
        <time>2026-05-29T16:26:18.000Z</time>
      </trkpt>
      <trkpt lat="44.163264" lon="15.350739">
        <ele>80.844713</ele>
        <time>2026-05-29T16:26:19.000Z</time>
      </trkpt>
      <trkpt lat="44.163332" lon="15.350838">
        <ele>80.574513</ele>
        <time>2026-05-29T16:26:20.000Z</time>
      </trkpt>
      <trkpt lat="44.163413" lon="15.350958">
        <ele>80.243692</ele>
        <time>2026-05-29T16:26:21.000Z</time>
      </trkpt>
      <trkpt lat="44.163467" lon="15.351039">
        <ele>80.021678</ele>
        <time>2026-05-29T16:26:22.000Z</time>
      </trkpt>
      <trkpt lat="44.163534" lon="15.351140">
        <ele>79.745481</ele>
        <time>2026-05-29T16:26:23.000Z</time>
      </trkpt>
      <trkpt lat="44.163603" lon="15.351244">
        <ele>79.461061</ele>
        <time>2026-05-29T16:26:24.000Z</time>
      </trkpt>
      <trkpt lat="44.163685" lon="15.351366">
        <ele>79.125397</ele>
        <time>2026-05-29T16:26:25.000Z</time>
      </trkpt>
      <trkpt lat="44.163755" lon="15.351470">
        <ele>78.839070</ele>
        <time>2026-05-29T16:26:26.000Z</time>
      </trkpt>
      <trkpt lat="44.163822" lon="15.351572">
        <ele>78.561396</ele>
        <time>2026-05-29T16:26:27.000Z</time>
      </trkpt>
      <trkpt lat="44.163877" lon="15.351653">
        <ele>78.337468</ele>
        <time>2026-05-29T16:26:28.000Z</time>
      </trkpt>
      <trkpt lat="44.163946" lon="15.351754">
        <ele>78.057441</ele>
        <time>2026-05-29T16:26:29.000Z</time>
      </trkpt>
      <trkpt lat="44.164014" lon="15.351856">
        <ele>77.777870</ele>
        <time>2026-05-29T16:26:30.000Z</time>
      </trkpt>
      <trkpt lat="44.164081" lon="15.351957">
        <ele>77.501674</ele>
        <time>2026-05-29T16:26:31.000Z</time>
      </trkpt>
      <trkpt lat="44.164147" lon="15.352057">
        <ele>77.228852</ele>
        <time>2026-05-29T16:26:32.000Z</time>
      </trkpt>
      <trkpt lat="44.164214" lon="15.352156">
        <ele>76.955590</ele>
        <time>2026-05-29T16:26:33.000Z</time>
      </trkpt>
      <trkpt lat="44.164282" lon="15.352256">
        <ele>76.678948</ele>
        <time>2026-05-29T16:26:34.000Z</time>
      </trkpt>
      <trkpt lat="44.164364" lon="15.352375">
        <ele>76.347656</ele>
        <time>2026-05-29T16:26:35.000Z</time>
      </trkpt>
      <trkpt lat="44.164419" lon="15.352456">
        <ele>76.123730</ele>
        <time>2026-05-29T16:26:36.000Z</time>
      </trkpt>
      <trkpt lat="44.164485" lon="15.352556">
        <ele>75.850908</ele>
        <time>2026-05-29T16:26:37.000Z</time>
      </trkpt>
      <trkpt lat="44.164550" lon="15.352655">
        <ele>75.649835</ele>
        <time>2026-05-29T16:26:38.000Z</time>
      </trkpt>
      <trkpt lat="44.164615" lon="15.352751">
        <ele>75.504387</ele>
        <time>2026-05-29T16:26:39.000Z</time>
      </trkpt>
      <trkpt lat="44.164681" lon="15.352850">
        <ele>75.355476</ele>
        <time>2026-05-29T16:26:40.000Z</time>
      </trkpt>
      <trkpt lat="44.164747" lon="15.352947">
        <ele>75.208172</ele>
        <time>2026-05-29T16:26:41.000Z</time>
      </trkpt>
      <trkpt lat="44.164811" lon="15.353042">
        <ele>75.064579</ele>
        <time>2026-05-29T16:26:42.000Z</time>
      </trkpt>
      <trkpt lat="44.164875" lon="15.353137">
        <ele>74.920986</ele>
        <time>2026-05-29T16:26:43.000Z</time>
      </trkpt>
      <trkpt lat="44.164938" lon="15.353232">
        <ele>74.778440</ele>
        <time>2026-05-29T16:26:44.000Z</time>
      </trkpt>
      <trkpt lat="44.165001" lon="15.353324">
        <ele>74.638304</ele>
        <time>2026-05-29T16:26:45.000Z</time>
      </trkpt>
      <trkpt lat="44.165064" lon="15.353417">
        <ele>74.497368</ele>
        <time>2026-05-29T16:26:46.000Z</time>
      </trkpt>
      <trkpt lat="44.165126" lon="15.353510">
        <ele>74.357483</ele>
        <time>2026-05-29T16:26:47.000Z</time>
      </trkpt>
      <trkpt lat="44.165187" lon="15.353600">
        <ele>74.221060</ele>
        <time>2026-05-29T16:26:48.000Z</time>
      </trkpt>
      <trkpt lat="44.165247" lon="15.353691">
        <ele>74.084878</ele>
        <time>2026-05-29T16:26:49.000Z</time>
      </trkpt>
      <trkpt lat="44.165310" lon="15.353784">
        <ele>73.943943</ele>
        <time>2026-05-29T16:26:50.000Z</time>
      </trkpt>
      <trkpt lat="44.165372" lon="15.353873">
        <ele>73.807253</ele>
        <time>2026-05-29T16:26:51.000Z</time>
      </trkpt>
      <trkpt lat="44.165434" lon="15.353963">
        <ele>73.669771</ele>
        <time>2026-05-29T16:26:52.000Z</time>
      </trkpt>
      <trkpt lat="44.165496" lon="15.354055">
        <ele>73.530691</ele>
        <time>2026-05-29T16:26:53.000Z</time>
      </trkpt>
      <trkpt lat="44.165556" lon="15.354149">
        <ele>73.392058</ele>
        <time>2026-05-29T16:26:54.000Z</time>
      </trkpt>
      <trkpt lat="44.165617" lon="15.354244">
        <ele>73.251580</ele>
        <time>2026-05-29T16:26:55.000Z</time>
      </trkpt>
      <trkpt lat="44.165678" lon="15.354336">
        <ele>73.113548</ele>
        <time>2026-05-29T16:26:56.000Z</time>
      </trkpt>
      <trkpt lat="44.165738" lon="15.354426">
        <ele>72.978175</ele>
        <time>2026-05-29T16:26:57.000Z</time>
      </trkpt>
      <trkpt lat="44.165797" lon="15.354515">
        <ele>72.972934</ele>
        <time>2026-05-29T16:26:58.000Z</time>
      </trkpt>
      <trkpt lat="44.165858" lon="15.354601">
        <ele>72.975646</ele>
        <time>2026-05-29T16:26:59.000Z</time>
      </trkpt>
      <trkpt lat="44.165918" lon="15.354688">
        <ele>72.978353</ele>
        <time>2026-05-29T16:27:00.000Z</time>
      </trkpt>
      <trkpt lat="44.165974" lon="15.354774">
        <ele>72.980958</ele>
        <time>2026-05-29T16:27:01.000Z</time>
      </trkpt>
      <trkpt lat="44.166028" lon="15.354860">
        <ele>72.983521</ele>
        <time>2026-05-29T16:27:02.000Z</time>
      </trkpt>
      <trkpt lat="44.166083" lon="15.354944">
        <ele>72.986072</ele>
        <time>2026-05-29T16:27:03.000Z</time>
      </trkpt>
      <trkpt lat="44.166137" lon="15.355028">
        <ele>72.988602</ele>
        <time>2026-05-29T16:27:04.000Z</time>
      </trkpt>
      <trkpt lat="44.166192" lon="15.355112">
        <ele>72.991152</ele>
        <time>2026-05-29T16:27:05.000Z</time>
      </trkpt>
      <trkpt lat="44.166248" lon="15.355196">
        <ele>72.993724</ele>
        <time>2026-05-29T16:27:06.000Z</time>
      </trkpt>
      <trkpt lat="44.166313" lon="15.355295">
        <ele>72.996734</ele>
        <time>2026-05-29T16:27:07.000Z</time>
      </trkpt>
      <trkpt lat="44.166354" lon="15.355361">
        <ele>72.998693</ele>
        <time>2026-05-29T16:27:08.000Z</time>
      </trkpt>
      <trkpt lat="44.166404" lon="15.355441">
        <ele>73.001072</ele>
        <time>2026-05-29T16:27:09.000Z</time>
      </trkpt>
      <trkpt lat="44.166466" lon="15.355533">
        <ele>73.003903</ele>
        <time>2026-05-29T16:27:10.000Z</time>
      </trkpt>
      <trkpt lat="44.166507" lon="15.355593">
        <ele>73.005762</ele>
        <time>2026-05-29T16:27:11.000Z</time>
      </trkpt>
      <trkpt lat="44.166558" lon="15.355670">
        <ele>73.008112</ele>
        <time>2026-05-29T16:27:12.000Z</time>
      </trkpt>
      <trkpt lat="44.166606" lon="15.355744">
        <ele>73.010350</ele>
        <time>2026-05-29T16:27:13.000Z</time>
      </trkpt>
      <trkpt lat="44.166654" lon="15.355815">
        <ele>73.012538</ele>
        <time>2026-05-29T16:27:14.000Z</time>
      </trkpt>
      <trkpt lat="44.166702" lon="15.355887">
        <ele>73.014743</ele>
        <time>2026-05-29T16:27:15.000Z</time>
      </trkpt>
      <trkpt lat="44.166746" lon="15.355959">
        <ele>73.016864</ele>
        <time>2026-05-29T16:27:16.000Z</time>
      </trkpt>
      <trkpt lat="44.166789" lon="15.356030">
        <ele>73.018948</ele>
        <time>2026-05-29T16:27:17.000Z</time>
      </trkpt>
      <trkpt lat="44.166832" lon="15.356099">
        <ele>73.020998</ele>
        <time>2026-05-29T16:27:18.000Z</time>
      </trkpt>
      <trkpt lat="44.166873" lon="15.356169">
        <ele>73.023025</ele>
        <time>2026-05-29T16:27:19.000Z</time>
      </trkpt>
      <trkpt lat="44.166915" lon="15.356237">
        <ele>73.025037</ele>
        <time>2026-05-29T16:27:20.000Z</time>
      </trkpt>
      <trkpt lat="44.166955" lon="15.356302">
        <ele>73.038235</ele>
        <time>2026-05-29T16:27:21.000Z</time>
      </trkpt>
      <trkpt lat="44.166994" lon="15.356367">
        <ele>73.101862</ele>
        <time>2026-05-29T16:27:22.000Z</time>
      </trkpt>
      <trkpt lat="44.167033" lon="15.356434">
        <ele>73.166648</ele>
        <time>2026-05-29T16:27:23.000Z</time>
      </trkpt>
      <trkpt lat="44.167071" lon="15.356499">
        <ele>73.229609</ele>
        <time>2026-05-29T16:27:24.000Z</time>
      </trkpt>
      <trkpt lat="44.167110" lon="15.356565">
        <ele>73.293813</ele>
        <time>2026-05-29T16:27:25.000Z</time>
      </trkpt>
      <trkpt lat="44.167148" lon="15.356629">
        <ele>73.356193</ele>
        <time>2026-05-29T16:27:26.000Z</time>
      </trkpt>
      <trkpt lat="44.167185" lon="15.356692">
        <ele>73.417328</ele>
        <time>2026-05-29T16:27:27.000Z</time>
      </trkpt>
      <trkpt lat="44.167222" lon="15.356756">
        <ele>73.479046</ele>
        <time>2026-05-29T16:27:28.000Z</time>
      </trkpt>
      <trkpt lat="44.167265" lon="15.356833">
        <ele>73.552316</ele>
        <time>2026-05-29T16:27:29.000Z</time>
      </trkpt>
      <trkpt lat="44.167294" lon="15.356884">
        <ele>73.601180</ele>
        <time>2026-05-29T16:27:30.000Z</time>
      </trkpt>
      <trkpt lat="44.167328" lon="15.356945">
        <ele>73.659183</ele>
        <time>2026-05-29T16:27:31.000Z</time>
      </trkpt>
      <trkpt lat="44.167361" lon="15.357008">
        <ele>73.717755</ele>
        <time>2026-05-29T16:27:32.000Z</time>
      </trkpt>
      <trkpt lat="44.167393" lon="15.357070">
        <ele>73.775105</ele>
        <time>2026-05-29T16:27:33.000Z</time>
      </trkpt>
      <trkpt lat="44.167427" lon="15.357130">
        <ele>73.832517</ele>
        <time>2026-05-29T16:27:34.000Z</time>
      </trkpt>
      <trkpt lat="44.167468" lon="15.357202">
        <ele>73.901541</ele>
        <time>2026-05-29T16:27:35.000Z</time>
      </trkpt>
      <trkpt lat="44.167494" lon="15.357251">
        <ele>73.947303</ele>
        <time>2026-05-29T16:27:36.000Z</time>
      </trkpt>
      <trkpt lat="44.167525" lon="15.357312">
        <ele>74.003434</ele>
        <time>2026-05-29T16:27:37.000Z</time>
      </trkpt>
      <trkpt lat="44.167564" lon="15.357383">
        <ele>74.070578</ele>
        <time>2026-05-29T16:27:38.000Z</time>
      </trkpt>
      <trkpt lat="44.167590" lon="15.357432">
        <ele>74.116341</ele>
        <time>2026-05-29T16:27:39.000Z</time>
      </trkpt>
      <trkpt lat="44.167622" lon="15.357492">
        <ele>74.172479</ele>
        <time>2026-05-29T16:27:40.000Z</time>
      </trkpt>
      <trkpt lat="44.167656" lon="15.357552">
        <ele>74.229890</ele>
        <time>2026-05-29T16:27:41.000Z</time>
      </trkpt>
      <trkpt lat="44.167693" lon="15.357625">
        <ele>74.297003</ele>
        <time>2026-05-29T16:27:42.000Z</time>
      </trkpt>
      <trkpt lat="44.167720" lon="15.357675">
        <ele>74.343994</ele>
        <time>2026-05-29T16:27:43.000Z</time>
      </trkpt>
      <trkpt lat="44.167751" lon="15.357735">
        <ele>74.399513</ele>
        <time>2026-05-29T16:27:44.000Z</time>
      </trkpt>
      <trkpt lat="44.167781" lon="15.357795">
        <ele>74.454427</ele>
        <time>2026-05-29T16:27:45.000Z</time>
      </trkpt>
      <trkpt lat="44.167812" lon="15.357855">
        <ele>74.509947</ele>
        <time>2026-05-29T16:27:46.000Z</time>
      </trkpt>
      <trkpt lat="44.167840" lon="15.357914">
        <ele>74.563063</ele>
        <time>2026-05-29T16:27:47.000Z</time>
      </trkpt>
      <trkpt lat="44.167867" lon="15.357974">
        <ele>74.616244</ele>
        <time>2026-05-29T16:27:48.000Z</time>
      </trkpt>
      <trkpt lat="44.167898" lon="15.358035">
        <ele>74.672375</ele>
        <time>2026-05-29T16:27:49.000Z</time>
      </trkpt>
      <trkpt lat="44.167927" lon="15.358095">
        <ele>74.726697</ele>
        <time>2026-05-29T16:27:50.000Z</time>
      </trkpt>
      <trkpt lat="44.167962" lon="15.358170">
        <ele>74.793878</ele>
        <time>2026-05-29T16:27:51.000Z</time>
      </trkpt>
      <trkpt lat="44.167984" lon="15.358219">
        <ele>74.837281</ele>
        <time>2026-05-29T16:27:52.000Z</time>
      </trkpt>
      <trkpt lat="44.168011" lon="15.358279">
        <ele>74.890462</ele>
        <time>2026-05-29T16:27:53.000Z</time>
      </trkpt>
      <trkpt lat="44.168037" lon="15.358337">
        <ele>74.950775</ele>
        <time>2026-05-29T16:27:54.000Z</time>
      </trkpt>
      <trkpt lat="44.168065" lon="15.358399">
        <ele>75.020954</ele>
        <time>2026-05-29T16:27:55.000Z</time>
      </trkpt>
      <trkpt lat="44.168091" lon="15.358462">
        <ele>75.090576</ele>
        <time>2026-05-29T16:27:56.000Z</time>
      </trkpt>
      <trkpt lat="44.168117" lon="15.358520">
        <ele>75.156091</ele>
        <time>2026-05-29T16:27:57.000Z</time>
      </trkpt>
      <trkpt lat="44.168143" lon="15.358581">
        <ele>75.224059</ele>
        <time>2026-05-29T16:27:58.000Z</time>
      </trkpt>
      <trkpt lat="44.168176" lon="15.358652">
        <ele>75.305098</ele>
        <time>2026-05-29T16:27:59.000Z</time>
      </trkpt>
      <trkpt lat="44.168198" lon="15.358699">
        <ele>75.358856</ele>
        <time>2026-05-29T16:28:00.000Z</time>
      </trkpt>
      <trkpt lat="44.168224" lon="15.358760">
        <ele>75.426824</ele>
        <time>2026-05-29T16:28:01.000Z</time>
      </trkpt>
      <trkpt lat="44.168249" lon="15.358820">
        <ele>75.493290</ele>
        <time>2026-05-29T16:28:02.000Z</time>
      </trkpt>
      <trkpt lat="44.168274" lon="15.358878">
        <ele>75.558106</ele>
        <time>2026-05-29T16:28:03.000Z</time>
      </trkpt>
      <trkpt lat="44.168299" lon="15.358936">
        <ele>75.622923</ele>
        <time>2026-05-29T16:28:04.000Z</time>
      </trkpt>
      <trkpt lat="44.168329" lon="15.359005">
        <ele>75.700210</ele>
        <time>2026-05-29T16:28:05.000Z</time>
      </trkpt>
      <trkpt lat="44.168349" lon="15.359051">
        <ele>75.751735</ele>
        <time>2026-05-29T16:28:06.000Z</time>
      </trkpt>
      <trkpt lat="44.168375" lon="15.359108">
        <ele>75.816439</ele>
        <time>2026-05-29T16:28:07.000Z</time>
      </trkpt>
      <trkpt lat="44.168400" lon="15.359166">
        <ele>75.881255</ele>
        <time>2026-05-29T16:28:08.000Z</time>
      </trkpt>
      <trkpt lat="44.168431" lon="15.359235">
        <ele>75.959243</ele>
        <time>2026-05-29T16:28:09.000Z</time>
      </trkpt>
      <trkpt lat="44.168452" lon="15.359283">
        <ele>76.013098</ele>
        <time>2026-05-29T16:28:10.000Z</time>
      </trkpt>
      <trkpt lat="44.168476" lon="15.359338">
        <ele>76.074764</ele>
        <time>2026-05-29T16:28:11.000Z</time>
      </trkpt>
      <trkpt lat="44.168500" lon="15.359398">
        <ele>76.140569</ele>
        <time>2026-05-29T16:28:12.000Z</time>
      </trkpt>
      <trkpt lat="44.168522" lon="15.359458">
        <ele>76.205115</ele>
        <time>2026-05-29T16:28:13.000Z</time>
      </trkpt>
      <trkpt lat="44.168546" lon="15.359514">
        <ele>76.267602</ele>
        <time>2026-05-29T16:28:14.000Z</time>
      </trkpt>
      <trkpt lat="44.168569" lon="15.359569">
        <ele>76.328584</ele>
        <time>2026-05-29T16:28:15.000Z</time>
      </trkpt>
      <trkpt lat="44.168592" lon="15.359623">
        <ele>76.388741</ele>
        <time>2026-05-29T16:28:16.000Z</time>
      </trkpt>
      <trkpt lat="44.168615" lon="15.359678">
        <ele>76.449724</ele>
        <time>2026-05-29T16:28:17.000Z</time>
      </trkpt>
      <trkpt lat="44.168640" lon="15.359732">
        <ele>76.511288</ele>
        <time>2026-05-29T16:28:18.000Z</time>
      </trkpt>
      <trkpt lat="44.168670" lon="15.359799">
        <ele>76.586943</ele>
        <time>2026-05-29T16:28:19.000Z</time>
      </trkpt>
      <trkpt lat="44.168690" lon="15.359843">
        <ele>76.636839</ele>
        <time>2026-05-29T16:28:20.000Z</time>
      </trkpt>
      <trkpt lat="44.168714" lon="15.359898">
        <ele>76.698505</ele>
        <time>2026-05-29T16:28:21.000Z</time>
      </trkpt>
      <trkpt lat="44.168739" lon="15.359953">
        <ele>76.760875</ele>
        <time>2026-05-29T16:28:22.000Z</time>
      </trkpt>
      <trkpt lat="44.168762" lon="15.360007">
        <ele>76.821032</ele>
        <time>2026-05-29T16:28:23.000Z</time>
      </trkpt>
      <trkpt lat="44.168785" lon="15.360061">
        <ele>76.881189</ele>
        <time>2026-05-29T16:28:24.000Z</time>
      </trkpt>
      <trkpt lat="44.168809" lon="15.360116">
        <ele>76.942855</ele>
        <time>2026-05-29T16:28:25.000Z</time>
      </trkpt>
      <trkpt lat="44.168837" lon="15.360182">
        <ele>77.016304</ele>
        <time>2026-05-29T16:28:26.000Z</time>
      </trkpt>
      <trkpt lat="44.168857" lon="15.360227">
        <ele>77.067012</ele>
        <time>2026-05-29T16:28:27.000Z</time>
      </trkpt>
      <trkpt lat="44.168880" lon="15.360281">
        <ele>77.127169</ele>
        <time>2026-05-29T16:28:28.000Z</time>
      </trkpt>
      <trkpt lat="44.168904" lon="15.360336">
        <ele>77.188835</ele>
        <time>2026-05-29T16:28:29.000Z</time>
      </trkpt>
      <trkpt lat="44.168932" lon="15.360403">
        <ele>77.263110</ele>
        <time>2026-05-29T16:28:30.000Z</time>
      </trkpt>
      <trkpt lat="44.168951" lon="15.360448">
        <ele>77.313053</ele>
        <time>2026-05-29T16:28:31.000Z</time>
      </trkpt>
      <trkpt lat="44.168974" lon="15.360504">
        <ele>77.372417</ele>
        <time>2026-05-29T16:28:32.000Z</time>
      </trkpt>
      <trkpt lat="44.168998" lon="15.360563">
        <ele>77.434815</ele>
        <time>2026-05-29T16:28:33.000Z</time>
      </trkpt>
      <trkpt lat="44.169020" lon="15.360621">
        <ele>77.495173</ele>
        <time>2026-05-29T16:28:34.000Z</time>
      </trkpt>
      <trkpt lat="44.169045" lon="15.360680">
        <ele>77.558213</ele>
        <time>2026-05-29T16:28:35.000Z</time>
      </trkpt>
      <trkpt lat="44.169069" lon="15.360739">
        <ele>77.620611</ele>
        <time>2026-05-29T16:28:36.000Z</time>
      </trkpt>
      <trkpt lat="44.169092" lon="15.360800">
        <ele>77.684009</ele>
        <time>2026-05-29T16:28:37.000Z</time>
      </trkpt>
      <trkpt lat="44.169116" lon="15.360860">
        <ele>77.747208</ele>
        <time>2026-05-29T16:28:38.000Z</time>
      </trkpt>
      <trkpt lat="44.169138" lon="15.360917">
        <ele>77.806754</ele>
        <time>2026-05-29T16:28:39.000Z</time>
      </trkpt>
      <trkpt lat="44.169164" lon="15.360987">
        <ele>77.879272</ele>
        <time>2026-05-29T16:28:40.000Z</time>
      </trkpt>
      <trkpt lat="44.169183" lon="15.361033">
        <ele>77.928105</ele>
        <time>2026-05-29T16:28:41.000Z</time>
      </trkpt>
      <trkpt lat="44.169207" lon="15.361102">
        <ele>77.998650</ele>
        <time>2026-05-29T16:28:42.000Z</time>
      </trkpt>
      <trkpt lat="44.169226" lon="15.361159">
        <ele>78.056473</ele>
        <time>2026-05-29T16:28:43.000Z</time>
      </trkpt>
      <trkpt lat="44.169244" lon="15.361204">
        <ele>78.103872</ele>
        <time>2026-05-29T16:28:44.000Z</time>
      </trkpt>
      <trkpt lat="44.169265" lon="15.361256">
        <ele>78.158770</ele>
        <time>2026-05-29T16:28:45.000Z</time>
      </trkpt>
      <trkpt lat="44.169286" lon="15.361308">
        <ele>78.213669</ele>
        <time>2026-05-29T16:28:46.000Z</time>
      </trkpt>
      <trkpt lat="44.169303" lon="15.361361">
        <ele>78.267079</ele>
        <time>2026-05-29T16:28:47.000Z</time>
      </trkpt>
      <trkpt lat="44.169323" lon="15.361426">
        <ele>78.332144</ele>
        <time>2026-05-29T16:28:48.000Z</time>
      </trkpt>
      <trkpt lat="44.169338" lon="15.361471">
        <ele>78.377794</ele>
        <time>2026-05-29T16:28:49.000Z</time>
      </trkpt>
      <trkpt lat="44.169355" lon="15.361527">
        <ele>78.433735</ele>
        <time>2026-05-29T16:28:50.000Z</time>
      </trkpt>
      <trkpt lat="44.169375" lon="15.361581">
        <ele>78.489643</ele>
        <time>2026-05-29T16:28:51.000Z</time>
      </trkpt>
      <trkpt lat="44.169395" lon="15.361633">
        <ele>78.543923</ele>
        <time>2026-05-29T16:28:52.000Z</time>
      </trkpt>
      <trkpt lat="44.169413" lon="15.361686">
        <ele>78.597870</ele>
        <time>2026-05-29T16:28:53.000Z</time>
      </trkpt>
      <trkpt lat="44.169435" lon="15.361751">
        <ele>78.663989</ele>
        <time>2026-05-29T16:28:54.000Z</time>
      </trkpt>
      <trkpt lat="44.169451" lon="15.361796">
        <ele>78.710193</ele>
        <time>2026-05-29T16:28:55.000Z</time>
      </trkpt>
      <trkpt lat="44.169469" lon="15.361852">
        <ele>78.766646</ele>
        <time>2026-05-29T16:28:56.000Z</time>
      </trkpt>
      <trkpt lat="44.169487" lon="15.361904">
        <ele>78.819762</ele>
        <time>2026-05-29T16:28:57.000Z</time>
      </trkpt>
      <trkpt lat="44.169505" lon="15.361958">
        <ele>78.874541</ele>
        <time>2026-05-29T16:28:58.000Z</time>
      </trkpt>
      <trkpt lat="44.169521" lon="15.362011">
        <ele>78.927440</ele>
        <time>2026-05-29T16:28:59.000Z</time>
      </trkpt>
      <trkpt lat="44.169537" lon="15.362066">
        <ele>78.982040</ele>
        <time>2026-05-29T16:29:00.000Z</time>
      </trkpt>
      <trkpt lat="44.169552" lon="15.362120">
        <ele>79.035312</ele>
        <time>2026-05-29T16:29:01.000Z</time>
      </trkpt>
      <trkpt lat="44.169568" lon="15.362175">
        <ele>79.089912</ele>
        <time>2026-05-29T16:29:02.000Z</time>
      </trkpt>
      <trkpt lat="44.169577" lon="15.362229">
        <ele>79.140912</ele>
        <time>2026-05-29T16:29:03.000Z</time>
      </trkpt>
      <trkpt lat="44.169578" lon="15.362281">
        <ele>79.188766</ele>
        <time>2026-05-29T16:29:04.000Z</time>
      </trkpt>
      <trkpt lat="44.169573" lon="15.362327">
        <ele>79.231566</ele>
        <time>2026-05-29T16:29:05.000Z</time>
      </trkpt>
      <trkpt lat="44.169565" lon="15.362368">
        <ele>79.270655</ele>
        <time>2026-05-29T16:29:06.000Z</time>
      </trkpt>
      <trkpt lat="44.169553" lon="15.362399">
        <ele>79.303061</ele>
        <time>2026-05-29T16:29:07.000Z</time>
      </trkpt>
      <trkpt lat="44.169548" lon="15.362411">
        <ele>79.315827</ele>
        <time>2026-05-29T16:29:08.000Z</time>
      </trkpt>
      <trkpt lat="44.169591" lon="15.362403">
        <ele>79.371465</ele>
        <time>2026-05-29T16:39:07.000Z</time>
      </trkpt>
      <trkpt lat="44.169601" lon="15.362402">
        <ele>79.384324</ele>
        <time>2026-05-29T16:39:08.000Z</time>
      </trkpt>
      <trkpt lat="44.169615" lon="15.362406">
        <ele>79.402653</ele>
        <time>2026-05-29T16:39:09.000Z</time>
      </trkpt>
      <trkpt lat="44.169632" lon="15.362417">
        <ele>79.426690</ele>
        <time>2026-05-29T16:39:10.000Z</time>
      </trkpt>
      <trkpt lat="44.169650" lon="15.362437">
        <ele>79.456210</ele>
        <time>2026-05-29T16:39:11.000Z</time>
      </trkpt>
      <trkpt lat="44.169667" lon="15.362471">
        <ele>79.494337</ele>
        <time>2026-05-29T16:39:12.000Z</time>
      </trkpt>
      <trkpt lat="44.169677" lon="15.362498">
        <ele>79.522292</ele>
        <time>2026-05-29T16:39:13.000Z</time>
      </trkpt>
      <trkpt lat="44.169688" lon="15.362537">
        <ele>79.560843</ele>
        <time>2026-05-29T16:39:14.000Z</time>
      </trkpt>
      <trkpt lat="44.169701" lon="15.362577">
        <ele>79.601242</ele>
        <time>2026-05-29T16:39:15.000Z</time>
      </trkpt>
      <trkpt lat="44.169715" lon="15.362619">
        <ele>79.639397</ele>
        <time>2026-05-29T16:39:16.000Z</time>
      </trkpt>
      <trkpt lat="44.169727" lon="15.362664">
        <ele>79.675938</ele>
        <time>2026-05-29T16:39:17.000Z</time>
      </trkpt>
      <trkpt lat="44.169740" lon="15.362710">
        <ele>79.713569</ele>
        <time>2026-05-29T16:39:18.000Z</time>
      </trkpt>
      <trkpt lat="44.169753" lon="15.362756">
        <ele>79.751201</ele>
        <time>2026-05-29T16:39:19.000Z</time>
      </trkpt>
      <trkpt lat="44.169767" lon="15.362803">
        <ele>79.789936</ele>
        <time>2026-05-29T16:39:20.000Z</time>
      </trkpt>
      <trkpt lat="44.169782" lon="15.362850">
        <ele>79.829090</ele>
        <time>2026-05-29T16:39:21.000Z</time>
      </trkpt>
      <trkpt lat="44.169796" lon="15.362899">
        <ele>79.869235</ele>
        <time>2026-05-29T16:39:22.000Z</time>
      </trkpt>
      <trkpt lat="44.169809" lon="15.362948">
        <ele>79.909000</ele>
        <time>2026-05-29T16:39:23.000Z</time>
      </trkpt>
      <trkpt lat="44.169823" lon="15.362999">
        <ele>79.950563</ele>
        <time>2026-05-29T16:39:24.000Z</time>
      </trkpt>
      <trkpt lat="44.169838" lon="15.363050">
        <ele>79.992517</ele>
        <time>2026-05-29T16:39:25.000Z</time>
      </trkpt>
      <trkpt lat="44.169854" lon="15.363103">
        <ele>80.036284</ele>
        <time>2026-05-29T16:39:26.000Z</time>
      </trkpt>
      <trkpt lat="44.169871" lon="15.363158">
        <ele>80.081867</ele>
        <time>2026-05-29T16:39:27.000Z</time>
      </trkpt>
      <trkpt lat="44.169887" lon="15.363224">
        <ele>80.134893</ele>
        <time>2026-05-29T16:39:28.000Z</time>
      </trkpt>
      <trkpt lat="44.169899" lon="15.363278">
        <ele>80.177921</ele>
        <time>2026-05-29T16:39:29.000Z</time>
      </trkpt>
      <trkpt lat="44.169910" lon="15.363321">
        <ele>80.212669</ele>
        <time>2026-05-29T16:39:30.000Z</time>
      </trkpt>
      <trkpt lat="44.169927" lon="15.363386">
        <ele>80.265328</ele>
        <time>2026-05-29T16:39:31.000Z</time>
      </trkpt>
      <trkpt lat="44.169940" lon="15.363429">
        <ele>80.300845</ele>
        <time>2026-05-29T16:39:32.000Z</time>
      </trkpt>
      <trkpt lat="44.169952" lon="15.363483">
        <ele>80.343873</ele>
        <time>2026-05-29T16:39:33.000Z</time>
      </trkpt>
      <trkpt lat="44.169968" lon="15.363548">
        <ele>80.396178</ele>
        <time>2026-05-29T16:39:34.000Z</time>
      </trkpt>
      <trkpt lat="44.169983" lon="15.363603">
        <ele>80.440964</ele>
        <time>2026-05-29T16:39:35.000Z</time>
      </trkpt>
      <trkpt lat="44.169995" lon="15.363649">
        <ele>80.478219</ele>
        <time>2026-05-29T16:39:36.000Z</time>
      </trkpt>
      <trkpt lat="44.170010" lon="15.363705">
        <ele>80.523717</ele>
        <time>2026-05-29T16:39:37.000Z</time>
      </trkpt>
      <trkpt lat="44.170025" lon="15.363760">
        <ele>80.568503</ele>
        <time>2026-05-29T16:39:38.000Z</time>
      </trkpt>
      <trkpt lat="44.170041" lon="15.363825">
        <ele>80.620808</ele>
        <time>2026-05-29T16:39:39.000Z</time>
      </trkpt>
      <trkpt lat="44.170055" lon="15.363880">
        <ele>80.665228</ele>
        <time>2026-05-29T16:39:40.000Z</time>
      </trkpt>
      <trkpt lat="44.170069" lon="15.363934">
        <ele>80.708931</ele>
        <time>2026-05-29T16:39:41.000Z</time>
      </trkpt>
      <trkpt lat="44.170079" lon="15.363978">
        <ele>80.744061</ele>
        <time>2026-05-29T16:39:42.000Z</time>
      </trkpt>
      <trkpt lat="44.170094" lon="15.364033">
        <ele>80.788847</ele>
        <time>2026-05-29T16:39:43.000Z</time>
      </trkpt>
      <trkpt lat="44.170111" lon="15.364100">
        <ele>80.842938</ele>
        <time>2026-05-29T16:39:44.000Z</time>
      </trkpt>
      <trkpt lat="44.170122" lon="15.364146">
        <ele>80.879845</ele>
        <time>2026-05-29T16:39:45.000Z</time>
      </trkpt>
      <trkpt lat="44.170136" lon="15.364202">
        <ele>80.924982</ele>
        <time>2026-05-29T16:39:46.000Z</time>
      </trkpt>
      <trkpt lat="44.170153" lon="15.364270">
        <ele>80.979792</ele>
        <time>2026-05-29T16:39:47.000Z</time>
      </trkpt>
      <trkpt lat="44.170167" lon="15.364328">
        <ele>81.026370</ele>
        <time>2026-05-29T16:39:48.000Z</time>
      </trkpt>
      <trkpt lat="44.170181" lon="15.364385">
        <ele>81.072227</ele>
        <time>2026-05-29T16:39:49.000Z</time>
      </trkpt>
      <trkpt lat="44.170194" lon="15.364442">
        <ele>81.117751</ele>
        <time>2026-05-29T16:39:50.000Z</time>
      </trkpt>
      <trkpt lat="44.170207" lon="15.364500">
        <ele>81.164001</ele>
        <time>2026-05-29T16:39:51.000Z</time>
      </trkpt>
      <trkpt lat="44.170218" lon="15.364546">
        <ele>81.200907</ele>
        <time>2026-05-29T16:39:52.000Z</time>
      </trkpt>
      <trkpt lat="44.170233" lon="15.364616">
        <ele>81.256512</ele>
        <time>2026-05-29T16:39:53.000Z</time>
      </trkpt>
      <trkpt lat="44.170245" lon="15.364673">
        <ele>81.301726</ele>
        <time>2026-05-29T16:39:54.000Z</time>
      </trkpt>
      <trkpt lat="44.170256" lon="15.364719">
        <ele>81.338632</ele>
        <time>2026-05-29T16:39:55.000Z</time>
      </trkpt>
      <trkpt lat="44.170273" lon="15.364786">
        <ele>81.392724</ele>
        <time>2026-05-29T16:39:56.000Z</time>
      </trkpt>
      <trkpt lat="44.170286" lon="15.364841">
        <ele>81.436800</ele>
        <time>2026-05-29T16:39:57.000Z</time>
      </trkpt>
      <trkpt lat="44.170296" lon="15.364885">
        <ele>81.471930</ele>
        <time>2026-05-29T16:39:58.000Z</time>
      </trkpt>
      <trkpt lat="44.170308" lon="15.364940">
        <ele>81.515686</ele>
        <time>2026-05-29T16:39:59.000Z</time>
      </trkpt>
      <trkpt lat="44.170320" lon="15.364996">
        <ele>81.568880</ele>
        <time>2026-05-29T16:40:00.000Z</time>
      </trkpt>
      <trkpt lat="44.170330" lon="15.365055">
        <ele>81.627018</ele>
        <time>2026-05-29T16:40:01.000Z</time>
      </trkpt>
      <trkpt lat="44.170344" lon="15.365123">
        <ele>81.694862</ele>
        <time>2026-05-29T16:40:02.000Z</time>
      </trkpt>
      <trkpt lat="44.170357" lon="15.365181">
        <ele>81.753135</ele>
        <time>2026-05-29T16:40:03.000Z</time>
      </trkpt>
      <trkpt lat="44.170367" lon="15.365228">
        <ele>81.800149</ele>
        <time>2026-05-29T16:40:04.000Z</time>
      </trkpt>
      <trkpt lat="44.170381" lon="15.365297">
        <ele>81.868915</ele>
        <time>2026-05-29T16:40:05.000Z</time>
      </trkpt>
      <trkpt lat="44.170393" lon="15.365355">
        <ele>81.926803</ele>
        <time>2026-05-29T16:40:06.000Z</time>
      </trkpt>
      <trkpt lat="44.170403" lon="15.365401">
        <ele>81.972898</ele>
        <time>2026-05-29T16:40:07.000Z</time>
      </trkpt>
      <trkpt lat="44.170417" lon="15.365470">
        <ele>82.041664</ele>
        <time>2026-05-29T16:40:08.000Z</time>
      </trkpt>
      <trkpt lat="44.170427" lon="15.365518">
        <ele>82.089597</ele>
        <time>2026-05-29T16:40:09.000Z</time>
      </trkpt>
      <trkpt lat="44.170440" lon="15.365578">
        <ele>82.149704</ele>
        <time>2026-05-29T16:40:10.000Z</time>
      </trkpt>
      <trkpt lat="44.170451" lon="15.365636">
        <ele>82.207236</ele>
        <time>2026-05-29T16:40:11.000Z</time>
      </trkpt>
      <trkpt lat="44.170463" lon="15.365694">
        <ele>82.265124</ele>
        <time>2026-05-29T16:40:12.000Z</time>
      </trkpt>
      <trkpt lat="44.170474" lon="15.365751">
        <ele>82.321730</ele>
        <time>2026-05-29T16:40:13.000Z</time>
      </trkpt>
      <trkpt lat="44.170485" lon="15.365810">
        <ele>82.380190</ele>
        <time>2026-05-29T16:40:14.000Z</time>
      </trkpt>
      <trkpt lat="44.170500" lon="15.365879">
        <ele>82.449332</ele>
        <time>2026-05-29T16:40:15.000Z</time>
      </trkpt>
      <trkpt lat="44.170509" lon="15.365925">
        <ele>82.495056</ele>
        <time>2026-05-29T16:40:16.000Z</time>
      </trkpt>
      <trkpt lat="44.170520" lon="15.365983">
        <ele>82.552588</ele>
        <time>2026-05-29T16:40:17.000Z</time>
      </trkpt>
      <trkpt lat="44.170529" lon="15.366040">
        <ele>82.608559</ele>
        <time>2026-05-29T16:40:18.000Z</time>
      </trkpt>
      <trkpt lat="44.170538" lon="15.366099">
        <ele>82.666404</ele>
        <time>2026-05-29T16:40:19.000Z</time>
      </trkpt>
      <trkpt lat="44.170547" lon="15.366157">
        <ele>82.723311</ele>
        <time>2026-05-29T16:40:20.000Z</time>
      </trkpt>
      <trkpt lat="44.170559" lon="15.366215">
        <ele>82.781199</ele>
        <time>2026-05-29T16:40:21.000Z</time>
      </trkpt>
      <trkpt lat="44.170566" lon="15.366273">
        <ele>82.837602</ele>
        <time>2026-05-29T16:40:22.000Z</time>
      </trkpt>
      <trkpt lat="44.170574" lon="15.366330">
        <ele>82.893300</ele>
        <time>2026-05-29T16:40:23.000Z</time>
      </trkpt>
      <trkpt lat="44.170584" lon="15.366386">
        <ele>82.948642</ele>
        <time>2026-05-29T16:40:24.000Z</time>
      </trkpt>
      <trkpt lat="44.170593" lon="15.366442">
        <ele>83.003676</ele>
        <time>2026-05-29T16:40:25.000Z</time>
      </trkpt>
      <trkpt lat="44.170603" lon="15.366500">
        <ele>83.060881</ele>
        <time>2026-05-29T16:40:26.000Z</time>
      </trkpt>
      <trkpt lat="44.170611" lon="15.366557">
        <ele>83.116580</ele>
        <time>2026-05-29T16:40:27.000Z</time>
      </trkpt>
      <trkpt lat="44.170619" lon="15.366613">
        <ele>83.171337</ele>
        <time>2026-05-29T16:40:28.000Z</time>
      </trkpt>
      <trkpt lat="44.170627" lon="15.366668">
        <ele>83.225154</ele>
        <time>2026-05-29T16:40:29.000Z</time>
      </trkpt>
      <trkpt lat="44.170635" lon="15.366725">
        <ele>83.280852</ele>
        <time>2026-05-29T16:40:30.000Z</time>
      </trkpt>
      <trkpt lat="44.170643" lon="15.366781">
        <ele>83.335610</ele>
        <time>2026-05-29T16:40:31.000Z</time>
      </trkpt>
      <trkpt lat="44.170653" lon="15.366840">
        <ele>83.393747</ele>
        <time>2026-05-29T16:40:32.000Z</time>
      </trkpt>
      <trkpt lat="44.170663" lon="15.366897">
        <ele>83.450020</ele>
        <time>2026-05-29T16:40:33.000Z</time>
      </trkpt>
      <trkpt lat="44.170672" lon="15.366954">
        <ele>83.505991</ele>
        <time>2026-05-29T16:40:34.000Z</time>
      </trkpt>
      <trkpt lat="44.170682" lon="15.367011">
        <ele>83.562264</ele>
        <time>2026-05-29T16:40:35.000Z</time>
      </trkpt>
      <trkpt lat="44.170691" lon="15.367070">
        <ele>83.620108</ele>
        <time>2026-05-29T16:40:36.000Z</time>
      </trkpt>
      <trkpt lat="44.170702" lon="15.367128">
        <ele>83.677640</ele>
        <time>2026-05-29T16:40:37.000Z</time>
      </trkpt>
      <trkpt lat="44.170712" lon="15.367187">
        <ele>83.735778</ele>
        <time>2026-05-29T16:40:38.000Z</time>
      </trkpt>
      <trkpt lat="44.170721" lon="15.367244">
        <ele>83.791748</ele>
        <time>2026-05-29T16:40:39.000Z</time>
      </trkpt>
      <trkpt lat="44.170729" lon="15.367302">
        <ele>83.848388</ele>
        <time>2026-05-29T16:40:40.000Z</time>
      </trkpt>
      <trkpt lat="44.170735" lon="15.367361">
        <ele>83.905533</ele>
        <time>2026-05-29T16:40:41.000Z</time>
      </trkpt>
      <trkpt lat="44.170745" lon="15.367420">
        <ele>83.979070</ele>
        <time>2026-05-29T16:40:42.000Z</time>
      </trkpt>
      <trkpt lat="44.170754" lon="15.367479">
        <ele>84.064533</ele>
        <time>2026-05-29T16:40:43.000Z</time>
      </trkpt>
      <trkpt lat="44.170762" lon="15.367535">
        <ele>84.145434</ele>
        <time>2026-05-29T16:40:44.000Z</time>
      </trkpt>
      <trkpt lat="44.170769" lon="15.367592">
        <ele>84.227369</ele>
        <time>2026-05-29T16:40:45.000Z</time>
      </trkpt>
      <trkpt lat="44.170777" lon="15.367649">
        <ele>84.309660</ele>
        <time>2026-05-29T16:40:46.000Z</time>
      </trkpt>
      <trkpt lat="44.170784" lon="15.367707">
        <ele>84.392992</ele>
        <time>2026-05-29T16:40:47.000Z</time>
      </trkpt>
      <trkpt lat="44.170790" lon="15.367763">
        <ele>84.473215</ele>
        <time>2026-05-29T16:40:48.000Z</time>
      </trkpt>
      <trkpt lat="44.170798" lon="15.367821">
        <ele>84.556897</ele>
        <time>2026-05-29T16:40:49.000Z</time>
      </trkpt>
      <trkpt lat="44.170805" lon="15.367879">
        <ele>84.640229</ele>
        <time>2026-05-29T16:40:50.000Z</time>
      </trkpt>
      <trkpt lat="44.170811" lon="15.367934">
        <ele>84.719051</ele>
        <time>2026-05-29T16:40:51.000Z</time>
      </trkpt>
      <trkpt lat="44.170816" lon="15.367990">
        <ele>84.799006</ele>
        <time>2026-05-29T16:40:52.000Z</time>
      </trkpt>
      <trkpt lat="44.170821" lon="15.368047">
        <ele>84.880367</ele>
        <time>2026-05-29T16:40:53.000Z</time>
      </trkpt>
      <trkpt lat="44.170828" lon="15.368103">
        <ele>84.960906</ele>
        <time>2026-05-29T16:40:54.000Z</time>
      </trkpt>
      <trkpt lat="44.170835" lon="15.368160">
        <ele>85.042841</ele>
        <time>2026-05-29T16:40:55.000Z</time>
      </trkpt>
      <trkpt lat="44.170842" lon="15.368218">
        <ele>85.126172</ele>
        <time>2026-05-29T16:40:56.000Z</time>
      </trkpt>
      <trkpt lat="44.170848" lon="15.368278">
        <ele>85.212005</ele>
        <time>2026-05-29T16:40:57.000Z</time>
      </trkpt>
      <trkpt lat="44.170855" lon="15.368335">
        <ele>85.293939</ele>
        <time>2026-05-29T16:40:58.000Z</time>
      </trkpt>
      <trkpt lat="44.170860" lon="15.368392">
        <ele>85.375301</ele>
        <time>2026-05-29T16:40:59.000Z</time>
      </trkpt>
      <trkpt lat="44.170866" lon="15.368450">
        <ele>85.458327</ele>
        <time>2026-05-29T16:41:00.000Z</time>
      </trkpt>
      <trkpt lat="44.170873" lon="15.368509">
        <ele>85.543056</ele>
        <time>2026-05-29T16:41:01.000Z</time>
      </trkpt>
      <trkpt lat="44.170880" lon="15.368569">
        <ele>85.629184</ele>
        <time>2026-05-29T16:41:02.000Z</time>
      </trkpt>
      <trkpt lat="44.170886" lon="15.368627">
        <ele>85.712210</ele>
        <time>2026-05-29T16:41:03.000Z</time>
      </trkpt>
      <trkpt lat="44.170892" lon="15.368685">
        <ele>85.795237</ele>
        <time>2026-05-29T16:41:04.000Z</time>
      </trkpt>
      <trkpt lat="44.170897" lon="15.368743">
        <ele>85.878005</ele>
        <time>2026-05-29T16:41:05.000Z</time>
      </trkpt>
      <trkpt lat="44.170903" lon="15.368802">
        <ele>85.962434</ele>
        <time>2026-05-29T16:41:06.000Z</time>
      </trkpt>
      <trkpt lat="44.170910" lon="15.368859">
        <ele>86.044369</ele>
        <time>2026-05-29T16:41:07.000Z</time>
      </trkpt>
      <trkpt lat="44.170914" lon="15.368916">
        <ele>86.125514</ele>
        <time>2026-05-29T16:41:08.000Z</time>
      </trkpt>
      <trkpt lat="44.170920" lon="15.368975">
        <ele>86.209943</ele>
        <time>2026-05-29T16:41:09.000Z</time>
      </trkpt>
      <trkpt lat="44.170925" lon="15.369034">
        <ele>86.294117</ele>
        <time>2026-05-29T16:41:10.000Z</time>
      </trkpt>
      <trkpt lat="44.170929" lon="15.369092">
        <ele>86.376673</ele>
        <time>2026-05-29T16:41:11.000Z</time>
      </trkpt>
      <trkpt lat="44.170934" lon="15.369150">
        <ele>86.459440</ele>
        <time>2026-05-29T16:41:12.000Z</time>
      </trkpt>
      <trkpt lat="44.170940" lon="15.369207">
        <ele>86.541065</ele>
        <time>2026-05-29T16:41:13.000Z</time>
      </trkpt>
      <trkpt lat="44.170946" lon="15.369263">
        <ele>86.621288</ele>
        <time>2026-05-29T16:41:14.000Z</time>
      </trkpt>
      <trkpt lat="44.170952" lon="15.369322">
        <ele>86.705717</ele>
        <time>2026-05-29T16:41:15.000Z</time>
      </trkpt>
      <trkpt lat="44.170958" lon="15.369381">
        <ele>86.790146</ele>
        <time>2026-05-29T16:41:16.000Z</time>
      </trkpt>
      <trkpt lat="44.170960" lon="15.369438">
        <ele>86.871002</ele>
        <time>2026-05-29T16:41:17.000Z</time>
      </trkpt>
      <trkpt lat="44.170964" lon="15.369498">
        <ele>86.956378</ele>
        <time>2026-05-29T16:41:18.000Z</time>
      </trkpt>
      <trkpt lat="44.170969" lon="15.369556">
        <ele>87.039146</ele>
        <time>2026-05-29T16:41:19.000Z</time>
      </trkpt>
      <trkpt lat="44.170975" lon="15.369615">
        <ele>87.123575</ele>
        <time>2026-05-29T16:41:20.000Z</time>
      </trkpt>
      <trkpt lat="44.170979" lon="15.369673">
        <ele>87.206130</ele>
        <time>2026-05-29T16:41:21.000Z</time>
      </trkpt>
      <trkpt lat="44.170983" lon="15.369732">
        <ele>87.290096</ele>
        <time>2026-05-29T16:41:22.000Z</time>
      </trkpt>
      <trkpt lat="44.170986" lon="15.369791">
        <ele>87.373899</ele>
        <time>2026-05-29T16:41:23.000Z</time>
      </trkpt>
      <trkpt lat="44.170992" lon="15.369864">
        <ele>87.478004</ele>
        <time>2026-05-29T16:41:24.000Z</time>
      </trkpt>
      <trkpt lat="44.170996" lon="15.369913">
        <ele>87.580025</ele>
        <time>2026-05-29T16:41:25.000Z</time>
      </trkpt>
      <trkpt lat="44.170999" lon="15.369973">
        <ele>87.708352</ele>
        <time>2026-05-29T16:41:26.000Z</time>
      </trkpt>
      <trkpt lat="44.171001" lon="15.370034">
        <ele>87.838638</ele>
        <time>2026-05-29T16:41:27.000Z</time>
      </trkpt>
      <trkpt lat="44.171003" lon="15.370093">
        <ele>87.964660</ele>
        <time>2026-05-29T16:41:28.000Z</time>
      </trkpt>
      <trkpt lat="44.171007" lon="15.370153">
        <ele>88.093228</ele>
        <time>2026-05-29T16:41:29.000Z</time>
      </trkpt>
      <trkpt lat="44.171013" lon="15.370213">
        <ele>88.222482</ele>
        <time>2026-05-29T16:41:30.000Z</time>
      </trkpt>
      <trkpt lat="44.171020" lon="15.370271">
        <ele>88.347971</ele>
        <time>2026-05-29T16:41:31.000Z</time>
      </trkpt>
      <trkpt lat="44.171024" lon="15.370330">
        <ele>88.474414</ele>
        <time>2026-05-29T16:41:32.000Z</time>
      </trkpt>
      <trkpt lat="44.171029" lon="15.370390">
        <ele>88.603291</ele>
        <time>2026-05-29T16:41:33.000Z</time>
      </trkpt>
      <trkpt lat="44.171035" lon="15.370448">
        <ele>88.728321</ele>
        <time>2026-05-29T16:41:34.000Z</time>
      </trkpt>
      <trkpt lat="44.171040" lon="15.370507">
        <ele>88.855079</ele>
        <time>2026-05-29T16:41:35.000Z</time>
      </trkpt>
      <trkpt lat="44.171042" lon="15.370564">
        <ele>88.976839</ele>
        <time>2026-05-29T16:41:36.000Z</time>
      </trkpt>
      <trkpt lat="44.171043" lon="15.370622">
        <ele>89.100624</ele>
        <time>2026-05-29T16:41:37.000Z</time>
      </trkpt>
      <trkpt lat="44.171046" lon="15.370679">
        <ele>89.222566</ele>
        <time>2026-05-29T16:41:38.000Z</time>
      </trkpt>
      <trkpt lat="44.171048" lon="15.370736">
        <ele>89.344326</ele>
        <time>2026-05-29T16:41:39.000Z</time>
      </trkpt>
      <trkpt lat="44.171050" lon="15.370793">
        <ele>89.466087</ele>
        <time>2026-05-29T16:41:40.000Z</time>
      </trkpt>
      <trkpt lat="44.171053" lon="15.370852">
        <ele>89.592285</ele>
        <time>2026-05-29T16:41:41.000Z</time>
      </trkpt>
      <trkpt lat="44.171054" lon="15.370909">
        <ele>89.713937</ele>
        <time>2026-05-29T16:41:42.000Z</time>
      </trkpt>
      <trkpt lat="44.171055" lon="15.370965">
        <ele>89.833455</ele>
        <time>2026-05-29T16:41:43.000Z</time>
      </trkpt>
      <trkpt lat="44.171058" lon="15.371020">
        <ele>89.951142</ele>
        <time>2026-05-29T16:41:44.000Z</time>
      </trkpt>
      <trkpt lat="44.171060" lon="15.371075">
        <ele>90.068641</ele>
        <time>2026-05-29T16:41:45.000Z</time>
      </trkpt>
      <trkpt lat="44.171062" lon="15.371131">
        <ele>90.188270</ele>
        <time>2026-05-29T16:41:46.000Z</time>
      </trkpt>
      <trkpt lat="44.171065" lon="15.371186">
        <ele>90.305957</ele>
        <time>2026-05-29T16:41:47.000Z</time>
      </trkpt>
      <trkpt lat="44.171069" lon="15.371244">
        <ele>90.430276</ele>
        <time>2026-05-29T16:41:48.000Z</time>
      </trkpt>
      <trkpt lat="44.171071" lon="15.371299">
        <ele>90.547775</ele>
        <time>2026-05-29T16:41:49.000Z</time>
      </trkpt>
      <trkpt lat="44.171074" lon="15.371355">
        <ele>90.667589</ele>
        <time>2026-05-29T16:41:50.000Z</time>
      </trkpt>
      <trkpt lat="44.171074" lon="15.371411">
        <ele>90.787071</ele>
        <time>2026-05-29T16:41:51.000Z</time>
      </trkpt>
      <trkpt lat="44.171075" lon="15.371466">
        <ele>90.904456</ele>
        <time>2026-05-29T16:41:52.000Z</time>
      </trkpt>
      <trkpt lat="44.171076" lon="15.371521">
        <ele>91.021842</ele>
        <time>2026-05-29T16:41:53.000Z</time>
      </trkpt>
      <trkpt lat="44.171077" lon="15.371576">
        <ele>91.139227</ele>
        <time>2026-05-29T16:41:54.000Z</time>
      </trkpt>
      <trkpt lat="44.171078" lon="15.371631">
        <ele>91.256613</ele>
        <time>2026-05-29T16:41:55.000Z</time>
      </trkpt>
      <trkpt lat="44.171081" lon="15.371688">
        <ele>91.378555</ele>
        <time>2026-05-29T16:41:56.000Z</time>
      </trkpt>
      <trkpt lat="44.171083" lon="15.371743">
        <ele>91.496053</ele>
        <time>2026-05-29T16:41:57.000Z</time>
      </trkpt>
      <trkpt lat="44.171086" lon="15.371798">
        <ele>91.613740</ele>
        <time>2026-05-29T16:41:58.000Z</time>
      </trkpt>
      <trkpt lat="44.171087" lon="15.371853">
        <ele>91.731126</ele>
        <time>2026-05-29T16:41:59.000Z</time>
      </trkpt>
      <trkpt lat="44.171088" lon="15.371907">
        <ele>91.846378</ele>
        <time>2026-05-29T16:42:00.000Z</time>
      </trkpt>
      <trkpt lat="44.171090" lon="15.371962">
        <ele>91.963877</ele>
        <time>2026-05-29T16:42:01.000Z</time>
      </trkpt>
      <trkpt lat="44.171092" lon="15.372018">
        <ele>92.083506</ele>
        <time>2026-05-29T16:42:02.000Z</time>
      </trkpt>
      <trkpt lat="44.171093" lon="15.372073">
        <ele>92.200892</ele>
        <time>2026-05-29T16:42:03.000Z</time>
      </trkpt>
      <trkpt lat="44.171094" lon="15.372125">
        <ele>92.311879</ele>
        <time>2026-05-29T16:42:04.000Z</time>
      </trkpt>
      <trkpt lat="44.171095" lon="15.372176">
        <ele>92.420733</ele>
        <time>2026-05-29T16:42:05.000Z</time>
      </trkpt>
      <trkpt lat="44.171096" lon="15.372227">
        <ele>92.529587</ele>
        <time>2026-05-29T16:42:06.000Z</time>
      </trkpt>
      <trkpt lat="44.171096" lon="15.372280">
        <ele>92.642668</ele>
        <time>2026-05-29T16:42:07.000Z</time>
      </trkpt>
      <trkpt lat="44.171099" lon="15.372332">
        <ele>92.753973</ele>
        <time>2026-05-29T16:42:08.000Z</time>
      </trkpt>
      <trkpt lat="44.171102" lon="15.372383">
        <ele>92.864159</ele>
        <time>2026-05-29T16:42:09.000Z</time>
      </trkpt>
      <trkpt lat="44.171102" lon="15.372434">
        <ele>92.976818</ele>
        <time>2026-05-29T16:42:10.000Z</time>
      </trkpt>
      <trkpt lat="44.171103" lon="15.372484">
        <ele>93.087311</ele>
        <time>2026-05-29T16:42:11.000Z</time>
      </trkpt>
      <trkpt lat="44.171105" lon="15.372537">
        <ele>93.204550</ele>
        <time>2026-05-29T16:42:12.000Z</time>
      </trkpt>
      <trkpt lat="44.171108" lon="15.372589">
        <ele>93.319789</ele>
        <time>2026-05-29T16:42:13.000Z</time>
      </trkpt>
      <trkpt lat="44.171110" lon="15.372640">
        <ele>93.432616</ele>
        <time>2026-05-29T16:42:14.000Z</time>
      </trkpt>
      <trkpt lat="44.171112" lon="15.372691">
        <ele>93.545444</ele>
        <time>2026-05-29T16:42:15.000Z</time>
      </trkpt>
      <trkpt lat="44.171112" lon="15.372740">
        <ele>93.653685</ele>
        <time>2026-05-29T16:42:16.000Z</time>
      </trkpt>
      <trkpt lat="44.171114" lon="15.372787">
        <ele>93.757690</ele>
        <time>2026-05-29T16:42:17.000Z</time>
      </trkpt>
      <trkpt lat="44.171115" lon="15.372836">
        <ele>93.865975</ele>
        <time>2026-05-29T16:42:18.000Z</time>
      </trkpt>
      <trkpt lat="44.171118" lon="15.372886">
        <ele>93.976811</ele>
        <time>2026-05-29T16:42:19.000Z</time>
      </trkpt>
      <trkpt lat="44.171123" lon="15.372936">
        <ele>94.088329</ele>
        <time>2026-05-29T16:42:20.000Z</time>
      </trkpt>
      <trkpt lat="44.171120" lon="15.372987">
        <ele>94.201366</ele>
        <time>2026-05-29T16:42:21.000Z</time>
      </trkpt>
      <trkpt lat="44.171120" lon="15.373037">
        <ele>94.311816</ele>
        <time>2026-05-29T16:42:22.000Z</time>
      </trkpt>
      <trkpt lat="44.171122" lon="15.373086">
        <ele>94.420233</ele>
        <time>2026-05-29T16:42:23.000Z</time>
      </trkpt>
      <trkpt lat="44.171124" lon="15.373135">
        <ele>94.528649</ele>
        <time>2026-05-29T16:42:24.000Z</time>
      </trkpt>
      <trkpt lat="44.171127" lon="15.373186">
        <ele>94.641686</ele>
        <time>2026-05-29T16:42:25.000Z</time>
      </trkpt>
      <trkpt lat="44.171131" lon="15.373236">
        <ele>94.752821</ele>
        <time>2026-05-29T16:42:26.000Z</time>
      </trkpt>
      <trkpt lat="44.171136" lon="15.373288">
        <ele>94.868716</ele>
        <time>2026-05-29T16:42:27.000Z</time>
      </trkpt>
      <trkpt lat="44.171141" lon="15.373347">
        <ele>94.999954</ele>
        <time>2026-05-29T16:42:28.000Z</time>
      </trkpt>
      <trkpt lat="44.171147" lon="15.373399">
        <ele>95.116299</ele>
        <time>2026-05-29T16:42:29.000Z</time>
      </trkpt>
      <trkpt lat="44.171150" lon="15.373440">
        <ele>95.207338</ele>
        <time>2026-05-29T16:42:30.000Z</time>
      </trkpt>
      <trkpt lat="44.171156" lon="15.373501">
        <ele>95.343348</ele>
        <time>2026-05-29T16:42:31.000Z</time>
      </trkpt>
      <trkpt lat="44.171162" lon="15.373553">
        <ele>95.459692</ele>
        <time>2026-05-29T16:42:32.000Z</time>
      </trkpt>
      <trkpt lat="44.171165" lon="15.373593">
        <ele>95.548534</ele>
        <time>2026-05-29T16:42:33.000Z</time>
      </trkpt>
      <trkpt lat="44.171172" lon="15.373652">
        <ele>95.680636</ele>
        <time>2026-05-29T16:42:34.000Z</time>
      </trkpt>
      <trkpt lat="44.171176" lon="15.373702">
        <ele>95.791771</ele>
        <time>2026-05-29T16:42:35.000Z</time>
      </trkpt>
      <trkpt lat="44.171179" lon="15.373743">
        <ele>95.882810</ele>
        <time>2026-05-29T16:42:36.000Z</time>
      </trkpt>
      <trkpt lat="44.171183" lon="15.373801">
        <ele>96.011522</ele>
        <time>2026-05-29T16:42:37.000Z</time>
      </trkpt>
      <trkpt lat="44.171188" lon="15.373850">
        <ele>96.120853</ele>
        <time>2026-05-29T16:42:38.000Z</time>
      </trkpt>
      <trkpt lat="44.171192" lon="15.373889">
        <ele>96.207880</ele>
        <time>2026-05-29T16:42:39.000Z</time>
      </trkpt>
      <trkpt lat="44.171201" lon="15.373948">
        <ele>96.341126</ele>
        <time>2026-05-29T16:42:40.000Z</time>
      </trkpt>
      <trkpt lat="44.171208" lon="15.373997">
        <ele>96.451493</ele>
        <time>2026-05-29T16:42:41.000Z</time>
      </trkpt>
      <trkpt lat="44.171213" lon="15.374037">
        <ele>96.541185</ele>
        <time>2026-05-29T16:42:42.000Z</time>
      </trkpt>
      <trkpt lat="44.171222" lon="15.374094">
        <ele>96.670112</ele>
        <time>2026-05-29T16:42:43.000Z</time>
      </trkpt>
      <trkpt lat="44.171228" lon="15.374132">
        <ele>96.756064</ele>
        <time>2026-05-29T16:42:44.000Z</time>
      </trkpt>
      <trkpt lat="44.171234" lon="15.374179">
        <ele>96.861518</ele>
        <time>2026-05-29T16:42:45.000Z</time>
      </trkpt>
      <trkpt lat="44.171241" lon="15.374225">
        <ele>96.965394</ele>
        <time>2026-05-29T16:42:46.000Z</time>
      </trkpt>
      <trkpt lat="44.171247" lon="15.374271">
        <ele>97.068674</ele>
        <time>2026-05-29T16:42:47.000Z</time>
      </trkpt>
      <trkpt lat="44.171255" lon="15.374319">
        <ele>97.177531</ele>
        <time>2026-05-29T16:42:48.000Z</time>
      </trkpt>
      <trkpt lat="44.171263" lon="15.374366">
        <ele>97.284237</ele>
        <time>2026-05-29T16:42:49.000Z</time>
      </trkpt>
      <trkpt lat="44.171269" lon="15.374411">
        <ele>97.385345</ele>
        <time>2026-05-29T16:42:50.000Z</time>
      </trkpt>
      <trkpt lat="44.171280" lon="15.374467">
        <ele>97.513603</ele>
        <time>2026-05-29T16:42:51.000Z</time>
      </trkpt>
      <trkpt lat="44.171288" lon="15.374516">
        <ele>97.624613</ele>
        <time>2026-05-29T16:42:52.000Z</time>
      </trkpt>
      <trkpt lat="44.171293" lon="15.374554">
        <ele>97.709955</ele>
        <time>2026-05-29T16:42:53.000Z</time>
      </trkpt>
      <trkpt lat="44.171304" lon="15.374612">
        <ele>97.842480</ele>
        <time>2026-05-29T16:42:54.000Z</time>
      </trkpt>
      <trkpt lat="44.171314" lon="15.374660">
        <ele>97.952894</ele>
        <time>2026-05-29T16:42:55.000Z</time>
      </trkpt>
      <trkpt lat="44.171322" lon="15.374699">
        <ele>98.042498</ele>
        <time>2026-05-29T16:42:56.000Z</time>
      </trkpt>
      <trkpt lat="44.171333" lon="15.374756">
        <ele>98.172889</ele>
        <time>2026-05-29T16:42:57.000Z</time>
      </trkpt>
      <trkpt lat="44.171340" lon="15.374795">
        <ele>98.261696</ele>
        <time>2026-05-29T16:42:58.000Z</time>
      </trkpt>
      <trkpt lat="44.171347" lon="15.374844">
        <ele>98.372063</ele>
        <time>2026-05-29T16:42:59.000Z</time>
      </trkpt>
      <trkpt lat="44.171358" lon="15.374902">
        <ele>98.506645</ele>
        <time>2026-05-29T16:43:00.000Z</time>
      </trkpt>
      <trkpt lat="44.171367" lon="15.374952">
        <ele>98.622315</ele>
        <time>2026-05-29T16:43:01.000Z</time>
      </trkpt>
      <trkpt lat="44.171375" lon="15.374990">
        <ele>98.711177</ele>
        <time>2026-05-29T16:43:02.000Z</time>
      </trkpt>
      <trkpt lat="44.171385" lon="15.375047">
        <ele>98.842845</ele>
        <time>2026-05-29T16:43:03.000Z</time>
      </trkpt>
      <trkpt lat="44.171394" lon="15.375095">
        <ele>98.954167</ele>
        <time>2026-05-29T16:43:04.000Z</time>
      </trkpt>
      <trkpt lat="44.171401" lon="15.375133">
        <ele>99.042199</ele>
        <time>2026-05-29T16:43:05.000Z</time>
      </trkpt>
      <trkpt lat="44.171412" lon="15.375183">
        <ele>99.159548</ele>
        <time>2026-05-29T16:43:06.000Z</time>
      </trkpt>
      <trkpt lat="44.171424" lon="15.375231">
        <ele>99.273606</ele>
        <time>2026-05-29T16:43:07.000Z</time>
      </trkpt>
      <trkpt lat="44.171438" lon="15.375277">
        <ele>99.385729</ele>
        <time>2026-05-29T16:43:08.000Z</time>
      </trkpt>
      <trkpt lat="44.171453" lon="15.375331">
        <ele>99.515664</ele>
        <time>2026-05-29T16:43:09.000Z</time>
      </trkpt>
      <trkpt lat="44.171464" lon="15.375368">
        <ele>99.605534</ele>
        <time>2026-05-29T16:43:10.000Z</time>
      </trkpt>
      <trkpt lat="44.171476" lon="15.375413">
        <ele>99.713258</ele>
        <time>2026-05-29T16:43:11.000Z</time>
      </trkpt>
      <trkpt lat="44.171489" lon="15.375467">
        <ele>99.841067</ele>
        <time>2026-05-29T16:43:12.000Z</time>
      </trkpt>
      <trkpt lat="44.171499" lon="15.375512">
        <ele>99.946774</ele>
        <time>2026-05-29T16:43:13.000Z</time>
      </trkpt>
      <trkpt lat="44.171509" lon="15.375549">
        <ele>100.035493</ele>
        <time>2026-05-29T16:43:14.000Z</time>
      </trkpt>
      <trkpt lat="44.171522" lon="15.375601">
        <ele>100.159055</ele>
        <time>2026-05-29T16:43:15.000Z</time>
      </trkpt>
      <trkpt lat="44.171535" lon="15.375644">
        <ele>100.263760</ele>
        <time>2026-05-29T16:43:16.000Z</time>
      </trkpt>
      <trkpt lat="44.171543" lon="15.375679">
        <ele>100.346185</ele>
        <time>2026-05-29T16:43:17.000Z</time>
      </trkpt>
      <trkpt lat="44.171554" lon="15.375722">
        <ele>100.448621</ele>
        <time>2026-05-29T16:43:18.000Z</time>
      </trkpt>
      <trkpt lat="44.171569" lon="15.375776">
        <ele>100.578556</ele>
        <time>2026-05-29T16:43:19.000Z</time>
      </trkpt>
      <trkpt lat="44.171579" lon="15.375811">
        <ele>100.663091</ele>
        <time>2026-05-29T16:43:20.000Z</time>
      </trkpt>
      <trkpt lat="44.171593" lon="15.375867">
        <ele>100.796158</ele>
        <time>2026-05-29T16:43:21.000Z</time>
      </trkpt>
      <trkpt lat="44.171608" lon="15.375912">
        <ele>100.907500</ele>
        <time>2026-05-29T16:43:22.000Z</time>
      </trkpt>
      <trkpt lat="44.171620" lon="15.375947">
        <ele>100.994544</ele>
        <time>2026-05-29T16:43:23.000Z</time>
      </trkpt>
      <trkpt lat="44.171636" lon="15.376001">
        <ele>101.125641</ele>
        <time>2026-05-29T16:43:24.000Z</time>
      </trkpt>
      <trkpt lat="44.171651" lon="15.376046">
        <ele>101.236984</ele>
        <time>2026-05-29T16:43:25.000Z</time>
      </trkpt>
      <trkpt lat="44.171663" lon="15.376080">
        <ele>101.322009</ele>
        <time>2026-05-29T16:43:26.000Z</time>
      </trkpt>
      <trkpt lat="44.171677" lon="15.376124">
        <ele>101.430015</ele>
        <time>2026-05-29T16:43:27.000Z</time>
      </trkpt>
      <trkpt lat="44.171694" lon="15.376168">
        <ele>101.542155</ele>
        <time>2026-05-29T16:43:28.000Z</time>
      </trkpt>
      <trkpt lat="44.171708" lon="15.376213">
        <ele>101.652215</ele>
        <time>2026-05-29T16:43:29.000Z</time>
      </trkpt>
      <trkpt lat="44.171725" lon="15.376265">
        <ele>101.780441</ele>
        <time>2026-05-29T16:43:30.000Z</time>
      </trkpt>
      <trkpt lat="44.171741" lon="15.376308">
        <ele>101.889135</ele>
        <time>2026-05-29T16:43:31.000Z</time>
      </trkpt>
      <trkpt lat="44.171752" lon="15.376343">
        <ele>101.974877</ele>
        <time>2026-05-29T16:43:32.000Z</time>
      </trkpt>
      <trkpt lat="44.171768" lon="15.376396">
        <ele>102.103902</ele>
        <time>2026-05-29T16:43:33.000Z</time>
      </trkpt>
      <trkpt lat="44.171783" lon="15.376440">
        <ele>102.213214</ele>
        <time>2026-05-29T16:43:34.000Z</time>
      </trkpt>
      <trkpt lat="44.171795" lon="15.376474">
        <ele>102.298239</ele>
        <time>2026-05-29T16:43:35.000Z</time>
      </trkpt>
      <trkpt lat="44.171811" lon="15.376517">
        <ele>102.406933</ele>
        <time>2026-05-29T16:43:36.000Z</time>
      </trkpt>
      <trkpt lat="44.171828" lon="15.376569">
        <ele>102.535159</ele>
        <time>2026-05-29T16:43:37.000Z</time>
      </trkpt>
      <trkpt lat="44.171839" lon="15.376604">
        <ele>102.620900</ele>
        <time>2026-05-29T16:43:38.000Z</time>
      </trkpt>
      <trkpt lat="44.171853" lon="15.376646">
        <ele>102.724819</ele>
        <time>2026-05-29T16:43:39.000Z</time>
      </trkpt>
      <trkpt lat="44.171867" lon="15.376688">
        <ele>102.828739</ele>
        <time>2026-05-29T16:43:40.000Z</time>
      </trkpt>
      <trkpt lat="44.171884" lon="15.376732">
        <ele>102.940878</ele>
        <time>2026-05-29T16:43:41.000Z</time>
      </trkpt>
      <trkpt lat="44.171899" lon="15.376776">
        <ele>103.050189</ele>
        <time>2026-05-29T16:43:42.000Z</time>
      </trkpt>
      <trkpt lat="44.171916" lon="15.376818">
        <ele>103.158399</ele>
        <time>2026-05-29T16:43:43.000Z</time>
      </trkpt>
      <trkpt lat="44.171933" lon="15.376861">
        <ele>103.268568</ele>
        <time>2026-05-29T16:43:44.000Z</time>
      </trkpt>
      <trkpt lat="44.171951" lon="15.376906">
        <ele>103.384179</ele>
        <time>2026-05-29T16:43:45.000Z</time>
      </trkpt>
      <trkpt lat="44.171973" lon="15.376957">
        <ele>103.517714</ele>
        <time>2026-05-29T16:43:46.000Z</time>
      </trkpt>
      <trkpt lat="44.171987" lon="15.376993">
        <ele>103.609600</ele>
        <time>2026-05-29T16:43:47.000Z</time>
      </trkpt>
      <trkpt lat="44.172004" lon="15.377039">
        <ele>103.725710</ele>
        <time>2026-05-29T16:43:48.000Z</time>
      </trkpt>
      <trkpt lat="44.172022" lon="15.377082">
        <ele>103.837423</ele>
        <time>2026-05-29T16:43:49.000Z</time>
      </trkpt>
      <trkpt lat="44.172041" lon="15.377125">
        <ele>103.950744</ele>
        <time>2026-05-29T16:43:50.000Z</time>
      </trkpt>
      <trkpt lat="44.172057" lon="15.377168">
        <ele>104.054186</ele>
        <time>2026-05-29T16:43:51.000Z</time>
      </trkpt>
      <trkpt lat="44.172081" lon="15.377218">
        <ele>104.177094</ele>
        <time>2026-05-29T16:43:52.000Z</time>
      </trkpt>
      <trkpt lat="44.172097" lon="15.377252">
        <ele>104.260168</ele>
        <time>2026-05-29T16:43:53.000Z</time>
      </trkpt>
      <trkpt lat="44.172117" lon="15.377295">
        <ele>104.364865</ele>
        <time>2026-05-29T16:43:54.000Z</time>
      </trkpt>
      <trkpt lat="44.172141" lon="15.377346">
        <ele>104.489476</ele>
        <time>2026-05-29T16:43:55.000Z</time>
      </trkpt>
      <trkpt lat="44.172157" lon="15.377378">
        <ele>104.569165</ele>
        <time>2026-05-29T16:43:56.000Z</time>
      </trkpt>
      <trkpt lat="44.172177" lon="15.377420">
        <ele>104.672154</ele>
        <time>2026-05-29T16:43:57.000Z</time>
      </trkpt>
      <trkpt lat="44.172198" lon="15.377470">
        <ele>104.790523</ele>
        <time>2026-05-29T16:43:58.000Z</time>
      </trkpt>
      <trkpt lat="44.172214" lon="15.377504">
        <ele>104.873596</ele>
        <time>2026-05-29T16:43:59.000Z</time>
      </trkpt>
      <trkpt lat="44.172238" lon="15.377554">
        <ele>104.996504</ele>
        <time>2026-05-29T16:44:00.000Z</time>
      </trkpt>
      <trkpt lat="44.172258" lon="15.377595">
        <ele>105.097797</ele>
        <time>2026-05-29T16:44:01.000Z</time>
      </trkpt>
      <trkpt lat="44.172275" lon="15.377627">
        <ele>105.179149</ele>
        <time>2026-05-29T16:44:02.000Z</time>
      </trkpt>
      <trkpt lat="44.172302" lon="15.377675">
        <ele>105.303766</ele>
        <time>2026-05-29T16:44:03.000Z</time>
      </trkpt>
      <trkpt lat="44.172325" lon="15.377716">
        <ele>105.410100</ele>
        <time>2026-05-29T16:44:04.000Z</time>
      </trkpt>
      <trkpt lat="44.172343" lon="15.377751">
        <ele>105.498082</ele>
        <time>2026-05-29T16:44:05.000Z</time>
      </trkpt>
      <trkpt lat="44.172367" lon="15.377799">
        <ele>105.617615</ele>
        <time>2026-05-29T16:44:06.000Z</time>
      </trkpt>
      <trkpt lat="44.172382" lon="15.377831">
        <ele>105.695710</ele>
        <time>2026-05-29T16:44:07.000Z</time>
      </trkpt>
      <trkpt lat="44.172402" lon="15.377874">
        <ele>105.800407</ele>
        <time>2026-05-29T16:44:08.000Z</time>
      </trkpt>
      <trkpt lat="44.172427" lon="15.377925">
        <ele>105.926602</ele>
        <time>2026-05-29T16:44:09.000Z</time>
      </trkpt>
      <trkpt lat="44.172445" lon="15.377959">
        <ele>106.012932</ele>
        <time>2026-05-29T16:44:10.000Z</time>
      </trkpt>
      <trkpt lat="44.172466" lon="15.378001">
        <ele>106.117523</ele>
        <time>2026-05-29T16:44:11.000Z</time>
      </trkpt>
      <trkpt lat="44.172488" lon="15.378043">
        <ele>106.223769</ele>
        <time>2026-05-29T16:44:12.000Z</time>
      </trkpt>
      <trkpt lat="44.172516" lon="15.378092">
        <ele>106.351755</ele>
        <time>2026-05-29T16:44:13.000Z</time>
      </trkpt>
      <trkpt lat="44.172536" lon="15.378124">
        <ele>106.438464</ele>
        <time>2026-05-29T16:44:14.000Z</time>
      </trkpt>
      <trkpt lat="44.172559" lon="15.378162">
        <ele>106.540041</ele>
        <time>2026-05-29T16:44:15.000Z</time>
      </trkpt>
      <trkpt lat="44.172581" lon="15.378200">
        <ele>106.639804</ele>
        <time>2026-05-29T16:44:16.000Z</time>
      </trkpt>
      <trkpt lat="44.172605" lon="15.378240">
        <ele>106.746341</ele>
        <time>2026-05-29T16:44:17.000Z</time>
      </trkpt>
      <trkpt lat="44.172626" lon="15.378280">
        <ele>106.847607</ele>
        <time>2026-05-29T16:44:18.000Z</time>
      </trkpt>
      <trkpt lat="44.172651" lon="15.378327">
        <ele>106.967145</ele>
        <time>2026-05-29T16:44:19.000Z</time>
      </trkpt>
      <trkpt lat="44.172668" lon="15.378357">
        <ele>107.045250</ele>
        <time>2026-05-29T16:44:20.000Z</time>
      </trkpt>
      <trkpt lat="44.172694" lon="15.378403">
        <ele>107.164895</ele>
        <time>2026-05-29T16:44:21.000Z</time>
      </trkpt>
      <trkpt lat="44.172719" lon="15.378441">
        <ele>107.270235</ele>
        <time>2026-05-29T16:44:22.000Z</time>
      </trkpt>
      <trkpt lat="44.172737" lon="15.378470">
        <ele>107.348581</ele>
        <time>2026-05-29T16:44:23.000Z</time>
      </trkpt>
      <trkpt lat="44.172760" lon="15.378509">
        <ele>107.451727</ele>
        <time>2026-05-29T16:44:24.000Z</time>
      </trkpt>
      <trkpt lat="44.172789" lon="15.378553">
        <ele>107.573801</ele>
        <time>2026-05-29T16:44:25.000Z</time>
      </trkpt>
      <trkpt lat="44.172808" lon="15.378581">
        <ele>107.652544</ele>
        <time>2026-05-29T16:44:26.000Z</time>
      </trkpt>
      <trkpt lat="44.172836" lon="15.378623">
        <ele>107.769684</ele>
        <time>2026-05-29T16:44:27.000Z</time>
      </trkpt>
      <trkpt lat="44.172859" lon="15.378657">
        <ele>107.865161</ele>
        <time>2026-05-29T16:44:28.000Z</time>
      </trkpt>
      <trkpt lat="44.172877" lon="15.378686">
        <ele>107.943508</ele>
        <time>2026-05-29T16:44:29.000Z</time>
      </trkpt>
      <trkpt lat="44.172901" lon="15.378724">
        <ele>108.046944</ele>
        <time>2026-05-29T16:44:30.000Z</time>
      </trkpt>
      <trkpt lat="44.172929" lon="15.378763">
        <ele>108.159672</ele>
        <time>2026-05-29T16:44:31.000Z</time>
      </trkpt>
      <trkpt lat="44.172957" lon="15.378799">
        <ele>108.268156</ele>
        <time>2026-05-29T16:44:32.000Z</time>
      </trkpt>
      <trkpt lat="44.172986" lon="15.378837">
        <ele>108.381508</ele>
        <time>2026-05-29T16:44:33.000Z</time>
      </trkpt>
      <trkpt lat="44.173012" lon="15.378875">
        <ele>108.488794</ele>
        <time>2026-05-29T16:44:34.000Z</time>
      </trkpt>
      <trkpt lat="44.173039" lon="15.378916">
        <ele>108.602501</ele>
        <time>2026-05-29T16:44:35.000Z</time>
      </trkpt>
      <trkpt lat="44.173066" lon="15.378955">
        <ele>108.713232</ele>
        <time>2026-05-29T16:44:36.000Z</time>
      </trkpt>
      <trkpt lat="44.173094" lon="15.378993">
        <ele>108.824526</ele>
        <time>2026-05-29T16:44:37.000Z</time>
      </trkpt>
      <trkpt lat="44.173123" lon="15.379032">
        <ele>108.939287</ele>
        <time>2026-05-29T16:44:38.000Z</time>
      </trkpt>
      <trkpt lat="44.173154" lon="15.379072">
        <ele>109.059592</ele>
        <time>2026-05-29T16:44:39.000Z</time>
      </trkpt>
      <trkpt lat="44.173183" lon="15.379110">
        <ele>109.103862</ele>
        <time>2026-05-29T16:44:40.000Z</time>
      </trkpt>
      <trkpt lat="44.173214" lon="15.379149">
        <ele>109.055849</ele>
        <time>2026-05-29T16:44:41.000Z</time>
      </trkpt>
      <trkpt lat="44.173247" lon="15.379190">
        <ele>109.005022</ele>
        <time>2026-05-29T16:44:42.000Z</time>
      </trkpt>
      <trkpt lat="44.173279" lon="15.379233">
        <ele>108.953917</ele>
        <time>2026-05-29T16:44:43.000Z</time>
      </trkpt>
      <trkpt lat="44.173312" lon="15.379277">
        <ele>108.901412</ele>
        <time>2026-05-29T16:44:44.000Z</time>
      </trkpt>
      <trkpt lat="44.173343" lon="15.379321">
        <ele>108.850544</ele>
        <time>2026-05-29T16:44:45.000Z</time>
      </trkpt>
      <trkpt lat="44.173377" lon="15.379365">
        <ele>108.797202</ele>
        <time>2026-05-29T16:44:46.000Z</time>
      </trkpt>
      <trkpt lat="44.173412" lon="15.379410">
        <ele>108.742456</ele>
        <time>2026-05-29T16:44:47.000Z</time>
      </trkpt>
      <trkpt lat="44.173449" lon="15.379456">
        <ele>108.685451</ele>
        <time>2026-05-29T16:44:48.000Z</time>
      </trkpt>
      <trkpt lat="44.173486" lon="15.379499">
        <ele>108.630063</ele>
        <time>2026-05-29T16:44:49.000Z</time>
      </trkpt>
      <trkpt lat="44.173522" lon="15.379545">
        <ele>108.573912</ele>
        <time>2026-05-29T16:44:50.000Z</time>
      </trkpt>
      <trkpt lat="44.173560" lon="15.379592">
        <ele>108.515501</ele>
        <time>2026-05-29T16:44:51.000Z</time>
      </trkpt>
      <trkpt lat="44.173600" lon="15.379638">
        <ele>108.455878</ele>
        <time>2026-05-29T16:44:52.000Z</time>
      </trkpt>
      <trkpt lat="44.173643" lon="15.379678">
        <ele>108.396438</ele>
        <time>2026-05-29T16:44:53.000Z</time>
      </trkpt>
      <trkpt lat="44.173688" lon="15.379717">
        <ele>108.335510</ele>
        <time>2026-05-29T16:44:54.000Z</time>
      </trkpt>
      <trkpt lat="44.173735" lon="15.379755">
        <ele>108.273036</ele>
        <time>2026-05-29T16:44:55.000Z</time>
      </trkpt>
      <trkpt lat="44.173784" lon="15.379792">
        <ele>108.208959</ele>
        <time>2026-05-29T16:44:56.000Z</time>
      </trkpt>
      <trkpt lat="44.173831" lon="15.379833">
        <ele>108.145207</ele>
        <time>2026-05-29T16:44:57.000Z</time>
      </trkpt>
      <trkpt lat="44.173878" lon="15.379878">
        <ele>108.079646</ele>
        <time>2026-05-29T16:44:58.000Z</time>
      </trkpt>
      <trkpt lat="44.173926" lon="15.379925">
        <ele>108.012200</ele>
        <time>2026-05-29T16:44:59.000Z</time>
      </trkpt>
      <trkpt lat="44.173973" lon="15.379969">
        <ele>107.947102</ele>
        <time>2026-05-29T16:45:00.000Z</time>
      </trkpt>
      <trkpt lat="44.174019" lon="15.380019">
        <ele>107.880033</ele>
        <time>2026-05-29T16:45:01.000Z</time>
      </trkpt>
      <trkpt lat="44.174069" lon="15.380070">
        <ele>107.808795</ele>
        <time>2026-05-29T16:45:02.000Z</time>
      </trkpt>
      <trkpt lat="44.174117" lon="15.380117">
        <ele>107.741349</ele>
        <time>2026-05-29T16:45:03.000Z</time>
      </trkpt>
      <trkpt lat="44.174162" lon="15.380161">
        <ele>107.678148</ele>
        <time>2026-05-29T16:45:04.000Z</time>
      </trkpt>
      <trkpt lat="44.174210" lon="15.380205">
        <ele>107.612093</ele>
        <time>2026-05-29T16:45:05.000Z</time>
      </trkpt>
      <trkpt lat="44.174261" lon="15.380243">
        <ele>107.545599</ele>
        <time>2026-05-29T16:45:06.000Z</time>
      </trkpt>
      <trkpt lat="44.174310" lon="15.380279">
        <ele>107.481911</ele>
        <time>2026-05-29T16:45:07.000Z</time>
      </trkpt>
      <trkpt lat="44.174363" lon="15.380306">
        <ele>107.417026</ele>
        <time>2026-05-29T16:45:08.000Z</time>
      </trkpt>
      <trkpt lat="44.174421" lon="15.380320">
        <ele>107.349340</ele>
        <time>2026-05-29T16:45:09.000Z</time>
      </trkpt>
      <trkpt lat="44.174478" lon="15.380320">
        <ele>107.283796</ele>
        <time>2026-05-29T16:45:10.000Z</time>
      </trkpt>
      <trkpt lat="44.174533" lon="15.380308">
        <ele>107.219782</ele>
        <time>2026-05-29T16:45:11.000Z</time>
      </trkpt>
      <trkpt lat="44.174588" lon="15.380296">
        <ele>107.155769</ele>
        <time>2026-05-29T16:45:12.000Z</time>
      </trkpt>
      <trkpt lat="44.174637" lon="15.380283">
        <ele>107.098413</ele>
        <time>2026-05-29T16:45:13.000Z</time>
      </trkpt>
      <trkpt lat="44.174676" lon="15.380271">
        <ele>107.048851</ele>
        <time>2026-05-29T16:45:14.000Z</time>
      </trkpt>
      <trkpt lat="44.174707" lon="15.380262">
        <ele>106.968253</ele>
        <time>2026-05-29T16:45:15.000Z</time>
      </trkpt>
      <trkpt lat="44.174730" lon="15.380255">
        <ele>106.908331</ele>
        <time>2026-05-29T16:45:16.000Z</time>
      </trkpt>
      <trkpt lat="44.174749" lon="15.380246">
        <ele>106.857255</ele>
        <time>2026-05-29T16:45:17.000Z</time>
      </trkpt>
      <trkpt lat="44.174766" lon="15.380234">
        <ele>106.808755</ele>
        <time>2026-05-29T16:45:18.000Z</time>
      </trkpt>
      <trkpt lat="44.174777" lon="15.380220">
        <ele>106.770845</ele>
        <time>2026-05-29T16:45:19.000Z</time>
      </trkpt>
      <trkpt lat="44.174789" lon="15.380206">
        <ele>106.731018</ele>
        <time>2026-05-29T16:45:20.000Z</time>
      </trkpt>
      <trkpt lat="44.174804" lon="15.380187">
        <ele>106.679435</ele>
        <time>2026-05-29T16:45:21.000Z</time>
      </trkpt>
      <trkpt lat="44.174822" lon="15.380168">
        <ele>106.621970</ele>
        <time>2026-05-29T16:45:22.000Z</time>
      </trkpt>
      <trkpt lat="44.174841" lon="15.380154">
        <ele>106.567270</ele>
        <time>2026-05-29T16:45:23.000Z</time>
      </trkpt>
      <trkpt lat="44.174860" lon="15.380141">
        <ele>106.513399</ele>
        <time>2026-05-29T16:45:24.000Z</time>
      </trkpt>
      <trkpt lat="44.174875" lon="15.380132">
        <ele>106.471834</ele>
        <time>2026-05-29T16:45:25.000Z</time>
      </trkpt>
      <trkpt lat="44.174880" lon="15.380129">
        <ele>106.457979</ele>
        <time>2026-05-29T16:45:26.000Z</time>
      </trkpt>
      <trkpt lat="44.174780" lon="15.380209">
        <ele>106.164521</ele>
        <time>2026-05-29T16:46:46.000Z</time>
      </trkpt>
      <trkpt lat="44.174758" lon="15.380218">
        <ele>106.106163</ele>
        <time>2026-05-29T16:46:47.000Z</time>
      </trkpt>
      <trkpt lat="44.174736" lon="15.380227">
        <ele>106.047805</ele>
        <time>2026-05-29T16:46:48.000Z</time>
      </trkpt>
      <trkpt lat="44.174716" lon="15.380236">
        <ele>105.994312</ele>
        <time>2026-05-29T16:46:49.000Z</time>
      </trkpt>
      <trkpt lat="44.174698" lon="15.380249">
        <ele>105.942714</ele>
        <time>2026-05-29T16:46:50.000Z</time>
      </trkpt>
      <trkpt lat="44.174683" lon="15.380259">
        <ele>105.900394</ele>
        <time>2026-05-29T16:46:51.000Z</time>
      </trkpt>
      <trkpt lat="44.174671" lon="15.380268">
        <ele>105.865711</ele>
        <time>2026-05-29T16:46:52.000Z</time>
      </trkpt>
      <trkpt lat="44.174653" lon="15.380284">
        <ele>105.811376</ele>
        <time>2026-05-29T16:46:53.000Z</time>
      </trkpt>
      <trkpt lat="44.174647" lon="15.380302">
        <ele>105.775140</ele>
        <time>2026-05-29T16:46:54.000Z</time>
      </trkpt>
      <trkpt lat="44.174643" lon="15.380330">
        <ele>105.723020</ele>
        <time>2026-05-29T16:46:55.000Z</time>
      </trkpt>
      <trkpt lat="44.174638" lon="15.380361">
        <ele>105.665014</ele>
        <time>2026-05-29T16:46:56.000Z</time>
      </trkpt>
      <trkpt lat="44.174634" lon="15.380391">
        <ele>105.609308</ele>
        <time>2026-05-29T16:46:57.000Z</time>
      </trkpt>
      <trkpt lat="44.174631" lon="15.380416">
        <ele>105.563035</ele>
        <time>2026-05-29T16:46:58.000Z</time>
      </trkpt>
      <trkpt lat="44.174630" lon="15.380430">
        <ele>105.537350</ele>
        <time>2026-05-29T16:46:59.000Z</time>
      </trkpt>
      <trkpt lat="44.174630" lon="15.380430">
        <ele>105.537350</ele>
        <time>2026-05-29T16:47:01.000Z</time>
      </trkpt>
      <trkpt lat="44.174648" lon="15.380520">
        <ele>105.366780</ele>
        <time>2026-05-29T16:47:06.000Z</time>
      </trkpt>
      <trkpt lat="44.174663" lon="15.380567">
        <ele>105.272867</ele>
        <time>2026-05-29T16:47:07.000Z</time>
      </trkpt>
      <trkpt lat="44.174686" lon="15.380614">
        <ele>105.168995</ele>
        <time>2026-05-29T16:47:08.000Z</time>
      </trkpt>
      <trkpt lat="44.174719" lon="15.380658">
        <ele>105.052773</ele>
        <time>2026-05-29T16:47:09.000Z</time>
      </trkpt>
      <trkpt lat="44.174760" lon="15.380697">
        <ele>104.926441</ele>
        <time>2026-05-29T16:47:10.000Z</time>
      </trkpt>
      <trkpt lat="44.174818" lon="15.380741">
        <ele>104.758373</ele>
        <time>2026-05-29T16:47:11.000Z</time>
      </trkpt>
      <trkpt lat="44.174861" lon="15.380768">
        <ele>104.638336</ele>
        <time>2026-05-29T16:47:12.000Z</time>
      </trkpt>
      <trkpt lat="44.174928" lon="15.380813">
        <ele>104.449043</ele>
        <time>2026-05-29T16:47:13.000Z</time>
      </trkpt>
      <trkpt lat="44.174987" lon="15.380852">
        <ele>104.282845</ele>
        <time>2026-05-29T16:47:14.000Z</time>
      </trkpt>
      <trkpt lat="44.175036" lon="15.380885">
        <ele>104.144335</ele>
        <time>2026-05-29T16:47:15.000Z</time>
      </trkpt>
      <trkpt lat="44.175099" lon="15.380927">
        <ele>103.966591</ele>
        <time>2026-05-29T16:47:16.000Z</time>
      </trkpt>
      <trkpt lat="44.175178" lon="15.380981">
        <ele>103.742644</ele>
        <time>2026-05-29T16:47:17.000Z</time>
      </trkpt>
      <trkpt lat="44.175232" lon="15.381021">
        <ele>103.587002</ele>
        <time>2026-05-29T16:47:18.000Z</time>
      </trkpt>
      <trkpt lat="44.175299" lon="15.381072">
        <ele>103.392704</ele>
        <time>2026-05-29T16:47:19.000Z</time>
      </trkpt>
      <trkpt lat="44.175367" lon="15.381123">
        <ele>103.196169</ele>
        <time>2026-05-29T16:47:20.000Z</time>
      </trkpt>
      <trkpt lat="44.175435" lon="15.381178">
        <ele>102.996071</ele>
        <time>2026-05-29T16:47:21.000Z</time>
      </trkpt>
      <trkpt lat="44.175502" lon="15.381236">
        <ele>102.795336</ele>
        <time>2026-05-29T16:47:22.000Z</time>
      </trkpt>
      <trkpt lat="44.175582" lon="15.381313">
        <ele>102.547903</ele>
        <time>2026-05-29T16:47:23.000Z</time>
      </trkpt>
      <trkpt lat="44.175634" lon="15.381367">
        <ele>102.399996</ele>
        <time>2026-05-29T16:47:24.000Z</time>
      </trkpt>
      <trkpt lat="44.175697" lon="15.381434">
        <ele>102.234893</ele>
        <time>2026-05-29T16:47:25.000Z</time>
      </trkpt>
      <trkpt lat="44.175770" lon="15.381518">
        <ele>102.037670</ele>
        <time>2026-05-29T16:47:26.000Z</time>
      </trkpt>
      <trkpt lat="44.175819" lon="15.381576">
        <ele>101.903736</ele>
        <time>2026-05-29T16:47:27.000Z</time>
      </trkpt>
      <trkpt lat="44.175880" lon="15.381649">
        <ele>101.736231</ele>
        <time>2026-05-29T16:47:28.000Z</time>
      </trkpt>
      <trkpt lat="44.175938" lon="15.381724">
        <ele>101.571401</ele>
        <time>2026-05-29T16:47:29.000Z</time>
      </trkpt>
      <trkpt lat="44.175994" lon="15.381802">
        <ele>101.406464</ele>
        <time>2026-05-29T16:47:30.000Z</time>
      </trkpt>
      <trkpt lat="44.176049" lon="15.381882">
        <ele>101.240850</ele>
        <time>2026-05-29T16:47:31.000Z</time>
      </trkpt>
      <trkpt lat="44.176114" lon="15.381980">
        <ele>101.041365</ele>
        <time>2026-05-29T16:47:32.000Z</time>
      </trkpt>
      <trkpt lat="44.176154" lon="15.382047">
        <ele>100.911086</ele>
        <time>2026-05-29T16:47:33.000Z</time>
      </trkpt>
      <trkpt lat="44.176206" lon="15.382132">
        <ele>100.744123</ele>
        <time>2026-05-29T16:47:34.000Z</time>
      </trkpt>
      <trkpt lat="44.176257" lon="15.382217">
        <ele>100.578504</ele>
        <time>2026-05-29T16:47:35.000Z</time>
      </trkpt>
      <trkpt lat="44.176308" lon="15.382303">
        <ele>100.411737</ele>
        <time>2026-05-29T16:47:36.000Z</time>
      </trkpt>
      <trkpt lat="44.176357" lon="15.382390">
        <ele>100.246421</ele>
        <time>2026-05-29T16:47:37.000Z</time>
      </trkpt>
      <trkpt lat="44.176405" lon="15.382480">
        <ele>100.078808</ele>
        <time>2026-05-29T16:47:38.000Z</time>
      </trkpt>
      <trkpt lat="44.176450" lon="15.382571">
        <ele>99.913621</ele>
        <time>2026-05-29T16:47:39.000Z</time>
      </trkpt>
      <trkpt lat="44.176491" lon="15.382664">
        <ele>99.750480</ele>
        <time>2026-05-29T16:47:40.000Z</time>
      </trkpt>
      <trkpt lat="44.176532" lon="15.382759">
        <ele>99.584785</ele>
        <time>2026-05-29T16:47:41.000Z</time>
      </trkpt>
      <trkpt lat="44.176572" lon="15.382855">
        <ele>99.418865</ele>
        <time>2026-05-29T16:47:42.000Z</time>
      </trkpt>
      <trkpt lat="44.176618" lon="15.382973">
        <ele>99.218154</ele>
        <time>2026-05-29T16:47:43.000Z</time>
      </trkpt>
      <trkpt lat="44.176648" lon="15.383053">
        <ele>99.083243</ele>
        <time>2026-05-29T16:47:44.000Z</time>
      </trkpt>
      <trkpt lat="44.176684" lon="15.383152">
        <ele>98.917363</ele>
        <time>2026-05-29T16:47:45.000Z</time>
      </trkpt>
      <trkpt lat="44.176720" lon="15.383252">
        <ele>98.750149</ele>
        <time>2026-05-29T16:47:46.000Z</time>
      </trkpt>
      <trkpt lat="44.176754" lon="15.383351">
        <ele>98.606958</ele>
        <time>2026-05-29T16:47:47.000Z</time>
      </trkpt>
      <trkpt lat="44.176787" lon="15.383453">
        <ele>98.464057</ele>
        <time>2026-05-29T16:47:48.000Z</time>
      </trkpt>
      <trkpt lat="44.176821" lon="15.383554">
        <ele>98.321572</ele>
        <time>2026-05-29T16:47:49.000Z</time>
      </trkpt>
      <trkpt lat="44.176853" lon="15.383654">
        <ele>98.181730</ele>
        <time>2026-05-29T16:47:50.000Z</time>
      </trkpt>
      <trkpt lat="44.176883" lon="15.383756">
        <ele>98.040941</ele>
        <time>2026-05-29T16:47:51.000Z</time>
      </trkpt>
      <trkpt lat="44.176917" lon="15.383856">
        <ele>97.899611</ele>
        <time>2026-05-29T16:47:52.000Z</time>
      </trkpt>
      <trkpt lat="44.176953" lon="15.383956">
        <ele>97.756720</ele>
        <time>2026-05-29T16:47:53.000Z</time>
      </trkpt>
      <trkpt lat="44.176990" lon="15.384055">
        <ele>97.614154</ele>
        <time>2026-05-29T16:47:54.000Z</time>
      </trkpt>
      <trkpt lat="44.177028" lon="15.384155">
        <ele>97.469630</ele>
        <time>2026-05-29T16:47:55.000Z</time>
      </trkpt>
      <trkpt lat="44.177065" lon="15.384253">
        <ele>97.328195</ele>
        <time>2026-05-29T16:47:56.000Z</time>
      </trkpt>
      <trkpt lat="44.177105" lon="15.384353">
        <ele>97.181970</ele>
        <time>2026-05-29T16:47:57.000Z</time>
      </trkpt>
      <trkpt lat="44.177145" lon="15.384451">
        <ele>97.037970</ele>
        <time>2026-05-29T16:47:58.000Z</time>
      </trkpt>
      <trkpt lat="44.177186" lon="15.384551">
        <ele>96.890869</ele>
        <time>2026-05-29T16:47:59.000Z</time>
      </trkpt>
      <trkpt lat="44.177229" lon="15.384648">
        <ele>96.745241</ele>
        <time>2026-05-29T16:48:00.000Z</time>
      </trkpt>
      <trkpt lat="44.177275" lon="15.384744">
        <ele>96.597799</ele>
        <time>2026-05-29T16:48:01.000Z</time>
      </trkpt>
      <trkpt lat="44.177321" lon="15.384839">
        <ele>96.451417</ele>
        <time>2026-05-29T16:48:02.000Z</time>
      </trkpt>
      <trkpt lat="44.177369" lon="15.384932">
        <ele>96.305093</ele>
        <time>2026-05-29T16:48:03.000Z</time>
      </trkpt>
      <trkpt lat="44.177420" lon="15.385024">
        <ele>96.156599</ele>
        <time>2026-05-29T16:48:04.000Z</time>
      </trkpt>
      <trkpt lat="44.177472" lon="15.385116">
        <ele>96.007009</ele>
        <time>2026-05-29T16:48:05.000Z</time>
      </trkpt>
      <trkpt lat="44.177525" lon="15.385208">
        <ele>95.856311</ele>
        <time>2026-05-29T16:48:06.000Z</time>
      </trkpt>
      <trkpt lat="44.177578" lon="15.385298">
        <ele>95.707595</ele>
        <time>2026-05-29T16:48:07.000Z</time>
      </trkpt>
      <trkpt lat="44.177631" lon="15.385387">
        <ele>95.559864</ele>
        <time>2026-05-29T16:48:08.000Z</time>
      </trkpt>
      <trkpt lat="44.177688" lon="15.385473">
        <ele>95.450227</ele>
        <time>2026-05-29T16:48:09.000Z</time>
      </trkpt>
      <trkpt lat="44.177743" lon="15.385558">
        <ele>95.354164</ele>
        <time>2026-05-29T16:48:10.000Z</time>
      </trkpt>
      <trkpt lat="44.177799" lon="15.385642">
        <ele>95.257930</ele>
        <time>2026-05-29T16:48:11.000Z</time>
      </trkpt>
      <trkpt lat="44.177858" lon="15.385727">
        <ele>95.158672</ele>
        <time>2026-05-29T16:48:12.000Z</time>
      </trkpt>
      <trkpt lat="44.177919" lon="15.385809">
        <ele>95.059535</ele>
        <time>2026-05-29T16:48:13.000Z</time>
      </trkpt>
      <trkpt lat="44.177983" lon="15.385890">
        <ele>94.958409</ele>
        <time>2026-05-29T16:48:14.000Z</time>
      </trkpt>
      <trkpt lat="44.178047" lon="15.385968">
        <ele>94.858957</ele>
        <time>2026-05-29T16:48:15.000Z</time>
      </trkpt>
      <trkpt lat="44.178111" lon="15.386046">
        <ele>94.759505</ele>
        <time>2026-05-29T16:48:16.000Z</time>
      </trkpt>
      <trkpt lat="44.178175" lon="15.386122">
        <ele>94.661149</ele>
        <time>2026-05-29T16:48:17.000Z</time>
      </trkpt>
      <trkpt lat="44.178243" lon="15.386192">
        <ele>94.562256</ele>
        <time>2026-05-29T16:48:18.000Z</time>
      </trkpt>
      <trkpt lat="44.178309" lon="15.386262">
        <ele>94.465235</ele>
        <time>2026-05-29T16:48:19.000Z</time>
      </trkpt>
      <trkpt lat="44.178377" lon="15.386330">
        <ele>94.367330</ele>
        <time>2026-05-29T16:48:20.000Z</time>
      </trkpt>
      <trkpt lat="44.178445" lon="15.386400">
        <ele>94.268437</ele>
        <time>2026-05-29T16:48:21.000Z</time>
      </trkpt>
      <trkpt lat="44.178512" lon="15.386467">
        <ele>94.171971</ele>
        <time>2026-05-29T16:48:22.000Z</time>
      </trkpt>
      <trkpt lat="44.178583" lon="15.386531">
        <ele>94.073054</ele>
        <time>2026-05-29T16:48:23.000Z</time>
      </trkpt>
      <trkpt lat="44.178653" lon="15.386593">
        <ele>93.976028</ele>
        <time>2026-05-29T16:48:24.000Z</time>
      </trkpt>
      <trkpt lat="44.178724" lon="15.386653">
        <ele>93.878892</ele>
        <time>2026-05-29T16:48:25.000Z</time>
      </trkpt>
      <trkpt lat="44.178796" lon="15.386712">
        <ele>93.781182</ele>
        <time>2026-05-29T16:48:26.000Z</time>
      </trkpt>
      <trkpt lat="44.178868" lon="15.386767">
        <ele>93.685129</ele>
        <time>2026-05-29T16:48:27.000Z</time>
      </trkpt>
      <trkpt lat="44.178939" lon="15.386823">
        <ele>93.589690</ele>
        <time>2026-05-29T16:48:28.000Z</time>
      </trkpt>
      <trkpt lat="44.179010" lon="15.386876">
        <ele>93.495465</ele>
        <time>2026-05-29T16:48:29.000Z</time>
      </trkpt>
      <trkpt lat="44.179080" lon="15.386929">
        <ele>93.424315</ele>
        <time>2026-05-29T16:48:30.000Z</time>
      </trkpt>
      <trkpt lat="44.179149" lon="15.386984">
        <ele>93.433815</ele>
        <time>2026-05-29T16:48:31.000Z</time>
      </trkpt>
      <trkpt lat="44.179217" lon="15.387037">
        <ele>93.443127</ele>
        <time>2026-05-29T16:48:32.000Z</time>
      </trkpt>
      <trkpt lat="44.179281" lon="15.387094">
        <ele>93.452204</ele>
        <time>2026-05-29T16:48:33.000Z</time>
      </trkpt>
      <trkpt lat="44.179346" lon="15.387147">
        <ele>93.461205</ele>
        <time>2026-05-29T16:48:34.000Z</time>
      </trkpt>
      <trkpt lat="44.179410" lon="15.387199">
        <ele>93.470059</ele>
        <time>2026-05-29T16:48:35.000Z</time>
      </trkpt>
      <trkpt lat="44.179474" lon="15.387250">
        <ele>93.478870</ele>
        <time>2026-05-29T16:48:36.000Z</time>
      </trkpt>
      <trkpt lat="44.179537" lon="15.387300">
        <ele>93.487535</ele>
        <time>2026-05-29T16:48:37.000Z</time>
      </trkpt>
      <trkpt lat="44.179597" lon="15.387350">
        <ele>93.495890</ele>
        <time>2026-05-29T16:48:38.000Z</time>
      </trkpt>
      <trkpt lat="44.179656" lon="15.387399">
        <ele>93.504099</ele>
        <time>2026-05-29T16:48:39.000Z</time>
      </trkpt>
      <trkpt lat="44.179715" lon="15.387446">
        <ele>93.512221</ele>
        <time>2026-05-29T16:48:40.000Z</time>
      </trkpt>
      <trkpt lat="44.179768" lon="15.387496">
        <ele>93.519870</ele>
        <time>2026-05-29T16:48:41.000Z</time>
      </trkpt>
      <trkpt lat="44.179822" lon="15.387548">
        <ele>93.527714</ele>
        <time>2026-05-29T16:48:42.000Z</time>
      </trkpt>
      <trkpt lat="44.179876" lon="15.387601">
        <ele>93.535608</ele>
        <time>2026-05-29T16:48:43.000Z</time>
      </trkpt>
      <trkpt lat="44.179929" lon="15.387653">
        <ele>93.543354</ele>
        <time>2026-05-29T16:48:44.000Z</time>
      </trkpt>
      <trkpt lat="44.179982" lon="15.387706">
        <ele>93.551150</ele>
        <time>2026-05-29T16:48:45.000Z</time>
      </trkpt>
      <trkpt lat="44.180033" lon="15.387759">
        <ele>93.558753</ele>
        <time>2026-05-29T16:48:46.000Z</time>
      </trkpt>
      <trkpt lat="44.180081" lon="15.387815">
        <ele>93.566234</ele>
        <time>2026-05-29T16:48:47.000Z</time>
      </trkpt>
      <trkpt lat="44.180129" lon="15.387869">
        <ele>93.573606</ele>
        <time>2026-05-29T16:48:48.000Z</time>
      </trkpt>
      <trkpt lat="44.180175" lon="15.387922">
        <ele>93.580739</ele>
        <time>2026-05-29T16:48:49.000Z</time>
      </trkpt>
      <trkpt lat="44.180219" lon="15.387975">
        <ele>93.587689</ele>
        <time>2026-05-29T16:48:50.000Z</time>
      </trkpt>
      <trkpt lat="44.180263" lon="15.388030">
        <ele>93.594752</ele>
        <time>2026-05-29T16:48:51.000Z</time>
      </trkpt>
      <trkpt lat="44.180306" lon="15.388086">
        <ele>93.601785</ele>
        <time>2026-05-29T16:48:52.000Z</time>
      </trkpt>
      <trkpt lat="44.180348" lon="15.388141">
        <ele>93.608672</ele>
        <time>2026-05-29T16:48:53.000Z</time>
      </trkpt>
      <trkpt lat="44.180390" lon="15.388198">
        <ele>93.615678</ele>
        <time>2026-05-29T16:48:54.000Z</time>
      </trkpt>
      <trkpt lat="44.180428" lon="15.388255">
        <ele>93.622349</ele>
        <time>2026-05-29T16:48:55.000Z</time>
      </trkpt>
      <trkpt lat="44.180467" lon="15.388315">
        <ele>93.629291</ele>
        <time>2026-05-29T16:48:56.000Z</time>
      </trkpt>
      <trkpt lat="44.180504" lon="15.388374">
        <ele>93.636010</ele>
        <time>2026-05-29T16:48:57.000Z</time>
      </trkpt>
      <trkpt lat="44.180542" lon="15.388431">
        <ele>93.707672</ele>
        <time>2026-05-29T16:48:58.000Z</time>
      </trkpt>
      <trkpt lat="44.180578" lon="15.388490">
        <ele>93.794042</ele>
        <time>2026-05-29T16:48:59.000Z</time>
      </trkpt>
      <trkpt lat="44.180612" lon="15.388548">
        <ele>93.877564</ele>
        <time>2026-05-29T16:49:00.000Z</time>
      </trkpt>
      <trkpt lat="44.180644" lon="15.388606">
        <ele>93.959153</ele>
        <time>2026-05-29T16:49:01.000Z</time>
      </trkpt>
      <trkpt lat="44.180674" lon="15.388663">
        <ele>94.037983</ele>
        <time>2026-05-29T16:49:02.000Z</time>
      </trkpt>
      <trkpt lat="44.180707" lon="15.388722">
        <ele>94.121406</ele>
        <time>2026-05-29T16:49:03.000Z</time>
      </trkpt>
      <trkpt lat="44.180739" lon="15.388781">
        <ele>94.203882</ele>
        <time>2026-05-29T16:49:04.000Z</time>
      </trkpt>
      <trkpt lat="44.180769" lon="15.388840">
        <ele>94.284521</ele>
        <time>2026-05-29T16:49:05.000Z</time>
      </trkpt>
      <trkpt lat="44.180798" lon="15.388901">
        <ele>94.366119</ele>
        <time>2026-05-29T16:49:06.000Z</time>
      </trkpt>
      <trkpt lat="44.180827" lon="15.388959">
        <ele>94.444952</ele>
        <time>2026-05-29T16:49:07.000Z</time>
      </trkpt>
      <trkpt lat="44.180857" lon="15.389020">
        <ele>94.527419</ele>
        <time>2026-05-29T16:49:08.000Z</time>
      </trkpt>
      <trkpt lat="44.180884" lon="15.389081">
        <ele>94.607342</ele>
        <time>2026-05-29T16:49:09.000Z</time>
      </trkpt>
      <trkpt lat="44.180911" lon="15.389143">
        <ele>94.688215</ele>
        <time>2026-05-29T16:49:10.000Z</time>
      </trkpt>
      <trkpt lat="44.180937" lon="15.389203">
        <ele>94.766375</ele>
        <time>2026-05-29T16:49:11.000Z</time>
      </trkpt>
      <trkpt lat="44.180962" lon="15.389264">
        <ele>94.844709</ele>
        <time>2026-05-29T16:49:12.000Z</time>
      </trkpt>
      <trkpt lat="44.180988" lon="15.389325">
        <ele>94.923826</ele>
        <time>2026-05-29T16:49:13.000Z</time>
      </trkpt>
      <trkpt lat="44.181013" lon="15.389388">
        <ele>95.004103</ele>
        <time>2026-05-29T16:49:14.000Z</time>
      </trkpt>
      <trkpt lat="44.181036" lon="15.389452">
        <ele>95.083917</ele>
        <time>2026-05-29T16:49:15.000Z</time>
      </trkpt>
      <trkpt lat="44.181059" lon="15.389516">
        <ele>95.163732</ele>
        <time>2026-05-29T16:49:16.000Z</time>
      </trkpt>
      <trkpt lat="44.181081" lon="15.389579">
        <ele>95.241857</ele>
        <time>2026-05-29T16:49:17.000Z</time>
      </trkpt>
      <trkpt lat="44.181104" lon="15.389640">
        <ele>95.318696</ele>
        <time>2026-05-29T16:49:18.000Z</time>
      </trkpt>
      <trkpt lat="44.181128" lon="15.389704">
        <ele>95.399218</ele>
        <time>2026-05-29T16:49:19.000Z</time>
      </trkpt>
      <trkpt lat="44.181150" lon="15.389767">
        <ele>95.477344</ele>
        <time>2026-05-29T16:49:20.000Z</time>
      </trkpt>
      <trkpt lat="44.181172" lon="15.389828">
        <ele>95.553471</ele>
        <time>2026-05-29T16:49:21.000Z</time>
      </trkpt>
      <trkpt lat="44.181197" lon="15.389890">
        <ele>95.632775</ele>
        <time>2026-05-29T16:49:22.000Z</time>
      </trkpt>
      <trkpt lat="44.181221" lon="15.389952">
        <ele>95.711328</ele>
        <time>2026-05-29T16:49:23.000Z</time>
      </trkpt>
      <trkpt lat="44.181243" lon="15.390015">
        <ele>95.789454</ele>
        <time>2026-05-29T16:49:24.000Z</time>
      </trkpt>
      <trkpt lat="44.181267" lon="15.390077">
        <ele>95.868007</ele>
        <time>2026-05-29T16:49:25.000Z</time>
      </trkpt>
      <trkpt lat="44.181289" lon="15.390138">
        <ele>95.944134</ele>
        <time>2026-05-29T16:49:26.000Z</time>
      </trkpt>
      <trkpt lat="44.181312" lon="15.390200">
        <ele>96.021961</ele>
        <time>2026-05-29T16:49:27.000Z</time>
      </trkpt>
      <trkpt lat="44.181335" lon="15.390260">
        <ele>96.097814</ele>
        <time>2026-05-29T16:49:28.000Z</time>
      </trkpt>
      <trkpt lat="44.181356" lon="15.390321">
        <ele>96.173255</ele>
        <time>2026-05-29T16:49:29.000Z</time>
      </trkpt>
      <trkpt lat="44.181377" lon="15.390381">
        <ele>96.247693</ele>
        <time>2026-05-29T16:49:30.000Z</time>
      </trkpt>
      <trkpt lat="44.181399" lon="15.390442">
        <ele>96.323820</ele>
        <time>2026-05-29T16:49:31.000Z</time>
      </trkpt>
      <trkpt lat="44.181423" lon="15.390500">
        <ele>96.398478</ele>
        <time>2026-05-29T16:49:32.000Z</time>
      </trkpt>
      <trkpt lat="44.181447" lon="15.390560">
        <ele>96.472198</ele>
        <time>2026-05-29T16:49:33.000Z</time>
      </trkpt>
      <trkpt lat="44.181469" lon="15.390620">
        <ele>96.542116</ele>
        <time>2026-05-29T16:49:34.000Z</time>
      </trkpt>
      <trkpt lat="44.181488" lon="15.390681">
        <ele>96.611119</ele>
        <time>2026-05-29T16:49:35.000Z</time>
      </trkpt>
      <trkpt lat="44.181506" lon="15.390740">
        <ele>96.677643</ele>
        <time>2026-05-29T16:49:36.000Z</time>
      </trkpt>
      <trkpt lat="44.181526" lon="15.390800">
        <ele>96.746292</ele>
        <time>2026-05-29T16:49:37.000Z</time>
      </trkpt>
      <trkpt lat="44.181548" lon="15.390859">
        <ele>96.815288</ele>
        <time>2026-05-29T16:49:38.000Z</time>
      </trkpt>
      <trkpt lat="44.181568" lon="15.390917">
        <ele>96.882061</ele>
        <time>2026-05-29T16:49:39.000Z</time>
      </trkpt>
      <trkpt lat="44.181589" lon="15.390977">
        <ele>96.951332</ele>
        <time>2026-05-29T16:49:40.000Z</time>
      </trkpt>
      <trkpt lat="44.181610" lon="15.391037">
        <ele>97.020603</ele>
        <time>2026-05-29T16:49:41.000Z</time>
      </trkpt>
      <trkpt lat="44.181631" lon="15.391095">
        <ele>97.088015</ele>
        <time>2026-05-29T16:49:42.000Z</time>
      </trkpt>
      <trkpt lat="44.181653" lon="15.391150">
        <ele>97.153357</ele>
        <time>2026-05-29T16:49:43.000Z</time>
      </trkpt>
      <trkpt lat="44.181673" lon="15.391206">
        <ele>97.218266</ele>
        <time>2026-05-29T16:49:44.000Z</time>
      </trkpt>
      <trkpt lat="44.181693" lon="15.391262">
        <ele>97.283175</ele>
        <time>2026-05-29T16:49:45.000Z</time>
      </trkpt>
      <trkpt lat="44.181714" lon="15.391320">
        <ele>97.350587</ele>
        <time>2026-05-29T16:49:46.000Z</time>
      </trkpt>
      <trkpt lat="44.181735" lon="15.391375">
        <ele>97.415236</ele>
        <time>2026-05-29T16:49:47.000Z</time>
      </trkpt>
      <trkpt lat="44.181756" lon="15.391432">
        <ele>97.481724</ele>
        <time>2026-05-29T16:49:48.000Z</time>
      </trkpt>
      <trkpt lat="44.181776" lon="15.391488">
        <ele>97.546633</ele>
        <time>2026-05-29T16:49:49.000Z</time>
      </trkpt>
      <trkpt lat="44.181791" lon="15.391545">
        <ele>97.609629</ele>
        <time>2026-05-29T16:49:50.000Z</time>
      </trkpt>
      <trkpt lat="44.181807" lon="15.391600">
        <ele>97.671210</ele>
        <time>2026-05-29T16:49:51.000Z</time>
      </trkpt>
      <trkpt lat="44.181826" lon="15.391654">
        <ele>97.733617</ele>
        <time>2026-05-29T16:49:52.000Z</time>
      </trkpt>
      <trkpt lat="44.181848" lon="15.391708">
        <ele>97.798054</ele>
        <time>2026-05-29T16:49:53.000Z</time>
      </trkpt>
      <trkpt lat="44.181871" lon="15.391762">
        <ele>97.863218</ele>
        <time>2026-05-29T16:49:54.000Z</time>
      </trkpt>
      <trkpt lat="44.181893" lon="15.391817">
        <ele>97.928560</ele>
        <time>2026-05-29T16:49:55.000Z</time>
      </trkpt>
      <trkpt lat="44.181916" lon="15.391871">
        <ele>97.993724</ele>
        <time>2026-05-29T16:49:56.000Z</time>
      </trkpt>
      <trkpt lat="44.181940" lon="15.391925">
        <ele>98.059638</ele>
        <time>2026-05-29T16:49:57.000Z</time>
      </trkpt>
      <trkpt lat="44.181966" lon="15.391977">
        <ele>98.125409</ele>
        <time>2026-05-29T16:49:58.000Z</time>
      </trkpt>
      <trkpt lat="44.181992" lon="15.392030">
        <ele>98.192034</ele>
        <time>2026-05-29T16:49:59.000Z</time>
      </trkpt>
      <trkpt lat="44.182017" lon="15.392082">
        <ele>98.256988</ele>
        <time>2026-05-29T16:50:00.000Z</time>
      </trkpt>
      <trkpt lat="44.182038" lon="15.392131">
        <ele>98.316214</ele>
        <time>2026-05-29T16:50:01.000Z</time>
      </trkpt>
      <trkpt lat="44.182062" lon="15.392182">
        <ele>98.379504</ele>
        <time>2026-05-29T16:50:02.000Z</time>
      </trkpt>
      <trkpt lat="44.182088" lon="15.392230">
        <ele>98.441916</ele>
        <time>2026-05-29T16:50:03.000Z</time>
      </trkpt>
      <trkpt lat="44.182113" lon="15.392279">
        <ele>98.504309</ele>
        <time>2026-05-29T16:50:04.000Z</time>
      </trkpt>
      <trkpt lat="44.182139" lon="15.392327">
        <ele>98.566720</ele>
        <time>2026-05-29T16:50:05.000Z</time>
      </trkpt>
      <trkpt lat="44.182166" lon="15.392374">
        <ele>98.629201</ele>
        <time>2026-05-29T16:50:06.000Z</time>
      </trkpt>
      <trkpt lat="44.182193" lon="15.392421">
        <ele>98.691682</ele>
        <time>2026-05-29T16:50:07.000Z</time>
      </trkpt>
      <trkpt lat="44.182221" lon="15.392468">
        <ele>98.755078</ele>
        <time>2026-05-29T16:50:08.000Z</time>
      </trkpt>
      <trkpt lat="44.182250" lon="15.392515">
        <ele>98.819408</ele>
        <time>2026-05-29T16:50:09.000Z</time>
      </trkpt>
      <trkpt lat="44.182279" lon="15.392565">
        <ele>98.886128</ele>
        <time>2026-05-29T16:50:10.000Z</time>
      </trkpt>
      <trkpt lat="44.182306" lon="15.392611">
        <ele>98.947802</ele>
        <time>2026-05-29T16:50:11.000Z</time>
      </trkpt>
      <trkpt lat="44.182335" lon="15.392659">
        <ele>99.012922</ele>
        <time>2026-05-29T16:50:12.000Z</time>
      </trkpt>
      <trkpt lat="44.182365" lon="15.392703">
        <ele>99.062628</ele>
        <time>2026-05-29T16:50:13.000Z</time>
      </trkpt>
      <trkpt lat="44.182395" lon="15.392747">
        <ele>99.104721</ele>
        <time>2026-05-29T16:50:14.000Z</time>
      </trkpt>
      <trkpt lat="44.182426" lon="15.392791">
        <ele>99.147486</ele>
        <time>2026-05-29T16:50:15.000Z</time>
      </trkpt>
      <trkpt lat="44.182459" lon="15.392835">
        <ele>99.191628</ele>
        <time>2026-05-29T16:50:16.000Z</time>
      </trkpt>
      <trkpt lat="44.182491" lon="15.392881">
        <ele>99.236061</ele>
        <time>2026-05-29T16:50:17.000Z</time>
      </trkpt>
      <trkpt lat="44.182527" lon="15.392925">
        <ele>99.282342</ele>
        <time>2026-05-29T16:50:18.000Z</time>
      </trkpt>
      <trkpt lat="44.182560" lon="15.392970">
        <ele>99.326966</ele>
        <time>2026-05-29T16:50:19.000Z</time>
      </trkpt>
      <trkpt lat="44.182595" lon="15.393014">
        <ele>99.372524</ele>
        <time>2026-05-29T16:50:20.000Z</time>
      </trkpt>
      <trkpt lat="44.182632" lon="15.393057">
        <ele>99.419090</ele>
        <time>2026-05-29T16:50:21.000Z</time>
      </trkpt>
      <trkpt lat="44.182669" lon="15.393100">
        <ele>99.465656</ele>
        <time>2026-05-29T16:50:22.000Z</time>
      </trkpt>
      <trkpt lat="44.182707" lon="15.393141">
        <ele>99.512107</ele>
        <time>2026-05-29T16:50:23.000Z</time>
      </trkpt>
      <trkpt lat="44.182744" lon="15.393182">
        <ele>99.557798</ele>
        <time>2026-05-29T16:50:24.000Z</time>
      </trkpt>
      <trkpt lat="44.182781" lon="15.393223">
        <ele>99.603488</ele>
        <time>2026-05-29T16:50:25.000Z</time>
      </trkpt>
      <trkpt lat="44.182819" lon="15.393263">
        <ele>99.649518</ele>
        <time>2026-05-29T16:50:26.000Z</time>
      </trkpt>
      <trkpt lat="44.182855" lon="15.393304">
        <ele>99.694456</ele>
        <time>2026-05-29T16:50:27.000Z</time>
      </trkpt>
      <trkpt lat="44.182893" lon="15.393344">
        <ele>99.740486</ele>
        <time>2026-05-29T16:50:28.000Z</time>
      </trkpt>
      <trkpt lat="44.182933" lon="15.393382">
        <ele>99.787279</ele>
        <time>2026-05-29T16:50:29.000Z</time>
      </trkpt>
      <trkpt lat="44.182973" lon="15.393418">
        <ele>99.833306</ele>
        <time>2026-05-29T16:50:30.000Z</time>
      </trkpt>
      <trkpt lat="44.183012" lon="15.393457">
        <ele>99.879704</ele>
        <time>2026-05-29T16:50:31.000Z</time>
      </trkpt>
      <trkpt lat="44.183052" lon="15.393494">
        <ele>99.926110</ele>
        <time>2026-05-29T16:50:32.000Z</time>
      </trkpt>
      <trkpt lat="44.183093" lon="15.393530">
        <ele>99.972952</ele>
        <time>2026-05-29T16:50:33.000Z</time>
      </trkpt>
      <trkpt lat="44.183134" lon="15.393567">
        <ele>100.020167</ele>
        <time>2026-05-29T16:50:34.000Z</time>
      </trkpt>
      <trkpt lat="44.183176" lon="15.393599">
        <ele>100.066439</ele>
        <time>2026-05-29T16:50:35.000Z</time>
      </trkpt>
      <trkpt lat="44.183218" lon="15.393631">
        <ele>100.112710</ele>
        <time>2026-05-29T16:50:36.000Z</time>
      </trkpt>
      <trkpt lat="44.183260" lon="15.393663">
        <ele>100.158981</ele>
        <time>2026-05-29T16:50:37.000Z</time>
      </trkpt>
      <trkpt lat="44.183301" lon="15.393696">
        <ele>100.204748</ele>
        <time>2026-05-29T16:50:38.000Z</time>
      </trkpt>
      <trkpt lat="44.183343" lon="15.393729">
        <ele>100.251356</ele>
        <time>2026-05-29T16:50:39.000Z</time>
      </trkpt>
      <trkpt lat="44.183382" lon="15.393760">
        <ele>100.294756</ele>
        <time>2026-05-29T16:50:40.000Z</time>
      </trkpt>
      <trkpt lat="44.183424" lon="15.393792">
        <ele>100.341027</ele>
        <time>2026-05-29T16:50:41.000Z</time>
      </trkpt>
      <trkpt lat="44.183464" lon="15.393823">
        <ele>100.385270</ele>
        <time>2026-05-29T16:50:42.000Z</time>
      </trkpt>
      <trkpt lat="44.183507" lon="15.393852">
        <ele>100.431449</ele>
        <time>2026-05-29T16:50:43.000Z</time>
      </trkpt>
      <trkpt lat="44.183547" lon="15.393882">
        <ele>100.475359</ele>
        <time>2026-05-29T16:50:44.000Z</time>
      </trkpt>
      <trkpt lat="44.183588" lon="15.393914">
        <ele>100.520784</ele>
        <time>2026-05-29T16:50:45.000Z</time>
      </trkpt>
      <trkpt lat="44.183628" lon="15.393945">
        <ele>100.565027</ele>
        <time>2026-05-29T16:50:46.000Z</time>
      </trkpt>
      <trkpt lat="44.183672" lon="15.393975">
        <ele>100.612378</ele>
        <time>2026-05-29T16:50:47.000Z</time>
      </trkpt>
      <trkpt lat="44.183716" lon="15.394008">
        <ele>100.660679</ele>
        <time>2026-05-29T16:50:48.000Z</time>
      </trkpt>
      <trkpt lat="44.183760" lon="15.394040">
        <ele>100.708656</ele>
        <time>2026-05-29T16:50:49.000Z</time>
      </trkpt>
      <trkpt lat="44.183805" lon="15.394073">
        <ele>100.757811</ele>
        <time>2026-05-29T16:50:50.000Z</time>
      </trkpt>
      <trkpt lat="44.183849" lon="15.394105">
        <ele>100.841704</ele>
        <time>2026-05-29T16:50:51.000Z</time>
      </trkpt>
      <trkpt lat="44.183891" lon="15.394140">
        <ele>100.943818</ele>
        <time>2026-05-29T16:50:52.000Z</time>
      </trkpt>
      <trkpt lat="44.183933" lon="15.394174">
        <ele>101.045173</ele>
        <time>2026-05-29T16:50:53.000Z</time>
      </trkpt>
      <trkpt lat="44.183974" lon="15.394210">
        <ele>101.146291</ele>
        <time>2026-05-29T16:50:54.000Z</time>
      </trkpt>
      <trkpt lat="44.184016" lon="15.394244">
        <ele>101.247645</ele>
        <time>2026-05-29T16:50:55.000Z</time>
      </trkpt>
      <trkpt lat="44.184060" lon="15.394277">
        <ele>101.351913</ele>
        <time>2026-05-29T16:50:56.000Z</time>
      </trkpt>
      <trkpt lat="44.184103" lon="15.394310">
        <ele>101.454348</ele>
        <time>2026-05-29T16:50:57.000Z</time>
      </trkpt>
      <trkpt lat="44.184146" lon="15.394344">
        <ele>101.557513</ele>
        <time>2026-05-29T16:50:58.000Z</time>
      </trkpt>
      <trkpt lat="44.184189" lon="15.394377">
        <ele>101.659948</ele>
        <time>2026-05-29T16:50:59.000Z</time>
      </trkpt>
      <trkpt lat="44.184230" lon="15.394412">
        <ele>101.760276</ele>
        <time>2026-05-29T16:51:00.000Z</time>
      </trkpt>
      <trkpt lat="44.184272" lon="15.394446">
        <ele>101.861631</ele>
        <time>2026-05-29T16:51:01.000Z</time>
      </trkpt>
      <trkpt lat="44.184314" lon="15.394479">
        <ele>101.962242</ele>
        <time>2026-05-29T16:51:02.000Z</time>
      </trkpt>
      <trkpt lat="44.184356" lon="15.394513">
        <ele>102.063596</ele>
        <time>2026-05-29T16:51:03.000Z</time>
      </trkpt>
      <trkpt lat="44.184397" lon="15.394547">
        <ele>102.163151</ele>
        <time>2026-05-29T16:51:04.000Z</time>
      </trkpt>
      <trkpt lat="44.184437" lon="15.394582">
        <ele>102.261706</ele>
        <time>2026-05-29T16:51:05.000Z</time>
      </trkpt>
      <trkpt lat="44.184476" lon="15.394618">
        <ele>102.359316</ele>
        <time>2026-05-29T16:51:06.000Z</time>
      </trkpt>
      <trkpt lat="44.184515" lon="15.394654">
        <ele>102.456927</ele>
        <time>2026-05-29T16:51:07.000Z</time>
      </trkpt>
      <trkpt lat="44.184552" lon="15.394690">
        <ele>102.551085</ele>
        <time>2026-05-29T16:51:08.000Z</time>
      </trkpt>
      <trkpt lat="44.184588" lon="15.394726">
        <ele>102.643539</ele>
        <time>2026-05-29T16:51:09.000Z</time>
      </trkpt>
      <trkpt lat="44.184626" lon="15.394762">
        <ele>102.739417</ele>
        <time>2026-05-29T16:51:10.000Z</time>
      </trkpt>
      <trkpt lat="44.184664" lon="15.394797">
        <ele>102.834461</ele>
        <time>2026-05-29T16:51:11.000Z</time>
      </trkpt>
      <trkpt lat="44.184702" lon="15.394832">
        <ele>102.929505</ele>
        <time>2026-05-29T16:51:12.000Z</time>
      </trkpt>
      <trkpt lat="44.184738" lon="15.394866">
        <ele>103.020248</ele>
        <time>2026-05-29T16:51:13.000Z</time>
      </trkpt>
      <trkpt lat="44.184774" lon="15.394900">
        <ele>103.110990</ele>
        <time>2026-05-29T16:51:14.000Z</time>
      </trkpt>
      <trkpt lat="44.184810" lon="15.394933">
        <ele>103.200902</ele>
        <time>2026-05-29T16:51:15.000Z</time>
      </trkpt>
      <trkpt lat="44.184844" lon="15.394968">
        <ele>103.289101</ele>
        <time>2026-05-29T16:51:16.000Z</time>
      </trkpt>
      <trkpt lat="44.184877" lon="15.395002">
        <ele>103.374731</ele>
        <time>2026-05-29T16:51:17.000Z</time>
      </trkpt>
      <trkpt lat="44.184910" lon="15.395037">
        <ele>103.461259</ele>
        <time>2026-05-29T16:51:18.000Z</time>
      </trkpt>
      <trkpt lat="44.184940" lon="15.395075">
        <ele>103.545843</ele>
        <time>2026-05-29T16:51:19.000Z</time>
      </trkpt>
      <trkpt lat="44.184972" lon="15.395112">
        <ele>103.632598</ele>
        <time>2026-05-29T16:51:20.000Z</time>
      </trkpt>
      <trkpt lat="44.185004" lon="15.395148">
        <ele>103.718407</ele>
        <time>2026-05-29T16:51:21.000Z</time>
      </trkpt>
      <trkpt lat="44.185038" lon="15.395180">
        <ele>103.804015</ele>
        <time>2026-05-29T16:51:22.000Z</time>
      </trkpt>
      <trkpt lat="44.185072" lon="15.395213">
        <ele>103.890469</ele>
        <time>2026-05-29T16:51:23.000Z</time>
      </trkpt>
      <trkpt lat="44.185104" lon="15.395249">
        <ele>103.976277</ele>
        <time>2026-05-29T16:51:24.000Z</time>
      </trkpt>
      <trkpt lat="44.185137" lon="15.395282">
        <ele>104.061026</ele>
        <time>2026-05-29T16:51:25.000Z</time>
      </trkpt>
      <trkpt lat="44.185171" lon="15.395315">
        <ele>104.147480</ele>
        <time>2026-05-29T16:51:26.000Z</time>
      </trkpt>
      <trkpt lat="44.185203" lon="15.395346">
        <ele>104.228799</ele>
        <time>2026-05-29T16:51:27.000Z</time>
      </trkpt>
      <trkpt lat="44.185234" lon="15.395377">
        <ele>104.308412</ele>
        <time>2026-05-29T16:51:28.000Z</time>
      </trkpt>
      <trkpt lat="44.185263" lon="15.395413">
        <ele>104.389442</ele>
        <time>2026-05-29T16:51:29.000Z</time>
      </trkpt>
      <trkpt lat="44.185292" lon="15.395444">
        <ele>104.465702</ele>
        <time>2026-05-29T16:51:30.000Z</time>
      </trkpt>
      <trkpt lat="44.185324" lon="15.395475">
        <ele>104.551052</ele>
        <time>2026-05-29T16:51:31.000Z</time>
      </trkpt>
      <trkpt lat="44.185355" lon="15.395508">
        <ele>104.650277</ele>
        <time>2026-05-29T16:51:32.000Z</time>
      </trkpt>
      <trkpt lat="44.185385" lon="15.395540">
        <ele>104.746373</ele>
        <time>2026-05-29T16:51:33.000Z</time>
      </trkpt>
      <trkpt lat="44.185411" lon="15.395574">
        <ele>104.837058</ele>
        <time>2026-05-29T16:51:34.000Z</time>
      </trkpt>
      <trkpt lat="44.185442" lon="15.395605">
        <ele>104.934113</ele>
        <time>2026-05-29T16:51:35.000Z</time>
      </trkpt>
      <trkpt lat="44.185472" lon="15.395635">
        <ele>105.028036</ele>
        <time>2026-05-29T16:51:36.000Z</time>
      </trkpt>
      <trkpt lat="44.185503" lon="15.395666">
        <ele>105.125091</ele>
        <time>2026-05-29T16:51:37.000Z</time>
      </trkpt>
      <trkpt lat="44.185532" lon="15.395698">
        <ele>105.219178</ele>
        <time>2026-05-29T16:51:38.000Z</time>
      </trkpt>
      <trkpt lat="44.185563" lon="15.395731">
        <ele>105.318403</ele>
        <time>2026-05-29T16:51:39.000Z</time>
      </trkpt>
      <trkpt lat="44.185592" lon="15.395762">
        <ele>105.411370</ele>
        <time>2026-05-29T16:51:40.000Z</time>
      </trkpt>
      <trkpt lat="44.185620" lon="15.395795">
        <ele>105.504643</ele>
        <time>2026-05-29T16:51:41.000Z</time>
      </trkpt>
      <trkpt lat="44.185648" lon="15.395826">
        <ele>105.595603</ele>
        <time>2026-05-29T16:51:42.000Z</time>
      </trkpt>
      <trkpt lat="44.185678" lon="15.395858">
        <ele>105.691699</ele>
        <time>2026-05-29T16:51:43.000Z</time>
      </trkpt>
      <trkpt lat="44.185706" lon="15.395889">
        <ele>105.782659</ele>
        <time>2026-05-29T16:51:44.000Z</time>
      </trkpt>
      <trkpt lat="44.185735" lon="15.395921">
        <ele>105.876746</ele>
        <time>2026-05-29T16:51:45.000Z</time>
      </trkpt>
      <trkpt lat="44.185764" lon="15.395953">
        <ele>105.970834</ele>
        <time>2026-05-29T16:51:46.000Z</time>
      </trkpt>
      <trkpt lat="44.185795" lon="15.395986">
        <ele>106.070059</ele>
        <time>2026-05-29T16:51:47.000Z</time>
      </trkpt>
      <trkpt lat="44.185823" lon="15.396019">
        <ele>106.163331</ele>
        <time>2026-05-29T16:51:48.000Z</time>
      </trkpt>
      <trkpt lat="44.185852" lon="15.396049">
        <ele>106.255199</ele>
        <time>2026-05-29T16:51:49.000Z</time>
      </trkpt>
      <trkpt lat="44.185878" lon="15.396081">
        <ele>106.343428</ele>
        <time>2026-05-29T16:51:50.000Z</time>
      </trkpt>
      <trkpt lat="44.185908" lon="15.396115">
        <ele>106.441783</ele>
        <time>2026-05-29T16:51:51.000Z</time>
      </trkpt>
      <trkpt lat="44.185939" lon="15.396148">
        <ele>106.541008</ele>
        <time>2026-05-29T16:51:52.000Z</time>
      </trkpt>
      <trkpt lat="44.185971" lon="15.396179">
        <ele>106.640141</ele>
        <time>2026-05-29T16:51:53.000Z</time>
      </trkpt>
      <trkpt lat="44.186002" lon="15.396211">
        <ele>106.738269</ele>
        <time>2026-05-29T16:51:54.000Z</time>
      </trkpt>
      <trkpt lat="44.186032" lon="15.396246">
        <ele>106.837785</ele>
        <time>2026-05-29T16:51:55.000Z</time>
      </trkpt>
      <trkpt lat="44.186064" lon="15.396279">
        <ele>106.939044</ele>
        <time>2026-05-29T16:51:56.000Z</time>
      </trkpt>
      <trkpt lat="44.186096" lon="15.396313">
        <ele>107.041398</ele>
        <time>2026-05-29T16:51:57.000Z</time>
      </trkpt>
      <trkpt lat="44.186128" lon="15.396348">
        <ele>107.144868</ele>
        <time>2026-05-29T16:51:58.000Z</time>
      </trkpt>
      <trkpt lat="44.186160" lon="15.396381">
        <ele>107.246127</ele>
        <time>2026-05-29T16:51:59.000Z</time>
      </trkpt>
      <trkpt lat="44.186194" lon="15.396414">
        <ele>107.351520</ele>
        <time>2026-05-29T16:52:00.000Z</time>
      </trkpt>
      <trkpt lat="44.186227" lon="15.396449">
        <ele>107.457004</ele>
        <time>2026-05-29T16:52:01.000Z</time>
      </trkpt>
      <trkpt lat="44.186261" lon="15.396482">
        <ele>107.562397</ele>
        <time>2026-05-29T16:52:02.000Z</time>
      </trkpt>
      <trkpt lat="44.186294" lon="15.396514">
        <ele>107.664660</ele>
        <time>2026-05-29T16:52:03.000Z</time>
      </trkpt>
      <trkpt lat="44.186329" lon="15.396547">
        <ele>107.772152</ele>
        <time>2026-05-29T16:52:04.000Z</time>
      </trkpt>
      <trkpt lat="44.186363" lon="15.396578">
        <ele>107.875504</ele>
        <time>2026-05-29T16:52:05.000Z</time>
      </trkpt>
      <trkpt lat="44.186398" lon="15.396609">
        <ele>107.980995</ele>
        <time>2026-05-29T16:52:06.000Z</time>
      </trkpt>
      <trkpt lat="44.186433" lon="15.396643">
        <ele>108.089519</ele>
        <time>2026-05-29T16:52:07.000Z</time>
      </trkpt>
      <trkpt lat="44.186470" lon="15.396676">
        <ele>108.201263</ele>
        <time>2026-05-29T16:52:08.000Z</time>
      </trkpt>
      <trkpt lat="44.186506" lon="15.396708">
        <ele>108.309880</ele>
        <time>2026-05-29T16:52:09.000Z</time>
      </trkpt>
      <trkpt lat="44.186544" lon="15.396739">
        <ele>108.421889</ele>
        <time>2026-05-29T16:52:10.000Z</time>
      </trkpt>
      <trkpt lat="44.186582" lon="15.396770">
        <ele>108.533898</ele>
        <time>2026-05-29T16:52:11.000Z</time>
      </trkpt>
      <trkpt lat="44.186620" lon="15.396800">
        <ele>108.644996</ele>
        <time>2026-05-29T16:52:12.000Z</time>
      </trkpt>
      <trkpt lat="44.186658" lon="15.396831">
        <ele>108.757005</ele>
        <time>2026-05-29T16:52:13.000Z</time>
      </trkpt>
      <trkpt lat="44.186697" lon="15.396863">
        <ele>108.872132</ele>
        <time>2026-05-29T16:52:14.000Z</time>
      </trkpt>
      <trkpt lat="44.186736" lon="15.396894">
        <ele>108.986344</ele>
        <time>2026-05-29T16:52:15.000Z</time>
      </trkpt>
      <trkpt lat="44.186776" lon="15.396925">
        <ele>109.102773</ele>
        <time>2026-05-29T16:52:16.000Z</time>
      </trkpt>
      <trkpt lat="44.186817" lon="15.396956">
        <ele>109.140058</ele>
        <time>2026-05-29T16:52:17.000Z</time>
      </trkpt>
      <trkpt lat="44.186857" lon="15.396989">
        <ele>109.175794</ele>
        <time>2026-05-29T16:52:18.000Z</time>
      </trkpt>
      <trkpt lat="44.186898" lon="15.397022">
        <ele>109.212193</ele>
        <time>2026-05-29T16:52:19.000Z</time>
      </trkpt>
      <trkpt lat="44.186940" lon="15.397055">
        <ele>109.249261</ele>
        <time>2026-05-29T16:52:20.000Z</time>
      </trkpt>
      <trkpt lat="44.186982" lon="15.397089">
        <ele>109.286603</ele>
        <time>2026-05-29T16:52:21.000Z</time>
      </trkpt>
      <trkpt lat="44.187026" lon="15.397121">
        <ele>109.324759</ele>
        <time>2026-05-29T16:52:22.000Z</time>
      </trkpt>
      <trkpt lat="44.187068" lon="15.397154">
        <ele>109.361827</ele>
        <time>2026-05-29T16:52:23.000Z</time>
      </trkpt>
      <trkpt lat="44.187111" lon="15.397189">
        <ele>109.400110</ele>
        <time>2026-05-29T16:52:24.000Z</time>
      </trkpt>
      <trkpt lat="44.187152" lon="15.397224">
        <ele>109.437074</ele>
        <time>2026-05-29T16:52:25.000Z</time>
      </trkpt>
      <trkpt lat="44.187194" lon="15.397260">
        <ele>109.474981</ele>
        <time>2026-05-29T16:52:26.000Z</time>
      </trkpt>
      <trkpt lat="44.187236" lon="15.397296">
        <ele>109.512888</ele>
        <time>2026-05-29T16:52:27.000Z</time>
      </trkpt>
      <trkpt lat="44.187280" lon="15.397332">
        <ele>109.552113</ele>
        <time>2026-05-29T16:52:28.000Z</time>
      </trkpt>
      <trkpt lat="44.187325" lon="15.397365">
        <ele>109.591207</ele>
        <time>2026-05-29T16:52:29.000Z</time>
      </trkpt>
      <trkpt lat="44.187369" lon="15.397398">
        <ele>109.629622</ele>
        <time>2026-05-29T16:52:30.000Z</time>
      </trkpt>
      <trkpt lat="44.187413" lon="15.397434">
        <ele>109.668847</ele>
        <time>2026-05-29T16:52:31.000Z</time>
      </trkpt>
      <trkpt lat="44.187454" lon="15.397471">
        <ele>109.706398</ele>
        <time>2026-05-29T16:52:32.000Z</time>
      </trkpt>
      <trkpt lat="44.187497" lon="15.397507">
        <ele>109.744962</ele>
        <time>2026-05-29T16:52:33.000Z</time>
      </trkpt>
      <trkpt lat="44.187541" lon="15.397542">
        <ele>109.783911</ele>
        <time>2026-05-29T16:52:34.000Z</time>
      </trkpt>
      <trkpt lat="44.187584" lon="15.397579">
        <ele>109.822762</ele>
        <time>2026-05-29T16:52:35.000Z</time>
      </trkpt>
      <trkpt lat="44.187628" lon="15.397618">
        <ele>109.862850</ele>
        <time>2026-05-29T16:52:36.000Z</time>
      </trkpt>
      <trkpt lat="44.187673" lon="15.397656">
        <ele>109.903300</ele>
        <time>2026-05-29T16:52:37.000Z</time>
      </trkpt>
      <trkpt lat="44.187717" lon="15.397697">
        <ele>109.943990</ele>
        <time>2026-05-29T16:52:38.000Z</time>
      </trkpt>
      <trkpt lat="44.187758" lon="15.397741">
        <ele>109.983770</ele>
        <time>2026-05-29T16:52:39.000Z</time>
      </trkpt>
      <trkpt lat="44.187796" lon="15.397785">
        <ele>110.021747</ele>
        <time>2026-05-29T16:52:40.000Z</time>
      </trkpt>
      <trkpt lat="44.187836" lon="15.397830">
        <ele>110.061264</ele>
        <time>2026-05-29T16:52:41.000Z</time>
      </trkpt>
      <trkpt lat="44.187877" lon="15.397878">
        <ele>110.102426</ele>
        <time>2026-05-29T16:52:42.000Z</time>
      </trkpt>
      <trkpt lat="44.187916" lon="15.397926">
        <ele>110.142422</ele>
        <time>2026-05-29T16:52:43.000Z</time>
      </trkpt>
      <trkpt lat="44.187957" lon="15.397973">
        <ele>110.183232</ele>
        <time>2026-05-29T16:52:44.000Z</time>
      </trkpt>
      <trkpt lat="44.187997" lon="15.398021">
        <ele>110.223807</ele>
        <time>2026-05-29T16:52:45.000Z</time>
      </trkpt>
      <trkpt lat="44.188036" lon="15.398071">
        <ele>110.264542</ele>
        <time>2026-05-29T16:52:46.000Z</time>
      </trkpt>
      <trkpt lat="44.188076" lon="15.398123">
        <ele>110.306589</ele>
        <time>2026-05-29T16:52:47.000Z</time>
      </trkpt>
      <trkpt lat="44.188113" lon="15.398174">
        <ele>110.346590</ele>
        <time>2026-05-29T16:52:48.000Z</time>
      </trkpt>
      <trkpt lat="44.188150" lon="15.398228">
        <ele>110.387771</ele>
        <time>2026-05-29T16:52:49.000Z</time>
      </trkpt>
      <trkpt lat="44.188187" lon="15.398281">
        <ele>110.428555</ele>
        <time>2026-05-29T16:52:50.000Z</time>
      </trkpt>
      <trkpt lat="44.188223" lon="15.398338">
        <ele>110.470435</ele>
        <time>2026-05-29T16:52:51.000Z</time>
      </trkpt>
      <trkpt lat="44.188258" lon="15.398394">
        <ele>110.500346</ele>
        <time>2026-05-29T16:52:52.000Z</time>
      </trkpt>
      <trkpt lat="44.188294" lon="15.398451">
        <ele>110.522592</ele>
        <time>2026-05-29T16:52:53.000Z</time>
      </trkpt>
      <trkpt lat="44.188326" lon="15.398504">
        <ele>110.542884</ele>
        <time>2026-05-29T16:52:54.000Z</time>
      </trkpt>
      <trkpt lat="44.188360" lon="15.398559">
        <ele>110.564152</ele>
        <time>2026-05-29T16:52:55.000Z</time>
      </trkpt>
      <trkpt lat="44.188392" lon="15.398618">
        <ele>110.585818</ele>
        <time>2026-05-29T16:52:56.000Z</time>
      </trkpt>
      <trkpt lat="44.188422" lon="15.398677">
        <ele>110.607001</ele>
        <time>2026-05-29T16:52:57.000Z</time>
      </trkpt>
      <trkpt lat="44.188452" lon="15.398738">
        <ele>110.628665</ele>
        <time>2026-05-29T16:52:58.000Z</time>
      </trkpt>
      <trkpt lat="44.188481" lon="15.398799">
        <ele>110.650100</ele>
        <time>2026-05-29T16:52:59.000Z</time>
      </trkpt>
      <trkpt lat="44.188511" lon="15.398860">
        <ele>110.671763</ele>
        <time>2026-05-29T16:53:00.000Z</time>
      </trkpt>
      <trkpt lat="44.188539" lon="15.398922">
        <ele>110.693223</ele>
        <time>2026-05-29T16:53:01.000Z</time>
      </trkpt>
      <trkpt lat="44.188568" lon="15.398984">
        <ele>110.714902</ele>
        <time>2026-05-29T16:53:02.000Z</time>
      </trkpt>
      <trkpt lat="44.188596" lon="15.399047">
        <ele>110.736610</ele>
        <time>2026-05-29T16:53:03.000Z</time>
      </trkpt>
      <trkpt lat="44.188623" lon="15.399111">
        <ele>110.758358</ele>
        <time>2026-05-29T16:53:04.000Z</time>
      </trkpt>
      <trkpt lat="44.188647" lon="15.399174">
        <ele>110.779251</ele>
        <time>2026-05-29T16:53:05.000Z</time>
      </trkpt>
      <trkpt lat="44.188672" lon="15.399238">
        <ele>110.800595</ele>
        <time>2026-05-29T16:53:06.000Z</time>
      </trkpt>
      <trkpt lat="44.188695" lon="15.399303">
        <ele>110.821824</ele>
        <time>2026-05-29T16:53:07.000Z</time>
      </trkpt>
      <trkpt lat="44.188717" lon="15.399369">
        <ele>110.843140</ele>
        <time>2026-05-29T16:53:08.000Z</time>
      </trkpt>
      <trkpt lat="44.188736" lon="15.399435">
        <ele>110.863969</ele>
        <time>2026-05-29T16:53:09.000Z</time>
      </trkpt>
      <trkpt lat="44.188759" lon="15.399502">
        <ele>110.885724</ele>
        <time>2026-05-29T16:53:10.000Z</time>
      </trkpt>
      <trkpt lat="44.188782" lon="15.399569">
        <ele>110.907479</ele>
        <time>2026-05-29T16:53:11.000Z</time>
      </trkpt>
      <trkpt lat="44.188802" lon="15.399636">
        <ele>110.928734</ele>
        <time>2026-05-29T16:53:12.000Z</time>
      </trkpt>
      <trkpt lat="44.188822" lon="15.399703">
        <ele>110.949989</ele>
        <time>2026-05-29T16:53:13.000Z</time>
      </trkpt>
      <trkpt lat="44.188840" lon="15.399771">
        <ele>110.971218</ele>
        <time>2026-05-29T16:53:14.000Z</time>
      </trkpt>
      <trkpt lat="44.188857" lon="15.399841">
        <ele>110.992863</ele>
        <time>2026-05-29T16:53:15.000Z</time>
      </trkpt>
      <trkpt lat="44.188873" lon="15.399909">
        <ele>111.013823</ele>
        <time>2026-05-29T16:53:16.000Z</time>
      </trkpt>
      <trkpt lat="44.188887" lon="15.399979">
        <ele>111.035106</ele>
        <time>2026-05-29T16:53:17.000Z</time>
      </trkpt>
      <trkpt lat="44.188903" lon="15.400047">
        <ele>111.056066</ele>
        <time>2026-05-29T16:53:18.000Z</time>
      </trkpt>
      <trkpt lat="44.188917" lon="15.400116">
        <ele>111.077068</ele>
        <time>2026-05-29T16:53:19.000Z</time>
      </trkpt>
      <trkpt lat="44.188931" lon="15.400183">
        <ele>111.097506</ele>
        <time>2026-05-29T16:53:20.000Z</time>
      </trkpt>
      <trkpt lat="44.188944" lon="15.400253">
        <ele>111.118684</ele>
        <time>2026-05-29T16:53:21.000Z</time>
      </trkpt>
      <trkpt lat="44.188956" lon="15.400323">
        <ele>111.139763</ele>
        <time>2026-05-29T16:53:22.000Z</time>
      </trkpt>
      <trkpt lat="44.188968" lon="15.400393">
        <ele>111.160841</ele>
        <time>2026-05-29T16:53:23.000Z</time>
      </trkpt>
      <trkpt lat="44.188981" lon="15.400466">
        <ele>111.182870</ele>
        <time>2026-05-29T16:53:24.000Z</time>
      </trkpt>
      <trkpt lat="44.188991" lon="15.400538">
        <ele>111.204349</ele>
        <time>2026-05-29T16:53:25.000Z</time>
      </trkpt>
      <trkpt lat="44.189000" lon="15.400609">
        <ele>111.226652</ele>
        <time>2026-05-29T16:53:26.000Z</time>
      </trkpt>
      <trkpt lat="44.189008" lon="15.400679">
        <ele>111.255635</ele>
        <time>2026-05-29T16:53:27.000Z</time>
      </trkpt>
      <trkpt lat="44.189016" lon="15.400750">
        <ele>111.285021</ele>
        <time>2026-05-29T16:53:28.000Z</time>
      </trkpt>
      <trkpt lat="44.189023" lon="15.400820">
        <ele>111.313919</ele>
        <time>2026-05-29T16:53:29.000Z</time>
      </trkpt>
      <trkpt lat="44.189033" lon="15.400891">
        <ele>111.343504</ele>
        <time>2026-05-29T16:53:30.000Z</time>
      </trkpt>
      <trkpt lat="44.189043" lon="15.400963">
        <ele>111.373491</ele>
        <time>2026-05-29T16:53:31.000Z</time>
      </trkpt>
      <trkpt lat="44.189051" lon="15.401034">
        <ele>111.402877</ele>
        <time>2026-05-29T16:53:32.000Z</time>
      </trkpt>
      <trkpt lat="44.189058" lon="15.401106">
        <ele>111.432585</ele>
        <time>2026-05-29T16:53:33.000Z</time>
      </trkpt>
      <trkpt lat="44.189065" lon="15.401177">
        <ele>111.461889</ele>
        <time>2026-05-29T16:53:34.000Z</time>
      </trkpt>
      <trkpt lat="44.189073" lon="15.401248">
        <ele>111.491275</ele>
        <time>2026-05-29T16:53:35.000Z</time>
      </trkpt>
      <trkpt lat="44.189081" lon="15.401321">
        <ele>111.521470</ele>
        <time>2026-05-29T16:53:36.000Z</time>
      </trkpt>
      <trkpt lat="44.189090" lon="15.401395">
        <ele>111.552159</ele>
        <time>2026-05-29T16:53:37.000Z</time>
      </trkpt>
      <trkpt lat="44.189098" lon="15.401469">
        <ele>111.582757</ele>
        <time>2026-05-29T16:53:38.000Z</time>
      </trkpt>
      <trkpt lat="44.189105" lon="15.401545">
        <ele>111.614087</ele>
        <time>2026-05-29T16:53:39.000Z</time>
      </trkpt>
      <trkpt lat="44.189113" lon="15.401619">
        <ele>111.644686</ele>
        <time>2026-05-29T16:53:40.000Z</time>
      </trkpt>
      <trkpt lat="44.189122" lon="15.401694">
        <ele>111.675778</ele>
        <time>2026-05-29T16:53:41.000Z</time>
      </trkpt>
      <trkpt lat="44.189131" lon="15.401767">
        <ele>111.706064</ele>
        <time>2026-05-29T16:53:42.000Z</time>
      </trkpt>
      <trkpt lat="44.189139" lon="15.401842">
        <ele>111.737067</ele>
        <time>2026-05-29T16:53:43.000Z</time>
      </trkpt>
      <trkpt lat="44.189147" lon="15.401918">
        <ele>111.768474</ele>
        <time>2026-05-29T16:53:44.000Z</time>
      </trkpt>
      <trkpt lat="44.189156" lon="15.401994">
        <ele>111.799970</ele>
        <time>2026-05-29T16:53:45.000Z</time>
      </trkpt>
      <trkpt lat="44.189166" lon="15.402069">
        <ele>111.831161</ele>
        <time>2026-05-29T16:53:46.000Z</time>
      </trkpt>
      <trkpt lat="44.189175" lon="15.402145">
        <ele>111.862657</ele>
        <time>2026-05-29T16:53:47.000Z</time>
      </trkpt>
      <trkpt lat="44.189184" lon="15.402221">
        <ele>111.894152</ele>
        <time>2026-05-29T16:53:48.000Z</time>
      </trkpt>
      <trkpt lat="44.189195" lon="15.402297">
        <ele>111.925853</ele>
        <time>2026-05-29T16:53:49.000Z</time>
      </trkpt>
      <trkpt lat="44.189203" lon="15.402374">
        <ele>111.957665</ele>
        <time>2026-05-29T16:53:50.000Z</time>
      </trkpt>
      <trkpt lat="44.189212" lon="15.402449">
        <ele>111.988757</ele>
        <time>2026-05-29T16:53:51.000Z</time>
      </trkpt>
      <trkpt lat="44.189223" lon="15.402524">
        <ele>112.020058</ele>
        <time>2026-05-29T16:53:52.000Z</time>
      </trkpt>
      <trkpt lat="44.189236" lon="15.402601">
        <ele>112.052402</ele>
        <time>2026-05-29T16:53:53.000Z</time>
      </trkpt>
      <trkpt lat="44.189250" lon="15.402677">
        <ele>112.084486</ele>
        <time>2026-05-29T16:53:54.000Z</time>
      </trkpt>
      <trkpt lat="44.189264" lon="15.402757">
        <ele>112.118156</ele>
        <time>2026-05-29T16:53:55.000Z</time>
      </trkpt>
      <trkpt lat="44.189278" lon="15.402834">
        <ele>112.150635</ele>
        <time>2026-05-29T16:53:56.000Z</time>
      </trkpt>
      <trkpt lat="44.189292" lon="15.402911">
        <ele>112.183115</ele>
        <time>2026-05-29T16:53:57.000Z</time>
      </trkpt>
      <trkpt lat="44.189306" lon="15.402988">
        <ele>112.215595</ele>
        <time>2026-05-29T16:53:58.000Z</time>
      </trkpt>
      <trkpt lat="44.189322" lon="15.403065">
        <ele>112.247696</ele>
        <time>2026-05-29T16:53:59.000Z</time>
      </trkpt>
      <trkpt lat="44.189338" lon="15.403144">
        <ele>112.198823</ele>
        <time>2026-05-29T16:54:00.000Z</time>
      </trkpt>
      <trkpt lat="44.189356" lon="15.403223">
        <ele>112.149472</ele>
        <time>2026-05-29T16:54:01.000Z</time>
      </trkpt>
      <trkpt lat="44.189375" lon="15.403302">
        <ele>112.099863</ele>
        <time>2026-05-29T16:54:02.000Z</time>
      </trkpt>
      <trkpt lat="44.189392" lon="15.403383">
        <ele>112.049616</ele>
        <time>2026-05-29T16:54:03.000Z</time>
      </trkpt>
      <trkpt lat="44.189411" lon="15.403463">
        <ele>111.999442</ele>
        <time>2026-05-29T16:54:04.000Z</time>
      </trkpt>
      <trkpt lat="44.189431" lon="15.403542">
        <ele>111.949563</ele>
        <time>2026-05-29T16:54:05.000Z</time>
      </trkpt>
      <trkpt lat="44.189452" lon="15.403624">
        <ele>111.897723</ele>
        <time>2026-05-29T16:54:06.000Z</time>
      </trkpt>
      <trkpt lat="44.189472" lon="15.403703">
        <ele>111.847845</ele>
        <time>2026-05-29T16:54:07.000Z</time>
      </trkpt>
      <trkpt lat="44.189493" lon="15.403782">
        <ele>111.797683</ele>
        <time>2026-05-29T16:54:08.000Z</time>
      </trkpt>
      <trkpt lat="44.189515" lon="15.403862">
        <ele>111.746672</ele>
        <time>2026-05-29T16:54:09.000Z</time>
      </trkpt>
      <trkpt lat="44.189536" lon="15.403944">
        <ele>111.694832</ele>
        <time>2026-05-29T16:54:10.000Z</time>
      </trkpt>
      <trkpt lat="44.189558" lon="15.404025">
        <ele>111.643264</ele>
        <time>2026-05-29T16:54:11.000Z</time>
      </trkpt>
      <trkpt lat="44.189583" lon="15.404106">
        <ele>111.590763</ele>
        <time>2026-05-29T16:54:12.000Z</time>
      </trkpt>
      <trkpt lat="44.189609" lon="15.404188">
        <ele>111.537383</ele>
        <time>2026-05-29T16:54:13.000Z</time>
      </trkpt>
      <trkpt lat="44.189636" lon="15.404270">
        <ele>111.483663</ele>
        <time>2026-05-29T16:54:14.000Z</time>
      </trkpt>
      <trkpt lat="44.189661" lon="15.404352">
        <ele>111.430614</ele>
        <time>2026-05-29T16:54:15.000Z</time>
      </trkpt>
      <trkpt lat="44.189689" lon="15.404436">
        <ele>111.375464</ele>
        <time>2026-05-29T16:54:16.000Z</time>
      </trkpt>
      <trkpt lat="44.189718" lon="15.404520">
        <ele>111.319959</ele>
        <time>2026-05-29T16:54:17.000Z</time>
      </trkpt>
      <trkpt lat="44.189748" lon="15.404604">
        <ele>111.264089</ele>
        <time>2026-05-29T16:54:18.000Z</time>
      </trkpt>
      <trkpt lat="44.189780" lon="15.404690">
        <ele>111.206405</ele>
        <time>2026-05-29T16:54:19.000Z</time>
      </trkpt>
      <trkpt lat="44.189813" lon="15.404777">
        <ele>111.147808</ele>
        <time>2026-05-29T16:54:20.000Z</time>
      </trkpt>
      <trkpt lat="44.189849" lon="15.404863">
        <ele>111.088521</ele>
        <time>2026-05-29T16:54:21.000Z</time>
      </trkpt>
      <trkpt lat="44.189885" lon="15.404948">
        <ele>111.029747</ele>
        <time>2026-05-29T16:54:22.000Z</time>
      </trkpt>
      <trkpt lat="44.189922" lon="15.405035">
        <ele>110.969526</ele>
        <time>2026-05-29T16:54:23.000Z</time>
      </trkpt>
      <trkpt lat="44.189959" lon="15.405123">
        <ele>110.908792</ele>
        <time>2026-05-29T16:54:24.000Z</time>
      </trkpt>
      <trkpt lat="44.189998" lon="15.405212">
        <ele>110.846694</ele>
        <time>2026-05-29T16:54:25.000Z</time>
      </trkpt>
      <trkpt lat="44.190039" lon="15.405302">
        <ele>110.783213</ele>
        <time>2026-05-29T16:54:26.000Z</time>
      </trkpt>
      <trkpt lat="44.190080" lon="15.405393">
        <ele>110.596693</ele>
        <time>2026-05-29T16:54:27.000Z</time>
      </trkpt>
      <trkpt lat="44.190124" lon="15.405484">
        <ele>110.305493</ele>
        <time>2026-05-29T16:54:28.000Z</time>
      </trkpt>
      <trkpt lat="44.190167" lon="15.405577">
        <ele>110.011901</ele>
        <time>2026-05-29T16:54:29.000Z</time>
      </trkpt>
      <trkpt lat="44.190211" lon="15.405673">
        <ele>109.709612</ele>
        <time>2026-05-29T16:54:30.000Z</time>
      </trkpt>
      <trkpt lat="44.190255" lon="15.405769">
        <ele>109.407324</ele>
        <time>2026-05-29T16:54:31.000Z</time>
      </trkpt>
      <trkpt lat="44.190298" lon="15.405868">
        <ele>109.100232</ele>
        <time>2026-05-29T16:54:32.000Z</time>
      </trkpt>
      <trkpt lat="44.190343" lon="15.405968">
        <ele>108.786999</ele>
        <time>2026-05-29T16:54:33.000Z</time>
      </trkpt>
      <trkpt lat="44.190390" lon="15.406071">
        <ele>108.463083</ele>
        <time>2026-05-29T16:54:34.000Z</time>
      </trkpt>
      <trkpt lat="44.190438" lon="15.406176">
        <ele>108.132704</ele>
        <time>2026-05-29T16:54:35.000Z</time>
      </trkpt>
      <trkpt lat="44.190488" lon="15.406283">
        <ele>107.793856</ele>
        <time>2026-05-29T16:54:36.000Z</time>
      </trkpt>
      <trkpt lat="44.190538" lon="15.406390">
        <ele>107.455009</ele>
        <time>2026-05-29T16:54:37.000Z</time>
      </trkpt>
      <trkpt lat="44.190588" lon="15.406498">
        <ele>107.113935</ele>
        <time>2026-05-29T16:54:38.000Z</time>
      </trkpt>
      <trkpt lat="44.190636" lon="15.406606">
        <ele>106.776819</ele>
        <time>2026-05-29T16:54:39.000Z</time>
      </trkpt>
      <trkpt lat="44.190687" lon="15.406715">
        <ele>106.431506</ele>
        <time>2026-05-29T16:54:40.000Z</time>
      </trkpt>
      <trkpt lat="44.190737" lon="15.406827">
        <ele>106.081470</ele>
        <time>2026-05-29T16:54:41.000Z</time>
      </trkpt>
      <trkpt lat="44.190787" lon="15.406940">
        <ele>105.729180</ele>
        <time>2026-05-29T16:54:42.000Z</time>
      </trkpt>
      <trkpt lat="44.190837" lon="15.407055">
        <ele>105.372363</ele>
        <time>2026-05-29T16:54:43.000Z</time>
      </trkpt>
      <trkpt lat="44.190887" lon="15.407173">
        <ele>105.008717</ele>
        <time>2026-05-29T16:54:44.000Z</time>
      </trkpt>
      <trkpt lat="44.190932" lon="15.407294">
        <ele>104.647080</ele>
        <time>2026-05-29T16:54:45.000Z</time>
      </trkpt>
      <trkpt lat="44.190975" lon="15.407421">
        <ele>104.274460</ele>
        <time>2026-05-29T16:54:46.000Z</time>
      </trkpt>
      <trkpt lat="44.191017" lon="15.407549">
        <ele>103.878291</ele>
        <time>2026-05-29T16:54:47.000Z</time>
      </trkpt>
      <trkpt lat="44.191058" lon="15.407679">
        <ele>103.458384</ele>
        <time>2026-05-29T16:54:48.000Z</time>
      </trkpt>
      <trkpt lat="44.191096" lon="15.407814">
        <ele>103.029577</ele>
        <time>2026-05-29T16:54:49.000Z</time>
      </trkpt>
      <trkpt lat="44.191130" lon="15.407951">
        <ele>102.600936</ele>
        <time>2026-05-29T16:54:50.000Z</time>
      </trkpt>
      <trkpt lat="44.191160" lon="15.408089">
        <ele>102.174574</ele>
        <time>2026-05-29T16:54:51.000Z</time>
      </trkpt>
      <trkpt lat="44.191188" lon="15.408230">
        <ele>101.741990</ele>
        <time>2026-05-29T16:54:52.000Z</time>
      </trkpt>
      <trkpt lat="44.191212" lon="15.408373">
        <ele>101.307759</ele>
        <time>2026-05-29T16:54:53.000Z</time>
      </trkpt>
      <trkpt lat="44.191233" lon="15.408517">
        <ele>100.873282</ele>
        <time>2026-05-29T16:54:54.000Z</time>
      </trkpt>
      <trkpt lat="44.191249" lon="15.408663">
        <ele>100.436595</ele>
        <time>2026-05-29T16:54:55.000Z</time>
      </trkpt>
      <trkpt lat="44.191258" lon="15.408809">
        <ele>100.003330</ele>
        <time>2026-05-29T16:54:56.000Z</time>
      </trkpt>
      <trkpt lat="44.191268" lon="15.408958">
        <ele>99.560861</ele>
        <time>2026-05-29T16:54:57.000Z</time>
      </trkpt>
      <trkpt lat="44.191275" lon="15.409110">
        <ele>99.110522</ele>
        <time>2026-05-29T16:54:58.000Z</time>
      </trkpt>
      <trkpt lat="44.191278" lon="15.409261">
        <ele>98.663894</ele>
        <time>2026-05-29T16:54:59.000Z</time>
      </trkpt>
      <trkpt lat="44.191277" lon="15.409413">
        <ele>98.214462</ele>
        <time>2026-05-29T16:55:00.000Z</time>
      </trkpt>
      <trkpt lat="44.191271" lon="15.409565">
        <ele>97.764368</ele>
        <time>2026-05-29T16:55:01.000Z</time>
      </trkpt>
      <trkpt lat="44.191259" lon="15.409717">
        <ele>97.312239</ele>
        <time>2026-05-29T16:55:02.000Z</time>
      </trkpt>
      <trkpt lat="44.191244" lon="15.409868">
        <ele>96.861518</ele>
        <time>2026-05-29T16:55:03.000Z</time>
      </trkpt>
      <trkpt lat="44.191226" lon="15.410020">
        <ele>96.391321</ele>
        <time>2026-05-29T16:55:04.000Z</time>
      </trkpt>
      <trkpt lat="44.191205" lon="15.410171">
        <ele>95.912377</ele>
        <time>2026-05-29T16:55:05.000Z</time>
      </trkpt>
      <trkpt lat="44.191179" lon="15.410320">
        <ele>95.434882</ele>
        <time>2026-05-29T16:55:06.000Z</time>
      </trkpt>
      <trkpt lat="44.191150" lon="15.410466">
        <ele>94.963149</ele>
        <time>2026-05-29T16:55:07.000Z</time>
      </trkpt>
      <trkpt lat="44.191119" lon="15.410611">
        <ele>94.492007</ele>
        <time>2026-05-29T16:55:08.000Z</time>
      </trkpt>
      <trkpt lat="44.191078" lon="15.410785">
        <ele>93.921702</ele>
        <time>2026-05-29T16:55:09.000Z</time>
      </trkpt>
      <trkpt lat="44.191048" lon="15.410901">
        <ele>93.537725</ele>
        <time>2026-05-29T16:55:10.000Z</time>
      </trkpt>
      <trkpt lat="44.191011" lon="15.411041">
        <ele>93.073125</ele>
        <time>2026-05-29T16:55:11.000Z</time>
      </trkpt>
      <trkpt lat="44.190968" lon="15.411211">
        <ele>92.511809</ele>
        <time>2026-05-29T16:55:12.000Z</time>
      </trkpt>
      <trkpt lat="44.190937" lon="15.411322">
        <ele>92.140885</ele>
        <time>2026-05-29T16:55:13.000Z</time>
      </trkpt>
      <trkpt lat="44.190896" lon="15.411461">
        <ele>91.672876</ele>
        <time>2026-05-29T16:55:14.000Z</time>
      </trkpt>
      <trkpt lat="44.190848" lon="15.411628">
        <ele>91.112648</ele>
        <time>2026-05-29T16:55:15.000Z</time>
      </trkpt>
      <trkpt lat="44.190817" lon="15.411742">
        <ele>90.733004</ele>
        <time>2026-05-29T16:55:16.000Z</time>
      </trkpt>
      <trkpt lat="44.190781" lon="15.411884">
        <ele>90.264019</ele>
        <time>2026-05-29T16:55:17.000Z</time>
      </trkpt>
      <trkpt lat="44.190747" lon="15.412025">
        <ele>89.800810</ele>
        <time>2026-05-29T16:55:18.000Z</time>
      </trkpt>
      <trkpt lat="44.190712" lon="15.412166">
        <ele>89.336198</ele>
        <time>2026-05-29T16:55:19.000Z</time>
      </trkpt>
      <trkpt lat="44.190676" lon="15.412337">
        <ele>88.797149</ele>
        <time>2026-05-29T16:55:20.000Z</time>
      </trkpt>
      <trkpt lat="44.190648" lon="15.412478">
        <ele>88.421665</ele>
        <time>2026-05-29T16:55:21.000Z</time>
      </trkpt>
      <trkpt lat="44.190629" lon="15.412592">
        <ele>88.121296</ele>
        <time>2026-05-29T16:55:22.000Z</time>
      </trkpt>
      <trkpt lat="44.190606" lon="15.412734">
        <ele>87.747684</ele>
        <time>2026-05-29T16:55:23.000Z</time>
      </trkpt>
      <trkpt lat="44.190587" lon="15.412876">
        <ele>87.376964</ele>
        <time>2026-05-29T16:55:24.000Z</time>
      </trkpt>
      <trkpt lat="44.190570" lon="15.413015">
        <ele>87.015082</ele>
        <time>2026-05-29T16:55:25.000Z</time>
      </trkpt>
      <trkpt lat="44.190557" lon="15.413157">
        <ele>86.647694</ele>
        <time>2026-05-29T16:55:26.000Z</time>
      </trkpt>
      <trkpt lat="44.190544" lon="15.413298">
        <ele>86.282851</ele>
        <time>2026-05-29T16:55:27.000Z</time>
      </trkpt>
      <trkpt lat="44.190532" lon="15.413440">
        <ele>85.915899</ele>
        <time>2026-05-29T16:55:28.000Z</time>
      </trkpt>
      <trkpt lat="44.190526" lon="15.413581">
        <ele>85.553399</ele>
        <time>2026-05-29T16:55:29.000Z</time>
      </trkpt>
      <trkpt lat="44.190522" lon="15.413720">
        <ele>85.196382</ele>
        <time>2026-05-29T16:55:30.000Z</time>
      </trkpt>
      <trkpt lat="44.190520" lon="15.413857">
        <ele>84.844711</ele>
        <time>2026-05-29T16:55:31.000Z</time>
      </trkpt>
      <trkpt lat="44.190518" lon="15.413991">
        <ele>84.500738</ele>
        <time>2026-05-29T16:55:32.000Z</time>
      </trkpt>
      <trkpt lat="44.190519" lon="15.414124">
        <ele>84.159387</ele>
        <time>2026-05-29T16:55:33.000Z</time>
      </trkpt>
      <trkpt lat="44.190523" lon="15.414252">
        <ele>83.830575</ele>
        <time>2026-05-29T16:55:34.000Z</time>
      </trkpt>
      <trkpt lat="44.190529" lon="15.414375">
        <ele>83.514177</ele>
        <time>2026-05-29T16:55:35.000Z</time>
      </trkpt>
      <trkpt lat="44.190536" lon="15.414497">
        <ele>83.200075</ele>
        <time>2026-05-29T16:55:36.000Z</time>
      </trkpt>
      <trkpt lat="44.190542" lon="15.414615">
        <ele>82.896478</ele>
        <time>2026-05-29T16:55:37.000Z</time>
      </trkpt>
      <trkpt lat="44.190549" lon="15.414734">
        <ele>82.590050</ele>
        <time>2026-05-29T16:55:38.000Z</time>
      </trkpt>
      <trkpt lat="44.190556" lon="15.414847">
        <ele>82.443721</ele>
        <time>2026-05-29T16:55:39.000Z</time>
      </trkpt>
      <trkpt lat="44.190566" lon="15.414958">
        <ele>82.464693</ele>
        <time>2026-05-29T16:55:40.000Z</time>
      </trkpt>
      <trkpt lat="44.190578" lon="15.415068">
        <ele>82.485551</ele>
        <time>2026-05-29T16:55:41.000Z</time>
      </trkpt>
      <trkpt lat="44.190590" lon="15.415174">
        <ele>82.505667</ele>
        <time>2026-05-29T16:55:42.000Z</time>
      </trkpt>
      <trkpt lat="44.190605" lon="15.415279">
        <ele>82.525738</ele>
        <time>2026-05-29T16:55:43.000Z</time>
      </trkpt>
      <trkpt lat="44.190622" lon="15.415381">
        <ele>82.545368</ele>
        <time>2026-05-29T16:55:44.000Z</time>
      </trkpt>
      <trkpt lat="44.190641" lon="15.415478">
        <ele>82.564218</ele>
        <time>2026-05-29T16:55:45.000Z</time>
      </trkpt>
      <trkpt lat="44.190661" lon="15.415570">
        <ele>82.582240</ele>
        <time>2026-05-29T16:55:46.000Z</time>
      </trkpt>
      <trkpt lat="44.190681" lon="15.415659">
        <ele>82.599724</ele>
        <time>2026-05-29T16:55:47.000Z</time>
      </trkpt>
      <trkpt lat="44.190702" lon="15.415748">
        <ele>82.617288</ele>
        <time>2026-05-29T16:55:48.000Z</time>
      </trkpt>
      <trkpt lat="44.190723" lon="15.415832">
        <ele>82.633964</ele>
        <time>2026-05-29T16:55:49.000Z</time>
      </trkpt>
      <trkpt lat="44.190743" lon="15.415915">
        <ele>82.650378</ele>
        <time>2026-05-29T16:55:50.000Z</time>
      </trkpt>
      <trkpt lat="44.190762" lon="15.415997">
        <ele>82.666533</ele>
        <time>2026-05-29T16:55:51.000Z</time>
      </trkpt>
      <trkpt lat="44.190783" lon="15.416076">
        <ele>82.682327</ele>
        <time>2026-05-29T16:55:52.000Z</time>
      </trkpt>
      <trkpt lat="44.190803" lon="15.416152">
        <ele>82.697503</ele>
        <time>2026-05-29T16:55:53.000Z</time>
      </trkpt>
      <trkpt lat="44.190822" lon="15.416229">
        <ele>82.712768</ele>
        <time>2026-05-29T16:55:54.000Z</time>
      </trkpt>
      <trkpt lat="44.190842" lon="15.416304">
        <ele>82.727769</ele>
        <time>2026-05-29T16:55:55.000Z</time>
      </trkpt>
      <trkpt lat="44.190865" lon="15.416377">
        <ele>82.742716</ele>
        <time>2026-05-29T16:55:56.000Z</time>
      </trkpt>
      <trkpt lat="44.190884" lon="15.416449">
        <ele>82.757098</ele>
        <time>2026-05-29T16:55:57.000Z</time>
      </trkpt>
      <trkpt lat="44.190902" lon="15.416519">
        <ele>82.771039</ele>
        <time>2026-05-29T16:55:58.000Z</time>
      </trkpt>
      <trkpt lat="44.190923" lon="15.416605">
        <ele>82.788069</ele>
        <time>2026-05-29T16:55:59.000Z</time>
      </trkpt>
      <trkpt lat="44.190935" lon="15.416659">
        <ele>82.798667</ele>
        <time>2026-05-29T16:56:00.000Z</time>
      </trkpt>
      <trkpt lat="44.190950" lon="15.416731">
        <ele>82.812722</ele>
        <time>2026-05-29T16:56:01.000Z</time>
      </trkpt>
      <trkpt lat="44.190970" lon="15.416802">
        <ele>82.827022</ele>
        <time>2026-05-29T16:56:02.000Z</time>
      </trkpt>
      <trkpt lat="44.190989" lon="15.416872">
        <ele>82.841053</ele>
        <time>2026-05-29T16:56:03.000Z</time>
      </trkpt>
      <trkpt lat="44.191006" lon="15.416943">
        <ele>82.855085</ele>
        <time>2026-05-29T16:56:04.000Z</time>
      </trkpt>
      <trkpt lat="44.191025" lon="15.417024">
        <ele>82.871061</ele>
        <time>2026-05-29T16:56:05.000Z</time>
      </trkpt>
      <trkpt lat="44.191039" lon="15.417077">
        <ele>82.881649</ele>
        <time>2026-05-29T16:56:06.000Z</time>
      </trkpt>
      <trkpt lat="44.191057" lon="15.417143">
        <ele>82.894886</ele>
        <time>2026-05-29T16:56:07.000Z</time>
      </trkpt>
      <trkpt lat="44.191077" lon="15.417211">
        <ele>82.923283</ele>
        <time>2026-05-29T16:56:08.000Z</time>
      </trkpt>
      <trkpt lat="44.191092" lon="15.417279">
        <ele>82.979403</ele>
        <time>2026-05-29T16:56:09.000Z</time>
      </trkpt>
      <trkpt lat="44.191105" lon="15.417350">
        <ele>83.037206</ele>
        <time>2026-05-29T16:56:10.000Z</time>
      </trkpt>
      <trkpt lat="44.191120" lon="15.417430">
        <ele>83.102433</ele>
        <time>2026-05-29T16:56:11.000Z</time>
      </trkpt>
      <trkpt lat="44.191131" lon="15.417483">
        <ele>83.145956</ele>
        <time>2026-05-29T16:56:12.000Z</time>
      </trkpt>
      <trkpt lat="44.191148" lon="15.417547">
        <ele>83.199793</ele>
        <time>2026-05-29T16:56:13.000Z</time>
      </trkpt>
      <trkpt lat="44.191165" lon="15.417611">
        <ele>83.253630</ele>
        <time>2026-05-29T16:56:14.000Z</time>
      </trkpt>
      <trkpt lat="44.191184" lon="15.417684">
        <ele>83.314889</ele>
        <time>2026-05-29T16:56:15.000Z</time>
      </trkpt>
      <trkpt lat="44.191197" lon="15.417736">
        <ele>83.358329</ele>
        <time>2026-05-29T16:56:16.000Z</time>
      </trkpt>
      <trkpt lat="44.191209" lon="15.417799">
        <ele>83.409748</ele>
        <time>2026-05-29T16:56:17.000Z</time>
      </trkpt>
      <trkpt lat="44.191221" lon="15.417859">
        <ele>83.458883</ele>
        <time>2026-05-29T16:56:18.000Z</time>
      </trkpt>
      <trkpt lat="44.191236" lon="15.417922">
        <ele>83.511246</ele>
        <time>2026-05-29T16:56:19.000Z</time>
      </trkpt>
      <trkpt lat="44.191246" lon="15.417984">
        <ele>83.561375</ele>
        <time>2026-05-29T16:56:20.000Z</time>
      </trkpt>
      <trkpt lat="44.191262" lon="15.418048">
        <ele>83.614839</ele>
        <time>2026-05-29T16:56:21.000Z</time>
      </trkpt>
      <trkpt lat="44.191276" lon="15.418111">
        <ele>83.666866</ele>
        <time>2026-05-29T16:56:22.000Z</time>
      </trkpt>
      <trkpt lat="44.191290" lon="15.418172">
        <ele>83.717388</ele>
        <time>2026-05-29T16:56:23.000Z</time>
      </trkpt>
      <trkpt lat="44.191305" lon="15.418234">
        <ele>83.769004</ele>
        <time>2026-05-29T16:56:24.000Z</time>
      </trkpt>
      <trkpt lat="44.191321" lon="15.418296">
        <ele>83.820981</ele>
        <time>2026-05-29T16:56:25.000Z</time>
      </trkpt>
      <trkpt lat="44.191334" lon="15.418355">
        <ele>83.869669</ele>
        <time>2026-05-29T16:56:26.000Z</time>
      </trkpt>
      <trkpt lat="44.191350" lon="15.418415">
        <ele>83.920164</ele>
        <time>2026-05-29T16:56:27.000Z</time>
      </trkpt>
      <trkpt lat="44.191364" lon="15.418476">
        <ele>83.970686</ele>
        <time>2026-05-29T16:56:28.000Z</time>
      </trkpt>
      <trkpt lat="44.191379" lon="15.418536">
        <ele>84.020809</ele>
        <time>2026-05-29T16:56:29.000Z</time>
      </trkpt>
      <trkpt lat="44.191395" lon="15.418598">
        <ele>84.072787</ele>
        <time>2026-05-29T16:56:30.000Z</time>
      </trkpt>
      <trkpt lat="44.191410" lon="15.418659">
        <ele>84.123655</ele>
        <time>2026-05-29T16:56:31.000Z</time>
      </trkpt>
      <trkpt lat="44.191426" lon="15.418722">
        <ele>84.176375</ele>
        <time>2026-05-29T16:56:32.000Z</time>
      </trkpt>
      <trkpt lat="44.191440" lon="15.418786">
        <ele>84.229156</ele>
        <time>2026-05-29T16:56:33.000Z</time>
      </trkpt>
      <trkpt lat="44.191454" lon="15.418847">
        <ele>84.279678</ele>
        <time>2026-05-29T16:56:34.000Z</time>
      </trkpt>
      <trkpt lat="44.191470" lon="15.418910">
        <ele>84.332398</ele>
        <time>2026-05-29T16:56:35.000Z</time>
      </trkpt>
      <trkpt lat="44.191485" lon="15.418972">
        <ele>84.384013</ele>
        <time>2026-05-29T16:56:36.000Z</time>
      </trkpt>
      <trkpt lat="44.191500" lon="15.419038">
        <ele>84.438627</ele>
        <time>2026-05-29T16:56:37.000Z</time>
      </trkpt>
      <trkpt lat="44.191515" lon="15.419104">
        <ele>84.493241</ele>
        <time>2026-05-29T16:56:38.000Z</time>
      </trkpt>
      <trkpt lat="44.191530" lon="15.419167">
        <ele>84.545604</ele>
        <time>2026-05-29T16:56:39.000Z</time>
      </trkpt>
      <trkpt lat="44.191545" lon="15.419231">
        <ele>84.598716</ele>
        <time>2026-05-29T16:56:40.000Z</time>
      </trkpt>
      <trkpt lat="44.191559" lon="15.419297">
        <ele>84.653008</ele>
        <time>2026-05-29T16:56:41.000Z</time>
      </trkpt>
      <trkpt lat="44.191573" lon="15.419361">
        <ele>84.705789</ele>
        <time>2026-05-29T16:56:42.000Z</time>
      </trkpt>
      <trkpt lat="44.191586" lon="15.419427">
        <ele>84.759779</ele>
        <time>2026-05-29T16:56:43.000Z</time>
      </trkpt>
      <trkpt lat="44.191600" lon="15.419494">
        <ele>84.814827</ele>
        <time>2026-05-29T16:56:44.000Z</time>
      </trkpt>
      <trkpt lat="44.191615" lon="15.419563">
        <ele>84.871701</ele>
        <time>2026-05-29T16:56:45.000Z</time>
      </trkpt>
      <trkpt lat="44.191628" lon="15.419632">
        <ele>84.899627</ele>
        <time>2026-05-29T16:56:46.000Z</time>
      </trkpt>
      <trkpt lat="44.191636" lon="15.419700">
        <ele>84.919840</ele>
        <time>2026-05-29T16:56:47.000Z</time>
      </trkpt>
      <trkpt lat="44.191648" lon="15.419768">
        <ele>84.940382</ele>
        <time>2026-05-29T16:56:48.000Z</time>
      </trkpt>
      <trkpt lat="44.191661" lon="15.419836">
        <ele>84.961025</ele>
        <time>2026-05-29T16:56:49.000Z</time>
      </trkpt>
      <trkpt lat="44.191674" lon="15.419905">
        <ele>84.981952</ele>
        <time>2026-05-29T16:56:50.000Z</time>
      </trkpt>
      <trkpt lat="44.191687" lon="15.419973">
        <ele>85.002596</ele>
        <time>2026-05-29T16:56:51.000Z</time>
      </trkpt>
      <trkpt lat="44.191698" lon="15.420042">
        <ele>85.023330</ele>
        <time>2026-05-29T16:56:52.000Z</time>
      </trkpt>
      <trkpt lat="44.191710" lon="15.420112">
        <ele>85.044442</ele>
        <time>2026-05-29T16:56:53.000Z</time>
      </trkpt>
      <trkpt lat="44.191719" lon="15.420182">
        <ele>85.065303</ele>
        <time>2026-05-29T16:56:54.000Z</time>
      </trkpt>
      <trkpt lat="44.191729" lon="15.420253">
        <ele>85.086527</ele>
        <time>2026-05-29T16:56:55.000Z</time>
      </trkpt>
      <trkpt lat="44.191740" lon="15.420325">
        <ele>85.108121</ele>
        <time>2026-05-29T16:56:56.000Z</time>
      </trkpt>
      <trkpt lat="44.191751" lon="15.420396">
        <ele>85.129428</ele>
        <time>2026-05-29T16:56:57.000Z</time>
      </trkpt>
      <trkpt lat="44.191760" lon="15.420467">
        <ele>85.150578</ele>
        <time>2026-05-29T16:56:58.000Z</time>
      </trkpt>
      <trkpt lat="44.191769" lon="15.420537">
        <ele>85.171439</ele>
        <time>2026-05-29T16:56:59.000Z</time>
      </trkpt>
      <trkpt lat="44.191777" lon="15.420608">
        <ele>85.192521</ele>
        <time>2026-05-29T16:57:00.000Z</time>
      </trkpt>
      <trkpt lat="44.191786" lon="15.420679">
        <ele>85.213670</ele>
        <time>2026-05-29T16:57:01.000Z</time>
      </trkpt>
      <trkpt lat="44.191796" lon="15.420754">
        <ele>85.236047</ele>
        <time>2026-05-29T16:57:02.000Z</time>
      </trkpt>
      <trkpt lat="44.191804" lon="15.420826">
        <ele>85.257419</ele>
        <time>2026-05-29T16:57:03.000Z</time>
      </trkpt>
      <trkpt lat="44.191810" lon="15.420898">
        <ele>85.278681</ele>
        <time>2026-05-29T16:57:04.000Z</time>
      </trkpt>
      <trkpt lat="44.191815" lon="15.420971">
        <ele>85.300192</ele>
        <time>2026-05-29T16:57:05.000Z</time>
      </trkpt>
      <trkpt lat="44.191823" lon="15.421045">
        <ele>85.322144</ele>
        <time>2026-05-29T16:57:06.000Z</time>
      </trkpt>
      <trkpt lat="44.191831" lon="15.421116">
        <ele>85.343226</ele>
        <time>2026-05-29T16:57:07.000Z</time>
      </trkpt>
      <trkpt lat="44.191838" lon="15.421189">
        <ele>85.364830</ele>
        <time>2026-05-29T16:57:08.000Z</time>
      </trkpt>
      <trkpt lat="44.191846" lon="15.421260">
        <ele>85.385912</ele>
        <time>2026-05-29T16:57:09.000Z</time>
      </trkpt>
      <trkpt lat="44.191853" lon="15.421332">
        <ele>85.407225</ele>
        <time>2026-05-29T16:57:10.000Z</time>
      </trkpt>
      <trkpt lat="44.191859" lon="15.421407">
        <ele>85.429361</ele>
        <time>2026-05-29T16:57:11.000Z</time>
      </trkpt>
      <trkpt lat="44.191865" lon="15.421484">
        <ele>85.452081</ele>
        <time>2026-05-29T16:57:12.000Z</time>
      </trkpt>
      <trkpt lat="44.191872" lon="15.421558">
        <ele>85.473975</ele>
        <time>2026-05-29T16:57:13.000Z</time>
      </trkpt>
      <trkpt lat="44.191878" lon="15.421630">
        <ele>85.495237</ele>
        <time>2026-05-29T16:57:14.000Z</time>
      </trkpt>
      <trkpt lat="44.191884" lon="15.421704">
        <ele>85.517082</ele>
        <time>2026-05-29T16:57:15.000Z</time>
      </trkpt>
      <trkpt lat="44.191889" lon="15.421780">
        <ele>85.539469</ele>
        <time>2026-05-29T16:57:16.000Z</time>
      </trkpt>
      <trkpt lat="44.191895" lon="15.421855">
        <ele>85.561605</ele>
        <time>2026-05-29T16:57:17.000Z</time>
      </trkpt>
      <trkpt lat="44.191900" lon="15.421931">
        <ele>85.583992</ele>
        <time>2026-05-29T16:57:18.000Z</time>
      </trkpt>
      <trkpt lat="44.191906" lon="15.422007">
        <ele>85.606420</ele>
        <time>2026-05-29T16:57:19.000Z</time>
      </trkpt>
      <trkpt lat="44.191912" lon="15.422084">
        <ele>85.628446</ele>
        <time>2026-05-29T16:57:20.000Z</time>
      </trkpt>
      <trkpt lat="44.191916" lon="15.422160">
        <ele>85.649320</ele>
        <time>2026-05-29T16:57:21.000Z</time>
      </trkpt>
      <trkpt lat="44.191923" lon="15.422236">
        <ele>85.670308</ele>
        <time>2026-05-29T16:57:22.000Z</time>
      </trkpt>
      <trkpt lat="44.191929" lon="15.422313">
        <ele>85.691523</ele>
        <time>2026-05-29T16:57:23.000Z</time>
      </trkpt>
      <trkpt lat="44.191935" lon="15.422389">
        <ele>85.712466</ele>
        <time>2026-05-29T16:57:24.000Z</time>
      </trkpt>
      <trkpt lat="44.191942" lon="15.422465">
        <ele>85.733454</ele>
        <time>2026-05-29T16:57:25.000Z</time>
      </trkpt>
      <trkpt lat="44.191946" lon="15.422541">
        <ele>85.754327</ele>
        <time>2026-05-29T16:57:26.000Z</time>
      </trkpt>
      <trkpt lat="44.191952" lon="15.422617">
        <ele>85.775270</ele>
        <time>2026-05-29T16:57:27.000Z</time>
      </trkpt>
      <trkpt lat="44.191957" lon="15.422693">
        <ele>85.796175</ele>
        <time>2026-05-29T16:57:28.000Z</time>
      </trkpt>
      <trkpt lat="44.191964" lon="15.422767">
        <ele>85.816620</ele>
        <time>2026-05-29T16:57:29.000Z</time>
      </trkpt>
      <trkpt lat="44.191970" lon="15.422842">
        <ele>85.837291</ele>
        <time>2026-05-29T16:57:30.000Z</time>
      </trkpt>
      <trkpt lat="44.191975" lon="15.422919">
        <ele>85.858468</ele>
        <time>2026-05-29T16:57:31.000Z</time>
      </trkpt>
      <trkpt lat="44.191978" lon="15.422994">
        <ele>85.879043</ele>
        <time>2026-05-29T16:57:32.000Z</time>
      </trkpt>
      <trkpt lat="44.191986" lon="15.423071">
        <ele>85.900355</ele>
        <time>2026-05-29T16:57:33.000Z</time>
      </trkpt>
      <trkpt lat="44.191994" lon="15.423148">
        <ele>85.921666</ele>
        <time>2026-05-29T16:57:34.000Z</time>
      </trkpt>
      <trkpt lat="44.192000" lon="15.423223">
        <ele>85.942337</ele>
        <time>2026-05-29T16:57:35.000Z</time>
      </trkpt>
      <trkpt lat="44.192006" lon="15.423298">
        <ele>85.963007</ele>
        <time>2026-05-29T16:57:36.000Z</time>
      </trkpt>
      <trkpt lat="44.192014" lon="15.423373">
        <ele>85.983777</ele>
        <time>2026-05-29T16:57:37.000Z</time>
      </trkpt>
      <trkpt lat="44.192022" lon="15.423448">
        <ele>86.004546</ele>
        <time>2026-05-29T16:57:38.000Z</time>
      </trkpt>
      <trkpt lat="44.192029" lon="15.423523">
        <ele>86.025262</ele>
        <time>2026-05-29T16:57:39.000Z</time>
      </trkpt>
      <trkpt lat="44.192036" lon="15.423599">
        <ele>86.046251</ele>
        <time>2026-05-29T16:57:40.000Z</time>
      </trkpt>
      <trkpt lat="44.192045" lon="15.423675">
        <ele>86.067350</ele>
        <time>2026-05-29T16:57:41.000Z</time>
      </trkpt>
      <trkpt lat="44.192055" lon="15.423752">
        <ele>86.088784</ele>
        <time>2026-05-29T16:57:42.000Z</time>
      </trkpt>
      <trkpt lat="44.192066" lon="15.423830">
        <ele>86.110558</ele>
        <time>2026-05-29T16:57:43.000Z</time>
      </trkpt>
      <trkpt lat="44.192080" lon="15.423908">
        <ele>86.132583</ele>
        <time>2026-05-29T16:57:44.000Z</time>
      </trkpt>
      <trkpt lat="44.192093" lon="15.423986">
        <ele>86.154517</ele>
        <time>2026-05-29T16:57:45.000Z</time>
      </trkpt>
      <trkpt lat="44.192104" lon="15.424063">
        <ele>86.176023</ele>
        <time>2026-05-29T16:57:46.000Z</time>
      </trkpt>
      <trkpt lat="44.192116" lon="15.424137">
        <ele>86.196804</ele>
        <time>2026-05-29T16:57:47.000Z</time>
      </trkpt>
      <trkpt lat="44.192129" lon="15.424212">
        <ele>86.217939</ele>
        <time>2026-05-29T16:57:48.000Z</time>
      </trkpt>
      <trkpt lat="44.192142" lon="15.424288">
        <ele>86.239340</ele>
        <time>2026-05-29T16:57:49.000Z</time>
      </trkpt>
      <trkpt lat="44.192157" lon="15.424364">
        <ele>86.260931</ele>
        <time>2026-05-29T16:57:50.000Z</time>
      </trkpt>
      <trkpt lat="44.192169" lon="15.424439">
        <ele>86.281980</ele>
        <time>2026-05-29T16:57:51.000Z</time>
      </trkpt>
      <trkpt lat="44.192182" lon="15.424515">
        <ele>86.303381</ele>
        <time>2026-05-29T16:57:52.000Z</time>
      </trkpt>
      <trkpt lat="44.192195" lon="15.424590">
        <ele>86.400500</ele>
        <time>2026-05-29T16:57:53.000Z</time>
      </trkpt>
      <trkpt lat="44.192210" lon="15.424664">
        <ele>86.507022</ele>
        <time>2026-05-29T16:57:54.000Z</time>
      </trkpt>
      <trkpt lat="44.192225" lon="15.424737">
        <ele>86.612213</ele>
        <time>2026-05-29T16:57:55.000Z</time>
      </trkpt>
      <trkpt lat="44.192241" lon="15.424811">
        <ele>86.719277</ele>
        <time>2026-05-29T16:57:56.000Z</time>
      </trkpt>
      <trkpt lat="44.192257" lon="15.424885">
        <ele>86.826342</ele>
        <time>2026-05-29T16:57:57.000Z</time>
      </trkpt>
      <trkpt lat="44.192272" lon="15.424957">
        <ele>86.930201</ele>
        <time>2026-05-29T16:57:58.000Z</time>
      </trkpt>
      <trkpt lat="44.192288" lon="15.425030">
        <ele>87.035940</ele>
        <time>2026-05-29T16:57:59.000Z</time>
      </trkpt>
      <trkpt lat="44.192305" lon="15.425102">
        <ele>87.140943</ele>
        <time>2026-05-29T16:58:00.000Z</time>
      </trkpt>
      <trkpt lat="44.192321" lon="15.425173">
        <ele>87.244036</ele>
        <time>2026-05-29T16:58:01.000Z</time>
      </trkpt>
      <trkpt lat="44.192339" lon="15.425243">
        <ele>87.347047</ele>
        <time>2026-05-29T16:58:02.000Z</time>
      </trkpt>
      <trkpt lat="44.192357" lon="15.425313">
        <ele>87.450059</ele>
        <time>2026-05-29T16:58:03.000Z</time>
      </trkpt>
      <trkpt lat="44.192374" lon="15.425383">
        <ele>87.552434</ele>
        <time>2026-05-29T16:58:04.000Z</time>
      </trkpt>
      <trkpt lat="44.192392" lon="15.425450">
        <ele>87.651544</ele>
        <time>2026-05-29T16:58:05.000Z</time>
      </trkpt>
      <trkpt lat="44.192409" lon="15.425519">
        <ele>87.752608</ele>
        <time>2026-05-29T16:58:06.000Z</time>
      </trkpt>
      <trkpt lat="44.192427" lon="15.425584">
        <ele>87.849128</ele>
        <time>2026-05-29T16:58:07.000Z</time>
      </trkpt>
      <trkpt lat="44.192445" lon="15.425647">
        <ele>87.943069</ele>
        <time>2026-05-29T16:58:08.000Z</time>
      </trkpt>
      <trkpt lat="44.192463" lon="15.425709">
        <ele>88.035725</ele>
        <time>2026-05-29T16:58:09.000Z</time>
      </trkpt>
      <trkpt lat="44.192483" lon="15.425775">
        <ele>88.134978</ele>
        <time>2026-05-29T16:58:10.000Z</time>
      </trkpt>
      <trkpt lat="44.192502" lon="15.425838">
        <ele>88.229651</ele>
        <time>2026-05-29T16:58:11.000Z</time>
      </trkpt>
      <trkpt lat="44.192523" lon="15.425900">
        <ele>88.324634</ele>
        <time>2026-05-29T16:58:12.000Z</time>
      </trkpt>
      <trkpt lat="44.192546" lon="15.425964">
        <ele>88.423799</ele>
        <time>2026-05-29T16:58:13.000Z</time>
      </trkpt>
      <trkpt lat="44.192565" lon="15.426025">
        <ele>88.515924</ele>
        <time>2026-05-29T16:58:14.000Z</time>
      </trkpt>
      <trkpt lat="44.192586" lon="15.426084">
        <ele>88.607167</ele>
        <time>2026-05-29T16:58:15.000Z</time>
      </trkpt>
      <trkpt lat="44.192606" lon="15.426142">
        <ele>88.696317</ele>
        <time>2026-05-29T16:58:16.000Z</time>
      </trkpt>
      <trkpt lat="44.192626" lon="15.426197">
        <ele>88.781741</ele>
        <time>2026-05-29T16:58:17.000Z</time>
      </trkpt>
      <trkpt lat="44.192647" lon="15.426256">
        <ele>88.872983</ele>
        <time>2026-05-29T16:58:18.000Z</time>
      </trkpt>
      <trkpt lat="44.192668" lon="15.426312">
        <ele>88.960523</ele>
        <time>2026-05-29T16:58:19.000Z</time>
      </trkpt>
      <trkpt lat="44.192689" lon="15.426366">
        <ele>89.045618</ele>
        <time>2026-05-29T16:58:20.000Z</time>
      </trkpt>
      <trkpt lat="44.192711" lon="15.426421">
        <ele>89.132857</ele>
        <time>2026-05-29T16:58:21.000Z</time>
      </trkpt>
      <trkpt lat="44.192730" lon="15.426472">
        <ele>89.212469</ele>
        <time>2026-05-29T16:58:22.000Z</time>
      </trkpt>
      <trkpt lat="44.192748" lon="15.426524">
        <ele>89.292454</ele>
        <time>2026-05-29T16:58:23.000Z</time>
      </trkpt>
      <trkpt lat="44.192766" lon="15.426572">
        <ele>89.367488</ele>
        <time>2026-05-29T16:58:24.000Z</time>
      </trkpt>
      <trkpt lat="44.192785" lon="15.426620">
        <ele>89.443437</ele>
        <time>2026-05-29T16:58:25.000Z</time>
      </trkpt>
      <trkpt lat="44.192805" lon="15.426667">
        <ele>89.519143</ele>
        <time>2026-05-29T16:58:26.000Z</time>
      </trkpt>
      <trkpt lat="44.192825" lon="15.426716">
        <ele>89.597245</ele>
        <time>2026-05-29T16:58:27.000Z</time>
      </trkpt>
      <trkpt lat="44.192845" lon="15.426764">
        <ele>89.674146</ele>
        <time>2026-05-29T16:58:28.000Z</time>
      </trkpt>
      <trkpt lat="44.192866" lon="15.426811">
        <ele>89.750857</ele>
        <time>2026-05-29T16:58:29.000Z</time>
      </trkpt>
      <trkpt lat="44.192886" lon="15.426858">
        <ele>89.857196</ele>
        <time>2026-05-29T16:58:30.000Z</time>
      </trkpt>
      <trkpt lat="44.192906" lon="15.426905">
        <ele>89.983407</ele>
        <time>2026-05-29T16:58:31.000Z</time>
      </trkpt>
      <trkpt lat="44.192927" lon="15.426949">
        <ele>90.105467</ele>
        <time>2026-05-29T16:58:32.000Z</time>
      </trkpt>
      <trkpt lat="44.192946" lon="15.426994">
        <ele>90.226063</ele>
        <time>2026-05-29T16:58:33.000Z</time>
      </trkpt>
      <trkpt lat="44.192966" lon="15.427041">
        <ele>90.352275</ele>
        <time>2026-05-29T16:58:34.000Z</time>
      </trkpt>
      <trkpt lat="44.192987" lon="15.427086">
        <ele>90.476264</ele>
        <time>2026-05-29T16:58:35.000Z</time>
      </trkpt>
      <trkpt lat="44.193009" lon="15.427132">
        <ele>90.603953</ele>
        <time>2026-05-29T16:58:36.000Z</time>
      </trkpt>
      <trkpt lat="44.193027" lon="15.427180">
        <ele>90.729043</ele>
        <time>2026-05-29T16:58:37.000Z</time>
      </trkpt>
      <trkpt lat="44.193046" lon="15.427228">
        <ele>90.855658</ele>
        <time>2026-05-29T16:58:38.000Z</time>
      </trkpt>
      <trkpt lat="44.193068" lon="15.427278">
        <ele>90.991128</ele>
        <time>2026-05-29T16:58:39.000Z</time>
      </trkpt>
      <trkpt lat="44.193089" lon="15.427324">
        <ele>91.117059</ele>
        <time>2026-05-29T16:58:40.000Z</time>
      </trkpt>
      <trkpt lat="44.193110" lon="15.427369">
        <ele>91.241048</ele>
        <time>2026-05-29T16:58:41.000Z</time>
      </trkpt>
      <trkpt lat="44.193130" lon="15.427415">
        <ele>91.365279</ele>
        <time>2026-05-29T16:58:42.000Z</time>
      </trkpt>
      <trkpt lat="44.193151" lon="15.427457">
        <ele>91.483522</ele>
        <time>2026-05-29T16:58:43.000Z</time>
      </trkpt>
      <trkpt lat="44.193173" lon="15.427500">
        <ele>91.605508</ele>
        <time>2026-05-29T16:58:44.000Z</time>
      </trkpt>
      <trkpt lat="44.193194" lon="15.427545">
        <ele>91.729497</ele>
        <time>2026-05-29T16:58:45.000Z</time>
      </trkpt>
      <trkpt lat="44.193213" lon="15.427592">
        <ele>91.854095</ele>
        <time>2026-05-29T16:58:46.000Z</time>
      </trkpt>
      <trkpt lat="44.193233" lon="15.427638">
        <ele>91.978325</ele>
        <time>2026-05-29T16:58:47.000Z</time>
      </trkpt>
      <trkpt lat="44.193253" lon="15.427687">
        <ele>92.108529</ele>
        <time>2026-05-29T16:58:48.000Z</time>
      </trkpt>
      <trkpt lat="44.193272" lon="15.427733">
        <ele>92.231120</ele>
        <time>2026-05-29T16:58:49.000Z</time>
      </trkpt>
      <trkpt lat="44.193290" lon="15.427778">
        <ele>92.350114</ele>
        <time>2026-05-29T16:58:50.000Z</time>
      </trkpt>
      <trkpt lat="44.193308" lon="15.427824">
        <ele>92.471129</ele>
        <time>2026-05-29T16:58:51.000Z</time>
      </trkpt>
      <trkpt lat="44.193327" lon="15.427871">
        <ele>92.595727</ele>
        <time>2026-05-29T16:58:52.000Z</time>
      </trkpt>
      <trkpt lat="44.193345" lon="15.427918">
        <ele>92.718775</ele>
        <time>2026-05-29T16:58:53.000Z</time>
      </trkpt>
      <trkpt lat="44.193363" lon="15.427967">
        <ele>92.845914</ele>
        <time>2026-05-29T16:58:54.000Z</time>
      </trkpt>
      <trkpt lat="44.193379" lon="15.428014">
        <ele>92.966062</ele>
        <time>2026-05-29T16:58:55.000Z</time>
      </trkpt>
      <trkpt lat="44.193396" lon="15.428059">
        <ele>93.083520</ele>
        <time>2026-05-29T16:58:56.000Z</time>
      </trkpt>
      <trkpt lat="44.193416" lon="15.428105">
        <ele>93.207750</ele>
        <time>2026-05-29T16:58:57.000Z</time>
      </trkpt>
      <trkpt lat="44.193433" lon="15.428153">
        <ele>93.331379</ele>
        <time>2026-05-29T16:58:58.000Z</time>
      </trkpt>
      <trkpt lat="44.193449" lon="15.428201">
        <ele>93.453616</ele>
        <time>2026-05-29T16:58:59.000Z</time>
      </trkpt>
      <trkpt lat="44.193464" lon="15.428249">
        <ele>93.574531</ele>
        <time>2026-05-29T16:59:00.000Z</time>
      </trkpt>
      <trkpt lat="44.193478" lon="15.428298">
        <ele>93.696337</ele>
        <time>2026-05-29T16:59:01.000Z</time>
      </trkpt>
      <trkpt lat="44.193493" lon="15.428348">
        <ele>93.821499</ele>
        <time>2026-05-29T16:59:02.000Z</time>
      </trkpt>
      <trkpt lat="44.193507" lon="15.428398">
        <ele>93.945453</ele>
        <time>2026-05-29T16:59:03.000Z</time>
      </trkpt>
      <trkpt lat="44.193522" lon="15.428448">
        <ele>94.070615</ele>
        <time>2026-05-29T16:59:04.000Z</time>
      </trkpt>
      <trkpt lat="44.193539" lon="15.428498">
        <ele>94.198401</ele>
        <time>2026-05-29T16:59:05.000Z</time>
      </trkpt>
      <trkpt lat="44.193554" lon="15.428547">
        <ele>94.321436</ele>
        <time>2026-05-29T16:59:06.000Z</time>
      </trkpt>
      <trkpt lat="44.193568" lon="15.428596">
        <ele>94.443242</ele>
        <time>2026-05-29T16:59:07.000Z</time>
      </trkpt>
      <trkpt lat="44.193583" lon="15.428646">
        <ele>94.568404</ele>
        <time>2026-05-29T16:59:08.000Z</time>
      </trkpt>
      <trkpt lat="44.193596" lon="15.428695">
        <ele>94.689054</ele>
        <time>2026-05-29T16:59:09.000Z</time>
      </trkpt>
      <trkpt lat="44.193611" lon="15.428744">
        <ele>94.812089</ele>
        <time>2026-05-29T16:59:10.000Z</time>
      </trkpt>
      <trkpt lat="44.193624" lon="15.428793">
        <ele>94.932740</ele>
        <time>2026-05-29T16:59:11.000Z</time>
      </trkpt>
      <trkpt lat="44.193637" lon="15.428844">
        <ele>95.057732</ele>
        <time>2026-05-29T16:59:12.000Z</time>
      </trkpt>
      <trkpt lat="44.193650" lon="15.428895">
        <ele>95.182725</ele>
        <time>2026-05-29T16:59:13.000Z</time>
      </trkpt>
      <trkpt lat="44.193661" lon="15.428945">
        <ele>95.303500</ele>
        <time>2026-05-29T16:59:14.000Z</time>
      </trkpt>
      <trkpt lat="44.193677" lon="15.428994">
        <ele>95.427834</ele>
        <time>2026-05-29T16:59:15.000Z</time>
      </trkpt>
      <trkpt lat="44.193689" lon="15.429044">
        <ele>95.549593</ele>
        <time>2026-05-29T16:59:16.000Z</time>
      </trkpt>
      <trkpt lat="44.193700" lon="15.429094">
        <ele>95.668525</ele>
        <time>2026-05-29T16:59:17.000Z</time>
      </trkpt>
      <trkpt lat="44.193710" lon="15.429146">
        <ele>95.790482</ele>
        <time>2026-05-29T16:59:18.000Z</time>
      </trkpt>
      <trkpt lat="44.193722" lon="15.429197">
        <ele>95.912072</ele>
        <time>2026-05-29T16:59:19.000Z</time>
      </trkpt>
      <trkpt lat="44.193733" lon="15.429248">
        <ele>96.032714</ele>
        <time>2026-05-29T16:59:20.000Z</time>
      </trkpt>
      <trkpt lat="44.193745" lon="15.429302">
        <ele>96.160779</ele>
        <time>2026-05-29T16:59:21.000Z</time>
      </trkpt>
      <trkpt lat="44.193756" lon="15.429354">
        <ele>96.283592</ele>
        <time>2026-05-29T16:59:22.000Z</time>
      </trkpt>
      <trkpt lat="44.193766" lon="15.429404">
        <ele>96.401178</ele>
        <time>2026-05-29T16:59:23.000Z</time>
      </trkpt>
      <trkpt lat="44.193779" lon="15.429456">
        <ele>96.525927</ele>
        <time>2026-05-29T16:59:24.000Z</time>
      </trkpt>
      <trkpt lat="44.193790" lon="15.429509">
        <ele>96.650914</ele>
        <time>2026-05-29T16:59:25.000Z</time>
      </trkpt>
      <trkpt lat="44.193800" lon="15.429563">
        <ele>96.777252</ele>
        <time>2026-05-29T16:59:26.000Z</time>
      </trkpt>
      <trkpt lat="44.193811" lon="15.429617">
        <ele>96.904417</ele>
        <time>2026-05-29T16:59:27.000Z</time>
      </trkpt>
      <trkpt lat="44.193822" lon="15.429671">
        <ele>97.031581</ele>
        <time>2026-05-29T16:59:28.000Z</time>
      </trkpt>
      <trkpt lat="44.193832" lon="15.429725">
        <ele>97.157919</ele>
        <time>2026-05-29T16:59:29.000Z</time>
      </trkpt>
      <trkpt lat="44.193842" lon="15.429779">
        <ele>97.284257</ele>
        <time>2026-05-29T16:59:30.000Z</time>
      </trkpt>
      <trkpt lat="44.193853" lon="15.429832">
        <ele>97.409244</ele>
        <time>2026-05-29T16:59:31.000Z</time>
      </trkpt>
      <trkpt lat="44.193863" lon="15.429884">
        <ele>97.531201</ele>
        <time>2026-05-29T16:59:32.000Z</time>
      </trkpt>
      <trkpt lat="44.193872" lon="15.429938">
        <ele>97.656785</ele>
        <time>2026-05-29T16:59:33.000Z</time>
      </trkpt>
      <trkpt lat="44.193883" lon="15.429989">
        <ele>97.777427</ele>
        <time>2026-05-29T16:59:34.000Z</time>
      </trkpt>
      <trkpt lat="44.193893" lon="15.430041">
        <ele>97.899384</ele>
        <time>2026-05-29T16:59:35.000Z</time>
      </trkpt>
      <trkpt lat="44.193901" lon="15.430093">
        <ele>98.019858</ele>
        <time>2026-05-29T16:59:36.000Z</time>
      </trkpt>
      <trkpt lat="44.193910" lon="15.430145">
        <ele>98.141034</ele>
        <time>2026-05-29T16:59:37.000Z</time>
      </trkpt>
      <trkpt lat="44.193922" lon="15.430196">
        <ele>98.262624</ele>
        <time>2026-05-29T16:59:38.000Z</time>
      </trkpt>
      <trkpt lat="44.193933" lon="15.430248">
        <ele>98.385436</ele>
        <time>2026-05-29T16:59:39.000Z</time>
      </trkpt>
      <trkpt lat="44.193943" lon="15.430302">
        <ele>98.511774</ele>
        <time>2026-05-29T16:59:40.000Z</time>
      </trkpt>
      <trkpt lat="44.193951" lon="15.430355">
        <ele>98.634464</ele>
        <time>2026-05-29T16:59:41.000Z</time>
      </trkpt>
      <trkpt lat="44.193958" lon="15.430406">
        <ele>98.752089</ele>
        <time>2026-05-29T16:59:42.000Z</time>
      </trkpt>
      <trkpt lat="44.193966" lon="15.430455">
        <ele>98.865928</ele>
        <time>2026-05-29T16:59:43.000Z</time>
      </trkpt>
      <trkpt lat="44.193978" lon="15.430506">
        <ele>98.987517</ele>
        <time>2026-05-29T16:59:44.000Z</time>
      </trkpt>
      <trkpt lat="44.193988" lon="15.430557">
        <ele>99.107287</ele>
        <time>2026-05-29T16:59:45.000Z</time>
      </trkpt>
      <trkpt lat="44.193998" lon="15.430609">
        <ele>99.229243</ele>
        <time>2026-05-29T16:59:46.000Z</time>
      </trkpt>
      <trkpt lat="44.194007" lon="15.430661">
        <ele>99.350419</ele>
        <time>2026-05-29T16:59:47.000Z</time>
      </trkpt>
      <trkpt lat="44.194016" lon="15.430711">
        <ele>99.467196</ele>
        <time>2026-05-29T16:59:48.000Z</time>
      </trkpt>
      <trkpt lat="44.194025" lon="15.430761">
        <ele>99.583973</ele>
        <time>2026-05-29T16:59:49.000Z</time>
      </trkpt>
      <trkpt lat="44.194035" lon="15.430809">
        <ele>99.697202</ele>
        <time>2026-05-29T16:59:50.000Z</time>
      </trkpt>
      <trkpt lat="44.194046" lon="15.430858">
        <ele>99.813512</ele>
        <time>2026-05-29T16:59:51.000Z</time>
      </trkpt>
      <trkpt lat="44.194057" lon="15.430907">
        <ele>99.929823</ele>
        <time>2026-05-29T16:59:52.000Z</time>
      </trkpt>
      <trkpt lat="44.194067" lon="15.430956">
        <ele>100.045228</ele>
        <time>2026-05-29T16:59:53.000Z</time>
      </trkpt>
      <trkpt lat="44.194075" lon="15.431006">
        <ele>100.161276</ele>
        <time>2026-05-29T16:59:54.000Z</time>
      </trkpt>
      <trkpt lat="44.194086" lon="15.431053">
        <ele>100.273271</ele>
        <time>2026-05-29T16:59:55.000Z</time>
      </trkpt>
      <trkpt lat="44.194098" lon="15.431103">
        <ele>100.392710</ele>
        <time>2026-05-29T16:59:56.000Z</time>
      </trkpt>
      <trkpt lat="44.194109" lon="15.431151">
        <ele>100.506861</ele>
        <time>2026-05-29T16:59:57.000Z</time>
      </trkpt>
      <trkpt lat="44.194119" lon="15.431199">
        <ele>100.620090</ele>
        <time>2026-05-29T16:59:58.000Z</time>
      </trkpt>
      <trkpt lat="44.194130" lon="15.431247">
        <ele>100.734240</ele>
        <time>2026-05-29T16:59:59.000Z</time>
      </trkpt>
      <trkpt lat="44.194141" lon="15.431295">
        <ele>100.848391</ele>
        <time>2026-05-29T17:00:00.000Z</time>
      </trkpt>
      <trkpt lat="44.194150" lon="15.431344">
        <ele>100.962972</ele>
        <time>2026-05-29T17:00:01.000Z</time>
      </trkpt>
      <trkpt lat="44.194162" lon="15.431391">
        <ele>101.075987</ele>
        <time>2026-05-29T17:00:02.000Z</time>
      </trkpt>
      <trkpt lat="44.194175" lon="15.431438">
        <ele>101.190101</ele>
        <time>2026-05-29T17:00:03.000Z</time>
      </trkpt>
      <trkpt lat="44.194189" lon="15.431484">
        <ele>101.295108</ele>
        <time>2026-05-29T17:00:04.000Z</time>
      </trkpt>
      <trkpt lat="44.194202" lon="15.431531">
        <ele>101.389343</ele>
        <time>2026-05-29T17:00:05.000Z</time>
      </trkpt>
      <trkpt lat="44.194216" lon="15.431580">
        <ele>101.488013</ele>
        <time>2026-05-29T17:00:06.000Z</time>
      </trkpt>
      <trkpt lat="44.194233" lon="15.431638">
        <ele>101.605225</ele>
        <time>2026-05-29T17:00:07.000Z</time>
      </trkpt>
      <trkpt lat="44.194245" lon="15.431676">
        <ele>101.682898</ele>
        <time>2026-05-29T17:00:08.000Z</time>
      </trkpt>
      <trkpt lat="44.194259" lon="15.431724">
        <ele>101.779832</ele>
        <time>2026-05-29T17:00:09.000Z</time>
      </trkpt>
      <trkpt lat="44.194275" lon="15.431772">
        <ele>101.878851</ele>
        <time>2026-05-29T17:00:10.000Z</time>
      </trkpt>
      <trkpt lat="44.194290" lon="15.431821">
        <ele>101.978517</ele>
        <time>2026-05-29T17:00:11.000Z</time>
      </trkpt>
      <trkpt lat="44.194304" lon="15.431870">
        <ele>102.077187</ele>
        <time>2026-05-29T17:00:12.000Z</time>
      </trkpt>
      <trkpt lat="44.194320" lon="15.431918">
        <ele>102.176206</ele>
        <time>2026-05-29T17:00:13.000Z</time>
      </trkpt>
      <trkpt lat="44.194336" lon="15.431964">
        <ele>102.271845</ele>
        <time>2026-05-29T17:00:14.000Z</time>
      </trkpt>
      <trkpt lat="44.194352" lon="15.432010">
        <ele>102.367485</ele>
        <time>2026-05-29T17:00:15.000Z</time>
      </trkpt>
      <trkpt lat="44.194369" lon="15.432053">
        <ele>102.459339</ele>
        <time>2026-05-29T17:00:16.000Z</time>
      </trkpt>
      <trkpt lat="44.194386" lon="15.432097">
        <ele>102.552836</ele>
        <time>2026-05-29T17:00:17.000Z</time>
      </trkpt>
      <trkpt lat="44.194403" lon="15.432144">
        <ele>102.651309</ele>
        <time>2026-05-29T17:00:18.000Z</time>
      </trkpt>
      <trkpt lat="44.194420" lon="15.432188">
        <ele>102.744806</ele>
        <time>2026-05-29T17:00:19.000Z</time>
      </trkpt>
      <trkpt lat="44.194436" lon="15.432235">
        <ele>102.842132</ele>
        <time>2026-05-29T17:00:20.000Z</time>
      </trkpt>
      <trkpt lat="44.194452" lon="15.432281">
        <ele>102.937771</ele>
        <time>2026-05-29T17:00:21.000Z</time>
      </trkpt>
      <trkpt lat="44.194467" lon="15.432326">
        <ele>103.030601</ele>
        <time>2026-05-29T17:00:22.000Z</time>
      </trkpt>
      <trkpt lat="44.194485" lon="15.432374">
        <ele>103.131930</ele>
        <time>2026-05-29T17:00:23.000Z</time>
      </trkpt>
      <trkpt lat="44.194502" lon="15.432419">
        <ele>103.227078</ele>
        <time>2026-05-29T17:00:24.000Z</time>
      </trkpt>
      <trkpt lat="44.194521" lon="15.432465">
        <ele>103.326383</ele>
        <time>2026-05-29T17:00:25.000Z</time>
      </trkpt>
      <trkpt lat="44.194539" lon="15.432510">
        <ele>103.422775</ele>
        <time>2026-05-29T17:00:26.000Z</time>
      </trkpt>
      <trkpt lat="44.194556" lon="15.432555">
        <ele>103.517922</ele>
        <time>2026-05-29T17:00:27.000Z</time>
      </trkpt>
      <trkpt lat="44.194572" lon="15.432602">
        <ele>103.615248</ele>
        <time>2026-05-29T17:00:28.000Z</time>
      </trkpt>
      <trkpt lat="44.194589" lon="15.432649">
        <ele>103.713721</ele>
        <time>2026-05-29T17:00:29.000Z</time>
      </trkpt>
      <trkpt lat="44.194607" lon="15.432697">
        <ele>103.815050</ele>
        <time>2026-05-29T17:00:30.000Z</time>
      </trkpt>
      <trkpt lat="44.194625" lon="15.432746">
        <ele>103.918040</ele>
        <time>2026-05-29T17:00:31.000Z</time>
      </trkpt>
      <trkpt lat="44.194644" lon="15.432803">
        <ele>104.035624</ele>
        <time>2026-05-29T17:00:32.000Z</time>
      </trkpt>
      <trkpt lat="44.194656" lon="15.432841">
        <ele>104.113297</ele>
        <time>2026-05-29T17:00:33.000Z</time>
      </trkpt>
      <trkpt lat="44.194673" lon="15.432888">
        <ele>104.211769</ele>
        <time>2026-05-29T17:00:34.000Z</time>
      </trkpt>
      <trkpt lat="44.194690" lon="15.432936">
        <ele>104.311916</ele>
        <time>2026-05-29T17:00:35.000Z</time>
      </trkpt>
      <trkpt lat="44.194706" lon="15.432986">
        <ele>104.414339</ele>
        <time>2026-05-29T17:00:36.000Z</time>
      </trkpt>
      <trkpt lat="44.194722" lon="15.433037">
        <ele>104.518473</ele>
        <time>2026-05-29T17:00:37.000Z</time>
      </trkpt>
      <trkpt lat="44.194739" lon="15.433087">
        <ele>104.621987</ele>
        <time>2026-05-29T17:00:38.000Z</time>
      </trkpt>
      <trkpt lat="44.194755" lon="15.433135">
        <ele>104.721005</ele>
        <time>2026-05-29T17:00:39.000Z</time>
      </trkpt>
      <trkpt lat="44.194771" lon="15.433183">
        <ele>104.820023</ele>
        <time>2026-05-29T17:00:40.000Z</time>
      </trkpt>
      <trkpt lat="44.194786" lon="15.433233">
        <ele>104.921411</ele>
        <time>2026-05-29T17:00:41.000Z</time>
      </trkpt>
      <trkpt lat="44.194799" lon="15.433283">
        <ele>105.020901</ele>
        <time>2026-05-29T17:00:42.000Z</time>
      </trkpt>
      <trkpt lat="44.194814" lon="15.433332">
        <ele>105.120566</ele>
        <time>2026-05-29T17:00:43.000Z</time>
      </trkpt>
      <trkpt lat="44.194828" lon="15.433381">
        <ele>105.219235</ele>
        <time>2026-05-29T17:00:44.000Z</time>
      </trkpt>
      <trkpt lat="44.194842" lon="15.433430">
        <ele>105.317904</ele>
        <time>2026-05-29T17:00:45.000Z</time>
      </trkpt>
      <trkpt lat="44.194854" lon="15.433481">
        <ele>105.418310</ele>
        <time>2026-05-29T17:00:46.000Z</time>
      </trkpt>
      <trkpt lat="44.194866" lon="15.433532">
        <ele>105.518717</ele>
        <time>2026-05-29T17:00:47.000Z</time>
      </trkpt>
      <trkpt lat="44.194878" lon="15.433585">
        <ele>105.622685</ele>
        <time>2026-05-29T17:00:48.000Z</time>
      </trkpt>
      <trkpt lat="44.194891" lon="15.433639">
        <ele>105.729239</ele>
        <time>2026-05-29T17:00:49.000Z</time>
      </trkpt>
      <trkpt lat="44.194906" lon="15.433692">
        <ele>105.835826</ele>
        <time>2026-05-29T17:00:50.000Z</time>
      </trkpt>
      <trkpt lat="44.194921" lon="15.433747">
        <ele>105.945900</ele>
        <time>2026-05-29T17:00:51.000Z</time>
      </trkpt>
      <trkpt lat="44.194936" lon="15.433805">
        <ele>105.951779</ele>
        <time>2026-05-29T17:00:52.000Z</time>
      </trkpt>
      <trkpt lat="44.194950" lon="15.433862">
        <ele>105.954598</ele>
        <time>2026-05-29T17:00:53.000Z</time>
      </trkpt>
      <trkpt lat="44.194961" lon="15.433921">
        <ele>105.957450</ele>
        <time>2026-05-29T17:00:54.000Z</time>
      </trkpt>
      <trkpt lat="44.194975" lon="15.433979">
        <ele>105.960313</ele>
        <time>2026-05-29T17:00:55.000Z</time>
      </trkpt>
      <trkpt lat="44.194989" lon="15.434037">
        <ele>105.963176</ele>
        <time>2026-05-29T17:00:56.000Z</time>
      </trkpt>
      <trkpt lat="44.195002" lon="15.434095">
        <ele>105.966019</ele>
        <time>2026-05-29T17:00:57.000Z</time>
      </trkpt>
      <trkpt lat="44.195015" lon="15.434154">
        <ele>105.968906</ele>
        <time>2026-05-29T17:00:58.000Z</time>
      </trkpt>
      <trkpt lat="44.195026" lon="15.434215">
        <ele>105.971849</ele>
        <time>2026-05-29T17:00:59.000Z</time>
      </trkpt>
      <trkpt lat="44.195037" lon="15.434276">
        <ele>105.974792</ele>
        <time>2026-05-29T17:01:00.000Z</time>
      </trkpt>
      <trkpt lat="44.195047" lon="15.434336">
        <ele>105.977673</ele>
        <time>2026-05-29T17:01:01.000Z</time>
      </trkpt>
      <trkpt lat="44.195060" lon="15.434398">
        <ele>105.980695</ele>
        <time>2026-05-29T17:01:02.000Z</time>
      </trkpt>
      <trkpt lat="44.195073" lon="15.434462">
        <ele>105.983807</ele>
        <time>2026-05-29T17:01:03.000Z</time>
      </trkpt>
      <trkpt lat="44.195085" lon="15.434526">
        <ele>105.986902</ele>
        <time>2026-05-29T17:01:04.000Z</time>
      </trkpt>
      <trkpt lat="44.195097" lon="15.434591">
        <ele>105.990042</ele>
        <time>2026-05-29T17:01:05.000Z</time>
      </trkpt>
      <trkpt lat="44.195107" lon="15.434657">
        <ele>105.993198</ele>
        <time>2026-05-29T17:01:06.000Z</time>
      </trkpt>
      <trkpt lat="44.195119" lon="15.434720">
        <ele>105.996247</ele>
        <time>2026-05-29T17:01:07.000Z</time>
      </trkpt>
      <trkpt lat="44.195130" lon="15.434785">
        <ele>105.999372</ele>
        <time>2026-05-29T17:01:08.000Z</time>
      </trkpt>
      <trkpt lat="44.195139" lon="15.434852">
        <ele>106.002561</ele>
        <time>2026-05-29T17:01:09.000Z</time>
      </trkpt>
      <trkpt lat="44.195148" lon="15.434921">
        <ele>106.005842</ele>
        <time>2026-05-29T17:01:10.000Z</time>
      </trkpt>
      <trkpt lat="44.195158" lon="15.434990">
        <ele>106.009135</ele>
        <time>2026-05-29T17:01:11.000Z</time>
      </trkpt>
      <trkpt lat="44.195167" lon="15.435061">
        <ele>106.012508</ele>
        <time>2026-05-29T17:01:12.000Z</time>
      </trkpt>
      <trkpt lat="44.195176" lon="15.435131">
        <ele>106.015835</ele>
        <time>2026-05-29T17:01:13.000Z</time>
      </trkpt>
      <trkpt lat="44.195187" lon="15.435205">
        <ele>106.019370</ele>
        <time>2026-05-29T17:01:14.000Z</time>
      </trkpt>
      <trkpt lat="44.195199" lon="15.435277">
        <ele>106.022828</ele>
        <time>2026-05-29T17:01:15.000Z</time>
      </trkpt>
      <trkpt lat="44.195210" lon="15.435351">
        <ele>106.026364</ele>
        <time>2026-05-29T17:01:16.000Z</time>
      </trkpt>
      <trkpt lat="44.195220" lon="15.435427">
        <ele>106.029979</ele>
        <time>2026-05-29T17:01:17.000Z</time>
      </trkpt>
      <trkpt lat="44.195230" lon="15.435504">
        <ele>106.033640</ele>
        <time>2026-05-29T17:01:18.000Z</time>
      </trkpt>
      <trkpt lat="44.195240" lon="15.435582">
        <ele>106.037346</ele>
        <time>2026-05-29T17:01:19.000Z</time>
      </trkpt>
      <trkpt lat="44.195254" lon="15.435662">
        <ele>106.041199</ele>
        <time>2026-05-29T17:01:20.000Z</time>
      </trkpt>
      <trkpt lat="44.195268" lon="15.435744">
        <ele>106.045142</ele>
        <time>2026-05-29T17:01:21.000Z</time>
      </trkpt>
      <trkpt lat="44.195281" lon="15.435825">
        <ele>106.049025</ele>
        <time>2026-05-29T17:01:22.000Z</time>
      </trkpt>
      <trkpt lat="44.195296" lon="15.435908">
        <ele>106.053030</ele>
        <time>2026-05-29T17:01:23.000Z</time>
      </trkpt>
      <trkpt lat="44.195311" lon="15.435991">
        <ele>106.057034</ele>
        <time>2026-05-29T17:01:24.000Z</time>
      </trkpt>
      <trkpt lat="44.195327" lon="15.436075">
        <ele>106.061100</ele>
        <time>2026-05-29T17:01:25.000Z</time>
      </trkpt>
      <trkpt lat="44.195352" lon="15.436178">
        <ele>106.066187</ele>
        <time>2026-05-29T17:01:26.000Z</time>
      </trkpt>
      <trkpt lat="44.195370" lon="15.436250">
        <ele>105.985412</ele>
        <time>2026-05-29T17:01:27.000Z</time>
      </trkpt>
      <trkpt lat="44.195396" lon="15.436338">
        <ele>105.880116</ele>
        <time>2026-05-29T17:01:28.000Z</time>
      </trkpt>
      <trkpt lat="44.195420" lon="15.436427">
        <ele>105.774923</ele>
        <time>2026-05-29T17:01:29.000Z</time>
      </trkpt>
      <trkpt lat="44.195444" lon="15.436516">
        <ele>105.669729</ele>
        <time>2026-05-29T17:01:30.000Z</time>
      </trkpt>
      <trkpt lat="44.195469" lon="15.436605">
        <ele>105.563982</ele>
        <time>2026-05-29T17:01:31.000Z</time>
      </trkpt>
      <trkpt lat="44.195496" lon="15.436694">
        <ele>105.457071</ele>
        <time>2026-05-29T17:01:32.000Z</time>
      </trkpt>
      <trkpt lat="44.195526" lon="15.436785">
        <ele>105.346267</ele>
        <time>2026-05-29T17:01:33.000Z</time>
      </trkpt>
      <trkpt lat="44.195558" lon="15.436875">
        <ele>105.235130</ele>
        <time>2026-05-29T17:01:34.000Z</time>
      </trkpt>
      <trkpt lat="44.195591" lon="15.436966">
        <ele>105.122313</ele>
        <time>2026-05-29T17:01:35.000Z</time>
      </trkpt>
      <trkpt lat="44.195624" lon="15.437056">
        <ele>105.010483</ele>
        <time>2026-05-29T17:01:36.000Z</time>
      </trkpt>
      <trkpt lat="44.195660" lon="15.437147">
        <ele>104.895502</ele>
        <time>2026-05-29T17:01:37.000Z</time>
      </trkpt>
      <trkpt lat="44.195698" lon="15.437240">
        <ele>104.777083</ele>
        <time>2026-05-29T17:01:38.000Z</time>
      </trkpt>
      <trkpt lat="44.195736" lon="15.437328">
        <ele>104.663436</ele>
        <time>2026-05-29T17:01:39.000Z</time>
      </trkpt>
      <trkpt lat="44.195774" lon="15.437414">
        <ele>104.551679</ele>
        <time>2026-05-29T17:01:40.000Z</time>
      </trkpt>
      <trkpt lat="44.195815" lon="15.437498">
        <ele>104.439261</ele>
        <time>2026-05-29T17:01:41.000Z</time>
      </trkpt>
      <trkpt lat="44.195858" lon="15.437583">
        <ele>104.324176</ele>
        <time>2026-05-29T17:01:42.000Z</time>
      </trkpt>
      <trkpt lat="44.195903" lon="15.437665">
        <ele>104.209937</ele>
        <time>2026-05-29T17:01:43.000Z</time>
      </trkpt>
      <trkpt lat="44.195949" lon="15.437747">
        <ele>104.094754</ele>
        <time>2026-05-29T17:01:44.000Z</time>
      </trkpt>
      <trkpt lat="44.195998" lon="15.437830">
        <ele>103.975810</ele>
        <time>2026-05-29T17:01:45.000Z</time>
      </trkpt>
      <trkpt lat="44.196049" lon="15.437911">
        <ele>103.856553</ele>
        <time>2026-05-29T17:01:46.000Z</time>
      </trkpt>
      <trkpt lat="44.196099" lon="15.437990">
        <ele>103.739975</ele>
        <time>2026-05-29T17:01:47.000Z</time>
      </trkpt>
      <trkpt lat="44.196150" lon="15.438070">
        <ele>103.621547</ele>
        <time>2026-05-29T17:01:48.000Z</time>
      </trkpt>
      <trkpt lat="44.196203" lon="15.438148">
        <ele>103.502662</ele>
        <time>2026-05-29T17:01:49.000Z</time>
      </trkpt>
      <trkpt lat="44.196257" lon="15.438225">
        <ele>103.383503</ele>
        <time>2026-05-29T17:01:50.000Z</time>
      </trkpt>
      <trkpt lat="44.196313" lon="15.438302">
        <ele>103.255295</ele>
        <time>2026-05-29T17:01:51.000Z</time>
      </trkpt>
      <trkpt lat="44.196371" lon="15.438375">
        <ele>103.106027</ele>
        <time>2026-05-29T17:01:52.000Z</time>
      </trkpt>
      <trkpt lat="44.196430" lon="15.438445">
        <ele>102.958031</ele>
        <time>2026-05-29T17:01:53.000Z</time>
      </trkpt>
      <trkpt lat="44.196490" lon="15.438512">
        <ele>102.811176</ele>
        <time>2026-05-29T17:01:54.000Z</time>
      </trkpt>
      <trkpt lat="44.196552" lon="15.438581">
        <ele>102.659627</ele>
        <time>2026-05-29T17:01:55.000Z</time>
      </trkpt>
      <trkpt lat="44.196614" lon="15.438646">
        <ele>102.511433</ele>
        <time>2026-05-29T17:01:56.000Z</time>
      </trkpt>
      <trkpt lat="44.196678" lon="15.438711">
        <ele>102.360167</ele>
        <time>2026-05-29T17:01:57.000Z</time>
      </trkpt>
      <trkpt lat="44.196743" lon="15.438775">
        <ele>102.208146</ele>
        <time>2026-05-29T17:01:58.000Z</time>
      </trkpt>
      <trkpt lat="44.196808" lon="15.438836">
        <ele>102.058458</ele>
        <time>2026-05-29T17:01:59.000Z</time>
      </trkpt>
      <trkpt lat="44.196874" lon="15.438895">
        <ele>101.908677</ele>
        <time>2026-05-29T17:02:00.000Z</time>
      </trkpt>
      <trkpt lat="44.196943" lon="15.438950">
        <ele>101.756831</ele>
        <time>2026-05-29T17:02:01.000Z</time>
      </trkpt>
      <trkpt lat="44.197014" lon="15.439005">
        <ele>101.601656</ele>
        <time>2026-05-29T17:02:02.000Z</time>
      </trkpt>
      <trkpt lat="44.197085" lon="15.439058">
        <ele>101.447792</ele>
        <time>2026-05-29T17:02:03.000Z</time>
      </trkpt>
      <trkpt lat="44.197157" lon="15.439108">
        <ele>101.294116</ele>
        <time>2026-05-29T17:02:04.000Z</time>
      </trkpt>
      <trkpt lat="44.197230" lon="15.439157">
        <ele>101.139326</ele>
        <time>2026-05-29T17:02:05.000Z</time>
      </trkpt>
      <trkpt lat="44.197305" lon="15.439203">
        <ele>100.982784</ele>
        <time>2026-05-29T17:02:06.000Z</time>
      </trkpt>
      <trkpt lat="44.197381" lon="15.439247">
        <ele>100.825561</ele>
        <time>2026-05-29T17:02:07.000Z</time>
      </trkpt>
      <trkpt lat="44.197460" lon="15.439289">
        <ele>100.664025</ele>
        <time>2026-05-29T17:02:08.000Z</time>
      </trkpt>
      <trkpt lat="44.197539" lon="15.439329">
        <ele>100.503444</ele>
        <time>2026-05-29T17:02:09.000Z</time>
      </trkpt>
      <trkpt lat="44.197618" lon="15.439367">
        <ele>100.343777</ele>
        <time>2026-05-29T17:02:10.000Z</time>
      </trkpt>
      <trkpt lat="44.197696" lon="15.439406">
        <ele>100.185459</ele>
        <time>2026-05-29T17:02:11.000Z</time>
      </trkpt>
      <trkpt lat="44.197777" lon="15.439440">
        <ele>100.023839</ele>
        <time>2026-05-29T17:02:12.000Z</time>
      </trkpt>
      <trkpt lat="44.197860" lon="15.439471">
        <ele>99.859666</ele>
        <time>2026-05-29T17:02:13.000Z</time>
      </trkpt>
      <trkpt lat="44.197944" lon="15.439499">
        <ele>99.676697</ele>
        <time>2026-05-29T17:02:14.000Z</time>
      </trkpt>
      <trkpt lat="44.198029" lon="15.439527">
        <ele>99.491066</ele>
        <time>2026-05-29T17:02:15.000Z</time>
      </trkpt>
      <trkpt lat="44.198114" lon="15.439551">
        <ele>99.306742</ele>
        <time>2026-05-29T17:02:16.000Z</time>
      </trkpt>
      <trkpt lat="44.198199" lon="15.439573">
        <ele>99.122997</ele>
        <time>2026-05-29T17:02:17.000Z</time>
      </trkpt>
      <trkpt lat="44.198281" lon="15.439595">
        <ele>98.945518</ele>
        <time>2026-05-29T17:02:18.000Z</time>
      </trkpt>
      <trkpt lat="44.198366" lon="15.439611">
        <ele>98.763220</ele>
        <time>2026-05-29T17:02:19.000Z</time>
      </trkpt>
      <trkpt lat="44.198450" lon="15.439626">
        <ele>98.583228</ele>
        <time>2026-05-29T17:02:20.000Z</time>
      </trkpt>
      <trkpt lat="44.198535" lon="15.439636">
        <ele>98.401926</ele>
        <time>2026-05-29T17:02:21.000Z</time>
      </trkpt>
      <trkpt lat="44.198620" lon="15.439648">
        <ele>98.220343</ele>
        <time>2026-05-29T17:02:22.000Z</time>
      </trkpt>
      <trkpt lat="44.198705" lon="15.439659">
        <ele>98.038906</ele>
        <time>2026-05-29T17:02:23.000Z</time>
      </trkpt>
      <trkpt lat="44.198790" lon="15.439669">
        <ele>97.857604</ele>
        <time>2026-05-29T17:02:24.000Z</time>
      </trkpt>
      <trkpt lat="44.198875" lon="15.439677">
        <ele>97.676533</ele>
        <time>2026-05-29T17:02:25.000Z</time>
      </trkpt>
      <trkpt lat="44.198959" lon="15.439685">
        <ele>97.497583</ele>
        <time>2026-05-29T17:02:26.000Z</time>
      </trkpt>
      <trkpt lat="44.199041" lon="15.439692">
        <ele>97.322972</ele>
        <time>2026-05-29T17:02:27.000Z</time>
      </trkpt>
      <trkpt lat="44.199124" lon="15.439703">
        <ele>97.145768</ele>
        <time>2026-05-29T17:02:28.000Z</time>
      </trkpt>
      <trkpt lat="44.199207" lon="15.439715">
        <ele>96.968413</ele>
        <time>2026-05-29T17:02:29.000Z</time>
      </trkpt>
      <trkpt lat="44.199292" lon="15.439725">
        <ele>96.787112</ele>
        <time>2026-05-29T17:02:30.000Z</time>
      </trkpt>
      <trkpt lat="44.199376" lon="15.439736">
        <ele>96.607792</ele>
        <time>2026-05-29T17:02:31.000Z</time>
      </trkpt>
      <trkpt lat="44.199461" lon="15.439752">
        <ele>96.425493</ele>
        <time>2026-05-29T17:02:32.000Z</time>
      </trkpt>
      <trkpt lat="44.199545" lon="15.439770">
        <ele>96.244864</ele>
        <time>2026-05-29T17:02:33.000Z</time>
      </trkpt>
      <trkpt lat="44.199630" lon="15.439791">
        <ele>96.061392</ele>
        <time>2026-05-29T17:02:34.000Z</time>
      </trkpt>
      <trkpt lat="44.199714" lon="15.439815">
        <ele>95.973150</ele>
        <time>2026-05-29T17:02:35.000Z</time>
      </trkpt>
      <trkpt lat="44.199799" lon="15.439844">
        <ele>95.901903</ele>
        <time>2026-05-29T17:02:36.000Z</time>
      </trkpt>
      <trkpt lat="44.199882" lon="15.439876">
        <ele>95.831790</ele>
        <time>2026-05-29T17:02:37.000Z</time>
      </trkpt>
      <trkpt lat="44.199964" lon="15.439912">
        <ele>95.761797</ele>
        <time>2026-05-29T17:02:38.000Z</time>
      </trkpt>
      <trkpt lat="44.200044" lon="15.439950">
        <ele>95.692988</ele>
        <time>2026-05-29T17:02:39.000Z</time>
      </trkpt>
      <trkpt lat="44.200125" lon="15.439991">
        <ele>95.622830</ele>
        <time>2026-05-29T17:02:40.000Z</time>
      </trkpt>
      <trkpt lat="44.200202" lon="15.440035">
        <ele>95.555079</ele>
        <time>2026-05-29T17:02:41.000Z</time>
      </trkpt>
      <trkpt lat="44.200278" lon="15.440084">
        <ele>95.486910</ele>
        <time>2026-05-29T17:02:42.000Z</time>
      </trkpt>
      <trkpt lat="44.200351" lon="15.440136">
        <ele>95.420171</ele>
        <time>2026-05-29T17:02:43.000Z</time>
      </trkpt>
      <trkpt lat="44.200423" lon="15.440190">
        <ele>95.353612</ele>
        <time>2026-05-29T17:02:44.000Z</time>
      </trkpt>
      <trkpt lat="44.200492" lon="15.440245">
        <ele>95.288906</ele>
        <time>2026-05-29T17:02:45.000Z</time>
      </trkpt>
      <trkpt lat="44.200561" lon="15.440302">
        <ele>95.223614</ele>
        <time>2026-05-29T17:02:46.000Z</time>
      </trkpt>
      <trkpt lat="44.200626" lon="15.440361">
        <ele>95.160472</ele>
        <time>2026-05-29T17:02:47.000Z</time>
      </trkpt>
      <trkpt lat="44.200689" lon="15.440421">
        <ele>95.098362</ele>
        <time>2026-05-29T17:02:48.000Z</time>
      </trkpt>
      <trkpt lat="44.200747" lon="15.440484">
        <ele>95.038509</ele>
        <time>2026-05-29T17:02:49.000Z</time>
      </trkpt>
      <trkpt lat="44.200803" lon="15.440546">
        <ele>94.980297</ele>
        <time>2026-05-29T17:02:50.000Z</time>
      </trkpt>
      <trkpt lat="44.200857" lon="15.440611">
        <ele>94.922223</ele>
        <time>2026-05-29T17:02:51.000Z</time>
      </trkpt>
      <trkpt lat="44.200907" lon="15.440677">
        <ele>94.866175</ele>
        <time>2026-05-29T17:02:52.000Z</time>
      </trkpt>
      <trkpt lat="44.200955" lon="15.440742">
        <ele>94.811706</ele>
        <time>2026-05-29T17:02:53.000Z</time>
      </trkpt>
      <trkpt lat="44.201002" lon="15.440808">
        <ele>94.757406</ele>
        <time>2026-05-29T17:02:54.000Z</time>
      </trkpt>
      <trkpt lat="44.201046" lon="15.440871">
        <ele>94.706067</ele>
        <time>2026-05-29T17:02:55.000Z</time>
      </trkpt>
      <trkpt lat="44.201088" lon="15.440938">
        <ele>94.654117</ele>
        <time>2026-05-29T17:02:56.000Z</time>
      </trkpt>
      <trkpt lat="44.201128" lon="15.441002">
        <ele>94.604556</ele>
        <time>2026-05-29T17:02:57.000Z</time>
      </trkpt>
      <trkpt lat="44.201166" lon="15.441069">
        <ele>94.584386</ele>
        <time>2026-05-29T17:02:58.000Z</time>
      </trkpt>
      <trkpt lat="44.201203" lon="15.441133">
        <ele>94.651579</ele>
        <time>2026-05-29T17:02:59.000Z</time>
      </trkpt>
      <trkpt lat="44.201236" lon="15.441194">
        <ele>94.714034</ele>
        <time>2026-05-29T17:03:00.000Z</time>
      </trkpt>
      <trkpt lat="44.201269" lon="15.441255">
        <ele>94.776489</ele>
        <time>2026-05-29T17:03:01.000Z</time>
      </trkpt>
      <trkpt lat="44.201299" lon="15.441314">
        <ele>94.835605</ele>
        <time>2026-05-29T17:03:02.000Z</time>
      </trkpt>
      <trkpt lat="44.201328" lon="15.441375">
        <ele>94.895424</ele>
        <time>2026-05-29T17:03:03.000Z</time>
      </trkpt>
      <trkpt lat="44.201354" lon="15.441437">
        <ele>94.954126</ele>
        <time>2026-05-29T17:03:04.000Z</time>
      </trkpt>
      <trkpt lat="44.201381" lon="15.441498">
        <ele>95.012716</ele>
        <time>2026-05-29T17:03:05.000Z</time>
      </trkpt>
      <trkpt lat="44.201406" lon="15.441559">
        <ele>95.070141</ele>
        <time>2026-05-29T17:03:06.000Z</time>
      </trkpt>
      <trkpt lat="44.201432" lon="15.441619">
        <ele>95.127438</ele>
        <time>2026-05-29T17:03:07.000Z</time>
      </trkpt>
      <trkpt lat="44.201453" lon="15.441678">
        <ele>95.181273</ele>
        <time>2026-05-29T17:03:08.000Z</time>
      </trkpt>
      <trkpt lat="44.201476" lon="15.441739">
        <ele>95.237601</ele>
        <time>2026-05-29T17:03:09.000Z</time>
      </trkpt>
      <trkpt lat="44.201498" lon="15.441801">
        <ele>95.294138</ele>
        <time>2026-05-29T17:03:10.000Z</time>
      </trkpt>
      <trkpt lat="44.201520" lon="15.441862">
        <ele>95.349944</ele>
        <time>2026-05-29T17:03:11.000Z</time>
      </trkpt>
      <trkpt lat="44.201542" lon="15.441922">
        <ele>95.405021</ele>
        <time>2026-05-29T17:03:12.000Z</time>
      </trkpt>
      <trkpt lat="44.201563" lon="15.441982">
        <ele>95.459589</ele>
        <time>2026-05-29T17:03:13.000Z</time>
      </trkpt>
      <trkpt lat="44.201579" lon="15.442042">
        <ele>95.511907</ele>
        <time>2026-05-29T17:03:14.000Z</time>
      </trkpt>
      <trkpt lat="44.201597" lon="15.442102">
        <ele>95.565063</ele>
        <time>2026-05-29T17:03:15.000Z</time>
      </trkpt>
      <trkpt lat="44.201613" lon="15.442163">
        <ele>95.618148</ele>
        <time>2026-05-29T17:03:16.000Z</time>
      </trkpt>
      <trkpt lat="44.201628" lon="15.442222">
        <ele>95.669309</ele>
        <time>2026-05-29T17:03:17.000Z</time>
      </trkpt>
      <trkpt lat="44.201642" lon="15.442283">
        <ele>95.721654</ele>
        <time>2026-05-29T17:03:18.000Z</time>
      </trkpt>
      <trkpt lat="44.201655" lon="15.442343">
        <ele>95.772880</ele>
        <time>2026-05-29T17:03:19.000Z</time>
      </trkpt>
      <trkpt lat="44.201667" lon="15.442404">
        <ele>95.824576</ele>
        <time>2026-05-29T17:03:20.000Z</time>
      </trkpt>
      <trkpt lat="44.201678" lon="15.442462">
        <ele>95.873607</ele>
        <time>2026-05-29T17:03:21.000Z</time>
      </trkpt>
      <trkpt lat="44.201689" lon="15.442521">
        <ele>95.923430</ele>
        <time>2026-05-29T17:03:22.000Z</time>
      </trkpt>
      <trkpt lat="44.201700" lon="15.442579">
        <ele>95.972461</ele>
        <time>2026-05-29T17:03:23.000Z</time>
      </trkpt>
      <trkpt lat="44.201709" lon="15.442638">
        <ele>96.021759</ele>
        <time>2026-05-29T17:03:24.000Z</time>
      </trkpt>
      <trkpt lat="44.201719" lon="15.442697">
        <ele>96.071307</ele>
        <time>2026-05-29T17:03:25.000Z</time>
      </trkpt>
      <trkpt lat="44.201727" lon="15.442757">
        <ele>96.121183</ele>
        <time>2026-05-29T17:03:26.000Z</time>
      </trkpt>
      <trkpt lat="44.201734" lon="15.442817">
        <ele>96.170864</ele>
        <time>2026-05-29T17:03:27.000Z</time>
      </trkpt>
      <trkpt lat="44.201740" lon="15.442878">
        <ele>96.221183</ele>
        <time>2026-05-29T17:03:28.000Z</time>
      </trkpt>
      <trkpt lat="44.201745" lon="15.442941">
        <ele>96.272985</ele>
        <time>2026-05-29T17:03:29.000Z</time>
      </trkpt>
      <trkpt lat="44.201750" lon="15.443006">
        <ele>96.326412</ele>
        <time>2026-05-29T17:03:30.000Z</time>
      </trkpt>
      <trkpt lat="44.201757" lon="15.443070">
        <ele>96.379321</ele>
        <time>2026-05-29T17:03:31.000Z</time>
      </trkpt>
      <trkpt lat="44.201760" lon="15.443134">
        <ele>96.431738</ele>
        <time>2026-05-29T17:03:32.000Z</time>
      </trkpt>
      <trkpt lat="44.201762" lon="15.443199">
        <ele>96.484908</ele>
        <time>2026-05-29T17:03:33.000Z</time>
      </trkpt>
      <trkpt lat="44.201765" lon="15.443266">
        <ele>96.539771</ele>
        <time>2026-05-29T17:03:34.000Z</time>
      </trkpt>
      <trkpt lat="44.201766" lon="15.443334">
        <ele>96.595356</ele>
        <time>2026-05-29T17:03:35.000Z</time>
      </trkpt>
      <trkpt lat="44.201767" lon="15.443403">
        <ele>96.547995</ele>
        <time>2026-05-29T17:03:36.000Z</time>
      </trkpt>
      <trkpt lat="44.201768" lon="15.443473">
        <ele>96.431783</ele>
        <time>2026-05-29T17:03:37.000Z</time>
      </trkpt>
      <trkpt lat="44.201770" lon="15.443546">
        <ele>96.310525</ele>
        <time>2026-05-29T17:03:38.000Z</time>
      </trkpt>
      <trkpt lat="44.201772" lon="15.443622">
        <ele>96.184292</ele>
        <time>2026-05-29T17:03:39.000Z</time>
      </trkpt>
      <trkpt lat="44.201774" lon="15.443699">
        <ele>96.056400</ele>
        <time>2026-05-29T17:03:40.000Z</time>
      </trkpt>
      <trkpt lat="44.201773" lon="15.443775">
        <ele>95.930230</ele>
        <time>2026-05-29T17:03:41.000Z</time>
      </trkpt>
      <trkpt lat="44.201776" lon="15.443856">
        <ele>95.795603</ele>
        <time>2026-05-29T17:03:42.000Z</time>
      </trkpt>
      <trkpt lat="44.201779" lon="15.443940">
        <ele>95.656003</ele>
        <time>2026-05-29T17:03:43.000Z</time>
      </trkpt>
      <trkpt lat="44.201781" lon="15.444027">
        <ele>95.511522</ele>
        <time>2026-05-29T17:03:44.000Z</time>
      </trkpt>
      <trkpt lat="44.201783" lon="15.444118">
        <ele>95.360404</ele>
        <time>2026-05-29T17:03:45.000Z</time>
      </trkpt>
      <trkpt lat="44.201786" lon="15.444210">
        <ele>95.207540</ele>
        <time>2026-05-29T17:03:46.000Z</time>
      </trkpt>
      <trkpt lat="44.201789" lon="15.444304">
        <ele>95.051360</ele>
        <time>2026-05-29T17:03:47.000Z</time>
      </trkpt>
      <trkpt lat="44.201794" lon="15.444401">
        <ele>94.889939</ele>
        <time>2026-05-29T17:03:48.000Z</time>
      </trkpt>
      <trkpt lat="44.201802" lon="15.444500">
        <ele>94.724573</ele>
        <time>2026-05-29T17:03:49.000Z</time>
      </trkpt>
      <trkpt lat="44.201811" lon="15.444605">
        <ele>94.549048</ele>
        <time>2026-05-29T17:03:50.000Z</time>
      </trkpt>
      <trkpt lat="44.201823" lon="15.444710">
        <ele>94.372563</ele>
        <time>2026-05-29T17:03:51.000Z</time>
      </trkpt>
      <trkpt lat="44.201836" lon="15.444816">
        <ele>94.194063</ele>
        <time>2026-05-29T17:03:52.000Z</time>
      </trkpt>
      <trkpt lat="44.201853" lon="15.444923">
        <ele>94.012150</ele>
        <time>2026-05-29T17:03:53.000Z</time>
      </trkpt>
      <trkpt lat="44.201871" lon="15.445032">
        <ele>93.826489</ele>
        <time>2026-05-29T17:03:54.000Z</time>
      </trkpt>
      <trkpt lat="44.201893" lon="15.445138">
        <ele>93.643320</ele>
        <time>2026-05-29T17:03:55.000Z</time>
      </trkpt>
      <trkpt lat="44.201915" lon="15.445245">
        <ele>93.458557</ele>
        <time>2026-05-29T17:03:56.000Z</time>
      </trkpt>
      <trkpt lat="44.201942" lon="15.445355">
        <ele>93.265568</ele>
        <time>2026-05-29T17:03:57.000Z</time>
      </trkpt>
      <trkpt lat="44.201972" lon="15.445463">
        <ele>93.073318</ele>
        <time>2026-05-29T17:03:58.000Z</time>
      </trkpt>
      <trkpt lat="44.202006" lon="15.445570">
        <ele>92.879050</ele>
        <time>2026-05-29T17:03:59.000Z</time>
      </trkpt>
      <trkpt lat="44.202044" lon="15.445678">
        <ele>92.679360</ele>
        <time>2026-05-29T17:04:00.000Z</time>
      </trkpt>
      <trkpt lat="44.202083" lon="15.445786">
        <ele>92.478639</ele>
        <time>2026-05-29T17:04:01.000Z</time>
      </trkpt>
      <trkpt lat="44.202125" lon="15.445895">
        <ele>92.126242</ele>
        <time>2026-05-29T17:04:02.000Z</time>
      </trkpt>
      <trkpt lat="44.202173" lon="15.445999">
        <ele>91.753089</ele>
        <time>2026-05-29T17:04:03.000Z</time>
      </trkpt>
      <trkpt lat="44.202223" lon="15.446102">
        <ele>91.377815</ele>
        <time>2026-05-29T17:04:04.000Z</time>
      </trkpt>
      <trkpt lat="44.202277" lon="15.446201">
        <ele>91.002523</ele>
        <time>2026-05-29T17:04:05.000Z</time>
      </trkpt>
      <trkpt lat="44.202336" lon="15.446300">
        <ele>90.614130</ele>
        <time>2026-05-29T17:04:06.000Z</time>
      </trkpt>
      <trkpt lat="44.202399" lon="15.446397">
        <ele>90.219258</ele>
        <time>2026-05-29T17:04:07.000Z</time>
      </trkpt>
      <trkpt lat="44.202464" lon="15.446492">
        <ele>89.823073</ele>
        <time>2026-05-29T17:04:08.000Z</time>
      </trkpt>
      <trkpt lat="44.202532" lon="15.446583">
        <ele>89.426517</ele>
        <time>2026-05-29T17:04:09.000Z</time>
      </trkpt>
      <trkpt lat="44.202604" lon="15.446671">
        <ele>89.023668</ele>
        <time>2026-05-29T17:04:10.000Z</time>
      </trkpt>
      <trkpt lat="44.202677" lon="15.446756">
        <ele>88.623504</ele>
        <time>2026-05-29T17:04:11.000Z</time>
      </trkpt>
      <trkpt lat="44.202752" lon="15.446839">
        <ele>88.220621</ele>
        <time>2026-05-29T17:04:12.000Z</time>
      </trkpt>
      <trkpt lat="44.202844" lon="15.446938">
        <ele>87.731648</ele>
        <time>2026-05-29T17:04:13.000Z</time>
      </trkpt>
      <trkpt lat="44.202907" lon="15.447005">
        <ele>87.398264</ele>
        <time>2026-05-29T17:04:14.000Z</time>
      </trkpt>
      <trkpt lat="44.202986" lon="15.447086">
        <ele>86.985665</ele>
        <time>2026-05-29T17:04:15.000Z</time>
      </trkpt>
      <trkpt lat="44.203065" lon="15.447171">
        <ele>86.565806</ele>
        <time>2026-05-29T17:04:16.000Z</time>
      </trkpt>
      <trkpt lat="44.203145" lon="15.447252">
        <ele>86.149809</ele>
        <time>2026-05-29T17:04:17.000Z</time>
      </trkpt>
      <trkpt lat="44.203225" lon="15.447332">
        <ele>85.735576</ele>
        <time>2026-05-29T17:04:18.000Z</time>
      </trkpt>
      <trkpt lat="44.203304" lon="15.447413">
        <ele>85.322977</ele>
        <time>2026-05-29T17:04:19.000Z</time>
      </trkpt>
      <trkpt lat="44.203385" lon="15.447494">
        <ele>84.903568</ele>
        <time>2026-05-29T17:04:20.000Z</time>
      </trkpt>
      <trkpt lat="44.203462" lon="15.447574">
        <ele>84.496738</ele>
        <time>2026-05-29T17:04:21.000Z</time>
      </trkpt>
      <trkpt lat="44.203542" lon="15.447654">
        <ele>84.079497</ele>
        <time>2026-05-29T17:04:22.000Z</time>
      </trkpt>
      <trkpt lat="44.203621" lon="15.447735">
        <ele>83.663902</ele>
        <time>2026-05-29T17:04:23.000Z</time>
      </trkpt>
      <trkpt lat="44.203700" lon="15.447817">
        <ele>83.246500</ele>
        <time>2026-05-29T17:04:24.000Z</time>
      </trkpt>
      <trkpt lat="44.203779" lon="15.447902">
        <ele>82.823594</ele>
        <time>2026-05-29T17:04:25.000Z</time>
      </trkpt>
      <trkpt lat="44.203856" lon="15.447987">
        <ele>82.407368</ele>
        <time>2026-05-29T17:04:26.000Z</time>
      </trkpt>
      <trkpt lat="44.203933" lon="15.448074">
        <ele>81.987344</ele>
        <time>2026-05-29T17:04:27.000Z</time>
      </trkpt>
      <trkpt lat="44.204024" lon="15.448179">
        <ele>81.486753</ele>
        <time>2026-05-29T17:04:28.000Z</time>
      </trkpt>
      <trkpt lat="44.204084" lon="15.448253">
        <ele>81.147273</ele>
        <time>2026-05-29T17:04:29.000Z</time>
      </trkpt>
      <trkpt lat="44.204157" lon="15.448346">
        <ele>80.728213</ele>
        <time>2026-05-29T17:04:30.000Z</time>
      </trkpt>
      <trkpt lat="44.204227" lon="15.448440">
        <ele>80.316352</ele>
        <time>2026-05-29T17:04:31.000Z</time>
      </trkpt>
      <trkpt lat="44.204298" lon="15.448537">
        <ele>79.895100</ele>
        <time>2026-05-29T17:04:32.000Z</time>
      </trkpt>
      <trkpt lat="44.204369" lon="15.448639">
        <ele>79.463081</ele>
        <time>2026-05-29T17:04:33.000Z</time>
      </trkpt>
      <trkpt lat="44.204437" lon="15.448743">
        <ele>79.035353</ele>
        <time>2026-05-29T17:04:34.000Z</time>
      </trkpt>
      <trkpt lat="44.204504" lon="15.448851">
        <ele>78.601353</ele>
        <time>2026-05-29T17:04:35.000Z</time>
      </trkpt>
      <trkpt lat="44.204570" lon="15.448961">
        <ele>78.165473</ele>
        <time>2026-05-29T17:04:36.000Z</time>
      </trkpt>
      <trkpt lat="44.204636" lon="15.449075">
        <ele>77.720204</ele>
        <time>2026-05-29T17:04:37.000Z</time>
      </trkpt>
      <trkpt lat="44.204700" lon="15.449189">
        <ele>77.280213</ele>
        <time>2026-05-29T17:04:38.000Z</time>
      </trkpt>
      <trkpt lat="44.204764" lon="15.449310">
        <ele>76.780746</ele>
        <time>2026-05-29T17:04:39.000Z</time>
      </trkpt>
      <trkpt lat="44.204826" lon="15.449432">
        <ele>76.282027</ele>
        <time>2026-05-29T17:04:40.000Z</time>
      </trkpt>
      <trkpt lat="44.204885" lon="15.449557">
        <ele>75.782923</ele>
        <time>2026-05-29T17:04:41.000Z</time>
      </trkpt>
      <trkpt lat="44.204944" lon="15.449685">
        <ele>75.275434</ele>
        <time>2026-05-29T17:04:42.000Z</time>
      </trkpt>
      <trkpt lat="44.205003" lon="15.449814">
        <ele>74.765136</ele>
        <time>2026-05-29T17:04:43.000Z</time>
      </trkpt>
      <trkpt lat="44.205061" lon="15.449940">
        <ele>74.265773</ele>
        <time>2026-05-29T17:04:44.000Z</time>
      </trkpt>
      <trkpt lat="44.205118" lon="15.450068">
        <ele>73.763256</ele>
        <time>2026-05-29T17:04:45.000Z</time>
      </trkpt>
      <trkpt lat="44.205176" lon="15.450194">
        <ele>73.263894</ele>
        <time>2026-05-29T17:04:46.000Z</time>
      </trkpt>
      <trkpt lat="44.205232" lon="15.450321">
        <ele>72.766660</ele>
        <time>2026-05-29T17:04:47.000Z</time>
      </trkpt>
      <trkpt lat="44.205284" lon="15.450448">
        <ele>72.278918</ele>
        <time>2026-05-29T17:04:48.000Z</time>
      </trkpt>
      <trkpt lat="44.205348" lon="15.450600">
        <ele>71.691052</ele>
        <time>2026-05-29T17:04:49.000Z</time>
      </trkpt>
      <trkpt lat="44.205386" lon="15.450700">
        <ele>71.313611</ele>
        <time>2026-05-29T17:04:50.000Z</time>
      </trkpt>
      <trkpt lat="44.205442" lon="15.450827">
        <ele>70.816379</ele>
        <time>2026-05-29T17:04:51.000Z</time>
      </trkpt>
      <trkpt lat="44.205499" lon="15.450953">
        <ele>70.319517</ele>
        <time>2026-05-29T17:04:52.000Z</time>
      </trkpt>
      <trkpt lat="44.205557" lon="15.451079">
        <ele>69.820157</ele>
        <time>2026-05-29T17:04:53.000Z</time>
      </trkpt>
      <trkpt lat="44.205615" lon="15.451202">
        <ele>69.329186</ele>
        <time>2026-05-29T17:04:54.000Z</time>
      </trkpt>
      <trkpt lat="44.205675" lon="15.451326">
        <ele>68.824058</ele>
        <time>2026-05-29T17:04:55.000Z</time>
      </trkpt>
      <trkpt lat="44.205738" lon="15.451450">
        <ele>68.266295</ele>
        <time>2026-05-29T17:04:56.000Z</time>
      </trkpt>
      <trkpt lat="44.205805" lon="15.451572">
        <ele>67.702290</ele>
        <time>2026-05-29T17:04:57.000Z</time>
      </trkpt>
      <trkpt lat="44.205872" lon="15.451692">
        <ele>67.144095</ele>
        <time>2026-05-29T17:04:58.000Z</time>
      </trkpt>
      <trkpt lat="44.205940" lon="15.451810">
        <ele>66.588478</ele>
        <time>2026-05-29T17:04:59.000Z</time>
      </trkpt>
      <trkpt lat="44.206012" lon="15.451924">
        <ele>66.030904</ele>
        <time>2026-05-29T17:05:00.000Z</time>
      </trkpt>
      <trkpt lat="44.206086" lon="15.452034">
        <ele>65.477303</ele>
        <time>2026-05-29T17:05:01.000Z</time>
      </trkpt>
      <trkpt lat="44.206164" lon="15.452144">
        <ele>64.909493</ele>
        <time>2026-05-29T17:05:02.000Z</time>
      </trkpt>
      <trkpt lat="44.206241" lon="15.452251">
        <ele>64.353096</ele>
        <time>2026-05-29T17:05:03.000Z</time>
      </trkpt>
      <trkpt lat="44.206320" lon="15.452357">
        <ele>63.791948</ele>
        <time>2026-05-29T17:05:04.000Z</time>
      </trkpt>
      <trkpt lat="44.206402" lon="15.452457">
        <ele>63.234365</ele>
        <time>2026-05-29T17:05:05.000Z</time>
      </trkpt>
      <trkpt lat="44.206486" lon="15.452554">
        <ele>62.676117</ele>
        <time>2026-05-29T17:05:06.000Z</time>
      </trkpt>
      <trkpt lat="44.206572" lon="15.452652">
        <ele>62.107629</ele>
        <time>2026-05-29T17:05:07.000Z</time>
      </trkpt>
      <trkpt lat="44.206657" lon="15.452746">
        <ele>61.552334</ele>
        <time>2026-05-29T17:05:08.000Z</time>
      </trkpt>
      <trkpt lat="44.206743" lon="15.452834">
        <ele>61.006323</ele>
        <time>2026-05-29T17:05:09.000Z</time>
      </trkpt>
      <trkpt lat="44.206832" lon="15.452924">
        <ele>60.443578</ele>
        <time>2026-05-29T17:05:10.000Z</time>
      </trkpt>
      <trkpt lat="44.206924" lon="15.453011">
        <ele>59.874578</ele>
        <time>2026-05-29T17:05:11.000Z</time>
      </trkpt>
      <trkpt lat="44.207016" lon="15.453099">
        <ele>59.302001</ele>
        <time>2026-05-29T17:05:12.000Z</time>
      </trkpt>
      <trkpt lat="44.207108" lon="15.453184">
        <ele>58.734846</ele>
        <time>2026-05-29T17:05:13.000Z</time>
      </trkpt>
      <trkpt lat="44.207201" lon="15.453269">
        <ele>58.163399</ele>
        <time>2026-05-29T17:05:14.000Z</time>
      </trkpt>
      <trkpt lat="44.207294" lon="15.453355">
        <ele>57.589924</ele>
        <time>2026-05-29T17:05:15.000Z</time>
      </trkpt>
      <trkpt lat="44.207386" lon="15.453442">
        <ele>57.018669</ele>
        <time>2026-05-29T17:05:16.000Z</time>
      </trkpt>
      <trkpt lat="44.207479" lon="15.453527">
        <ele>56.447222</ele>
        <time>2026-05-29T17:05:17.000Z</time>
      </trkpt>
      <trkpt lat="44.207571" lon="15.453611">
        <ele>55.882095</ele>
        <time>2026-05-29T17:05:18.000Z</time>
      </trkpt>
      <trkpt lat="44.207659" lon="15.453697">
        <ele>55.329859</ele>
        <time>2026-05-29T17:05:19.000Z</time>
      </trkpt>
      <trkpt lat="44.207749" lon="15.453784">
        <ele>54.767084</ele>
        <time>2026-05-29T17:05:20.000Z</time>
      </trkpt>
      <trkpt lat="44.207840" lon="15.453871">
        <ele>54.200076</ele>
        <time>2026-05-29T17:05:21.000Z</time>
      </trkpt>
      <trkpt lat="44.207932" lon="15.453959">
        <ele>53.626746</ele>
        <time>2026-05-29T17:05:22.000Z</time>
      </trkpt>
      <trkpt lat="44.208026" lon="15.454049">
        <ele>53.040772</ele>
        <time>2026-05-29T17:05:23.000Z</time>
      </trkpt>
      <trkpt lat="44.208121" lon="15.454139">
        <ele>52.450553</ele>
        <time>2026-05-29T17:05:24.000Z</time>
      </trkpt>
      <trkpt lat="44.208215" lon="15.454228">
        <ele>51.866657</ele>
        <time>2026-05-29T17:05:25.000Z</time>
      </trkpt>
      <trkpt lat="44.208310" lon="15.454317">
        <ele>51.278500</ele>
        <time>2026-05-29T17:05:26.000Z</time>
      </trkpt>
      <trkpt lat="44.208406" lon="15.454406">
        <ele>50.686070</ele>
        <time>2026-05-29T17:05:27.000Z</time>
      </trkpt>
      <trkpt lat="44.208501" lon="15.454495">
        <ele>50.106827</ele>
        <time>2026-05-29T17:05:28.000Z</time>
      </trkpt>
      <trkpt lat="44.208597" lon="15.454585">
        <ele>49.527855</ele>
        <time>2026-05-29T17:05:29.000Z</time>
      </trkpt>
      <trkpt lat="44.208694" lon="15.454674">
        <ele>48.946702</ele>
        <time>2026-05-29T17:05:30.000Z</time>
      </trkpt>
      <trkpt lat="44.208790" lon="15.454765">
        <ele>48.365722</ele>
        <time>2026-05-29T17:05:31.000Z</time>
      </trkpt>
      <trkpt lat="44.208888" lon="15.454855">
        <ele>47.778415</ele>
        <time>2026-05-29T17:05:32.000Z</time>
      </trkpt>
      <trkpt lat="44.208986" lon="15.454947">
        <ele>47.187132</ele>
        <time>2026-05-29T17:05:33.000Z</time>
      </trkpt>
      <trkpt lat="44.209084" lon="15.455039">
        <ele>46.595850</ele>
        <time>2026-05-29T17:05:34.000Z</time>
      </trkpt>
      <trkpt lat="44.209181" lon="15.455132">
        <ele>46.006690</ele>
        <time>2026-05-29T17:05:35.000Z</time>
      </trkpt>
      <trkpt lat="44.209278" lon="15.455226">
        <ele>45.415490</ele>
        <time>2026-05-29T17:05:36.000Z</time>
      </trkpt>
      <trkpt lat="44.209374" lon="15.455324">
        <ele>44.820033</ele>
        <time>2026-05-29T17:05:37.000Z</time>
      </trkpt>
      <trkpt lat="44.209466" lon="15.455426">
        <ele>44.231795</ele>
        <time>2026-05-29T17:05:38.000Z</time>
      </trkpt>
      <trkpt lat="44.209558" lon="15.455529">
        <ele>43.641318</ele>
        <time>2026-05-29T17:05:39.000Z</time>
      </trkpt>
      <trkpt lat="44.209648" lon="15.455634">
        <ele>43.054038</ele>
        <time>2026-05-29T17:05:40.000Z</time>
      </trkpt>
      <trkpt lat="44.209735" lon="15.455744">
        <ele>42.466304</ele>
        <time>2026-05-29T17:05:41.000Z</time>
      </trkpt>
      <trkpt lat="44.209820" lon="15.455858">
        <ele>41.876095</ele>
        <time>2026-05-29T17:05:42.000Z</time>
      </trkpt>
      <trkpt lat="44.209899" lon="15.455978">
        <ele>41.310633</ele>
        <time>2026-05-29T17:05:43.000Z</time>
      </trkpt>
      <trkpt lat="44.209974" lon="15.456100">
        <ele>40.810253</ele>
        <time>2026-05-29T17:05:44.000Z</time>
      </trkpt>
      <trkpt lat="44.210046" lon="15.456225">
        <ele>40.311010</ele>
        <time>2026-05-29T17:05:45.000Z</time>
      </trkpt>
      <trkpt lat="44.210118" lon="15.456356">
        <ele>39.797074</ele>
        <time>2026-05-29T17:05:46.000Z</time>
      </trkpt>
      <trkpt lat="44.210184" lon="15.456489">
        <ele>39.293460</ele>
        <time>2026-05-29T17:05:47.000Z</time>
      </trkpt>
      <trkpt lat="44.210244" lon="15.456626">
        <ele>38.793626</ele>
        <time>2026-05-29T17:05:48.000Z</time>
      </trkpt>
      <trkpt lat="44.210299" lon="15.456766">
        <ele>38.296595</ele>
        <time>2026-05-29T17:05:49.000Z</time>
      </trkpt>
      <trkpt lat="44.210354" lon="15.456906">
        <ele>37.799565</ele>
        <time>2026-05-29T17:05:50.000Z</time>
      </trkpt>
      <trkpt lat="44.210404" lon="15.457049">
        <ele>37.304223</ele>
        <time>2026-05-29T17:05:51.000Z</time>
      </trkpt>
      <trkpt lat="44.210449" lon="15.457193">
        <ele>36.815158</ele>
        <time>2026-05-29T17:05:52.000Z</time>
      </trkpt>
      <trkpt lat="44.210492" lon="15.457338">
        <ele>36.326624</ele>
        <time>2026-05-29T17:05:53.000Z</time>
      </trkpt>
      <trkpt lat="44.210529" lon="15.457480">
        <ele>35.856237</ele>
        <time>2026-05-29T17:05:54.000Z</time>
      </trkpt>
      <trkpt lat="44.210563" lon="15.457625">
        <ele>35.381273</ele>
        <time>2026-05-29T17:05:55.000Z</time>
      </trkpt>
      <trkpt lat="44.210595" lon="15.457770">
        <ele>34.908937</ele>
        <time>2026-05-29T17:05:56.000Z</time>
      </trkpt>
      <trkpt lat="44.210625" lon="15.457915">
        <ele>34.439085</ele>
        <time>2026-05-29T17:05:57.000Z</time>
      </trkpt>
      <trkpt lat="44.210654" lon="15.458059">
        <ele>33.973417</ele>
        <time>2026-05-29T17:05:58.000Z</time>
      </trkpt>
      <trkpt lat="44.210683" lon="15.458202">
        <ele>33.505867</ele>
        <time>2026-05-29T17:05:59.000Z</time>
      </trkpt>
      <trkpt lat="44.210714" lon="15.458347">
        <ele>33.014497</ele>
        <time>2026-05-29T17:06:00.000Z</time>
      </trkpt>
      <trkpt lat="44.210744" lon="15.458491">
        <ele>32.527522</ele>
        <time>2026-05-29T17:06:01.000Z</time>
      </trkpt>
      <trkpt lat="44.210771" lon="15.458633">
        <ele>32.050445</ele>
        <time>2026-05-29T17:06:02.000Z</time>
      </trkpt>
      <trkpt lat="44.210801" lon="15.458775">
        <ele>31.569704</ele>
        <time>2026-05-29T17:06:03.000Z</time>
      </trkpt>
      <trkpt lat="44.210830" lon="15.458917">
        <ele>31.090224</ele>
        <time>2026-05-29T17:06:04.000Z</time>
      </trkpt>
      <trkpt lat="44.210859" lon="15.459060">
        <ele>30.607621</ele>
        <time>2026-05-29T17:06:05.000Z</time>
      </trkpt>
      <trkpt lat="44.210886" lon="15.459205">
        <ele>30.121122</ele>
        <time>2026-05-29T17:06:06.000Z</time>
      </trkpt>
      <trkpt lat="44.210914" lon="15.459347">
        <ele>29.642864</ele>
        <time>2026-05-29T17:06:07.000Z</time>
      </trkpt>
      <trkpt lat="44.210943" lon="15.459491">
        <ele>29.157136</ele>
        <time>2026-05-29T17:06:08.000Z</time>
      </trkpt>
      <trkpt lat="44.210974" lon="15.459636">
        <ele>28.665768</ele>
        <time>2026-05-29T17:06:09.000Z</time>
      </trkpt>
      <trkpt lat="44.211010" lon="15.459809">
        <ele>28.080777</ele>
        <time>2026-05-29T17:06:10.000Z</time>
      </trkpt>
      <trkpt lat="44.211034" lon="15.459925">
        <ele>27.688703</ele>
        <time>2026-05-29T17:06:11.000Z</time>
      </trkpt>
      <trkpt lat="44.211071" lon="15.460097">
        <ele>27.105544</ele>
        <time>2026-05-29T17:06:12.000Z</time>
      </trkpt>
      <trkpt lat="44.211098" lon="15.460240">
        <ele>26.625330</ele>
        <time>2026-05-29T17:06:13.000Z</time>
      </trkpt>
      <trkpt lat="44.211123" lon="15.460357">
        <ele>26.228866</ele>
        <time>2026-05-29T17:06:14.000Z</time>
      </trkpt>
      <trkpt lat="44.211161" lon="15.460530">
        <ele>25.641286</ele>
        <time>2026-05-29T17:06:15.000Z</time>
      </trkpt>
      <trkpt lat="44.211187" lon="15.460646">
        <ele>25.208945</ele>
        <time>2026-05-29T17:06:16.000Z</time>
      </trkpt>
      <trkpt lat="44.211221" lon="15.460789">
        <ele>24.639091</ele>
        <time>2026-05-29T17:06:17.000Z</time>
      </trkpt>
      <trkpt lat="44.211261" lon="15.460963">
        <ele>23.947946</ele>
        <time>2026-05-29T17:06:18.000Z</time>
      </trkpt>
      <trkpt lat="44.211297" lon="15.461109">
        <ele>23.363964</ele>
        <time>2026-05-29T17:06:19.000Z</time>
      </trkpt>
      <trkpt lat="44.211325" lon="15.461225">
        <ele>22.901004</ele>
        <time>2026-05-29T17:06:20.000Z</time>
      </trkpt>
      <trkpt lat="44.211373" lon="15.461398">
        <ele>22.199349</ele>
        <time>2026-05-29T17:06:21.000Z</time>
      </trkpt>
      <trkpt lat="44.211414" lon="15.461540">
        <ele>21.620321</ele>
        <time>2026-05-29T17:06:22.000Z</time>
      </trkpt>
      <trkpt lat="44.211447" lon="15.461653">
        <ele>21.158806</ele>
        <time>2026-05-29T17:06:23.000Z</time>
      </trkpt>
      <trkpt lat="44.211497" lon="15.461820">
        <ele>20.474268</ele>
        <time>2026-05-29T17:06:24.000Z</time>
      </trkpt>
      <trkpt lat="44.211541" lon="15.461959">
        <ele>19.899540</ele>
        <time>2026-05-29T17:06:25.000Z</time>
      </trkpt>
      <trkpt lat="44.211578" lon="15.462070">
        <ele>19.436524</ele>
        <time>2026-05-29T17:06:26.000Z</time>
      </trkpt>
      <trkpt lat="44.211633" lon="15.462239">
        <ele>18.734512</ele>
        <time>2026-05-29T17:06:27.000Z</time>
      </trkpt>
      <trkpt lat="44.211671" lon="15.462351">
        <ele>18.265831</ele>
        <time>2026-05-29T17:06:28.000Z</time>
      </trkpt>
      <trkpt lat="44.211718" lon="15.462492">
        <ele>17.677678</ele>
        <time>2026-05-29T17:06:29.000Z</time>
      </trkpt>
      <trkpt lat="44.211766" lon="15.462634">
        <ele>17.083862</ele>
        <time>2026-05-29T17:06:30.000Z</time>
      </trkpt>
      <trkpt lat="44.211814" lon="15.462776">
        <ele>16.490046</ele>
        <time>2026-05-29T17:06:31.000Z</time>
      </trkpt>
      <trkpt lat="44.211863" lon="15.462920">
        <ele>15.908696</ele>
        <time>2026-05-29T17:06:32.000Z</time>
      </trkpt>
      <trkpt lat="44.211922" lon="15.463092">
        <ele>15.348065</ele>
        <time>2026-05-29T17:06:33.000Z</time>
      </trkpt>
      <trkpt lat="44.211970" lon="15.463235">
        <ele>14.883807</ele>
        <time>2026-05-29T17:06:34.000Z</time>
      </trkpt>
      <trkpt lat="44.212017" lon="15.463378">
        <ele>14.421273</ele>
        <time>2026-05-29T17:06:35.000Z</time>
      </trkpt>
      <trkpt lat="44.212055" lon="15.463492">
        <ele>14.051627</ele>
        <time>2026-05-29T17:06:36.000Z</time>
      </trkpt>
      <trkpt lat="44.212110" lon="15.463660">
        <ele>13.508601</ele>
        <time>2026-05-29T17:06:37.000Z</time>
      </trkpt>
      <trkpt lat="44.212144" lon="15.463773">
        <ele>13.148282</ele>
        <time>2026-05-29T17:06:38.000Z</time>
      </trkpt>
      <trkpt lat="44.212185" lon="15.463913">
        <ele>12.703633</ele>
        <time>2026-05-29T17:06:39.000Z</time>
      </trkpt>
      <trkpt lat="44.212231" lon="15.464080">
        <ele>12.177624</ele>
        <time>2026-05-29T17:06:40.000Z</time>
      </trkpt>
      <trkpt lat="44.212257" lon="15.464191">
        <ele>11.834287</ele>
        <time>2026-05-29T17:06:41.000Z</time>
      </trkpt>
      <trkpt lat="44.212298" lon="15.464355">
        <ele>11.323619</ele>
        <time>2026-05-29T17:06:42.000Z</time>
      </trkpt>
      <trkpt lat="44.212328" lon="15.464490">
        <ele>10.908065</ele>
        <time>2026-05-29T17:06:43.000Z</time>
      </trkpt>
      <trkpt lat="44.212354" lon="15.464621">
        <ele>10.508417</ele>
        <time>2026-05-29T17:06:44.000Z</time>
      </trkpt>
      <trkpt lat="44.212377" lon="15.464750">
        <ele>10.117585</ele>
        <time>2026-05-29T17:06:45.000Z</time>
      </trkpt>
      <trkpt lat="44.212396" lon="15.464874">
        <ele>9.744774</ele>
        <time>2026-05-29T17:06:46.000Z</time>
      </trkpt>
      <trkpt lat="44.212409" lon="15.464969">
        <ele>9.460418</ele>
        <time>2026-05-29T17:06:47.000Z</time>
      </trkpt>
      <trkpt lat="44.212425" lon="15.465086">
        <ele>9.110221</ele>
        <time>2026-05-29T17:06:48.000Z</time>
      </trkpt>
      <trkpt lat="44.212441" lon="15.465200">
        <ele>8.768683</ele>
        <time>2026-05-29T17:06:49.000Z</time>
      </trkpt>
      <trkpt lat="44.212455" lon="15.465311">
        <ele>8.585080</ele>
        <time>2026-05-29T17:06:50.000Z</time>
      </trkpt>
      <trkpt lat="44.212467" lon="15.465421">
        <ele>8.544457</ele>
        <time>2026-05-29T17:06:51.000Z</time>
      </trkpt>
      <trkpt lat="44.212478" lon="15.465529">
        <ele>8.504630</ele>
        <time>2026-05-29T17:06:52.000Z</time>
      </trkpt>
      <trkpt lat="44.212489" lon="15.465657">
        <ele>8.457562</ele>
        <time>2026-05-29T17:06:53.000Z</time>
      </trkpt>
      <trkpt lat="44.212495" lon="15.465741">
        <ele>8.426742</ele>
        <time>2026-05-29T17:06:54.000Z</time>
      </trkpt>
      <trkpt lat="44.212500" lon="15.465865">
        <ele>8.381398</ele>
        <time>2026-05-29T17:06:55.000Z</time>
      </trkpt>
      <trkpt lat="44.212507" lon="15.465968">
        <ele>8.343624</ele>
        <time>2026-05-29T17:06:56.000Z</time>
      </trkpt>
      <trkpt lat="44.212511" lon="15.466050">
        <ele>8.313617</ele>
        <time>2026-05-29T17:06:57.000Z</time>
      </trkpt>
      <trkpt lat="44.212517" lon="15.466170">
        <ele>8.269698</ele>
        <time>2026-05-29T17:06:58.000Z</time>
      </trkpt>
      <trkpt lat="44.212521" lon="15.466269">
        <ele>8.233496</ele>
        <time>2026-05-29T17:06:59.000Z</time>
      </trkpt>
      <trkpt lat="44.212522" lon="15.466347">
        <ele>8.205013</ele>
        <time>2026-05-29T17:07:00.000Z</time>
      </trkpt>
      <trkpt lat="44.212520" lon="15.466465">
        <ele>8.161920</ele>
        <time>2026-05-29T17:07:01.000Z</time>
      </trkpt>
      <trkpt lat="44.212518" lon="15.466540">
        <ele>8.134518</ele>
        <time>2026-05-29T17:07:02.000Z</time>
      </trkpt>
      <trkpt lat="44.212516" lon="15.466635">
        <ele>8.099819</ele>
        <time>2026-05-29T17:07:03.000Z</time>
      </trkpt>
      <trkpt lat="44.212514" lon="15.466746">
        <ele>8.059280</ele>
        <time>2026-05-29T17:07:04.000Z</time>
      </trkpt>
      <trkpt lat="44.212508" lon="15.466837">
        <ele>8.025915</ele>
        <time>2026-05-29T17:07:05.000Z</time>
      </trkpt>
      <trkpt lat="44.212505" lon="15.466910">
        <ele>7.999219</ele>
        <time>2026-05-29T17:07:06.000Z</time>
      </trkpt>
      <trkpt lat="44.212499" lon="15.467017">
        <ele>7.960034</ele>
        <time>2026-05-29T17:07:07.000Z</time>
      </trkpt>
      <trkpt lat="44.212494" lon="15.467088">
        <ele>7.933987</ele>
        <time>2026-05-29T17:07:08.000Z</time>
      </trkpt>
      <trkpt lat="44.212490" lon="15.467175">
        <ele>7.902158</ele>
        <time>2026-05-29T17:07:09.000Z</time>
      </trkpt>
      <trkpt lat="44.212483" lon="15.467262">
        <ele>7.870195</ele>
        <time>2026-05-29T17:07:10.000Z</time>
      </trkpt>
      <trkpt lat="44.212476" lon="15.467364">
        <ele>7.832784</ele>
        <time>2026-05-29T17:07:11.000Z</time>
      </trkpt>
      <trkpt lat="44.212471" lon="15.467432">
        <ele>7.807827</ele>
        <time>2026-05-29T17:07:12.000Z</time>
      </trkpt>
      <trkpt lat="44.212463" lon="15.467533">
        <ele>7.770728</ele>
        <time>2026-05-29T17:07:13.000Z</time>
      </trkpt>
      <trkpt lat="44.212455" lon="15.467617">
        <ele>7.739790</ele>
        <time>2026-05-29T17:07:14.000Z</time>
      </trkpt>
      <trkpt lat="44.212451" lon="15.467682">
        <ele>7.715971</ele>
        <time>2026-05-29T17:07:15.000Z</time>
      </trkpt>
      <trkpt lat="44.212446" lon="15.467779">
        <ele>7.697104</ele>
        <time>2026-05-29T17:07:16.000Z</time>
      </trkpt>
      <trkpt lat="44.212443" lon="15.467841">
        <ele>7.714666</ele>
        <time>2026-05-29T17:07:17.000Z</time>
      </trkpt>
      <trkpt lat="44.212439" lon="15.467920">
        <ele>7.737048</ele>
        <time>2026-05-29T17:07:18.000Z</time>
      </trkpt>
      <trkpt lat="44.212434" lon="15.468014">
        <ele>7.763686</ele>
        <time>2026-05-29T17:07:19.000Z</time>
      </trkpt>
      <trkpt lat="44.212430" lon="15.468091">
        <ele>7.785505</ele>
        <time>2026-05-29T17:07:20.000Z</time>
      </trkpt>
      <trkpt lat="44.212426" lon="15.468150">
        <ele>7.802253</ele>
        <time>2026-05-29T17:07:21.000Z</time>
      </trkpt>
      <trkpt lat="44.212420" lon="15.468241">
        <ele>7.828079</ele>
        <time>2026-05-29T17:07:22.000Z</time>
      </trkpt>
      <trkpt lat="44.212414" lon="15.468316">
        <ele>7.849407</ele>
        <time>2026-05-29T17:07:23.000Z</time>
      </trkpt>
      <trkpt lat="44.212410" lon="15.468374">
        <ele>7.865874</ele>
        <time>2026-05-29T17:07:24.000Z</time>
      </trkpt>
      <trkpt lat="44.212404" lon="15.468461">
        <ele>7.890575</ele>
        <time>2026-05-29T17:07:25.000Z</time>
      </trkpt>
      <trkpt lat="44.212400" lon="15.468518">
        <ele>7.906761</ele>
        <time>2026-05-29T17:07:26.000Z</time>
      </trkpt>
      <trkpt lat="44.212396" lon="15.468590">
        <ele>7.927170</ele>
        <time>2026-05-29T17:07:27.000Z</time>
      </trkpt>
      <trkpt lat="44.212392" lon="15.468662">
        <ele>7.947579</ele>
        <time>2026-05-29T17:07:28.000Z</time>
      </trkpt>
      <trkpt lat="44.212387" lon="15.468746">
        <ele>7.971400</ele>
        <time>2026-05-29T17:07:29.000Z</time>
      </trkpt>
      <trkpt lat="44.212384" lon="15.468800">
        <ele>7.986707</ele>
        <time>2026-05-29T17:07:30.000Z</time>
      </trkpt>
      <trkpt lat="44.212380" lon="15.468867">
        <ele>8.005707</ele>
        <time>2026-05-29T17:07:31.000Z</time>
      </trkpt>
      <trkpt lat="44.212377" lon="15.468934">
        <ele>8.024679</ele>
        <time>2026-05-29T17:07:32.000Z</time>
      </trkpt>
      <trkpt lat="44.212374" lon="15.469001">
        <ele>8.043651</ele>
        <time>2026-05-29T17:07:33.000Z</time>
      </trkpt>
      <trkpt lat="44.212371" lon="15.469069">
        <ele>8.062905</ele>
        <time>2026-05-29T17:07:34.000Z</time>
      </trkpt>
      <trkpt lat="44.212366" lon="15.469151">
        <ele>8.086163</ele>
        <time>2026-05-29T17:07:35.000Z</time>
      </trkpt>
      <trkpt lat="44.212364" lon="15.469206">
        <ele>8.101727</ele>
        <time>2026-05-29T17:07:36.000Z</time>
      </trkpt>
      <trkpt lat="44.212360" lon="15.469290">
        <ele>8.125519</ele>
        <time>2026-05-29T17:07:37.000Z</time>
      </trkpt>
      <trkpt lat="44.212356" lon="15.469343">
        <ele>8.140580</ele>
        <time>2026-05-29T17:07:38.000Z</time>
      </trkpt>
      <trkpt lat="44.212352" lon="15.469409">
        <ele>8.159299</ele>
        <time>2026-05-29T17:07:39.000Z</time>
      </trkpt>
      <trkpt lat="44.212346" lon="15.469477">
        <ele>8.178661</ele>
        <time>2026-05-29T17:07:40.000Z</time>
      </trkpt>
      <trkpt lat="44.212339" lon="15.469560">
        <ele>8.202280</ele>
        <time>2026-05-29T17:07:41.000Z</time>
      </trkpt>
      <trkpt lat="44.212333" lon="15.469616">
        <ele>8.218282</ele>
        <time>2026-05-29T17:07:42.000Z</time>
      </trkpt>
      <trkpt lat="44.212328" lon="15.469698">
        <ele>8.241540</ele>
        <time>2026-05-29T17:07:43.000Z</time>
      </trkpt>
      <trkpt lat="44.212324" lon="15.469767">
        <ele>8.261104</ele>
        <time>2026-05-29T17:07:44.000Z</time>
      </trkpt>
      <trkpt lat="44.212320" lon="15.469822">
        <ele>8.276728</ele>
        <time>2026-05-29T17:07:45.000Z</time>
      </trkpt>
      <trkpt lat="44.212314" lon="15.469902">
        <ele>8.299460</ele>
        <time>2026-05-29T17:07:46.000Z</time>
      </trkpt>
      <trkpt lat="44.212309" lon="15.469968">
        <ele>8.318216</ele>
        <time>2026-05-29T17:07:47.000Z</time>
      </trkpt>
      <trkpt lat="44.212305" lon="15.470019">
        <ele>8.332716</ele>
        <time>2026-05-29T17:07:48.000Z</time>
      </trkpt>
      <trkpt lat="44.212302" lon="15.470096">
        <ele>8.354509</ele>
        <time>2026-05-29T17:07:49.000Z</time>
      </trkpt>
      <trkpt lat="44.212299" lon="15.470160">
        <ele>8.372635</ele>
        <time>2026-05-29T17:07:50.000Z</time>
      </trkpt>
      <trkpt lat="44.212298" lon="15.470210">
        <ele>8.386771</ele>
        <time>2026-05-29T17:07:51.000Z</time>
      </trkpt>
      <trkpt lat="44.212295" lon="15.470269">
        <ele>8.419487</ele>
        <time>2026-05-29T17:07:52.000Z</time>
      </trkpt>
      <trkpt lat="44.212292" lon="15.470329">
        <ele>8.497546</ele>
        <time>2026-05-29T17:07:53.000Z</time>
      </trkpt>
      <trkpt lat="44.212291" lon="15.470390">
        <ele>8.576735</ele>
        <time>2026-05-29T17:07:54.000Z</time>
      </trkpt>
      <trkpt lat="44.212290" lon="15.470461">
        <ele>8.668899</ele>
        <time>2026-05-29T17:07:55.000Z</time>
      </trkpt>
      <trkpt lat="44.212289" lon="15.470518">
        <ele>8.742898</ele>
        <time>2026-05-29T17:07:56.000Z</time>
      </trkpt>
      <trkpt lat="44.212289" lon="15.470563">
        <ele>8.801300</ele>
        <time>2026-05-29T17:07:57.000Z</time>
      </trkpt>
      <trkpt lat="44.212288" lon="15.470620">
        <ele>8.875299</ele>
        <time>2026-05-29T17:07:58.000Z</time>
      </trkpt>
      <trkpt lat="44.212289" lon="15.470686">
        <ele>8.960975</ele>
        <time>2026-05-29T17:07:59.000Z</time>
      </trkpt>
      <trkpt lat="44.212291" lon="15.470729">
        <ele>9.016900</ele>
        <time>2026-05-29T17:08:00.000Z</time>
      </trkpt>
      <trkpt lat="44.212292" lon="15.470794">
        <ele>9.101279</ele>
        <time>2026-05-29T17:08:01.000Z</time>
      </trkpt>
      <trkpt lat="44.212293" lon="15.470847">
        <ele>9.170088</ele>
        <time>2026-05-29T17:08:02.000Z</time>
      </trkpt>
      <trkpt lat="44.212294" lon="15.470891">
        <ele>9.227221</ele>
        <time>2026-05-29T17:08:03.000Z</time>
      </trkpt>
      <trkpt lat="44.212294" lon="15.470955">
        <ele>9.310283</ele>
        <time>2026-05-29T17:08:04.000Z</time>
      </trkpt>
      <trkpt lat="44.212295" lon="15.470997">
        <ele>9.364822</ele>
        <time>2026-05-29T17:08:05.000Z</time>
      </trkpt>
      <trkpt lat="44.212295" lon="15.471048">
        <ele>9.431011</ele>
        <time>2026-05-29T17:08:06.000Z</time>
      </trkpt>
      <trkpt lat="44.212296" lon="15.471098">
        <ele>9.495928</ele>
        <time>2026-05-29T17:08:07.000Z</time>
      </trkpt>
      <trkpt lat="44.212294" lon="15.471159">
        <ele>9.575179</ele>
        <time>2026-05-29T17:08:08.000Z</time>
      </trkpt>
      <trkpt lat="44.212294" lon="15.471199">
        <ele>9.627092</ele>
        <time>2026-05-29T17:08:09.000Z</time>
      </trkpt>
      <trkpt lat="44.212295" lon="15.471259">
        <ele>9.704984</ele>
        <time>2026-05-29T17:08:10.000Z</time>
      </trkpt>
      <trkpt lat="44.212299" lon="15.471309">
        <ele>9.770278</ele>
        <time>2026-05-29T17:08:11.000Z</time>
      </trkpt>
      <trkpt lat="44.212299" lon="15.471349">
        <ele>9.822192</ele>
        <time>2026-05-29T17:08:12.000Z</time>
      </trkpt>
      <trkpt lat="44.212297" lon="15.471397">
        <ele>9.884593</ele>
        <time>2026-05-29T17:08:13.000Z</time>
      </trkpt>
      <trkpt lat="44.212296" lon="15.471448">
        <ele>9.950807</ele>
        <time>2026-05-29T17:08:14.000Z</time>
      </trkpt>
      <trkpt lat="44.212296" lon="15.471498">
        <ele>10.015699</ele>
        <time>2026-05-29T17:08:15.000Z</time>
      </trkpt>
      <trkpt lat="44.212298" lon="15.471552">
        <ele>10.085876</ele>
        <time>2026-05-29T17:08:16.000Z</time>
      </trkpt>
      <trkpt lat="44.212295" lon="15.471618">
        <ele>10.171705</ele>
        <time>2026-05-29T17:08:17.000Z</time>
      </trkpt>
      <trkpt lat="44.212293" lon="15.471663">
        <ele>10.230220</ele>
        <time>2026-05-29T17:08:18.000Z</time>
      </trkpt>
      <trkpt lat="44.212293" lon="15.471730">
        <ele>10.317175</ele>
        <time>2026-05-29T17:08:19.000Z</time>
      </trkpt>
      <trkpt lat="44.212294" lon="15.471786">
        <ele>10.389876</ele>
        <time>2026-05-29T17:08:20.000Z</time>
      </trkpt>
      <trkpt lat="44.212296" lon="15.471832">
        <ele>10.449686</ele>
        <time>2026-05-29T17:08:21.000Z</time>
      </trkpt>
      <trkpt lat="44.212297" lon="15.471898">
        <ele>10.535362</ele>
        <time>2026-05-29T17:08:22.000Z</time>
      </trkpt>
      <trkpt lat="44.212299" lon="15.471953">
        <ele>10.606835</ele>
        <time>2026-05-29T17:08:23.000Z</time>
      </trkpt>
      <trkpt lat="44.212298" lon="15.471996">
        <ele>10.662671</ele>
        <time>2026-05-29T17:08:24.000Z</time>
      </trkpt>
      <trkpt lat="44.212298" lon="15.472062">
        <ele>10.748329</ele>
        <time>2026-05-29T17:08:25.000Z</time>
      </trkpt>
      <trkpt lat="44.212299" lon="15.472118">
        <ele>10.821030</ele>
        <time>2026-05-29T17:08:26.000Z</time>
      </trkpt>
      <trkpt lat="44.212298" lon="15.472162">
        <ele>10.878163</ele>
        <time>2026-05-29T17:08:27.000Z</time>
      </trkpt>
      <trkpt lat="44.212299" lon="15.472229">
        <ele>10.965137</ele>
        <time>2026-05-29T17:08:28.000Z</time>
      </trkpt>
      <trkpt lat="44.212301" lon="15.472286">
        <ele>11.039202</ele>
        <time>2026-05-29T17:08:29.000Z</time>
      </trkpt>
      <trkpt lat="44.212301" lon="15.472331">
        <ele>11.097605</ele>
        <time>2026-05-29T17:08:30.000Z</time>
      </trkpt>
      <trkpt lat="44.212302" lon="15.472399">
        <ele>11.185876</ele>
        <time>2026-05-29T17:08:31.000Z</time>
      </trkpt>
      <trkpt lat="44.212301" lon="15.472454">
        <ele>11.257280</ele>
        <time>2026-05-29T17:08:32.000Z</time>
      </trkpt>
      <trkpt lat="44.212302" lon="15.472499">
        <ele>11.315711</ele>
        <time>2026-05-29T17:08:33.000Z</time>
      </trkpt>
      <trkpt lat="44.212309" lon="15.472551">
        <ele>11.384378</ele>
        <time>2026-05-29T17:08:34.000Z</time>
      </trkpt>
      <trkpt lat="44.212319" lon="15.472599">
        <ele>11.449252</ele>
        <time>2026-05-29T17:08:35.000Z</time>
      </trkpt>
      <trkpt lat="44.212341" lon="15.472646">
        <ele>11.522106</ele>
        <time>2026-05-29T17:08:36.000Z</time>
      </trkpt>
      <trkpt lat="44.212362" lon="15.472676">
        <ele>11.576528</ele>
        <time>2026-05-29T17:08:37.000Z</time>
      </trkpt>
      <trkpt lat="44.212379" lon="15.472704">
        <ele>11.624153</ele>
        <time>2026-05-29T17:08:38.000Z</time>
      </trkpt>
      <trkpt lat="44.212389" lon="15.472723">
        <ele>11.654745</ele>
        <time>2026-05-29T17:08:39.000Z</time>
      </trkpt>
      <trkpt lat="44.212397" lon="15.472745">
        <ele>11.661484</ele>
        <time>2026-05-29T17:08:40.000Z</time>
      </trkpt>
      <trkpt lat="44.212399" lon="15.472753">
        <ele>11.663495</ele>
        <time>2026-05-29T17:08:41.000Z</time>
      </trkpt>
      <trkpt lat="44.212408" lon="15.472615">
        <ele>11.696387</ele>
        <time>2026-05-29T17:21:51.000Z</time>
      </trkpt>
      <trkpt lat="44.212405" lon="15.472607">
        <ele>11.698530</ele>
        <time>2026-05-29T17:21:52.000Z</time>
      </trkpt>
      <trkpt lat="44.212500" lon="15.472533">
        <ele>11.734561</ele>
        <time>2026-05-29T17:22:05.000Z</time>
      </trkpt>
      <trkpt lat="44.212537" lon="15.472656">
        <ele>11.766223</ele>
        <time>2026-05-29T17:22:39.000Z</time>
      </trkpt>
      <trkpt lat="44.212536" lon="15.472664">
        <ele>11.768151</ele>
        <time>2026-05-29T17:22:40.000Z</time>
      </trkpt>
      <trkpt lat="44.212540" lon="15.472659">
        <ele>11.769929</ele>
        <time>2026-05-29T17:22:41.000Z</time>
      </trkpt>
      <trkpt lat="44.212537" lon="15.472654">
        <ele>11.771477</ele>
        <time>2026-05-29T17:22:42.000Z</time>
      </trkpt>
      <trkpt lat="44.212523" lon="15.472547">
        <ele>11.797294</ele>
        <time>2026-05-29T17:22:50.000Z</time>
      </trkpt>
      <trkpt lat="44.212522" lon="15.472544">
        <ele>11.798079</ele>
        <time>2026-05-29T17:22:51.000Z</time>
      </trkpt>
      <trkpt lat="44.212509" lon="15.472511">
        <ele>11.807017</ele>
        <time>2026-05-29T17:22:52.000Z</time>
      </trkpt>
      <trkpt lat="44.212500" lon="15.472495">
        <ele>11.811845</ele>
        <time>2026-05-29T17:22:53.000Z</time>
      </trkpt>
      <trkpt lat="44.212501" lon="15.472495">
        <ele>11.812176</ele>
        <time>2026-05-29T17:22:54.000Z</time>
      </trkpt>
      <trkpt lat="44.212509" lon="15.472511">
        <ele>11.816807</ele>
        <time>2026-05-29T17:22:56.000Z</time>
      </trkpt>
      <trkpt lat="44.212412" lon="15.472423">
        <ele>11.855123</ele>
        <time>2026-05-29T17:23:01.000Z</time>
      </trkpt>
      <trkpt lat="44.212394" lon="15.472400">
        <ele>11.863206</ele>
        <time>2026-05-29T17:23:02.000Z</time>
      </trkpt>
      <trkpt lat="44.212373" lon="15.472365">
        <ele>11.874040</ele>
        <time>2026-05-29T17:23:03.000Z</time>
      </trkpt>
      <trkpt lat="44.212360" lon="15.472350">
        <ele>11.879627</ele>
        <time>2026-05-29T17:23:04.000Z</time>
      </trkpt>
      <trkpt lat="44.212350" lon="15.472339">
        <ele>11.883844</ele>
        <time>2026-05-29T17:23:05.000Z</time>
      </trkpt>
      <trkpt lat="44.212353" lon="15.472357">
        <ele>11.888230</ele>
        <time>2026-05-29T17:23:06.000Z</time>
      </trkpt>
      <trkpt lat="44.212365" lon="15.472397">
        <ele>11.898523</ele>
        <time>2026-05-29T17:23:07.000Z</time>
      </trkpt>
      <trkpt lat="44.212390" lon="15.472486">
        <ele>11.921212</ele>
        <time>2026-05-29T17:23:08.000Z</time>
      </trkpt>
      <trkpt lat="44.212414" lon="15.472531">
        <ele>11.934526</ele>
        <time>2026-05-29T17:23:09.000Z</time>
      </trkpt>
      <trkpt lat="44.212436" lon="15.472562">
        <ele>11.944881</ele>
        <time>2026-05-29T17:23:10.000Z</time>
      </trkpt>
      <trkpt lat="44.212453" lon="15.472592">
        <ele>11.953958</ele>
        <time>2026-05-29T17:23:11.000Z</time>
      </trkpt>
      <trkpt lat="44.212464" lon="15.472633">
        <ele>11.964350</ele>
        <time>2026-05-29T17:23:12.000Z</time>
      </trkpt>
      <trkpt lat="44.212462" lon="15.472656">
        <ele>11.969849</ele>
        <time>2026-05-29T17:23:13.000Z</time>
      </trkpt>
      <trkpt lat="44.212465" lon="15.472692">
        <ele>11.978451</ele>
        <time>2026-05-29T17:23:14.000Z</time>
      </trkpt>
      <trkpt lat="44.212471" lon="15.472702">
        <ele>11.981547</ele>
        <time>2026-05-29T17:23:15.000Z</time>
      </trkpt>
      <trkpt lat="44.212479" lon="15.472704">
        <ele>11.984238</ele>
        <time>2026-05-29T17:23:16.000Z</time>
      </trkpt>
      <trkpt lat="44.212490" lon="15.472707">
        <ele>11.987950</ele>
        <time>2026-05-29T17:23:17.000Z</time>
      </trkpt>
      <trkpt lat="44.212493" lon="15.472708">
        <ele>11.988972</ele>
        <time>2026-05-29T17:23:18.000Z</time>
      </trkpt>
      <trkpt lat="44.212495" lon="15.472711">
        <ele>11.989944</ele>
        <time>2026-05-29T17:23:19.000Z</time>
      </trkpt>
      <trkpt lat="44.212498" lon="15.472701">
        <ele>11.992517</ele>
        <time>2026-05-29T17:23:20.000Z</time>
      </trkpt>
      <trkpt lat="44.212498" lon="15.472701">
        <ele>11.992517</ele>
        <time>2026-05-29T17:23:21.000Z</time>
      </trkpt>
      <trkpt lat="44.212504" lon="15.472725">
        <ele>11.998550</ele>
        <time>2026-05-29T17:23:22.000Z</time>
      </trkpt>
      <trkpt lat="44.212511" lon="15.472725">
        <ele>12.000868</ele>
        <time>2026-05-29T17:23:23.000Z</time>
      </trkpt>
      <trkpt lat="44.212526" lon="15.472731">
        <ele>12.006036</ele>
        <time>2026-05-29T17:23:24.000Z</time>
      </trkpt>
      <trkpt lat="44.212540" lon="15.472737">
        <ele>12.010886</ele>
        <time>2026-05-29T17:23:25.000Z</time>
      </trkpt>
      <trkpt lat="44.212556" lon="15.472740">
        <ele>12.016232</ele>
        <time>2026-05-29T17:23:26.000Z</time>
      </trkpt>
      <trkpt lat="44.212570" lon="15.472744">
        <ele>12.020965</ele>
        <time>2026-05-29T17:23:27.000Z</time>
      </trkpt>
      <trkpt lat="44.212589" lon="15.472766">
        <ele>12.029141</ele>
        <time>2026-05-29T17:23:28.000Z</time>
      </trkpt>
      <trkpt lat="44.212584" lon="15.472777">
        <ele>12.032233</ele>
        <time>2026-05-29T17:23:29.000Z</time>
      </trkpt>
      <trkpt lat="44.212571" lon="15.472762">
        <ele>12.037820</ele>
        <time>2026-05-29T17:23:30.000Z</time>
      </trkpt>
      <trkpt lat="44.212556" lon="15.472757">
        <ele>12.042927</ele>
        <time>2026-05-29T17:23:31.000Z</time>
      </trkpt>
      <trkpt lat="44.212553" lon="15.472758">
        <ele>12.043948</ele>
        <time>2026-05-29T17:23:32.000Z</time>
      </trkpt>
      <trkpt lat="44.212558" lon="15.472740">
        <ele>12.048530</ele>
        <time>2026-05-29T17:23:33.000Z</time>
      </trkpt>
      <trkpt lat="44.212558" lon="15.472740">
        <ele>12.048530</ele>
        <time>2026-05-29T17:23:34.000Z</time>
      </trkpt>
      <trkpt lat="44.212501" lon="15.472731">
        <ele>12.067527</ele>
        <time>2026-05-29T17:24:23.000Z</time>
      </trkpt>
      <trkpt lat="44.212504" lon="15.472737">
        <ele>12.069263</ele>
        <time>2026-05-29T17:24:24.000Z</time>
      </trkpt>
      <trkpt lat="44.212532" lon="15.472715">
        <ele>12.079905</ele>
        <time>2026-05-29T17:24:25.000Z</time>
      </trkpt>
      <trkpt lat="44.212532" lon="15.472708">
        <ele>12.081566</ele>
        <time>2026-05-29T17:24:26.000Z</time>
      </trkpt>
      <trkpt lat="44.212547" lon="15.472684">
        <ele>12.089125</ele>
        <time>2026-05-29T17:24:27.000Z</time>
      </trkpt>
      <trkpt lat="44.212548" lon="15.472685">
        <ele>12.089532</ele>
        <time>2026-05-29T17:24:28.000Z</time>
      </trkpt>
      <trkpt lat="44.212542" lon="15.472664">
        <ele>12.094898</ele>
        <time>2026-05-29T17:24:29.000Z</time>
      </trkpt>
      <trkpt lat="44.212535" lon="15.472639">
        <ele>12.101269</ele>
        <time>2026-05-29T17:24:30.000Z</time>
      </trkpt>
      <trkpt lat="44.212530" lon="15.472638">
        <ele>12.102942</ele>
        <time>2026-05-29T17:24:31.000Z</time>
      </trkpt>
      <trkpt lat="44.212528" lon="15.472626">
        <ele>12.105866</ele>
        <time>2026-05-29T17:24:32.000Z</time>
      </trkpt>
      <trkpt lat="44.212528" lon="15.472619">
        <ele>12.107527</ele>
        <time>2026-05-29T17:24:33.000Z</time>
      </trkpt>
      <trkpt lat="44.212534" lon="15.472606">
        <ele>12.111197</ele>
        <time>2026-05-29T17:24:34.000Z</time>
      </trkpt>
      <trkpt lat="44.212556" lon="15.472598">
        <ele>12.118726</ele>
        <time>2026-05-29T17:24:38.000Z</time>
      </trkpt>
      <trkpt lat="44.212561" lon="15.472589">
        <ele>12.121429</ele>
        <time>2026-05-29T17:24:40.000Z</time>
      </trkpt>
      <trkpt lat="44.212561" lon="15.472638">
        <ele>12.133060</ele>
        <time>2026-05-29T17:25:06.000Z</time>
      </trkpt>
      <trkpt lat="44.212561" lon="15.472634">
        <ele>12.134009</ele>
        <time>2026-05-29T17:25:07.000Z</time>
      </trkpt>
      <trkpt lat="44.212572" lon="15.472604">
        <ele>12.142008</ele>
        <time>2026-05-29T17:25:08.000Z</time>
      </trkpt>
      <trkpt lat="44.212587" lon="15.472589">
        <ele>12.148119</ele>
        <time>2026-05-29T17:25:09.000Z</time>
      </trkpt>
      <trkpt lat="44.212601" lon="15.472589">
        <ele>12.152755</ele>
        <time>2026-05-29T17:25:10.000Z</time>
      </trkpt>
      <trkpt lat="44.212617" lon="15.472583">
        <ele>12.158242</ele>
        <time>2026-05-29T17:25:11.000Z</time>
      </trkpt>
      <trkpt lat="44.212632" lon="15.472586">
        <ele>12.163260</ele>
        <time>2026-05-29T17:25:12.000Z</time>
      </trkpt>
      <trkpt lat="44.212640" lon="15.472589">
        <ele>12.166004</ele>
        <time>2026-05-29T17:25:13.000Z</time>
      </trkpt>
      <trkpt lat="44.212627" lon="15.472579">
        <ele>12.170920</ele>
        <time>2026-05-29T17:25:15.000Z</time>
      </trkpt>
      <trkpt lat="44.212626" lon="15.472577">
        <ele>12.171498</ele>
        <time>2026-05-29T17:25:16.000Z</time>
      </trkpt>
      <trkpt lat="44.212610" lon="15.472638">
        <ele>12.186916</ele>
        <time>2026-05-29T17:25:23.000Z</time>
      </trkpt>
      <trkpt lat="44.212620" lon="15.472550">
        <ele>12.208065</ele>
        <time>2026-05-29T17:25:57.000Z</time>
      </trkpt>
      <trkpt lat="44.212625" lon="15.472559">
        <ele>12.210768</ele>
        <time>2026-05-29T17:25:58.000Z</time>
      </trkpt>
      <trkpt lat="44.212635" lon="15.472606">
        <ele>12.222405</ele>
        <time>2026-05-29T17:25:59.000Z</time>
      </trkpt>
      <trkpt lat="44.212658" lon="15.472628">
        <ele>12.231640</ele>
        <time>2026-05-29T17:26:00.000Z</time>
      </trkpt>
      <trkpt lat="44.212641" lon="15.472647">
        <ele>12.238853</ele>
        <time>2026-05-29T17:26:01.000Z</time>
      </trkpt>
      <trkpt lat="44.212639" lon="15.472677">
        <ele>12.246004</ele>
        <time>2026-05-29T17:26:03.000Z</time>
      </trkpt>
      <trkpt lat="44.212638" lon="15.472675">
        <ele>12.246583</ele>
        <time>2026-05-29T17:26:04.000Z</time>
      </trkpt>
      <trkpt lat="44.212569" lon="15.472595">
        <ele>12.222111</ele>
        <time>2026-05-29T17:26:46.000Z</time>
      </trkpt>
      <trkpt lat="44.212550" lon="15.472583">
        <ele>12.213947</ele>
        <time>2026-05-29T17:26:47.000Z</time>
      </trkpt>
      <trkpt lat="44.212524" lon="15.472579">
        <ele>12.203708</ele>
        <time>2026-05-29T17:26:48.000Z</time>
      </trkpt>
      <trkpt lat="44.212499" lon="15.472595">
        <ele>12.192942</ele>
        <time>2026-05-29T17:26:49.000Z</time>
      </trkpt>
      <trkpt lat="44.212472" lon="15.472600">
        <ele>12.182280</ele>
        <time>2026-05-29T17:26:50.000Z</time>
      </trkpt>
      <trkpt lat="44.212443" lon="15.472602">
        <ele>12.170915</ele>
        <time>2026-05-29T17:26:51.000Z</time>
      </trkpt>
      <trkpt lat="44.212433" lon="15.472603">
        <ele>12.166991</ele>
        <time>2026-05-29T17:26:52.000Z</time>
      </trkpt>
      <trkpt lat="44.212446" lon="15.472621">
        <ele>12.159821</ele>
        <time>2026-05-29T17:26:54.000Z</time>
      </trkpt>
      <trkpt lat="44.212423" lon="15.472672">
        <ele>12.142916</ele>
        <time>2026-05-29T17:27:04.000Z</time>
      </trkpt>
      <trkpt lat="44.212427" lon="15.472660">
        <ele>12.139203</ele>
        <time>2026-05-29T17:27:05.000Z</time>
      </trkpt>
      <trkpt lat="44.212434" lon="15.472641">
        <ele>12.133209</ele>
        <time>2026-05-29T17:27:06.000Z</time>
      </trkpt>
      <trkpt lat="44.212448" lon="15.472634">
        <ele>12.127388</ele>
        <time>2026-05-29T17:27:07.000Z</time>
      </trkpt>
      <trkpt lat="44.212457" lon="15.472597">
        <ele>12.116426</ele>
        <time>2026-05-29T17:27:08.000Z</time>
      </trkpt>
      <trkpt lat="44.212461" lon="15.472594">
        <ele>12.114648</ele>
        <time>2026-05-29T17:27:09.000Z</time>
      </trkpt>
      <trkpt lat="44.212475" lon="15.472623">
        <ele>12.104838</ele>
        <time>2026-05-29T17:27:10.000Z</time>
      </trkpt>
      <trkpt lat="44.212453" lon="15.472703">
        <ele>12.080798</ele>
        <time>2026-05-29T17:27:12.000Z</time>
      </trkpt>
      <trkpt lat="44.212338" lon="15.473008">
        <ele>11.984109</ele>
        <time>2026-05-29T17:27:15.000Z</time>
      </trkpt>
      <trkpt lat="44.212337" lon="15.472990">
        <ele>11.979044</ele>
        <time>2026-05-29T17:27:16.000Z</time>
      </trkpt>
      <trkpt lat="44.212466" lon="15.472657">
        <ele>11.872844</ele>
        <time>2026-05-29T17:27:39.000Z</time>
      </trkpt>
      <trkpt lat="44.212467" lon="15.472656">
        <ele>11.872362</ele>
        <time>2026-05-29T17:27:40.000Z</time>
      </trkpt>
      <trkpt lat="44.212464" lon="15.472665">
        <ele>11.869577</ele>
        <time>2026-05-29T17:27:41.000Z</time>
      </trkpt>
      <trkpt lat="44.212464" lon="15.472665">
        <ele>11.869577</ele>
        <time>2026-05-29T17:27:42.000Z</time>
      </trkpt>
      <trkpt lat="44.212474" lon="15.472686">
        <ele>11.862504</ele>
        <time>2026-05-29T17:27:45.000Z</time>
      </trkpt>
      <trkpt lat="44.212475" lon="15.472622">
        <ele>11.844544</ele>
        <time>2026-05-29T17:27:46.000Z</time>
      </trkpt>
      <trkpt lat="44.212475" lon="15.472621">
        <ele>11.844263</ele>
        <time>2026-05-29T17:27:47.000Z</time>
      </trkpt>
      <trkpt lat="44.212475" lon="15.472621">
        <ele>11.844263</ele>
        <time>2026-05-29T17:27:48.000Z</time>
      </trkpt>
      <trkpt lat="44.212435" lon="15.472652">
        <ele>11.826352</ele>
        <time>2026-05-29T17:28:05.000Z</time>
      </trkpt>
      <trkpt lat="44.212429" lon="15.472665">
        <ele>11.822014</ele>
        <time>2026-05-29T17:28:06.000Z</time>
      </trkpt>
      <trkpt lat="44.212425" lon="15.472674">
        <ele>11.819043</ele>
        <time>2026-05-29T17:28:07.000Z</time>
      </trkpt>
      <trkpt lat="44.212425" lon="15.472674">
        <ele>11.819043</ele>
        <time>2026-05-29T17:28:08.000Z</time>
      </trkpt>
      <trkpt lat="44.212438" lon="15.472653">
        <ele>11.811258</ele>
        <time>2026-05-29T17:28:20.000Z</time>
      </trkpt>
      <trkpt lat="44.212443" lon="15.472650">
        <ele>11.809128</ele>
        <time>2026-05-29T17:28:21.000Z</time>
      </trkpt>
      <trkpt lat="44.212451" lon="15.472588">
        <ele>11.791453</ele>
        <time>2026-05-29T17:28:22.000Z</time>
      </trkpt>
      <trkpt lat="44.212462" lon="15.472610">
        <ele>11.783927</ele>
        <time>2026-05-29T17:28:23.000Z</time>
      </trkpt>
      <trkpt lat="44.212470" lon="15.472582">
        <ele>11.775470</ele>
        <time>2026-05-29T17:28:24.000Z</time>
      </trkpt>
      <trkpt lat="44.212470" lon="15.472583">
        <ele>11.775190</ele>
        <time>2026-05-29T17:28:25.000Z</time>
      </trkpt>
      <trkpt lat="44.212465" lon="15.472593">
        <ele>11.771769</ele>
        <time>2026-05-29T17:28:26.000Z</time>
      </trkpt>
      <trkpt lat="44.212467" lon="15.472586">
        <ele>11.769655</ele>
        <time>2026-05-29T17:28:28.000Z</time>
      </trkpt>
      <trkpt lat="44.212392" lon="15.472765">
        <ele>11.711483</ele>
        <time>2026-05-29T17:29:01.000Z</time>
      </trkpt>
      <trkpt lat="44.212392" lon="15.472764">
        <ele>11.711202</ele>
        <time>2026-05-29T17:29:02.000Z</time>
      </trkpt>
      <trkpt lat="44.212392" lon="15.472764">
        <ele>11.711202</ele>
        <time>2026-05-29T17:29:03.000Z</time>
      </trkpt>
      <trkpt lat="44.212373" lon="15.472664">
        <ele>11.682177</ele>
        <time>2026-05-29T17:31:31.000Z</time>
      </trkpt>
      <trkpt lat="44.212376" lon="15.472654">
        <ele>11.679136</ele>
        <time>2026-05-29T17:31:32.000Z</time>
      </trkpt>
      <trkpt lat="44.212377" lon="15.472645">
        <ele>11.676580</ele>
        <time>2026-05-29T17:31:33.000Z</time>
      </trkpt>
      <trkpt lat="44.212382" lon="15.472638">
        <ele>11.673808</ele>
        <time>2026-05-29T17:31:34.000Z</time>
      </trkpt>
      <trkpt lat="44.212475" lon="15.472626">
        <ele>11.637249</ele>
        <time>2026-05-29T17:32:18.000Z</time>
      </trkpt>
      <trkpt lat="44.212475" lon="15.472621">
        <ele>11.635846</ele>
        <time>2026-05-29T17:32:19.000Z</time>
      </trkpt>
      <trkpt lat="44.212483" lon="15.472657">
        <ele>11.625272</ele>
        <time>2026-05-29T17:32:48.000Z</time>
      </trkpt>
      <trkpt lat="44.212488" lon="15.472627">
        <ele>11.616630</ele>
        <time>2026-05-29T17:32:57.000Z</time>
      </trkpt>
      <trkpt lat="44.212492" lon="15.472602">
        <ele>11.609444</ele>
        <time>2026-05-29T17:32:58.000Z</time>
      </trkpt>
      <trkpt lat="44.212493" lon="15.472597">
        <ele>11.607987</ele>
        <time>2026-05-29T17:32:59.000Z</time>
      </trkpt>
      <trkpt lat="44.212487" lon="15.472612">
        <ele>11.603168</ele>
        <time>2026-05-29T17:33:00.000Z</time>
      </trkpt>
      <trkpt lat="44.212494" lon="15.472616">
        <ele>11.600207</ele>
        <time>2026-05-29T17:33:01.000Z</time>
      </trkpt>
      <trkpt lat="44.212497" lon="15.472613">
        <ele>11.598762</ele>
        <time>2026-05-29T17:33:02.000Z</time>
      </trkpt>
      <trkpt lat="44.212483" lon="15.472648">
        <ele>11.587517</ele>
        <time>2026-05-29T17:33:13.000Z</time>
      </trkpt>
      <trkpt lat="44.212455" lon="15.472646">
        <ele>11.576542</ele>
        <time>2026-05-29T17:33:14.000Z</time>
      </trkpt>
      <trkpt lat="44.212419" lon="15.472643">
        <ele>11.562426</ele>
        <time>2026-05-29T17:33:15.000Z</time>
      </trkpt>
      <trkpt lat="44.212379" lon="15.472638">
        <ele>11.548889</ele>
        <time>2026-05-29T17:33:16.000Z</time>
      </trkpt>
      <trkpt lat="44.212388" lon="15.472616">
        <ele>11.563643</ele>
        <time>2026-05-29T17:33:17.000Z</time>
      </trkpt>
      <trkpt lat="44.212402" lon="15.472592">
        <ele>11.581666</ele>
        <time>2026-05-29T17:33:18.000Z</time>
      </trkpt>
      <trkpt lat="44.212418" lon="15.472591">
        <ele>11.594681</ele>
        <time>2026-05-29T17:33:19.000Z</time>
      </trkpt>
      <trkpt lat="44.212417" lon="15.472595">
        <ele>11.597148</ele>
        <time>2026-05-29T17:33:20.000Z</time>
      </trkpt>
      <trkpt lat="44.212514" lon="15.472708">
        <ele>11.699838</ele>
        <time>2026-05-29T17:33:46.000Z</time>
      </trkpt>
      <trkpt lat="44.212499" lon="15.472727">
        <ele>11.716301</ele>
        <time>2026-05-29T17:33:47.000Z</time>
      </trkpt>
      <trkpt lat="44.212495" lon="15.472713">
        <ele>11.725079</ele>
        <time>2026-05-29T17:33:48.000Z</time>
      </trkpt>
      <trkpt lat="44.212487" lon="15.472700">
        <ele>11.735059</ele>
        <time>2026-05-29T17:33:49.000Z</time>
      </trkpt>
      <trkpt lat="44.212484" lon="15.472693">
        <ele>11.739809</ele>
        <time>2026-05-29T17:33:50.000Z</time>
      </trkpt>
      <trkpt lat="44.212499" lon="15.472679">
        <ele>11.754475</ele>
        <time>2026-05-29T17:33:51.000Z</time>
      </trkpt>
      <trkpt lat="44.212518" lon="15.472640">
        <ele>11.781941</ele>
        <time>2026-05-29T17:33:52.000Z</time>
      </trkpt>
      <trkpt lat="44.212527" lon="15.472630">
        <ele>11.791290</ele>
        <time>2026-05-29T17:33:53.000Z</time>
      </trkpt>
      <trkpt lat="44.212532" lon="15.472608">
        <ele>11.804733</ele>
        <time>2026-05-29T17:33:54.000Z</time>
      </trkpt>
      <trkpt lat="44.212530" lon="15.472588">
        <ele>11.816495</ele>
        <time>2026-05-29T17:33:55.000Z</time>
      </trkpt>
      <trkpt lat="44.212529" lon="15.472585">
        <ele>11.818422</ele>
        <time>2026-05-29T17:33:56.000Z</time>
      </trkpt>
      <trkpt lat="44.212530" lon="15.472574">
        <ele>11.824880</ele>
        <time>2026-05-29T17:33:57.000Z</time>
      </trkpt>
      <trkpt lat="44.212540" lon="15.472556">
        <ele>11.838145</ele>
        <time>2026-05-29T17:33:58.000Z</time>
      </trkpt>
      <trkpt lat="44.212553" lon="15.472543">
        <ele>11.851142</ele>
        <time>2026-05-29T17:33:59.000Z</time>
      </trkpt>
      <trkpt lat="44.212558" lon="15.472536">
        <ele>11.856898</ele>
        <time>2026-05-29T17:34:00.000Z</time>
      </trkpt>
      <trkpt lat="44.212562" lon="15.472531">
        <ele>11.861262</ele>
        <time>2026-05-29T17:34:01.000Z</time>
      </trkpt>
      <trkpt lat="44.212513" lon="15.472582">
        <ele>11.910940</ele>
        <time>2026-05-29T17:34:02.000Z</time>
      </trkpt>
      <trkpt lat="44.212467" lon="15.472669">
        <ele>11.973909</ele>
        <time>2026-05-29T17:34:03.000Z</time>
      </trkpt>
      <trkpt lat="44.212464" lon="15.472677">
        <ele>11.979168</ele>
        <time>2026-05-29T17:34:04.000Z</time>
      </trkpt>
      <trkpt lat="44.212464" lon="15.472677">
        <ele>11.979168</ele>
        <time>2026-05-29T17:34:05.000Z</time>
      </trkpt>
      <trkpt lat="44.212463" lon="15.472677">
        <ele>11.979980</ele>
        <time>2026-05-29T17:34:08.000Z</time>
      </trkpt>
      <trkpt lat="44.212447" lon="15.472728">
        <ele>12.012406</ele>
        <time>2026-05-29T17:34:39.000Z</time>
      </trkpt>
      <trkpt lat="44.212448" lon="15.472728">
        <ele>12.013219</ele>
        <time>2026-05-29T17:34:40.000Z</time>
      </trkpt>
      <trkpt lat="44.212452" lon="15.472719">
        <ele>12.019387</ele>
        <time>2026-05-29T17:34:41.000Z</time>
      </trkpt>
      <trkpt lat="44.212452" lon="15.472716">
        <ele>12.021134</ele>
        <time>2026-05-29T17:34:42.000Z</time>
      </trkpt>
      <trkpt lat="44.212450" lon="15.472718">
        <ele>12.023134</ele>
        <time>2026-05-29T17:34:43.000Z</time>
      </trkpt>
      <trkpt lat="44.212450" lon="15.472718">
        <ele>12.023134</ele>
        <time>2026-05-29T17:34:44.000Z</time>
      </trkpt>
      <trkpt lat="44.212448" lon="15.472733">
        <ele>12.032020</ele>
        <time>2026-05-29T17:34:45.000Z</time>
      </trkpt>
      <trkpt lat="44.212442" lon="15.472766">
        <ele>12.051850</ele>
        <time>2026-05-29T17:34:46.000Z</time>
      </trkpt>
      <trkpt lat="44.212439" lon="15.472780">
        <ele>12.060361</ele>
        <time>2026-05-29T17:34:47.000Z</time>
      </trkpt>
      <trkpt lat="44.212436" lon="15.472778">
        <ele>12.063063</ele>
        <time>2026-05-29T17:34:48.000Z</time>
      </trkpt>
      <trkpt lat="44.212435" lon="15.472776">
        <ele>12.064483</ele>
        <time>2026-05-29T17:34:49.000Z</time>
      </trkpt>
      <trkpt lat="44.212436" lon="15.472774">
        <ele>12.065904</ele>
        <time>2026-05-29T17:34:50.000Z</time>
      </trkpt>
      <trkpt lat="44.212435" lon="15.472790">
        <ele>12.075258</ele>
        <time>2026-05-29T17:34:51.000Z</time>
      </trkpt>
      <trkpt lat="44.212418" lon="15.472793">
        <ele>12.089183</ele>
        <time>2026-05-29T17:34:52.000Z</time>
      </trkpt>
      <trkpt lat="44.212423" lon="15.472782">
        <ele>12.096769</ele>
        <time>2026-05-29T17:34:53.000Z</time>
      </trkpt>
      <trkpt lat="44.212430" lon="15.472768">
        <ele>12.106712</ele>
        <time>2026-05-29T17:34:54.000Z</time>
      </trkpt>
      <trkpt lat="44.212427" lon="15.472769">
        <ele>12.109218</ele>
        <time>2026-05-29T17:34:55.000Z</time>
      </trkpt>
      <trkpt lat="44.212427" lon="15.472770">
        <ele>12.109801</ele>
        <time>2026-05-29T17:34:56.000Z</time>
      </trkpt>
      <trkpt lat="44.212431" lon="15.472770">
        <ele>12.113051</ele>
        <time>2026-05-29T17:34:57.000Z</time>
      </trkpt>
      <trkpt lat="44.212437" lon="15.472792">
        <ele>12.126761</ele>
        <time>2026-05-29T17:34:58.000Z</time>
      </trkpt>
      <trkpt lat="44.212437" lon="15.472789">
        <ele>12.128509</ele>
        <time>2026-05-29T17:34:59.000Z</time>
      </trkpt>
      <trkpt lat="44.212448" lon="15.472786">
        <ele>12.137617</ele>
        <time>2026-05-29T17:35:00.000Z</time>
      </trkpt>
      <trkpt lat="44.212467" lon="15.472775">
        <ele>12.154333</ele>
        <time>2026-05-29T17:35:01.000Z</time>
      </trkpt>
      <trkpt lat="44.212500" lon="15.472745">
        <ele>12.186340</ele>
        <time>2026-05-29T17:35:02.000Z</time>
      </trkpt>
      <trkpt lat="44.212500" lon="15.472746">
        <ele>12.186922</ele>
        <time>2026-05-29T17:35:03.000Z</time>
      </trkpt>
      <trkpt lat="44.212500" lon="15.472746">
        <ele>12.186922</ele>
        <time>2026-05-29T17:35:04.000Z</time>
      </trkpt>
      <trkpt lat="44.212569" lon="15.472739">
        <ele>12.243141</ele>
        <time>2026-05-29T17:35:27.000Z</time>
      </trkpt>
      <trkpt lat="44.212575" lon="15.472742">
        <ele>12.248320</ele>
        <time>2026-05-29T17:35:28.000Z</time>
      </trkpt>
      <trkpt lat="44.212582" lon="15.472731">
        <ele>12.256888</ele>
        <time>2026-05-29T17:35:29.000Z</time>
      </trkpt>
      <trkpt lat="44.212580" lon="15.472731">
        <ele>12.258513</ele>
        <time>2026-05-29T17:35:30.000Z</time>
      </trkpt>
      <trkpt lat="44.212589" lon="15.472713">
        <ele>12.271296</ele>
        <time>2026-05-29T17:35:31.000Z</time>
      </trkpt>
      <trkpt lat="44.212587" lon="15.472704">
        <ele>12.276784</ele>
        <time>2026-05-29T17:35:32.000Z</time>
      </trkpt>
      <trkpt lat="44.212582" lon="15.472702">
        <ele>12.281011</ele>
        <time>2026-05-29T17:35:33.000Z</time>
      </trkpt>
      <trkpt lat="44.212582" lon="15.472702">
        <ele>12.281011</ele>
        <time>2026-05-29T17:35:34.000Z</time>
      </trkpt>
      <trkpt lat="44.212573" lon="15.472679">
        <ele>12.296274</ele>
        <time>2026-05-29T17:35:56.000Z</time>
      </trkpt>
      <trkpt lat="44.212578" lon="15.472674">
        <ele>12.301273</ele>
        <time>2026-05-29T17:35:57.000Z</time>
      </trkpt>
      <trkpt lat="44.212582" lon="15.472665">
        <ele>12.307441</ele>
        <time>2026-05-29T17:35:58.000Z</time>
      </trkpt>
      <trkpt lat="44.212589" lon="15.472644">
        <ele>12.320930</ele>
        <time>2026-05-29T17:35:59.000Z</time>
      </trkpt>
      <trkpt lat="44.212594" lon="15.472638">
        <ele>12.326290</ele>
        <time>2026-05-29T17:36:00.000Z</time>
      </trkpt>
      <trkpt lat="44.212594" lon="15.472638">
        <ele>12.326290</ele>
        <time>2026-05-29T17:36:01.000Z</time>
      </trkpt>
      <trkpt lat="44.212553" lon="15.472651">
        <ele>12.360457</ele>
        <time>2026-05-29T17:36:14.000Z</time>
      </trkpt>
      <trkpt lat="44.212548" lon="15.472706">
        <ele>12.392748</ele>
        <time>2026-05-29T17:36:15.000Z</time>
      </trkpt>
      <trkpt lat="44.212536" lon="15.472699">
        <ele>12.403317</ele>
        <time>2026-05-29T17:36:16.000Z</time>
      </trkpt>
      <trkpt lat="44.212527" lon="15.472709">
        <ele>12.412667</ele>
        <time>2026-05-29T17:36:17.000Z</time>
      </trkpt>
      <trkpt lat="44.212528" lon="15.472710">
        <ele>12.413667</ele>
        <time>2026-05-29T17:36:18.000Z</time>
      </trkpt>
      <trkpt lat="44.212540" lon="15.472687">
        <ele>12.430236</ele>
        <time>2026-05-29T17:36:19.000Z</time>
      </trkpt>
      <trkpt lat="44.212557" lon="15.472659">
        <ele>12.451609</ele>
        <time>2026-05-29T17:36:20.000Z</time>
      </trkpt>
      <trkpt lat="44.212551" lon="15.472656">
        <ele>12.456789</ele>
        <time>2026-05-29T17:36:21.000Z</time>
      </trkpt>
      <trkpt lat="44.212553" lon="15.472637">
        <ele>12.467974</ele>
        <time>2026-05-29T17:36:22.000Z</time>
      </trkpt>
      <trkpt lat="44.212553" lon="15.472636">
        <ele>12.468557</ele>
        <time>2026-05-29T17:36:23.000Z</time>
      </trkpt>
      <trkpt lat="44.212496" lon="15.472718">
        <ele>12.535089</ele>
        <time>2026-05-29T17:36:43.000Z</time>
      </trkpt>
      <trkpt lat="44.212503" lon="15.472712">
        <ele>12.541765</ele>
        <time>2026-05-29T17:36:45.000Z</time>
      </trkpt>
      <trkpt lat="44.212510" lon="15.472693">
        <ele>12.554208</ele>
        <time>2026-05-29T17:36:46.000Z</time>
      </trkpt>
      <trkpt lat="44.212518" lon="15.472678">
        <ele>12.565098</ele>
        <time>2026-05-29T17:36:47.000Z</time>
      </trkpt>
      <trkpt lat="44.212521" lon="15.472666">
        <ele>12.572500</ele>
        <time>2026-05-29T17:36:48.000Z</time>
      </trkpt>
      <trkpt lat="44.212519" lon="15.472661">
        <ele>12.575835</ele>
        <time>2026-05-29T17:36:49.000Z</time>
      </trkpt>
      <trkpt lat="44.212519" lon="15.472661">
        <ele>12.575835</ele>
        <time>2026-05-29T17:36:51.000Z</time>
      </trkpt>
      <trkpt lat="44.212560" lon="15.472615">
        <ele>12.618589</ele>
        <time>2026-05-29T17:36:52.000Z</time>
      </trkpt>
      <trkpt lat="44.212307" lon="15.472575">
        <ele>12.825497</ele>
        <time>2026-05-29T17:37:23.000Z</time>
      </trkpt>
      <trkpt lat="44.212311" lon="15.472569">
        <ele>12.830270</ele>
        <time>2026-05-29T17:37:24.000Z</time>
      </trkpt>
      <trkpt lat="44.212311" lon="15.472569">
        <ele>12.830270</ele>
        <time>2026-05-29T17:37:25.000Z</time>
      </trkpt>
      <trkpt lat="44.212311" lon="15.472569">
        <ele>12.830270</ele>
        <time>2026-05-29T17:37:26.000Z</time>
      </trkpt>
      <trkpt lat="44.212450" lon="15.472573">
        <ele>12.943248</ele>
        <time>2026-05-29T17:37:33.000Z</time>
      </trkpt>
      <trkpt lat="44.212470" lon="15.472556">
        <ele>12.962279</ele>
        <time>2026-05-29T17:37:34.000Z</time>
      </trkpt>
      <trkpt lat="44.212462" lon="15.472569">
        <ele>12.972259</ele>
        <time>2026-05-29T17:37:35.000Z</time>
      </trkpt>
      <trkpt lat="44.212472" lon="15.472567">
        <ele>12.980468</ele>
        <time>2026-05-29T17:37:36.000Z</time>
      </trkpt>
      <trkpt lat="44.212479" lon="15.472567">
        <ele>12.986156</ele>
        <time>2026-05-29T17:37:37.000Z</time>
      </trkpt>
      <trkpt lat="44.212482" lon="15.472570">
        <ele>12.989156</ele>
        <time>2026-05-29T17:37:38.000Z</time>
      </trkpt>
      <trkpt lat="44.212478" lon="15.472588">
        <ele>13.000132</ele>
        <time>2026-05-29T17:37:39.000Z</time>
      </trkpt>
      <trkpt lat="44.212473" lon="15.472611">
        <ele>13.005954</ele>
        <time>2026-05-29T17:37:40.000Z</time>
      </trkpt>
      <trkpt lat="44.212464" lon="15.472624">
        <ele>12.999626</ele>
        <time>2026-05-29T17:37:41.000Z</time>
      </trkpt>
      <trkpt lat="44.212506" lon="15.472603">
        <ele>12.977831</ele>
        <time>2026-05-29T17:37:42.000Z</time>
      </trkpt>
      <trkpt lat="44.212503" lon="15.472622">
        <ele>12.971019</ele>
        <time>2026-05-29T17:37:43.000Z</time>
      </trkpt>
      <trkpt lat="44.212467" lon="15.472675">
        <ele>12.945453</ele>
        <time>2026-05-29T17:37:44.000Z</time>
      </trkpt>
      <trkpt lat="44.212471" lon="15.472629">
        <ele>12.929229</ele>
        <time>2026-05-29T17:37:45.000Z</time>
      </trkpt>
      <trkpt lat="44.212459" lon="15.472643">
        <ele>12.921587</ele>
        <time>2026-05-29T17:37:46.000Z</time>
      </trkpt>
      <trkpt lat="44.212427" lon="15.472651">
        <ele>12.905706</ele>
        <time>2026-05-29T17:37:47.000Z</time>
      </trkpt>
      <trkpt lat="44.212408" lon="15.472656">
        <ele>12.896261</ele>
        <time>2026-05-29T17:37:48.000Z</time>
      </trkpt>
      <trkpt lat="44.212392" lon="15.472670">
        <ele>12.887035</ele>
        <time>2026-05-29T17:37:49.000Z</time>
      </trkpt>
      <trkpt lat="44.212400" lon="15.472678">
        <ele>12.882227</ele>
        <time>2026-05-29T17:37:50.000Z</time>
      </trkpt>
      <trkpt lat="44.212425" lon="15.472697">
        <ele>12.868320</ele>
        <time>2026-05-29T17:37:51.000Z</time>
      </trkpt>
      <trkpt lat="44.212435" lon="15.472715">
        <ele>12.860346</ele>
        <time>2026-05-29T17:37:52.000Z</time>
      </trkpt>
      <trkpt lat="44.212468" lon="15.472717">
        <ele>12.844211</ele>
        <time>2026-05-29T17:37:53.000Z</time>
      </trkpt>
      <trkpt lat="44.212505" lon="15.472691">
        <ele>12.823973</ele>
        <time>2026-05-29T17:37:54.000Z</time>
      </trkpt>
      <trkpt lat="44.212525" lon="15.472670">
        <ele>12.811746</ele>
        <time>2026-05-29T17:37:55.000Z</time>
      </trkpt>
      <trkpt lat="44.212551" lon="15.472675">
        <ele>12.798925</ele>
        <time>2026-05-29T17:37:56.000Z</time>
      </trkpt>
      <trkpt lat="44.212576" lon="15.472689">
        <ele>12.785765</ele>
        <time>2026-05-29T17:37:57.000Z</time>
      </trkpt>
      <trkpt lat="44.212596" lon="15.472695">
        <ele>12.775772</ele>
        <time>2026-05-29T17:37:58.000Z</time>
      </trkpt>
      <trkpt lat="44.212589" lon="15.472710">
        <ele>12.769505</ele>
        <time>2026-05-29T17:37:59.000Z</time>
      </trkpt>
      <trkpt lat="44.212536" lon="15.472720">
        <ele>12.743379</ele>
        <time>2026-05-29T17:38:00.000Z</time>
      </trkpt>
      <trkpt lat="44.212505" lon="15.472737">
        <ele>12.727107</ele>
        <time>2026-05-29T17:38:01.000Z</time>
      </trkpt>
      <trkpt lat="44.212499" lon="15.472752">
        <ele>12.721093</ele>
        <time>2026-05-29T17:38:02.000Z</time>
      </trkpt>
      <trkpt lat="44.212469" lon="15.472768">
        <ele>12.705404</ele>
        <time>2026-05-29T17:38:03.000Z</time>
      </trkpt>
      <trkpt lat="44.212433" lon="15.472768">
        <ele>12.687818</ele>
        <time>2026-05-29T17:38:04.000Z</time>
      </trkpt>
      <trkpt lat="44.212408" lon="15.472755">
        <ele>12.674785</ele>
        <time>2026-05-29T17:38:05.000Z</time>
      </trkpt>
      <trkpt lat="44.212397" lon="15.472689">
        <ele>12.651059</ele>
        <time>2026-05-29T17:38:06.000Z</time>
      </trkpt>
      <trkpt lat="44.212454" lon="15.472615">
        <ele>12.613024</ele>
        <time>2026-05-29T17:38:07.000Z</time>
      </trkpt>
      <trkpt lat="44.212469" lon="15.472576">
        <ele>12.597527</ele>
        <time>2026-05-29T17:38:08.000Z</time>
      </trkpt>
      <trkpt lat="44.212249" lon="15.472853">
        <ele>12.452765</ele>
        <time>2026-05-29T17:38:20.000Z</time>
      </trkpt>
      <trkpt lat="44.212285" lon="15.472957">
        <ele>12.412326</ele>
        <time>2026-05-29T17:38:21.000Z</time>
      </trkpt>
      <trkpt lat="44.212325" lon="15.472926">
        <ele>12.389974</ele>
        <time>2026-05-29T17:38:22.000Z</time>
      </trkpt>
      <trkpt lat="44.212350" lon="15.472862">
        <ele>12.364454</ele>
        <time>2026-05-29T17:38:23.000Z</time>
      </trkpt>
      <trkpt lat="44.212373" lon="15.472775">
        <ele>12.331986</ele>
        <time>2026-05-29T17:38:24.000Z</time>
      </trkpt>
      <trkpt lat="44.212401" lon="15.472763">
        <ele>12.317677</ele>
        <time>2026-05-29T17:38:25.000Z</time>
      </trkpt>
      <trkpt lat="44.212425" lon="15.472780">
        <ele>12.304529</ele>
        <time>2026-05-29T17:38:26.000Z</time>
      </trkpt>
      <trkpt lat="44.212399" lon="15.472782">
        <ele>12.291808</ele>
        <time>2026-05-29T17:38:27.000Z</time>
      </trkpt>
      <trkpt lat="44.212424" lon="15.472836">
        <ele>12.269300</ele>
        <time>2026-05-29T17:38:28.000Z</time>
      </trkpt>
      <trkpt lat="44.212438" lon="15.472913">
        <ele>12.241486</ele>
        <time>2026-05-29T17:38:29.000Z</time>
      </trkpt>
      <trkpt lat="44.212472" lon="15.472956">
        <ele>12.219068</ele>
        <time>2026-05-29T17:38:30.000Z</time>
      </trkpt>
      <trkpt lat="44.212489" lon="15.473006">
        <ele>12.199692</ele>
        <time>2026-05-29T17:38:31.000Z</time>
      </trkpt>
      <trkpt lat="44.212507" lon="15.473013">
        <ele>12.190564</ele>
        <time>2026-05-29T17:38:32.000Z</time>
      </trkpt>
      <trkpt lat="44.212537" lon="15.473079">
        <ele>12.163200</ele>
        <time>2026-05-29T17:38:33.000Z</time>
      </trkpt>
      <trkpt lat="44.212551" lon="15.473144">
        <ele>12.139436</ele>
        <time>2026-05-29T17:38:34.000Z</time>
      </trkpt>
      <trkpt lat="44.212585" lon="15.473176">
        <ele>12.105642</ele>
        <time>2026-05-29T17:38:35.000Z</time>
      </trkpt>
      <trkpt lat="44.212624" lon="15.473265">
        <ele>12.023394</ele>
        <time>2026-05-29T17:38:36.000Z</time>
      </trkpt>
      <trkpt lat="44.212637" lon="15.473328">
        <ele>11.971704</ele>
        <time>2026-05-29T17:38:37.000Z</time>
      </trkpt>
      <trkpt lat="44.212411" lon="15.472741">
        <ele>11.446333</ele>
        <time>2026-05-29T17:48:28.000Z</time>
      </trkpt>
      <trkpt lat="44.212411" lon="15.472741">
        <ele>11.446333</ele>
        <time>2026-05-29T17:48:29.000Z</time>
      </trkpt>
      <trkpt lat="44.212343" lon="15.472773">
        <ele>11.367390</ele>
        <time>2026-05-29T17:59:14.000Z</time>
      </trkpt>
      <trkpt lat="44.212335" lon="15.472797">
        <ele>11.346521</ele>
        <time>2026-05-29T17:59:15.000Z</time>
      </trkpt>
      <trkpt lat="44.212322" lon="15.472822">
        <ele>11.322168</ele>
        <time>2026-05-29T17:59:16.000Z</time>
      </trkpt>
      <trkpt lat="44.212310" lon="15.472848">
        <ele>11.297785</ele>
        <time>2026-05-29T17:59:17.000Z</time>
      </trkpt>
      <trkpt lat="44.212305" lon="15.472878">
        <ele>11.273501</ele>
        <time>2026-05-29T17:59:18.000Z</time>
      </trkpt>
      <trkpt lat="44.212302" lon="15.472905">
        <ele>11.251958</ele>
        <time>2026-05-29T17:59:19.000Z</time>
      </trkpt>
      <trkpt lat="44.212300" lon="15.472932">
        <ele>11.230556</ele>
        <time>2026-05-29T17:59:20.000Z</time>
      </trkpt>
      <trkpt lat="44.212300" lon="15.472962">
        <ele>11.206902</ele>
        <time>2026-05-29T17:59:21.000Z</time>
      </trkpt>
      <trkpt lat="44.212297" lon="15.472993">
        <ele>11.182238</ele>
        <time>2026-05-29T17:59:22.000Z</time>
      </trkpt>
      <trkpt lat="44.212290" lon="15.473031">
        <ele>11.151302</ele>
        <time>2026-05-29T17:59:23.000Z</time>
      </trkpt>
      <trkpt lat="44.212285" lon="15.473057">
        <ele>11.130077</ele>
        <time>2026-05-29T17:59:24.000Z</time>
      </trkpt>
      <trkpt lat="44.212280" lon="15.473092">
        <ele>11.101938</ele>
        <time>2026-05-29T17:59:25.000Z</time>
      </trkpt>
      <trkpt lat="44.212276" lon="15.473128">
        <ele>11.073215</ele>
        <time>2026-05-29T17:59:26.000Z</time>
      </trkpt>
      <trkpt lat="44.212268" lon="15.473165">
        <ele>11.042743</ele>
        <time>2026-05-29T17:59:27.000Z</time>
      </trkpt>
      <trkpt lat="44.212264" lon="15.473207">
        <ele>11.009337</ele>
        <time>2026-05-29T17:59:28.000Z</time>
      </trkpt>
      <trkpt lat="44.212260" lon="15.473254">
        <ele>10.972018</ele>
        <time>2026-05-29T17:59:29.000Z</time>
      </trkpt>
      <trkpt lat="44.212252" lon="15.473303">
        <ele>10.932394</ele>
        <time>2026-05-29T17:59:30.000Z</time>
      </trkpt>
      <trkpt lat="44.212241" lon="15.473352">
        <ele>10.891909</ele>
        <time>2026-05-29T17:59:31.000Z</time>
      </trkpt>
      <trkpt lat="44.212232" lon="15.473405">
        <ele>10.848963</ele>
        <time>2026-05-29T17:59:32.000Z</time>
      </trkpt>
      <trkpt lat="44.212223" lon="15.473458">
        <ele>10.806018</ele>
        <time>2026-05-29T17:59:33.000Z</time>
      </trkpt>
      <trkpt lat="44.212214" lon="15.473515">
        <ele>10.759998</ele>
        <time>2026-05-29T17:59:34.000Z</time>
      </trkpt>
      <trkpt lat="44.212203" lon="15.473573">
        <ele>10.712693</ele>
        <time>2026-05-29T17:59:35.000Z</time>
      </trkpt>
      <trkpt lat="44.212191" lon="15.473633">
        <ele>10.663578</ele>
        <time>2026-05-29T17:59:36.000Z</time>
      </trkpt>
      <trkpt lat="44.212180" lon="15.473695">
        <ele>10.613218</ele>
        <time>2026-05-29T17:59:37.000Z</time>
      </trkpt>
      <trkpt lat="44.212166" lon="15.473769">
        <ele>10.552873</ele>
        <time>2026-05-29T17:59:38.000Z</time>
      </trkpt>
      <trkpt lat="44.212156" lon="15.473821">
        <ele>10.510423</ele>
        <time>2026-05-29T17:59:39.000Z</time>
      </trkpt>
      <trkpt lat="44.212143" lon="15.473899">
        <ele>10.447282</ele>
        <time>2026-05-29T17:59:40.000Z</time>
      </trkpt>
      <trkpt lat="44.212134" lon="15.473951">
        <ele>10.405103</ele>
        <time>2026-05-29T17:59:41.000Z</time>
      </trkpt>
      <trkpt lat="44.212124" lon="15.474017">
        <ele>10.351915</ele>
        <time>2026-05-29T17:59:42.000Z</time>
      </trkpt>
      <trkpt lat="44.212111" lon="15.474083">
        <ele>10.297947</ele>
        <time>2026-05-29T17:59:43.000Z</time>
      </trkpt>
      <trkpt lat="44.212097" lon="15.474148">
        <ele>10.244433</ele>
        <time>2026-05-29T17:59:44.000Z</time>
      </trkpt>
      <trkpt lat="44.212082" lon="15.474210">
        <ele>10.192838</ele>
        <time>2026-05-29T17:59:45.000Z</time>
      </trkpt>
      <trkpt lat="44.212066" lon="15.474276">
        <ele>10.118398</ele>
        <time>2026-05-29T17:59:46.000Z</time>
      </trkpt>
      <trkpt lat="44.212051" lon="15.474345">
        <ele>9.981848</ele>
        <time>2026-05-29T17:59:47.000Z</time>
      </trkpt>
      <trkpt lat="44.212034" lon="15.474417">
        <ele>9.838287</ele>
        <time>2026-05-29T17:59:48.000Z</time>
      </trkpt>
      <trkpt lat="44.212020" lon="15.474488">
        <ele>9.698832</ele>
        <time>2026-05-29T17:59:49.000Z</time>
      </trkpt>
      <trkpt lat="44.212005" lon="15.474558">
        <ele>9.560469</ele>
        <time>2026-05-29T17:59:50.000Z</time>
      </trkpt>
      <trkpt lat="44.211986" lon="15.474631">
        <ele>9.413389</ele>
        <time>2026-05-29T17:59:51.000Z</time>
      </trkpt>
      <trkpt lat="44.211968" lon="15.474703">
        <ele>9.268979</ele>
        <time>2026-05-29T17:59:52.000Z</time>
      </trkpt>
      <trkpt lat="44.211953" lon="15.474776">
        <ele>9.125163</ele>
        <time>2026-05-29T17:59:53.000Z</time>
      </trkpt>
      <trkpt lat="44.211934" lon="15.474851">
        <ele>8.974517</ele>
        <time>2026-05-29T17:59:54.000Z</time>
      </trkpt>
      <trkpt lat="44.211914" lon="15.474925">
        <ele>8.824744</ele>
        <time>2026-05-29T17:59:55.000Z</time>
      </trkpt>
      <trkpt lat="44.211887" lon="15.474993">
        <ele>8.677527</ele>
        <time>2026-05-29T17:59:56.000Z</time>
      </trkpt>
      <trkpt lat="44.211850" lon="15.475054">
        <ele>8.526192</ele>
        <time>2026-05-29T17:59:57.000Z</time>
      </trkpt>
      <trkpt lat="44.211807" lon="15.475107">
        <ele>8.374593</ele>
        <time>2026-05-29T17:59:58.000Z</time>
      </trkpt>
      <trkpt lat="44.211763" lon="15.475157">
        <ele>8.224655</ele>
        <time>2026-05-29T17:59:59.000Z</time>
      </trkpt>
      <trkpt lat="44.211712" lon="15.475210">
        <ele>8.056631</ele>
        <time>2026-05-29T18:00:00.000Z</time>
      </trkpt>
      <trkpt lat="44.211659" lon="15.475254">
        <ele>7.893680</ele>
        <time>2026-05-29T18:00:01.000Z</time>
      </trkpt>
      <trkpt lat="44.211596" lon="15.475291">
        <ele>7.713077</ele>
        <time>2026-05-29T18:00:02.000Z</time>
      </trkpt>
      <trkpt lat="44.211528" lon="15.475316">
        <ele>7.527278</ele>
        <time>2026-05-29T18:00:03.000Z</time>
      </trkpt>
      <trkpt lat="44.211445" lon="15.475361">
        <ele>7.292002</ele>
        <time>2026-05-29T18:00:04.000Z</time>
      </trkpt>
      <trkpt lat="44.211375" lon="15.475398">
        <ele>7.094223</ele>
        <time>2026-05-29T18:00:05.000Z</time>
      </trkpt>
      <trkpt lat="44.211316" lon="15.475427">
        <ele>6.928944</ele>
        <time>2026-05-29T18:00:06.000Z</time>
      </trkpt>
      <trkpt lat="44.211244" lon="15.475459">
        <ele>6.729290</ele>
        <time>2026-05-29T18:00:07.000Z</time>
      </trkpt>
      <trkpt lat="44.211177" lon="15.475496">
        <ele>6.538902</ele>
        <time>2026-05-29T18:00:08.000Z</time>
      </trkpt>
      <trkpt lat="44.211113" lon="15.475547">
        <ele>6.344165</ele>
        <time>2026-05-29T18:00:09.000Z</time>
      </trkpt>
      <trkpt lat="44.211049" lon="15.475604">
        <ele>6.143548</ele>
        <time>2026-05-29T18:00:10.000Z</time>
      </trkpt>
      <trkpt lat="44.210981" lon="15.475665">
        <ele>5.929947</ele>
        <time>2026-05-29T18:00:11.000Z</time>
      </trkpt>
      <trkpt lat="44.210916" lon="15.475720">
        <ele>5.729089</ele>
        <time>2026-05-29T18:00:12.000Z</time>
      </trkpt>
      <trkpt lat="44.210856" lon="15.475767">
        <ele>5.547280</ele>
        <time>2026-05-29T18:00:13.000Z</time>
      </trkpt>
      <trkpt lat="44.210799" lon="15.475808">
        <ele>5.391974</ele>
        <time>2026-05-29T18:00:14.000Z</time>
      </trkpt>
      <trkpt lat="44.210752" lon="15.475844">
        <ele>5.342614</ele>
        <time>2026-05-29T18:00:15.000Z</time>
      </trkpt>
      <trkpt lat="44.210712" lon="15.475875">
        <ele>5.300490</ele>
        <time>2026-05-29T18:00:16.000Z</time>
      </trkpt>
      <trkpt lat="44.210683" lon="15.475907">
        <ele>5.266452</ele>
        <time>2026-05-29T18:00:17.000Z</time>
      </trkpt>
      <trkpt lat="44.210668" lon="15.475941">
        <ele>5.240108</ele>
        <time>2026-05-29T18:00:18.000Z</time>
      </trkpt>
      <trkpt lat="44.210659" lon="15.475975">
        <ele>5.216192</ele>
        <time>2026-05-29T18:00:19.000Z</time>
      </trkpt>
      <trkpt lat="44.210648" lon="15.476009">
        <ele>5.191577</ele>
        <time>2026-05-29T18:00:20.000Z</time>
      </trkpt>
      <trkpt lat="44.210632" lon="15.476053">
        <ele>5.159020</ele>
        <time>2026-05-29T18:00:21.000Z</time>
      </trkpt>
      <trkpt lat="44.210616" lon="15.476083">
        <ele>5.134346</ele>
        <time>2026-05-29T18:00:22.000Z</time>
      </trkpt>
      <trkpt lat="44.210596" lon="15.476121">
        <ele>5.103238</ele>
        <time>2026-05-29T18:00:23.000Z</time>
      </trkpt>
      <trkpt lat="44.210576" lon="15.476162">
        <ele>5.070513</ele>
        <time>2026-05-29T18:00:24.000Z</time>
      </trkpt>
      <trkpt lat="44.210560" lon="15.476205">
        <ele>5.038543</ele>
        <time>2026-05-29T18:00:25.000Z</time>
      </trkpt>
      <trkpt lat="44.210548" lon="15.476256">
        <ele>5.003123</ele>
        <time>2026-05-29T18:00:26.000Z</time>
      </trkpt>
      <trkpt lat="44.210536" lon="15.476310">
        <ele>4.965818</ele>
        <time>2026-05-29T18:00:27.000Z</time>
      </trkpt>
      <trkpt lat="44.210524" lon="15.476365">
        <ele>4.927881</ele>
        <time>2026-05-29T18:00:28.000Z</time>
      </trkpt>
      <trkpt lat="44.210511" lon="15.476418">
        <ele>4.890918</ele>
        <time>2026-05-29T18:00:29.000Z</time>
      </trkpt>
      <trkpt lat="44.210497" lon="15.476475">
        <ele>4.851159</ele>
        <time>2026-05-29T18:00:30.000Z</time>
      </trkpt>
      <trkpt lat="44.210481" lon="15.476532">
        <ele>4.810765</ele>
        <time>2026-05-29T18:00:31.000Z</time>
      </trkpt>
      <trkpt lat="44.210463" lon="15.476588">
        <ele>4.770268</ele>
        <time>2026-05-29T18:00:32.000Z</time>
      </trkpt>
      <trkpt lat="44.210446" lon="15.476643">
        <ele>4.730745</ele>
        <time>2026-05-29T18:00:33.000Z</time>
      </trkpt>
      <trkpt lat="44.210426" lon="15.476698">
        <ele>4.690049</ele>
        <time>2026-05-29T18:00:34.000Z</time>
      </trkpt>
      <trkpt lat="44.210398" lon="15.476748">
        <ele>4.648180</ele>
        <time>2026-05-29T18:00:35.000Z</time>
      </trkpt>
      <trkpt lat="44.210374" lon="15.476796">
        <ele>4.609562</ele>
        <time>2026-05-29T18:00:36.000Z</time>
      </trkpt>
      <trkpt lat="44.210348" lon="15.476846">
        <ele>4.568801</ele>
        <time>2026-05-29T18:00:37.000Z</time>
      </trkpt>
      <trkpt lat="44.210317" lon="15.476897">
        <ele>4.524677</ele>
        <time>2026-05-29T18:00:38.000Z</time>
      </trkpt>
      <trkpt lat="44.210288" lon="15.476948">
        <ele>4.481721</ele>
        <time>2026-05-29T18:00:39.000Z</time>
      </trkpt>
      <trkpt lat="44.210260" lon="15.477002">
        <ele>4.437742</ele>
        <time>2026-05-29T18:00:40.000Z</time>
      </trkpt>
      <trkpt lat="44.210237" lon="15.477058">
        <ele>4.395153</ele>
        <time>2026-05-29T18:00:41.000Z</time>
      </trkpt>
      <trkpt lat="44.210217" lon="15.477113">
        <ele>4.354457</ele>
        <time>2026-05-29T18:00:42.000Z</time>
      </trkpt>
      <trkpt lat="44.210197" lon="15.477166">
        <ele>4.314934</ele>
        <time>2026-05-29T18:00:43.000Z</time>
      </trkpt>
      <trkpt lat="44.210178" lon="15.477217">
        <ele>4.277007</ele>
        <time>2026-05-29T18:00:44.000Z</time>
      </trkpt>
      <trkpt lat="44.210154" lon="15.477277">
        <ele>4.231667</ele>
        <time>2026-05-29T18:00:45.000Z</time>
      </trkpt>
      <trkpt lat="44.210139" lon="15.477317">
        <ele>4.201879</ele>
        <time>2026-05-29T18:00:46.000Z</time>
      </trkpt>
      <trkpt lat="44.210124" lon="15.477369">
        <ele>4.164891</ele>
        <time>2026-05-29T18:00:47.000Z</time>
      </trkpt>
      <trkpt lat="44.210107" lon="15.477421">
        <ele>4.127178</ele>
        <time>2026-05-29T18:00:48.000Z</time>
      </trkpt>
      <trkpt lat="44.210093" lon="15.477472">
        <ele>4.091141</ele>
        <time>2026-05-29T18:00:49.000Z</time>
      </trkpt>
      <trkpt lat="44.210080" lon="15.477526">
        <ele>4.053552</ele>
        <time>2026-05-29T18:00:50.000Z</time>
      </trkpt>
      <trkpt lat="44.210069" lon="15.477584">
        <ele>4.013963</ele>
        <time>2026-05-29T18:00:51.000Z</time>
      </trkpt>
      <trkpt lat="44.210062" lon="15.477643">
        <ele>3.974501</ele>
        <time>2026-05-29T18:00:52.000Z</time>
      </trkpt>
      <trkpt lat="44.210058" lon="15.477704">
        <ele>3.934081</ele>
        <time>2026-05-29T18:00:53.000Z</time>
      </trkpt>
      <trkpt lat="44.210056" lon="15.477765">
        <ele>3.893787</ele>
        <time>2026-05-29T18:00:54.000Z</time>
      </trkpt>
      <trkpt lat="44.210058" lon="15.477826">
        <ele>3.853493</ele>
        <time>2026-05-29T18:00:55.000Z</time>
      </trkpt>
      <trkpt lat="44.210064" lon="15.477886">
        <ele>3.813518</ele>
        <time>2026-05-29T18:00:56.000Z</time>
      </trkpt>
      <trkpt lat="44.210073" lon="15.477945">
        <ele>3.773714</ele>
        <time>2026-05-29T18:00:57.000Z</time>
      </trkpt>
      <trkpt lat="44.210088" lon="15.478001">
        <ele>3.775634</ele>
        <time>2026-05-29T18:00:58.000Z</time>
      </trkpt>
      <trkpt lat="44.210105" lon="15.478055">
        <ele>3.906967</ele>
        <time>2026-05-29T18:00:59.000Z</time>
      </trkpt>
      <trkpt lat="44.210123" lon="15.478107">
        <ele>4.035556</ele>
        <time>2026-05-29T18:01:00.000Z</time>
      </trkpt>
      <trkpt lat="44.210144" lon="15.478156">
        <ele>4.162684</ele>
        <time>2026-05-29T18:01:01.000Z</time>
      </trkpt>
      <trkpt lat="44.210168" lon="15.478197">
        <ele>4.280559</ele>
        <time>2026-05-29T18:01:02.000Z</time>
      </trkpt>
      <trkpt lat="44.210196" lon="15.478235">
        <ele>4.401912</ele>
        <time>2026-05-29T18:01:03.000Z</time>
      </trkpt>
      <trkpt lat="44.210225" lon="15.478266">
        <ele>4.515410</ele>
        <time>2026-05-29T18:01:04.000Z</time>
      </trkpt>
      <trkpt lat="44.210250" lon="15.478295">
        <ele>4.616415</ele>
        <time>2026-05-29T18:01:05.000Z</time>
      </trkpt>
      <trkpt lat="44.210270" lon="15.478320">
        <ele>4.699839</ele>
        <time>2026-05-29T18:01:06.000Z</time>
      </trkpt>
      <trkpt lat="44.210293" lon="15.478338">
        <ele>4.781766</ele>
        <time>2026-05-29T18:01:07.000Z</time>
      </trkpt>
      <trkpt lat="44.210319" lon="15.478348">
        <ele>4.865552</ele>
        <time>2026-05-29T18:01:08.000Z</time>
      </trkpt>
      <trkpt lat="44.210348" lon="15.478359">
        <ele>4.958914</ele>
        <time>2026-05-29T18:01:09.000Z</time>
      </trkpt>
      <trkpt lat="44.210378" lon="15.478370">
        <ele>5.055278</ele>
        <time>2026-05-29T18:01:10.000Z</time>
      </trkpt>
      <trkpt lat="44.210410" lon="15.478383">
        <ele>5.158819</ele>
        <time>2026-05-29T18:01:11.000Z</time>
      </trkpt>
      <trkpt lat="44.210436" lon="15.478400">
        <ele>5.248022</ele>
        <time>2026-05-29T18:01:12.000Z</time>
      </trkpt>
      <trkpt lat="44.210460" lon="15.478425">
        <ele>5.341071</ele>
        <time>2026-05-29T18:01:13.000Z</time>
      </trkpt>
      <trkpt lat="44.210482" lon="15.478458">
        <ele>5.441425</ele>
        <time>2026-05-29T18:01:14.000Z</time>
      </trkpt>
      <trkpt lat="44.210503" lon="15.478491">
        <ele>5.539690</ele>
        <time>2026-05-29T18:01:15.000Z</time>
      </trkpt>
      <trkpt lat="44.210526" lon="15.478525">
        <ele>5.643793</ele>
        <time>2026-05-29T18:01:16.000Z</time>
      </trkpt>
      <trkpt lat="44.210549" lon="15.478561">
        <ele>5.751179</ele>
        <time>2026-05-29T18:01:17.000Z</time>
      </trkpt>
      <trkpt lat="44.210573" lon="15.478597">
        <ele>5.860656</ele>
        <time>2026-05-29T18:01:18.000Z</time>
      </trkpt>
      <trkpt lat="44.210599" lon="15.478632">
        <ele>5.972898</ele>
        <time>2026-05-29T18:01:19.000Z</time>
      </trkpt>
      <trkpt lat="44.210622" lon="15.478666">
        <ele>6.077001</ele>
        <time>2026-05-29T18:01:20.000Z</time>
      </trkpt>
      <trkpt lat="44.210637" lon="15.478707">
        <ele>6.179504</ele>
        <time>2026-05-29T18:01:21.000Z</time>
      </trkpt>
      <trkpt lat="44.210653" lon="15.478747">
        <ele>6.281505</ele>
        <time>2026-05-29T18:01:22.000Z</time>
      </trkpt>
      <trkpt lat="44.210673" lon="15.478782">
        <ele>6.381178</ele>
        <time>2026-05-29T18:01:23.000Z</time>
      </trkpt>
      <trkpt lat="44.210693" lon="15.478817">
        <ele>6.480850</ele>
        <time>2026-05-29T18:01:24.000Z</time>
      </trkpt>
      <trkpt lat="44.210716" lon="15.478848">
        <ele>6.580201</ele>
        <time>2026-05-29T18:01:25.000Z</time>
      </trkpt>
      <trkpt lat="44.210739" lon="15.478874">
        <ele>6.672164</ele>
        <time>2026-05-29T18:01:26.000Z</time>
      </trkpt>
      <trkpt lat="44.210761" lon="15.478895">
        <ele>6.754976</ele>
        <time>2026-05-29T18:01:27.000Z</time>
      </trkpt>
      <trkpt lat="44.210786" lon="15.478910">
        <ele>6.839520</ele>
        <time>2026-05-29T18:01:28.000Z</time>
      </trkpt>
      <trkpt lat="44.210812" lon="15.478925">
        <ele>6.926926</ele>
        <time>2026-05-29T18:01:29.000Z</time>
      </trkpt>
      <trkpt lat="44.210839" lon="15.478936">
        <ele>7.014308</ele>
        <time>2026-05-29T18:01:30.000Z</time>
      </trkpt>
      <trkpt lat="44.210865" lon="15.478946">
        <ele>7.098093</ele>
        <time>2026-05-29T18:01:31.000Z</time>
      </trkpt>
      <trkpt lat="44.210892" lon="15.478953">
        <ele>7.183408</ele>
        <time>2026-05-29T18:01:32.000Z</time>
      </trkpt>
      <trkpt lat="44.210918" lon="15.478957">
        <ele>7.264670</ele>
        <time>2026-05-29T18:01:33.000Z</time>
      </trkpt>
      <trkpt lat="44.210945" lon="15.478957">
        <ele>7.348549</ele>
        <time>2026-05-29T18:01:34.000Z</time>
      </trkpt>
      <trkpt lat="44.210973" lon="15.478956">
        <ele>7.435563</ele>
        <time>2026-05-29T18:01:35.000Z</time>
      </trkpt>
      <trkpt lat="44.211000" lon="15.478954">
        <ele>7.519560</ele>
        <time>2026-05-29T18:01:36.000Z</time>
      </trkpt>
      <trkpt lat="44.211028" lon="15.478952">
        <ele>7.606659</ele>
        <time>2026-05-29T18:01:37.000Z</time>
      </trkpt>
      <trkpt lat="44.211055" lon="15.478957">
        <ele>7.691274</ele>
        <time>2026-05-29T18:01:38.000Z</time>
      </trkpt>
      <trkpt lat="44.211080" lon="15.478959">
        <ele>7.769067</ele>
        <time>2026-05-29T18:01:39.000Z</time>
      </trkpt>
      <trkpt lat="44.211106" lon="15.478959">
        <ele>7.849839</ele>
        <time>2026-05-29T18:01:40.000Z</time>
      </trkpt>
      <trkpt lat="44.211131" lon="15.478957">
        <ele>7.927632</ele>
        <time>2026-05-29T18:01:41.000Z</time>
      </trkpt>
      <trkpt lat="44.211157" lon="15.478949">
        <ele>8.010345</ele>
        <time>2026-05-29T18:01:42.000Z</time>
      </trkpt>
      <trkpt lat="44.211181" lon="15.478947">
        <ele>8.085037</ele>
        <time>2026-05-29T18:01:43.000Z</time>
      </trkpt>
      <trkpt lat="44.211202" lon="15.478946">
        <ele>8.150314</ele>
        <time>2026-05-29T18:01:44.000Z</time>
      </trkpt>
      <trkpt lat="44.211223" lon="15.478945">
        <ele>8.215591</ele>
        <time>2026-05-29T18:01:45.000Z</time>
      </trkpt>
      <trkpt lat="44.211244" lon="15.478950">
        <ele>8.281774</ele>
        <time>2026-05-29T18:01:46.000Z</time>
      </trkpt>
      <trkpt lat="44.211269" lon="15.478949">
        <ele>8.359471</ele>
        <time>2026-05-29T18:01:47.000Z</time>
      </trkpt>
      <trkpt lat="44.211294" lon="15.478946">
        <ele>8.437423</ele>
        <time>2026-05-29T18:01:48.000Z</time>
      </trkpt>
      <trkpt lat="44.211318" lon="15.478943">
        <ele>8.512281</ele>
        <time>2026-05-29T18:01:49.000Z</time>
      </trkpt>
      <trkpt lat="44.211343" lon="15.478941">
        <ele>8.590074</ele>
        <time>2026-05-29T18:01:50.000Z</time>
      </trkpt>
      <trkpt lat="44.211367" lon="15.478941">
        <ele>8.664633</ele>
        <time>2026-05-29T18:01:51.000Z</time>
      </trkpt>
      <trkpt lat="44.211391" lon="15.478943">
        <ele>8.739325</ele>
        <time>2026-05-29T18:01:52.000Z</time>
      </trkpt>
      <trkpt lat="44.211415" lon="15.478945">
        <ele>8.814017</ele>
        <time>2026-05-29T18:01:53.000Z</time>
      </trkpt>
      <trkpt lat="44.211439" lon="15.478955">
        <ele>8.891830</ele>
        <time>2026-05-29T18:01:54.000Z</time>
      </trkpt>
      <trkpt lat="44.211463" lon="15.478963">
        <ele>8.968487</ele>
        <time>2026-05-29T18:01:55.000Z</time>
      </trkpt>
      <trkpt lat="44.211487" lon="15.478967">
        <ele>9.043576</ele>
        <time>2026-05-29T18:01:56.000Z</time>
      </trkpt>
      <trkpt lat="44.211509" lon="15.478973">
        <ele>9.113216</ele>
        <time>2026-05-29T18:01:57.000Z</time>
      </trkpt>
      <trkpt lat="44.211532" lon="15.478983">
        <ele>9.188057</ele>
        <time>2026-05-29T18:01:58.000Z</time>
      </trkpt>
      <trkpt lat="44.211555" lon="15.478994">
        <ele>9.263592</ele>
        <time>2026-05-29T18:01:59.000Z</time>
      </trkpt>
      <trkpt lat="44.211579" lon="15.479005">
        <ele>9.343407</ele>
        <time>2026-05-29T18:02:00.000Z</time>
      </trkpt>
      <trkpt lat="44.211599" lon="15.479016">
        <ele>9.418577</ele>
        <time>2026-05-29T18:02:01.000Z</time>
      </trkpt>
      <trkpt lat="44.211621" lon="15.479023">
        <ele>9.497478</ele>
        <time>2026-05-29T18:02:02.000Z</time>
      </trkpt>
      <trkpt lat="44.211642" lon="15.479031">
        <ele>9.573595</ele>
        <time>2026-05-29T18:02:03.000Z</time>
      </trkpt>
      <trkpt lat="44.211665" lon="15.479038">
        <ele>9.655908</ele>
        <time>2026-05-29T18:02:04.000Z</time>
      </trkpt>
      <trkpt lat="44.211686" lon="15.479049">
        <ele>9.734342</ele>
        <time>2026-05-29T18:02:05.000Z</time>
      </trkpt>
      <trkpt lat="44.211705" lon="15.479067">
        <ele>9.814647</ele>
        <time>2026-05-29T18:02:06.000Z</time>
      </trkpt>
      <trkpt lat="44.211719" lon="15.479093">
        <ele>9.896149</ele>
        <time>2026-05-29T18:02:07.000Z</time>
      </trkpt>
      <trkpt lat="44.211728" lon="15.479125">
        <ele>9.982302</ele>
        <time>2026-05-29T18:02:08.000Z</time>
      </trkpt>
      <trkpt lat="44.211741" lon="15.479158">
        <ele>10.076677</ele>
        <time>2026-05-29T18:02:09.000Z</time>
      </trkpt>
      <trkpt lat="44.211753" lon="15.479191">
        <ele>10.169418</ele>
        <time>2026-05-29T18:02:10.000Z</time>
      </trkpt>
      <trkpt lat="44.211763" lon="15.479225">
        <ele>10.261526</ele>
        <time>2026-05-29T18:02:11.000Z</time>
      </trkpt>
      <trkpt lat="44.211773" lon="15.479260">
        <ele>10.355957</ele>
        <time>2026-05-29T18:02:12.000Z</time>
      </trkpt>
      <trkpt lat="44.211784" lon="15.479296">
        <ele>10.454039</ele>
        <time>2026-05-29T18:02:13.000Z</time>
      </trkpt>
      <trkpt lat="44.211793" lon="15.479332">
        <ele>10.549595</ele>
        <time>2026-05-29T18:02:14.000Z</time>
      </trkpt>
      <trkpt lat="44.211803" lon="15.479368">
        <ele>10.646359</ele>
        <time>2026-05-29T18:02:15.000Z</time>
      </trkpt>
      <trkpt lat="44.211816" lon="15.479401">
        <ele>10.740734</ele>
        <time>2026-05-29T18:02:16.000Z</time>
      </trkpt>
      <trkpt lat="44.211831" lon="15.479433">
        <ele>10.836561</ele>
        <time>2026-05-29T18:02:17.000Z</time>
      </trkpt>
      <trkpt lat="44.211844" lon="15.479468">
        <ele>10.935359</ele>
        <time>2026-05-29T18:02:18.000Z</time>
      </trkpt>
      <trkpt lat="44.211854" lon="15.479503">
        <ele>11.029790</ele>
        <time>2026-05-29T18:02:19.000Z</time>
      </trkpt>
      <trkpt lat="44.211865" lon="15.479536">
        <ele>11.121002</ele>
        <time>2026-05-29T18:02:20.000Z</time>
      </trkpt>
      <trkpt lat="44.211876" lon="15.479570">
        <ele>11.214493</ele>
        <time>2026-05-29T18:02:21.000Z</time>
      </trkpt>
      <trkpt lat="44.211888" lon="15.479601">
        <ele>11.302794</ele>
        <time>2026-05-29T18:02:22.000Z</time>
      </trkpt>
      <trkpt lat="44.211901" lon="15.479629">
        <ele>11.386404</ele>
        <time>2026-05-29T18:02:23.000Z</time>
      </trkpt>
      <trkpt lat="44.211912" lon="15.479659">
        <ele>11.470859</ele>
        <time>2026-05-29T18:02:24.000Z</time>
      </trkpt>
      <trkpt lat="44.211924" lon="15.479687">
        <ele>11.552622</ele>
        <time>2026-05-29T18:02:25.000Z</time>
      </trkpt>
      <trkpt lat="44.211935" lon="15.479713">
        <ele>11.628289</ele>
        <time>2026-05-29T18:02:26.000Z</time>
      </trkpt>
      <trkpt lat="44.211947" lon="15.479737">
        <ele>11.701628</ele>
        <time>2026-05-29T18:02:27.000Z</time>
      </trkpt>
      <trkpt lat="44.211961" lon="15.479760">
        <ele>11.777253</ele>
        <time>2026-05-29T18:02:28.000Z</time>
      </trkpt>
      <trkpt lat="44.211975" lon="15.479786">
        <ele>11.858755</ele>
        <time>2026-05-29T18:02:29.000Z</time>
      </trkpt>
      <trkpt lat="44.211991" lon="15.479811">
        <ele>11.942753</ele>
        <time>2026-05-29T18:02:30.000Z</time>
      </trkpt>
      <trkpt lat="44.212007" lon="15.479835">
        <ele>12.024899</ele>
        <time>2026-05-29T18:02:31.000Z</time>
      </trkpt>
      <trkpt lat="44.212023" lon="15.479863">
        <ele>12.114646</ele>
        <time>2026-05-29T18:02:32.000Z</time>
      </trkpt>
      <trkpt lat="44.212038" lon="15.479893">
        <ele>12.206319</ele>
        <time>2026-05-29T18:02:33.000Z</time>
      </trkpt>
      <trkpt lat="44.212052" lon="15.479924">
        <ele>12.298149</ele>
        <time>2026-05-29T18:02:34.000Z</time>
      </trkpt>
      <trkpt lat="44.212069" lon="15.479953">
        <ele>12.392042</ele>
        <time>2026-05-29T18:02:35.000Z</time>
      </trkpt>
      <trkpt lat="44.212089" lon="15.479982">
        <ele>12.492904</ele>
        <time>2026-05-29T18:02:36.000Z</time>
      </trkpt>
      <trkpt lat="44.212110" lon="15.480009">
        <ele>12.592758</ele>
        <time>2026-05-29T18:02:37.000Z</time>
      </trkpt>
      <trkpt lat="44.212131" lon="15.480035">
        <ele>12.690931</ele>
        <time>2026-05-29T18:02:38.000Z</time>
      </trkpt>
      <trkpt lat="44.212148" lon="15.480060">
        <ele>12.777297</ele>
        <time>2026-05-29T18:02:39.000Z</time>
      </trkpt>
      <trkpt lat="44.212163" lon="15.480089">
        <ele>12.866927</ele>
        <time>2026-05-29T18:02:40.000Z</time>
      </trkpt>
      <trkpt lat="44.212178" lon="15.480117">
        <ele>12.954536</ele>
        <time>2026-05-29T18:02:41.000Z</time>
      </trkpt>
      <trkpt lat="44.212193" lon="15.480146">
        <ele>13.044166</ele>
        <time>2026-05-29T18:02:42.000Z</time>
      </trkpt>
      <trkpt lat="44.212208" lon="15.480173">
        <ele>13.129781</ele>
        <time>2026-05-29T18:02:43.000Z</time>
      </trkpt>
      <trkpt lat="44.212225" lon="15.480199">
        <ele>13.217983</ele>
        <time>2026-05-29T18:02:44.000Z</time>
      </trkpt>
      <trkpt lat="44.212241" lon="15.480223">
        <ele>13.300128</ele>
        <time>2026-05-29T18:02:45.000Z</time>
      </trkpt>
      <trkpt lat="44.212258" lon="15.480248">
        <ele>13.386495</ele>
        <time>2026-05-29T18:02:46.000Z</time>
      </trkpt>
      <trkpt lat="44.212272" lon="15.480278">
        <ele>13.476214</ele>
        <time>2026-05-29T18:02:47.000Z</time>
      </trkpt>
      <trkpt lat="44.212282" lon="15.480310">
        <ele>13.563704</ele>
        <time>2026-05-29T18:02:48.000Z</time>
      </trkpt>
      <trkpt lat="44.212291" lon="15.480341">
        <ele>13.647529</ele>
        <time>2026-05-29T18:02:49.000Z</time>
      </trkpt>
      <trkpt lat="44.212302" lon="15.480372">
        <ele>13.734222</ele>
        <time>2026-05-29T18:02:50.000Z</time>
      </trkpt>
      <trkpt lat="44.212311" lon="15.480404">
        <ele>13.820374</ele>
        <time>2026-05-29T18:02:51.000Z</time>
      </trkpt>
      <trkpt lat="44.212323" lon="15.480432">
        <ele>13.902137</ele>
        <time>2026-05-29T18:02:52.000Z</time>
      </trkpt>
      <trkpt lat="44.212336" lon="15.480461">
        <ele>13.987861</ele>
        <time>2026-05-29T18:02:53.000Z</time>
      </trkpt>
      <trkpt lat="44.212350" lon="15.480491">
        <ele>14.077580</ele>
        <time>2026-05-29T18:02:54.000Z</time>
      </trkpt>
      <trkpt lat="44.212363" lon="15.480524">
        <ele>14.171954</ele>
        <time>2026-05-29T18:02:55.000Z</time>
      </trkpt>
      <trkpt lat="44.212375" lon="15.480560">
        <ele>14.271458</ele>
        <time>2026-05-29T18:02:56.000Z</time>
      </trkpt>
      <trkpt lat="44.212384" lon="15.480596">
        <ele>14.367013</ele>
        <time>2026-05-29T18:02:57.000Z</time>
      </trkpt>
      <trkpt lat="44.212391" lon="15.480636">
        <ele>14.470207</ele>
        <time>2026-05-29T18:02:58.000Z</time>
      </trkpt>
      <trkpt lat="44.212399" lon="15.480676">
        <ele>14.574286</ele>
        <time>2026-05-29T18:02:59.000Z</time>
      </trkpt>
      <trkpt lat="44.212406" lon="15.480719">
        <ele>14.684799</ele>
        <time>2026-05-29T18:03:00.000Z</time>
      </trkpt>
      <trkpt lat="44.212412" lon="15.480765">
        <ele>14.801979</ele>
        <time>2026-05-29T18:03:01.000Z</time>
      </trkpt>
      <trkpt lat="44.212416" lon="15.480811">
        <ele>14.918111</ele>
        <time>2026-05-29T18:03:02.000Z</time>
      </trkpt>
      <trkpt lat="44.212423" lon="15.480858">
        <ele>15.038420</ele>
        <time>2026-05-29T18:03:03.000Z</time>
      </trkpt>
      <trkpt lat="44.212433" lon="15.480907">
        <ele>15.166106</ele>
        <time>2026-05-29T18:03:04.000Z</time>
      </trkpt>
      <trkpt lat="44.212441" lon="15.480959">
        <ele>15.299398</ele>
        <time>2026-05-29T18:03:05.000Z</time>
      </trkpt>
      <trkpt lat="44.212447" lon="15.481011">
        <ele>15.431400</ele>
        <time>2026-05-29T18:03:06.000Z</time>
      </trkpt>
      <trkpt lat="44.212452" lon="15.481066">
        <ele>15.570347</ele>
        <time>2026-05-29T18:03:07.000Z</time>
      </trkpt>
      <trkpt lat="44.212451" lon="15.481121">
        <ele>15.621140</ele>
        <time>2026-05-29T18:03:08.000Z</time>
      </trkpt>
      <trkpt lat="44.212452" lon="15.481177">
        <ele>15.622024</ele>
        <time>2026-05-29T18:03:09.000Z</time>
      </trkpt>
      <trkpt lat="44.212455" lon="15.481236">
        <ele>15.622957</ele>
        <time>2026-05-29T18:03:10.000Z</time>
      </trkpt>
      <trkpt lat="44.212460" lon="15.481296">
        <ele>15.623910</ele>
        <time>2026-05-29T18:03:11.000Z</time>
      </trkpt>
      <trkpt lat="44.212465" lon="15.481359">
        <ele>15.624910</ele>
        <time>2026-05-29T18:03:12.000Z</time>
      </trkpt>
      <trkpt lat="44.212468" lon="15.481421">
        <ele>15.625890</ele>
        <time>2026-05-29T18:03:13.000Z</time>
      </trkpt>
      <trkpt lat="44.212470" lon="15.481482">
        <ele>15.626853</ele>
        <time>2026-05-29T18:03:14.000Z</time>
      </trkpt>
      <trkpt lat="44.212474" lon="15.481542">
        <ele>15.627804</ele>
        <time>2026-05-29T18:03:15.000Z</time>
      </trkpt>
      <trkpt lat="44.212478" lon="15.481605">
        <ele>15.628802</ele>
        <time>2026-05-29T18:03:16.000Z</time>
      </trkpt>
      <trkpt lat="44.212483" lon="15.481667">
        <ele>15.629786</ele>
        <time>2026-05-29T18:03:17.000Z</time>
      </trkpt>
      <trkpt lat="44.212486" lon="15.481728">
        <ele>15.630751</ele>
        <time>2026-05-29T18:03:18.000Z</time>
      </trkpt>
      <trkpt lat="44.212492" lon="15.481791">
        <ele>15.631753</ele>
        <time>2026-05-29T18:03:19.000Z</time>
      </trkpt>
      <trkpt lat="44.212495" lon="15.481855">
        <ele>15.632765</ele>
        <time>2026-05-29T18:03:20.000Z</time>
      </trkpt>
      <trkpt lat="44.212498" lon="15.481919">
        <ele>15.633777</ele>
        <time>2026-05-29T18:03:21.000Z</time>
      </trkpt>
      <trkpt lat="44.212501" lon="15.481982">
        <ele>15.634773</ele>
        <time>2026-05-29T18:03:22.000Z</time>
      </trkpt>
      <trkpt lat="44.212502" lon="15.482048">
        <ele>15.635814</ele>
        <time>2026-05-29T18:03:23.000Z</time>
      </trkpt>
      <trkpt lat="44.212504" lon="15.482114">
        <ele>15.636857</ele>
        <time>2026-05-29T18:03:24.000Z</time>
      </trkpt>
      <trkpt lat="44.212505" lon="15.482178">
        <ele>15.637867</ele>
        <time>2026-05-29T18:03:25.000Z</time>
      </trkpt>
      <trkpt lat="44.212508" lon="15.482239">
        <ele>15.638831</ele>
        <time>2026-05-29T18:03:26.000Z</time>
      </trkpt>
      <trkpt lat="44.212508" lon="15.482303">
        <ele>15.639841</ele>
        <time>2026-05-29T18:03:27.000Z</time>
      </trkpt>
      <trkpt lat="44.212507" lon="15.482366">
        <ele>15.640835</ele>
        <time>2026-05-29T18:03:28.000Z</time>
      </trkpt>
      <trkpt lat="44.212503" lon="15.482429">
        <ele>15.641833</ele>
        <time>2026-05-29T18:03:29.000Z</time>
      </trkpt>
      <trkpt lat="44.212500" lon="15.482495">
        <ele>15.642876</ele>
        <time>2026-05-29T18:03:30.000Z</time>
      </trkpt>
      <trkpt lat="44.212493" lon="15.482561">
        <ele>15.643929</ele>
        <time>2026-05-29T18:03:31.000Z</time>
      </trkpt>
      <trkpt lat="44.212484" lon="15.482627">
        <ele>15.644988</ele>
        <time>2026-05-29T18:03:32.000Z</time>
      </trkpt>
      <trkpt lat="44.212472" lon="15.482692">
        <ele>15.646047</ele>
        <time>2026-05-29T18:03:33.000Z</time>
      </trkpt>
      <trkpt lat="44.212459" lon="15.482757">
        <ele>15.647112</ele>
        <time>2026-05-29T18:03:34.000Z</time>
      </trkpt>
      <trkpt lat="44.212445" lon="15.482820">
        <ele>15.648153</ele>
        <time>2026-05-29T18:03:35.000Z</time>
      </trkpt>
      <trkpt lat="44.212433" lon="15.482886">
        <ele>15.649227</ele>
        <time>2026-05-29T18:03:36.000Z</time>
      </trkpt>
      <trkpt lat="44.212420" lon="15.482953">
        <ele>15.650322</ele>
        <time>2026-05-29T18:03:37.000Z</time>
      </trkpt>
      <trkpt lat="44.212408" lon="15.483021">
        <ele>15.651427</ele>
        <time>2026-05-29T18:03:38.000Z</time>
      </trkpt>
      <trkpt lat="44.212390" lon="15.483087">
        <ele>15.652541</ele>
        <time>2026-05-29T18:03:39.000Z</time>
      </trkpt>
      <trkpt lat="44.212374" lon="15.483154">
        <ele>15.653655</ele>
        <time>2026-05-29T18:03:40.000Z</time>
      </trkpt>
      <trkpt lat="44.212357" lon="15.483217">
        <ele>15.654717</ele>
        <time>2026-05-29T18:03:41.000Z</time>
      </trkpt>
      <trkpt lat="44.212339" lon="15.483281">
        <ele>15.655801</ele>
        <time>2026-05-29T18:03:42.000Z</time>
      </trkpt>
      <trkpt lat="44.212326" lon="15.483344">
        <ele>15.656836</ele>
        <time>2026-05-29T18:03:43.000Z</time>
      </trkpt>
      <trkpt lat="44.212316" lon="15.483410">
        <ele>15.657900</ele>
        <time>2026-05-29T18:03:44.000Z</time>
      </trkpt>
      <trkpt lat="44.212307" lon="15.483475">
        <ele>15.658944</ele>
        <time>2026-05-29T18:03:45.000Z</time>
      </trkpt>
      <trkpt lat="44.212295" lon="15.483541">
        <ele>15.660019</ele>
        <time>2026-05-29T18:03:46.000Z</time>
      </trkpt>
      <trkpt lat="44.212285" lon="15.483610">
        <ele>15.722164</ele>
        <time>2026-05-29T18:03:47.000Z</time>
      </trkpt>
      <trkpt lat="44.212278" lon="15.483678">
        <ele>15.792712</ele>
        <time>2026-05-29T18:03:48.000Z</time>
      </trkpt>
      <trkpt lat="44.212272" lon="15.483746">
        <ele>15.863071</ele>
        <time>2026-05-29T18:03:49.000Z</time>
      </trkpt>
      <trkpt lat="44.212267" lon="15.483813">
        <ele>15.932247</ele>
        <time>2026-05-29T18:03:50.000Z</time>
      </trkpt>
      <trkpt lat="44.212266" lon="15.483878">
        <ele>15.999013</ele>
        <time>2026-05-29T18:03:51.000Z</time>
      </trkpt>
      <trkpt lat="44.212269" lon="15.483942">
        <ele>16.064877</ele>
        <time>2026-05-29T18:03:52.000Z</time>
      </trkpt>
      <trkpt lat="44.212273" lon="15.484006">
        <ele>16.130850</ele>
        <time>2026-05-29T18:03:53.000Z</time>
      </trkpt>
      <trkpt lat="44.212276" lon="15.484069">
        <ele>16.195690</ele>
        <time>2026-05-29T18:03:54.000Z</time>
      </trkpt>
      <trkpt lat="44.212277" lon="15.484131">
        <ele>16.259376</ele>
        <time>2026-05-29T18:03:55.000Z</time>
      </trkpt>
      <trkpt lat="44.212278" lon="15.484191">
        <ele>16.321008</ele>
        <time>2026-05-29T18:03:56.000Z</time>
      </trkpt>
      <trkpt lat="44.212282" lon="15.484250">
        <ele>16.381868</ele>
        <time>2026-05-29T18:03:57.000Z</time>
      </trkpt>
      <trkpt lat="44.212290" lon="15.484307">
        <ele>16.441515</ele>
        <time>2026-05-29T18:03:58.000Z</time>
      </trkpt>
      <trkpt lat="44.212296" lon="15.484364">
        <ele>16.500678</ele>
        <time>2026-05-29T18:03:59.000Z</time>
      </trkpt>
      <trkpt lat="44.212303" lon="15.484419">
        <ele>16.558042</ele>
        <time>2026-05-29T18:04:00.000Z</time>
      </trkpt>
      <trkpt lat="44.212311" lon="15.484477">
        <ele>16.618697</ele>
        <time>2026-05-29T18:04:01.000Z</time>
      </trkpt>
      <trkpt lat="44.212321" lon="15.484536">
        <ele>16.680957</ele>
        <time>2026-05-29T18:04:02.000Z</time>
      </trkpt>
      <trkpt lat="44.212329" lon="15.484592">
        <ele>16.739597</ele>
        <time>2026-05-29T18:04:03.000Z</time>
      </trkpt>
      <trkpt lat="44.212335" lon="15.484651">
        <ele>16.800792</ele>
        <time>2026-05-29T18:04:04.000Z</time>
      </trkpt>
      <trkpt lat="44.212341" lon="15.484707">
        <ele>16.858940</ele>
        <time>2026-05-29T18:04:05.000Z</time>
      </trkpt>
      <trkpt lat="44.212348" lon="15.484764">
        <ele>16.918328</ele>
        <time>2026-05-29T18:04:06.000Z</time>
      </trkpt>
      <trkpt lat="44.212357" lon="15.484818">
        <ele>16.975261</ele>
        <time>2026-05-29T18:04:07.000Z</time>
      </trkpt>
      <trkpt lat="44.212366" lon="15.484874">
        <ele>17.034198</ele>
        <time>2026-05-29T18:04:08.000Z</time>
      </trkpt>
      <trkpt lat="44.212376" lon="15.484927">
        <ele>17.090479</ele>
        <time>2026-05-29T18:04:09.000Z</time>
      </trkpt>
      <trkpt lat="44.212384" lon="15.484980">
        <ele>17.146100</ele>
        <time>2026-05-29T18:04:10.000Z</time>
      </trkpt>
      <trkpt lat="44.212392" lon="15.485032">
        <ele>17.200717</ele>
        <time>2026-05-29T18:04:11.000Z</time>
      </trkpt>
      <trkpt lat="44.212403" lon="15.485083">
        <ele>17.255410</ele>
        <time>2026-05-29T18:04:12.000Z</time>
      </trkpt>
      <trkpt lat="44.212416" lon="15.485133">
        <ele>17.310031</ele>
        <time>2026-05-29T18:04:13.000Z</time>
      </trkpt>
      <trkpt lat="44.212429" lon="15.485183">
        <ele>17.364651</ele>
        <time>2026-05-29T18:04:14.000Z</time>
      </trkpt>
      <trkpt lat="44.212445" lon="15.485231">
        <ele>17.419013</ele>
        <time>2026-05-29T18:04:15.000Z</time>
      </trkpt>
      <trkpt lat="44.212462" lon="15.485281">
        <ele>17.475844</ele>
        <time>2026-05-29T18:04:16.000Z</time>
      </trkpt>
      <trkpt lat="44.212479" lon="15.485330">
        <ele>17.531748</ele>
        <time>2026-05-29T18:04:17.000Z</time>
      </trkpt>
      <trkpt lat="44.212498" lon="15.485378">
        <ele>17.588058</ele>
        <time>2026-05-29T18:04:18.000Z</time>
      </trkpt>
      <trkpt lat="44.212516" lon="15.485425">
        <ele>17.642782</ele>
        <time>2026-05-29T18:04:19.000Z</time>
      </trkpt>
      <trkpt lat="44.212533" lon="15.485469">
        <ele>17.694113</ele>
        <time>2026-05-29T18:04:20.000Z</time>
      </trkpt>
      <trkpt lat="44.212552" lon="15.485514">
        <ele>17.747747</ele>
        <time>2026-05-29T18:04:21.000Z</time>
      </trkpt>
      <trkpt lat="44.212569" lon="15.485558">
        <ele>17.799078</ele>
        <time>2026-05-29T18:04:22.000Z</time>
      </trkpt>
      <trkpt lat="44.212587" lon="15.485597">
        <ele>17.846713</ele>
        <time>2026-05-29T18:04:23.000Z</time>
      </trkpt>
      <trkpt lat="44.212605" lon="15.485635">
        <ele>17.893488</ele>
        <time>2026-05-29T18:04:24.000Z</time>
      </trkpt>
      <trkpt lat="44.212619" lon="15.485673">
        <ele>17.937365</ele>
        <time>2026-05-29T18:04:25.000Z</time>
      </trkpt>
      <trkpt lat="44.212633" lon="15.485710">
        <ele>17.980331</ele>
        <time>2026-05-29T18:04:26.000Z</time>
      </trkpt>
      <trkpt lat="44.212647" lon="15.485746">
        <ele>18.022391</ele>
        <time>2026-05-29T18:04:27.000Z</time>
      </trkpt>
      <trkpt lat="44.212661" lon="15.485782">
        <ele>18.064451</ele>
        <time>2026-05-29T18:04:28.000Z</time>
      </trkpt>
      <trkpt lat="44.212675" lon="15.485817">
        <ele>18.105612</ele>
        <time>2026-05-29T18:04:29.000Z</time>
      </trkpt>
      <trkpt lat="44.212695" lon="15.485851">
        <ele>18.150780</ele>
        <time>2026-05-29T18:04:30.000Z</time>
      </trkpt>
      <trkpt lat="44.212713" lon="15.485888">
        <ele>18.196702</ele>
        <time>2026-05-29T18:04:31.000Z</time>
      </trkpt>
      <trkpt lat="44.212723" lon="15.485929">
        <ele>18.242110</ele>
        <time>2026-05-29T18:04:32.000Z</time>
      </trkpt>
      <trkpt lat="44.212733" lon="15.485968">
        <ele>18.294545</ele>
        <time>2026-05-29T18:04:33.000Z</time>
      </trkpt>
      <trkpt lat="44.212737" lon="15.486009">
        <ele>18.346925</ele>
        <time>2026-05-29T18:04:34.000Z</time>
      </trkpt>
      <trkpt lat="44.212745" lon="15.486050">
        <ele>18.400716</ele>
        <time>2026-05-29T18:04:35.000Z</time>
      </trkpt>
      <trkpt lat="44.212756" lon="15.486090">
        <ele>18.454952</ele>
        <time>2026-05-29T18:04:36.000Z</time>
      </trkpt>
      <trkpt lat="44.212765" lon="15.486133">
        <ele>18.511659</ele>
        <time>2026-05-29T18:04:37.000Z</time>
      </trkpt>
      <trkpt lat="44.212774" lon="15.486173">
        <ele>18.564732</ele>
        <time>2026-05-29T18:04:38.000Z</time>
      </trkpt>
      <trkpt lat="44.212786" lon="15.486206">
        <ele>18.611575</ele>
        <time>2026-05-29T18:04:39.000Z</time>
      </trkpt>
      <trkpt lat="44.212796" lon="15.486237">
        <ele>18.654609</ele>
        <time>2026-05-29T18:04:40.000Z</time>
      </trkpt>
      <trkpt lat="44.212806" lon="15.486265">
        <ele>18.694211</ele>
        <time>2026-05-29T18:04:41.000Z</time>
      </trkpt>
      <trkpt lat="44.212818" lon="15.486291">
        <ele>18.733358</ele>
        <time>2026-05-29T18:04:42.000Z</time>
      </trkpt>
      <trkpt lat="44.212826" lon="15.486319">
        <ele>18.771516</ele>
        <time>2026-05-29T18:04:43.000Z</time>
      </trkpt>
      <trkpt lat="44.212835" lon="15.486344">
        <ele>18.806931</ele>
        <time>2026-05-29T18:04:44.000Z</time>
      </trkpt>
      <trkpt lat="44.212848" lon="15.486369">
        <ele>18.846030</ele>
        <time>2026-05-29T18:04:45.000Z</time>
      </trkpt>
      <trkpt lat="44.212857" lon="15.486396">
        <ele>18.883725</ele>
        <time>2026-05-29T18:04:46.000Z</time>
      </trkpt>
      <trkpt lat="44.212869" lon="15.486424">
        <ele>18.925023</ele>
        <time>2026-05-29T18:04:47.000Z</time>
      </trkpt>
      <trkpt lat="44.212881" lon="15.486452">
        <ele>18.966322</ele>
        <time>2026-05-29T18:04:48.000Z</time>
      </trkpt>
      <trkpt lat="44.212890" lon="15.486483">
        <ele>19.008662</ele>
        <time>2026-05-29T18:04:49.000Z</time>
      </trkpt>
      <trkpt lat="44.212898" lon="15.486514">
        <ele>19.050371</ele>
        <time>2026-05-29T18:04:50.000Z</time>
      </trkpt>
      <trkpt lat="44.212904" lon="15.486544">
        <ele>19.089799</ele>
        <time>2026-05-29T18:04:51.000Z</time>
      </trkpt>
      <trkpt lat="44.212915" lon="15.486576">
        <ele>19.134725</ele>
        <time>2026-05-29T18:04:52.000Z</time>
      </trkpt>
      <trkpt lat="44.212925" lon="15.486610">
        <ele>19.181249</ele>
        <time>2026-05-29T18:04:53.000Z</time>
      </trkpt>
      <trkpt lat="44.212937" lon="15.486641">
        <ele>19.225849</ele>
        <time>2026-05-29T18:04:54.000Z</time>
      </trkpt>
      <trkpt lat="44.212948" lon="15.486671">
        <ele>19.268507</ele>
        <time>2026-05-29T18:04:55.000Z</time>
      </trkpt>
      <trkpt lat="44.212959" lon="15.486702">
        <ele>19.312296</ele>
        <time>2026-05-29T18:04:56.000Z</time>
      </trkpt>
      <trkpt lat="44.212970" lon="15.486734">
        <ele>19.357222</ele>
        <time>2026-05-29T18:04:57.000Z</time>
      </trkpt>
      <trkpt lat="44.212981" lon="15.486765">
        <ele>19.401011</ele>
        <time>2026-05-29T18:04:58.000Z</time>
      </trkpt>
      <trkpt lat="44.212992" lon="15.486796">
        <ele>19.444800</ele>
        <time>2026-05-29T18:04:59.000Z</time>
      </trkpt>
      <trkpt lat="44.213004" lon="15.486826">
        <ele>19.488290</ele>
        <time>2026-05-29T18:05:00.000Z</time>
      </trkpt>
      <trkpt lat="44.213017" lon="15.486853">
        <ele>19.529466</ele>
        <time>2026-05-29T18:05:01.000Z</time>
      </trkpt>
      <trkpt lat="44.213028" lon="15.486880">
        <ele>19.568781</ele>
        <time>2026-05-29T18:05:02.000Z</time>
      </trkpt>
      <trkpt lat="44.213037" lon="15.486913">
        <ele>19.613477</ele>
        <time>2026-05-29T18:05:03.000Z</time>
      </trkpt>
      <trkpt lat="44.213044" lon="15.486947">
        <ele>19.658258</ele>
        <time>2026-05-29T18:05:04.000Z</time>
      </trkpt>
      <trkpt lat="44.213054" lon="15.486978">
        <ele>19.701292</ele>
        <time>2026-05-29T18:05:05.000Z</time>
      </trkpt>
      <trkpt lat="44.213059" lon="15.487013">
        <ele>19.746470</ele>
        <time>2026-05-29T18:05:06.000Z</time>
      </trkpt>
      <trkpt lat="44.213058" lon="15.487052">
        <ele>19.795872</ele>
        <time>2026-05-29T18:05:07.000Z</time>
      </trkpt>
      <trkpt lat="44.213055" lon="15.487093">
        <ele>19.848044</ele>
        <time>2026-05-29T18:05:08.000Z</time>
      </trkpt>
      <trkpt lat="44.213052" lon="15.487135">
        <ele>19.901475</ele>
        <time>2026-05-29T18:05:09.000Z</time>
      </trkpt>
      <trkpt lat="44.213046" lon="15.487181">
        <ele>19.960662</ele>
        <time>2026-05-29T18:05:10.000Z</time>
      </trkpt>
      <trkpt lat="44.213040" lon="15.487233">
        <ele>20.027337</ele>
        <time>2026-05-29T18:05:11.000Z</time>
      </trkpt>
      <trkpt lat="44.213035" lon="15.487290">
        <ele>20.100031</ele>
        <time>2026-05-29T18:05:12.000Z</time>
      </trkpt>
      <trkpt lat="44.213034" lon="15.487351">
        <ele>20.177272</ele>
        <time>2026-05-29T18:05:13.000Z</time>
      </trkpt>
      <trkpt lat="44.213042" lon="15.487417">
        <ele>20.262007</ele>
        <time>2026-05-29T18:05:14.000Z</time>
      </trkpt>
      <trkpt lat="44.213054" lon="15.487480">
        <ele>20.344527</ele>
        <time>2026-05-29T18:05:15.000Z</time>
      </trkpt>
      <trkpt lat="44.213067" lon="15.487542">
        <ele>20.426302</ele>
        <time>2026-05-29T18:05:16.000Z</time>
      </trkpt>
      <trkpt lat="44.213080" lon="15.487606">
        <ele>20.510510</ele>
        <time>2026-05-29T18:05:17.000Z</time>
      </trkpt>
      <trkpt lat="44.213093" lon="15.487667">
        <ele>20.591071</ele>
        <time>2026-05-29T18:05:18.000Z</time>
      </trkpt>
      <trkpt lat="44.213105" lon="15.487728">
        <ele>20.671147</ele>
        <time>2026-05-29T18:05:19.000Z</time>
      </trkpt>
      <trkpt lat="44.213115" lon="15.487788">
        <ele>20.749127</ele>
        <time>2026-05-29T18:05:20.000Z</time>
      </trkpt>
      <trkpt lat="44.213129" lon="15.487845">
        <ele>20.825402</ele>
        <time>2026-05-29T18:05:21.000Z</time>
      </trkpt>
      <trkpt lat="44.213140" lon="15.487902">
        <ele>20.900128</ele>
        <time>2026-05-29T18:05:22.000Z</time>
      </trkpt>
      <trkpt lat="44.213152" lon="15.487957">
        <ele>20.972907</ele>
        <time>2026-05-29T18:05:23.000Z</time>
      </trkpt>
      <trkpt lat="44.213165" lon="15.488009">
        <ele>21.042623</ele>
        <time>2026-05-29T18:05:24.000Z</time>
      </trkpt>
      <trkpt lat="44.213178" lon="15.488062">
        <ele>21.113535</ele>
        <time>2026-05-29T18:05:25.000Z</time>
      </trkpt>
      <trkpt lat="44.213190" lon="15.488117">
        <ele>21.186314</ele>
        <time>2026-05-29T18:05:26.000Z</time>
      </trkpt>
      <trkpt lat="44.213202" lon="15.488171">
        <ele>21.257882</ele>
        <time>2026-05-29T18:05:27.000Z</time>
      </trkpt>
      <trkpt lat="44.213215" lon="15.488224">
        <ele>21.328795</ele>
        <time>2026-05-29T18:05:28.000Z</time>
      </trkpt>
      <trkpt lat="44.213228" lon="15.488275">
        <ele>21.397317</ele>
        <time>2026-05-29T18:05:29.000Z</time>
      </trkpt>
      <trkpt lat="44.213239" lon="15.488325">
        <ele>21.401811</ele>
        <time>2026-05-29T18:05:30.000Z</time>
      </trkpt>
      <trkpt lat="44.213242" lon="15.488377">
        <ele>21.385786</ele>
        <time>2026-05-29T18:05:31.000Z</time>
      </trkpt>
      <trkpt lat="44.213238" lon="15.488427">
        <ele>21.370332</ele>
        <time>2026-05-29T18:05:32.000Z</time>
      </trkpt>
      <trkpt lat="44.213213" lon="15.488470">
        <ele>21.353325</ele>
        <time>2026-05-29T18:05:33.000Z</time>
      </trkpt>
      <trkpt lat="44.213175" lon="15.488499">
        <ele>21.334762</ele>
        <time>2026-05-29T18:05:34.000Z</time>
      </trkpt>
      <trkpt lat="44.213132" lon="15.488517">
        <ele>21.315523</ele>
        <time>2026-05-29T18:05:35.000Z</time>
      </trkpt>
      <trkpt lat="44.213088" lon="15.488534">
        <ele>21.295956</ele>
        <time>2026-05-29T18:05:36.000Z</time>
      </trkpt>
      <trkpt lat="44.213047" lon="15.488556">
        <ele>21.277131</ele>
        <time>2026-05-29T18:05:37.000Z</time>
      </trkpt>
      <trkpt lat="44.213011" lon="15.488594">
        <ele>21.257785</ele>
        <time>2026-05-29T18:05:38.000Z</time>
      </trkpt>
      <trkpt lat="44.212989" lon="15.488649">
        <ele>21.238437</ele>
        <time>2026-05-29T18:05:39.000Z</time>
      </trkpt>
      <trkpt lat="44.212980" lon="15.488706">
        <ele>21.220509</ele>
        <time>2026-05-29T18:05:40.000Z</time>
      </trkpt>
      <trkpt lat="44.212979" lon="15.488763">
        <ele>21.202995</ele>
        <time>2026-05-29T18:05:41.000Z</time>
      </trkpt>
      <trkpt lat="44.212978" lon="15.488812">
        <ele>21.187937</ele>
        <time>2026-05-29T18:05:42.000Z</time>
      </trkpt>
      <trkpt lat="44.212981" lon="15.488852">
        <ele>21.175583</ele>
        <time>2026-05-29T18:05:43.000Z</time>
      </trkpt>
      <trkpt lat="44.212982" lon="15.488887">
        <ele>21.164824</ele>
        <time>2026-05-29T18:05:44.000Z</time>
      </trkpt>
      <trkpt lat="44.212984" lon="15.488918">
        <ele>21.155263</ele>
        <time>2026-05-29T18:05:45.000Z</time>
      </trkpt>
      <trkpt lat="44.212992" lon="15.488944">
        <ele>21.146572</ele>
        <time>2026-05-29T18:05:46.000Z</time>
      </trkpt>
      <trkpt lat="44.212999" lon="15.488970">
        <ele>21.138040</ele>
        <time>2026-05-29T18:05:47.000Z</time>
      </trkpt>
      <trkpt lat="44.213004" lon="15.488997">
        <ele>21.129474</ele>
        <time>2026-05-29T18:05:48.000Z</time>
      </trkpt>
      <trkpt lat="44.213006" lon="15.489023">
        <ele>21.121442</ele>
        <time>2026-05-29T18:05:49.000Z</time>
      </trkpt>
      <trkpt lat="44.213007" lon="15.489051">
        <ele>21.112831</ele>
        <time>2026-05-29T18:05:50.000Z</time>
      </trkpt>
      <trkpt lat="44.213010" lon="15.489084">
        <ele>21.102613</ele>
        <time>2026-05-29T18:05:51.000Z</time>
      </trkpt>
      <trkpt lat="44.213008" lon="15.489118">
        <ele>21.092134</ele>
        <time>2026-05-29T18:05:52.000Z</time>
      </trkpt>
      <trkpt lat="44.213003" lon="15.489155">
        <ele>21.080568</ele>
        <time>2026-05-29T18:05:53.000Z</time>
      </trkpt>
      <trkpt lat="44.212999" lon="15.489193">
        <ele>21.068770</ele>
        <time>2026-05-29T18:05:54.000Z</time>
      </trkpt>
      <trkpt lat="44.212997" lon="15.489234">
        <ele>21.056147</ele>
        <time>2026-05-29T18:05:55.000Z</time>
      </trkpt>
      <trkpt lat="44.212994" lon="15.489274">
        <ele>21.043793</ele>
        <time>2026-05-29T18:05:56.000Z</time>
      </trkpt>
      <trkpt lat="44.212992" lon="15.489313">
        <ele>21.031783</ele>
        <time>2026-05-29T18:05:57.000Z</time>
      </trkpt>
      <trkpt lat="44.212985" lon="15.489355">
        <ele>21.018538</ele>
        <time>2026-05-29T18:05:58.000Z</time>
      </trkpt>
      <trkpt lat="44.212981" lon="15.489396">
        <ele>21.005827</ele>
        <time>2026-05-29T18:05:59.000Z</time>
      </trkpt>
      <trkpt lat="44.212976" lon="15.489435">
        <ele>20.993658</ele>
        <time>2026-05-29T18:06:00.000Z</time>
      </trkpt>
      <trkpt lat="44.212974" lon="15.489471">
        <ele>20.982566</ele>
        <time>2026-05-29T18:06:01.000Z</time>
      </trkpt>
      <trkpt lat="44.212973" lon="15.489506">
        <ele>20.971807</ele>
        <time>2026-05-29T18:06:02.000Z</time>
      </trkpt>
      <trkpt lat="44.212971" lon="15.489540">
        <ele>20.961328</ele>
        <time>2026-05-29T18:06:03.000Z</time>
      </trkpt>
      <trkpt lat="44.212972" lon="15.489576">
        <ele>20.950261</ele>
        <time>2026-05-29T18:06:04.000Z</time>
      </trkpt>
      <trkpt lat="44.212973" lon="15.489610">
        <ele>20.939809</ele>
        <time>2026-05-29T18:06:05.000Z</time>
      </trkpt>
      <trkpt lat="44.212972" lon="15.489643">
        <ele>20.929663</ele>
        <time>2026-05-29T18:06:06.000Z</time>
      </trkpt>
      <trkpt lat="44.212972" lon="15.489675">
        <ele>20.919833</ele>
        <time>2026-05-29T18:06:07.000Z</time>
      </trkpt>
      <trkpt lat="44.212972" lon="15.489707">
        <ele>20.910004</ele>
        <time>2026-05-29T18:06:08.000Z</time>
      </trkpt>
      <trkpt lat="44.212969" lon="15.489739">
        <ele>20.900091</ele>
        <time>2026-05-29T18:06:09.000Z</time>
      </trkpt>
      <trkpt lat="44.212965" lon="15.489773">
        <ele>20.889507</ele>
        <time>2026-05-29T18:06:10.000Z</time>
      </trkpt>
      <trkpt lat="44.212963" lon="15.489810">
        <ele>20.878109</ele>
        <time>2026-05-29T18:06:11.000Z</time>
      </trkpt>
      <trkpt lat="44.212958" lon="15.489850">
        <ele>20.865637</ele>
        <time>2026-05-29T18:06:12.000Z</time>
      </trkpt>
      <trkpt lat="44.212949" lon="15.489890">
        <ele>20.852759</ele>
        <time>2026-05-29T18:06:13.000Z</time>
      </trkpt>
      <trkpt lat="44.212934" lon="15.489938">
        <ele>20.836674</ele>
        <time>2026-05-29T18:06:14.000Z</time>
      </trkpt>
      <trkpt lat="44.212917" lon="15.489996">
        <ele>20.817426</ele>
        <time>2026-05-29T18:06:15.000Z</time>
      </trkpt>
      <trkpt lat="44.212898" lon="15.490061">
        <ele>20.795864</ele>
        <time>2026-05-29T18:06:16.000Z</time>
      </trkpt>
      <trkpt lat="44.212876" lon="15.490127">
        <ele>20.773505</ele>
        <time>2026-05-29T18:06:17.000Z</time>
      </trkpt>
      <trkpt lat="44.212854" lon="15.490190">
        <ele>20.751979</ele>
        <time>2026-05-29T18:06:18.000Z</time>
      </trkpt>
      <trkpt lat="44.212835" lon="15.490251">
        <ele>20.731548</ele>
        <time>2026-05-29T18:06:19.000Z</time>
      </trkpt>
      <trkpt lat="44.212817" lon="15.490318">
        <ele>20.709570</ele>
        <time>2026-05-29T18:06:20.000Z</time>
      </trkpt>
      <trkpt lat="44.212797" lon="15.490391">
        <ele>20.685564</ele>
        <time>2026-05-29T18:06:21.000Z</time>
      </trkpt>
      <trkpt lat="44.212772" lon="15.490465">
        <ele>20.660434</ele>
        <time>2026-05-29T18:06:22.000Z</time>
      </trkpt>
      <trkpt lat="44.212739" lon="15.490541">
        <ele>20.692920</ele>
        <time>2026-05-29T18:06:23.000Z</time>
      </trkpt>
      <trkpt lat="44.212696" lon="15.490623">
        <ele>20.850263</ele>
        <time>2026-05-29T18:06:24.000Z</time>
      </trkpt>
      <trkpt lat="44.212648" lon="15.490713">
        <ele>21.023989</ele>
        <time>2026-05-29T18:06:25.000Z</time>
      </trkpt>
      <trkpt lat="44.212604" lon="15.490811">
        <ele>21.203070</ele>
        <time>2026-05-29T18:06:26.000Z</time>
      </trkpt>
      <trkpt lat="44.212561" lon="15.490912">
        <ele>21.384991</ele>
        <time>2026-05-29T18:06:27.000Z</time>
      </trkpt>
      <trkpt lat="44.212519" lon="15.491011">
        <ele>21.563147</ele>
        <time>2026-05-29T18:06:28.000Z</time>
      </trkpt>
      <trkpt lat="44.212482" lon="15.491105">
        <ele>21.729223</ele>
        <time>2026-05-29T18:06:29.000Z</time>
      </trkpt>
      <trkpt lat="44.212449" lon="15.491195">
        <ele>21.885776</ele>
        <time>2026-05-29T18:06:30.000Z</time>
      </trkpt>
      <trkpt lat="44.212418" lon="15.491280">
        <ele>22.033469</ele>
        <time>2026-05-29T18:06:31.000Z</time>
      </trkpt>
      <trkpt lat="44.212385" lon="15.491355">
        <ele>22.169754</ele>
        <time>2026-05-29T18:06:32.000Z</time>
      </trkpt>
      <trkpt lat="44.212350" lon="15.491427">
        <ele>22.304479</ele>
        <time>2026-05-29T18:06:33.000Z</time>
      </trkpt>
      <trkpt lat="44.212307" lon="15.491491">
        <ele>22.440326</ele>
        <time>2026-05-29T18:06:34.000Z</time>
      </trkpt>
      <trkpt lat="44.212266" lon="15.491542">
        <ele>22.559006</ele>
        <time>2026-05-29T18:06:35.000Z</time>
      </trkpt>
      <trkpt lat="44.212227" lon="15.491591">
        <ele>22.672401</ele>
        <time>2026-05-29T18:06:36.000Z</time>
      </trkpt>
      <trkpt lat="44.212194" lon="15.491643">
        <ele>22.779957</ele>
        <time>2026-05-29T18:06:37.000Z</time>
      </trkpt>
      <trkpt lat="44.212165" lon="15.491699">
        <ele>22.886947</ele>
        <time>2026-05-29T18:06:38.000Z</time>
      </trkpt>
      <trkpt lat="44.212142" lon="15.491752">
        <ele>22.982895</ele>
        <time>2026-05-29T18:06:39.000Z</time>
      </trkpt>
      <trkpt lat="44.212124" lon="15.491802">
        <ele>23.069544</ele>
        <time>2026-05-29T18:06:40.000Z</time>
      </trkpt>
      <trkpt lat="44.212106" lon="15.491846">
        <ele>23.148001</ele>
        <time>2026-05-29T18:06:41.000Z</time>
      </trkpt>
      <trkpt lat="44.212092" lon="15.491888">
        <ele>23.219733</ele>
        <time>2026-05-29T18:06:42.000Z</time>
      </trkpt>
      <trkpt lat="44.212074" lon="15.491930">
        <ele>23.295515</ele>
        <time>2026-05-29T18:06:43.000Z</time>
      </trkpt>
      <trkpt lat="44.212054" lon="15.491967">
        <ele>23.367282</ele>
        <time>2026-05-29T18:06:44.000Z</time>
      </trkpt>
      <trkpt lat="44.212038" lon="15.492002">
        <ele>23.431569</ele>
        <time>2026-05-29T18:06:45.000Z</time>
      </trkpt>
      <trkpt lat="44.212024" lon="15.492035">
        <ele>23.490955</ele>
        <time>2026-05-29T18:06:46.000Z</time>
      </trkpt>
      <trkpt lat="44.212005" lon="15.492073">
        <ele>23.562706</ele>
        <time>2026-05-29T18:06:47.000Z</time>
      </trkpt>
      <trkpt lat="44.211989" lon="15.492109">
        <ele>23.628305</ele>
        <time>2026-05-29T18:06:48.000Z</time>
      </trkpt>
      <trkpt lat="44.211973" lon="15.492147">
        <ele>23.696555</ele>
        <time>2026-05-29T18:06:49.000Z</time>
      </trkpt>
      <trkpt lat="44.211959" lon="15.492186">
        <ele>23.764103</ele>
        <time>2026-05-29T18:06:50.000Z</time>
      </trkpt>
      <trkpt lat="44.211943" lon="15.492219">
        <ele>23.825802</ele>
        <time>2026-05-29T18:06:51.000Z</time>
      </trkpt>
      <trkpt lat="44.211928" lon="15.492250">
        <ele>23.883724</ele>
        <time>2026-05-29T18:06:52.000Z</time>
      </trkpt>
      <trkpt lat="44.211917" lon="15.492282">
        <ele>23.938685</ele>
        <time>2026-05-29T18:06:53.000Z</time>
      </trkpt>
      <trkpt lat="44.211910" lon="15.492315">
        <ele>23.991981</ele>
        <time>2026-05-29T18:06:54.000Z</time>
      </trkpt>
      <trkpt lat="44.211912" lon="15.492345">
        <ele>24.038640</ele>
        <time>2026-05-29T18:06:55.000Z</time>
      </trkpt>
      <trkpt lat="44.211918" lon="15.492369">
        <ele>24.078003</ele>
        <time>2026-05-29T18:06:56.000Z</time>
      </trkpt>
      <trkpt lat="44.211930" lon="15.492384">
        <ele>24.112814</ele>
        <time>2026-05-29T18:06:57.000Z</time>
      </trkpt>
      <trkpt lat="44.211945" lon="15.492394">
        <ele>24.148733</ele>
        <time>2026-05-29T18:06:58.000Z</time>
      </trkpt>
      <trkpt lat="44.211960" lon="15.492399">
        <ele>24.182054</ele>
        <time>2026-05-29T18:06:59.000Z</time>
      </trkpt>
      <trkpt lat="44.211973" lon="15.492401">
        <ele>24.210312</ele>
        <time>2026-05-29T18:07:00.000Z</time>
      </trkpt>
      <trkpt lat="44.211986" lon="15.492402">
        <ele>24.238442</ele>
        <time>2026-05-29T18:07:01.000Z</time>
      </trkpt>
      <trkpt lat="44.212002" lon="15.492406">
        <ele>24.273562</ele>
        <time>2026-05-29T18:07:02.000Z</time>
      </trkpt>
      <trkpt lat="44.212015" lon="15.492417">
        <ele>24.306412</ele>
        <time>2026-05-29T18:07:03.000Z</time>
      </trkpt>
      <trkpt lat="44.212025" lon="15.492433">
        <ele>24.339287</ele>
        <time>2026-05-29T18:07:04.000Z</time>
      </trkpt>
      <trkpt lat="44.212037" lon="15.492444">
        <ele>24.370309</ele>
        <time>2026-05-29T18:07:05.000Z</time>
      </trkpt>
      <trkpt lat="44.212050" lon="15.492448">
        <ele>24.399072</ele>
        <time>2026-05-29T18:07:06.000Z</time>
      </trkpt>
      <trkpt lat="44.212064" lon="15.492446">
        <ele>24.429478</ele>
        <time>2026-05-29T18:07:07.000Z</time>
      </trkpt>
      <trkpt lat="44.212080" lon="15.492446">
        <ele>24.464047</ele>
        <time>2026-05-29T18:07:08.000Z</time>
      </trkpt>
      <trkpt lat="44.212096" lon="15.492449">
        <ele>24.498927</ele>
        <time>2026-05-29T18:07:09.000Z</time>
      </trkpt>
      <trkpt lat="44.212110" lon="15.492456">
        <ele>24.532360</ele>
        <time>2026-05-29T18:07:10.000Z</time>
      </trkpt>
      <trkpt lat="44.212125" lon="15.492463">
        <ele>24.589831</ele>
        <time>2026-05-29T18:07:11.000Z</time>
      </trkpt>
      <trkpt lat="44.212138" lon="15.492471">
        <ele>24.641457</ele>
        <time>2026-05-29T18:07:12.000Z</time>
      </trkpt>
      <trkpt lat="44.212151" lon="15.492482">
        <ele>24.696700</ele>
        <time>2026-05-29T18:07:13.000Z</time>
      </trkpt>
      <trkpt lat="44.212165" lon="15.492494">
        <ele>24.756402</ele>
        <time>2026-05-29T18:07:14.000Z</time>
      </trkpt>
      <trkpt lat="44.212180" lon="15.492509">
        <ele>24.823458</ele>
        <time>2026-05-29T18:07:15.000Z</time>
      </trkpt>
      <trkpt lat="44.212198" lon="15.492522">
        <ele>24.897104</ele>
        <time>2026-05-29T18:07:16.000Z</time>
      </trkpt>
      <trkpt lat="44.212216" lon="15.492532">
        <ele>24.967502</ele>
        <time>2026-05-29T18:07:17.000Z</time>
      </trkpt>
      <trkpt lat="44.212229" lon="15.492547">
        <ele>25.028798</ele>
        <time>2026-05-29T18:07:18.000Z</time>
      </trkpt>
      <trkpt lat="44.212241" lon="15.492569">
        <ele>25.100797</ele>
        <time>2026-05-29T18:07:19.000Z</time>
      </trkpt>
      <trkpt lat="44.212252" lon="15.492590">
        <ele>25.168536</ele>
        <time>2026-05-29T18:07:20.000Z</time>
      </trkpt>
      <trkpt lat="44.212263" lon="15.492607">
        <ele>25.228182</ele>
        <time>2026-05-29T18:07:21.000Z</time>
      </trkpt>
      <trkpt lat="44.212273" lon="15.492625">
        <ele>25.287492</ele>
        <time>2026-05-29T18:07:22.000Z</time>
      </trkpt>
      <trkpt lat="44.212282" lon="15.492642">
        <ele>25.342534</ele>
        <time>2026-05-29T18:07:23.000Z</time>
      </trkpt>
      <trkpt lat="44.212290" lon="15.492660">
        <ele>25.397692</ele>
        <time>2026-05-29T18:07:24.000Z</time>
      </trkpt>
      <trkpt lat="44.212299" lon="15.492677">
        <ele>25.452733</ele>
        <time>2026-05-29T18:07:25.000Z</time>
      </trkpt>
      <trkpt lat="44.212309" lon="15.492694">
        <ele>25.510008</ele>
        <time>2026-05-29T18:07:26.000Z</time>
      </trkpt>
      <trkpt lat="44.212317" lon="15.492712">
        <ele>25.565167</ele>
        <time>2026-05-29T18:07:27.000Z</time>
      </trkpt>
      <trkpt lat="44.212326" lon="15.492732">
        <ele>25.626668</ele>
        <time>2026-05-29T18:07:28.000Z</time>
      </trkpt>
      <trkpt lat="44.212329" lon="15.492755">
        <ele>25.687551</ele>
        <time>2026-05-29T18:07:29.000Z</time>
      </trkpt>
      <trkpt lat="44.212324" lon="15.492776">
        <ele>25.745181</ele>
        <time>2026-05-29T18:07:30.000Z</time>
      </trkpt>
      <trkpt lat="44.212320" lon="15.492795">
        <ele>25.796753</ele>
        <time>2026-05-29T18:07:31.000Z</time>
      </trkpt>
      <trkpt lat="44.212315" lon="15.492815">
        <ele>25.851917</ele>
        <time>2026-05-29T18:07:32.000Z</time>
      </trkpt>
      <trkpt lat="44.212311" lon="15.492842">
        <ele>25.923721</ele>
        <time>2026-05-29T18:07:33.000Z</time>
      </trkpt>
      <trkpt lat="44.212305" lon="15.492867">
        <ele>25.992382</ele>
        <time>2026-05-29T18:07:34.000Z</time>
      </trkpt>
      <trkpt lat="44.212298" lon="15.492891">
        <ele>26.059863</ele>
        <time>2026-05-29T18:07:35.000Z</time>
      </trkpt>
      <trkpt lat="44.212292" lon="15.492913">
        <ele>26.121165</ele>
        <time>2026-05-29T18:07:36.000Z</time>
      </trkpt>
      <trkpt lat="44.212284" lon="15.492938">
        <ele>26.192468</ele>
        <time>2026-05-29T18:07:37.000Z</time>
      </trkpt>
      <trkpt lat="44.212278" lon="15.492965">
        <ele>26.266087</ele>
        <time>2026-05-29T18:07:38.000Z</time>
      </trkpt>
      <trkpt lat="44.212273" lon="15.492996">
        <ele>26.348840</ele>
        <time>2026-05-29T18:07:39.000Z</time>
      </trkpt>
      <trkpt lat="44.212269" lon="15.493031">
        <ele>26.441143</ele>
        <time>2026-05-29T18:07:40.000Z</time>
      </trkpt>
      <trkpt lat="44.212264" lon="15.493069">
        <ele>26.541761</ele>
        <time>2026-05-29T18:07:41.000Z</time>
      </trkpt>
      <trkpt lat="44.212258" lon="15.493113">
        <ele>26.658408</ele>
        <time>2026-05-29T18:07:42.000Z</time>
      </trkpt>
      <trkpt lat="44.212252" lon="15.493159">
        <ele>26.780174</ele>
        <time>2026-05-29T18:07:43.000Z</time>
      </trkpt>
      <trkpt lat="44.212245" lon="15.493206">
        <ele>26.905193</ele>
        <time>2026-05-29T18:07:44.000Z</time>
      </trkpt>
      <trkpt lat="44.212238" lon="15.493253">
        <ele>27.030211</ele>
        <time>2026-05-29T18:07:45.000Z</time>
      </trkpt>
      <trkpt lat="44.212229" lon="15.493304">
        <ele>27.166999</ele>
        <time>2026-05-29T18:07:46.000Z</time>
      </trkpt>
      <trkpt lat="44.212221" lon="15.493357">
        <ele>27.308056</ele>
        <time>2026-05-29T18:07:47.000Z</time>
      </trkpt>
      <trkpt lat="44.212213" lon="15.493413">
        <ele>27.456767</ele>
        <time>2026-05-29T18:07:48.000Z</time>
      </trkpt>
      <trkpt lat="44.212205" lon="15.493468">
        <ele>27.602925</ele>
        <time>2026-05-29T18:07:49.000Z</time>
      </trkpt>
      <trkpt lat="44.212197" lon="15.493524">
        <ele>27.751637</ele>
        <time>2026-05-29T18:07:50.000Z</time>
      </trkpt>
      <trkpt lat="44.212190" lon="15.493584">
        <ele>27.909953</ele>
        <time>2026-05-29T18:07:51.000Z</time>
      </trkpt>
      <trkpt lat="44.212185" lon="15.493646">
        <ele>28.072441</ele>
        <time>2026-05-29T18:07:52.000Z</time>
      </trkpt>
      <trkpt lat="44.212181" lon="15.493708">
        <ele>28.234563</ele>
        <time>2026-05-29T18:07:53.000Z</time>
      </trkpt>
      <trkpt lat="44.212177" lon="15.493772">
        <ele>28.401873</ele>
        <time>2026-05-29T18:07:54.000Z</time>
      </trkpt>
      <trkpt lat="44.212175" lon="15.493835">
        <ele>28.566107</ele>
        <time>2026-05-29T18:07:55.000Z</time>
      </trkpt>
      <trkpt lat="44.212174" lon="15.493899">
        <ele>28.732824</ele>
        <time>2026-05-29T18:07:56.000Z</time>
      </trkpt>
      <trkpt lat="44.212176" lon="15.493964">
        <ele>28.902262</ele>
        <time>2026-05-29T18:07:57.000Z</time>
      </trkpt>
      <trkpt lat="44.212177" lon="15.494029">
        <ele>29.071583</ele>
        <time>2026-05-29T18:07:58.000Z</time>
      </trkpt>
      <trkpt lat="44.212179" lon="15.494094">
        <ele>29.241021</ele>
        <time>2026-05-29T18:07:59.000Z</time>
      </trkpt>
      <trkpt lat="44.212182" lon="15.494158">
        <ele>29.408055</ele>
        <time>2026-05-29T18:08:00.000Z</time>
      </trkpt>
      <trkpt lat="44.212187" lon="15.494223">
        <ele>29.578309</ele>
        <time>2026-05-29T18:08:01.000Z</time>
      </trkpt>
      <trkpt lat="44.212192" lon="15.494286">
        <ele>29.743385</ele>
        <time>2026-05-29T18:08:02.000Z</time>
      </trkpt>
      <trkpt lat="44.212196" lon="15.494350">
        <ele>29.910695</ele>
        <time>2026-05-29T18:08:03.000Z</time>
      </trkpt>
      <trkpt lat="44.212206" lon="15.494414">
        <ele>30.081287</ele>
        <time>2026-05-29T18:08:04.000Z</time>
      </trkpt>
      <trkpt lat="44.212215" lon="15.494478">
        <ele>30.251142</ele>
        <time>2026-05-29T18:08:05.000Z</time>
      </trkpt>
      <trkpt lat="44.212226" lon="15.494543">
        <ele>30.425078</ele>
        <time>2026-05-29T18:08:06.000Z</time>
      </trkpt>
      <trkpt lat="44.212239" lon="15.494609">
        <ele>30.603336</ele>
        <time>2026-05-29T18:08:07.000Z</time>
      </trkpt>
      <trkpt lat="44.212253" lon="15.494675">
        <ele>30.782592</ele>
        <time>2026-05-29T18:08:08.000Z</time>
      </trkpt>
      <trkpt lat="44.212269" lon="15.494742">
        <ele>30.966512</ele>
        <time>2026-05-29T18:08:09.000Z</time>
      </trkpt>
      <trkpt lat="44.212289" lon="15.494807">
        <ele>31.075717</ele>
        <time>2026-05-29T18:08:10.000Z</time>
      </trkpt>
      <trkpt lat="44.212309" lon="15.494873">
        <ele>31.100037</ele>
        <time>2026-05-29T18:08:11.000Z</time>
      </trkpt>
      <trkpt lat="44.212328" lon="15.494942">
        <ele>31.125125</ele>
        <time>2026-05-29T18:08:12.000Z</time>
      </trkpt>
      <trkpt lat="44.212348" lon="15.495007">
        <ele>31.149134</ele>
        <time>2026-05-29T18:08:13.000Z</time>
      </trkpt>
      <trkpt lat="44.212371" lon="15.495074">
        <ele>31.174348</ele>
        <time>2026-05-29T18:08:14.000Z</time>
      </trkpt>
      <trkpt lat="44.212394" lon="15.495139">
        <ele>31.198951</ele>
        <time>2026-05-29T18:08:15.000Z</time>
      </trkpt>
      <trkpt lat="44.212417" lon="15.495203">
        <ele>31.223251</ele>
        <time>2026-05-29T18:08:16.000Z</time>
      </trkpt>
      <trkpt lat="44.212438" lon="15.495269">
        <ele>31.247760</ele>
        <time>2026-05-29T18:08:17.000Z</time>
      </trkpt>
      <trkpt lat="44.212460" lon="15.495335">
        <ele>31.272465</ele>
        <time>2026-05-29T18:08:18.000Z</time>
      </trkpt>
      <trkpt lat="44.212484" lon="15.495400">
        <ele>31.297281</ele>
        <time>2026-05-29T18:08:19.000Z</time>
      </trkpt>
      <trkpt lat="44.212507" lon="15.495464">
        <ele>31.321581</ele>
        <time>2026-05-29T18:08:20.000Z</time>
      </trkpt>
      <trkpt lat="44.212530" lon="15.495529">
        <ele>31.346184</ele>
        <time>2026-05-29T18:08:21.000Z</time>
      </trkpt>
      <trkpt lat="44.212552" lon="15.495594">
        <ele>31.370582</ele>
        <time>2026-05-29T18:08:22.000Z</time>
      </trkpt>
      <trkpt lat="44.212575" lon="15.495659">
        <ele>31.395185</ele>
        <time>2026-05-29T18:08:23.000Z</time>
      </trkpt>
      <trkpt lat="44.212600" lon="15.495724">
        <ele>31.420222</ele>
        <time>2026-05-29T18:08:24.000Z</time>
      </trkpt>
      <trkpt lat="44.212625" lon="15.495790">
        <ele>31.445559</ele>
        <time>2026-05-29T18:08:25.000Z</time>
      </trkpt>
      <trkpt lat="44.212649" lon="15.495855">
        <ele>31.470376</ele>
        <time>2026-05-29T18:08:26.000Z</time>
      </trkpt>
      <trkpt lat="44.212671" lon="15.495921">
        <ele>31.495080</ele>
        <time>2026-05-29T18:08:27.000Z</time>
      </trkpt>
      <trkpt lat="44.212695" lon="15.495986">
        <ele>31.519897</ele>
        <time>2026-05-29T18:08:28.000Z</time>
      </trkpt>
      <trkpt lat="44.212718" lon="15.496051">
        <ele>31.544500</ele>
        <time>2026-05-29T18:08:29.000Z</time>
      </trkpt>
      <trkpt lat="44.212743" lon="15.496115">
        <ele>31.569239</ele>
        <time>2026-05-29T18:08:30.000Z</time>
      </trkpt>
      <trkpt lat="44.212767" lon="15.496182">
        <ele>31.594661</ele>
        <time>2026-05-29T18:08:31.000Z</time>
      </trkpt>
      <trkpt lat="44.212790" lon="15.496246">
        <ele>31.618960</ele>
        <time>2026-05-29T18:08:32.000Z</time>
      </trkpt>
      <trkpt lat="44.212815" lon="15.496311">
        <ele>31.643997</ele>
        <time>2026-05-29T18:08:33.000Z</time>
      </trkpt>
      <trkpt lat="44.212839" lon="15.496379">
        <ele>31.669723</ele>
        <time>2026-05-29T18:08:34.000Z</time>
      </trkpt>
      <trkpt lat="44.212864" lon="15.496445">
        <ele>31.695060</ele>
        <time>2026-05-29T18:08:35.000Z</time>
      </trkpt>
      <trkpt lat="44.212887" lon="15.496508">
        <ele>31.719056</ele>
        <time>2026-05-29T18:08:36.000Z</time>
      </trkpt>
      <trkpt lat="44.212909" lon="15.496572">
        <ele>31.743147</ele>
        <time>2026-05-29T18:08:37.000Z</time>
      </trkpt>
      <trkpt lat="44.212933" lon="15.496638">
        <ele>31.768266</ele>
        <time>2026-05-29T18:08:38.000Z</time>
      </trkpt>
      <trkpt lat="44.212957" lon="15.496703">
        <ele>31.793082</ele>
        <time>2026-05-29T18:08:39.000Z</time>
      </trkpt>
      <trkpt lat="44.212980" lon="15.496768">
        <ele>31.817686</ele>
        <time>2026-05-29T18:08:40.000Z</time>
      </trkpt>
      <trkpt lat="44.213000" lon="15.496833">
        <ele>31.841694</ele>
        <time>2026-05-29T18:08:41.000Z</time>
      </trkpt>
      <trkpt lat="44.213020" lon="15.496901">
        <ele>31.866641</ele>
        <time>2026-05-29T18:08:42.000Z</time>
      </trkpt>
      <trkpt lat="44.213041" lon="15.496968">
        <ele>31.891460</ele>
        <time>2026-05-29T18:08:43.000Z</time>
      </trkpt>
      <trkpt lat="44.213061" lon="15.497036">
        <ele>31.916284</ele>
        <time>2026-05-29T18:08:44.000Z</time>
      </trkpt>
      <trkpt lat="44.213080" lon="15.497103">
        <ele>31.926917</ele>
        <time>2026-05-29T18:08:45.000Z</time>
      </trkpt>
      <trkpt lat="44.213099" lon="15.497170">
        <ele>31.937549</ele>
        <time>2026-05-29T18:08:46.000Z</time>
      </trkpt>
      <trkpt lat="44.213117" lon="15.497238">
        <ele>31.948246</ele>
        <time>2026-05-29T18:08:47.000Z</time>
      </trkpt>
      <trkpt lat="44.213136" lon="15.497307">
        <ele>31.959154</ele>
        <time>2026-05-29T18:08:48.000Z</time>
      </trkpt>
      <trkpt lat="44.213155" lon="15.497374">
        <ele>31.969786</ele>
        <time>2026-05-29T18:08:49.000Z</time>
      </trkpt>
      <trkpt lat="44.213173" lon="15.497443">
        <ele>31.980622</ele>
        <time>2026-05-29T18:08:50.000Z</time>
      </trkpt>
      <trkpt lat="44.213190" lon="15.497511">
        <ele>31.991249</ele>
        <time>2026-05-29T18:08:51.000Z</time>
      </trkpt>
      <trkpt lat="44.213206" lon="15.497578">
        <ele>32.001670</ele>
        <time>2026-05-29T18:08:52.000Z</time>
      </trkpt>
      <trkpt lat="44.213223" lon="15.497644">
        <ele>32.012019</ele>
        <time>2026-05-29T18:08:53.000Z</time>
      </trkpt>
      <trkpt lat="44.213240" lon="15.497711">
        <ele>32.022507</ele>
        <time>2026-05-29T18:08:54.000Z</time>
      </trkpt>
      <trkpt lat="44.213254" lon="15.497779">
        <ele>32.032947</ele>
        <time>2026-05-29T18:08:55.000Z</time>
      </trkpt>
      <trkpt lat="44.213269" lon="15.497849">
        <ele>32.043728</ele>
        <time>2026-05-29T18:08:56.000Z</time>
      </trkpt>
      <trkpt lat="44.213283" lon="15.497917">
        <ele>32.054168</ele>
        <time>2026-05-29T18:08:57.000Z</time>
      </trkpt>
      <trkpt lat="44.213297" lon="15.497986">
        <ele>32.064750</ele>
        <time>2026-05-29T18:08:58.000Z</time>
      </trkpt>
      <trkpt lat="44.213312" lon="15.498057">
        <ele>32.075673</ele>
        <time>2026-05-29T18:08:59.000Z</time>
      </trkpt>
      <trkpt lat="44.213327" lon="15.498128">
        <ele>32.086596</ele>
        <time>2026-05-29T18:09:00.000Z</time>
      </trkpt>
      <trkpt lat="44.213340" lon="15.498199">
        <ele>32.097409</ele>
        <time>2026-05-29T18:09:01.000Z</time>
      </trkpt>
      <trkpt lat="44.213356" lon="15.498269">
        <ele>32.108251</ele>
        <time>2026-05-29T18:09:02.000Z</time>
      </trkpt>
      <trkpt lat="44.213372" lon="15.498339">
        <ele>32.119093</ele>
        <time>2026-05-29T18:09:03.000Z</time>
      </trkpt>
      <trkpt lat="44.213387" lon="15.498409">
        <ele>32.129874</ele>
        <time>2026-05-29T18:09:04.000Z</time>
      </trkpt>
      <trkpt lat="44.213402" lon="15.498480">
        <ele>32.140797</ele>
        <time>2026-05-29T18:09:05.000Z</time>
      </trkpt>
      <trkpt lat="44.213417" lon="15.498549">
        <ele>32.151437</ele>
        <time>2026-05-29T18:09:06.000Z</time>
      </trkpt>
      <trkpt lat="44.213434" lon="15.498618">
        <ele>32.162204</ele>
        <time>2026-05-29T18:09:07.000Z</time>
      </trkpt>
      <trkpt lat="44.213449" lon="15.498688">
        <ele>32.172985</ele>
        <time>2026-05-29T18:09:08.000Z</time>
      </trkpt>
      <trkpt lat="44.213463" lon="15.498758">
        <ele>32.183709</ele>
        <time>2026-05-29T18:09:09.000Z</time>
      </trkpt>
      <trkpt lat="44.213479" lon="15.498829">
        <ele>32.194691</ele>
        <time>2026-05-29T18:09:10.000Z</time>
      </trkpt>
      <trkpt lat="44.213494" lon="15.498902">
        <ele>32.205897</ele>
        <time>2026-05-29T18:09:11.000Z</time>
      </trkpt>
      <trkpt lat="44.213509" lon="15.498974">
        <ele>32.216962</ele>
        <time>2026-05-29T18:09:12.000Z</time>
      </trkpt>
      <trkpt lat="44.213524" lon="15.499047">
        <ele>32.228168</ele>
        <time>2026-05-29T18:09:13.000Z</time>
      </trkpt>
      <trkpt lat="44.213538" lon="15.499121">
        <ele>32.239461</ele>
        <time>2026-05-29T18:09:14.000Z</time>
      </trkpt>
      <trkpt lat="44.213553" lon="15.499193">
        <ele>32.250526</ele>
        <time>2026-05-29T18:09:15.000Z</time>
      </trkpt>
      <trkpt lat="44.213568" lon="15.499264">
        <ele>32.261448</ele>
        <time>2026-05-29T18:09:16.000Z</time>
      </trkpt>
      <trkpt lat="44.213583" lon="15.499335">
        <ele>32.272371</ele>
        <time>2026-05-29T18:09:17.000Z</time>
      </trkpt>
      <trkpt lat="44.213598" lon="15.499407">
        <ele>32.283435</ele>
        <time>2026-05-29T18:09:18.000Z</time>
      </trkpt>
      <trkpt lat="44.213613" lon="15.499478">
        <ele>32.268982</ele>
        <time>2026-05-29T18:09:19.000Z</time>
      </trkpt>
      <trkpt lat="44.213629" lon="15.499549">
        <ele>32.244528</ele>
        <time>2026-05-29T18:09:20.000Z</time>
      </trkpt>
      <trkpt lat="44.213645" lon="15.499622">
        <ele>32.219446</ele>
        <time>2026-05-29T18:09:21.000Z</time>
      </trkpt>
      <trkpt lat="44.213659" lon="15.499693">
        <ele>32.195252</ele>
        <time>2026-05-29T18:09:22.000Z</time>
      </trkpt>
      <trkpt lat="44.213674" lon="15.499763">
        <ele>32.171246</ele>
        <time>2026-05-29T18:09:23.000Z</time>
      </trkpt>
      <trkpt lat="44.213689" lon="15.499833">
        <ele>32.147241</ele>
        <time>2026-05-29T18:09:24.000Z</time>
      </trkpt>
      <trkpt lat="44.213705" lon="15.499905">
        <ele>32.122473</ele>
        <time>2026-05-29T18:09:25.000Z</time>
      </trkpt>
      <trkpt lat="44.213722" lon="15.499976">
        <ele>32.097878</ele>
        <time>2026-05-29T18:09:26.000Z</time>
      </trkpt>
      <trkpt lat="44.213739" lon="15.500047">
        <ele>32.073283</ele>
        <time>2026-05-29T18:09:27.000Z</time>
      </trkpt>
      <trkpt lat="44.213757" lon="15.500117">
        <ele>32.048848</ele>
        <time>2026-05-29T18:09:28.000Z</time>
      </trkpt>
      <trkpt lat="44.213777" lon="15.500188">
        <ele>32.023783</ele>
        <time>2026-05-29T18:09:29.000Z</time>
      </trkpt>
      <trkpt lat="44.213797" lon="15.500259">
        <ele>31.998718</ele>
        <time>2026-05-29T18:09:30.000Z</time>
      </trkpt>
      <trkpt lat="44.213817" lon="15.500330">
        <ele>31.973653</ele>
        <time>2026-05-29T18:09:31.000Z</time>
      </trkpt>
      <trkpt lat="44.213839" lon="15.500403">
        <ele>31.947634</ele>
        <time>2026-05-29T18:09:32.000Z</time>
      </trkpt>
      <trkpt lat="44.213861" lon="15.500475">
        <ele>31.921918</ele>
        <time>2026-05-29T18:09:33.000Z</time>
      </trkpt>
      <trkpt lat="44.213883" lon="15.500546">
        <ele>31.896503</ele>
        <time>2026-05-29T18:09:34.000Z</time>
      </trkpt>
      <trkpt lat="44.213907" lon="15.500620">
        <ele>31.869816</ele>
        <time>2026-05-29T18:09:35.000Z</time>
      </trkpt>
      <trkpt lat="44.213931" lon="15.500692">
        <ele>31.843727</ele>
        <time>2026-05-29T18:09:36.000Z</time>
      </trkpt>
      <trkpt lat="44.213956" lon="15.500766">
        <ele>31.816848</ele>
        <time>2026-05-29T18:09:37.000Z</time>
      </trkpt>
      <trkpt lat="44.213980" lon="15.500840">
        <ele>31.790161</ele>
        <time>2026-05-29T18:09:38.000Z</time>
      </trkpt>
      <trkpt lat="44.214006" lon="15.500915">
        <ele>31.762788</ele>
        <time>2026-05-29T18:09:39.000Z</time>
      </trkpt>
      <trkpt lat="44.214032" lon="15.500990">
        <ele>31.735414</ele>
        <time>2026-05-29T18:09:40.000Z</time>
      </trkpt>
      <trkpt lat="44.214061" lon="15.501064">
        <ele>31.707704</ele>
        <time>2026-05-29T18:09:41.000Z</time>
      </trkpt>
      <trkpt lat="44.214088" lon="15.501136">
        <ele>31.681005</ele>
        <time>2026-05-29T18:09:42.000Z</time>
      </trkpt>
      <trkpt lat="44.214113" lon="15.501209">
        <ele>31.654423</ele>
        <time>2026-05-29T18:09:43.000Z</time>
      </trkpt>
      <trkpt lat="44.214140" lon="15.501281">
        <ele>31.627724</ele>
        <time>2026-05-29T18:09:44.000Z</time>
      </trkpt>
      <trkpt lat="44.214167" lon="15.501352">
        <ele>31.601316</ele>
        <time>2026-05-29T18:09:45.000Z</time>
      </trkpt>
      <trkpt lat="44.214194" lon="15.501425">
        <ele>31.574326</ele>
        <time>2026-05-29T18:09:46.000Z</time>
      </trkpt>
      <trkpt lat="44.214221" lon="15.501496">
        <ele>31.547918</ele>
        <time>2026-05-29T18:09:47.000Z</time>
      </trkpt>
      <trkpt lat="44.214249" lon="15.501567">
        <ele>31.521292</ele>
        <time>2026-05-29T18:09:48.000Z</time>
      </trkpt>
      <trkpt lat="44.214277" lon="15.501637">
        <ele>31.494954</ele>
        <time>2026-05-29T18:09:49.000Z</time>
      </trkpt>
      <trkpt lat="44.214306" lon="15.501706">
        <ele>31.468673</ele>
        <time>2026-05-29T18:09:50.000Z</time>
      </trkpt>
      <trkpt lat="44.214333" lon="15.501776">
        <ele>31.440353</ele>
        <time>2026-05-29T18:09:51.000Z</time>
      </trkpt>
      <trkpt lat="44.214358" lon="15.501847">
        <ele>31.411416</ele>
        <time>2026-05-29T18:09:52.000Z</time>
      </trkpt>
      <trkpt lat="44.214384" lon="15.501919">
        <ele>31.381923</ele>
        <time>2026-05-29T18:09:53.000Z</time>
      </trkpt>
      <trkpt lat="44.214412" lon="15.501990">
        <ele>31.352279</ele>
        <time>2026-05-29T18:09:54.000Z</time>
      </trkpt>
      <trkpt lat="44.214440" lon="15.502061">
        <ele>31.322634</ele>
        <time>2026-05-29T18:09:55.000Z</time>
      </trkpt>
      <trkpt lat="44.214470" lon="15.502131">
        <ele>31.292799</ele>
        <time>2026-05-29T18:09:56.000Z</time>
      </trkpt>
      <trkpt lat="44.214499" lon="15.502202">
        <ele>31.262905</ele>
        <time>2026-05-29T18:09:57.000Z</time>
      </trkpt>
      <trkpt lat="44.214526" lon="15.502273">
        <ele>31.233504</ele>
        <time>2026-05-29T18:09:58.000Z</time>
      </trkpt>
      <trkpt lat="44.214554" lon="15.502344">
        <ele>31.203859</ele>
        <time>2026-05-29T18:09:59.000Z</time>
      </trkpt>
      <trkpt lat="44.214582" lon="15.502415">
        <ele>31.174215</ele>
        <time>2026-05-29T18:10:00.000Z</time>
      </trkpt>
      <trkpt lat="44.214609" lon="15.502486">
        <ele>31.144813</ele>
        <time>2026-05-29T18:10:01.000Z</time>
      </trkpt>
      <trkpt lat="44.214638" lon="15.502556">
        <ele>31.115236</ele>
        <time>2026-05-29T18:10:02.000Z</time>
      </trkpt>
      <trkpt lat="44.214665" lon="15.502626">
        <ele>31.086157</ele>
        <time>2026-05-29T18:10:03.000Z</time>
      </trkpt>
      <trkpt lat="44.214693" lon="15.502697">
        <ele>31.056513</ele>
        <time>2026-05-29T18:10:04.000Z</time>
      </trkpt>
      <trkpt lat="44.214721" lon="15.502768">
        <ele>31.026869</ele>
        <time>2026-05-29T18:10:05.000Z</time>
      </trkpt>
      <trkpt lat="44.214746" lon="15.502841">
        <ele>30.997273</ele>
        <time>2026-05-29T18:10:06.000Z</time>
      </trkpt>
      <trkpt lat="44.214773" lon="15.502916">
        <ele>30.966571</ele>
        <time>2026-05-29T18:10:07.000Z</time>
      </trkpt>
      <trkpt lat="44.214798" lon="15.502992">
        <ele>30.935981</ele>
        <time>2026-05-29T18:10:08.000Z</time>
      </trkpt>
      <trkpt lat="44.214821" lon="15.503068">
        <ele>30.905803</ele>
        <time>2026-05-29T18:10:09.000Z</time>
      </trkpt>
      <trkpt lat="44.214844" lon="15.503145">
        <ele>30.875288</ele>
        <time>2026-05-29T18:10:10.000Z</time>
      </trkpt>
      <trkpt lat="44.214867" lon="15.503221">
        <ele>30.845110</ele>
        <time>2026-05-29T18:10:11.000Z</time>
      </trkpt>
      <trkpt lat="44.214891" lon="15.503299">
        <ele>30.814059</ele>
        <time>2026-05-29T18:10:12.000Z</time>
      </trkpt>
      <trkpt lat="44.214913" lon="15.503376">
        <ele>30.783736</ele>
        <time>2026-05-29T18:10:13.000Z</time>
      </trkpt>
      <trkpt lat="44.214935" lon="15.503455">
        <ele>30.752733</ele>
        <time>2026-05-29T18:10:14.000Z</time>
      </trkpt>
      <trkpt lat="44.214953" lon="15.503534">
        <ele>30.722409</ele>
        <time>2026-05-29T18:10:15.000Z</time>
      </trkpt>
      <trkpt lat="44.214970" lon="15.503615">
        <ele>30.691535</ele>
        <time>2026-05-29T18:10:16.000Z</time>
      </trkpt>
      <trkpt lat="44.214985" lon="15.503695">
        <ele>30.661285</ele>
        <time>2026-05-29T18:10:17.000Z</time>
      </trkpt>
      <trkpt lat="44.215002" lon="15.503776">
        <ele>30.630411</ele>
        <time>2026-05-29T18:10:18.000Z</time>
      </trkpt>
      <trkpt lat="44.215020" lon="15.503857">
        <ele>30.599389</ele>
        <time>2026-05-29T18:10:19.000Z</time>
      </trkpt>
      <trkpt lat="44.215035" lon="15.503938">
        <ele>30.568786</ele>
        <time>2026-05-29T18:10:20.000Z</time>
      </trkpt>
      <trkpt lat="44.215048" lon="15.504018">
        <ele>30.533204</ele>
        <time>2026-05-29T18:10:21.000Z</time>
      </trkpt>
      <trkpt lat="44.215060" lon="15.504099">
        <ele>30.470510</ele>
        <time>2026-05-29T18:10:22.000Z</time>
      </trkpt>
      <trkpt lat="44.215073" lon="15.504181">
        <ele>30.406853</ele>
        <time>2026-05-29T18:10:23.000Z</time>
      </trkpt>
      <trkpt lat="44.215084" lon="15.504261">
        <ele>30.345109</ele>
        <time>2026-05-29T18:10:24.000Z</time>
      </trkpt>
      <trkpt lat="44.215093" lon="15.504342">
        <ele>30.282979</ele>
        <time>2026-05-29T18:10:25.000Z</time>
      </trkpt>
      <trkpt lat="44.215105" lon="15.504423">
        <ele>30.220285</ele>
        <time>2026-05-29T18:10:26.000Z</time>
      </trkpt>
      <trkpt lat="44.215117" lon="15.504505">
        <ele>30.156848</ele>
        <time>2026-05-29T18:10:27.000Z</time>
      </trkpt>
      <trkpt lat="44.215130" lon="15.504586">
        <ele>30.093932</ele>
        <time>2026-05-29T18:10:28.000Z</time>
      </trkpt>
      <trkpt lat="44.215141" lon="15.504668">
        <ele>30.030698</ele>
        <time>2026-05-29T18:10:29.000Z</time>
      </trkpt>
      <trkpt lat="44.215149" lon="15.504751">
        <ele>29.967220</ele>
        <time>2026-05-29T18:10:30.000Z</time>
      </trkpt>
      <trkpt lat="44.215158" lon="15.504832">
        <ele>29.905090</ele>
        <time>2026-05-29T18:10:31.000Z</time>
      </trkpt>
      <trkpt lat="44.215170" lon="15.504915">
        <ele>29.840911</ele>
        <time>2026-05-29T18:10:32.000Z</time>
      </trkpt>
      <trkpt lat="44.215181" lon="15.504998">
        <ele>29.776932</ele>
        <time>2026-05-29T18:10:33.000Z</time>
      </trkpt>
      <trkpt lat="44.215193" lon="15.505081">
        <ele>29.712753</ele>
        <time>2026-05-29T18:10:34.000Z</time>
      </trkpt>
      <trkpt lat="44.215204" lon="15.505164">
        <ele>29.648774</ele>
        <time>2026-05-29T18:10:35.000Z</time>
      </trkpt>
      <trkpt lat="44.215214" lon="15.505247">
        <ele>29.584979</ele>
        <time>2026-05-29T18:10:36.000Z</time>
      </trkpt>
      <trkpt lat="44.215225" lon="15.505329">
        <ele>29.521746</ele>
        <time>2026-05-29T18:10:37.000Z</time>
      </trkpt>
      <trkpt lat="44.215234" lon="15.505409">
        <ele>29.460365</ele>
        <time>2026-05-29T18:10:38.000Z</time>
      </trkpt>
      <trkpt lat="44.215245" lon="15.505492">
        <ele>29.396387</ele>
        <time>2026-05-29T18:10:39.000Z</time>
      </trkpt>
      <trkpt lat="44.215255" lon="15.505575">
        <ele>29.332592</ele>
        <time>2026-05-29T18:10:40.000Z</time>
      </trkpt>
      <trkpt lat="44.215265" lon="15.505656">
        <ele>29.270291</ele>
        <time>2026-05-29T18:10:41.000Z</time>
      </trkpt>
      <trkpt lat="44.215275" lon="15.505739">
        <ele>29.206497</ele>
        <time>2026-05-29T18:10:42.000Z</time>
      </trkpt>
      <trkpt lat="44.215285" lon="15.505820">
        <ele>29.144196</ele>
        <time>2026-05-29T18:10:43.000Z</time>
      </trkpt>
      <trkpt lat="44.215297" lon="15.505901">
        <ele>29.081503</ele>
        <time>2026-05-29T18:10:44.000Z</time>
      </trkpt>
      <trkpt lat="44.215306" lon="15.505979">
        <ele>29.021619</ele>
        <time>2026-05-29T18:10:45.000Z</time>
      </trkpt>
      <trkpt lat="44.215316" lon="15.506057">
        <ele>28.961559</ele>
        <time>2026-05-29T18:10:46.000Z</time>
      </trkpt>
      <trkpt lat="44.215325" lon="15.506130">
        <ele>28.905414</ele>
        <time>2026-05-29T18:10:47.000Z</time>
      </trkpt>
      <trkpt lat="44.215334" lon="15.506193">
        <ele>28.856722</ele>
        <time>2026-05-29T18:10:48.000Z</time>
      </trkpt>
      <trkpt lat="44.215342" lon="15.506248">
        <ele>28.814183</ele>
        <time>2026-05-29T18:10:49.000Z</time>
      </trkpt>
      <trkpt lat="44.215351" lon="15.506290">
        <ele>28.780956</ele>
        <time>2026-05-29T18:10:50.000Z</time>
      </trkpt>
      <trkpt lat="44.215367" lon="15.506314">
        <ele>28.756112</ele>
        <time>2026-05-29T18:10:51.000Z</time>
      </trkpt>
      <trkpt lat="44.215384" lon="15.506307">
        <ele>28.737367</ele>
        <time>2026-05-29T18:10:52.000Z</time>
      </trkpt>
      <trkpt lat="44.215388" lon="15.506278">
        <ele>28.714982</ele>
        <time>2026-05-29T18:10:53.000Z</time>
      </trkpt>
      <trkpt lat="44.215377" lon="15.506236">
        <ele>28.681088</ele>
        <time>2026-05-29T18:10:54.000Z</time>
      </trkpt>
      <trkpt lat="44.215355" lon="15.506202">
        <ele>28.646368</ele>
        <time>2026-05-29T18:10:55.000Z</time>
      </trkpt>
      <trkpt lat="44.215330" lon="15.506178">
        <ele>28.641812</ele>
        <time>2026-05-29T18:10:56.000Z</time>
      </trkpt>
      <trkpt lat="44.215306" lon="15.506162">
        <ele>28.641812</ele>
        <time>2026-05-29T18:10:57.000Z</time>
      </trkpt>
      <trkpt lat="44.215286" lon="15.506144">
        <ele>28.641812</ele>
        <time>2026-05-29T18:10:58.000Z</time>
      </trkpt>
      <trkpt lat="44.215268" lon="15.506132">
        <ele>28.641812</ele>
        <time>2026-05-29T18:10:59.000Z</time>
      </trkpt>
      <trkpt lat="44.215253" lon="15.506128">
        <ele>28.641812</ele>
        <time>2026-05-29T18:11:00.000Z</time>
      </trkpt>
      <trkpt lat="44.215241" lon="15.506122">
        <ele>28.641812</ele>
        <time>2026-05-29T18:11:01.000Z</time>
      </trkpt>
      <trkpt lat="44.215228" lon="15.506116">
        <ele>28.641812</ele>
        <time>2026-05-29T18:11:02.000Z</time>
      </trkpt>
      <trkpt lat="44.215211" lon="15.506113">
        <ele>28.641812</ele>
        <time>2026-05-29T18:11:03.000Z</time>
      </trkpt>
      <trkpt lat="44.215196" lon="15.506102">
        <ele>28.641812</ele>
        <time>2026-05-29T18:11:04.000Z</time>
      </trkpt>
      <trkpt lat="44.215183" lon="15.506091">
        <ele>28.641812</ele>
        <time>2026-05-29T18:11:05.000Z</time>
      </trkpt>
      <trkpt lat="44.215166" lon="15.506084">
        <ele>28.641812</ele>
        <time>2026-05-29T18:11:06.000Z</time>
      </trkpt>
      <trkpt lat="44.215148" lon="15.506076">
        <ele>28.641812</ele>
        <time>2026-05-29T18:11:07.000Z</time>
      </trkpt>
      <trkpt lat="44.215128" lon="15.506066">
        <ele>28.641812</ele>
        <time>2026-05-29T18:11:08.000Z</time>
      </trkpt>
      <trkpt lat="44.215108" lon="15.506055">
        <ele>28.641812</ele>
        <time>2026-05-29T18:11:09.000Z</time>
      </trkpt>
      <trkpt lat="44.215085" lon="15.506049">
        <ele>28.641812</ele>
        <time>2026-05-29T18:11:10.000Z</time>
      </trkpt>
      <trkpt lat="44.215061" lon="15.506047">
        <ele>28.641812</ele>
        <time>2026-05-29T18:11:11.000Z</time>
      </trkpt>
      <trkpt lat="44.215035" lon="15.506043">
        <ele>28.641812</ele>
        <time>2026-05-29T18:11:12.000Z</time>
      </trkpt>
      <trkpt lat="44.215013" lon="15.506036">
        <ele>28.641812</ele>
        <time>2026-05-29T18:11:13.000Z</time>
      </trkpt>
      <trkpt lat="44.214994" lon="15.506027">
        <ele>28.641812</ele>
        <time>2026-05-29T18:11:14.000Z</time>
      </trkpt>
      <trkpt lat="44.214978" lon="15.506017">
        <ele>28.641812</ele>
        <time>2026-05-29T18:11:15.000Z</time>
      </trkpt>
      <trkpt lat="44.214962" lon="15.506012">
        <ele>28.641812</ele>
        <time>2026-05-29T18:11:16.000Z</time>
      </trkpt>
      <trkpt lat="44.214947" lon="15.506006">
        <ele>28.641812</ele>
        <time>2026-05-29T18:11:17.000Z</time>
      </trkpt>
      <trkpt lat="44.214934" lon="15.505998">
        <ele>28.641812</ele>
        <time>2026-05-29T18:11:18.000Z</time>
      </trkpt>
      <trkpt lat="44.214923" lon="15.505994">
        <ele>28.641812</ele>
        <time>2026-05-29T18:11:19.000Z</time>
      </trkpt>
      <trkpt lat="44.214920" lon="15.505992">
        <ele>28.641812</ele>
        <time>2026-05-29T18:11:20.000Z</time>
      </trkpt>
      <trkpt lat="44.214882" lon="15.506030">
        <ele>28.641812</ele>
        <time>2026-05-29T18:11:33.000Z</time>
      </trkpt>
      <trkpt lat="44.214867" lon="15.506061">
        <ele>28.641812</ele>
        <time>2026-05-29T18:11:34.000Z</time>
      </trkpt>
      <trkpt lat="44.214851" lon="15.506093">
        <ele>28.641812</ele>
        <time>2026-05-29T18:11:35.000Z</time>
      </trkpt>
      <trkpt lat="44.214836" lon="15.506126">
        <ele>28.641812</ele>
        <time>2026-05-29T18:11:36.000Z</time>
      </trkpt>
      <trkpt lat="44.214821" lon="15.506159">
        <ele>28.641812</ele>
        <time>2026-05-29T18:11:37.000Z</time>
      </trkpt>
      <trkpt lat="44.214803" lon="15.506189">
        <ele>28.641812</ele>
        <time>2026-05-29T18:11:38.000Z</time>
      </trkpt>
      <trkpt lat="44.214784" lon="15.506221">
        <ele>28.641812</ele>
        <time>2026-05-29T18:11:39.000Z</time>
      </trkpt>
      <trkpt lat="44.214765" lon="15.506251">
        <ele>28.641812</ele>
        <time>2026-05-29T18:11:40.000Z</time>
      </trkpt>
      <trkpt lat="44.214745" lon="15.506278">
        <ele>28.641812</ele>
        <time>2026-05-29T18:11:41.000Z</time>
      </trkpt>
      <trkpt lat="44.214726" lon="15.506303">
        <ele>28.641812</ele>
        <time>2026-05-29T18:11:42.000Z</time>
      </trkpt>
      <trkpt lat="44.214710" lon="15.506329">
        <ele>28.641812</ele>
        <time>2026-05-29T18:11:43.000Z</time>
      </trkpt>
      <trkpt lat="44.214695" lon="15.506354">
        <ele>28.641812</ele>
        <time>2026-05-29T18:11:44.000Z</time>
      </trkpt>
      <trkpt lat="44.214681" lon="15.506376">
        <ele>28.641812</ele>
        <time>2026-05-29T18:11:45.000Z</time>
      </trkpt>
      <trkpt lat="44.214665" lon="15.506399">
        <ele>28.641812</ele>
        <time>2026-05-29T18:11:46.000Z</time>
      </trkpt>
      <trkpt lat="44.214648" lon="15.506425">
        <ele>28.641812</ele>
        <time>2026-05-29T18:11:47.000Z</time>
      </trkpt>
      <trkpt lat="44.214626" lon="15.506451">
        <ele>28.641812</ele>
        <time>2026-05-29T18:11:48.000Z</time>
      </trkpt>
      <trkpt lat="44.214604" lon="15.506477">
        <ele>28.641812</ele>
        <time>2026-05-29T18:11:49.000Z</time>
      </trkpt>
      <trkpt lat="44.214587" lon="15.506512">
        <ele>28.641812</ele>
        <time>2026-05-29T18:11:50.000Z</time>
      </trkpt>
      <trkpt lat="44.214567" lon="15.506548">
        <ele>28.641812</ele>
        <time>2026-05-29T18:11:51.000Z</time>
      </trkpt>
      <trkpt lat="44.214545" lon="15.506585">
        <ele>28.641812</ele>
        <time>2026-05-29T18:11:52.000Z</time>
      </trkpt>
      <trkpt lat="44.214524" lon="15.506620">
        <ele>28.641812</ele>
        <time>2026-05-29T18:11:53.000Z</time>
      </trkpt>
      <trkpt lat="44.214506" lon="15.506652">
        <ele>28.641812</ele>
        <time>2026-05-29T18:11:54.000Z</time>
      </trkpt>
      <trkpt lat="44.214490" lon="15.506686">
        <ele>28.641812</ele>
        <time>2026-05-29T18:11:55.000Z</time>
      </trkpt>
      <trkpt lat="44.214472" lon="15.506717">
        <ele>28.641812</ele>
        <time>2026-05-29T18:11:56.000Z</time>
      </trkpt>
      <trkpt lat="44.214455" lon="15.506748">
        <ele>28.641812</ele>
        <time>2026-05-29T18:11:57.000Z</time>
      </trkpt>
      <trkpt lat="44.214445" lon="15.506777">
        <ele>28.641812</ele>
        <time>2026-05-29T18:11:58.000Z</time>
      </trkpt>
      <trkpt lat="44.214435" lon="15.506808">
        <ele>28.641812</ele>
        <time>2026-05-29T18:11:59.000Z</time>
      </trkpt>
      <trkpt lat="44.214424" lon="15.506841">
        <ele>28.641812</ele>
        <time>2026-05-29T18:12:00.000Z</time>
      </trkpt>
      <trkpt lat="44.214414" lon="15.506875">
        <ele>28.641812</ele>
        <time>2026-05-29T18:12:01.000Z</time>
      </trkpt>
      <trkpt lat="44.214405" lon="15.506911">
        <ele>28.641812</ele>
        <time>2026-05-29T18:12:02.000Z</time>
      </trkpt>
      <trkpt lat="44.214395" lon="15.506946">
        <ele>28.641812</ele>
        <time>2026-05-29T18:12:03.000Z</time>
      </trkpt>
      <trkpt lat="44.214385" lon="15.506982">
        <ele>28.641812</ele>
        <time>2026-05-29T18:12:04.000Z</time>
      </trkpt>
      <trkpt lat="44.214378" lon="15.507018">
        <ele>28.641812</ele>
        <time>2026-05-29T18:12:05.000Z</time>
      </trkpt>
      <trkpt lat="44.214367" lon="15.507054">
        <ele>28.641812</ele>
        <time>2026-05-29T18:12:06.000Z</time>
      </trkpt>
      <trkpt lat="44.214357" lon="15.507088">
        <ele>28.641812</ele>
        <time>2026-05-29T18:12:07.000Z</time>
      </trkpt>
      <trkpt lat="44.214348" lon="15.507120">
        <ele>28.641812</ele>
        <time>2026-05-29T18:12:08.000Z</time>
      </trkpt>
      <trkpt lat="44.214339" lon="15.507154">
        <ele>28.641812</ele>
        <time>2026-05-29T18:12:09.000Z</time>
      </trkpt>
      <trkpt lat="44.214329" lon="15.507188">
        <ele>28.641812</ele>
        <time>2026-05-29T18:12:10.000Z</time>
      </trkpt>
      <trkpt lat="44.214315" lon="15.507221">
        <ele>28.641812</ele>
        <time>2026-05-29T18:12:11.000Z</time>
      </trkpt>
      <trkpt lat="44.214299" lon="15.507251">
        <ele>28.641812</ele>
        <time>2026-05-29T18:12:12.000Z</time>
      </trkpt>
      <trkpt lat="44.214287" lon="15.507283">
        <ele>28.641812</ele>
        <time>2026-05-29T18:12:13.000Z</time>
      </trkpt>
      <trkpt lat="44.214278" lon="15.507318">
        <ele>28.641812</ele>
        <time>2026-05-29T18:12:14.000Z</time>
      </trkpt>
      <trkpt lat="44.214269" lon="15.507353">
        <ele>28.641812</ele>
        <time>2026-05-29T18:12:15.000Z</time>
      </trkpt>
      <trkpt lat="44.214259" lon="15.507388">
        <ele>28.641812</ele>
        <time>2026-05-29T18:12:16.000Z</time>
      </trkpt>
      <trkpt lat="44.214251" lon="15.507423">
        <ele>28.641812</ele>
        <time>2026-05-29T18:12:17.000Z</time>
      </trkpt>
      <trkpt lat="44.214244" lon="15.507456">
        <ele>28.641812</ele>
        <time>2026-05-29T18:12:18.000Z</time>
      </trkpt>
      <trkpt lat="44.214241" lon="15.507487">
        <ele>28.641812</ele>
        <time>2026-05-29T18:12:19.000Z</time>
      </trkpt>
      <trkpt lat="44.214235" lon="15.507519">
        <ele>28.641812</ele>
        <time>2026-05-29T18:12:20.000Z</time>
      </trkpt>
      <trkpt lat="44.214227" lon="15.507548">
        <ele>28.641812</ele>
        <time>2026-05-29T18:12:21.000Z</time>
      </trkpt>
      <trkpt lat="44.214220" lon="15.507572">
        <ele>28.641812</ele>
        <time>2026-05-29T18:12:22.000Z</time>
      </trkpt>
      <trkpt lat="44.214215" lon="15.507592">
        <ele>28.641812</ele>
        <time>2026-05-29T18:12:23.000Z</time>
      </trkpt>
      <trkpt lat="44.214213" lon="15.507609">
        <ele>28.641812</ele>
        <time>2026-05-29T18:12:24.000Z</time>
      </trkpt>
      <trkpt lat="44.214212" lon="15.507618">
        <ele>28.641812</ele>
        <time>2026-05-29T18:12:25.000Z</time>
      </trkpt>
      <trkpt lat="44.214212" lon="15.507618">
        <ele>28.641812</ele>
        <time>2026-05-29T18:12:26.000Z</time>
      </trkpt>
      <trkpt lat="44.214212" lon="15.507618">
        <ele>28.641812</ele>
        <time>2026-05-29T18:12:27.000Z</time>
      </trkpt>
    </trkseg>
  </trk>
</gpx>